ranking_key,date,player,game,player_team,opponent,stat,side,position,matchup_projection,rotation_games_prior,minutes_l5,minutes_l10,minutes_prior_mean,starter_rate_l5,starter_rate_l10,projected_role,injury_status,lineup_confirmation,lineup_status,lineup_confidence,lineup_confidence_band,rotation_multiplier,lineup_adjusted_projection,lineup_delta,adjustment_basis,live_injury_adjustment_applied
2026-08-15|ariel atkins|los angeles sparks @ washington mystics|3pm|over,2026-08-15,Ariel Atkins,Los Angeles Sparks @ Washington Mystics,Los Angeles Sparks,Washington Mystics,3PM,OVER,G,,10,32.8,31.5,31.5,0.4,0.7,BENCH,UNAVAILABLE_NO_LIVE_SOURCE,UNAVAILABLE_NO_LIVE_SOURCE,READY,94.84,HIGH,1.014444,,,PRIOR_ONLY_ROTATION_MINUTES,False
2026-08-15|ariel atkins|los angeles sparks @ washington mystics|3pm|under,2026-08-15,Ariel Atkins,Los Angeles Sparks @ Washington Mystics,Los Angeles Sparks,Washington Mystics,3PM,UNDER,G,,10,32.8,31.5,31.5,0.4,0.7,BENCH,UNAVAILABLE_NO_LIVE_SOURCE,UNAVAILABLE_NO_LIVE_SOURCE,READY,94.84,HIGH,1.014444,,,PRIOR_ONLY_ROTATION_MINUTES,False
2026-08-15|ariel atkins|los angeles sparks @ washington mystics|ast|over,2026-08-15,Ariel Atkins,Los Angeles Sparks @ Washington Mystics,Los Angeles Sparks,Washington Mystics,AST,OVER,G,,10,32.8,31.5,31.5,0.4,0.7,BENCH,UNAVAILABLE_NO_LIVE_SOURCE,UNAVAILABLE_NO_LIVE_SOURCE,READY,94.84,HIGH,1.014444,,,PRIOR_ONLY_ROTATION_MINUTES,False
2026-08-15|ariel atkins|los angeles sparks @ washington mystics|ast|under,2026-08-15,Ariel Atkins,Los Angeles Sparks @ Washington Mystics,Los Angeles Sparks,Washington Mystics,AST,UNDER,G,,10,32.8,31.5,31.5,0.4,0.7,BENCH,UNAVAILABLE_NO_LIVE_SOURCE,UNAVAILABLE_NO_LIVE_SOURCE,READY,94.84,HIGH,1.014444,,,PRIOR_ONLY_ROTATION_MINUTES,False
2026-08-15|ariel atkins|los angeles sparks @ washington mystics|pa|over,2026-08-15,Ariel Atkins,Los Angeles Sparks @ Washington Mystics,Los Angeles Sparks,Washington Mystics,PA,OVER,G,,10,32.8,31.5,31.5,0.4,0.7,BENCH,UNAVAILABLE_NO_LIVE_SOURCE,UNAVAILABLE_NO_LIVE_SOURCE,READY,94.84,HIGH,1.014444,,,PRIOR_ONLY_ROTATION_MINUTES,False
2026-08-15|ariel atkins|los angeles sparks @ washington mystics|pa|under,2026-08-15,Ariel Atkins,Los Angeles Sparks @ Washington Mystics,Los Angeles Sparks,Washington Mystics,PA,UNDER,G,,10,32.8,31.5,31.5,0.4,0.7,BENCH,UNAVAILABLE_NO_LIVE_SOURCE,UNAVAILABLE_NO_LIVE_SOURCE,READY,94.84,HIGH,1.014444,,,PRIOR_ONLY_ROTATION_MINUTES,False
2026-08-15|ariel atkins|los angeles sparks @ washington mystics|pr|over,2026-08-15,Ariel Atkins,Los Angeles Sparks @ Washington Mystics,Los Angeles Sparks,Washington Mystics,PR,OVER,G,,10,32.8,31.5,31.5,0.4,0.7,BENCH,UNAVAILABLE_NO_LIVE_SOURCE,UNAVAILABLE_NO_LIVE_SOURCE,READY,94.84,HIGH,1.014444,,,PRIOR_ONLY_ROTATION_MINUTES,False
2026-08-15|ariel atkins|los angeles sparks @ washington mystics|pr|under,2026-08-15,Ariel Atkins,Los Angeles Sparks @ Washington Mystics,Los Angeles Sparks,Washington Mystics,PR,UNDER,G,,10,32.8,31.5,31.5,0.4,0.7,BENCH,UNAVAILABLE_NO_LIVE_SOURCE,UNAVAILABLE_NO_LIVE_SOURCE,READY,94.84,HIGH,1.014444,,,PRIOR_ONLY_ROTATION_MINUTES,False
2026-08-15|ariel atkins|los angeles sparks @ washington mystics|pra|over,2026-08-15,Ariel Atkins,Los Angeles Sparks @ Washington Mystics,Los Angeles Sparks,Washington Mystics,PRA,OVER,G,,10,32.8,31.5,31.5,0.4,0.7,BENCH,UNAVAILABLE_NO_LIVE_SOURCE,UNAVAILABLE_NO_LIVE_SOURCE,READY,94.84,HIGH,1.014444,,,PRIOR_ONLY_ROTATION_MINUTES,False
2026-08-15|ariel atkins|los angeles sparks @ washington mystics|pra|under,2026-08-15,Ariel Atkins,Los Angeles Sparks @ Washington Mystics,Los Angeles Sparks,Washington Mystics,PRA,UNDER,G,,10,32.8,31.5,31.5,0.4,0.7,BENCH,UNAVAILABLE_NO_LIVE_SOURCE,UNAVAILABLE_NO_LIVE_SOURCE,READY,94.84,HIGH,1.014444,,,PRIOR_ONLY_ROTATION_MINUTES,False
2026-08-15|ariel atkins|los angeles sparks @ washington mystics|pts|over,2026-08-15,Ariel Atkins,Los Angeles Sparks @ Washington Mystics,Los Angeles Sparks,Washington Mystics,PTS,OVER,G,,10,32.8,31.5,31.5,0.4,0.7,BENCH,UNAVAILABLE_NO_LIVE_SOURCE,UNAVAILABLE_NO_LIVE_SOURCE,READY,94.84,HIGH,1.014444,,,PRIOR_ONLY_ROTATION_MINUTES,False
2026-08-15|ariel atkins|los angeles sparks @ washington mystics|pts|over,2026-08-15,Ariel Atkins,Los Angeles Sparks @ Washington Mystics,Los Angeles Sparks,Washington Mystics,PTS,OVER,G,,10,32.8,31.5,31.5,0.4,0.7,BENCH,UNAVAILABLE_NO_LIVE_SOURCE,UNAVAILABLE_NO_LIVE_SOURCE,READY,94.84,HIGH,1.014444,,,PRIOR_ONLY_ROTATION_MINUTES,False
2026-08-15|ariel atkins|los angeles sparks @ washington mystics|pts|under,2026-08-15,Ariel Atkins,Los Angeles Sparks @ Washington Mystics,Los Angeles Sparks,Washington Mystics,PTS,UNDER,G,,10,32.8,31.5,31.5,0.4,0.7,BENCH,UNAVAILABLE_NO_LIVE_SOURCE,UNAVAILABLE_NO_LIVE_SOURCE,READY,94.84,HIGH,1.014444,,,PRIOR_ONLY_ROTATION_MINUTES,False
2026-08-15|ariel atkins|los angeles sparks @ washington mystics|ra|over,2026-08-15,Ariel Atkins,Los Angeles Sparks @ Washington Mystics,Los Angeles Sparks,Washington Mystics,RA,OVER,G,,10,32.8,31.5,31.5,0.4,0.7,BENCH,UNAVAILABLE_NO_LIVE_SOURCE,UNAVAILABLE_NO_LIVE_SOURCE,READY,94.84,HIGH,1.014444,,,PRIOR_ONLY_ROTATION_MINUTES,False
2026-08-15|ariel atkins|los angeles sparks @ washington mystics|ra|under,2026-08-15,Ariel Atkins,Los Angeles Sparks @ Washington Mystics,Los Angeles Sparks,Washington Mystics,RA,UNDER,G,,10,32.8,31.5,31.5,0.4,0.7,BENCH,UNAVAILABLE_NO_LIVE_SOURCE,UNAVAILABLE_NO_LIVE_SOURCE,READY,94.84,HIGH,1.014444,,,PRIOR_ONLY_ROTATION_MINUTES,False
2026-08-15|ariel atkins|los angeles sparks @ washington mystics|reb|over,2026-08-15,Ariel Atkins,Los Angeles Sparks @ Washington Mystics,Los Angeles Sparks,Washington Mystics,REB,OVER,G,,10,32.8,31.5,31.5,0.4,0.7,BENCH,UNAVAILABLE_NO_LIVE_SOURCE,UNAVAILABLE_NO_LIVE_SOURCE,READY,94.84,HIGH,1.014444,,,PRIOR_ONLY_ROTATION_MINUTES,False
2026-08-15|ariel atkins|los angeles sparks @ washington mystics|reb|under,2026-08-15,Ariel Atkins,Los Angeles Sparks @ Washington Mystics,Los Angeles Sparks,Washington Mystics,REB,UNDER,G,,10,32.8,31.5,31.5,0.4,0.7,BENCH,UNAVAILABLE_NO_LIVE_SOURCE,UNAVAILABLE_NO_LIVE_SOURCE,READY,94.84,HIGH,1.014444,,,PRIOR_ONLY_ROTATION_MINUTES,False
2026-08-15|cameron brink|los angeles sparks @ washington mystics|3pm|over,2026-08-15,Cameron Brink,Los Angeles Sparks @ Washington Mystics,Los Angeles Sparks,Washington Mystics,3PM,OVER,F,,6,19.8,19.0,19.0,0.0,0.0,BENCH,UNAVAILABLE_NO_LIVE_SOURCE,UNAVAILABLE_NO_LIVE_SOURCE,READY,73.26,MEDIUM,1.014737,,,PRIOR_ONLY_ROTATION_MINUTES,False
2026-08-15|cameron brink|los angeles sparks @ washington mystics|3pm|under,2026-08-15,Cameron Brink,Los Angeles Sparks @ Washington Mystics,Los Angeles Sparks,Washington Mystics,3PM,UNDER,F,,6,19.8,19.0,19.0,0.0,0.0,BENCH,UNAVAILABLE_NO_LIVE_SOURCE,UNAVAILABLE_NO_LIVE_SOURCE,READY,73.26,MEDIUM,1.014737,,,PRIOR_ONLY_ROTATION_MINUTES,False
2026-08-15|cameron brink|los angeles sparks @ washington mystics|pa|over,2026-08-15,Cameron Brink,Los Angeles Sparks @ Washington Mystics,Los Angeles Sparks,Washington Mystics,PA,OVER,F,,6,19.8,19.0,19.0,0.0,0.0,BENCH,UNAVAILABLE_NO_LIVE_SOURCE,UNAVAILABLE_NO_LIVE_SOURCE,READY,73.26,MEDIUM,1.014737,,,PRIOR_ONLY_ROTATION_MINUTES,False
2026-08-15|cameron brink|los angeles sparks @ washington mystics|pa|under,2026-08-15,Cameron Brink,Los Angeles Sparks @ Washington Mystics,Los Angeles Sparks,Washington Mystics,PA,UNDER,F,,6,19.8,19.0,19.0,0.0,0.0,BENCH,UNAVAILABLE_NO_LIVE_SOURCE,UNAVAILABLE_NO_LIVE_SOURCE,READY,73.26,MEDIUM,1.014737,,,PRIOR_ONLY_ROTATION_MINUTES,False
2026-08-15|cameron brink|los angeles sparks @ washington mystics|pr|over,2026-08-15,Cameron Brink,Los Angeles Sparks @ Washington Mystics,Los Angeles Sparks,Washington Mystics,PR,OVER,F,,6,19.8,19.0,19.0,0.0,0.0,BENCH,UNAVAILABLE_NO_LIVE_SOURCE,UNAVAILABLE_NO_LIVE_SOURCE,READY,73.26,MEDIUM,1.014737,,,PRIOR_ONLY_ROTATION_MINUTES,False
2026-08-15|cameron brink|los angeles sparks @ washington mystics|pr|under,2026-08-15,Cameron Brink,Los Angeles Sparks @ Washington Mystics,Los Angeles Sparks,Washington Mystics,PR,UNDER,F,,6,19.8,19.0,19.0,0.0,0.0,BENCH,UNAVAILABLE_NO_LIVE_SOURCE,UNAVAILABLE_NO_LIVE_SOURCE,READY,73.26,MEDIUM,1.014737,,,PRIOR_ONLY_ROTATION_MINUTES,False
2026-08-15|cameron brink|los angeles sparks @ washington mystics|pra|over,2026-08-15,Cameron Brink,Los Angeles Sparks @ Washington Mystics,Los Angeles Sparks,Washington Mystics,PRA,OVER,F,,6,19.8,19.0,19.0,0.0,0.0,BENCH,UNAVAILABLE_NO_LIVE_SOURCE,UNAVAILABLE_NO_LIVE_SOURCE,READY,73.26,MEDIUM,1.014737,,,PRIOR_ONLY_ROTATION_MINUTES,False
2026-08-15|cameron brink|los angeles sparks @ washington mystics|pra|under,2026-08-15,Cameron Brink,Los Angeles Sparks @ Washington Mystics,Los Angeles Sparks,Washington Mystics,PRA,UNDER,F,,6,19.8,19.0,19.0,0.0,0.0,BENCH,UNAVAILABLE_NO_LIVE_SOURCE,UNAVAILABLE_NO_LIVE_SOURCE,READY,73.26,MEDIUM,1.014737,,,PRIOR_ONLY_ROTATION_MINUTES,False
2026-08-15|cameron brink|los angeles sparks @ washington mystics|pts|over,2026-08-15,Cameron Brink,Los Angeles Sparks @ Washington Mystics,Los Angeles Sparks,Washington Mystics,PTS,OVER,F,,6,19.8,19.0,19.0,0.0,0.0,BENCH,UNAVAILABLE_NO_LIVE_SOURCE,UNAVAILABLE_NO_LIVE_SOURCE,READY,73.26,MEDIUM,1.014737,,,PRIOR_ONLY_ROTATION_MINUTES,False
2026-08-15|cameron brink|los angeles sparks @ washington mystics|pts|under,2026-08-15,Cameron Brink,Los Angeles Sparks @ Washington Mystics,Los Angeles Sparks,Washington Mystics,PTS,UNDER,F,,6,19.8,19.0,19.0,0.0,0.0,BENCH,UNAVAILABLE_NO_LIVE_SOURCE,UNAVAILABLE_NO_LIVE_SOURCE,READY,73.26,MEDIUM,1.014737,,,PRIOR_ONLY_ROTATION_MINUTES,False
2026-08-15|cameron brink|los angeles sparks @ washington mystics|ra|over,2026-08-15,Cameron Brink,Los Angeles Sparks @ Washington Mystics,Los Angeles Sparks,Washington Mystics,RA,OVER,F,,6,19.8,19.0,19.0,0.0,0.0,BENCH,UNAVAILABLE_NO_LIVE_SOURCE,UNAVAILABLE_NO_LIVE_SOURCE,READY,73.26,MEDIUM,1.014737,,,PRIOR_ONLY_ROTATION_MINUTES,False
2026-08-15|cameron brink|los angeles sparks @ washington mystics|ra|under,2026-08-15,Cameron Brink,Los Angeles Sparks @ Washington Mystics,Los Angeles Sparks,Washington Mystics,RA,UNDER,F,,6,19.8,19.0,19.0,0.0,0.0,BENCH,UNAVAILABLE_NO_LIVE_SOURCE,UNAVAILABLE_NO_LIVE_SOURCE,READY,73.26,MEDIUM,1.014737,,,PRIOR_ONLY_ROTATION_MINUTES,False
2026-08-15|cameron brink|los angeles sparks @ washington mystics|reb|over,2026-08-15,Cameron Brink,Los Angeles Sparks @ Washington Mystics,Los Angeles Sparks,Washington Mystics,REB,OVER,F,,6,19.8,19.0,19.0,0.0,0.0,BENCH,UNAVAILABLE_NO_LIVE_SOURCE,UNAVAILABLE_NO_LIVE_SOURCE,READY,73.26,MEDIUM,1.014737,,,PRIOR_ONLY_ROTATION_MINUTES,False
2026-08-15|cameron brink|los angeles sparks @ washington mystics|reb|under,2026-08-15,Cameron Brink,Los Angeles Sparks @ Washington Mystics,Los Angeles Sparks,Washington Mystics,REB,UNDER,F,,6,19.8,19.0,19.0,0.0,0.0,BENCH,UNAVAILABLE_NO_LIVE_SOURCE,UNAVAILABLE_NO_LIVE_SOURCE,READY,73.26,MEDIUM,1.014737,,,PRIOR_ONLY_ROTATION_MINUTES,False
2026-08-15|chance gray|los angeles sparks @ washington mystics|pts|over,2026-08-15,Chance Gray,Los Angeles Sparks @ Washington Mystics,Los Angeles Sparks,Washington Mystics,PTS,OVER,G,,9,13.0,9.889,9.889,0.0,0.0,BENCH,UNAVAILABLE_NO_LIVE_SOURCE,UNAVAILABLE_NO_LIVE_SOURCE,READY,72.47,MEDIUM,1.1,,,PRIOR_ONLY_ROTATION_MINUTES,False
2026-08-15|cotie mcmahon|los angeles sparks @ washington mystics|ast|over,2026-08-15,Cotie McMahon,Los Angeles Sparks @ Washington Mystics,Washington Mystics,Los Angeles Sparks,AST,OVER,G,,9,20.0,19.111,19.111,0.0,0.111,BENCH,UNAVAILABLE_NO_LIVE_SOURCE,UNAVAILABLE_NO_LIVE_SOURCE,READY,81.02,HIGH,1.016279,,,PRIOR_ONLY_ROTATION_MINUTES,False
2026-08-15|cotie mcmahon|los angeles sparks @ washington mystics|ast|over,2026-08-15,Cotie McMahon,Los Angeles Sparks @ Washington Mystics,Washington Mystics,Los Angeles Sparks,AST,OVER,G,,9,20.0,19.111,19.111,0.0,0.111,BENCH,UNAVAILABLE_NO_LIVE_SOURCE,UNAVAILABLE_NO_LIVE_SOURCE,READY,81.02,HIGH,1.016279,,,PRIOR_ONLY_ROTATION_MINUTES,False
2026-08-15|cotie mcmahon|los angeles sparks @ washington mystics|ast|under,2026-08-15,Cotie McMahon,Los Angeles Sparks @ Washington Mystics,Washington Mystics,Los Angeles Sparks,AST,UNDER,G,,9,20.0,19.111,19.111,0.0,0.111,BENCH,UNAVAILABLE_NO_LIVE_SOURCE,UNAVAILABLE_NO_LIVE_SOURCE,READY,81.02,HIGH,1.016279,,,PRIOR_ONLY_ROTATION_MINUTES,False
2026-08-15|cotie mcmahon|los angeles sparks @ washington mystics|pa|over,2026-08-15,Cotie McMahon,Los Angeles Sparks @ Washington Mystics,Washington Mystics,Los Angeles Sparks,PA,OVER,G,,9,20.0,19.111,19.111,0.0,0.111,BENCH,UNAVAILABLE_NO_LIVE_SOURCE,UNAVAILABLE_NO_LIVE_SOURCE,READY,81.02,HIGH,1.016279,,,PRIOR_ONLY_ROTATION_MINUTES,False
2026-08-15|cotie mcmahon|los angeles sparks @ washington mystics|pa|under,2026-08-15,Cotie McMahon,Los Angeles Sparks @ Washington Mystics,Washington Mystics,Los Angeles Sparks,PA,UNDER,G,,9,20.0,19.111,19.111,0.0,0.111,BENCH,UNAVAILABLE_NO_LIVE_SOURCE,UNAVAILABLE_NO_LIVE_SOURCE,READY,81.02,HIGH,1.016279,,,PRIOR_ONLY_ROTATION_MINUTES,False
2026-08-15|cotie mcmahon|los angeles sparks @ washington mystics|pr|over,2026-08-15,Cotie McMahon,Los Angeles Sparks @ Washington Mystics,Washington Mystics,Los Angeles Sparks,PR,OVER,G,,9,20.0,19.111,19.111,0.0,0.111,BENCH,UNAVAILABLE_NO_LIVE_SOURCE,UNAVAILABLE_NO_LIVE_SOURCE,READY,81.02,HIGH,1.016279,,,PRIOR_ONLY_ROTATION_MINUTES,False
2026-08-15|cotie mcmahon|los angeles sparks @ washington mystics|pr|under,2026-08-15,Cotie McMahon,Los Angeles Sparks @ Washington Mystics,Washington Mystics,Los Angeles Sparks,PR,UNDER,G,,9,20.0,19.111,19.111,0.0,0.111,BENCH,UNAVAILABLE_NO_LIVE_SOURCE,UNAVAILABLE_NO_LIVE_SOURCE,READY,81.02,HIGH,1.016279,,,PRIOR_ONLY_ROTATION_MINUTES,False
2026-08-15|cotie mcmahon|los angeles sparks @ washington mystics|pra|over,2026-08-15,Cotie McMahon,Los Angeles Sparks @ Washington Mystics,Washington Mystics,Los Angeles Sparks,PRA,OVER,G,,9,20.0,19.111,19.111,0.0,0.111,BENCH,UNAVAILABLE_NO_LIVE_SOURCE,UNAVAILABLE_NO_LIVE_SOURCE,READY,81.02,HIGH,1.016279,,,PRIOR_ONLY_ROTATION_MINUTES,False
2026-08-15|cotie mcmahon|los angeles sparks @ washington mystics|pra|under,2026-08-15,Cotie McMahon,Los Angeles Sparks @ Washington Mystics,Washington Mystics,Los Angeles Sparks,PRA,UNDER,G,,9,20.0,19.111,19.111,0.0,0.111,BENCH,UNAVAILABLE_NO_LIVE_SOURCE,UNAVAILABLE_NO_LIVE_SOURCE,READY,81.02,HIGH,1.016279,,,PRIOR_ONLY_ROTATION_MINUTES,False
2026-08-15|cotie mcmahon|los angeles sparks @ washington mystics|pts|over,2026-08-15,Cotie McMahon,Los Angeles Sparks @ Washington Mystics,Washington Mystics,Los Angeles Sparks,PTS,OVER,G,,9,20.0,19.111,19.111,0.0,0.111,BENCH,UNAVAILABLE_NO_LIVE_SOURCE,UNAVAILABLE_NO_LIVE_SOURCE,READY,81.02,HIGH,1.016279,,,PRIOR_ONLY_ROTATION_MINUTES,False
2026-08-15|cotie mcmahon|los angeles sparks @ washington mystics|pts|over,2026-08-15,Cotie McMahon,Los Angeles Sparks @ Washington Mystics,Washington Mystics,Los Angeles Sparks,PTS,OVER,G,,9,20.0,19.111,19.111,0.0,0.111,BENCH,UNAVAILABLE_NO_LIVE_SOURCE,UNAVAILABLE_NO_LIVE_SOURCE,READY,81.02,HIGH,1.016279,,,PRIOR_ONLY_ROTATION_MINUTES,False
2026-08-15|cotie mcmahon|los angeles sparks @ washington mystics|pts|under,2026-08-15,Cotie McMahon,Los Angeles Sparks @ Washington Mystics,Washington Mystics,Los Angeles Sparks,PTS,UNDER,G,,9,20.0,19.111,19.111,0.0,0.111,BENCH,UNAVAILABLE_NO_LIVE_SOURCE,UNAVAILABLE_NO_LIVE_SOURCE,READY,81.02,HIGH,1.016279,,,PRIOR_ONLY_ROTATION_MINUTES,False
2026-08-15|cotie mcmahon|los angeles sparks @ washington mystics|reb|over,2026-08-15,Cotie McMahon,Los Angeles Sparks @ Washington Mystics,Washington Mystics,Los Angeles Sparks,REB,OVER,G,,9,20.0,19.111,19.111,0.0,0.111,BENCH,UNAVAILABLE_NO_LIVE_SOURCE,UNAVAILABLE_NO_LIVE_SOURCE,READY,81.02,HIGH,1.016279,,,PRIOR_ONLY_ROTATION_MINUTES,False
2026-08-15|cotie mcmahon|los angeles sparks @ washington mystics|reb|under,2026-08-15,Cotie McMahon,Los Angeles Sparks @ Washington Mystics,Washington Mystics,Los Angeles Sparks,REB,UNDER,G,,9,20.0,19.111,19.111,0.0,0.111,BENCH,UNAVAILABLE_NO_LIVE_SOURCE,UNAVAILABLE_NO_LIVE_SOURCE,READY,81.02,HIGH,1.016279,,,PRIOR_ONLY_ROTATION_MINUTES,False
2026-08-15|dearica hamby|los angeles sparks @ washington mystics|ast|over,2026-08-15,Dearica Hamby,Los Angeles Sparks @ Washington Mystics,Los Angeles Sparks,Washington Mystics,AST,OVER,F,,10,28.8,30.5,30.5,0.4,0.7,BENCH,UNAVAILABLE_NO_LIVE_SOURCE,UNAVAILABLE_NO_LIVE_SOURCE,READY,95.19,HIGH,0.980492,,,PRIOR_ONLY_ROTATION_MINUTES,False
2026-08-15|dearica hamby|los angeles sparks @ washington mystics|ast|under,2026-08-15,Dearica Hamby,Los Angeles Sparks @ Washington Mystics,Los Angeles Sparks,Washington Mystics,AST,UNDER,F,,10,28.8,30.5,30.5,0.4,0.7,BENCH,UNAVAILABLE_NO_LIVE_SOURCE,UNAVAILABLE_NO_LIVE_SOURCE,READY,95.19,HIGH,0.980492,,,PRIOR_ONLY_ROTATION_MINUTES,False
2026-08-15|dearica hamby|los angeles sparks @ washington mystics|pa|over,2026-08-15,Dearica Hamby,Los Angeles Sparks @ Washington Mystics,Los Angeles Sparks,Washington Mystics,PA,OVER,F,,10,28.8,30.5,30.5,0.4,0.7,BENCH,UNAVAILABLE_NO_LIVE_SOURCE,UNAVAILABLE_NO_LIVE_SOURCE,READY,95.19,HIGH,0.980492,,,PRIOR_ONLY_ROTATION_MINUTES,False
2026-08-15|dearica hamby|los angeles sparks @ washington mystics|pa|under,2026-08-15,Dearica Hamby,Los Angeles Sparks @ Washington Mystics,Los Angeles Sparks,Washington Mystics,PA,UNDER,F,,10,28.8,30.5,30.5,0.4,0.7,BENCH,UNAVAILABLE_NO_LIVE_SOURCE,UNAVAILABLE_NO_LIVE_SOURCE,READY,95.19,HIGH,0.980492,,,PRIOR_ONLY_ROTATION_MINUTES,False
2026-08-15|dearica hamby|los angeles sparks @ washington mystics|pr|over,2026-08-15,Dearica Hamby,Los Angeles Sparks @ Washington Mystics,Los Angeles Sparks,Washington Mystics,PR,OVER,F,,10,28.8,30.5,30.5,0.4,0.7,BENCH,UNAVAILABLE_NO_LIVE_SOURCE,UNAVAILABLE_NO_LIVE_SOURCE,READY,95.19,HIGH,0.980492,,,PRIOR_ONLY_ROTATION_MINUTES,False
2026-08-15|dearica hamby|los angeles sparks @ washington mystics|pr|over,2026-08-15,Dearica Hamby,Los Angeles Sparks @ Washington Mystics,Los Angeles Sparks,Washington Mystics,PR,OVER,F,,10,28.8,30.5,30.5,0.4,0.7,BENCH,UNAVAILABLE_NO_LIVE_SOURCE,UNAVAILABLE_NO_LIVE_SOURCE,READY,95.19,HIGH,0.980492,,,PRIOR_ONLY_ROTATION_MINUTES,False
2026-08-15|dearica hamby|los angeles sparks @ washington mystics|pr|under,2026-08-15,Dearica Hamby,Los Angeles Sparks @ Washington Mystics,Los Angeles Sparks,Washington Mystics,PR,UNDER,F,,10,28.8,30.5,30.5,0.4,0.7,BENCH,UNAVAILABLE_NO_LIVE_SOURCE,UNAVAILABLE_NO_LIVE_SOURCE,READY,95.19,HIGH,0.980492,,,PRIOR_ONLY_ROTATION_MINUTES,False
2026-08-15|dearica hamby|los angeles sparks @ washington mystics|pr|under,2026-08-15,Dearica Hamby,Los Angeles Sparks @ Washington Mystics,Los Angeles Sparks,Washington Mystics,PR,UNDER,F,,10,28.8,30.5,30.5,0.4,0.7,BENCH,UNAVAILABLE_NO_LIVE_SOURCE,UNAVAILABLE_NO_LIVE_SOURCE,READY,95.19,HIGH,0.980492,,,PRIOR_ONLY_ROTATION_MINUTES,False
2026-08-15|dearica hamby|los angeles sparks @ washington mystics|pra|over,2026-08-15,Dearica Hamby,Los Angeles Sparks @ Washington Mystics,Los Angeles Sparks,Washington Mystics,PRA,OVER,F,,10,28.8,30.5,30.5,0.4,0.7,BENCH,UNAVAILABLE_NO_LIVE_SOURCE,UNAVAILABLE_NO_LIVE_SOURCE,READY,95.19,HIGH,0.980492,,,PRIOR_ONLY_ROTATION_MINUTES,False
2026-08-15|dearica hamby|los angeles sparks @ washington mystics|pra|under,2026-08-15,Dearica Hamby,Los Angeles Sparks @ Washington Mystics,Los Angeles Sparks,Washington Mystics,PRA,UNDER,F,,10,28.8,30.5,30.5,0.4,0.7,BENCH,UNAVAILABLE_NO_LIVE_SOURCE,UNAVAILABLE_NO_LIVE_SOURCE,READY,95.19,HIGH,0.980492,,,PRIOR_ONLY_ROTATION_MINUTES,False
2026-08-15|dearica hamby|los angeles sparks @ washington mystics|pts|over,2026-08-15,Dearica Hamby,Los Angeles Sparks @ Washington Mystics,Los Angeles Sparks,Washington Mystics,PTS,OVER,F,,10,28.8,30.5,30.5,0.4,0.7,BENCH,UNAVAILABLE_NO_LIVE_SOURCE,UNAVAILABLE_NO_LIVE_SOURCE,READY,95.19,HIGH,0.980492,,,PRIOR_ONLY_ROTATION_MINUTES,False
2026-08-15|dearica hamby|los angeles sparks @ washington mystics|pts|over,2026-08-15,Dearica Hamby,Los Angeles Sparks @ Washington Mystics,Los Angeles Sparks,Washington Mystics,PTS,OVER,F,,10,28.8,30.5,30.5,0.4,0.7,BENCH,UNAVAILABLE_NO_LIVE_SOURCE,UNAVAILABLE_NO_LIVE_SOURCE,READY,95.19,HIGH,0.980492,,,PRIOR_ONLY_ROTATION_MINUTES,False
2026-08-15|dearica hamby|los angeles sparks @ washington mystics|pts|under,2026-08-15,Dearica Hamby,Los Angeles Sparks @ Washington Mystics,Los Angeles Sparks,Washington Mystics,PTS,UNDER,F,,10,28.8,30.5,30.5,0.4,0.7,BENCH,UNAVAILABLE_NO_LIVE_SOURCE,UNAVAILABLE_NO_LIVE_SOURCE,READY,95.19,HIGH,0.980492,,,PRIOR_ONLY_ROTATION_MINUTES,False
2026-08-15|dearica hamby|los angeles sparks @ washington mystics|pts|under,2026-08-15,Dearica Hamby,Los Angeles Sparks @ Washington Mystics,Los Angeles Sparks,Washington Mystics,PTS,UNDER,F,,10,28.8,30.5,30.5,0.4,0.7,BENCH,UNAVAILABLE_NO_LIVE_SOURCE,UNAVAILABLE_NO_LIVE_SOURCE,READY,95.19,HIGH,0.980492,,,PRIOR_ONLY_ROTATION_MINUTES,False
2026-08-15|dearica hamby|los angeles sparks @ washington mystics|ra|over,2026-08-15,Dearica Hamby,Los Angeles Sparks @ Washington Mystics,Los Angeles Sparks,Washington Mystics,RA,OVER,F,,10,28.8,30.5,30.5,0.4,0.7,BENCH,UNAVAILABLE_NO_LIVE_SOURCE,UNAVAILABLE_NO_LIVE_SOURCE,READY,95.19,HIGH,0.980492,,,PRIOR_ONLY_ROTATION_MINUTES,False
2026-08-15|dearica hamby|los angeles sparks @ washington mystics|ra|over,2026-08-15,Dearica Hamby,Los Angeles Sparks @ Washington Mystics,Los Angeles Sparks,Washington Mystics,RA,OVER,F,,10,28.8,30.5,30.5,0.4,0.7,BENCH,UNAVAILABLE_NO_LIVE_SOURCE,UNAVAILABLE_NO_LIVE_SOURCE,READY,95.19,HIGH,0.980492,,,PRIOR_ONLY_ROTATION_MINUTES,False
2026-08-15|dearica hamby|los angeles sparks @ washington mystics|ra|under,2026-08-15,Dearica Hamby,Los Angeles Sparks @ Washington Mystics,Los Angeles Sparks,Washington Mystics,RA,UNDER,F,,10,28.8,30.5,30.5,0.4,0.7,BENCH,UNAVAILABLE_NO_LIVE_SOURCE,UNAVAILABLE_NO_LIVE_SOURCE,READY,95.19,HIGH,0.980492,,,PRIOR_ONLY_ROTATION_MINUTES,False
2026-08-15|dearica hamby|los angeles sparks @ washington mystics|ra|under,2026-08-15,Dearica Hamby,Los Angeles Sparks @ Washington Mystics,Los Angeles Sparks,Washington Mystics,RA,UNDER,F,,10,28.8,30.5,30.5,0.4,0.7,BENCH,UNAVAILABLE_NO_LIVE_SOURCE,UNAVAILABLE_NO_LIVE_SOURCE,READY,95.19,HIGH,0.980492,,,PRIOR_ONLY_ROTATION_MINUTES,False
2026-08-15|dearica hamby|los angeles sparks @ washington mystics|reb|over,2026-08-15,Dearica Hamby,Los Angeles Sparks @ Washington Mystics,Los Angeles Sparks,Washington Mystics,REB,OVER,F,,10,28.8,30.5,30.5,0.4,0.7,BENCH,UNAVAILABLE_NO_LIVE_SOURCE,UNAVAILABLE_NO_LIVE_SOURCE,READY,95.19,HIGH,0.980492,,,PRIOR_ONLY_ROTATION_MINUTES,False
2026-08-15|dearica hamby|los angeles sparks @ washington mystics|reb|under,2026-08-15,Dearica Hamby,Los Angeles Sparks @ Washington Mystics,Los Angeles Sparks,Washington Mystics,REB,UNDER,F,,10,28.8,30.5,30.5,0.4,0.7,BENCH,UNAVAILABLE_NO_LIVE_SOURCE,UNAVAILABLE_NO_LIVE_SOURCE,READY,95.19,HIGH,0.980492,,,PRIOR_ONLY_ROTATION_MINUTES,False
2026-08-15|erica wheeler|los angeles sparks @ washington mystics|3pm|over,2026-08-15,Erica Wheeler,Los Angeles Sparks @ Washington Mystics,Los Angeles Sparks,Washington Mystics,3PM,OVER,G,,10,29.6,29.1,29.1,0.4,0.7,BENCH,UNAVAILABLE_NO_LIVE_SOURCE,UNAVAILABLE_NO_LIVE_SOURCE,READY,95.24,HIGH,1.006014,,,PRIOR_ONLY_ROTATION_MINUTES,False
2026-08-15|erica wheeler|los angeles sparks @ washington mystics|3pm|under,2026-08-15,Erica Wheeler,Los Angeles Sparks @ Washington Mystics,Los Angeles Sparks,Washington Mystics,3PM,UNDER,G,,10,29.6,29.1,29.1,0.4,0.7,BENCH,UNAVAILABLE_NO_LIVE_SOURCE,UNAVAILABLE_NO_LIVE_SOURCE,READY,95.24,HIGH,1.006014,,,PRIOR_ONLY_ROTATION_MINUTES,False
2026-08-15|erica wheeler|los angeles sparks @ washington mystics|ast|over,2026-08-15,Erica Wheeler,Los Angeles Sparks @ Washington Mystics,Los Angeles Sparks,Washington Mystics,AST,OVER,G,,10,29.6,29.1,29.1,0.4,0.7,BENCH,UNAVAILABLE_NO_LIVE_SOURCE,UNAVAILABLE_NO_LIVE_SOURCE,READY,95.24,HIGH,1.006014,,,PRIOR_ONLY_ROTATION_MINUTES,False
2026-08-15|erica wheeler|los angeles sparks @ washington mystics|ast|under,2026-08-15,Erica Wheeler,Los Angeles Sparks @ Washington Mystics,Los Angeles Sparks,Washington Mystics,AST,UNDER,G,,10,29.6,29.1,29.1,0.4,0.7,BENCH,UNAVAILABLE_NO_LIVE_SOURCE,UNAVAILABLE_NO_LIVE_SOURCE,READY,95.24,HIGH,1.006014,,,PRIOR_ONLY_ROTATION_MINUTES,False
2026-08-15|erica wheeler|los angeles sparks @ washington mystics|pa|over,2026-08-15,Erica Wheeler,Los Angeles Sparks @ Washington Mystics,Los Angeles Sparks,Washington Mystics,PA,OVER,G,,10,29.6,29.1,29.1,0.4,0.7,BENCH,UNAVAILABLE_NO_LIVE_SOURCE,UNAVAILABLE_NO_LIVE_SOURCE,READY,95.24,HIGH,1.006014,,,PRIOR_ONLY_ROTATION_MINUTES,False
2026-08-15|erica wheeler|los angeles sparks @ washington mystics|pa|under,2026-08-15,Erica Wheeler,Los Angeles Sparks @ Washington Mystics,Los Angeles Sparks,Washington Mystics,PA,UNDER,G,,10,29.6,29.1,29.1,0.4,0.7,BENCH,UNAVAILABLE_NO_LIVE_SOURCE,UNAVAILABLE_NO_LIVE_SOURCE,READY,95.24,HIGH,1.006014,,,PRIOR_ONLY_ROTATION_MINUTES,False
2026-08-15|erica wheeler|los angeles sparks @ washington mystics|pr|over,2026-08-15,Erica Wheeler,Los Angeles Sparks @ Washington Mystics,Los Angeles Sparks,Washington Mystics,PR,OVER,G,,10,29.6,29.1,29.1,0.4,0.7,BENCH,UNAVAILABLE_NO_LIVE_SOURCE,UNAVAILABLE_NO_LIVE_SOURCE,READY,95.24,HIGH,1.006014,,,PRIOR_ONLY_ROTATION_MINUTES,False
2026-08-15|erica wheeler|los angeles sparks @ washington mystics|pr|under,2026-08-15,Erica Wheeler,Los Angeles Sparks @ Washington Mystics,Los Angeles Sparks,Washington Mystics,PR,UNDER,G,,10,29.6,29.1,29.1,0.4,0.7,BENCH,UNAVAILABLE_NO_LIVE_SOURCE,UNAVAILABLE_NO_LIVE_SOURCE,READY,95.24,HIGH,1.006014,,,PRIOR_ONLY_ROTATION_MINUTES,False
2026-08-15|erica wheeler|los angeles sparks @ washington mystics|pra|over,2026-08-15,Erica Wheeler,Los Angeles Sparks @ Washington Mystics,Los Angeles Sparks,Washington Mystics,PRA,OVER,G,,10,29.6,29.1,29.1,0.4,0.7,BENCH,UNAVAILABLE_NO_LIVE_SOURCE,UNAVAILABLE_NO_LIVE_SOURCE,READY,95.24,HIGH,1.006014,,,PRIOR_ONLY_ROTATION_MINUTES,False
2026-08-15|erica wheeler|los angeles sparks @ washington mystics|pra|under,2026-08-15,Erica Wheeler,Los Angeles Sparks @ Washington Mystics,Los Angeles Sparks,Washington Mystics,PRA,UNDER,G,,10,29.6,29.1,29.1,0.4,0.7,BENCH,UNAVAILABLE_NO_LIVE_SOURCE,UNAVAILABLE_NO_LIVE_SOURCE,READY,95.24,HIGH,1.006014,,,PRIOR_ONLY_ROTATION_MINUTES,False
2026-08-15|erica wheeler|los angeles sparks @ washington mystics|pts|over,2026-08-15,Erica Wheeler,Los Angeles Sparks @ Washington Mystics,Los Angeles Sparks,Washington Mystics,PTS,OVER,G,,10,29.6,29.1,29.1,0.4,0.7,BENCH,UNAVAILABLE_NO_LIVE_SOURCE,UNAVAILABLE_NO_LIVE_SOURCE,READY,95.24,HIGH,1.006014,,,PRIOR_ONLY_ROTATION_MINUTES,False
2026-08-15|erica wheeler|los angeles sparks @ washington mystics|pts|over,2026-08-15,Erica Wheeler,Los Angeles Sparks @ Washington Mystics,Los Angeles Sparks,Washington Mystics,PTS,OVER,G,,10,29.6,29.1,29.1,0.4,0.7,BENCH,UNAVAILABLE_NO_LIVE_SOURCE,UNAVAILABLE_NO_LIVE_SOURCE,READY,95.24,HIGH,1.006014,,,PRIOR_ONLY_ROTATION_MINUTES,False
2026-08-15|erica wheeler|los angeles sparks @ washington mystics|pts|under,2026-08-15,Erica Wheeler,Los Angeles Sparks @ Washington Mystics,Los Angeles Sparks,Washington Mystics,PTS,UNDER,G,,10,29.6,29.1,29.1,0.4,0.7,BENCH,UNAVAILABLE_NO_LIVE_SOURCE,UNAVAILABLE_NO_LIVE_SOURCE,READY,95.24,HIGH,1.006014,,,PRIOR_ONLY_ROTATION_MINUTES,False
2026-08-15|erica wheeler|los angeles sparks @ washington mystics|ra|over,2026-08-15,Erica Wheeler,Los Angeles Sparks @ Washington Mystics,Los Angeles Sparks,Washington Mystics,RA,OVER,G,,10,29.6,29.1,29.1,0.4,0.7,BENCH,UNAVAILABLE_NO_LIVE_SOURCE,UNAVAILABLE_NO_LIVE_SOURCE,READY,95.24,HIGH,1.006014,,,PRIOR_ONLY_ROTATION_MINUTES,False
2026-08-15|erica wheeler|los angeles sparks @ washington mystics|ra|under,2026-08-15,Erica Wheeler,Los Angeles Sparks @ Washington Mystics,Los Angeles Sparks,Washington Mystics,RA,UNDER,G,,10,29.6,29.1,29.1,0.4,0.7,BENCH,UNAVAILABLE_NO_LIVE_SOURCE,UNAVAILABLE_NO_LIVE_SOURCE,READY,95.24,HIGH,1.006014,,,PRIOR_ONLY_ROTATION_MINUTES,False
2026-08-15|georgia amoore|los angeles sparks @ washington mystics|3pm|over,2026-08-15,Georgia Amoore,Los Angeles Sparks @ Washington Mystics,Washington Mystics,Los Angeles Sparks,3PM,OVER,G,,9,23.6,22.222,22.222,0.2,0.556,BENCH,UNAVAILABLE_NO_LIVE_SOURCE,UNAVAILABLE_NO_LIVE_SOURCE,READY,87.9,HIGH,1.0217,,,PRIOR_ONLY_ROTATION_MINUTES,False
2026-08-15|georgia amoore|los angeles sparks @ washington mystics|3pm|over,2026-08-15,Georgia Amoore,Los Angeles Sparks @ Washington Mystics,Washington Mystics,Los Angeles Sparks,3PM,OVER,G,,9,23.6,22.222,22.222,0.2,0.556,BENCH,UNAVAILABLE_NO_LIVE_SOURCE,UNAVAILABLE_NO_LIVE_SOURCE,READY,87.9,HIGH,1.0217,,,PRIOR_ONLY_ROTATION_MINUTES,False
2026-08-15|georgia amoore|los angeles sparks @ washington mystics|3pm|under,2026-08-15,Georgia Amoore,Los Angeles Sparks @ Washington Mystics,Washington Mystics,Los Angeles Sparks,3PM,UNDER,G,,9,23.6,22.222,22.222,0.2,0.556,BENCH,UNAVAILABLE_NO_LIVE_SOURCE,UNAVAILABLE_NO_LIVE_SOURCE,READY,87.9,HIGH,1.0217,,,PRIOR_ONLY_ROTATION_MINUTES,False
2026-08-15|georgia amoore|los angeles sparks @ washington mystics|ast|over,2026-08-15,Georgia Amoore,Los Angeles Sparks @ Washington Mystics,Washington Mystics,Los Angeles Sparks,AST,OVER,G,,9,23.6,22.222,22.222,0.2,0.556,BENCH,UNAVAILABLE_NO_LIVE_SOURCE,UNAVAILABLE_NO_LIVE_SOURCE,READY,87.9,HIGH,1.0217,,,PRIOR_ONLY_ROTATION_MINUTES,False
2026-08-15|georgia amoore|los angeles sparks @ washington mystics|ast|over,2026-08-15,Georgia Amoore,Los Angeles Sparks @ Washington Mystics,Washington Mystics,Los Angeles Sparks,AST,OVER,G,,9,23.6,22.222,22.222,0.2,0.556,BENCH,UNAVAILABLE_NO_LIVE_SOURCE,UNAVAILABLE_NO_LIVE_SOURCE,READY,87.9,HIGH,1.0217,,,PRIOR_ONLY_ROTATION_MINUTES,False
2026-08-15|georgia amoore|los angeles sparks @ washington mystics|ast|under,2026-08-15,Georgia Amoore,Los Angeles Sparks @ Washington Mystics,Washington Mystics,Los Angeles Sparks,AST,UNDER,G,,9,23.6,22.222,22.222,0.2,0.556,BENCH,UNAVAILABLE_NO_LIVE_SOURCE,UNAVAILABLE_NO_LIVE_SOURCE,READY,87.9,HIGH,1.0217,,,PRIOR_ONLY_ROTATION_MINUTES,False
2026-08-15|georgia amoore|los angeles sparks @ washington mystics|pa|over,2026-08-15,Georgia Amoore,Los Angeles Sparks @ Washington Mystics,Washington Mystics,Los Angeles Sparks,PA,OVER,G,,9,23.6,22.222,22.222,0.2,0.556,BENCH,UNAVAILABLE_NO_LIVE_SOURCE,UNAVAILABLE_NO_LIVE_SOURCE,READY,87.9,HIGH,1.0217,,,PRIOR_ONLY_ROTATION_MINUTES,False
2026-08-15|georgia amoore|los angeles sparks @ washington mystics|pa|under,2026-08-15,Georgia Amoore,Los Angeles Sparks @ Washington Mystics,Washington Mystics,Los Angeles Sparks,PA,UNDER,G,,9,23.6,22.222,22.222,0.2,0.556,BENCH,UNAVAILABLE_NO_LIVE_SOURCE,UNAVAILABLE_NO_LIVE_SOURCE,READY,87.9,HIGH,1.0217,,,PRIOR_ONLY_ROTATION_MINUTES,False
2026-08-15|georgia amoore|los angeles sparks @ washington mystics|pts|over,2026-08-15,Georgia Amoore,Los Angeles Sparks @ Washington Mystics,Washington Mystics,Los Angeles Sparks,PTS,OVER,G,,9,23.6,22.222,22.222,0.2,0.556,BENCH,UNAVAILABLE_NO_LIVE_SOURCE,UNAVAILABLE_NO_LIVE_SOURCE,READY,87.9,HIGH,1.0217,,,PRIOR_ONLY_ROTATION_MINUTES,False
2026-08-15|georgia amoore|los angeles sparks @ washington mystics|pts|under,2026-08-15,Georgia Amoore,Los Angeles Sparks @ Washington Mystics,Washington Mystics,Los Angeles Sparks,PTS,UNDER,G,,9,23.6,22.222,22.222,0.2,0.556,BENCH,UNAVAILABLE_NO_LIVE_SOURCE,UNAVAILABLE_NO_LIVE_SOURCE,READY,87.9,HIGH,1.0217,,,PRIOR_ONLY_ROTATION_MINUTES,False
2026-08-15|kiki iriafen|los angeles sparks @ washington mystics|pa|over,2026-08-15,Kiki Iriafen,Los Angeles Sparks @ Washington Mystics,Washington Mystics,Los Angeles Sparks,PA,OVER,F,,9,28.2,28.0,28.0,0.2,0.556,BENCH,UNAVAILABLE_NO_LIVE_SOURCE,UNAVAILABLE_NO_LIVE_SOURCE,READY,89.36,HIGH,1.0025,,,PRIOR_ONLY_ROTATION_MINUTES,False
2026-08-15|kiki iriafen|los angeles sparks @ washington mystics|pa|under,2026-08-15,Kiki Iriafen,Los Angeles Sparks @ Washington Mystics,Washington Mystics,Los Angeles Sparks,PA,UNDER,F,,9,28.2,28.0,28.0,0.2,0.556,BENCH,UNAVAILABLE_NO_LIVE_SOURCE,UNAVAILABLE_NO_LIVE_SOURCE,READY,89.36,HIGH,1.0025,,,PRIOR_ONLY_ROTATION_MINUTES,False
2026-08-15|kiki iriafen|los angeles sparks @ washington mystics|pr|over,2026-08-15,Kiki Iriafen,Los Angeles Sparks @ Washington Mystics,Washington Mystics,Los Angeles Sparks,PR,OVER,F,,9,28.2,28.0,28.0,0.2,0.556,BENCH,UNAVAILABLE_NO_LIVE_SOURCE,UNAVAILABLE_NO_LIVE_SOURCE,READY,89.36,HIGH,1.0025,,,PRIOR_ONLY_ROTATION_MINUTES,False
2026-08-15|kiki iriafen|los angeles sparks @ washington mystics|pr|over,2026-08-15,Kiki Iriafen,Los Angeles Sparks @ Washington Mystics,Washington Mystics,Los Angeles Sparks,PR,OVER,F,,9,28.2,28.0,28.0,0.2,0.556,BENCH,UNAVAILABLE_NO_LIVE_SOURCE,UNAVAILABLE_NO_LIVE_SOURCE,READY,89.36,HIGH,1.0025,,,PRIOR_ONLY_ROTATION_MINUTES,False
2026-08-15|kiki iriafen|los angeles sparks @ washington mystics|pr|under,2026-08-15,Kiki Iriafen,Los Angeles Sparks @ Washington Mystics,Washington Mystics,Los Angeles Sparks,PR,UNDER,F,,9,28.2,28.0,28.0,0.2,0.556,BENCH,UNAVAILABLE_NO_LIVE_SOURCE,UNAVAILABLE_NO_LIVE_SOURCE,READY,89.36,HIGH,1.0025,,,PRIOR_ONLY_ROTATION_MINUTES,False
2026-08-15|kiki iriafen|los angeles sparks @ washington mystics|pr|under,2026-08-15,Kiki Iriafen,Los Angeles Sparks @ Washington Mystics,Washington Mystics,Los Angeles Sparks,PR,UNDER,F,,9,28.2,28.0,28.0,0.2,0.556,BENCH,UNAVAILABLE_NO_LIVE_SOURCE,UNAVAILABLE_NO_LIVE_SOURCE,READY,89.36,HIGH,1.0025,,,PRIOR_ONLY_ROTATION_MINUTES,False
2026-08-15|kiki iriafen|los angeles sparks @ washington mystics|pra|over,2026-08-15,Kiki Iriafen,Los Angeles Sparks @ Washington Mystics,Washington Mystics,Los Angeles Sparks,PRA,OVER,F,,9,28.2,28.0,28.0,0.2,0.556,BENCH,UNAVAILABLE_NO_LIVE_SOURCE,UNAVAILABLE_NO_LIVE_SOURCE,READY,89.36,HIGH,1.0025,,,PRIOR_ONLY_ROTATION_MINUTES,False
2026-08-15|kiki iriafen|los angeles sparks @ washington mystics|pra|over,2026-08-15,Kiki Iriafen,Los Angeles Sparks @ Washington Mystics,Washington Mystics,Los Angeles Sparks,PRA,OVER,F,,9,28.2,28.0,28.0,0.2,0.556,BENCH,UNAVAILABLE_NO_LIVE_SOURCE,UNAVAILABLE_NO_LIVE_SOURCE,READY,89.36,HIGH,1.0025,,,PRIOR_ONLY_ROTATION_MINUTES,False
2026-08-15|kiki iriafen|los angeles sparks @ washington mystics|pra|under,2026-08-15,Kiki Iriafen,Los Angeles Sparks @ Washington Mystics,Washington Mystics,Los Angeles Sparks,PRA,UNDER,F,,9,28.2,28.0,28.0,0.2,0.556,BENCH,UNAVAILABLE_NO_LIVE_SOURCE,UNAVAILABLE_NO_LIVE_SOURCE,READY,89.36,HIGH,1.0025,,,PRIOR_ONLY_ROTATION_MINUTES,False
2026-08-15|kiki iriafen|los angeles sparks @ washington mystics|pra|under,2026-08-15,Kiki Iriafen,Los Angeles Sparks @ Washington Mystics,Washington Mystics,Los Angeles Sparks,PRA,UNDER,F,,9,28.2,28.0,28.0,0.2,0.556,BENCH,UNAVAILABLE_NO_LIVE_SOURCE,UNAVAILABLE_NO_LIVE_SOURCE,READY,89.36,HIGH,1.0025,,,PRIOR_ONLY_ROTATION_MINUTES,False
2026-08-15|kiki iriafen|los angeles sparks @ washington mystics|pts|over,2026-08-15,Kiki Iriafen,Los Angeles Sparks @ Washington Mystics,Washington Mystics,Los Angeles Sparks,PTS,OVER,F,,9,28.2,28.0,28.0,0.2,0.556,BENCH,UNAVAILABLE_NO_LIVE_SOURCE,UNAVAILABLE_NO_LIVE_SOURCE,READY,89.36,HIGH,1.0025,,,PRIOR_ONLY_ROTATION_MINUTES,False
2026-08-15|kiki iriafen|los angeles sparks @ washington mystics|pts|over,2026-08-15,Kiki Iriafen,Los Angeles Sparks @ Washington Mystics,Washington Mystics,Los Angeles Sparks,PTS,OVER,F,,9,28.2,28.0,28.0,0.2,0.556,BENCH,UNAVAILABLE_NO_LIVE_SOURCE,UNAVAILABLE_NO_LIVE_SOURCE,READY,89.36,HIGH,1.0025,,,PRIOR_ONLY_ROTATION_MINUTES,False
2026-08-15|kiki iriafen|los angeles sparks @ washington mystics|pts|over,2026-08-15,Kiki Iriafen,Los Angeles Sparks @ Washington Mystics,Washington Mystics,Los Angeles Sparks,PTS,OVER,F,,9,28.2,28.0,28.0,0.2,0.556,BENCH,UNAVAILABLE_NO_LIVE_SOURCE,UNAVAILABLE_NO_LIVE_SOURCE,READY,89.36,HIGH,1.0025,,,PRIOR_ONLY_ROTATION_MINUTES,False
2026-08-15|kiki iriafen|los angeles sparks @ washington mystics|pts|under,2026-08-15,Kiki Iriafen,Los Angeles Sparks @ Washington Mystics,Washington Mystics,Los Angeles Sparks,PTS,UNDER,F,,9,28.2,28.0,28.0,0.2,0.556,BENCH,UNAVAILABLE_NO_LIVE_SOURCE,UNAVAILABLE_NO_LIVE_SOURCE,READY,89.36,HIGH,1.0025,,,PRIOR_ONLY_ROTATION_MINUTES,False
2026-08-15|kiki iriafen|los angeles sparks @ washington mystics|ra|over,2026-08-15,Kiki Iriafen,Los Angeles Sparks @ Washington Mystics,Washington Mystics,Los Angeles Sparks,RA,OVER,F,,9,28.2,28.0,28.0,0.2,0.556,BENCH,UNAVAILABLE_NO_LIVE_SOURCE,UNAVAILABLE_NO_LIVE_SOURCE,READY,89.36,HIGH,1.0025,,,PRIOR_ONLY_ROTATION_MINUTES,False
2026-08-15|kiki iriafen|los angeles sparks @ washington mystics|ra|under,2026-08-15,Kiki Iriafen,Los Angeles Sparks @ Washington Mystics,Washington Mystics,Los Angeles Sparks,RA,UNDER,F,,9,28.2,28.0,28.0,0.2,0.556,BENCH,UNAVAILABLE_NO_LIVE_SOURCE,UNAVAILABLE_NO_LIVE_SOURCE,READY,89.36,HIGH,1.0025,,,PRIOR_ONLY_ROTATION_MINUTES,False
2026-08-15|kiki iriafen|los angeles sparks @ washington mystics|reb|over,2026-08-15,Kiki Iriafen,Los Angeles Sparks @ Washington Mystics,Washington Mystics,Los Angeles Sparks,REB,OVER,F,,9,28.2,28.0,28.0,0.2,0.556,BENCH,UNAVAILABLE_NO_LIVE_SOURCE,UNAVAILABLE_NO_LIVE_SOURCE,READY,89.36,HIGH,1.0025,,,PRIOR_ONLY_ROTATION_MINUTES,False
2026-08-15|kiki iriafen|los angeles sparks @ washington mystics|reb|over,2026-08-15,Kiki Iriafen,Los Angeles Sparks @ Washington Mystics,Washington Mystics,Los Angeles Sparks,REB,OVER,F,,9,28.2,28.0,28.0,0.2,0.556,BENCH,UNAVAILABLE_NO_LIVE_SOURCE,UNAVAILABLE_NO_LIVE_SOURCE,READY,89.36,HIGH,1.0025,,,PRIOR_ONLY_ROTATION_MINUTES,False
2026-08-15|kiki iriafen|los angeles sparks @ washington mystics|reb|under,2026-08-15,Kiki Iriafen,Los Angeles Sparks @ Washington Mystics,Washington Mystics,Los Angeles Sparks,REB,UNDER,F,,9,28.2,28.0,28.0,0.2,0.556,BENCH,UNAVAILABLE_NO_LIVE_SOURCE,UNAVAILABLE_NO_LIVE_SOURCE,READY,89.36,HIGH,1.0025,,,PRIOR_ONLY_ROTATION_MINUTES,False
2026-08-15|lauren betts|los angeles sparks @ washington mystics|pr|over,2026-08-15,Lauren Betts,Los Angeles Sparks @ Washington Mystics,Washington Mystics,Los Angeles Sparks,PR,OVER,C,,9,17.2,16.667,16.667,0.0,0.0,BENCH,UNAVAILABLE_NO_LIVE_SOURCE,UNAVAILABLE_NO_LIVE_SOURCE,READY,86.55,HIGH,1.0112,,,PRIOR_ONLY_ROTATION_MINUTES,False
2026-08-15|lauren betts|los angeles sparks @ washington mystics|pr|under,2026-08-15,Lauren Betts,Los Angeles Sparks @ Washington Mystics,Washington Mystics,Los Angeles Sparks,PR,UNDER,C,,9,17.2,16.667,16.667,0.0,0.0,BENCH,UNAVAILABLE_NO_LIVE_SOURCE,UNAVAILABLE_NO_LIVE_SOURCE,READY,86.55,HIGH,1.0112,,,PRIOR_ONLY_ROTATION_MINUTES,False
2026-08-15|lauren betts|los angeles sparks @ washington mystics|pts|over,2026-08-15,Lauren Betts,Los Angeles Sparks @ Washington Mystics,Washington Mystics,Los Angeles Sparks,PTS,OVER,C,,9,17.2,16.667,16.667,0.0,0.0,BENCH,UNAVAILABLE_NO_LIVE_SOURCE,UNAVAILABLE_NO_LIVE_SOURCE,READY,86.55,HIGH,1.0112,,,PRIOR_ONLY_ROTATION_MINUTES,False
2026-08-15|lauren betts|los angeles sparks @ washington mystics|pts|over,2026-08-15,Lauren Betts,Los Angeles Sparks @ Washington Mystics,Washington Mystics,Los Angeles Sparks,PTS,OVER,C,,9,17.2,16.667,16.667,0.0,0.0,BENCH,UNAVAILABLE_NO_LIVE_SOURCE,UNAVAILABLE_NO_LIVE_SOURCE,READY,86.55,HIGH,1.0112,,,PRIOR_ONLY_ROTATION_MINUTES,False
2026-08-15|lauren betts|los angeles sparks @ washington mystics|pts|under,2026-08-15,Lauren Betts,Los Angeles Sparks @ Washington Mystics,Washington Mystics,Los Angeles Sparks,PTS,UNDER,C,,9,17.2,16.667,16.667,0.0,0.0,BENCH,UNAVAILABLE_NO_LIVE_SOURCE,UNAVAILABLE_NO_LIVE_SOURCE,READY,86.55,HIGH,1.0112,,,PRIOR_ONLY_ROTATION_MINUTES,False
2026-08-15|lauren betts|los angeles sparks @ washington mystics|reb|over,2026-08-15,Lauren Betts,Los Angeles Sparks @ Washington Mystics,Washington Mystics,Los Angeles Sparks,REB,OVER,C,,9,17.2,16.667,16.667,0.0,0.0,BENCH,UNAVAILABLE_NO_LIVE_SOURCE,UNAVAILABLE_NO_LIVE_SOURCE,READY,86.55,HIGH,1.0112,,,PRIOR_ONLY_ROTATION_MINUTES,False
2026-08-15|lauren betts|los angeles sparks @ washington mystics|reb|over,2026-08-15,Lauren Betts,Los Angeles Sparks @ Washington Mystics,Washington Mystics,Los Angeles Sparks,REB,OVER,C,,9,17.2,16.667,16.667,0.0,0.0,BENCH,UNAVAILABLE_NO_LIVE_SOURCE,UNAVAILABLE_NO_LIVE_SOURCE,READY,86.55,HIGH,1.0112,,,PRIOR_ONLY_ROTATION_MINUTES,False
2026-08-15|lauren betts|los angeles sparks @ washington mystics|reb|under,2026-08-15,Lauren Betts,Los Angeles Sparks @ Washington Mystics,Washington Mystics,Los Angeles Sparks,REB,UNDER,C,,9,17.2,16.667,16.667,0.0,0.0,BENCH,UNAVAILABLE_NO_LIVE_SOURCE,UNAVAILABLE_NO_LIVE_SOURCE,READY,86.55,HIGH,1.0112,,,PRIOR_ONLY_ROTATION_MINUTES,False
2026-08-15|michaela onyenwere|los angeles sparks @ washington mystics|3pm|over,2026-08-15,Michaela Onyenwere,Los Angeles Sparks @ Washington Mystics,Washington Mystics,Los Angeles Sparks,3PM,OVER,F,,9,31.2,28.556,28.556,0.2,0.556,BENCH,UNAVAILABLE_NO_LIVE_SOURCE,UNAVAILABLE_NO_LIVE_SOURCE,READY,89.14,HIGH,1.032412,,,PRIOR_ONLY_ROTATION_MINUTES,False
2026-08-15|michaela onyenwere|los angeles sparks @ washington mystics|3pm|under,2026-08-15,Michaela Onyenwere,Los Angeles Sparks @ Washington Mystics,Washington Mystics,Los Angeles Sparks,3PM,UNDER,F,,9,31.2,28.556,28.556,0.2,0.556,BENCH,UNAVAILABLE_NO_LIVE_SOURCE,UNAVAILABLE_NO_LIVE_SOURCE,READY,89.14,HIGH,1.032412,,,PRIOR_ONLY_ROTATION_MINUTES,False
2026-08-15|michaela onyenwere|los angeles sparks @ washington mystics|ast|over,2026-08-15,Michaela Onyenwere,Los Angeles Sparks @ Washington Mystics,Washington Mystics,Los Angeles Sparks,AST,OVER,F,,9,31.2,28.556,28.556,0.2,0.556,BENCH,UNAVAILABLE_NO_LIVE_SOURCE,UNAVAILABLE_NO_LIVE_SOURCE,READY,89.14,HIGH,1.032412,,,PRIOR_ONLY_ROTATION_MINUTES,False
2026-08-15|michaela onyenwere|los angeles sparks @ washington mystics|ast|under,2026-08-15,Michaela Onyenwere,Los Angeles Sparks @ Washington Mystics,Washington Mystics,Los Angeles Sparks,AST,UNDER,F,,9,31.2,28.556,28.556,0.2,0.556,BENCH,UNAVAILABLE_NO_LIVE_SOURCE,UNAVAILABLE_NO_LIVE_SOURCE,READY,89.14,HIGH,1.032412,,,PRIOR_ONLY_ROTATION_MINUTES,False
2026-08-15|michaela onyenwere|los angeles sparks @ washington mystics|pa|over,2026-08-15,Michaela Onyenwere,Los Angeles Sparks @ Washington Mystics,Washington Mystics,Los Angeles Sparks,PA,OVER,F,,9,31.2,28.556,28.556,0.2,0.556,BENCH,UNAVAILABLE_NO_LIVE_SOURCE,UNAVAILABLE_NO_LIVE_SOURCE,READY,89.14,HIGH,1.032412,,,PRIOR_ONLY_ROTATION_MINUTES,False
2026-08-15|michaela onyenwere|los angeles sparks @ washington mystics|pa|under,2026-08-15,Michaela Onyenwere,Los Angeles Sparks @ Washington Mystics,Washington Mystics,Los Angeles Sparks,PA,UNDER,F,,9,31.2,28.556,28.556,0.2,0.556,BENCH,UNAVAILABLE_NO_LIVE_SOURCE,UNAVAILABLE_NO_LIVE_SOURCE,READY,89.14,HIGH,1.032412,,,PRIOR_ONLY_ROTATION_MINUTES,False
2026-08-15|michaela onyenwere|los angeles sparks @ washington mystics|pr|over,2026-08-15,Michaela Onyenwere,Los Angeles Sparks @ Washington Mystics,Washington Mystics,Los Angeles Sparks,PR,OVER,F,,9,31.2,28.556,28.556,0.2,0.556,BENCH,UNAVAILABLE_NO_LIVE_SOURCE,UNAVAILABLE_NO_LIVE_SOURCE,READY,89.14,HIGH,1.032412,,,PRIOR_ONLY_ROTATION_MINUTES,False
2026-08-15|michaela onyenwere|los angeles sparks @ washington mystics|pr|under,2026-08-15,Michaela Onyenwere,Los Angeles Sparks @ Washington Mystics,Washington Mystics,Los Angeles Sparks,PR,UNDER,F,,9,31.2,28.556,28.556,0.2,0.556,BENCH,UNAVAILABLE_NO_LIVE_SOURCE,UNAVAILABLE_NO_LIVE_SOURCE,READY,89.14,HIGH,1.032412,,,PRIOR_ONLY_ROTATION_MINUTES,False
2026-08-15|michaela onyenwere|los angeles sparks @ washington mystics|pra|over,2026-08-15,Michaela Onyenwere,Los Angeles Sparks @ Washington Mystics,Washington Mystics,Los Angeles Sparks,PRA,OVER,F,,9,31.2,28.556,28.556,0.2,0.556,BENCH,UNAVAILABLE_NO_LIVE_SOURCE,UNAVAILABLE_NO_LIVE_SOURCE,READY,89.14,HIGH,1.032412,,,PRIOR_ONLY_ROTATION_MINUTES,False
2026-08-15|michaela onyenwere|los angeles sparks @ washington mystics|pra|under,2026-08-15,Michaela Onyenwere,Los Angeles Sparks @ Washington Mystics,Washington Mystics,Los Angeles Sparks,PRA,UNDER,F,,9,31.2,28.556,28.556,0.2,0.556,BENCH,UNAVAILABLE_NO_LIVE_SOURCE,UNAVAILABLE_NO_LIVE_SOURCE,READY,89.14,HIGH,1.032412,,,PRIOR_ONLY_ROTATION_MINUTES,False
2026-08-15|michaela onyenwere|los angeles sparks @ washington mystics|pts|over,2026-08-15,Michaela Onyenwere,Los Angeles Sparks @ Washington Mystics,Washington Mystics,Los Angeles Sparks,PTS,OVER,F,,9,31.2,28.556,28.556,0.2,0.556,BENCH,UNAVAILABLE_NO_LIVE_SOURCE,UNAVAILABLE_NO_LIVE_SOURCE,READY,89.14,HIGH,1.032412,,,PRIOR_ONLY_ROTATION_MINUTES,False
2026-08-15|michaela onyenwere|los angeles sparks @ washington mystics|pts|over,2026-08-15,Michaela Onyenwere,Los Angeles Sparks @ Washington Mystics,Washington Mystics,Los Angeles Sparks,PTS,OVER,F,,9,31.2,28.556,28.556,0.2,0.556,BENCH,UNAVAILABLE_NO_LIVE_SOURCE,UNAVAILABLE_NO_LIVE_SOURCE,READY,89.14,HIGH,1.032412,,,PRIOR_ONLY_ROTATION_MINUTES,False
2026-08-15|michaela onyenwere|los angeles sparks @ washington mystics|pts|under,2026-08-15,Michaela Onyenwere,Los Angeles Sparks @ Washington Mystics,Washington Mystics,Los Angeles Sparks,PTS,UNDER,F,,9,31.2,28.556,28.556,0.2,0.556,BENCH,UNAVAILABLE_NO_LIVE_SOURCE,UNAVAILABLE_NO_LIVE_SOURCE,READY,89.14,HIGH,1.032412,,,PRIOR_ONLY_ROTATION_MINUTES,False
2026-08-15|michaela onyenwere|los angeles sparks @ washington mystics|pts|under,2026-08-15,Michaela Onyenwere,Los Angeles Sparks @ Washington Mystics,Washington Mystics,Los Angeles Sparks,PTS,UNDER,F,,9,31.2,28.556,28.556,0.2,0.556,BENCH,UNAVAILABLE_NO_LIVE_SOURCE,UNAVAILABLE_NO_LIVE_SOURCE,READY,89.14,HIGH,1.032412,,,PRIOR_ONLY_ROTATION_MINUTES,False
2026-08-15|michaela onyenwere|los angeles sparks @ washington mystics|ra|over,2026-08-15,Michaela Onyenwere,Los Angeles Sparks @ Washington Mystics,Washington Mystics,Los Angeles Sparks,RA,OVER,F,,9,31.2,28.556,28.556,0.2,0.556,BENCH,UNAVAILABLE_NO_LIVE_SOURCE,UNAVAILABLE_NO_LIVE_SOURCE,READY,89.14,HIGH,1.032412,,,PRIOR_ONLY_ROTATION_MINUTES,False
2026-08-15|michaela onyenwere|los angeles sparks @ washington mystics|ra|under,2026-08-15,Michaela Onyenwere,Los Angeles Sparks @ Washington Mystics,Washington Mystics,Los Angeles Sparks,RA,UNDER,F,,9,31.2,28.556,28.556,0.2,0.556,BENCH,UNAVAILABLE_NO_LIVE_SOURCE,UNAVAILABLE_NO_LIVE_SOURCE,READY,89.14,HIGH,1.032412,,,PRIOR_ONLY_ROTATION_MINUTES,False
2026-08-15|michaela onyenwere|los angeles sparks @ washington mystics|reb|over,2026-08-15,Michaela Onyenwere,Los Angeles Sparks @ Washington Mystics,Washington Mystics,Los Angeles Sparks,REB,OVER,F,,9,31.2,28.556,28.556,0.2,0.556,BENCH,UNAVAILABLE_NO_LIVE_SOURCE,UNAVAILABLE_NO_LIVE_SOURCE,READY,89.14,HIGH,1.032412,,,PRIOR_ONLY_ROTATION_MINUTES,False
2026-08-15|michaela onyenwere|los angeles sparks @ washington mystics|reb|under,2026-08-15,Michaela Onyenwere,Los Angeles Sparks @ Washington Mystics,Washington Mystics,Los Angeles Sparks,REB,UNDER,F,,9,31.2,28.556,28.556,0.2,0.556,BENCH,UNAVAILABLE_NO_LIVE_SOURCE,UNAVAILABLE_NO_LIVE_SOURCE,READY,89.14,HIGH,1.032412,,,PRIOR_ONLY_ROTATION_MINUTES,False
2026-08-15|nneka ogwumike|los angeles sparks @ washington mystics|3pm|over,2026-08-15,Nneka Ogwumike,Los Angeles Sparks @ Washington Mystics,Los Angeles Sparks,Washington Mystics,3PM,OVER,F,,10,30.4,30.9,30.9,0.4,0.7,BENCH,UNAVAILABLE_NO_LIVE_SOURCE,UNAVAILABLE_NO_LIVE_SOURCE,READY,97.36,HIGH,0.994337,,,PRIOR_ONLY_ROTATION_MINUTES,False
2026-08-15|nneka ogwumike|los angeles sparks @ washington mystics|3pm|under,2026-08-15,Nneka Ogwumike,Los Angeles Sparks @ Washington Mystics,Los Angeles Sparks,Washington Mystics,3PM,UNDER,F,,10,30.4,30.9,30.9,0.4,0.7,BENCH,UNAVAILABLE_NO_LIVE_SOURCE,UNAVAILABLE_NO_LIVE_SOURCE,READY,97.36,HIGH,0.994337,,,PRIOR_ONLY_ROTATION_MINUTES,False
2026-08-15|nneka ogwumike|los angeles sparks @ washington mystics|ast|over,2026-08-15,Nneka Ogwumike,Los Angeles Sparks @ Washington Mystics,Los Angeles Sparks,Washington Mystics,AST,OVER,F,,10,30.4,30.9,30.9,0.4,0.7,BENCH,UNAVAILABLE_NO_LIVE_SOURCE,UNAVAILABLE_NO_LIVE_SOURCE,READY,97.36,HIGH,0.994337,,,PRIOR_ONLY_ROTATION_MINUTES,False
2026-08-15|nneka ogwumike|los angeles sparks @ washington mystics|ast|over,2026-08-15,Nneka Ogwumike,Los Angeles Sparks @ Washington Mystics,Los Angeles Sparks,Washington Mystics,AST,OVER,F,,10,30.4,30.9,30.9,0.4,0.7,BENCH,UNAVAILABLE_NO_LIVE_SOURCE,UNAVAILABLE_NO_LIVE_SOURCE,READY,97.36,HIGH,0.994337,,,PRIOR_ONLY_ROTATION_MINUTES,False
2026-08-15|nneka ogwumike|los angeles sparks @ washington mystics|ast|under,2026-08-15,Nneka Ogwumike,Los Angeles Sparks @ Washington Mystics,Los Angeles Sparks,Washington Mystics,AST,UNDER,F,,10,30.4,30.9,30.9,0.4,0.7,BENCH,UNAVAILABLE_NO_LIVE_SOURCE,UNAVAILABLE_NO_LIVE_SOURCE,READY,97.36,HIGH,0.994337,,,PRIOR_ONLY_ROTATION_MINUTES,False
2026-08-15|nneka ogwumike|los angeles sparks @ washington mystics|pa|over,2026-08-15,Nneka Ogwumike,Los Angeles Sparks @ Washington Mystics,Los Angeles Sparks,Washington Mystics,PA,OVER,F,,10,30.4,30.9,30.9,0.4,0.7,BENCH,UNAVAILABLE_NO_LIVE_SOURCE,UNAVAILABLE_NO_LIVE_SOURCE,READY,97.36,HIGH,0.994337,,,PRIOR_ONLY_ROTATION_MINUTES,False
2026-08-15|nneka ogwumike|los angeles sparks @ washington mystics|pa|under,2026-08-15,Nneka Ogwumike,Los Angeles Sparks @ Washington Mystics,Los Angeles Sparks,Washington Mystics,PA,UNDER,F,,10,30.4,30.9,30.9,0.4,0.7,BENCH,UNAVAILABLE_NO_LIVE_SOURCE,UNAVAILABLE_NO_LIVE_SOURCE,READY,97.36,HIGH,0.994337,,,PRIOR_ONLY_ROTATION_MINUTES,False
2026-08-15|nneka ogwumike|los angeles sparks @ washington mystics|pr|over,2026-08-15,Nneka Ogwumike,Los Angeles Sparks @ Washington Mystics,Los Angeles Sparks,Washington Mystics,PR,OVER,F,,10,30.4,30.9,30.9,0.4,0.7,BENCH,UNAVAILABLE_NO_LIVE_SOURCE,UNAVAILABLE_NO_LIVE_SOURCE,READY,97.36,HIGH,0.994337,,,PRIOR_ONLY_ROTATION_MINUTES,False
2026-08-15|nneka ogwumike|los angeles sparks @ washington mystics|pr|under,2026-08-15,Nneka Ogwumike,Los Angeles Sparks @ Washington Mystics,Los Angeles Sparks,Washington Mystics,PR,UNDER,F,,10,30.4,30.9,30.9,0.4,0.7,BENCH,UNAVAILABLE_NO_LIVE_SOURCE,UNAVAILABLE_NO_LIVE_SOURCE,READY,97.36,HIGH,0.994337,,,PRIOR_ONLY_ROTATION_MINUTES,False
2026-08-15|nneka ogwumike|los angeles sparks @ washington mystics|pra|over,2026-08-15,Nneka Ogwumike,Los Angeles Sparks @ Washington Mystics,Los Angeles Sparks,Washington Mystics,PRA,OVER,F,,10,30.4,30.9,30.9,0.4,0.7,BENCH,UNAVAILABLE_NO_LIVE_SOURCE,UNAVAILABLE_NO_LIVE_SOURCE,READY,97.36,HIGH,0.994337,,,PRIOR_ONLY_ROTATION_MINUTES,False
2026-08-15|nneka ogwumike|los angeles sparks @ washington mystics|pra|under,2026-08-15,Nneka Ogwumike,Los Angeles Sparks @ Washington Mystics,Los Angeles Sparks,Washington Mystics,PRA,UNDER,F,,10,30.4,30.9,30.9,0.4,0.7,BENCH,UNAVAILABLE_NO_LIVE_SOURCE,UNAVAILABLE_NO_LIVE_SOURCE,READY,97.36,HIGH,0.994337,,,PRIOR_ONLY_ROTATION_MINUTES,False
2026-08-15|nneka ogwumike|los angeles sparks @ washington mystics|pts|over,2026-08-15,Nneka Ogwumike,Los Angeles Sparks @ Washington Mystics,Los Angeles Sparks,Washington Mystics,PTS,OVER,F,,10,30.4,30.9,30.9,0.4,0.7,BENCH,UNAVAILABLE_NO_LIVE_SOURCE,UNAVAILABLE_NO_LIVE_SOURCE,READY,97.36,HIGH,0.994337,,,PRIOR_ONLY_ROTATION_MINUTES,False
2026-08-15|nneka ogwumike|los angeles sparks @ washington mystics|pts|over,2026-08-15,Nneka Ogwumike,Los Angeles Sparks @ Washington Mystics,Los Angeles Sparks,Washington Mystics,PTS,OVER,F,,10,30.4,30.9,30.9,0.4,0.7,BENCH,UNAVAILABLE_NO_LIVE_SOURCE,UNAVAILABLE_NO_LIVE_SOURCE,READY,97.36,HIGH,0.994337,,,PRIOR_ONLY_ROTATION_MINUTES,False
2026-08-15|nneka ogwumike|los angeles sparks @ washington mystics|pts|over,2026-08-15,Nneka Ogwumike,Los Angeles Sparks @ Washington Mystics,Los Angeles Sparks,Washington Mystics,PTS,OVER,F,,10,30.4,30.9,30.9,0.4,0.7,BENCH,UNAVAILABLE_NO_LIVE_SOURCE,UNAVAILABLE_NO_LIVE_SOURCE,READY,97.36,HIGH,0.994337,,,PRIOR_ONLY_ROTATION_MINUTES,False
2026-08-15|nneka ogwumike|los angeles sparks @ washington mystics|pts|under,2026-08-15,Nneka Ogwumike,Los Angeles Sparks @ Washington Mystics,Los Angeles Sparks,Washington Mystics,PTS,UNDER,F,,10,30.4,30.9,30.9,0.4,0.7,BENCH,UNAVAILABLE_NO_LIVE_SOURCE,UNAVAILABLE_NO_LIVE_SOURCE,READY,97.36,HIGH,0.994337,,,PRIOR_ONLY_ROTATION_MINUTES,False
2026-08-15|nneka ogwumike|los angeles sparks @ washington mystics|ra|over,2026-08-15,Nneka Ogwumike,Los Angeles Sparks @ Washington Mystics,Los Angeles Sparks,Washington Mystics,RA,OVER,F,,10,30.4,30.9,30.9,0.4,0.7,BENCH,UNAVAILABLE_NO_LIVE_SOURCE,UNAVAILABLE_NO_LIVE_SOURCE,READY,97.36,HIGH,0.994337,,,PRIOR_ONLY_ROTATION_MINUTES,False
2026-08-15|nneka ogwumike|los angeles sparks @ washington mystics|ra|under,2026-08-15,Nneka Ogwumike,Los Angeles Sparks @ Washington Mystics,Los Angeles Sparks,Washington Mystics,RA,UNDER,F,,10,30.4,30.9,30.9,0.4,0.7,BENCH,UNAVAILABLE_NO_LIVE_SOURCE,UNAVAILABLE_NO_LIVE_SOURCE,READY,97.36,HIGH,0.994337,,,PRIOR_ONLY_ROTATION_MINUTES,False
2026-08-15|nneka ogwumike|los angeles sparks @ washington mystics|reb|over,2026-08-15,Nneka Ogwumike,Los Angeles Sparks @ Washington Mystics,Los Angeles Sparks,Washington Mystics,REB,OVER,F,,10,30.4,30.9,30.9,0.4,0.7,BENCH,UNAVAILABLE_NO_LIVE_SOURCE,UNAVAILABLE_NO_LIVE_SOURCE,READY,97.36,HIGH,0.994337,,,PRIOR_ONLY_ROTATION_MINUTES,False
2026-08-15|nneka ogwumike|los angeles sparks @ washington mystics|reb|under,2026-08-15,Nneka Ogwumike,Los Angeles Sparks @ Washington Mystics,Los Angeles Sparks,Washington Mystics,REB,UNDER,F,,10,30.4,30.9,30.9,0.4,0.7,BENCH,UNAVAILABLE_NO_LIVE_SOURCE,UNAVAILABLE_NO_LIVE_SOURCE,READY,97.36,HIGH,0.994337,,,PRIOR_ONLY_ROTATION_MINUTES,False
2026-08-15|rae burrell|los angeles sparks @ washington mystics|3pm|over,2026-08-15,Rae Burrell,Los Angeles Sparks @ Washington Mystics,Los Angeles Sparks,Washington Mystics,3PM,OVER,G,,10,31.4,31.7,31.7,0.4,0.7,BENCH,UNAVAILABLE_NO_LIVE_SOURCE,UNAVAILABLE_NO_LIVE_SOURCE,READY,95.6,HIGH,0.996688,,,PRIOR_ONLY_ROTATION_MINUTES,False
2026-08-15|rae burrell|los angeles sparks @ washington mystics|3pm|under,2026-08-15,Rae Burrell,Los Angeles Sparks @ Washington Mystics,Los Angeles Sparks,Washington Mystics,3PM,UNDER,G,,10,31.4,31.7,31.7,0.4,0.7,BENCH,UNAVAILABLE_NO_LIVE_SOURCE,UNAVAILABLE_NO_LIVE_SOURCE,READY,95.6,HIGH,0.996688,,,PRIOR_ONLY_ROTATION_MINUTES,False
2026-08-15|rae burrell|los angeles sparks @ washington mystics|ast|over,2026-08-15,Rae Burrell,Los Angeles Sparks @ Washington Mystics,Los Angeles Sparks,Washington Mystics,AST,OVER,G,,10,31.4,31.7,31.7,0.4,0.7,BENCH,UNAVAILABLE_NO_LIVE_SOURCE,UNAVAILABLE_NO_LIVE_SOURCE,READY,95.6,HIGH,0.996688,,,PRIOR_ONLY_ROTATION_MINUTES,False
2026-08-15|rae burrell|los angeles sparks @ washington mystics|ast|under,2026-08-15,Rae Burrell,Los Angeles Sparks @ Washington Mystics,Los Angeles Sparks,Washington Mystics,AST,UNDER,G,,10,31.4,31.7,31.7,0.4,0.7,BENCH,UNAVAILABLE_NO_LIVE_SOURCE,UNAVAILABLE_NO_LIVE_SOURCE,READY,95.6,HIGH,0.996688,,,PRIOR_ONLY_ROTATION_MINUTES,False
2026-08-15|rae burrell|los angeles sparks @ washington mystics|pa|over,2026-08-15,Rae Burrell,Los Angeles Sparks @ Washington Mystics,Los Angeles Sparks,Washington Mystics,PA,OVER,G,,10,31.4,31.7,31.7,0.4,0.7,BENCH,UNAVAILABLE_NO_LIVE_SOURCE,UNAVAILABLE_NO_LIVE_SOURCE,READY,95.6,HIGH,0.996688,,,PRIOR_ONLY_ROTATION_MINUTES,False
2026-08-15|rae burrell|los angeles sparks @ washington mystics|pa|under,2026-08-15,Rae Burrell,Los Angeles Sparks @ Washington Mystics,Los Angeles Sparks,Washington Mystics,PA,UNDER,G,,10,31.4,31.7,31.7,0.4,0.7,BENCH,UNAVAILABLE_NO_LIVE_SOURCE,UNAVAILABLE_NO_LIVE_SOURCE,READY,95.6,HIGH,0.996688,,,PRIOR_ONLY_ROTATION_MINUTES,False
2026-08-15|rae burrell|los angeles sparks @ washington mystics|pr|over,2026-08-15,Rae Burrell,Los Angeles Sparks @ Washington Mystics,Los Angeles Sparks,Washington Mystics,PR,OVER,G,,10,31.4,31.7,31.7,0.4,0.7,BENCH,UNAVAILABLE_NO_LIVE_SOURCE,UNAVAILABLE_NO_LIVE_SOURCE,READY,95.6,HIGH,0.996688,,,PRIOR_ONLY_ROTATION_MINUTES,False
2026-08-15|rae burrell|los angeles sparks @ washington mystics|pr|over,2026-08-15,Rae Burrell,Los Angeles Sparks @ Washington Mystics,Los Angeles Sparks,Washington Mystics,PR,OVER,G,,10,31.4,31.7,31.7,0.4,0.7,BENCH,UNAVAILABLE_NO_LIVE_SOURCE,UNAVAILABLE_NO_LIVE_SOURCE,READY,95.6,HIGH,0.996688,,,PRIOR_ONLY_ROTATION_MINUTES,False
2026-08-15|rae burrell|los angeles sparks @ washington mystics|pr|under,2026-08-15,Rae Burrell,Los Angeles Sparks @ Washington Mystics,Los Angeles Sparks,Washington Mystics,PR,UNDER,G,,10,31.4,31.7,31.7,0.4,0.7,BENCH,UNAVAILABLE_NO_LIVE_SOURCE,UNAVAILABLE_NO_LIVE_SOURCE,READY,95.6,HIGH,0.996688,,,PRIOR_ONLY_ROTATION_MINUTES,False
2026-08-15|rae burrell|los angeles sparks @ washington mystics|pr|under,2026-08-15,Rae Burrell,Los Angeles Sparks @ Washington Mystics,Los Angeles Sparks,Washington Mystics,PR,UNDER,G,,10,31.4,31.7,31.7,0.4,0.7,BENCH,UNAVAILABLE_NO_LIVE_SOURCE,UNAVAILABLE_NO_LIVE_SOURCE,READY,95.6,HIGH,0.996688,,,PRIOR_ONLY_ROTATION_MINUTES,False
2026-08-15|rae burrell|los angeles sparks @ washington mystics|pra|over,2026-08-15,Rae Burrell,Los Angeles Sparks @ Washington Mystics,Los Angeles Sparks,Washington Mystics,PRA,OVER,G,,10,31.4,31.7,31.7,0.4,0.7,BENCH,UNAVAILABLE_NO_LIVE_SOURCE,UNAVAILABLE_NO_LIVE_SOURCE,READY,95.6,HIGH,0.996688,,,PRIOR_ONLY_ROTATION_MINUTES,False
2026-08-15|rae burrell|los angeles sparks @ washington mystics|pra|under,2026-08-15,Rae Burrell,Los Angeles Sparks @ Washington Mystics,Los Angeles Sparks,Washington Mystics,PRA,UNDER,G,,10,31.4,31.7,31.7,0.4,0.7,BENCH,UNAVAILABLE_NO_LIVE_SOURCE,UNAVAILABLE_NO_LIVE_SOURCE,READY,95.6,HIGH,0.996688,,,PRIOR_ONLY_ROTATION_MINUTES,False
2026-08-15|rae burrell|los angeles sparks @ washington mystics|pts|over,2026-08-15,Rae Burrell,Los Angeles Sparks @ Washington Mystics,Los Angeles Sparks,Washington Mystics,PTS,OVER,G,,10,31.4,31.7,31.7,0.4,0.7,BENCH,UNAVAILABLE_NO_LIVE_SOURCE,UNAVAILABLE_NO_LIVE_SOURCE,READY,95.6,HIGH,0.996688,,,PRIOR_ONLY_ROTATION_MINUTES,False
2026-08-15|rae burrell|los angeles sparks @ washington mystics|pts|over,2026-08-15,Rae Burrell,Los Angeles Sparks @ Washington Mystics,Los Angeles Sparks,Washington Mystics,PTS,OVER,G,,10,31.4,31.7,31.7,0.4,0.7,BENCH,UNAVAILABLE_NO_LIVE_SOURCE,UNAVAILABLE_NO_LIVE_SOURCE,READY,95.6,HIGH,0.996688,,,PRIOR_ONLY_ROTATION_MINUTES,False
2026-08-15|rae burrell|los angeles sparks @ washington mystics|pts|over,2026-08-15,Rae Burrell,Los Angeles Sparks @ Washington Mystics,Los Angeles Sparks,Washington Mystics,PTS,OVER,G,,10,31.4,31.7,31.7,0.4,0.7,BENCH,UNAVAILABLE_NO_LIVE_SOURCE,UNAVAILABLE_NO_LIVE_SOURCE,READY,95.6,HIGH,0.996688,,,PRIOR_ONLY_ROTATION_MINUTES,False
2026-08-15|rae burrell|los angeles sparks @ washington mystics|pts|under,2026-08-15,Rae Burrell,Los Angeles Sparks @ Washington Mystics,Los Angeles Sparks,Washington Mystics,PTS,UNDER,G,,10,31.4,31.7,31.7,0.4,0.7,BENCH,UNAVAILABLE_NO_LIVE_SOURCE,UNAVAILABLE_NO_LIVE_SOURCE,READY,95.6,HIGH,0.996688,,,PRIOR_ONLY_ROTATION_MINUTES,False
2026-08-15|rae burrell|los angeles sparks @ washington mystics|ra|over,2026-08-15,Rae Burrell,Los Angeles Sparks @ Washington Mystics,Los Angeles Sparks,Washington Mystics,RA,OVER,G,,10,31.4,31.7,31.7,0.4,0.7,BENCH,UNAVAILABLE_NO_LIVE_SOURCE,UNAVAILABLE_NO_LIVE_SOURCE,READY,95.6,HIGH,0.996688,,,PRIOR_ONLY_ROTATION_MINUTES,False
2026-08-15|rae burrell|los angeles sparks @ washington mystics|ra|under,2026-08-15,Rae Burrell,Los Angeles Sparks @ Washington Mystics,Los Angeles Sparks,Washington Mystics,RA,UNDER,G,,10,31.4,31.7,31.7,0.4,0.7,BENCH,UNAVAILABLE_NO_LIVE_SOURCE,UNAVAILABLE_NO_LIVE_SOURCE,READY,95.6,HIGH,0.996688,,,PRIOR_ONLY_ROTATION_MINUTES,False
2026-08-15|rae burrell|los angeles sparks @ washington mystics|reb|over,2026-08-15,Rae Burrell,Los Angeles Sparks @ Washington Mystics,Los Angeles Sparks,Washington Mystics,REB,OVER,G,,10,31.4,31.7,31.7,0.4,0.7,BENCH,UNAVAILABLE_NO_LIVE_SOURCE,UNAVAILABLE_NO_LIVE_SOURCE,READY,95.6,HIGH,0.996688,,,PRIOR_ONLY_ROTATION_MINUTES,False
2026-08-15|rae burrell|los angeles sparks @ washington mystics|reb|under,2026-08-15,Rae Burrell,Los Angeles Sparks @ Washington Mystics,Los Angeles Sparks,Washington Mystics,REB,UNDER,G,,10,31.4,31.7,31.7,0.4,0.7,BENCH,UNAVAILABLE_NO_LIVE_SOURCE,UNAVAILABLE_NO_LIVE_SOURCE,READY,95.6,HIGH,0.996688,,,PRIOR_ONLY_ROTATION_MINUTES,False
2026-08-15|shakira austin|los angeles sparks @ washington mystics|ast|over,2026-08-15,Shakira Austin,Los Angeles Sparks @ Washington Mystics,Washington Mystics,Los Angeles Sparks,AST,OVER,C,,9,31.6,30.667,30.667,0.2,0.556,BENCH,UNAVAILABLE_NO_LIVE_SOURCE,UNAVAILABLE_NO_LIVE_SOURCE,READY,89.96,HIGH,1.010652,,,PRIOR_ONLY_ROTATION_MINUTES,False
2026-08-15|shakira austin|los angeles sparks @ washington mystics|ast|under,2026-08-15,Shakira Austin,Los Angeles Sparks @ Washington Mystics,Washington Mystics,Los Angeles Sparks,AST,UNDER,C,,9,31.6,30.667,30.667,0.2,0.556,BENCH,UNAVAILABLE_NO_LIVE_SOURCE,UNAVAILABLE_NO_LIVE_SOURCE,READY,89.96,HIGH,1.010652,,,PRIOR_ONLY_ROTATION_MINUTES,False
2026-08-15|shakira austin|los angeles sparks @ washington mystics|pa|over,2026-08-15,Shakira Austin,Los Angeles Sparks @ Washington Mystics,Washington Mystics,Los Angeles Sparks,PA,OVER,C,,9,31.6,30.667,30.667,0.2,0.556,BENCH,UNAVAILABLE_NO_LIVE_SOURCE,UNAVAILABLE_NO_LIVE_SOURCE,READY,89.96,HIGH,1.010652,,,PRIOR_ONLY_ROTATION_MINUTES,False
2026-08-15|shakira austin|los angeles sparks @ washington mystics|pa|under,2026-08-15,Shakira Austin,Los Angeles Sparks @ Washington Mystics,Washington Mystics,Los Angeles Sparks,PA,UNDER,C,,9,31.6,30.667,30.667,0.2,0.556,BENCH,UNAVAILABLE_NO_LIVE_SOURCE,UNAVAILABLE_NO_LIVE_SOURCE,READY,89.96,HIGH,1.010652,,,PRIOR_ONLY_ROTATION_MINUTES,False
2026-08-15|shakira austin|los angeles sparks @ washington mystics|pr|over,2026-08-15,Shakira Austin,Los Angeles Sparks @ Washington Mystics,Washington Mystics,Los Angeles Sparks,PR,OVER,C,,9,31.6,30.667,30.667,0.2,0.556,BENCH,UNAVAILABLE_NO_LIVE_SOURCE,UNAVAILABLE_NO_LIVE_SOURCE,READY,89.96,HIGH,1.010652,,,PRIOR_ONLY_ROTATION_MINUTES,False
2026-08-15|shakira austin|los angeles sparks @ washington mystics|pr|under,2026-08-15,Shakira Austin,Los Angeles Sparks @ Washington Mystics,Washington Mystics,Los Angeles Sparks,PR,UNDER,C,,9,31.6,30.667,30.667,0.2,0.556,BENCH,UNAVAILABLE_NO_LIVE_SOURCE,UNAVAILABLE_NO_LIVE_SOURCE,READY,89.96,HIGH,1.010652,,,PRIOR_ONLY_ROTATION_MINUTES,False
2026-08-15|shakira austin|los angeles sparks @ washington mystics|pra|over,2026-08-15,Shakira Austin,Los Angeles Sparks @ Washington Mystics,Washington Mystics,Los Angeles Sparks,PRA,OVER,C,,9,31.6,30.667,30.667,0.2,0.556,BENCH,UNAVAILABLE_NO_LIVE_SOURCE,UNAVAILABLE_NO_LIVE_SOURCE,READY,89.96,HIGH,1.010652,,,PRIOR_ONLY_ROTATION_MINUTES,False
2026-08-15|shakira austin|los angeles sparks @ washington mystics|pra|over,2026-08-15,Shakira Austin,Los Angeles Sparks @ Washington Mystics,Washington Mystics,Los Angeles Sparks,PRA,OVER,C,,9,31.6,30.667,30.667,0.2,0.556,BENCH,UNAVAILABLE_NO_LIVE_SOURCE,UNAVAILABLE_NO_LIVE_SOURCE,READY,89.96,HIGH,1.010652,,,PRIOR_ONLY_ROTATION_MINUTES,False
2026-08-15|shakira austin|los angeles sparks @ washington mystics|pra|under,2026-08-15,Shakira Austin,Los Angeles Sparks @ Washington Mystics,Washington Mystics,Los Angeles Sparks,PRA,UNDER,C,,9,31.6,30.667,30.667,0.2,0.556,BENCH,UNAVAILABLE_NO_LIVE_SOURCE,UNAVAILABLE_NO_LIVE_SOURCE,READY,89.96,HIGH,1.010652,,,PRIOR_ONLY_ROTATION_MINUTES,False
2026-08-15|shakira austin|los angeles sparks @ washington mystics|pts|over,2026-08-15,Shakira Austin,Los Angeles Sparks @ Washington Mystics,Washington Mystics,Los Angeles Sparks,PTS,OVER,C,,9,31.6,30.667,30.667,0.2,0.556,BENCH,UNAVAILABLE_NO_LIVE_SOURCE,UNAVAILABLE_NO_LIVE_SOURCE,READY,89.96,HIGH,1.010652,,,PRIOR_ONLY_ROTATION_MINUTES,False
2026-08-15|shakira austin|los angeles sparks @ washington mystics|pts|over,2026-08-15,Shakira Austin,Los Angeles Sparks @ Washington Mystics,Washington Mystics,Los Angeles Sparks,PTS,OVER,C,,9,31.6,30.667,30.667,0.2,0.556,BENCH,UNAVAILABLE_NO_LIVE_SOURCE,UNAVAILABLE_NO_LIVE_SOURCE,READY,89.96,HIGH,1.010652,,,PRIOR_ONLY_ROTATION_MINUTES,False
2026-08-15|shakira austin|los angeles sparks @ washington mystics|pts|over,2026-08-15,Shakira Austin,Los Angeles Sparks @ Washington Mystics,Washington Mystics,Los Angeles Sparks,PTS,OVER,C,,9,31.6,30.667,30.667,0.2,0.556,BENCH,UNAVAILABLE_NO_LIVE_SOURCE,UNAVAILABLE_NO_LIVE_SOURCE,READY,89.96,HIGH,1.010652,,,PRIOR_ONLY_ROTATION_MINUTES,False
2026-08-15|shakira austin|los angeles sparks @ washington mystics|pts|under,2026-08-15,Shakira Austin,Los Angeles Sparks @ Washington Mystics,Washington Mystics,Los Angeles Sparks,PTS,UNDER,C,,9,31.6,30.667,30.667,0.2,0.556,BENCH,UNAVAILABLE_NO_LIVE_SOURCE,UNAVAILABLE_NO_LIVE_SOURCE,READY,89.96,HIGH,1.010652,,,PRIOR_ONLY_ROTATION_MINUTES,False
2026-08-15|shakira austin|los angeles sparks @ washington mystics|ra|over,2026-08-15,Shakira Austin,Los Angeles Sparks @ Washington Mystics,Washington Mystics,Los Angeles Sparks,RA,OVER,C,,9,31.6,30.667,30.667,0.2,0.556,BENCH,UNAVAILABLE_NO_LIVE_SOURCE,UNAVAILABLE_NO_LIVE_SOURCE,READY,89.96,HIGH,1.010652,,,PRIOR_ONLY_ROTATION_MINUTES,False
2026-08-15|shakira austin|los angeles sparks @ washington mystics|ra|under,2026-08-15,Shakira Austin,Los Angeles Sparks @ Washington Mystics,Washington Mystics,Los Angeles Sparks,RA,UNDER,C,,9,31.6,30.667,30.667,0.2,0.556,BENCH,UNAVAILABLE_NO_LIVE_SOURCE,UNAVAILABLE_NO_LIVE_SOURCE,READY,89.96,HIGH,1.010652,,,PRIOR_ONLY_ROTATION_MINUTES,False
2026-08-15|shakira austin|los angeles sparks @ washington mystics|reb|over,2026-08-15,Shakira Austin,Los Angeles Sparks @ Washington Mystics,Washington Mystics,Los Angeles Sparks,REB,OVER,C,,9,31.6,30.667,30.667,0.2,0.556,BENCH,UNAVAILABLE_NO_LIVE_SOURCE,UNAVAILABLE_NO_LIVE_SOURCE,READY,89.96,HIGH,1.010652,,,PRIOR_ONLY_ROTATION_MINUTES,False
2026-08-15|shakira austin|los angeles sparks @ washington mystics|reb|under,2026-08-15,Shakira Austin,Los Angeles Sparks @ Washington Mystics,Washington Mystics,Los Angeles Sparks,REB,UNDER,C,,9,31.6,30.667,30.667,0.2,0.556,BENCH,UNAVAILABLE_NO_LIVE_SOURCE,UNAVAILABLE_NO_LIVE_SOURCE,READY,89.96,HIGH,1.010652,,,PRIOR_ONLY_ROTATION_MINUTES,False
2026-08-15|sonia citron|los angeles sparks @ washington mystics|3pm|over,2026-08-15,Sonia Citron,Los Angeles Sparks @ Washington Mystics,Washington Mystics,Los Angeles Sparks,3PM,OVER,G,,8,32.8,32.125,32.125,0.2,0.5,BENCH,UNAVAILABLE_NO_LIVE_SOURCE,UNAVAILABLE_NO_LIVE_SOURCE,READY,86.08,HIGH,1.007354,,,PRIOR_ONLY_ROTATION_MINUTES,False
2026-08-15|sonia citron|los angeles sparks @ washington mystics|3pm|under,2026-08-15,Sonia Citron,Los Angeles Sparks @ Washington Mystics,Washington Mystics,Los Angeles Sparks,3PM,UNDER,G,,8,32.8,32.125,32.125,0.2,0.5,BENCH,UNAVAILABLE_NO_LIVE_SOURCE,UNAVAILABLE_NO_LIVE_SOURCE,READY,86.08,HIGH,1.007354,,,PRIOR_ONLY_ROTATION_MINUTES,False
2026-08-15|sonia citron|los angeles sparks @ washington mystics|ast|over,2026-08-15,Sonia Citron,Los Angeles Sparks @ Washington Mystics,Washington Mystics,Los Angeles Sparks,AST,OVER,G,,8,32.8,32.125,32.125,0.2,0.5,BENCH,UNAVAILABLE_NO_LIVE_SOURCE,UNAVAILABLE_NO_LIVE_SOURCE,READY,86.08,HIGH,1.007354,,,PRIOR_ONLY_ROTATION_MINUTES,False
2026-08-15|sonia citron|los angeles sparks @ washington mystics|ast|under,2026-08-15,Sonia Citron,Los Angeles Sparks @ Washington Mystics,Washington Mystics,Los Angeles Sparks,AST,UNDER,G,,8,32.8,32.125,32.125,0.2,0.5,BENCH,UNAVAILABLE_NO_LIVE_SOURCE,UNAVAILABLE_NO_LIVE_SOURCE,READY,86.08,HIGH,1.007354,,,PRIOR_ONLY_ROTATION_MINUTES,False
2026-08-15|sonia citron|los angeles sparks @ washington mystics|pa|over,2026-08-15,Sonia Citron,Los Angeles Sparks @ Washington Mystics,Washington Mystics,Los Angeles Sparks,PA,OVER,G,,8,32.8,32.125,32.125,0.2,0.5,BENCH,UNAVAILABLE_NO_LIVE_SOURCE,UNAVAILABLE_NO_LIVE_SOURCE,READY,86.08,HIGH,1.007354,,,PRIOR_ONLY_ROTATION_MINUTES,False
2026-08-15|sonia citron|los angeles sparks @ washington mystics|pa|under,2026-08-15,Sonia Citron,Los Angeles Sparks @ Washington Mystics,Washington Mystics,Los Angeles Sparks,PA,UNDER,G,,8,32.8,32.125,32.125,0.2,0.5,BENCH,UNAVAILABLE_NO_LIVE_SOURCE,UNAVAILABLE_NO_LIVE_SOURCE,READY,86.08,HIGH,1.007354,,,PRIOR_ONLY_ROTATION_MINUTES,False
2026-08-15|sonia citron|los angeles sparks @ washington mystics|pr|over,2026-08-15,Sonia Citron,Los Angeles Sparks @ Washington Mystics,Washington Mystics,Los Angeles Sparks,PR,OVER,G,,8,32.8,32.125,32.125,0.2,0.5,BENCH,UNAVAILABLE_NO_LIVE_SOURCE,UNAVAILABLE_NO_LIVE_SOURCE,READY,86.08,HIGH,1.007354,,,PRIOR_ONLY_ROTATION_MINUTES,False
2026-08-15|sonia citron|los angeles sparks @ washington mystics|pr|under,2026-08-15,Sonia Citron,Los Angeles Sparks @ Washington Mystics,Washington Mystics,Los Angeles Sparks,PR,UNDER,G,,8,32.8,32.125,32.125,0.2,0.5,BENCH,UNAVAILABLE_NO_LIVE_SOURCE,UNAVAILABLE_NO_LIVE_SOURCE,READY,86.08,HIGH,1.007354,,,PRIOR_ONLY_ROTATION_MINUTES,False
2026-08-15|sonia citron|los angeles sparks @ washington mystics|pra|over,2026-08-15,Sonia Citron,Los Angeles Sparks @ Washington Mystics,Washington Mystics,Los Angeles Sparks,PRA,OVER,G,,8,32.8,32.125,32.125,0.2,0.5,BENCH,UNAVAILABLE_NO_LIVE_SOURCE,UNAVAILABLE_NO_LIVE_SOURCE,READY,86.08,HIGH,1.007354,,,PRIOR_ONLY_ROTATION_MINUTES,False
2026-08-15|sonia citron|los angeles sparks @ washington mystics|pra|over,2026-08-15,Sonia Citron,Los Angeles Sparks @ Washington Mystics,Washington Mystics,Los Angeles Sparks,PRA,OVER,G,,8,32.8,32.125,32.125,0.2,0.5,BENCH,UNAVAILABLE_NO_LIVE_SOURCE,UNAVAILABLE_NO_LIVE_SOURCE,READY,86.08,HIGH,1.007354,,,PRIOR_ONLY_ROTATION_MINUTES,False
2026-08-15|sonia citron|los angeles sparks @ washington mystics|pra|under,2026-08-15,Sonia Citron,Los Angeles Sparks @ Washington Mystics,Washington Mystics,Los Angeles Sparks,PRA,UNDER,G,,8,32.8,32.125,32.125,0.2,0.5,BENCH,UNAVAILABLE_NO_LIVE_SOURCE,UNAVAILABLE_NO_LIVE_SOURCE,READY,86.08,HIGH,1.007354,,,PRIOR_ONLY_ROTATION_MINUTES,False
2026-08-15|sonia citron|los angeles sparks @ washington mystics|pts|over,2026-08-15,Sonia Citron,Los Angeles Sparks @ Washington Mystics,Washington Mystics,Los Angeles Sparks,PTS,OVER,G,,8,32.8,32.125,32.125,0.2,0.5,BENCH,UNAVAILABLE_NO_LIVE_SOURCE,UNAVAILABLE_NO_LIVE_SOURCE,READY,86.08,HIGH,1.007354,,,PRIOR_ONLY_ROTATION_MINUTES,False
2026-08-15|sonia citron|los angeles sparks @ washington mystics|pts|over,2026-08-15,Sonia Citron,Los Angeles Sparks @ Washington Mystics,Washington Mystics,Los Angeles Sparks,PTS,OVER,G,,8,32.8,32.125,32.125,0.2,0.5,BENCH,UNAVAILABLE_NO_LIVE_SOURCE,UNAVAILABLE_NO_LIVE_SOURCE,READY,86.08,HIGH,1.007354,,,PRIOR_ONLY_ROTATION_MINUTES,False
2026-08-15|sonia citron|los angeles sparks @ washington mystics|pts|over,2026-08-15,Sonia Citron,Los Angeles Sparks @ Washington Mystics,Washington Mystics,Los Angeles Sparks,PTS,OVER,G,,8,32.8,32.125,32.125,0.2,0.5,BENCH,UNAVAILABLE_NO_LIVE_SOURCE,UNAVAILABLE_NO_LIVE_SOURCE,READY,86.08,HIGH,1.007354,,,PRIOR_ONLY_ROTATION_MINUTES,False
2026-08-15|sonia citron|los angeles sparks @ washington mystics|pts|under,2026-08-15,Sonia Citron,Los Angeles Sparks @ Washington Mystics,Washington Mystics,Los Angeles Sparks,PTS,UNDER,G,,8,32.8,32.125,32.125,0.2,0.5,BENCH,UNAVAILABLE_NO_LIVE_SOURCE,UNAVAILABLE_NO_LIVE_SOURCE,READY,86.08,HIGH,1.007354,,,PRIOR_ONLY_ROTATION_MINUTES,False
2026-08-15|sonia citron|los angeles sparks @ washington mystics|ra|over,2026-08-15,Sonia Citron,Los Angeles Sparks @ Washington Mystics,Washington Mystics,Los Angeles Sparks,RA,OVER,G,,8,32.8,32.125,32.125,0.2,0.5,BENCH,UNAVAILABLE_NO_LIVE_SOURCE,UNAVAILABLE_NO_LIVE_SOURCE,READY,86.08,HIGH,1.007354,,,PRIOR_ONLY_ROTATION_MINUTES,False
2026-08-15|sonia citron|los angeles sparks @ washington mystics|ra|under,2026-08-15,Sonia Citron,Los Angeles Sparks @ Washington Mystics,Washington Mystics,Los Angeles Sparks,RA,UNDER,G,,8,32.8,32.125,32.125,0.2,0.5,BENCH,UNAVAILABLE_NO_LIVE_SOURCE,UNAVAILABLE_NO_LIVE_SOURCE,READY,86.08,HIGH,1.007354,,,PRIOR_ONLY_ROTATION_MINUTES,False
2026-08-15|sonia citron|los angeles sparks @ washington mystics|reb|over,2026-08-15,Sonia Citron,Los Angeles Sparks @ Washington Mystics,Washington Mystics,Los Angeles Sparks,REB,OVER,G,,8,32.8,32.125,32.125,0.2,0.5,BENCH,UNAVAILABLE_NO_LIVE_SOURCE,UNAVAILABLE_NO_LIVE_SOURCE,READY,86.08,HIGH,1.007354,,,PRIOR_ONLY_ROTATION_MINUTES,False
2026-08-15|sonia citron|los angeles sparks @ washington mystics|reb|under,2026-08-15,Sonia Citron,Los Angeles Sparks @ Washington Mystics,Washington Mystics,Los Angeles Sparks,REB,UNDER,G,,8,32.8,32.125,32.125,0.2,0.5,BENCH,UNAVAILABLE_NO_LIVE_SOURCE,UNAVAILABLE_NO_LIVE_SOURCE,READY,86.08,HIGH,1.007354,,,PRIOR_ONLY_ROTATION_MINUTES,False
2026-08-15|a'ja wilson|minnesota lynx @ las vegas aces|3pm|over,2026-08-15,A'ja Wilson,Minnesota Lynx @ Las Vegas Aces,Las Vegas Aces,Minnesota Lynx,3PM,OVER,C,,9,33.0,31.0,31.0,0.0,0.222,BENCH,UNAVAILABLE_NO_LIVE_SOURCE,UNAVAILABLE_NO_LIVE_SOURCE,READY,89.71,HIGH,1.022581,,,PRIOR_ONLY_ROTATION_MINUTES,False
2026-08-15|a'ja wilson|minnesota lynx @ las vegas aces|3pm|under,2026-08-15,A'ja Wilson,Minnesota Lynx @ Las Vegas Aces,Las Vegas Aces,Minnesota Lynx,3PM,UNDER,C,,9,33.0,31.0,31.0,0.0,0.222,BENCH,UNAVAILABLE_NO_LIVE_SOURCE,UNAVAILABLE_NO_LIVE_SOURCE,READY,89.71,HIGH,1.022581,,,PRIOR_ONLY_ROTATION_MINUTES,False
2026-08-15|a'ja wilson|minnesota lynx @ las vegas aces|ast|over,2026-08-15,A'ja Wilson,Minnesota Lynx @ Las Vegas Aces,Las Vegas Aces,Minnesota Lynx,AST,OVER,C,,9,33.0,31.0,31.0,0.0,0.222,BENCH,UNAVAILABLE_NO_LIVE_SOURCE,UNAVAILABLE_NO_LIVE_SOURCE,READY,89.71,HIGH,1.022581,,,PRIOR_ONLY_ROTATION_MINUTES,False
2026-08-15|a'ja wilson|minnesota lynx @ las vegas aces|ast|under,2026-08-15,A'ja Wilson,Minnesota Lynx @ Las Vegas Aces,Las Vegas Aces,Minnesota Lynx,AST,UNDER,C,,9,33.0,31.0,31.0,0.0,0.222,BENCH,UNAVAILABLE_NO_LIVE_SOURCE,UNAVAILABLE_NO_LIVE_SOURCE,READY,89.71,HIGH,1.022581,,,PRIOR_ONLY_ROTATION_MINUTES,False
2026-08-15|a'ja wilson|minnesota lynx @ las vegas aces|pa|over,2026-08-15,A'ja Wilson,Minnesota Lynx @ Las Vegas Aces,Las Vegas Aces,Minnesota Lynx,PA,OVER,C,,9,33.0,31.0,31.0,0.0,0.222,BENCH,UNAVAILABLE_NO_LIVE_SOURCE,UNAVAILABLE_NO_LIVE_SOURCE,READY,89.71,HIGH,1.022581,,,PRIOR_ONLY_ROTATION_MINUTES,False
2026-08-15|a'ja wilson|minnesota lynx @ las vegas aces|pa|under,2026-08-15,A'ja Wilson,Minnesota Lynx @ Las Vegas Aces,Las Vegas Aces,Minnesota Lynx,PA,UNDER,C,,9,33.0,31.0,31.0,0.0,0.222,BENCH,UNAVAILABLE_NO_LIVE_SOURCE,UNAVAILABLE_NO_LIVE_SOURCE,READY,89.71,HIGH,1.022581,,,PRIOR_ONLY_ROTATION_MINUTES,False
2026-08-15|a'ja wilson|minnesota lynx @ las vegas aces|pr|over,2026-08-15,A'ja Wilson,Minnesota Lynx @ Las Vegas Aces,Las Vegas Aces,Minnesota Lynx,PR,OVER,C,,9,33.0,31.0,31.0,0.0,0.222,BENCH,UNAVAILABLE_NO_LIVE_SOURCE,UNAVAILABLE_NO_LIVE_SOURCE,READY,89.71,HIGH,1.022581,,,PRIOR_ONLY_ROTATION_MINUTES,False
2026-08-15|a'ja wilson|minnesota lynx @ las vegas aces|pr|under,2026-08-15,A'ja Wilson,Minnesota Lynx @ Las Vegas Aces,Las Vegas Aces,Minnesota Lynx,PR,UNDER,C,,9,33.0,31.0,31.0,0.0,0.222,BENCH,UNAVAILABLE_NO_LIVE_SOURCE,UNAVAILABLE_NO_LIVE_SOURCE,READY,89.71,HIGH,1.022581,,,PRIOR_ONLY_ROTATION_MINUTES,False
2026-08-15|a'ja wilson|minnesota lynx @ las vegas aces|pra|over,2026-08-15,A'ja Wilson,Minnesota Lynx @ Las Vegas Aces,Las Vegas Aces,Minnesota Lynx,PRA,OVER,C,,9,33.0,31.0,31.0,0.0,0.222,BENCH,UNAVAILABLE_NO_LIVE_SOURCE,UNAVAILABLE_NO_LIVE_SOURCE,READY,89.71,HIGH,1.022581,,,PRIOR_ONLY_ROTATION_MINUTES,False
2026-08-15|a'ja wilson|minnesota lynx @ las vegas aces|pra|under,2026-08-15,A'ja Wilson,Minnesota Lynx @ Las Vegas Aces,Las Vegas Aces,Minnesota Lynx,PRA,UNDER,C,,9,33.0,31.0,31.0,0.0,0.222,BENCH,UNAVAILABLE_NO_LIVE_SOURCE,UNAVAILABLE_NO_LIVE_SOURCE,READY,89.71,HIGH,1.022581,,,PRIOR_ONLY_ROTATION_MINUTES,False
2026-08-15|a'ja wilson|minnesota lynx @ las vegas aces|pts|over,2026-08-15,A'ja Wilson,Minnesota Lynx @ Las Vegas Aces,Las Vegas Aces,Minnesota Lynx,PTS,OVER,C,,9,33.0,31.0,31.0,0.0,0.222,BENCH,UNAVAILABLE_NO_LIVE_SOURCE,UNAVAILABLE_NO_LIVE_SOURCE,READY,89.71,HIGH,1.022581,,,PRIOR_ONLY_ROTATION_MINUTES,False
2026-08-15|a'ja wilson|minnesota lynx @ las vegas aces|pts|under,2026-08-15,A'ja Wilson,Minnesota Lynx @ Las Vegas Aces,Las Vegas Aces,Minnesota Lynx,PTS,UNDER,C,,9,33.0,31.0,31.0,0.0,0.222,BENCH,UNAVAILABLE_NO_LIVE_SOURCE,UNAVAILABLE_NO_LIVE_SOURCE,READY,89.71,HIGH,1.022581,,,PRIOR_ONLY_ROTATION_MINUTES,False
2026-08-15|a'ja wilson|minnesota lynx @ las vegas aces|ra|over,2026-08-15,A'ja Wilson,Minnesota Lynx @ Las Vegas Aces,Las Vegas Aces,Minnesota Lynx,RA,OVER,C,,9,33.0,31.0,31.0,0.0,0.222,BENCH,UNAVAILABLE_NO_LIVE_SOURCE,UNAVAILABLE_NO_LIVE_SOURCE,READY,89.71,HIGH,1.022581,,,PRIOR_ONLY_ROTATION_MINUTES,False
2026-08-15|a'ja wilson|minnesota lynx @ las vegas aces|ra|under,2026-08-15,A'ja Wilson,Minnesota Lynx @ Las Vegas Aces,Las Vegas Aces,Minnesota Lynx,RA,UNDER,C,,9,33.0,31.0,31.0,0.0,0.222,BENCH,UNAVAILABLE_NO_LIVE_SOURCE,UNAVAILABLE_NO_LIVE_SOURCE,READY,89.71,HIGH,1.022581,,,PRIOR_ONLY_ROTATION_MINUTES,False
2026-08-15|a'ja wilson|minnesota lynx @ las vegas aces|reb|over,2026-08-15,A'ja Wilson,Minnesota Lynx @ Las Vegas Aces,Las Vegas Aces,Minnesota Lynx,REB,OVER,C,,9,33.0,31.0,31.0,0.0,0.222,BENCH,UNAVAILABLE_NO_LIVE_SOURCE,UNAVAILABLE_NO_LIVE_SOURCE,READY,89.71,HIGH,1.022581,,,PRIOR_ONLY_ROTATION_MINUTES,False
2026-08-15|a'ja wilson|minnesota lynx @ las vegas aces|reb|under,2026-08-15,A'ja Wilson,Minnesota Lynx @ Las Vegas Aces,Las Vegas Aces,Minnesota Lynx,REB,UNDER,C,,9,33.0,31.0,31.0,0.0,0.222,BENCH,UNAVAILABLE_NO_LIVE_SOURCE,UNAVAILABLE_NO_LIVE_SOURCE,READY,89.71,HIGH,1.022581,,,PRIOR_ONLY_ROTATION_MINUTES,False
2026-08-15|chelsea gray|minnesota lynx @ las vegas aces|3pm|over,2026-08-15,Chelsea Gray,Minnesota Lynx @ Las Vegas Aces,Las Vegas Aces,Minnesota Lynx,3PM,OVER,G,,9,33.4,32.222,32.222,0.0,0.222,BENCH,UNAVAILABLE_NO_LIVE_SOURCE,UNAVAILABLE_NO_LIVE_SOURCE,READY,90.85,HIGH,1.012793,,,PRIOR_ONLY_ROTATION_MINUTES,False
2026-08-15|chelsea gray|minnesota lynx @ las vegas aces|3pm|under,2026-08-15,Chelsea Gray,Minnesota Lynx @ Las Vegas Aces,Las Vegas Aces,Minnesota Lynx,3PM,UNDER,G,,9,33.4,32.222,32.222,0.0,0.222,BENCH,UNAVAILABLE_NO_LIVE_SOURCE,UNAVAILABLE_NO_LIVE_SOURCE,READY,90.85,HIGH,1.012793,,,PRIOR_ONLY_ROTATION_MINUTES,False
2026-08-15|chelsea gray|minnesota lynx @ las vegas aces|ast|over,2026-08-15,Chelsea Gray,Minnesota Lynx @ Las Vegas Aces,Las Vegas Aces,Minnesota Lynx,AST,OVER,G,,9,33.4,32.222,32.222,0.0,0.222,BENCH,UNAVAILABLE_NO_LIVE_SOURCE,UNAVAILABLE_NO_LIVE_SOURCE,READY,90.85,HIGH,1.012793,,,PRIOR_ONLY_ROTATION_MINUTES,False
2026-08-15|chelsea gray|minnesota lynx @ las vegas aces|ast|under,2026-08-15,Chelsea Gray,Minnesota Lynx @ Las Vegas Aces,Las Vegas Aces,Minnesota Lynx,AST,UNDER,G,,9,33.4,32.222,32.222,0.0,0.222,BENCH,UNAVAILABLE_NO_LIVE_SOURCE,UNAVAILABLE_NO_LIVE_SOURCE,READY,90.85,HIGH,1.012793,,,PRIOR_ONLY_ROTATION_MINUTES,False
2026-08-15|chelsea gray|minnesota lynx @ las vegas aces|pa|over,2026-08-15,Chelsea Gray,Minnesota Lynx @ Las Vegas Aces,Las Vegas Aces,Minnesota Lynx,PA,OVER,G,,9,33.4,32.222,32.222,0.0,0.222,BENCH,UNAVAILABLE_NO_LIVE_SOURCE,UNAVAILABLE_NO_LIVE_SOURCE,READY,90.85,HIGH,1.012793,,,PRIOR_ONLY_ROTATION_MINUTES,False
2026-08-15|chelsea gray|minnesota lynx @ las vegas aces|pa|under,2026-08-15,Chelsea Gray,Minnesota Lynx @ Las Vegas Aces,Las Vegas Aces,Minnesota Lynx,PA,UNDER,G,,9,33.4,32.222,32.222,0.0,0.222,BENCH,UNAVAILABLE_NO_LIVE_SOURCE,UNAVAILABLE_NO_LIVE_SOURCE,READY,90.85,HIGH,1.012793,,,PRIOR_ONLY_ROTATION_MINUTES,False
2026-08-15|chelsea gray|minnesota lynx @ las vegas aces|pr|over,2026-08-15,Chelsea Gray,Minnesota Lynx @ Las Vegas Aces,Las Vegas Aces,Minnesota Lynx,PR,OVER,G,,9,33.4,32.222,32.222,0.0,0.222,BENCH,UNAVAILABLE_NO_LIVE_SOURCE,UNAVAILABLE_NO_LIVE_SOURCE,READY,90.85,HIGH,1.012793,,,PRIOR_ONLY_ROTATION_MINUTES,False
2026-08-15|chelsea gray|minnesota lynx @ las vegas aces|pr|under,2026-08-15,Chelsea Gray,Minnesota Lynx @ Las Vegas Aces,Las Vegas Aces,Minnesota Lynx,PR,UNDER,G,,9,33.4,32.222,32.222,0.0,0.222,BENCH,UNAVAILABLE_NO_LIVE_SOURCE,UNAVAILABLE_NO_LIVE_SOURCE,READY,90.85,HIGH,1.012793,,,PRIOR_ONLY_ROTATION_MINUTES,False
2026-08-15|chelsea gray|minnesota lynx @ las vegas aces|pra|over,2026-08-15,Chelsea Gray,Minnesota Lynx @ Las Vegas Aces,Las Vegas Aces,Minnesota Lynx,PRA,OVER,G,,9,33.4,32.222,32.222,0.0,0.222,BENCH,UNAVAILABLE_NO_LIVE_SOURCE,UNAVAILABLE_NO_LIVE_SOURCE,READY,90.85,HIGH,1.012793,,,PRIOR_ONLY_ROTATION_MINUTES,False
2026-08-15|chelsea gray|minnesota lynx @ las vegas aces|pra|under,2026-08-15,Chelsea Gray,Minnesota Lynx @ Las Vegas Aces,Las Vegas Aces,Minnesota Lynx,PRA,UNDER,G,,9,33.4,32.222,32.222,0.0,0.222,BENCH,UNAVAILABLE_NO_LIVE_SOURCE,UNAVAILABLE_NO_LIVE_SOURCE,READY,90.85,HIGH,1.012793,,,PRIOR_ONLY_ROTATION_MINUTES,False
2026-08-15|chelsea gray|minnesota lynx @ las vegas aces|pts|over,2026-08-15,Chelsea Gray,Minnesota Lynx @ Las Vegas Aces,Las Vegas Aces,Minnesota Lynx,PTS,OVER,G,,9,33.4,32.222,32.222,0.0,0.222,BENCH,UNAVAILABLE_NO_LIVE_SOURCE,UNAVAILABLE_NO_LIVE_SOURCE,READY,90.85,HIGH,1.012793,,,PRIOR_ONLY_ROTATION_MINUTES,False
2026-08-15|chelsea gray|minnesota lynx @ las vegas aces|pts|under,2026-08-15,Chelsea Gray,Minnesota Lynx @ Las Vegas Aces,Las Vegas Aces,Minnesota Lynx,PTS,UNDER,G,,9,33.4,32.222,32.222,0.0,0.222,BENCH,UNAVAILABLE_NO_LIVE_SOURCE,UNAVAILABLE_NO_LIVE_SOURCE,READY,90.85,HIGH,1.012793,,,PRIOR_ONLY_ROTATION_MINUTES,False
2026-08-15|chelsea gray|minnesota lynx @ las vegas aces|ra|over,2026-08-15,Chelsea Gray,Minnesota Lynx @ Las Vegas Aces,Las Vegas Aces,Minnesota Lynx,RA,OVER,G,,9,33.4,32.222,32.222,0.0,0.222,BENCH,UNAVAILABLE_NO_LIVE_SOURCE,UNAVAILABLE_NO_LIVE_SOURCE,READY,90.85,HIGH,1.012793,,,PRIOR_ONLY_ROTATION_MINUTES,False
2026-08-15|chelsea gray|minnesota lynx @ las vegas aces|ra|under,2026-08-15,Chelsea Gray,Minnesota Lynx @ Las Vegas Aces,Las Vegas Aces,Minnesota Lynx,RA,UNDER,G,,9,33.4,32.222,32.222,0.0,0.222,BENCH,UNAVAILABLE_NO_LIVE_SOURCE,UNAVAILABLE_NO_LIVE_SOURCE,READY,90.85,HIGH,1.012793,,,PRIOR_ONLY_ROTATION_MINUTES,False
2026-08-15|chelsea gray|minnesota lynx @ las vegas aces|reb|over,2026-08-15,Chelsea Gray,Minnesota Lynx @ Las Vegas Aces,Las Vegas Aces,Minnesota Lynx,REB,OVER,G,,9,33.4,32.222,32.222,0.0,0.222,BENCH,UNAVAILABLE_NO_LIVE_SOURCE,UNAVAILABLE_NO_LIVE_SOURCE,READY,90.85,HIGH,1.012793,,,PRIOR_ONLY_ROTATION_MINUTES,False
2026-08-15|chelsea gray|minnesota lynx @ las vegas aces|reb|under,2026-08-15,Chelsea Gray,Minnesota Lynx @ Las Vegas Aces,Las Vegas Aces,Minnesota Lynx,REB,UNDER,G,,9,33.4,32.222,32.222,0.0,0.222,BENCH,UNAVAILABLE_NO_LIVE_SOURCE,UNAVAILABLE_NO_LIVE_SOURCE,READY,90.85,HIGH,1.012793,,,PRIOR_ONLY_ROTATION_MINUTES,False
2026-08-15|courtney williams|minnesota lynx @ las vegas aces|3pm|over,2026-08-15,Courtney Williams,Minnesota Lynx @ Las Vegas Aces,Minnesota Lynx,Las Vegas Aces,3PM,OVER,G,,11,27.6,30.6,31.091,0.0,0.5,BENCH,UNAVAILABLE_NO_LIVE_SOURCE,UNAVAILABLE_NO_LIVE_SOURCE,READY,92.61,HIGH,0.960702,,,PRIOR_ONLY_ROTATION_MINUTES,False
2026-08-15|courtney williams|minnesota lynx @ las vegas aces|3pm|under,2026-08-15,Courtney Williams,Minnesota Lynx @ Las Vegas Aces,Minnesota Lynx,Las Vegas Aces,3PM,UNDER,G,,11,27.6,30.6,31.091,0.0,0.5,BENCH,UNAVAILABLE_NO_LIVE_SOURCE,UNAVAILABLE_NO_LIVE_SOURCE,READY,92.61,HIGH,0.960702,,,PRIOR_ONLY_ROTATION_MINUTES,False
2026-08-15|courtney williams|minnesota lynx @ las vegas aces|ast|over,2026-08-15,Courtney Williams,Minnesota Lynx @ Las Vegas Aces,Minnesota Lynx,Las Vegas Aces,AST,OVER,G,,11,27.6,30.6,31.091,0.0,0.5,BENCH,UNAVAILABLE_NO_LIVE_SOURCE,UNAVAILABLE_NO_LIVE_SOURCE,READY,92.61,HIGH,0.960702,,,PRIOR_ONLY_ROTATION_MINUTES,False
2026-08-15|courtney williams|minnesota lynx @ las vegas aces|ast|under,2026-08-15,Courtney Williams,Minnesota Lynx @ Las Vegas Aces,Minnesota Lynx,Las Vegas Aces,AST,UNDER,G,,11,27.6,30.6,31.091,0.0,0.5,BENCH,UNAVAILABLE_NO_LIVE_SOURCE,UNAVAILABLE_NO_LIVE_SOURCE,READY,92.61,HIGH,0.960702,,,PRIOR_ONLY_ROTATION_MINUTES,False
2026-08-15|courtney williams|minnesota lynx @ las vegas aces|pa|over,2026-08-15,Courtney Williams,Minnesota Lynx @ Las Vegas Aces,Minnesota Lynx,Las Vegas Aces,PA,OVER,G,,11,27.6,30.6,31.091,0.0,0.5,BENCH,UNAVAILABLE_NO_LIVE_SOURCE,UNAVAILABLE_NO_LIVE_SOURCE,READY,92.61,HIGH,0.960702,,,PRIOR_ONLY_ROTATION_MINUTES,False
2026-08-15|courtney williams|minnesota lynx @ las vegas aces|pa|under,2026-08-15,Courtney Williams,Minnesota Lynx @ Las Vegas Aces,Minnesota Lynx,Las Vegas Aces,PA,UNDER,G,,11,27.6,30.6,31.091,0.0,0.5,BENCH,UNAVAILABLE_NO_LIVE_SOURCE,UNAVAILABLE_NO_LIVE_SOURCE,READY,92.61,HIGH,0.960702,,,PRIOR_ONLY_ROTATION_MINUTES,False
2026-08-15|courtney williams|minnesota lynx @ las vegas aces|pr|over,2026-08-15,Courtney Williams,Minnesota Lynx @ Las Vegas Aces,Minnesota Lynx,Las Vegas Aces,PR,OVER,G,,11,27.6,30.6,31.091,0.0,0.5,BENCH,UNAVAILABLE_NO_LIVE_SOURCE,UNAVAILABLE_NO_LIVE_SOURCE,READY,92.61,HIGH,0.960702,,,PRIOR_ONLY_ROTATION_MINUTES,False
2026-08-15|courtney williams|minnesota lynx @ las vegas aces|pr|under,2026-08-15,Courtney Williams,Minnesota Lynx @ Las Vegas Aces,Minnesota Lynx,Las Vegas Aces,PR,UNDER,G,,11,27.6,30.6,31.091,0.0,0.5,BENCH,UNAVAILABLE_NO_LIVE_SOURCE,UNAVAILABLE_NO_LIVE_SOURCE,READY,92.61,HIGH,0.960702,,,PRIOR_ONLY_ROTATION_MINUTES,False
2026-08-15|courtney williams|minnesota lynx @ las vegas aces|pra|over,2026-08-15,Courtney Williams,Minnesota Lynx @ Las Vegas Aces,Minnesota Lynx,Las Vegas Aces,PRA,OVER,G,,11,27.6,30.6,31.091,0.0,0.5,BENCH,UNAVAILABLE_NO_LIVE_SOURCE,UNAVAILABLE_NO_LIVE_SOURCE,READY,92.61,HIGH,0.960702,,,PRIOR_ONLY_ROTATION_MINUTES,False
2026-08-15|courtney williams|minnesota lynx @ las vegas aces|pra|under,2026-08-15,Courtney Williams,Minnesota Lynx @ Las Vegas Aces,Minnesota Lynx,Las Vegas Aces,PRA,UNDER,G,,11,27.6,30.6,31.091,0.0,0.5,BENCH,UNAVAILABLE_NO_LIVE_SOURCE,UNAVAILABLE_NO_LIVE_SOURCE,READY,92.61,HIGH,0.960702,,,PRIOR_ONLY_ROTATION_MINUTES,False
2026-08-15|courtney williams|minnesota lynx @ las vegas aces|pts|over,2026-08-15,Courtney Williams,Minnesota Lynx @ Las Vegas Aces,Minnesota Lynx,Las Vegas Aces,PTS,OVER,G,,11,27.6,30.6,31.091,0.0,0.5,BENCH,UNAVAILABLE_NO_LIVE_SOURCE,UNAVAILABLE_NO_LIVE_SOURCE,READY,92.61,HIGH,0.960702,,,PRIOR_ONLY_ROTATION_MINUTES,False
2026-08-15|courtney williams|minnesota lynx @ las vegas aces|pts|under,2026-08-15,Courtney Williams,Minnesota Lynx @ Las Vegas Aces,Minnesota Lynx,Las Vegas Aces,PTS,UNDER,G,,11,27.6,30.6,31.091,0.0,0.5,BENCH,UNAVAILABLE_NO_LIVE_SOURCE,UNAVAILABLE_NO_LIVE_SOURCE,READY,92.61,HIGH,0.960702,,,PRIOR_ONLY_ROTATION_MINUTES,False
2026-08-15|courtney williams|minnesota lynx @ las vegas aces|ra|over,2026-08-15,Courtney Williams,Minnesota Lynx @ Las Vegas Aces,Minnesota Lynx,Las Vegas Aces,RA,OVER,G,,11,27.6,30.6,31.091,0.0,0.5,BENCH,UNAVAILABLE_NO_LIVE_SOURCE,UNAVAILABLE_NO_LIVE_SOURCE,READY,92.61,HIGH,0.960702,,,PRIOR_ONLY_ROTATION_MINUTES,False
2026-08-15|courtney williams|minnesota lynx @ las vegas aces|ra|under,2026-08-15,Courtney Williams,Minnesota Lynx @ Las Vegas Aces,Minnesota Lynx,Las Vegas Aces,RA,UNDER,G,,11,27.6,30.6,31.091,0.0,0.5,BENCH,UNAVAILABLE_NO_LIVE_SOURCE,UNAVAILABLE_NO_LIVE_SOURCE,READY,92.61,HIGH,0.960702,,,PRIOR_ONLY_ROTATION_MINUTES,False
2026-08-15|courtney williams|minnesota lynx @ las vegas aces|reb|over,2026-08-15,Courtney Williams,Minnesota Lynx @ Las Vegas Aces,Minnesota Lynx,Las Vegas Aces,REB,OVER,G,,11,27.6,30.6,31.091,0.0,0.5,BENCH,UNAVAILABLE_NO_LIVE_SOURCE,UNAVAILABLE_NO_LIVE_SOURCE,READY,92.61,HIGH,0.960702,,,PRIOR_ONLY_ROTATION_MINUTES,False
2026-08-15|courtney williams|minnesota lynx @ las vegas aces|reb|under,2026-08-15,Courtney Williams,Minnesota Lynx @ Las Vegas Aces,Minnesota Lynx,Las Vegas Aces,REB,UNDER,G,,11,27.6,30.6,31.091,0.0,0.5,BENCH,UNAVAILABLE_NO_LIVE_SOURCE,UNAVAILABLE_NO_LIVE_SOURCE,READY,92.61,HIGH,0.960702,,,PRIOR_ONLY_ROTATION_MINUTES,False
2026-08-15|jackie young|minnesota lynx @ las vegas aces|3pm|over,2026-08-15,Jackie Young,Minnesota Lynx @ Las Vegas Aces,Las Vegas Aces,Minnesota Lynx,3PM,OVER,G,,9,32.4,31.333,31.333,0.0,0.222,BENCH,UNAVAILABLE_NO_LIVE_SOURCE,UNAVAILABLE_NO_LIVE_SOURCE,READY,89.71,HIGH,1.011915,,,PRIOR_ONLY_ROTATION_MINUTES,False
2026-08-15|jackie young|minnesota lynx @ las vegas aces|3pm|under,2026-08-15,Jackie Young,Minnesota Lynx @ Las Vegas Aces,Las Vegas Aces,Minnesota Lynx,3PM,UNDER,G,,9,32.4,31.333,31.333,0.0,0.222,BENCH,UNAVAILABLE_NO_LIVE_SOURCE,UNAVAILABLE_NO_LIVE_SOURCE,READY,89.71,HIGH,1.011915,,,PRIOR_ONLY_ROTATION_MINUTES,False
2026-08-15|jackie young|minnesota lynx @ las vegas aces|ast|over,2026-08-15,Jackie Young,Minnesota Lynx @ Las Vegas Aces,Las Vegas Aces,Minnesota Lynx,AST,OVER,G,,9,32.4,31.333,31.333,0.0,0.222,BENCH,UNAVAILABLE_NO_LIVE_SOURCE,UNAVAILABLE_NO_LIVE_SOURCE,READY,89.71,HIGH,1.011915,,,PRIOR_ONLY_ROTATION_MINUTES,False
2026-08-15|jackie young|minnesota lynx @ las vegas aces|ast|under,2026-08-15,Jackie Young,Minnesota Lynx @ Las Vegas Aces,Las Vegas Aces,Minnesota Lynx,AST,UNDER,G,,9,32.4,31.333,31.333,0.0,0.222,BENCH,UNAVAILABLE_NO_LIVE_SOURCE,UNAVAILABLE_NO_LIVE_SOURCE,READY,89.71,HIGH,1.011915,,,PRIOR_ONLY_ROTATION_MINUTES,False
2026-08-15|jackie young|minnesota lynx @ las vegas aces|pa|over,2026-08-15,Jackie Young,Minnesota Lynx @ Las Vegas Aces,Las Vegas Aces,Minnesota Lynx,PA,OVER,G,,9,32.4,31.333,31.333,0.0,0.222,BENCH,UNAVAILABLE_NO_LIVE_SOURCE,UNAVAILABLE_NO_LIVE_SOURCE,READY,89.71,HIGH,1.011915,,,PRIOR_ONLY_ROTATION_MINUTES,False
2026-08-15|jackie young|minnesota lynx @ las vegas aces|pa|over,2026-08-15,Jackie Young,Minnesota Lynx @ Las Vegas Aces,Las Vegas Aces,Minnesota Lynx,PA,OVER,G,,9,32.4,31.333,31.333,0.0,0.222,BENCH,UNAVAILABLE_NO_LIVE_SOURCE,UNAVAILABLE_NO_LIVE_SOURCE,READY,89.71,HIGH,1.011915,,,PRIOR_ONLY_ROTATION_MINUTES,False
2026-08-15|jackie young|minnesota lynx @ las vegas aces|pa|under,2026-08-15,Jackie Young,Minnesota Lynx @ Las Vegas Aces,Las Vegas Aces,Minnesota Lynx,PA,UNDER,G,,9,32.4,31.333,31.333,0.0,0.222,BENCH,UNAVAILABLE_NO_LIVE_SOURCE,UNAVAILABLE_NO_LIVE_SOURCE,READY,89.71,HIGH,1.011915,,,PRIOR_ONLY_ROTATION_MINUTES,False
2026-08-15|jackie young|minnesota lynx @ las vegas aces|pa|under,2026-08-15,Jackie Young,Minnesota Lynx @ Las Vegas Aces,Las Vegas Aces,Minnesota Lynx,PA,UNDER,G,,9,32.4,31.333,31.333,0.0,0.222,BENCH,UNAVAILABLE_NO_LIVE_SOURCE,UNAVAILABLE_NO_LIVE_SOURCE,READY,89.71,HIGH,1.011915,,,PRIOR_ONLY_ROTATION_MINUTES,False
2026-08-15|jackie young|minnesota lynx @ las vegas aces|pr|over,2026-08-15,Jackie Young,Minnesota Lynx @ Las Vegas Aces,Las Vegas Aces,Minnesota Lynx,PR,OVER,G,,9,32.4,31.333,31.333,0.0,0.222,BENCH,UNAVAILABLE_NO_LIVE_SOURCE,UNAVAILABLE_NO_LIVE_SOURCE,READY,89.71,HIGH,1.011915,,,PRIOR_ONLY_ROTATION_MINUTES,False
2026-08-15|jackie young|minnesota lynx @ las vegas aces|pr|under,2026-08-15,Jackie Young,Minnesota Lynx @ Las Vegas Aces,Las Vegas Aces,Minnesota Lynx,PR,UNDER,G,,9,32.4,31.333,31.333,0.0,0.222,BENCH,UNAVAILABLE_NO_LIVE_SOURCE,UNAVAILABLE_NO_LIVE_SOURCE,READY,89.71,HIGH,1.011915,,,PRIOR_ONLY_ROTATION_MINUTES,False
2026-08-15|jackie young|minnesota lynx @ las vegas aces|pra|over,2026-08-15,Jackie Young,Minnesota Lynx @ Las Vegas Aces,Las Vegas Aces,Minnesota Lynx,PRA,OVER,G,,9,32.4,31.333,31.333,0.0,0.222,BENCH,UNAVAILABLE_NO_LIVE_SOURCE,UNAVAILABLE_NO_LIVE_SOURCE,READY,89.71,HIGH,1.011915,,,PRIOR_ONLY_ROTATION_MINUTES,False
2026-08-15|jackie young|minnesota lynx @ las vegas aces|pra|over,2026-08-15,Jackie Young,Minnesota Lynx @ Las Vegas Aces,Las Vegas Aces,Minnesota Lynx,PRA,OVER,G,,9,32.4,31.333,31.333,0.0,0.222,BENCH,UNAVAILABLE_NO_LIVE_SOURCE,UNAVAILABLE_NO_LIVE_SOURCE,READY,89.71,HIGH,1.011915,,,PRIOR_ONLY_ROTATION_MINUTES,False
2026-08-15|jackie young|minnesota lynx @ las vegas aces|pra|under,2026-08-15,Jackie Young,Minnesota Lynx @ Las Vegas Aces,Las Vegas Aces,Minnesota Lynx,PRA,UNDER,G,,9,32.4,31.333,31.333,0.0,0.222,BENCH,UNAVAILABLE_NO_LIVE_SOURCE,UNAVAILABLE_NO_LIVE_SOURCE,READY,89.71,HIGH,1.011915,,,PRIOR_ONLY_ROTATION_MINUTES,False
2026-08-15|jackie young|minnesota lynx @ las vegas aces|pra|under,2026-08-15,Jackie Young,Minnesota Lynx @ Las Vegas Aces,Las Vegas Aces,Minnesota Lynx,PRA,UNDER,G,,9,32.4,31.333,31.333,0.0,0.222,BENCH,UNAVAILABLE_NO_LIVE_SOURCE,UNAVAILABLE_NO_LIVE_SOURCE,READY,89.71,HIGH,1.011915,,,PRIOR_ONLY_ROTATION_MINUTES,False
2026-08-15|jackie young|minnesota lynx @ las vegas aces|pts|over,2026-08-15,Jackie Young,Minnesota Lynx @ Las Vegas Aces,Las Vegas Aces,Minnesota Lynx,PTS,OVER,G,,9,32.4,31.333,31.333,0.0,0.222,BENCH,UNAVAILABLE_NO_LIVE_SOURCE,UNAVAILABLE_NO_LIVE_SOURCE,READY,89.71,HIGH,1.011915,,,PRIOR_ONLY_ROTATION_MINUTES,False
2026-08-15|jackie young|minnesota lynx @ las vegas aces|pts|under,2026-08-15,Jackie Young,Minnesota Lynx @ Las Vegas Aces,Las Vegas Aces,Minnesota Lynx,PTS,UNDER,G,,9,32.4,31.333,31.333,0.0,0.222,BENCH,UNAVAILABLE_NO_LIVE_SOURCE,UNAVAILABLE_NO_LIVE_SOURCE,READY,89.71,HIGH,1.011915,,,PRIOR_ONLY_ROTATION_MINUTES,False
2026-08-15|jackie young|minnesota lynx @ las vegas aces|ra|over,2026-08-15,Jackie Young,Minnesota Lynx @ Las Vegas Aces,Las Vegas Aces,Minnesota Lynx,RA,OVER,G,,9,32.4,31.333,31.333,0.0,0.222,BENCH,UNAVAILABLE_NO_LIVE_SOURCE,UNAVAILABLE_NO_LIVE_SOURCE,READY,89.71,HIGH,1.011915,,,PRIOR_ONLY_ROTATION_MINUTES,False
2026-08-15|jackie young|minnesota lynx @ las vegas aces|ra|under,2026-08-15,Jackie Young,Minnesota Lynx @ Las Vegas Aces,Las Vegas Aces,Minnesota Lynx,RA,UNDER,G,,9,32.4,31.333,31.333,0.0,0.222,BENCH,UNAVAILABLE_NO_LIVE_SOURCE,UNAVAILABLE_NO_LIVE_SOURCE,READY,89.71,HIGH,1.011915,,,PRIOR_ONLY_ROTATION_MINUTES,False
2026-08-15|jackie young|minnesota lynx @ las vegas aces|reb|over,2026-08-15,Jackie Young,Minnesota Lynx @ Las Vegas Aces,Las Vegas Aces,Minnesota Lynx,REB,OVER,G,,9,32.4,31.333,31.333,0.0,0.222,BENCH,UNAVAILABLE_NO_LIVE_SOURCE,UNAVAILABLE_NO_LIVE_SOURCE,READY,89.71,HIGH,1.011915,,,PRIOR_ONLY_ROTATION_MINUTES,False
2026-08-15|jackie young|minnesota lynx @ las vegas aces|reb|under,2026-08-15,Jackie Young,Minnesota Lynx @ Las Vegas Aces,Las Vegas Aces,Minnesota Lynx,REB,UNDER,G,,9,32.4,31.333,31.333,0.0,0.222,BENCH,UNAVAILABLE_NO_LIVE_SOURCE,UNAVAILABLE_NO_LIVE_SOURCE,READY,89.71,HIGH,1.011915,,,PRIOR_ONLY_ROTATION_MINUTES,False
2026-08-15|jewell loyd|minnesota lynx @ las vegas aces|3pm|over,2026-08-15,Jewell Loyd,Minnesota Lynx @ Las Vegas Aces,Las Vegas Aces,Minnesota Lynx,3PM,OVER,G,,9,25.0,25.889,25.889,0.0,0.0,BENCH,UNAVAILABLE_NO_LIVE_SOURCE,UNAVAILABLE_NO_LIVE_SOURCE,READY,89.1,HIGH,0.987983,,,PRIOR_ONLY_ROTATION_MINUTES,False
2026-08-15|jewell loyd|minnesota lynx @ las vegas aces|3pm|under,2026-08-15,Jewell Loyd,Minnesota Lynx @ Las Vegas Aces,Las Vegas Aces,Minnesota Lynx,3PM,UNDER,G,,9,25.0,25.889,25.889,0.0,0.0,BENCH,UNAVAILABLE_NO_LIVE_SOURCE,UNAVAILABLE_NO_LIVE_SOURCE,READY,89.1,HIGH,0.987983,,,PRIOR_ONLY_ROTATION_MINUTES,False
2026-08-15|jewell loyd|minnesota lynx @ las vegas aces|pts|over,2026-08-15,Jewell Loyd,Minnesota Lynx @ Las Vegas Aces,Las Vegas Aces,Minnesota Lynx,PTS,OVER,G,,9,25.0,25.889,25.889,0.0,0.0,BENCH,UNAVAILABLE_NO_LIVE_SOURCE,UNAVAILABLE_NO_LIVE_SOURCE,READY,89.1,HIGH,0.987983,,,PRIOR_ONLY_ROTATION_MINUTES,False
2026-08-15|jewell loyd|minnesota lynx @ las vegas aces|pts|over,2026-08-15,Jewell Loyd,Minnesota Lynx @ Las Vegas Aces,Las Vegas Aces,Minnesota Lynx,PTS,OVER,G,,9,25.0,25.889,25.889,0.0,0.0,BENCH,UNAVAILABLE_NO_LIVE_SOURCE,UNAVAILABLE_NO_LIVE_SOURCE,READY,89.1,HIGH,0.987983,,,PRIOR_ONLY_ROTATION_MINUTES,False
2026-08-15|jewell loyd|minnesota lynx @ las vegas aces|pts|under,2026-08-15,Jewell Loyd,Minnesota Lynx @ Las Vegas Aces,Las Vegas Aces,Minnesota Lynx,PTS,UNDER,G,,9,25.0,25.889,25.889,0.0,0.0,BENCH,UNAVAILABLE_NO_LIVE_SOURCE,UNAVAILABLE_NO_LIVE_SOURCE,READY,89.1,HIGH,0.987983,,,PRIOR_ONLY_ROTATION_MINUTES,False
2026-08-15|jewell loyd|minnesota lynx @ las vegas aces|pts|under,2026-08-15,Jewell Loyd,Minnesota Lynx @ Las Vegas Aces,Las Vegas Aces,Minnesota Lynx,PTS,UNDER,G,,9,25.0,25.889,25.889,0.0,0.0,BENCH,UNAVAILABLE_NO_LIVE_SOURCE,UNAVAILABLE_NO_LIVE_SOURCE,READY,89.1,HIGH,0.987983,,,PRIOR_ONLY_ROTATION_MINUTES,False
2026-08-15|kayla mcbride|minnesota lynx @ las vegas aces|3pm|over,2026-08-15,Kayla McBride,Minnesota Lynx @ Las Vegas Aces,Minnesota Lynx,Las Vegas Aces,3PM,OVER,G,,11,31.2,32.5,33.0,0.0,0.5,BENCH,UNAVAILABLE_NO_LIVE_SOURCE,UNAVAILABLE_NO_LIVE_SOURCE,READY,94.77,HIGH,0.980909,,,PRIOR_ONLY_ROTATION_MINUTES,False
2026-08-15|kayla mcbride|minnesota lynx @ las vegas aces|3pm|under,2026-08-15,Kayla McBride,Minnesota Lynx @ Las Vegas Aces,Minnesota Lynx,Las Vegas Aces,3PM,UNDER,G,,11,31.2,32.5,33.0,0.0,0.5,BENCH,UNAVAILABLE_NO_LIVE_SOURCE,UNAVAILABLE_NO_LIVE_SOURCE,READY,94.77,HIGH,0.980909,,,PRIOR_ONLY_ROTATION_MINUTES,False
2026-08-15|kayla mcbride|minnesota lynx @ las vegas aces|pa|over,2026-08-15,Kayla McBride,Minnesota Lynx @ Las Vegas Aces,Minnesota Lynx,Las Vegas Aces,PA,OVER,G,,11,31.2,32.5,33.0,0.0,0.5,BENCH,UNAVAILABLE_NO_LIVE_SOURCE,UNAVAILABLE_NO_LIVE_SOURCE,READY,94.77,HIGH,0.980909,,,PRIOR_ONLY_ROTATION_MINUTES,False
2026-08-15|kayla mcbride|minnesota lynx @ las vegas aces|pa|under,2026-08-15,Kayla McBride,Minnesota Lynx @ Las Vegas Aces,Minnesota Lynx,Las Vegas Aces,PA,UNDER,G,,11,31.2,32.5,33.0,0.0,0.5,BENCH,UNAVAILABLE_NO_LIVE_SOURCE,UNAVAILABLE_NO_LIVE_SOURCE,READY,94.77,HIGH,0.980909,,,PRIOR_ONLY_ROTATION_MINUTES,False
2026-08-15|kayla mcbride|minnesota lynx @ las vegas aces|pr|over,2026-08-15,Kayla McBride,Minnesota Lynx @ Las Vegas Aces,Minnesota Lynx,Las Vegas Aces,PR,OVER,G,,11,31.2,32.5,33.0,0.0,0.5,BENCH,UNAVAILABLE_NO_LIVE_SOURCE,UNAVAILABLE_NO_LIVE_SOURCE,READY,94.77,HIGH,0.980909,,,PRIOR_ONLY_ROTATION_MINUTES,False
2026-08-15|kayla mcbride|minnesota lynx @ las vegas aces|pr|under,2026-08-15,Kayla McBride,Minnesota Lynx @ Las Vegas Aces,Minnesota Lynx,Las Vegas Aces,PR,UNDER,G,,11,31.2,32.5,33.0,0.0,0.5,BENCH,UNAVAILABLE_NO_LIVE_SOURCE,UNAVAILABLE_NO_LIVE_SOURCE,READY,94.77,HIGH,0.980909,,,PRIOR_ONLY_ROTATION_MINUTES,False
2026-08-15|kayla mcbride|minnesota lynx @ las vegas aces|pra|over,2026-08-15,Kayla McBride,Minnesota Lynx @ Las Vegas Aces,Minnesota Lynx,Las Vegas Aces,PRA,OVER,G,,11,31.2,32.5,33.0,0.0,0.5,BENCH,UNAVAILABLE_NO_LIVE_SOURCE,UNAVAILABLE_NO_LIVE_SOURCE,READY,94.77,HIGH,0.980909,,,PRIOR_ONLY_ROTATION_MINUTES,False
2026-08-15|kayla mcbride|minnesota lynx @ las vegas aces|pra|under,2026-08-15,Kayla McBride,Minnesota Lynx @ Las Vegas Aces,Minnesota Lynx,Las Vegas Aces,PRA,UNDER,G,,11,31.2,32.5,33.0,0.0,0.5,BENCH,UNAVAILABLE_NO_LIVE_SOURCE,UNAVAILABLE_NO_LIVE_SOURCE,READY,94.77,HIGH,0.980909,,,PRIOR_ONLY_ROTATION_MINUTES,False
2026-08-15|kayla mcbride|minnesota lynx @ las vegas aces|pts|over,2026-08-15,Kayla McBride,Minnesota Lynx @ Las Vegas Aces,Minnesota Lynx,Las Vegas Aces,PTS,OVER,G,,11,31.2,32.5,33.0,0.0,0.5,BENCH,UNAVAILABLE_NO_LIVE_SOURCE,UNAVAILABLE_NO_LIVE_SOURCE,READY,94.77,HIGH,0.980909,,,PRIOR_ONLY_ROTATION_MINUTES,False
2026-08-15|kayla mcbride|minnesota lynx @ las vegas aces|pts|under,2026-08-15,Kayla McBride,Minnesota Lynx @ Las Vegas Aces,Minnesota Lynx,Las Vegas Aces,PTS,UNDER,G,,11,31.2,32.5,33.0,0.0,0.5,BENCH,UNAVAILABLE_NO_LIVE_SOURCE,UNAVAILABLE_NO_LIVE_SOURCE,READY,94.77,HIGH,0.980909,,,PRIOR_ONLY_ROTATION_MINUTES,False
2026-08-15|kayla mcbride|minnesota lynx @ las vegas aces|ra|over,2026-08-15,Kayla McBride,Minnesota Lynx @ Las Vegas Aces,Minnesota Lynx,Las Vegas Aces,RA,OVER,G,,11,31.2,32.5,33.0,0.0,0.5,BENCH,UNAVAILABLE_NO_LIVE_SOURCE,UNAVAILABLE_NO_LIVE_SOURCE,READY,94.77,HIGH,0.980909,,,PRIOR_ONLY_ROTATION_MINUTES,False
2026-08-15|kayla mcbride|minnesota lynx @ las vegas aces|ra|under,2026-08-15,Kayla McBride,Minnesota Lynx @ Las Vegas Aces,Minnesota Lynx,Las Vegas Aces,RA,UNDER,G,,11,31.2,32.5,33.0,0.0,0.5,BENCH,UNAVAILABLE_NO_LIVE_SOURCE,UNAVAILABLE_NO_LIVE_SOURCE,READY,94.77,HIGH,0.980909,,,PRIOR_ONLY_ROTATION_MINUTES,False
2026-08-15|kayla mcbride|minnesota lynx @ las vegas aces|reb|over,2026-08-15,Kayla McBride,Minnesota Lynx @ Las Vegas Aces,Minnesota Lynx,Las Vegas Aces,REB,OVER,G,,11,31.2,32.5,33.0,0.0,0.5,BENCH,UNAVAILABLE_NO_LIVE_SOURCE,UNAVAILABLE_NO_LIVE_SOURCE,READY,94.77,HIGH,0.980909,,,PRIOR_ONLY_ROTATION_MINUTES,False
2026-08-15|kayla mcbride|minnesota lynx @ las vegas aces|reb|under,2026-08-15,Kayla McBride,Minnesota Lynx @ Las Vegas Aces,Minnesota Lynx,Las Vegas Aces,REB,UNDER,G,,11,31.2,32.5,33.0,0.0,0.5,BENCH,UNAVAILABLE_NO_LIVE_SOURCE,UNAVAILABLE_NO_LIVE_SOURCE,READY,94.77,HIGH,0.980909,,,PRIOR_ONLY_ROTATION_MINUTES,False
2026-08-15|nalyssa smith|minnesota lynx @ las vegas aces|pr|over,2026-08-15,NaLyssa Smith,Minnesota Lynx @ Las Vegas Aces,Las Vegas Aces,Minnesota Lynx,PR,OVER,F,,8,24.4,23.625,23.625,0.0,0.25,BENCH,UNAVAILABLE_NO_LIVE_SOURCE,UNAVAILABLE_NO_LIVE_SOURCE,READY,79.2,MEDIUM,1.011481,,,PRIOR_ONLY_ROTATION_MINUTES,False
2026-08-15|nalyssa smith|minnesota lynx @ las vegas aces|pr|under,2026-08-15,NaLyssa Smith,Minnesota Lynx @ Las Vegas Aces,Las Vegas Aces,Minnesota Lynx,PR,UNDER,F,,8,24.4,23.625,23.625,0.0,0.25,BENCH,UNAVAILABLE_NO_LIVE_SOURCE,UNAVAILABLE_NO_LIVE_SOURCE,READY,79.2,MEDIUM,1.011481,,,PRIOR_ONLY_ROTATION_MINUTES,False
2026-08-15|nalyssa smith|minnesota lynx @ las vegas aces|pts|over,2026-08-15,NaLyssa Smith,Minnesota Lynx @ Las Vegas Aces,Las Vegas Aces,Minnesota Lynx,PTS,OVER,F,,8,24.4,23.625,23.625,0.0,0.25,BENCH,UNAVAILABLE_NO_LIVE_SOURCE,UNAVAILABLE_NO_LIVE_SOURCE,READY,79.2,MEDIUM,1.011481,,,PRIOR_ONLY_ROTATION_MINUTES,False
2026-08-15|nalyssa smith|minnesota lynx @ las vegas aces|pts|under,2026-08-15,NaLyssa Smith,Minnesota Lynx @ Las Vegas Aces,Las Vegas Aces,Minnesota Lynx,PTS,UNDER,F,,8,24.4,23.625,23.625,0.0,0.25,BENCH,UNAVAILABLE_NO_LIVE_SOURCE,UNAVAILABLE_NO_LIVE_SOURCE,READY,79.2,MEDIUM,1.011481,,,PRIOR_ONLY_ROTATION_MINUTES,False
2026-08-15|nalyssa smith|minnesota lynx @ las vegas aces|reb|over,2026-08-15,NaLyssa Smith,Minnesota Lynx @ Las Vegas Aces,Las Vegas Aces,Minnesota Lynx,REB,OVER,F,,8,24.4,23.625,23.625,0.0,0.25,BENCH,UNAVAILABLE_NO_LIVE_SOURCE,UNAVAILABLE_NO_LIVE_SOURCE,READY,79.2,MEDIUM,1.011481,,,PRIOR_ONLY_ROTATION_MINUTES,False
2026-08-15|nalyssa smith|minnesota lynx @ las vegas aces|reb|over,2026-08-15,NaLyssa Smith,Minnesota Lynx @ Las Vegas Aces,Las Vegas Aces,Minnesota Lynx,REB,OVER,F,,8,24.4,23.625,23.625,0.0,0.25,BENCH,UNAVAILABLE_NO_LIVE_SOURCE,UNAVAILABLE_NO_LIVE_SOURCE,READY,79.2,MEDIUM,1.011481,,,PRIOR_ONLY_ROTATION_MINUTES,False
2026-08-15|nalyssa smith|minnesota lynx @ las vegas aces|reb|under,2026-08-15,NaLyssa Smith,Minnesota Lynx @ Las Vegas Aces,Las Vegas Aces,Minnesota Lynx,REB,UNDER,F,,8,24.4,23.625,23.625,0.0,0.25,BENCH,UNAVAILABLE_NO_LIVE_SOURCE,UNAVAILABLE_NO_LIVE_SOURCE,READY,79.2,MEDIUM,1.011481,,,PRIOR_ONLY_ROTATION_MINUTES,False
2026-08-15|nalyssa smith|minnesota lynx @ las vegas aces|reb|under,2026-08-15,NaLyssa Smith,Minnesota Lynx @ Las Vegas Aces,Las Vegas Aces,Minnesota Lynx,REB,UNDER,F,,8,24.4,23.625,23.625,0.0,0.25,BENCH,UNAVAILABLE_NO_LIVE_SOURCE,UNAVAILABLE_NO_LIVE_SOURCE,READY,79.2,MEDIUM,1.011481,,,PRIOR_ONLY_ROTATION_MINUTES,False
2026-08-15|napheesa collier|minnesota lynx @ las vegas aces|3pm|over,2026-08-15,Napheesa Collier,Minnesota Lynx @ Las Vegas Aces,Minnesota Lynx,Las Vegas Aces,3PM,OVER,F,,4,25.0,25.0,25.0,0.0,0.0,BENCH,UNAVAILABLE_NO_LIVE_SOURCE,UNAVAILABLE_NO_LIVE_SOURCE,READY,60.39,MEDIUM,1.0,,,PRIOR_ONLY_ROTATION_MINUTES,False
2026-08-15|napheesa collier|minnesota lynx @ las vegas aces|3pm|under,2026-08-15,Napheesa Collier,Minnesota Lynx @ Las Vegas Aces,Minnesota Lynx,Las Vegas Aces,3PM,UNDER,F,,4,25.0,25.0,25.0,0.0,0.0,BENCH,UNAVAILABLE_NO_LIVE_SOURCE,UNAVAILABLE_NO_LIVE_SOURCE,READY,60.39,MEDIUM,1.0,,,PRIOR_ONLY_ROTATION_MINUTES,False
2026-08-15|napheesa collier|minnesota lynx @ las vegas aces|ast|over,2026-08-15,Napheesa Collier,Minnesota Lynx @ Las Vegas Aces,Minnesota Lynx,Las Vegas Aces,AST,OVER,F,,4,25.0,25.0,25.0,0.0,0.0,BENCH,UNAVAILABLE_NO_LIVE_SOURCE,UNAVAILABLE_NO_LIVE_SOURCE,READY,60.39,MEDIUM,1.0,,,PRIOR_ONLY_ROTATION_MINUTES,False
2026-08-15|napheesa collier|minnesota lynx @ las vegas aces|ast|under,2026-08-15,Napheesa Collier,Minnesota Lynx @ Las Vegas Aces,Minnesota Lynx,Las Vegas Aces,AST,UNDER,F,,4,25.0,25.0,25.0,0.0,0.0,BENCH,UNAVAILABLE_NO_LIVE_SOURCE,UNAVAILABLE_NO_LIVE_SOURCE,READY,60.39,MEDIUM,1.0,,,PRIOR_ONLY_ROTATION_MINUTES,False
2026-08-15|napheesa collier|minnesota lynx @ las vegas aces|pa|over,2026-08-15,Napheesa Collier,Minnesota Lynx @ Las Vegas Aces,Minnesota Lynx,Las Vegas Aces,PA,OVER,F,,4,25.0,25.0,25.0,0.0,0.0,BENCH,UNAVAILABLE_NO_LIVE_SOURCE,UNAVAILABLE_NO_LIVE_SOURCE,READY,60.39,MEDIUM,1.0,,,PRIOR_ONLY_ROTATION_MINUTES,False
2026-08-15|napheesa collier|minnesota lynx @ las vegas aces|pa|under,2026-08-15,Napheesa Collier,Minnesota Lynx @ Las Vegas Aces,Minnesota Lynx,Las Vegas Aces,PA,UNDER,F,,4,25.0,25.0,25.0,0.0,0.0,BENCH,UNAVAILABLE_NO_LIVE_SOURCE,UNAVAILABLE_NO_LIVE_SOURCE,READY,60.39,MEDIUM,1.0,,,PRIOR_ONLY_ROTATION_MINUTES,False
2026-08-15|napheesa collier|minnesota lynx @ las vegas aces|pr|over,2026-08-15,Napheesa Collier,Minnesota Lynx @ Las Vegas Aces,Minnesota Lynx,Las Vegas Aces,PR,OVER,F,,4,25.0,25.0,25.0,0.0,0.0,BENCH,UNAVAILABLE_NO_LIVE_SOURCE,UNAVAILABLE_NO_LIVE_SOURCE,READY,60.39,MEDIUM,1.0,,,PRIOR_ONLY_ROTATION_MINUTES,False
2026-08-15|napheesa collier|minnesota lynx @ las vegas aces|pr|under,2026-08-15,Napheesa Collier,Minnesota Lynx @ Las Vegas Aces,Minnesota Lynx,Las Vegas Aces,PR,UNDER,F,,4,25.0,25.0,25.0,0.0,0.0,BENCH,UNAVAILABLE_NO_LIVE_SOURCE,UNAVAILABLE_NO_LIVE_SOURCE,READY,60.39,MEDIUM,1.0,,,PRIOR_ONLY_ROTATION_MINUTES,False
2026-08-15|napheesa collier|minnesota lynx @ las vegas aces|pra|over,2026-08-15,Napheesa Collier,Minnesota Lynx @ Las Vegas Aces,Minnesota Lynx,Las Vegas Aces,PRA,OVER,F,,4,25.0,25.0,25.0,0.0,0.0,BENCH,UNAVAILABLE_NO_LIVE_SOURCE,UNAVAILABLE_NO_LIVE_SOURCE,READY,60.39,MEDIUM,1.0,,,PRIOR_ONLY_ROTATION_MINUTES,False
2026-08-15|napheesa collier|minnesota lynx @ las vegas aces|pra|under,2026-08-15,Napheesa Collier,Minnesota Lynx @ Las Vegas Aces,Minnesota Lynx,Las Vegas Aces,PRA,UNDER,F,,4,25.0,25.0,25.0,0.0,0.0,BENCH,UNAVAILABLE_NO_LIVE_SOURCE,UNAVAILABLE_NO_LIVE_SOURCE,READY,60.39,MEDIUM,1.0,,,PRIOR_ONLY_ROTATION_MINUTES,False
2026-08-15|napheesa collier|minnesota lynx @ las vegas aces|pts|over,2026-08-15,Napheesa Collier,Minnesota Lynx @ Las Vegas Aces,Minnesota Lynx,Las Vegas Aces,PTS,OVER,F,,4,25.0,25.0,25.0,0.0,0.0,BENCH,UNAVAILABLE_NO_LIVE_SOURCE,UNAVAILABLE_NO_LIVE_SOURCE,READY,60.39,MEDIUM,1.0,,,PRIOR_ONLY_ROTATION_MINUTES,False
2026-08-15|napheesa collier|minnesota lynx @ las vegas aces|pts|under,2026-08-15,Napheesa Collier,Minnesota Lynx @ Las Vegas Aces,Minnesota Lynx,Las Vegas Aces,PTS,UNDER,F,,4,25.0,25.0,25.0,0.0,0.0,BENCH,UNAVAILABLE_NO_LIVE_SOURCE,UNAVAILABLE_NO_LIVE_SOURCE,READY,60.39,MEDIUM,1.0,,,PRIOR_ONLY_ROTATION_MINUTES,False
2026-08-15|napheesa collier|minnesota lynx @ las vegas aces|ra|over,2026-08-15,Napheesa Collier,Minnesota Lynx @ Las Vegas Aces,Minnesota Lynx,Las Vegas Aces,RA,OVER,F,,4,25.0,25.0,25.0,0.0,0.0,BENCH,UNAVAILABLE_NO_LIVE_SOURCE,UNAVAILABLE_NO_LIVE_SOURCE,READY,60.39,MEDIUM,1.0,,,PRIOR_ONLY_ROTATION_MINUTES,False
2026-08-15|napheesa collier|minnesota lynx @ las vegas aces|ra|under,2026-08-15,Napheesa Collier,Minnesota Lynx @ Las Vegas Aces,Minnesota Lynx,Las Vegas Aces,RA,UNDER,F,,4,25.0,25.0,25.0,0.0,0.0,BENCH,UNAVAILABLE_NO_LIVE_SOURCE,UNAVAILABLE_NO_LIVE_SOURCE,READY,60.39,MEDIUM,1.0,,,PRIOR_ONLY_ROTATION_MINUTES,False
2026-08-15|napheesa collier|minnesota lynx @ las vegas aces|reb|over,2026-08-15,Napheesa Collier,Minnesota Lynx @ Las Vegas Aces,Minnesota Lynx,Las Vegas Aces,REB,OVER,F,,4,25.0,25.0,25.0,0.0,0.0,BENCH,UNAVAILABLE_NO_LIVE_SOURCE,UNAVAILABLE_NO_LIVE_SOURCE,READY,60.39,MEDIUM,1.0,,,PRIOR_ONLY_ROTATION_MINUTES,False
2026-08-15|napheesa collier|minnesota lynx @ las vegas aces|reb|over,2026-08-15,Napheesa Collier,Minnesota Lynx @ Las Vegas Aces,Minnesota Lynx,Las Vegas Aces,REB,OVER,F,,4,25.0,25.0,25.0,0.0,0.0,BENCH,UNAVAILABLE_NO_LIVE_SOURCE,UNAVAILABLE_NO_LIVE_SOURCE,READY,60.39,MEDIUM,1.0,,,PRIOR_ONLY_ROTATION_MINUTES,False
2026-08-15|napheesa collier|minnesota lynx @ las vegas aces|reb|under,2026-08-15,Napheesa Collier,Minnesota Lynx @ Las Vegas Aces,Minnesota Lynx,Las Vegas Aces,REB,UNDER,F,,4,25.0,25.0,25.0,0.0,0.0,BENCH,UNAVAILABLE_NO_LIVE_SOURCE,UNAVAILABLE_NO_LIVE_SOURCE,READY,60.39,MEDIUM,1.0,,,PRIOR_ONLY_ROTATION_MINUTES,False
2026-08-15|napheesa collier|minnesota lynx @ las vegas aces|reb|under,2026-08-15,Napheesa Collier,Minnesota Lynx @ Las Vegas Aces,Minnesota Lynx,Las Vegas Aces,REB,UNDER,F,,4,25.0,25.0,25.0,0.0,0.0,BENCH,UNAVAILABLE_NO_LIVE_SOURCE,UNAVAILABLE_NO_LIVE_SOURCE,READY,60.39,MEDIUM,1.0,,,PRIOR_ONLY_ROTATION_MINUTES,False
2026-08-15|natasha howard|minnesota lynx @ las vegas aces|ast|over,2026-08-15,Natasha Howard,Minnesota Lynx @ Las Vegas Aces,Minnesota Lynx,Las Vegas Aces,AST,OVER,F,,11,25.2,28.5,28.273,0.0,0.5,BENCH,UNAVAILABLE_NO_LIVE_SOURCE,UNAVAILABLE_NO_LIVE_SOURCE,READY,92.82,HIGH,0.961961,,,PRIOR_ONLY_ROTATION_MINUTES,False
2026-08-15|natasha howard|minnesota lynx @ las vegas aces|ast|under,2026-08-15,Natasha Howard,Minnesota Lynx @ Las Vegas Aces,Minnesota Lynx,Las Vegas Aces,AST,UNDER,F,,11,25.2,28.5,28.273,0.0,0.5,BENCH,UNAVAILABLE_NO_LIVE_SOURCE,UNAVAILABLE_NO_LIVE_SOURCE,READY,92.82,HIGH,0.961961,,,PRIOR_ONLY_ROTATION_MINUTES,False
2026-08-15|natasha howard|minnesota lynx @ las vegas aces|pa|over,2026-08-15,Natasha Howard,Minnesota Lynx @ Las Vegas Aces,Minnesota Lynx,Las Vegas Aces,PA,OVER,F,,11,25.2,28.5,28.273,0.0,0.5,BENCH,UNAVAILABLE_NO_LIVE_SOURCE,UNAVAILABLE_NO_LIVE_SOURCE,READY,92.82,HIGH,0.961961,,,PRIOR_ONLY_ROTATION_MINUTES,False
2026-08-15|natasha howard|minnesota lynx @ las vegas aces|pa|under,2026-08-15,Natasha Howard,Minnesota Lynx @ Las Vegas Aces,Minnesota Lynx,Las Vegas Aces,PA,UNDER,F,,11,25.2,28.5,28.273,0.0,0.5,BENCH,UNAVAILABLE_NO_LIVE_SOURCE,UNAVAILABLE_NO_LIVE_SOURCE,READY,92.82,HIGH,0.961961,,,PRIOR_ONLY_ROTATION_MINUTES,False
2026-08-15|natasha howard|minnesota lynx @ las vegas aces|pr|over,2026-08-15,Natasha Howard,Minnesota Lynx @ Las Vegas Aces,Minnesota Lynx,Las Vegas Aces,PR,OVER,F,,11,25.2,28.5,28.273,0.0,0.5,BENCH,UNAVAILABLE_NO_LIVE_SOURCE,UNAVAILABLE_NO_LIVE_SOURCE,READY,92.82,HIGH,0.961961,,,PRIOR_ONLY_ROTATION_MINUTES,False
2026-08-15|natasha howard|minnesota lynx @ las vegas aces|pr|under,2026-08-15,Natasha Howard,Minnesota Lynx @ Las Vegas Aces,Minnesota Lynx,Las Vegas Aces,PR,UNDER,F,,11,25.2,28.5,28.273,0.0,0.5,BENCH,UNAVAILABLE_NO_LIVE_SOURCE,UNAVAILABLE_NO_LIVE_SOURCE,READY,92.82,HIGH,0.961961,,,PRIOR_ONLY_ROTATION_MINUTES,False
2026-08-15|natasha howard|minnesota lynx @ las vegas aces|pra|over,2026-08-15,Natasha Howard,Minnesota Lynx @ Las Vegas Aces,Minnesota Lynx,Las Vegas Aces,PRA,OVER,F,,11,25.2,28.5,28.273,0.0,0.5,BENCH,UNAVAILABLE_NO_LIVE_SOURCE,UNAVAILABLE_NO_LIVE_SOURCE,READY,92.82,HIGH,0.961961,,,PRIOR_ONLY_ROTATION_MINUTES,False
2026-08-15|natasha howard|minnesota lynx @ las vegas aces|pra|over,2026-08-15,Natasha Howard,Minnesota Lynx @ Las Vegas Aces,Minnesota Lynx,Las Vegas Aces,PRA,OVER,F,,11,25.2,28.5,28.273,0.0,0.5,BENCH,UNAVAILABLE_NO_LIVE_SOURCE,UNAVAILABLE_NO_LIVE_SOURCE,READY,92.82,HIGH,0.961961,,,PRIOR_ONLY_ROTATION_MINUTES,False
2026-08-15|natasha howard|minnesota lynx @ las vegas aces|pra|under,2026-08-15,Natasha Howard,Minnesota Lynx @ Las Vegas Aces,Minnesota Lynx,Las Vegas Aces,PRA,UNDER,F,,11,25.2,28.5,28.273,0.0,0.5,BENCH,UNAVAILABLE_NO_LIVE_SOURCE,UNAVAILABLE_NO_LIVE_SOURCE,READY,92.82,HIGH,0.961961,,,PRIOR_ONLY_ROTATION_MINUTES,False
2026-08-15|natasha howard|minnesota lynx @ las vegas aces|pra|under,2026-08-15,Natasha Howard,Minnesota Lynx @ Las Vegas Aces,Minnesota Lynx,Las Vegas Aces,PRA,UNDER,F,,11,25.2,28.5,28.273,0.0,0.5,BENCH,UNAVAILABLE_NO_LIVE_SOURCE,UNAVAILABLE_NO_LIVE_SOURCE,READY,92.82,HIGH,0.961961,,,PRIOR_ONLY_ROTATION_MINUTES,False
2026-08-15|natasha howard|minnesota lynx @ las vegas aces|pts|over,2026-08-15,Natasha Howard,Minnesota Lynx @ Las Vegas Aces,Minnesota Lynx,Las Vegas Aces,PTS,OVER,F,,11,25.2,28.5,28.273,0.0,0.5,BENCH,UNAVAILABLE_NO_LIVE_SOURCE,UNAVAILABLE_NO_LIVE_SOURCE,READY,92.82,HIGH,0.961961,,,PRIOR_ONLY_ROTATION_MINUTES,False
2026-08-15|natasha howard|minnesota lynx @ las vegas aces|pts|under,2026-08-15,Natasha Howard,Minnesota Lynx @ Las Vegas Aces,Minnesota Lynx,Las Vegas Aces,PTS,UNDER,F,,11,25.2,28.5,28.273,0.0,0.5,BENCH,UNAVAILABLE_NO_LIVE_SOURCE,UNAVAILABLE_NO_LIVE_SOURCE,READY,92.82,HIGH,0.961961,,,PRIOR_ONLY_ROTATION_MINUTES,False
2026-08-15|natasha howard|minnesota lynx @ las vegas aces|ra|over,2026-08-15,Natasha Howard,Minnesota Lynx @ Las Vegas Aces,Minnesota Lynx,Las Vegas Aces,RA,OVER,F,,11,25.2,28.5,28.273,0.0,0.5,BENCH,UNAVAILABLE_NO_LIVE_SOURCE,UNAVAILABLE_NO_LIVE_SOURCE,READY,92.82,HIGH,0.961961,,,PRIOR_ONLY_ROTATION_MINUTES,False
2026-08-15|natasha howard|minnesota lynx @ las vegas aces|ra|under,2026-08-15,Natasha Howard,Minnesota Lynx @ Las Vegas Aces,Minnesota Lynx,Las Vegas Aces,RA,UNDER,F,,11,25.2,28.5,28.273,0.0,0.5,BENCH,UNAVAILABLE_NO_LIVE_SOURCE,UNAVAILABLE_NO_LIVE_SOURCE,READY,92.82,HIGH,0.961961,,,PRIOR_ONLY_ROTATION_MINUTES,False
2026-08-15|natasha howard|minnesota lynx @ las vegas aces|reb|over,2026-08-15,Natasha Howard,Minnesota Lynx @ Las Vegas Aces,Minnesota Lynx,Las Vegas Aces,REB,OVER,F,,11,25.2,28.5,28.273,0.0,0.5,BENCH,UNAVAILABLE_NO_LIVE_SOURCE,UNAVAILABLE_NO_LIVE_SOURCE,READY,92.82,HIGH,0.961961,,,PRIOR_ONLY_ROTATION_MINUTES,False
2026-08-15|natasha howard|minnesota lynx @ las vegas aces|reb|under,2026-08-15,Natasha Howard,Minnesota Lynx @ Las Vegas Aces,Minnesota Lynx,Las Vegas Aces,REB,UNDER,F,,11,25.2,28.5,28.273,0.0,0.5,BENCH,UNAVAILABLE_NO_LIVE_SOURCE,UNAVAILABLE_NO_LIVE_SOURCE,READY,92.82,HIGH,0.961961,,,PRIOR_ONLY_ROTATION_MINUTES,False
2026-08-15|olivia miles|minnesota lynx @ las vegas aces|3pm|over,2026-08-15,Olivia Miles,Minnesota Lynx @ Las Vegas Aces,Minnesota Lynx,Las Vegas Aces,3PM,OVER,G,,9,30.8,30.778,30.778,0.0,0.444,BENCH,UNAVAILABLE_NO_LIVE_SOURCE,UNAVAILABLE_NO_LIVE_SOURCE,READY,89.04,HIGH,1.000253,,,PRIOR_ONLY_ROTATION_MINUTES,False
2026-08-15|olivia miles|minnesota lynx @ las vegas aces|3pm|under,2026-08-15,Olivia Miles,Minnesota Lynx @ Las Vegas Aces,Minnesota Lynx,Las Vegas Aces,3PM,UNDER,G,,9,30.8,30.778,30.778,0.0,0.444,BENCH,UNAVAILABLE_NO_LIVE_SOURCE,UNAVAILABLE_NO_LIVE_SOURCE,READY,89.04,HIGH,1.000253,,,PRIOR_ONLY_ROTATION_MINUTES,False
2026-08-15|olivia miles|minnesota lynx @ las vegas aces|ast|over,2026-08-15,Olivia Miles,Minnesota Lynx @ Las Vegas Aces,Minnesota Lynx,Las Vegas Aces,AST,OVER,G,,9,30.8,30.778,30.778,0.0,0.444,BENCH,UNAVAILABLE_NO_LIVE_SOURCE,UNAVAILABLE_NO_LIVE_SOURCE,READY,89.04,HIGH,1.000253,,,PRIOR_ONLY_ROTATION_MINUTES,False
2026-08-15|olivia miles|minnesota lynx @ las vegas aces|ast|under,2026-08-15,Olivia Miles,Minnesota Lynx @ Las Vegas Aces,Minnesota Lynx,Las Vegas Aces,AST,UNDER,G,,9,30.8,30.778,30.778,0.0,0.444,BENCH,UNAVAILABLE_NO_LIVE_SOURCE,UNAVAILABLE_NO_LIVE_SOURCE,READY,89.04,HIGH,1.000253,,,PRIOR_ONLY_ROTATION_MINUTES,False
2026-08-15|olivia miles|minnesota lynx @ las vegas aces|pa|over,2026-08-15,Olivia Miles,Minnesota Lynx @ Las Vegas Aces,Minnesota Lynx,Las Vegas Aces,PA,OVER,G,,9,30.8,30.778,30.778,0.0,0.444,BENCH,UNAVAILABLE_NO_LIVE_SOURCE,UNAVAILABLE_NO_LIVE_SOURCE,READY,89.04,HIGH,1.000253,,,PRIOR_ONLY_ROTATION_MINUTES,False
2026-08-15|olivia miles|minnesota lynx @ las vegas aces|pa|under,2026-08-15,Olivia Miles,Minnesota Lynx @ Las Vegas Aces,Minnesota Lynx,Las Vegas Aces,PA,UNDER,G,,9,30.8,30.778,30.778,0.0,0.444,BENCH,UNAVAILABLE_NO_LIVE_SOURCE,UNAVAILABLE_NO_LIVE_SOURCE,READY,89.04,HIGH,1.000253,,,PRIOR_ONLY_ROTATION_MINUTES,False
2026-08-15|olivia miles|minnesota lynx @ las vegas aces|pr|over,2026-08-15,Olivia Miles,Minnesota Lynx @ Las Vegas Aces,Minnesota Lynx,Las Vegas Aces,PR,OVER,G,,9,30.8,30.778,30.778,0.0,0.444,BENCH,UNAVAILABLE_NO_LIVE_SOURCE,UNAVAILABLE_NO_LIVE_SOURCE,READY,89.04,HIGH,1.000253,,,PRIOR_ONLY_ROTATION_MINUTES,False
2026-08-15|olivia miles|minnesota lynx @ las vegas aces|pr|under,2026-08-15,Olivia Miles,Minnesota Lynx @ Las Vegas Aces,Minnesota Lynx,Las Vegas Aces,PR,UNDER,G,,9,30.8,30.778,30.778,0.0,0.444,BENCH,UNAVAILABLE_NO_LIVE_SOURCE,UNAVAILABLE_NO_LIVE_SOURCE,READY,89.04,HIGH,1.000253,,,PRIOR_ONLY_ROTATION_MINUTES,False
2026-08-15|olivia miles|minnesota lynx @ las vegas aces|pra|over,2026-08-15,Olivia Miles,Minnesota Lynx @ Las Vegas Aces,Minnesota Lynx,Las Vegas Aces,PRA,OVER,G,,9,30.8,30.778,30.778,0.0,0.444,BENCH,UNAVAILABLE_NO_LIVE_SOURCE,UNAVAILABLE_NO_LIVE_SOURCE,READY,89.04,HIGH,1.000253,,,PRIOR_ONLY_ROTATION_MINUTES,False
2026-08-15|olivia miles|minnesota lynx @ las vegas aces|pra|over,2026-08-15,Olivia Miles,Minnesota Lynx @ Las Vegas Aces,Minnesota Lynx,Las Vegas Aces,PRA,OVER,G,,9,30.8,30.778,30.778,0.0,0.444,BENCH,UNAVAILABLE_NO_LIVE_SOURCE,UNAVAILABLE_NO_LIVE_SOURCE,READY,89.04,HIGH,1.000253,,,PRIOR_ONLY_ROTATION_MINUTES,False
2026-08-15|olivia miles|minnesota lynx @ las vegas aces|pra|under,2026-08-15,Olivia Miles,Minnesota Lynx @ Las Vegas Aces,Minnesota Lynx,Las Vegas Aces,PRA,UNDER,G,,9,30.8,30.778,30.778,0.0,0.444,BENCH,UNAVAILABLE_NO_LIVE_SOURCE,UNAVAILABLE_NO_LIVE_SOURCE,READY,89.04,HIGH,1.000253,,,PRIOR_ONLY_ROTATION_MINUTES,False
2026-08-15|olivia miles|minnesota lynx @ las vegas aces|pra|under,2026-08-15,Olivia Miles,Minnesota Lynx @ Las Vegas Aces,Minnesota Lynx,Las Vegas Aces,PRA,UNDER,G,,9,30.8,30.778,30.778,0.0,0.444,BENCH,UNAVAILABLE_NO_LIVE_SOURCE,UNAVAILABLE_NO_LIVE_SOURCE,READY,89.04,HIGH,1.000253,,,PRIOR_ONLY_ROTATION_MINUTES,False
2026-08-15|olivia miles|minnesota lynx @ las vegas aces|pts|over,2026-08-15,Olivia Miles,Minnesota Lynx @ Las Vegas Aces,Minnesota Lynx,Las Vegas Aces,PTS,OVER,G,,9,30.8,30.778,30.778,0.0,0.444,BENCH,UNAVAILABLE_NO_LIVE_SOURCE,UNAVAILABLE_NO_LIVE_SOURCE,READY,89.04,HIGH,1.000253,,,PRIOR_ONLY_ROTATION_MINUTES,False
2026-08-15|olivia miles|minnesota lynx @ las vegas aces|pts|under,2026-08-15,Olivia Miles,Minnesota Lynx @ Las Vegas Aces,Minnesota Lynx,Las Vegas Aces,PTS,UNDER,G,,9,30.8,30.778,30.778,0.0,0.444,BENCH,UNAVAILABLE_NO_LIVE_SOURCE,UNAVAILABLE_NO_LIVE_SOURCE,READY,89.04,HIGH,1.000253,,,PRIOR_ONLY_ROTATION_MINUTES,False
2026-08-15|olivia miles|minnesota lynx @ las vegas aces|ra|over,2026-08-15,Olivia Miles,Minnesota Lynx @ Las Vegas Aces,Minnesota Lynx,Las Vegas Aces,RA,OVER,G,,9,30.8,30.778,30.778,0.0,0.444,BENCH,UNAVAILABLE_NO_LIVE_SOURCE,UNAVAILABLE_NO_LIVE_SOURCE,READY,89.04,HIGH,1.000253,,,PRIOR_ONLY_ROTATION_MINUTES,False
2026-08-15|olivia miles|minnesota lynx @ las vegas aces|ra|under,2026-08-15,Olivia Miles,Minnesota Lynx @ Las Vegas Aces,Minnesota Lynx,Las Vegas Aces,RA,UNDER,G,,9,30.8,30.778,30.778,0.0,0.444,BENCH,UNAVAILABLE_NO_LIVE_SOURCE,UNAVAILABLE_NO_LIVE_SOURCE,READY,89.04,HIGH,1.000253,,,PRIOR_ONLY_ROTATION_MINUTES,False
2026-08-15|olivia miles|minnesota lynx @ las vegas aces|reb|over,2026-08-15,Olivia Miles,Minnesota Lynx @ Las Vegas Aces,Minnesota Lynx,Las Vegas Aces,REB,OVER,G,,9,30.8,30.778,30.778,0.0,0.444,BENCH,UNAVAILABLE_NO_LIVE_SOURCE,UNAVAILABLE_NO_LIVE_SOURCE,READY,89.04,HIGH,1.000253,,,PRIOR_ONLY_ROTATION_MINUTES,False
2026-08-15|olivia miles|minnesota lynx @ las vegas aces|reb|under,2026-08-15,Olivia Miles,Minnesota Lynx @ Las Vegas Aces,Minnesota Lynx,Las Vegas Aces,REB,UNDER,G,,9,30.8,30.778,30.778,0.0,0.444,BENCH,UNAVAILABLE_NO_LIVE_SOURCE,UNAVAILABLE_NO_LIVE_SOURCE,READY,89.04,HIGH,1.000253,,,PRIOR_ONLY_ROTATION_MINUTES,False
2026-08-15|breanna stewart|new york liberty @ connecticut sun|ast|over,2026-08-15,Breanna Stewart,New York Liberty @ Connecticut Sun,New York Liberty,Connecticut Sun,AST,OVER,F,,10,35.2,35.4,35.4,0.0,0.4,BENCH,UNAVAILABLE_NO_LIVE_SOURCE,UNAVAILABLE_NO_LIVE_SOURCE,READY,96.09,HIGH,0.998023,,,PRIOR_ONLY_ROTATION_MINUTES,False
2026-08-15|breanna stewart|new york liberty @ connecticut sun|ast|under,2026-08-15,Breanna Stewart,New York Liberty @ Connecticut Sun,New York Liberty,Connecticut Sun,AST,UNDER,F,,10,35.2,35.4,35.4,0.0,0.4,BENCH,UNAVAILABLE_NO_LIVE_SOURCE,UNAVAILABLE_NO_LIVE_SOURCE,READY,96.09,HIGH,0.998023,,,PRIOR_ONLY_ROTATION_MINUTES,False
2026-08-15|breanna stewart|new york liberty @ connecticut sun|pa|over,2026-08-15,Breanna Stewart,New York Liberty @ Connecticut Sun,New York Liberty,Connecticut Sun,PA,OVER,F,,10,35.2,35.4,35.4,0.0,0.4,BENCH,UNAVAILABLE_NO_LIVE_SOURCE,UNAVAILABLE_NO_LIVE_SOURCE,READY,96.09,HIGH,0.998023,,,PRIOR_ONLY_ROTATION_MINUTES,False
2026-08-15|breanna stewart|new york liberty @ connecticut sun|pa|over,2026-08-15,Breanna Stewart,New York Liberty @ Connecticut Sun,New York Liberty,Connecticut Sun,PA,OVER,F,,10,35.2,35.4,35.4,0.0,0.4,BENCH,UNAVAILABLE_NO_LIVE_SOURCE,UNAVAILABLE_NO_LIVE_SOURCE,READY,96.09,HIGH,0.998023,,,PRIOR_ONLY_ROTATION_MINUTES,False
2026-08-15|breanna stewart|new york liberty @ connecticut sun|pa|under,2026-08-15,Breanna Stewart,New York Liberty @ Connecticut Sun,New York Liberty,Connecticut Sun,PA,UNDER,F,,10,35.2,35.4,35.4,0.0,0.4,BENCH,UNAVAILABLE_NO_LIVE_SOURCE,UNAVAILABLE_NO_LIVE_SOURCE,READY,96.09,HIGH,0.998023,,,PRIOR_ONLY_ROTATION_MINUTES,False
2026-08-15|breanna stewart|new york liberty @ connecticut sun|pa|under,2026-08-15,Breanna Stewart,New York Liberty @ Connecticut Sun,New York Liberty,Connecticut Sun,PA,UNDER,F,,10,35.2,35.4,35.4,0.0,0.4,BENCH,UNAVAILABLE_NO_LIVE_SOURCE,UNAVAILABLE_NO_LIVE_SOURCE,READY,96.09,HIGH,0.998023,,,PRIOR_ONLY_ROTATION_MINUTES,False
2026-08-15|breanna stewart|new york liberty @ connecticut sun|pr|over,2026-08-15,Breanna Stewart,New York Liberty @ Connecticut Sun,New York Liberty,Connecticut Sun,PR,OVER,F,,10,35.2,35.4,35.4,0.0,0.4,BENCH,UNAVAILABLE_NO_LIVE_SOURCE,UNAVAILABLE_NO_LIVE_SOURCE,READY,96.09,HIGH,0.998023,,,PRIOR_ONLY_ROTATION_MINUTES,False
2026-08-15|breanna stewart|new york liberty @ connecticut sun|pr|over,2026-08-15,Breanna Stewart,New York Liberty @ Connecticut Sun,New York Liberty,Connecticut Sun,PR,OVER,F,,10,35.2,35.4,35.4,0.0,0.4,BENCH,UNAVAILABLE_NO_LIVE_SOURCE,UNAVAILABLE_NO_LIVE_SOURCE,READY,96.09,HIGH,0.998023,,,PRIOR_ONLY_ROTATION_MINUTES,False
2026-08-15|breanna stewart|new york liberty @ connecticut sun|pr|under,2026-08-15,Breanna Stewart,New York Liberty @ Connecticut Sun,New York Liberty,Connecticut Sun,PR,UNDER,F,,10,35.2,35.4,35.4,0.0,0.4,BENCH,UNAVAILABLE_NO_LIVE_SOURCE,UNAVAILABLE_NO_LIVE_SOURCE,READY,96.09,HIGH,0.998023,,,PRIOR_ONLY_ROTATION_MINUTES,False
2026-08-15|breanna stewart|new york liberty @ connecticut sun|pr|under,2026-08-15,Breanna Stewart,New York Liberty @ Connecticut Sun,New York Liberty,Connecticut Sun,PR,UNDER,F,,10,35.2,35.4,35.4,0.0,0.4,BENCH,UNAVAILABLE_NO_LIVE_SOURCE,UNAVAILABLE_NO_LIVE_SOURCE,READY,96.09,HIGH,0.998023,,,PRIOR_ONLY_ROTATION_MINUTES,False
2026-08-15|breanna stewart|new york liberty @ connecticut sun|pra|over,2026-08-15,Breanna Stewart,New York Liberty @ Connecticut Sun,New York Liberty,Connecticut Sun,PRA,OVER,F,,10,35.2,35.4,35.4,0.0,0.4,BENCH,UNAVAILABLE_NO_LIVE_SOURCE,UNAVAILABLE_NO_LIVE_SOURCE,READY,96.09,HIGH,0.998023,,,PRIOR_ONLY_ROTATION_MINUTES,False
2026-08-15|breanna stewart|new york liberty @ connecticut sun|pra|under,2026-08-15,Breanna Stewart,New York Liberty @ Connecticut Sun,New York Liberty,Connecticut Sun,PRA,UNDER,F,,10,35.2,35.4,35.4,0.0,0.4,BENCH,UNAVAILABLE_NO_LIVE_SOURCE,UNAVAILABLE_NO_LIVE_SOURCE,READY,96.09,HIGH,0.998023,,,PRIOR_ONLY_ROTATION_MINUTES,False
2026-08-15|breanna stewart|new york liberty @ connecticut sun|pts|over,2026-08-15,Breanna Stewart,New York Liberty @ Connecticut Sun,New York Liberty,Connecticut Sun,PTS,OVER,F,,10,35.2,35.4,35.4,0.0,0.4,BENCH,UNAVAILABLE_NO_LIVE_SOURCE,UNAVAILABLE_NO_LIVE_SOURCE,READY,96.09,HIGH,0.998023,,,PRIOR_ONLY_ROTATION_MINUTES,False
2026-08-15|breanna stewart|new york liberty @ connecticut sun|pts|over,2026-08-15,Breanna Stewart,New York Liberty @ Connecticut Sun,New York Liberty,Connecticut Sun,PTS,OVER,F,,10,35.2,35.4,35.4,0.0,0.4,BENCH,UNAVAILABLE_NO_LIVE_SOURCE,UNAVAILABLE_NO_LIVE_SOURCE,READY,96.09,HIGH,0.998023,,,PRIOR_ONLY_ROTATION_MINUTES,False
2026-08-15|breanna stewart|new york liberty @ connecticut sun|pts|over,2026-08-15,Breanna Stewart,New York Liberty @ Connecticut Sun,New York Liberty,Connecticut Sun,PTS,OVER,F,,10,35.2,35.4,35.4,0.0,0.4,BENCH,UNAVAILABLE_NO_LIVE_SOURCE,UNAVAILABLE_NO_LIVE_SOURCE,READY,96.09,HIGH,0.998023,,,PRIOR_ONLY_ROTATION_MINUTES,False
2026-08-15|breanna stewart|new york liberty @ connecticut sun|pts|under,2026-08-15,Breanna Stewart,New York Liberty @ Connecticut Sun,New York Liberty,Connecticut Sun,PTS,UNDER,F,,10,35.2,35.4,35.4,0.0,0.4,BENCH,UNAVAILABLE_NO_LIVE_SOURCE,UNAVAILABLE_NO_LIVE_SOURCE,READY,96.09,HIGH,0.998023,,,PRIOR_ONLY_ROTATION_MINUTES,False
2026-08-15|breanna stewart|new york liberty @ connecticut sun|ra|over,2026-08-15,Breanna Stewart,New York Liberty @ Connecticut Sun,New York Liberty,Connecticut Sun,RA,OVER,F,,10,35.2,35.4,35.4,0.0,0.4,BENCH,UNAVAILABLE_NO_LIVE_SOURCE,UNAVAILABLE_NO_LIVE_SOURCE,READY,96.09,HIGH,0.998023,,,PRIOR_ONLY_ROTATION_MINUTES,False
2026-08-15|breanna stewart|new york liberty @ connecticut sun|ra|under,2026-08-15,Breanna Stewart,New York Liberty @ Connecticut Sun,New York Liberty,Connecticut Sun,RA,UNDER,F,,10,35.2,35.4,35.4,0.0,0.4,BENCH,UNAVAILABLE_NO_LIVE_SOURCE,UNAVAILABLE_NO_LIVE_SOURCE,READY,96.09,HIGH,0.998023,,,PRIOR_ONLY_ROTATION_MINUTES,False
2026-08-15|breanna stewart|new york liberty @ connecticut sun|reb|over,2026-08-15,Breanna Stewart,New York Liberty @ Connecticut Sun,New York Liberty,Connecticut Sun,REB,OVER,F,,10,35.2,35.4,35.4,0.0,0.4,BENCH,UNAVAILABLE_NO_LIVE_SOURCE,UNAVAILABLE_NO_LIVE_SOURCE,READY,96.09,HIGH,0.998023,,,PRIOR_ONLY_ROTATION_MINUTES,False
2026-08-15|breanna stewart|new york liberty @ connecticut sun|reb|under,2026-08-15,Breanna Stewart,New York Liberty @ Connecticut Sun,New York Liberty,Connecticut Sun,REB,UNDER,F,,10,35.2,35.4,35.4,0.0,0.4,BENCH,UNAVAILABLE_NO_LIVE_SOURCE,UNAVAILABLE_NO_LIVE_SOURCE,READY,96.09,HIGH,0.998023,,,PRIOR_ONLY_ROTATION_MINUTES,False
2026-08-15|brittney griner|new york liberty @ connecticut sun|ast|over,2026-08-15,Brittney Griner,New York Liberty @ Connecticut Sun,Connecticut Sun,New York Liberty,AST,OVER,C,,4,28.75,28.75,28.75,1.0,1.0,STARTER,UNAVAILABLE_NO_LIVE_SOURCE,UNAVAILABLE_NO_LIVE_SOURCE,READY,60.8,MEDIUM,1.0,,,PRIOR_ONLY_ROTATION_MINUTES,False
2026-08-15|brittney griner|new york liberty @ connecticut sun|ast|over,2026-08-15,Brittney Griner,New York Liberty @ Connecticut Sun,Connecticut Sun,New York Liberty,AST,OVER,C,,4,28.75,28.75,28.75,1.0,1.0,STARTER,UNAVAILABLE_NO_LIVE_SOURCE,UNAVAILABLE_NO_LIVE_SOURCE,READY,60.8,MEDIUM,1.0,,,PRIOR_ONLY_ROTATION_MINUTES,False
2026-08-15|brittney griner|new york liberty @ connecticut sun|ast|under,2026-08-15,Brittney Griner,New York Liberty @ Connecticut Sun,Connecticut Sun,New York Liberty,AST,UNDER,C,,4,28.75,28.75,28.75,1.0,1.0,STARTER,UNAVAILABLE_NO_LIVE_SOURCE,UNAVAILABLE_NO_LIVE_SOURCE,READY,60.8,MEDIUM,1.0,,,PRIOR_ONLY_ROTATION_MINUTES,False
2026-08-15|brittney griner|new york liberty @ connecticut sun|pa|over,2026-08-15,Brittney Griner,New York Liberty @ Connecticut Sun,Connecticut Sun,New York Liberty,PA,OVER,C,,4,28.75,28.75,28.75,1.0,1.0,STARTER,UNAVAILABLE_NO_LIVE_SOURCE,UNAVAILABLE_NO_LIVE_SOURCE,READY,60.8,MEDIUM,1.0,,,PRIOR_ONLY_ROTATION_MINUTES,False
2026-08-15|brittney griner|new york liberty @ connecticut sun|pa|under,2026-08-15,Brittney Griner,New York Liberty @ Connecticut Sun,Connecticut Sun,New York Liberty,PA,UNDER,C,,4,28.75,28.75,28.75,1.0,1.0,STARTER,UNAVAILABLE_NO_LIVE_SOURCE,UNAVAILABLE_NO_LIVE_SOURCE,READY,60.8,MEDIUM,1.0,,,PRIOR_ONLY_ROTATION_MINUTES,False
2026-08-15|brittney griner|new york liberty @ connecticut sun|pr|over,2026-08-15,Brittney Griner,New York Liberty @ Connecticut Sun,Connecticut Sun,New York Liberty,PR,OVER,C,,4,28.75,28.75,28.75,1.0,1.0,STARTER,UNAVAILABLE_NO_LIVE_SOURCE,UNAVAILABLE_NO_LIVE_SOURCE,READY,60.8,MEDIUM,1.0,,,PRIOR_ONLY_ROTATION_MINUTES,False
2026-08-15|brittney griner|new york liberty @ connecticut sun|pr|under,2026-08-15,Brittney Griner,New York Liberty @ Connecticut Sun,Connecticut Sun,New York Liberty,PR,UNDER,C,,4,28.75,28.75,28.75,1.0,1.0,STARTER,UNAVAILABLE_NO_LIVE_SOURCE,UNAVAILABLE_NO_LIVE_SOURCE,READY,60.8,MEDIUM,1.0,,,PRIOR_ONLY_ROTATION_MINUTES,False
2026-08-15|brittney griner|new york liberty @ connecticut sun|pra|over,2026-08-15,Brittney Griner,New York Liberty @ Connecticut Sun,Connecticut Sun,New York Liberty,PRA,OVER,C,,4,28.75,28.75,28.75,1.0,1.0,STARTER,UNAVAILABLE_NO_LIVE_SOURCE,UNAVAILABLE_NO_LIVE_SOURCE,READY,60.8,MEDIUM,1.0,,,PRIOR_ONLY_ROTATION_MINUTES,False
2026-08-15|brittney griner|new york liberty @ connecticut sun|pra|under,2026-08-15,Brittney Griner,New York Liberty @ Connecticut Sun,Connecticut Sun,New York Liberty,PRA,UNDER,C,,4,28.75,28.75,28.75,1.0,1.0,STARTER,UNAVAILABLE_NO_LIVE_SOURCE,UNAVAILABLE_NO_LIVE_SOURCE,READY,60.8,MEDIUM,1.0,,,PRIOR_ONLY_ROTATION_MINUTES,False
2026-08-15|brittney griner|new york liberty @ connecticut sun|pts|over,2026-08-15,Brittney Griner,New York Liberty @ Connecticut Sun,Connecticut Sun,New York Liberty,PTS,OVER,C,,4,28.75,28.75,28.75,1.0,1.0,STARTER,UNAVAILABLE_NO_LIVE_SOURCE,UNAVAILABLE_NO_LIVE_SOURCE,READY,60.8,MEDIUM,1.0,,,PRIOR_ONLY_ROTATION_MINUTES,False
2026-08-15|brittney griner|new york liberty @ connecticut sun|pts|over,2026-08-15,Brittney Griner,New York Liberty @ Connecticut Sun,Connecticut Sun,New York Liberty,PTS,OVER,C,,4,28.75,28.75,28.75,1.0,1.0,STARTER,UNAVAILABLE_NO_LIVE_SOURCE,UNAVAILABLE_NO_LIVE_SOURCE,READY,60.8,MEDIUM,1.0,,,PRIOR_ONLY_ROTATION_MINUTES,False
2026-08-15|brittney griner|new york liberty @ connecticut sun|pts|under,2026-08-15,Brittney Griner,New York Liberty @ Connecticut Sun,Connecticut Sun,New York Liberty,PTS,UNDER,C,,4,28.75,28.75,28.75,1.0,1.0,STARTER,UNAVAILABLE_NO_LIVE_SOURCE,UNAVAILABLE_NO_LIVE_SOURCE,READY,60.8,MEDIUM,1.0,,,PRIOR_ONLY_ROTATION_MINUTES,False
2026-08-15|brittney griner|new york liberty @ connecticut sun|pts|under,2026-08-15,Brittney Griner,New York Liberty @ Connecticut Sun,Connecticut Sun,New York Liberty,PTS,UNDER,C,,4,28.75,28.75,28.75,1.0,1.0,STARTER,UNAVAILABLE_NO_LIVE_SOURCE,UNAVAILABLE_NO_LIVE_SOURCE,READY,60.8,MEDIUM,1.0,,,PRIOR_ONLY_ROTATION_MINUTES,False
2026-08-15|brittney griner|new york liberty @ connecticut sun|ra|over,2026-08-15,Brittney Griner,New York Liberty @ Connecticut Sun,Connecticut Sun,New York Liberty,RA,OVER,C,,4,28.75,28.75,28.75,1.0,1.0,STARTER,UNAVAILABLE_NO_LIVE_SOURCE,UNAVAILABLE_NO_LIVE_SOURCE,READY,60.8,MEDIUM,1.0,,,PRIOR_ONLY_ROTATION_MINUTES,False
2026-08-15|brittney griner|new york liberty @ connecticut sun|ra|under,2026-08-15,Brittney Griner,New York Liberty @ Connecticut Sun,Connecticut Sun,New York Liberty,RA,UNDER,C,,4,28.75,28.75,28.75,1.0,1.0,STARTER,UNAVAILABLE_NO_LIVE_SOURCE,UNAVAILABLE_NO_LIVE_SOURCE,READY,60.8,MEDIUM,1.0,,,PRIOR_ONLY_ROTATION_MINUTES,False
2026-08-15|brittney griner|new york liberty @ connecticut sun|reb|over,2026-08-15,Brittney Griner,New York Liberty @ Connecticut Sun,Connecticut Sun,New York Liberty,REB,OVER,C,,4,28.75,28.75,28.75,1.0,1.0,STARTER,UNAVAILABLE_NO_LIVE_SOURCE,UNAVAILABLE_NO_LIVE_SOURCE,READY,60.8,MEDIUM,1.0,,,PRIOR_ONLY_ROTATION_MINUTES,False
2026-08-15|brittney griner|new york liberty @ connecticut sun|reb|over,2026-08-15,Brittney Griner,New York Liberty @ Connecticut Sun,Connecticut Sun,New York Liberty,REB,OVER,C,,4,28.75,28.75,28.75,1.0,1.0,STARTER,UNAVAILABLE_NO_LIVE_SOURCE,UNAVAILABLE_NO_LIVE_SOURCE,READY,60.8,MEDIUM,1.0,,,PRIOR_ONLY_ROTATION_MINUTES,False
2026-08-15|brittney griner|new york liberty @ connecticut sun|reb|under,2026-08-15,Brittney Griner,New York Liberty @ Connecticut Sun,Connecticut Sun,New York Liberty,REB,UNDER,C,,4,28.75,28.75,28.75,1.0,1.0,STARTER,UNAVAILABLE_NO_LIVE_SOURCE,UNAVAILABLE_NO_LIVE_SOURCE,READY,60.8,MEDIUM,1.0,,,PRIOR_ONLY_ROTATION_MINUTES,False
2026-08-15|brittney griner|new york liberty @ connecticut sun|reb|under,2026-08-15,Brittney Griner,New York Liberty @ Connecticut Sun,Connecticut Sun,New York Liberty,REB,UNDER,C,,4,28.75,28.75,28.75,1.0,1.0,STARTER,UNAVAILABLE_NO_LIVE_SOURCE,UNAVAILABLE_NO_LIVE_SOURCE,READY,60.8,MEDIUM,1.0,,,PRIOR_ONLY_ROTATION_MINUTES,False
2026-08-15|charlisse leger-walker|new york liberty @ connecticut sun|3pm|over,2026-08-15,Charlisse Leger-Walker,New York Liberty @ Connecticut Sun,Connecticut Sun,New York Liberty,3PM,OVER,G,,10,26.8,28.0,28.0,0.2,0.6,BENCH,UNAVAILABLE_NO_LIVE_SOURCE,UNAVAILABLE_NO_LIVE_SOURCE,READY,95.34,HIGH,0.985,,,PRIOR_ONLY_ROTATION_MINUTES,False
2026-08-15|charlisse leger-walker|new york liberty @ connecticut sun|3pm|under,2026-08-15,Charlisse Leger-Walker,New York Liberty @ Connecticut Sun,Connecticut Sun,New York Liberty,3PM,UNDER,G,,10,26.8,28.0,28.0,0.2,0.6,BENCH,UNAVAILABLE_NO_LIVE_SOURCE,UNAVAILABLE_NO_LIVE_SOURCE,READY,95.34,HIGH,0.985,,,PRIOR_ONLY_ROTATION_MINUTES,False
2026-08-15|charlisse leger-walker|new york liberty @ connecticut sun|ast|over,2026-08-15,Charlisse Leger-Walker,New York Liberty @ Connecticut Sun,Connecticut Sun,New York Liberty,AST,OVER,G,,10,26.8,28.0,28.0,0.2,0.6,BENCH,UNAVAILABLE_NO_LIVE_SOURCE,UNAVAILABLE_NO_LIVE_SOURCE,READY,95.34,HIGH,0.985,,,PRIOR_ONLY_ROTATION_MINUTES,False
2026-08-15|charlisse leger-walker|new york liberty @ connecticut sun|ast|under,2026-08-15,Charlisse Leger-Walker,New York Liberty @ Connecticut Sun,Connecticut Sun,New York Liberty,AST,UNDER,G,,10,26.8,28.0,28.0,0.2,0.6,BENCH,UNAVAILABLE_NO_LIVE_SOURCE,UNAVAILABLE_NO_LIVE_SOURCE,READY,95.34,HIGH,0.985,,,PRIOR_ONLY_ROTATION_MINUTES,False
2026-08-15|charlisse leger-walker|new york liberty @ connecticut sun|pa|over,2026-08-15,Charlisse Leger-Walker,New York Liberty @ Connecticut Sun,Connecticut Sun,New York Liberty,PA,OVER,G,,10,26.8,28.0,28.0,0.2,0.6,BENCH,UNAVAILABLE_NO_LIVE_SOURCE,UNAVAILABLE_NO_LIVE_SOURCE,READY,95.34,HIGH,0.985,,,PRIOR_ONLY_ROTATION_MINUTES,False
2026-08-15|charlisse leger-walker|new york liberty @ connecticut sun|pa|under,2026-08-15,Charlisse Leger-Walker,New York Liberty @ Connecticut Sun,Connecticut Sun,New York Liberty,PA,UNDER,G,,10,26.8,28.0,28.0,0.2,0.6,BENCH,UNAVAILABLE_NO_LIVE_SOURCE,UNAVAILABLE_NO_LIVE_SOURCE,READY,95.34,HIGH,0.985,,,PRIOR_ONLY_ROTATION_MINUTES,False
2026-08-15|charlisse leger-walker|new york liberty @ connecticut sun|pr|over,2026-08-15,Charlisse Leger-Walker,New York Liberty @ Connecticut Sun,Connecticut Sun,New York Liberty,PR,OVER,G,,10,26.8,28.0,28.0,0.2,0.6,BENCH,UNAVAILABLE_NO_LIVE_SOURCE,UNAVAILABLE_NO_LIVE_SOURCE,READY,95.34,HIGH,0.985,,,PRIOR_ONLY_ROTATION_MINUTES,False
2026-08-15|charlisse leger-walker|new york liberty @ connecticut sun|pr|under,2026-08-15,Charlisse Leger-Walker,New York Liberty @ Connecticut Sun,Connecticut Sun,New York Liberty,PR,UNDER,G,,10,26.8,28.0,28.0,0.2,0.6,BENCH,UNAVAILABLE_NO_LIVE_SOURCE,UNAVAILABLE_NO_LIVE_SOURCE,READY,95.34,HIGH,0.985,,,PRIOR_ONLY_ROTATION_MINUTES,False
2026-08-15|charlisse leger-walker|new york liberty @ connecticut sun|pra|over,2026-08-15,Charlisse Leger-Walker,New York Liberty @ Connecticut Sun,Connecticut Sun,New York Liberty,PRA,OVER,G,,10,26.8,28.0,28.0,0.2,0.6,BENCH,UNAVAILABLE_NO_LIVE_SOURCE,UNAVAILABLE_NO_LIVE_SOURCE,READY,95.34,HIGH,0.985,,,PRIOR_ONLY_ROTATION_MINUTES,False
2026-08-15|charlisse leger-walker|new york liberty @ connecticut sun|pra|under,2026-08-15,Charlisse Leger-Walker,New York Liberty @ Connecticut Sun,Connecticut Sun,New York Liberty,PRA,UNDER,G,,10,26.8,28.0,28.0,0.2,0.6,BENCH,UNAVAILABLE_NO_LIVE_SOURCE,UNAVAILABLE_NO_LIVE_SOURCE,READY,95.34,HIGH,0.985,,,PRIOR_ONLY_ROTATION_MINUTES,False
2026-08-15|charlisse leger-walker|new york liberty @ connecticut sun|pts|over,2026-08-15,Charlisse Leger-Walker,New York Liberty @ Connecticut Sun,Connecticut Sun,New York Liberty,PTS,OVER,G,,10,26.8,28.0,28.0,0.2,0.6,BENCH,UNAVAILABLE_NO_LIVE_SOURCE,UNAVAILABLE_NO_LIVE_SOURCE,READY,95.34,HIGH,0.985,,,PRIOR_ONLY_ROTATION_MINUTES,False
2026-08-15|charlisse leger-walker|new york liberty @ connecticut sun|pts|over,2026-08-15,Charlisse Leger-Walker,New York Liberty @ Connecticut Sun,Connecticut Sun,New York Liberty,PTS,OVER,G,,10,26.8,28.0,28.0,0.2,0.6,BENCH,UNAVAILABLE_NO_LIVE_SOURCE,UNAVAILABLE_NO_LIVE_SOURCE,READY,95.34,HIGH,0.985,,,PRIOR_ONLY_ROTATION_MINUTES,False
2026-08-15|charlisse leger-walker|new york liberty @ connecticut sun|pts|under,2026-08-15,Charlisse Leger-Walker,New York Liberty @ Connecticut Sun,Connecticut Sun,New York Liberty,PTS,UNDER,G,,10,26.8,28.0,28.0,0.2,0.6,BENCH,UNAVAILABLE_NO_LIVE_SOURCE,UNAVAILABLE_NO_LIVE_SOURCE,READY,95.34,HIGH,0.985,,,PRIOR_ONLY_ROTATION_MINUTES,False
2026-08-15|charlisse leger-walker|new york liberty @ connecticut sun|ra|over,2026-08-15,Charlisse Leger-Walker,New York Liberty @ Connecticut Sun,Connecticut Sun,New York Liberty,RA,OVER,G,,10,26.8,28.0,28.0,0.2,0.6,BENCH,UNAVAILABLE_NO_LIVE_SOURCE,UNAVAILABLE_NO_LIVE_SOURCE,READY,95.34,HIGH,0.985,,,PRIOR_ONLY_ROTATION_MINUTES,False
2026-08-15|charlisse leger-walker|new york liberty @ connecticut sun|ra|under,2026-08-15,Charlisse Leger-Walker,New York Liberty @ Connecticut Sun,Connecticut Sun,New York Liberty,RA,UNDER,G,,10,26.8,28.0,28.0,0.2,0.6,BENCH,UNAVAILABLE_NO_LIVE_SOURCE,UNAVAILABLE_NO_LIVE_SOURCE,READY,95.34,HIGH,0.985,,,PRIOR_ONLY_ROTATION_MINUTES,False
2026-08-15|charlisse leger-walker|new york liberty @ connecticut sun|reb|over,2026-08-15,Charlisse Leger-Walker,New York Liberty @ Connecticut Sun,Connecticut Sun,New York Liberty,REB,OVER,G,,10,26.8,28.0,28.0,0.2,0.6,BENCH,UNAVAILABLE_NO_LIVE_SOURCE,UNAVAILABLE_NO_LIVE_SOURCE,READY,95.34,HIGH,0.985,,,PRIOR_ONLY_ROTATION_MINUTES,False
2026-08-15|charlisse leger-walker|new york liberty @ connecticut sun|reb|over,2026-08-15,Charlisse Leger-Walker,New York Liberty @ Connecticut Sun,Connecticut Sun,New York Liberty,REB,OVER,G,,10,26.8,28.0,28.0,0.2,0.6,BENCH,UNAVAILABLE_NO_LIVE_SOURCE,UNAVAILABLE_NO_LIVE_SOURCE,READY,95.34,HIGH,0.985,,,PRIOR_ONLY_ROTATION_MINUTES,False
2026-08-15|charlisse leger-walker|new york liberty @ connecticut sun|reb|under,2026-08-15,Charlisse Leger-Walker,New York Liberty @ Connecticut Sun,Connecticut Sun,New York Liberty,REB,UNDER,G,,10,26.8,28.0,28.0,0.2,0.6,BENCH,UNAVAILABLE_NO_LIVE_SOURCE,UNAVAILABLE_NO_LIVE_SOURCE,READY,95.34,HIGH,0.985,,,PRIOR_ONLY_ROTATION_MINUTES,False
2026-08-15|diamond miller|new york liberty @ connecticut sun|3pm|over,2026-08-15,Diamond Miller,New York Liberty @ Connecticut Sun,Connecticut Sun,New York Liberty,3PM,OVER,F,,10,26.6,25.6,25.6,0.2,0.6,BENCH,UNAVAILABLE_NO_LIVE_SOURCE,UNAVAILABLE_NO_LIVE_SOURCE,READY,92.37,HIGH,1.013672,,,PRIOR_ONLY_ROTATION_MINUTES,False
2026-08-15|diamond miller|new york liberty @ connecticut sun|3pm|under,2026-08-15,Diamond Miller,New York Liberty @ Connecticut Sun,Connecticut Sun,New York Liberty,3PM,UNDER,F,,10,26.6,25.6,25.6,0.2,0.6,BENCH,UNAVAILABLE_NO_LIVE_SOURCE,UNAVAILABLE_NO_LIVE_SOURCE,READY,92.37,HIGH,1.013672,,,PRIOR_ONLY_ROTATION_MINUTES,False
2026-08-15|diamond miller|new york liberty @ connecticut sun|pr|over,2026-08-15,Diamond Miller,New York Liberty @ Connecticut Sun,Connecticut Sun,New York Liberty,PR,OVER,F,,10,26.6,25.6,25.6,0.2,0.6,BENCH,UNAVAILABLE_NO_LIVE_SOURCE,UNAVAILABLE_NO_LIVE_SOURCE,READY,92.37,HIGH,1.013672,,,PRIOR_ONLY_ROTATION_MINUTES,False
2026-08-15|diamond miller|new york liberty @ connecticut sun|pr|under,2026-08-15,Diamond Miller,New York Liberty @ Connecticut Sun,Connecticut Sun,New York Liberty,PR,UNDER,F,,10,26.6,25.6,25.6,0.2,0.6,BENCH,UNAVAILABLE_NO_LIVE_SOURCE,UNAVAILABLE_NO_LIVE_SOURCE,READY,92.37,HIGH,1.013672,,,PRIOR_ONLY_ROTATION_MINUTES,False
2026-08-15|diamond miller|new york liberty @ connecticut sun|pts|over,2026-08-15,Diamond Miller,New York Liberty @ Connecticut Sun,Connecticut Sun,New York Liberty,PTS,OVER,F,,10,26.6,25.6,25.6,0.2,0.6,BENCH,UNAVAILABLE_NO_LIVE_SOURCE,UNAVAILABLE_NO_LIVE_SOURCE,READY,92.37,HIGH,1.013672,,,PRIOR_ONLY_ROTATION_MINUTES,False
2026-08-15|diamond miller|new york liberty @ connecticut sun|pts|over,2026-08-15,Diamond Miller,New York Liberty @ Connecticut Sun,Connecticut Sun,New York Liberty,PTS,OVER,F,,10,26.6,25.6,25.6,0.2,0.6,BENCH,UNAVAILABLE_NO_LIVE_SOURCE,UNAVAILABLE_NO_LIVE_SOURCE,READY,92.37,HIGH,1.013672,,,PRIOR_ONLY_ROTATION_MINUTES,False
2026-08-15|diamond miller|new york liberty @ connecticut sun|pts|under,2026-08-15,Diamond Miller,New York Liberty @ Connecticut Sun,Connecticut Sun,New York Liberty,PTS,UNDER,F,,10,26.6,25.6,25.6,0.2,0.6,BENCH,UNAVAILABLE_NO_LIVE_SOURCE,UNAVAILABLE_NO_LIVE_SOURCE,READY,92.37,HIGH,1.013672,,,PRIOR_ONLY_ROTATION_MINUTES,False
2026-08-15|diamond miller|new york liberty @ connecticut sun|pts|under,2026-08-15,Diamond Miller,New York Liberty @ Connecticut Sun,Connecticut Sun,New York Liberty,PTS,UNDER,F,,10,26.6,25.6,25.6,0.2,0.6,BENCH,UNAVAILABLE_NO_LIVE_SOURCE,UNAVAILABLE_NO_LIVE_SOURCE,READY,92.37,HIGH,1.013672,,,PRIOR_ONLY_ROTATION_MINUTES,False
2026-08-15|han xu|new york liberty @ connecticut sun|pr|over,2026-08-15,Han Xu,New York Liberty @ Connecticut Sun,New York Liberty,Connecticut Sun,PR,OVER,C,,10,17.6,15.7,15.7,0.0,0.1,BENCH,UNAVAILABLE_NO_LIVE_SOURCE,UNAVAILABLE_NO_LIVE_SOURCE,READY,87.44,HIGH,1.042357,,,PRIOR_ONLY_ROTATION_MINUTES,False
2026-08-15|han xu|new york liberty @ connecticut sun|pr|under,2026-08-15,Han Xu,New York Liberty @ Connecticut Sun,New York Liberty,Connecticut Sun,PR,UNDER,C,,10,17.6,15.7,15.7,0.0,0.1,BENCH,UNAVAILABLE_NO_LIVE_SOURCE,UNAVAILABLE_NO_LIVE_SOURCE,READY,87.44,HIGH,1.042357,,,PRIOR_ONLY_ROTATION_MINUTES,False
2026-08-15|han xu|new york liberty @ connecticut sun|pts|over,2026-08-15,Han Xu,New York Liberty @ Connecticut Sun,New York Liberty,Connecticut Sun,PTS,OVER,C,,10,17.6,15.7,15.7,0.0,0.1,BENCH,UNAVAILABLE_NO_LIVE_SOURCE,UNAVAILABLE_NO_LIVE_SOURCE,READY,87.44,HIGH,1.042357,,,PRIOR_ONLY_ROTATION_MINUTES,False
2026-08-15|han xu|new york liberty @ connecticut sun|pts|under,2026-08-15,Han Xu,New York Liberty @ Connecticut Sun,New York Liberty,Connecticut Sun,PTS,UNDER,C,,10,17.6,15.7,15.7,0.0,0.1,BENCH,UNAVAILABLE_NO_LIVE_SOURCE,UNAVAILABLE_NO_LIVE_SOURCE,READY,87.44,HIGH,1.042357,,,PRIOR_ONLY_ROTATION_MINUTES,False
2026-08-15|han xu|new york liberty @ connecticut sun|reb|over,2026-08-15,Han Xu,New York Liberty @ Connecticut Sun,New York Liberty,Connecticut Sun,REB,OVER,C,,10,17.6,15.7,15.7,0.0,0.1,BENCH,UNAVAILABLE_NO_LIVE_SOURCE,UNAVAILABLE_NO_LIVE_SOURCE,READY,87.44,HIGH,1.042357,,,PRIOR_ONLY_ROTATION_MINUTES,False
2026-08-15|han xu|new york liberty @ connecticut sun|reb|under,2026-08-15,Han Xu,New York Liberty @ Connecticut Sun,New York Liberty,Connecticut Sun,REB,UNDER,C,,10,17.6,15.7,15.7,0.0,0.1,BENCH,UNAVAILABLE_NO_LIVE_SOURCE,UNAVAILABLE_NO_LIVE_SOURCE,READY,87.44,HIGH,1.042357,,,PRIOR_ONLY_ROTATION_MINUTES,False
2026-08-15|jonquel jones|new york liberty @ connecticut sun|3pm|over,2026-08-15,Jonquel Jones,New York Liberty @ Connecticut Sun,New York Liberty,Connecticut Sun,3PM,OVER,C,,10,27.6,29.4,29.4,0.0,0.4,BENCH,UNAVAILABLE_NO_LIVE_SOURCE,UNAVAILABLE_NO_LIVE_SOURCE,READY,95.77,HIGH,0.978571,,,PRIOR_ONLY_ROTATION_MINUTES,False
2026-08-15|jonquel jones|new york liberty @ connecticut sun|3pm|under,2026-08-15,Jonquel Jones,New York Liberty @ Connecticut Sun,New York Liberty,Connecticut Sun,3PM,UNDER,C,,10,27.6,29.4,29.4,0.0,0.4,BENCH,UNAVAILABLE_NO_LIVE_SOURCE,UNAVAILABLE_NO_LIVE_SOURCE,READY,95.77,HIGH,0.978571,,,PRIOR_ONLY_ROTATION_MINUTES,False
2026-08-15|jonquel jones|new york liberty @ connecticut sun|ast|over,2026-08-15,Jonquel Jones,New York Liberty @ Connecticut Sun,New York Liberty,Connecticut Sun,AST,OVER,C,,10,27.6,29.4,29.4,0.0,0.4,BENCH,UNAVAILABLE_NO_LIVE_SOURCE,UNAVAILABLE_NO_LIVE_SOURCE,READY,95.77,HIGH,0.978571,,,PRIOR_ONLY_ROTATION_MINUTES,False
2026-08-15|jonquel jones|new york liberty @ connecticut sun|ast|under,2026-08-15,Jonquel Jones,New York Liberty @ Connecticut Sun,New York Liberty,Connecticut Sun,AST,UNDER,C,,10,27.6,29.4,29.4,0.0,0.4,BENCH,UNAVAILABLE_NO_LIVE_SOURCE,UNAVAILABLE_NO_LIVE_SOURCE,READY,95.77,HIGH,0.978571,,,PRIOR_ONLY_ROTATION_MINUTES,False
2026-08-15|jonquel jones|new york liberty @ connecticut sun|pa|over,2026-08-15,Jonquel Jones,New York Liberty @ Connecticut Sun,New York Liberty,Connecticut Sun,PA,OVER,C,,10,27.6,29.4,29.4,0.0,0.4,BENCH,UNAVAILABLE_NO_LIVE_SOURCE,UNAVAILABLE_NO_LIVE_SOURCE,READY,95.77,HIGH,0.978571,,,PRIOR_ONLY_ROTATION_MINUTES,False
2026-08-15|jonquel jones|new york liberty @ connecticut sun|pa|over,2026-08-15,Jonquel Jones,New York Liberty @ Connecticut Sun,New York Liberty,Connecticut Sun,PA,OVER,C,,10,27.6,29.4,29.4,0.0,0.4,BENCH,UNAVAILABLE_NO_LIVE_SOURCE,UNAVAILABLE_NO_LIVE_SOURCE,READY,95.77,HIGH,0.978571,,,PRIOR_ONLY_ROTATION_MINUTES,False
2026-08-15|jonquel jones|new york liberty @ connecticut sun|pa|under,2026-08-15,Jonquel Jones,New York Liberty @ Connecticut Sun,New York Liberty,Connecticut Sun,PA,UNDER,C,,10,27.6,29.4,29.4,0.0,0.4,BENCH,UNAVAILABLE_NO_LIVE_SOURCE,UNAVAILABLE_NO_LIVE_SOURCE,READY,95.77,HIGH,0.978571,,,PRIOR_ONLY_ROTATION_MINUTES,False
2026-08-15|jonquel jones|new york liberty @ connecticut sun|pa|under,2026-08-15,Jonquel Jones,New York Liberty @ Connecticut Sun,New York Liberty,Connecticut Sun,PA,UNDER,C,,10,27.6,29.4,29.4,0.0,0.4,BENCH,UNAVAILABLE_NO_LIVE_SOURCE,UNAVAILABLE_NO_LIVE_SOURCE,READY,95.77,HIGH,0.978571,,,PRIOR_ONLY_ROTATION_MINUTES,False
2026-08-15|jonquel jones|new york liberty @ connecticut sun|pr|over,2026-08-15,Jonquel Jones,New York Liberty @ Connecticut Sun,New York Liberty,Connecticut Sun,PR,OVER,C,,10,27.6,29.4,29.4,0.0,0.4,BENCH,UNAVAILABLE_NO_LIVE_SOURCE,UNAVAILABLE_NO_LIVE_SOURCE,READY,95.77,HIGH,0.978571,,,PRIOR_ONLY_ROTATION_MINUTES,False
2026-08-15|jonquel jones|new york liberty @ connecticut sun|pr|under,2026-08-15,Jonquel Jones,New York Liberty @ Connecticut Sun,New York Liberty,Connecticut Sun,PR,UNDER,C,,10,27.6,29.4,29.4,0.0,0.4,BENCH,UNAVAILABLE_NO_LIVE_SOURCE,UNAVAILABLE_NO_LIVE_SOURCE,READY,95.77,HIGH,0.978571,,,PRIOR_ONLY_ROTATION_MINUTES,False
2026-08-15|jonquel jones|new york liberty @ connecticut sun|pra|over,2026-08-15,Jonquel Jones,New York Liberty @ Connecticut Sun,New York Liberty,Connecticut Sun,PRA,OVER,C,,10,27.6,29.4,29.4,0.0,0.4,BENCH,UNAVAILABLE_NO_LIVE_SOURCE,UNAVAILABLE_NO_LIVE_SOURCE,READY,95.77,HIGH,0.978571,,,PRIOR_ONLY_ROTATION_MINUTES,False
2026-08-15|jonquel jones|new york liberty @ connecticut sun|pra|under,2026-08-15,Jonquel Jones,New York Liberty @ Connecticut Sun,New York Liberty,Connecticut Sun,PRA,UNDER,C,,10,27.6,29.4,29.4,0.0,0.4,BENCH,UNAVAILABLE_NO_LIVE_SOURCE,UNAVAILABLE_NO_LIVE_SOURCE,READY,95.77,HIGH,0.978571,,,PRIOR_ONLY_ROTATION_MINUTES,False
2026-08-15|jonquel jones|new york liberty @ connecticut sun|pts|over,2026-08-15,Jonquel Jones,New York Liberty @ Connecticut Sun,New York Liberty,Connecticut Sun,PTS,OVER,C,,10,27.6,29.4,29.4,0.0,0.4,BENCH,UNAVAILABLE_NO_LIVE_SOURCE,UNAVAILABLE_NO_LIVE_SOURCE,READY,95.77,HIGH,0.978571,,,PRIOR_ONLY_ROTATION_MINUTES,False
2026-08-15|jonquel jones|new york liberty @ connecticut sun|pts|over,2026-08-15,Jonquel Jones,New York Liberty @ Connecticut Sun,New York Liberty,Connecticut Sun,PTS,OVER,C,,10,27.6,29.4,29.4,0.0,0.4,BENCH,UNAVAILABLE_NO_LIVE_SOURCE,UNAVAILABLE_NO_LIVE_SOURCE,READY,95.77,HIGH,0.978571,,,PRIOR_ONLY_ROTATION_MINUTES,False
2026-08-15|jonquel jones|new york liberty @ connecticut sun|pts|under,2026-08-15,Jonquel Jones,New York Liberty @ Connecticut Sun,New York Liberty,Connecticut Sun,PTS,UNDER,C,,10,27.6,29.4,29.4,0.0,0.4,BENCH,UNAVAILABLE_NO_LIVE_SOURCE,UNAVAILABLE_NO_LIVE_SOURCE,READY,95.77,HIGH,0.978571,,,PRIOR_ONLY_ROTATION_MINUTES,False
2026-08-15|jonquel jones|new york liberty @ connecticut sun|pts|under,2026-08-15,Jonquel Jones,New York Liberty @ Connecticut Sun,New York Liberty,Connecticut Sun,PTS,UNDER,C,,10,27.6,29.4,29.4,0.0,0.4,BENCH,UNAVAILABLE_NO_LIVE_SOURCE,UNAVAILABLE_NO_LIVE_SOURCE,READY,95.77,HIGH,0.978571,,,PRIOR_ONLY_ROTATION_MINUTES,False
2026-08-15|jonquel jones|new york liberty @ connecticut sun|ra|over,2026-08-15,Jonquel Jones,New York Liberty @ Connecticut Sun,New York Liberty,Connecticut Sun,RA,OVER,C,,10,27.6,29.4,29.4,0.0,0.4,BENCH,UNAVAILABLE_NO_LIVE_SOURCE,UNAVAILABLE_NO_LIVE_SOURCE,READY,95.77,HIGH,0.978571,,,PRIOR_ONLY_ROTATION_MINUTES,False
2026-08-15|jonquel jones|new york liberty @ connecticut sun|ra|under,2026-08-15,Jonquel Jones,New York Liberty @ Connecticut Sun,New York Liberty,Connecticut Sun,RA,UNDER,C,,10,27.6,29.4,29.4,0.0,0.4,BENCH,UNAVAILABLE_NO_LIVE_SOURCE,UNAVAILABLE_NO_LIVE_SOURCE,READY,95.77,HIGH,0.978571,,,PRIOR_ONLY_ROTATION_MINUTES,False
2026-08-15|jonquel jones|new york liberty @ connecticut sun|reb|over,2026-08-15,Jonquel Jones,New York Liberty @ Connecticut Sun,New York Liberty,Connecticut Sun,REB,OVER,C,,10,27.6,29.4,29.4,0.0,0.4,BENCH,UNAVAILABLE_NO_LIVE_SOURCE,UNAVAILABLE_NO_LIVE_SOURCE,READY,95.77,HIGH,0.978571,,,PRIOR_ONLY_ROTATION_MINUTES,False
2026-08-15|jonquel jones|new york liberty @ connecticut sun|reb|over,2026-08-15,Jonquel Jones,New York Liberty @ Connecticut Sun,New York Liberty,Connecticut Sun,REB,OVER,C,,10,27.6,29.4,29.4,0.0,0.4,BENCH,UNAVAILABLE_NO_LIVE_SOURCE,UNAVAILABLE_NO_LIVE_SOURCE,READY,95.77,HIGH,0.978571,,,PRIOR_ONLY_ROTATION_MINUTES,False
2026-08-15|jonquel jones|new york liberty @ connecticut sun|reb|under,2026-08-15,Jonquel Jones,New York Liberty @ Connecticut Sun,New York Liberty,Connecticut Sun,REB,UNDER,C,,10,27.6,29.4,29.4,0.0,0.4,BENCH,UNAVAILABLE_NO_LIVE_SOURCE,UNAVAILABLE_NO_LIVE_SOURCE,READY,95.77,HIGH,0.978571,,,PRIOR_ONLY_ROTATION_MINUTES,False
2026-08-15|leïla lacan|new york liberty @ connecticut sun|3pm|over,2026-08-15,Leïla Lacan,New York Liberty @ Connecticut Sun,Connecticut Sun,New York Liberty,3PM,OVER,,,0,,,,,,UNKNOWN,UNAVAILABLE_NO_LIVE_SOURCE,UNAVAILABLE_NO_LIVE_SOURCE,WAITING_FOR_ROTATION_HISTORY,0.0,LOW,1.0,,,PRIOR_ONLY_ROTATION_MINUTES,False
2026-08-15|leïla lacan|new york liberty @ connecticut sun|3pm|under,2026-08-15,Leïla Lacan,New York Liberty @ Connecticut Sun,Connecticut Sun,New York Liberty,3PM,UNDER,,,0,,,,,,UNKNOWN,UNAVAILABLE_NO_LIVE_SOURCE,UNAVAILABLE_NO_LIVE_SOURCE,WAITING_FOR_ROTATION_HISTORY,0.0,LOW,1.0,,,PRIOR_ONLY_ROTATION_MINUTES,False
2026-08-15|leïla lacan|new york liberty @ connecticut sun|ast|over,2026-08-15,Leïla Lacan,New York Liberty @ Connecticut Sun,Connecticut Sun,New York Liberty,AST,OVER,,,0,,,,,,UNKNOWN,UNAVAILABLE_NO_LIVE_SOURCE,UNAVAILABLE_NO_LIVE_SOURCE,WAITING_FOR_ROTATION_HISTORY,0.0,LOW,1.0,,,PRIOR_ONLY_ROTATION_MINUTES,False
2026-08-15|leïla lacan|new york liberty @ connecticut sun|ast|under,2026-08-15,Leïla Lacan,New York Liberty @ Connecticut Sun,Connecticut Sun,New York Liberty,AST,UNDER,,,0,,,,,,UNKNOWN,UNAVAILABLE_NO_LIVE_SOURCE,UNAVAILABLE_NO_LIVE_SOURCE,WAITING_FOR_ROTATION_HISTORY,0.0,LOW,1.0,,,PRIOR_ONLY_ROTATION_MINUTES,False
2026-08-15|leïla lacan|new york liberty @ connecticut sun|pa|over,2026-08-15,Leïla Lacan,New York Liberty @ Connecticut Sun,Connecticut Sun,New York Liberty,PA,OVER,,,0,,,,,,UNKNOWN,UNAVAILABLE_NO_LIVE_SOURCE,UNAVAILABLE_NO_LIVE_SOURCE,WAITING_FOR_ROTATION_HISTORY,0.0,LOW,1.0,,,PRIOR_ONLY_ROTATION_MINUTES,False
2026-08-15|leïla lacan|new york liberty @ connecticut sun|pa|under,2026-08-15,Leïla Lacan,New York Liberty @ Connecticut Sun,Connecticut Sun,New York Liberty,PA,UNDER,,,0,,,,,,UNKNOWN,UNAVAILABLE_NO_LIVE_SOURCE,UNAVAILABLE_NO_LIVE_SOURCE,WAITING_FOR_ROTATION_HISTORY,0.0,LOW,1.0,,,PRIOR_ONLY_ROTATION_MINUTES,False
2026-08-15|leïla lacan|new york liberty @ connecticut sun|pts|over,2026-08-15,Leïla Lacan,New York Liberty @ Connecticut Sun,Connecticut Sun,New York Liberty,PTS,OVER,,,0,,,,,,UNKNOWN,UNAVAILABLE_NO_LIVE_SOURCE,UNAVAILABLE_NO_LIVE_SOURCE,WAITING_FOR_ROTATION_HISTORY,0.0,LOW,1.0,,,PRIOR_ONLY_ROTATION_MINUTES,False
2026-08-15|leïla lacan|new york liberty @ connecticut sun|pts|over,2026-08-15,Leïla Lacan,New York Liberty @ Connecticut Sun,Connecticut Sun,New York Liberty,PTS,OVER,,,0,,,,,,UNKNOWN,UNAVAILABLE_NO_LIVE_SOURCE,UNAVAILABLE_NO_LIVE_SOURCE,WAITING_FOR_ROTATION_HISTORY,0.0,LOW,1.0,,,PRIOR_ONLY_ROTATION_MINUTES,False
2026-08-15|leïla lacan|new york liberty @ connecticut sun|pts|under,2026-08-15,Leïla Lacan,New York Liberty @ Connecticut Sun,Connecticut Sun,New York Liberty,PTS,UNDER,,,0,,,,,,UNKNOWN,UNAVAILABLE_NO_LIVE_SOURCE,UNAVAILABLE_NO_LIVE_SOURCE,WAITING_FOR_ROTATION_HISTORY,0.0,LOW,1.0,,,PRIOR_ONLY_ROTATION_MINUTES,False
2026-08-15|marine johannes|new york liberty @ connecticut sun|3pm|over,2026-08-15,Marine Johannes,New York Liberty @ Connecticut Sun,New York Liberty,Connecticut Sun,3PM,OVER,G,,7,14.8,16.857,16.857,0.2,0.143,BENCH,UNAVAILABLE_NO_LIVE_SOURCE,UNAVAILABLE_NO_LIVE_SOURCE,READY,69.49,MEDIUM,0.957288,,,PRIOR_ONLY_ROTATION_MINUTES,False
2026-08-15|marine johannes|new york liberty @ connecticut sun|3pm|under,2026-08-15,Marine Johannes,New York Liberty @ Connecticut Sun,New York Liberty,Connecticut Sun,3PM,UNDER,G,,7,14.8,16.857,16.857,0.2,0.143,BENCH,UNAVAILABLE_NO_LIVE_SOURCE,UNAVAILABLE_NO_LIVE_SOURCE,READY,69.49,MEDIUM,0.957288,,,PRIOR_ONLY_ROTATION_MINUTES,False
2026-08-15|marine johannes|new york liberty @ connecticut sun|pts|over,2026-08-15,Marine Johannes,New York Liberty @ Connecticut Sun,New York Liberty,Connecticut Sun,PTS,OVER,G,,7,14.8,16.857,16.857,0.2,0.143,BENCH,UNAVAILABLE_NO_LIVE_SOURCE,UNAVAILABLE_NO_LIVE_SOURCE,READY,69.49,MEDIUM,0.957288,,,PRIOR_ONLY_ROTATION_MINUTES,False
2026-08-15|marine johannes|new york liberty @ connecticut sun|pts|over,2026-08-15,Marine Johannes,New York Liberty @ Connecticut Sun,New York Liberty,Connecticut Sun,PTS,OVER,G,,7,14.8,16.857,16.857,0.2,0.143,BENCH,UNAVAILABLE_NO_LIVE_SOURCE,UNAVAILABLE_NO_LIVE_SOURCE,READY,69.49,MEDIUM,0.957288,,,PRIOR_ONLY_ROTATION_MINUTES,False
2026-08-15|marine johannes|new york liberty @ connecticut sun|pts|under,2026-08-15,Marine Johannes,New York Liberty @ Connecticut Sun,New York Liberty,Connecticut Sun,PTS,UNDER,G,,7,14.8,16.857,16.857,0.2,0.143,BENCH,UNAVAILABLE_NO_LIVE_SOURCE,UNAVAILABLE_NO_LIVE_SOURCE,READY,69.49,MEDIUM,0.957288,,,PRIOR_ONLY_ROTATION_MINUTES,False
2026-08-15|olivia nelson-ododa|new york liberty @ connecticut sun|pa|over,2026-08-15,Olivia Nelson-Ododa,New York Liberty @ Connecticut Sun,Connecticut Sun,New York Liberty,PA,OVER,C,,10,26.0,25.8,25.8,0.2,0.6,BENCH,UNAVAILABLE_NO_LIVE_SOURCE,UNAVAILABLE_NO_LIVE_SOURCE,READY,95.4,HIGH,1.002713,,,PRIOR_ONLY_ROTATION_MINUTES,False
2026-08-15|olivia nelson-ododa|new york liberty @ connecticut sun|pa|under,2026-08-15,Olivia Nelson-Ododa,New York Liberty @ Connecticut Sun,Connecticut Sun,New York Liberty,PA,UNDER,C,,10,26.0,25.8,25.8,0.2,0.6,BENCH,UNAVAILABLE_NO_LIVE_SOURCE,UNAVAILABLE_NO_LIVE_SOURCE,READY,95.4,HIGH,1.002713,,,PRIOR_ONLY_ROTATION_MINUTES,False
2026-08-15|olivia nelson-ododa|new york liberty @ connecticut sun|pr|over,2026-08-15,Olivia Nelson-Ododa,New York Liberty @ Connecticut Sun,Connecticut Sun,New York Liberty,PR,OVER,C,,10,26.0,25.8,25.8,0.2,0.6,BENCH,UNAVAILABLE_NO_LIVE_SOURCE,UNAVAILABLE_NO_LIVE_SOURCE,READY,95.4,HIGH,1.002713,,,PRIOR_ONLY_ROTATION_MINUTES,False
2026-08-15|olivia nelson-ododa|new york liberty @ connecticut sun|pr|under,2026-08-15,Olivia Nelson-Ododa,New York Liberty @ Connecticut Sun,Connecticut Sun,New York Liberty,PR,UNDER,C,,10,26.0,25.8,25.8,0.2,0.6,BENCH,UNAVAILABLE_NO_LIVE_SOURCE,UNAVAILABLE_NO_LIVE_SOURCE,READY,95.4,HIGH,1.002713,,,PRIOR_ONLY_ROTATION_MINUTES,False
2026-08-15|olivia nelson-ododa|new york liberty @ connecticut sun|pra|over,2026-08-15,Olivia Nelson-Ododa,New York Liberty @ Connecticut Sun,Connecticut Sun,New York Liberty,PRA,OVER,C,,10,26.0,25.8,25.8,0.2,0.6,BENCH,UNAVAILABLE_NO_LIVE_SOURCE,UNAVAILABLE_NO_LIVE_SOURCE,READY,95.4,HIGH,1.002713,,,PRIOR_ONLY_ROTATION_MINUTES,False
2026-08-15|olivia nelson-ododa|new york liberty @ connecticut sun|pra|under,2026-08-15,Olivia Nelson-Ododa,New York Liberty @ Connecticut Sun,Connecticut Sun,New York Liberty,PRA,UNDER,C,,10,26.0,25.8,25.8,0.2,0.6,BENCH,UNAVAILABLE_NO_LIVE_SOURCE,UNAVAILABLE_NO_LIVE_SOURCE,READY,95.4,HIGH,1.002713,,,PRIOR_ONLY_ROTATION_MINUTES,False
2026-08-15|olivia nelson-ododa|new york liberty @ connecticut sun|pts|over,2026-08-15,Olivia Nelson-Ododa,New York Liberty @ Connecticut Sun,Connecticut Sun,New York Liberty,PTS,OVER,C,,10,26.0,25.8,25.8,0.2,0.6,BENCH,UNAVAILABLE_NO_LIVE_SOURCE,UNAVAILABLE_NO_LIVE_SOURCE,READY,95.4,HIGH,1.002713,,,PRIOR_ONLY_ROTATION_MINUTES,False
2026-08-15|olivia nelson-ododa|new york liberty @ connecticut sun|pts|over,2026-08-15,Olivia Nelson-Ododa,New York Liberty @ Connecticut Sun,Connecticut Sun,New York Liberty,PTS,OVER,C,,10,26.0,25.8,25.8,0.2,0.6,BENCH,UNAVAILABLE_NO_LIVE_SOURCE,UNAVAILABLE_NO_LIVE_SOURCE,READY,95.4,HIGH,1.002713,,,PRIOR_ONLY_ROTATION_MINUTES,False
2026-08-15|olivia nelson-ododa|new york liberty @ connecticut sun|pts|under,2026-08-15,Olivia Nelson-Ododa,New York Liberty @ Connecticut Sun,Connecticut Sun,New York Liberty,PTS,UNDER,C,,10,26.0,25.8,25.8,0.2,0.6,BENCH,UNAVAILABLE_NO_LIVE_SOURCE,UNAVAILABLE_NO_LIVE_SOURCE,READY,95.4,HIGH,1.002713,,,PRIOR_ONLY_ROTATION_MINUTES,False
2026-08-15|olivia nelson-ododa|new york liberty @ connecticut sun|pts|under,2026-08-15,Olivia Nelson-Ododa,New York Liberty @ Connecticut Sun,Connecticut Sun,New York Liberty,PTS,UNDER,C,,10,26.0,25.8,25.8,0.2,0.6,BENCH,UNAVAILABLE_NO_LIVE_SOURCE,UNAVAILABLE_NO_LIVE_SOURCE,READY,95.4,HIGH,1.002713,,,PRIOR_ONLY_ROTATION_MINUTES,False
2026-08-15|olivia nelson-ododa|new york liberty @ connecticut sun|ra|over,2026-08-15,Olivia Nelson-Ododa,New York Liberty @ Connecticut Sun,Connecticut Sun,New York Liberty,RA,OVER,C,,10,26.0,25.8,25.8,0.2,0.6,BENCH,UNAVAILABLE_NO_LIVE_SOURCE,UNAVAILABLE_NO_LIVE_SOURCE,READY,95.4,HIGH,1.002713,,,PRIOR_ONLY_ROTATION_MINUTES,False
2026-08-15|olivia nelson-ododa|new york liberty @ connecticut sun|ra|under,2026-08-15,Olivia Nelson-Ododa,New York Liberty @ Connecticut Sun,Connecticut Sun,New York Liberty,RA,UNDER,C,,10,26.0,25.8,25.8,0.2,0.6,BENCH,UNAVAILABLE_NO_LIVE_SOURCE,UNAVAILABLE_NO_LIVE_SOURCE,READY,95.4,HIGH,1.002713,,,PRIOR_ONLY_ROTATION_MINUTES,False
2026-08-15|olivia nelson-ododa|new york liberty @ connecticut sun|reb|over,2026-08-15,Olivia Nelson-Ododa,New York Liberty @ Connecticut Sun,Connecticut Sun,New York Liberty,REB,OVER,C,,10,26.0,25.8,25.8,0.2,0.6,BENCH,UNAVAILABLE_NO_LIVE_SOURCE,UNAVAILABLE_NO_LIVE_SOURCE,READY,95.4,HIGH,1.002713,,,PRIOR_ONLY_ROTATION_MINUTES,False
2026-08-15|olivia nelson-ododa|new york liberty @ connecticut sun|reb|under,2026-08-15,Olivia Nelson-Ododa,New York Liberty @ Connecticut Sun,Connecticut Sun,New York Liberty,REB,UNDER,C,,10,26.0,25.8,25.8,0.2,0.6,BENCH,UNAVAILABLE_NO_LIVE_SOURCE,UNAVAILABLE_NO_LIVE_SOURCE,READY,95.4,HIGH,1.002713,,,PRIOR_ONLY_ROTATION_MINUTES,False
2026-08-15|pauline astier|new york liberty @ connecticut sun|ast|over,2026-08-15,Pauline Astier,New York Liberty @ Connecticut Sun,New York Liberty,Connecticut Sun,AST,OVER,G,,10,20.6,22.2,22.2,0.0,0.4,BENCH,UNAVAILABLE_NO_LIVE_SOURCE,UNAVAILABLE_NO_LIVE_SOURCE,READY,95.05,HIGH,0.974775,,,PRIOR_ONLY_ROTATION_MINUTES,False
2026-08-15|pauline astier|new york liberty @ connecticut sun|ast|under,2026-08-15,Pauline Astier,New York Liberty @ Connecticut Sun,New York Liberty,Connecticut Sun,AST,UNDER,G,,10,20.6,22.2,22.2,0.0,0.4,BENCH,UNAVAILABLE_NO_LIVE_SOURCE,UNAVAILABLE_NO_LIVE_SOURCE,READY,95.05,HIGH,0.974775,,,PRIOR_ONLY_ROTATION_MINUTES,False
2026-08-15|pauline astier|new york liberty @ connecticut sun|pa|over,2026-08-15,Pauline Astier,New York Liberty @ Connecticut Sun,New York Liberty,Connecticut Sun,PA,OVER,G,,10,20.6,22.2,22.2,0.0,0.4,BENCH,UNAVAILABLE_NO_LIVE_SOURCE,UNAVAILABLE_NO_LIVE_SOURCE,READY,95.05,HIGH,0.974775,,,PRIOR_ONLY_ROTATION_MINUTES,False
2026-08-15|pauline astier|new york liberty @ connecticut sun|pa|under,2026-08-15,Pauline Astier,New York Liberty @ Connecticut Sun,New York Liberty,Connecticut Sun,PA,UNDER,G,,10,20.6,22.2,22.2,0.0,0.4,BENCH,UNAVAILABLE_NO_LIVE_SOURCE,UNAVAILABLE_NO_LIVE_SOURCE,READY,95.05,HIGH,0.974775,,,PRIOR_ONLY_ROTATION_MINUTES,False
2026-08-15|pauline astier|new york liberty @ connecticut sun|pts|over,2026-08-15,Pauline Astier,New York Liberty @ Connecticut Sun,New York Liberty,Connecticut Sun,PTS,OVER,G,,10,20.6,22.2,22.2,0.0,0.4,BENCH,UNAVAILABLE_NO_LIVE_SOURCE,UNAVAILABLE_NO_LIVE_SOURCE,READY,95.05,HIGH,0.974775,,,PRIOR_ONLY_ROTATION_MINUTES,False
2026-08-15|pauline astier|new york liberty @ connecticut sun|pts|over,2026-08-15,Pauline Astier,New York Liberty @ Connecticut Sun,New York Liberty,Connecticut Sun,PTS,OVER,G,,10,20.6,22.2,22.2,0.0,0.4,BENCH,UNAVAILABLE_NO_LIVE_SOURCE,UNAVAILABLE_NO_LIVE_SOURCE,READY,95.05,HIGH,0.974775,,,PRIOR_ONLY_ROTATION_MINUTES,False
2026-08-15|pauline astier|new york liberty @ connecticut sun|pts|under,2026-08-15,Pauline Astier,New York Liberty @ Connecticut Sun,New York Liberty,Connecticut Sun,PTS,UNDER,G,,10,20.6,22.2,22.2,0.0,0.4,BENCH,UNAVAILABLE_NO_LIVE_SOURCE,UNAVAILABLE_NO_LIVE_SOURCE,READY,95.05,HIGH,0.974775,,,PRIOR_ONLY_ROTATION_MINUTES,False
2026-08-15|pauline astier|new york liberty @ connecticut sun|pts|under,2026-08-15,Pauline Astier,New York Liberty @ Connecticut Sun,New York Liberty,Connecticut Sun,PTS,UNDER,G,,10,20.6,22.2,22.2,0.0,0.4,BENCH,UNAVAILABLE_NO_LIVE_SOURCE,UNAVAILABLE_NO_LIVE_SOURCE,READY,95.05,HIGH,0.974775,,,PRIOR_ONLY_ROTATION_MINUTES,False
2026-08-15|rebecca allen|new york liberty @ connecticut sun|3pm|over,2026-08-15,Rebecca Allen,New York Liberty @ Connecticut Sun,New York Liberty,Connecticut Sun,3PM,OVER,G,,9,24.2,20.222,20.222,0.0,0.0,BENCH,UNAVAILABLE_NO_LIVE_SOURCE,UNAVAILABLE_NO_LIVE_SOURCE,READY,74.27,MEDIUM,1.068846,,,PRIOR_ONLY_ROTATION_MINUTES,False
2026-08-15|rebecca allen|new york liberty @ connecticut sun|3pm|under,2026-08-15,Rebecca Allen,New York Liberty @ Connecticut Sun,New York Liberty,Connecticut Sun,3PM,UNDER,G,,9,24.2,20.222,20.222,0.0,0.0,BENCH,UNAVAILABLE_NO_LIVE_SOURCE,UNAVAILABLE_NO_LIVE_SOURCE,READY,74.27,MEDIUM,1.068846,,,PRIOR_ONLY_ROTATION_MINUTES,False
2026-08-15|rebecca allen|new york liberty @ connecticut sun|pts|over,2026-08-15,Rebecca Allen,New York Liberty @ Connecticut Sun,New York Liberty,Connecticut Sun,PTS,OVER,G,,9,24.2,20.222,20.222,0.0,0.0,BENCH,UNAVAILABLE_NO_LIVE_SOURCE,UNAVAILABLE_NO_LIVE_SOURCE,READY,74.27,MEDIUM,1.068846,,,PRIOR_ONLY_ROTATION_MINUTES,False
2026-08-15|rebecca allen|new york liberty @ connecticut sun|pts|over,2026-08-15,Rebecca Allen,New York Liberty @ Connecticut Sun,New York Liberty,Connecticut Sun,PTS,OVER,G,,9,24.2,20.222,20.222,0.0,0.0,BENCH,UNAVAILABLE_NO_LIVE_SOURCE,UNAVAILABLE_NO_LIVE_SOURCE,READY,74.27,MEDIUM,1.068846,,,PRIOR_ONLY_ROTATION_MINUTES,False
2026-08-15|rebecca allen|new york liberty @ connecticut sun|pts|under,2026-08-15,Rebecca Allen,New York Liberty @ Connecticut Sun,New York Liberty,Connecticut Sun,PTS,UNDER,G,,9,24.2,20.222,20.222,0.0,0.0,BENCH,UNAVAILABLE_NO_LIVE_SOURCE,UNAVAILABLE_NO_LIVE_SOURCE,READY,74.27,MEDIUM,1.068846,,,PRIOR_ONLY_ROTATION_MINUTES,False
2026-08-15|rebecca allen|new york liberty @ connecticut sun|pts|under,2026-08-15,Rebecca Allen,New York Liberty @ Connecticut Sun,New York Liberty,Connecticut Sun,PTS,UNDER,G,,9,24.2,20.222,20.222,0.0,0.0,BENCH,UNAVAILABLE_NO_LIVE_SOURCE,UNAVAILABLE_NO_LIVE_SOURCE,READY,74.27,MEDIUM,1.068846,,,PRIOR_ONLY_ROTATION_MINUTES,False
2026-08-15|sabrina ionescu|new york liberty @ connecticut sun|3pm|over,2026-08-15,Sabrina Ionescu,New York Liberty @ Connecticut Sun,New York Liberty,Connecticut Sun,3PM,OVER,G,,10,32.8,33.5,33.5,0.0,0.4,BENCH,UNAVAILABLE_NO_LIVE_SOURCE,UNAVAILABLE_NO_LIVE_SOURCE,READY,96.7,HIGH,0.992687,,,PRIOR_ONLY_ROTATION_MINUTES,False
2026-08-15|sabrina ionescu|new york liberty @ connecticut sun|3pm|under,2026-08-15,Sabrina Ionescu,New York Liberty @ Connecticut Sun,New York Liberty,Connecticut Sun,3PM,UNDER,G,,10,32.8,33.5,33.5,0.0,0.4,BENCH,UNAVAILABLE_NO_LIVE_SOURCE,UNAVAILABLE_NO_LIVE_SOURCE,READY,96.7,HIGH,0.992687,,,PRIOR_ONLY_ROTATION_MINUTES,False
2026-08-15|sabrina ionescu|new york liberty @ connecticut sun|ast|over,2026-08-15,Sabrina Ionescu,New York Liberty @ Connecticut Sun,New York Liberty,Connecticut Sun,AST,OVER,G,,10,32.8,33.5,33.5,0.0,0.4,BENCH,UNAVAILABLE_NO_LIVE_SOURCE,UNAVAILABLE_NO_LIVE_SOURCE,READY,96.7,HIGH,0.992687,,,PRIOR_ONLY_ROTATION_MINUTES,False
2026-08-15|sabrina ionescu|new york liberty @ connecticut sun|ast|over,2026-08-15,Sabrina Ionescu,New York Liberty @ Connecticut Sun,New York Liberty,Connecticut Sun,AST,OVER,G,,10,32.8,33.5,33.5,0.0,0.4,BENCH,UNAVAILABLE_NO_LIVE_SOURCE,UNAVAILABLE_NO_LIVE_SOURCE,READY,96.7,HIGH,0.992687,,,PRIOR_ONLY_ROTATION_MINUTES,False
2026-08-15|sabrina ionescu|new york liberty @ connecticut sun|ast|under,2026-08-15,Sabrina Ionescu,New York Liberty @ Connecticut Sun,New York Liberty,Connecticut Sun,AST,UNDER,G,,10,32.8,33.5,33.5,0.0,0.4,BENCH,UNAVAILABLE_NO_LIVE_SOURCE,UNAVAILABLE_NO_LIVE_SOURCE,READY,96.7,HIGH,0.992687,,,PRIOR_ONLY_ROTATION_MINUTES,False
2026-08-15|sabrina ionescu|new york liberty @ connecticut sun|ast|under,2026-08-15,Sabrina Ionescu,New York Liberty @ Connecticut Sun,New York Liberty,Connecticut Sun,AST,UNDER,G,,10,32.8,33.5,33.5,0.0,0.4,BENCH,UNAVAILABLE_NO_LIVE_SOURCE,UNAVAILABLE_NO_LIVE_SOURCE,READY,96.7,HIGH,0.992687,,,PRIOR_ONLY_ROTATION_MINUTES,False
2026-08-15|sabrina ionescu|new york liberty @ connecticut sun|pa|over,2026-08-15,Sabrina Ionescu,New York Liberty @ Connecticut Sun,New York Liberty,Connecticut Sun,PA,OVER,G,,10,32.8,33.5,33.5,0.0,0.4,BENCH,UNAVAILABLE_NO_LIVE_SOURCE,UNAVAILABLE_NO_LIVE_SOURCE,READY,96.7,HIGH,0.992687,,,PRIOR_ONLY_ROTATION_MINUTES,False
2026-08-15|sabrina ionescu|new york liberty @ connecticut sun|pa|over,2026-08-15,Sabrina Ionescu,New York Liberty @ Connecticut Sun,New York Liberty,Connecticut Sun,PA,OVER,G,,10,32.8,33.5,33.5,0.0,0.4,BENCH,UNAVAILABLE_NO_LIVE_SOURCE,UNAVAILABLE_NO_LIVE_SOURCE,READY,96.7,HIGH,0.992687,,,PRIOR_ONLY_ROTATION_MINUTES,False
2026-08-15|sabrina ionescu|new york liberty @ connecticut sun|pa|under,2026-08-15,Sabrina Ionescu,New York Liberty @ Connecticut Sun,New York Liberty,Connecticut Sun,PA,UNDER,G,,10,32.8,33.5,33.5,0.0,0.4,BENCH,UNAVAILABLE_NO_LIVE_SOURCE,UNAVAILABLE_NO_LIVE_SOURCE,READY,96.7,HIGH,0.992687,,,PRIOR_ONLY_ROTATION_MINUTES,False
2026-08-15|sabrina ionescu|new york liberty @ connecticut sun|pa|under,2026-08-15,Sabrina Ionescu,New York Liberty @ Connecticut Sun,New York Liberty,Connecticut Sun,PA,UNDER,G,,10,32.8,33.5,33.5,0.0,0.4,BENCH,UNAVAILABLE_NO_LIVE_SOURCE,UNAVAILABLE_NO_LIVE_SOURCE,READY,96.7,HIGH,0.992687,,,PRIOR_ONLY_ROTATION_MINUTES,False
2026-08-15|sabrina ionescu|new york liberty @ connecticut sun|pr|over,2026-08-15,Sabrina Ionescu,New York Liberty @ Connecticut Sun,New York Liberty,Connecticut Sun,PR,OVER,G,,10,32.8,33.5,33.5,0.0,0.4,BENCH,UNAVAILABLE_NO_LIVE_SOURCE,UNAVAILABLE_NO_LIVE_SOURCE,READY,96.7,HIGH,0.992687,,,PRIOR_ONLY_ROTATION_MINUTES,False
2026-08-15|sabrina ionescu|new york liberty @ connecticut sun|pr|over,2026-08-15,Sabrina Ionescu,New York Liberty @ Connecticut Sun,New York Liberty,Connecticut Sun,PR,OVER,G,,10,32.8,33.5,33.5,0.0,0.4,BENCH,UNAVAILABLE_NO_LIVE_SOURCE,UNAVAILABLE_NO_LIVE_SOURCE,READY,96.7,HIGH,0.992687,,,PRIOR_ONLY_ROTATION_MINUTES,False
2026-08-15|sabrina ionescu|new york liberty @ connecticut sun|pr|under,2026-08-15,Sabrina Ionescu,New York Liberty @ Connecticut Sun,New York Liberty,Connecticut Sun,PR,UNDER,G,,10,32.8,33.5,33.5,0.0,0.4,BENCH,UNAVAILABLE_NO_LIVE_SOURCE,UNAVAILABLE_NO_LIVE_SOURCE,READY,96.7,HIGH,0.992687,,,PRIOR_ONLY_ROTATION_MINUTES,False
2026-08-15|sabrina ionescu|new york liberty @ connecticut sun|pr|under,2026-08-15,Sabrina Ionescu,New York Liberty @ Connecticut Sun,New York Liberty,Connecticut Sun,PR,UNDER,G,,10,32.8,33.5,33.5,0.0,0.4,BENCH,UNAVAILABLE_NO_LIVE_SOURCE,UNAVAILABLE_NO_LIVE_SOURCE,READY,96.7,HIGH,0.992687,,,PRIOR_ONLY_ROTATION_MINUTES,False
2026-08-15|sabrina ionescu|new york liberty @ connecticut sun|pra|over,2026-08-15,Sabrina Ionescu,New York Liberty @ Connecticut Sun,New York Liberty,Connecticut Sun,PRA,OVER,G,,10,32.8,33.5,33.5,0.0,0.4,BENCH,UNAVAILABLE_NO_LIVE_SOURCE,UNAVAILABLE_NO_LIVE_SOURCE,READY,96.7,HIGH,0.992687,,,PRIOR_ONLY_ROTATION_MINUTES,False
2026-08-15|sabrina ionescu|new york liberty @ connecticut sun|pra|under,2026-08-15,Sabrina Ionescu,New York Liberty @ Connecticut Sun,New York Liberty,Connecticut Sun,PRA,UNDER,G,,10,32.8,33.5,33.5,0.0,0.4,BENCH,UNAVAILABLE_NO_LIVE_SOURCE,UNAVAILABLE_NO_LIVE_SOURCE,READY,96.7,HIGH,0.992687,,,PRIOR_ONLY_ROTATION_MINUTES,False
2026-08-15|sabrina ionescu|new york liberty @ connecticut sun|pts|over,2026-08-15,Sabrina Ionescu,New York Liberty @ Connecticut Sun,New York Liberty,Connecticut Sun,PTS,OVER,G,,10,32.8,33.5,33.5,0.0,0.4,BENCH,UNAVAILABLE_NO_LIVE_SOURCE,UNAVAILABLE_NO_LIVE_SOURCE,READY,96.7,HIGH,0.992687,,,PRIOR_ONLY_ROTATION_MINUTES,False
2026-08-15|sabrina ionescu|new york liberty @ connecticut sun|pts|over,2026-08-15,Sabrina Ionescu,New York Liberty @ Connecticut Sun,New York Liberty,Connecticut Sun,PTS,OVER,G,,10,32.8,33.5,33.5,0.0,0.4,BENCH,UNAVAILABLE_NO_LIVE_SOURCE,UNAVAILABLE_NO_LIVE_SOURCE,READY,96.7,HIGH,0.992687,,,PRIOR_ONLY_ROTATION_MINUTES,False
2026-08-15|sabrina ionescu|new york liberty @ connecticut sun|pts|under,2026-08-15,Sabrina Ionescu,New York Liberty @ Connecticut Sun,New York Liberty,Connecticut Sun,PTS,UNDER,G,,10,32.8,33.5,33.5,0.0,0.4,BENCH,UNAVAILABLE_NO_LIVE_SOURCE,UNAVAILABLE_NO_LIVE_SOURCE,READY,96.7,HIGH,0.992687,,,PRIOR_ONLY_ROTATION_MINUTES,False
2026-08-15|sabrina ionescu|new york liberty @ connecticut sun|pts|under,2026-08-15,Sabrina Ionescu,New York Liberty @ Connecticut Sun,New York Liberty,Connecticut Sun,PTS,UNDER,G,,10,32.8,33.5,33.5,0.0,0.4,BENCH,UNAVAILABLE_NO_LIVE_SOURCE,UNAVAILABLE_NO_LIVE_SOURCE,READY,96.7,HIGH,0.992687,,,PRIOR_ONLY_ROTATION_MINUTES,False
2026-08-15|sabrina ionescu|new york liberty @ connecticut sun|ra|over,2026-08-15,Sabrina Ionescu,New York Liberty @ Connecticut Sun,New York Liberty,Connecticut Sun,RA,OVER,G,,10,32.8,33.5,33.5,0.0,0.4,BENCH,UNAVAILABLE_NO_LIVE_SOURCE,UNAVAILABLE_NO_LIVE_SOURCE,READY,96.7,HIGH,0.992687,,,PRIOR_ONLY_ROTATION_MINUTES,False
2026-08-15|sabrina ionescu|new york liberty @ connecticut sun|ra|under,2026-08-15,Sabrina Ionescu,New York Liberty @ Connecticut Sun,New York Liberty,Connecticut Sun,RA,UNDER,G,,10,32.8,33.5,33.5,0.0,0.4,BENCH,UNAVAILABLE_NO_LIVE_SOURCE,UNAVAILABLE_NO_LIVE_SOURCE,READY,96.7,HIGH,0.992687,,,PRIOR_ONLY_ROTATION_MINUTES,False
2026-08-15|sabrina ionescu|new york liberty @ connecticut sun|reb|over,2026-08-15,Sabrina Ionescu,New York Liberty @ Connecticut Sun,New York Liberty,Connecticut Sun,REB,OVER,G,,10,32.8,33.5,33.5,0.0,0.4,BENCH,UNAVAILABLE_NO_LIVE_SOURCE,UNAVAILABLE_NO_LIVE_SOURCE,READY,96.7,HIGH,0.992687,,,PRIOR_ONLY_ROTATION_MINUTES,False
2026-08-15|sabrina ionescu|new york liberty @ connecticut sun|reb|under,2026-08-15,Sabrina Ionescu,New York Liberty @ Connecticut Sun,New York Liberty,Connecticut Sun,REB,UNDER,G,,10,32.8,33.5,33.5,0.0,0.4,BENCH,UNAVAILABLE_NO_LIVE_SOURCE,UNAVAILABLE_NO_LIVE_SOURCE,READY,96.7,HIGH,0.992687,,,PRIOR_ONLY_ROTATION_MINUTES,False
