archive_date,player,archive_game,archive_away,archive_home,classification,warehouse_date,warehouse_game,warehouse_away,warehouse_home,warehouse_game_id,candidate_dates,note,outcome,actual_source
2026-07-12,Natisha Hiedeman,Seattle Storm @ Washington Mystics,seattle storm,washington mystics,EXACT_MATCH,2026-07-12,Storm @ Mystics,seattle storm,washington mystics,401857061,,,WIN,player_game_log_warehouse
2026-07-12,Kelsey Mitchell,Indiana Fever @ Las Vegas Aces,indiana fever,las vegas aces,EXACT_MATCH,2026-07-12,Fever @ Aces,indiana fever,las vegas aces,401857063,,,WIN,player_game_log_warehouse
2026-07-12,Kelsey Mitchell,Indiana Fever @ Las Vegas Aces,indiana fever,las vegas aces,EXACT_MATCH,2026-07-12,Fever @ Aces,indiana fever,las vegas aces,401857063,,,WIN,player_game_log_warehouse
2026-07-12,Kelsey Mitchell,Indiana Fever @ Las Vegas Aces,indiana fever,las vegas aces,EXACT_MATCH,2026-07-12,Fever @ Aces,indiana fever,las vegas aces,401857063,,,WIN,player_game_log_warehouse
2026-07-12,Maria Conde,New York Liberty @ Toronto Tempo,new york liberty,toronto tempo,HOME_AWAY_ORIENTATION_DIFFERENCE,2026-07-12,Tempo @ Liberty,toronto tempo,new york liberty,401857060,,,WIN,player_game_log_warehouse
2026-07-12,Kelsey Mitchell,Indiana Fever @ Las Vegas Aces,indiana fever,las vegas aces,EXACT_MATCH,2026-07-12,Fever @ Aces,indiana fever,las vegas aces,401857063,,,WIN,player_game_log_warehouse
2026-07-12,A'ja Wilson,Indiana Fever @ Las Vegas Aces,indiana fever,las vegas aces,EXACT_MATCH,2026-07-12,Fever @ Aces,indiana fever,las vegas aces,401857063,,,WIN,player_game_log_warehouse
2026-07-12,Kelsey Mitchell,Indiana Fever @ Las Vegas Aces,indiana fever,las vegas aces,EXACT_MATCH,2026-07-12,Fever @ Aces,indiana fever,las vegas aces,401857063,,,WIN,player_game_log_warehouse
2026-07-12,Kelsey Mitchell,Indiana Fever @ Las Vegas Aces,indiana fever,las vegas aces,EXACT_MATCH,2026-07-12,Fever @ Aces,indiana fever,las vegas aces,401857063,,,WIN,player_game_log_warehouse
2026-07-12,Azura Stevens,Chicago Sky @ Dallas Wings,chicago sky,dallas wings,EXACT_MATCH,2026-07-12,Sky @ Wings,chicago sky,dallas wings,401857062,,,WIN,player_game_log_warehouse
2026-07-12,Sophie Cunningham,Indiana Fever @ Las Vegas Aces,indiana fever,las vegas aces,EXACT_MATCH,2026-07-12,Fever @ Aces,indiana fever,las vegas aces,401857063,,,WIN,player_game_log_warehouse
2026-07-12,Sabrina Ionescu,New York Liberty @ Toronto Tempo,new york liberty,toronto tempo,EXACT_MATCH,2026-07-12,Liberty @ Tempo,new york liberty,toronto tempo,401857060,,,WIN,player_game_log_warehouse
2026-07-12,Natisha Hiedeman,Seattle Storm @ Washington Mystics,seattle storm,washington mystics,EXACT_MATCH,2026-07-12,Storm @ Mystics,seattle storm,washington mystics,401857061,,,WIN,player_game_log_warehouse
2026-07-12,Pauline Astier,New York Liberty @ Toronto Tempo,new york liberty,toronto tempo,EXACT_MATCH,2026-07-12,Liberty @ Tempo,new york liberty,toronto tempo,401857060,,,WIN,player_game_log_warehouse
2026-07-12,Natisha Hiedeman,Seattle Storm @ Washington Mystics,seattle storm,washington mystics,EXACT_MATCH,2026-07-12,Storm @ Mystics,seattle storm,washington mystics,401857061,,,WIN,player_game_log_warehouse
2026-07-12,Azura Stevens,Chicago Sky @ Dallas Wings,chicago sky,dallas wings,EXACT_MATCH,2026-07-12,Sky @ Wings,chicago sky,dallas wings,401857062,,,WIN,player_game_log_warehouse
2026-07-12,Kelsey Mitchell,Indiana Fever @ Las Vegas Aces,indiana fever,las vegas aces,EXACT_MATCH,2026-07-12,Fever @ Aces,indiana fever,las vegas aces,401857063,,,WIN,player_game_log_warehouse
2026-07-12,Jackie Young,Indiana Fever @ Las Vegas Aces,indiana fever,las vegas aces,EXACT_MATCH,2026-07-12,Fever @ Aces,indiana fever,las vegas aces,401857063,,,WIN,player_game_log_warehouse
2026-07-12,Jewell Loyd,Indiana Fever @ Las Vegas Aces,indiana fever,las vegas aces,EXACT_MATCH,2026-07-12,Fever @ Aces,indiana fever,las vegas aces,401857063,,,LOSS,player_game_log_warehouse
2026-07-12,Natisha Hiedeman,Seattle Storm @ Washington Mystics,seattle storm,washington mystics,EXACT_MATCH,2026-07-12,Storm @ Mystics,seattle storm,washington mystics,401857061,,,WIN,player_game_log_warehouse
2026-07-12,Jewell Loyd,Indiana Fever @ Las Vegas Aces,indiana fever,las vegas aces,EXACT_MATCH,2026-07-12,Fever @ Aces,indiana fever,las vegas aces,401857063,,,WIN,player_game_log_warehouse
2026-07-12,Aliyah Boston,Indiana Fever @ Las Vegas Aces,indiana fever,las vegas aces,EXACT_MATCH,2026-07-12,Fever @ Aces,indiana fever,las vegas aces,401857063,,,WIN,player_game_log_warehouse
2026-07-12,Pauline Astier,New York Liberty @ Toronto Tempo,new york liberty,toronto tempo,EXACT_MATCH,2026-07-12,Liberty @ Tempo,new york liberty,toronto tempo,401857060,,,WIN,player_game_log_warehouse
2026-07-12,Natisha Hiedeman,Seattle Storm @ Washington Mystics,seattle storm,washington mystics,EXACT_MATCH,2026-07-12,Storm @ Mystics,seattle storm,washington mystics,401857061,,,WIN,player_game_log_warehouse
2026-07-12,Michaela Onyenwere,Seattle Storm @ Washington Mystics,seattle storm,washington mystics,HOME_AWAY_ORIENTATION_DIFFERENCE,2026-07-12,Mystics @ Storm,washington mystics,seattle storm,401857061,,,WIN,player_game_log_warehouse
2026-07-12,Pauline Astier,New York Liberty @ Toronto Tempo,new york liberty,toronto tempo,EXACT_MATCH,2026-07-12,Liberty @ Tempo,new york liberty,toronto tempo,401857060,,,WIN,player_game_log_warehouse
2026-07-12,Michaela Onyenwere,Seattle Storm @ Washington Mystics,seattle storm,washington mystics,HOME_AWAY_ORIENTATION_DIFFERENCE,2026-07-12,Mystics @ Storm,washington mystics,seattle storm,401857061,,,WIN,player_game_log_warehouse
2026-07-12,Awa Fam,Seattle Storm @ Washington Mystics,seattle storm,washington mystics,EXACT_MATCH,2026-07-12,Storm @ Mystics,seattle storm,washington mystics,401857061,,,WIN,player_game_log_warehouse
2026-07-12,Dominique Malonga,Seattle Storm @ Washington Mystics,seattle storm,washington mystics,EXACT_MATCH,2026-07-12,Storm @ Mystics,seattle storm,washington mystics,401857061,,,WIN,player_game_log_warehouse
2026-07-12,A'ja Wilson,Indiana Fever @ Las Vegas Aces,indiana fever,las vegas aces,EXACT_MATCH,2026-07-12,Fever @ Aces,indiana fever,las vegas aces,401857063,,,LOSS,player_game_log_warehouse
2026-07-12,Julie Allemand,New York Liberty @ Toronto Tempo,new york liberty,toronto tempo,HOME_AWAY_ORIENTATION_DIFFERENCE,2026-07-12,Tempo @ Liberty,toronto tempo,new york liberty,401857060,,,WIN,player_game_log_warehouse
2026-07-12,A'ja Wilson,Indiana Fever @ Las Vegas Aces,indiana fever,las vegas aces,EXACT_MATCH,2026-07-12,Fever @ Aces,indiana fever,las vegas aces,401857063,,,LOSS,player_game_log_warehouse
2026-07-12,Arike Ogunbowale,Chicago Sky @ Dallas Wings,chicago sky,dallas wings,HOME_AWAY_ORIENTATION_DIFFERENCE,2026-07-12,Wings @ Sky,dallas wings,chicago sky,401857062,,,LOSS,player_game_log_warehouse
2026-07-12,NaLyssa Smith,Indiana Fever @ Las Vegas Aces,indiana fever,las vegas aces,EXACT_MATCH,2026-07-12,Fever @ Aces,indiana fever,las vegas aces,401857063,,,LOSS,player_game_log_warehouse
2026-07-12,Azura Stevens,Chicago Sky @ Dallas Wings,chicago sky,dallas wings,EXACT_MATCH,2026-07-12,Sky @ Wings,chicago sky,dallas wings,401857062,,,WIN,player_game_log_warehouse
2026-07-12,Kiki Iriafen,Seattle Storm @ Washington Mystics,seattle storm,washington mystics,HOME_AWAY_ORIENTATION_DIFFERENCE,2026-07-12,Mystics @ Storm,washington mystics,seattle storm,401857061,,,WIN,player_game_log_warehouse
2026-07-12,A'ja Wilson,Indiana Fever @ Las Vegas Aces,indiana fever,las vegas aces,EXACT_MATCH,2026-07-12,Fever @ Aces,indiana fever,las vegas aces,401857063,,,WIN,player_game_log_warehouse
2026-07-12,Michaela Onyenwere,Seattle Storm @ Washington Mystics,seattle storm,washington mystics,HOME_AWAY_ORIENTATION_DIFFERENCE,2026-07-12,Mystics @ Storm,washington mystics,seattle storm,401857061,,,WIN,player_game_log_warehouse
2026-07-12,Dominique Malonga,Seattle Storm @ Washington Mystics,seattle storm,washington mystics,EXACT_MATCH,2026-07-12,Storm @ Mystics,seattle storm,washington mystics,401857061,,,WIN,player_game_log_warehouse
2026-07-12,Awa Fam,Seattle Storm @ Washington Mystics,seattle storm,washington mystics,EXACT_MATCH,2026-07-12,Storm @ Mystics,seattle storm,washington mystics,401857061,,,WIN,player_game_log_warehouse
2026-07-12,A'ja Wilson,Indiana Fever @ Las Vegas Aces,indiana fever,las vegas aces,EXACT_MATCH,2026-07-12,Fever @ Aces,indiana fever,las vegas aces,401857063,,,WIN,player_game_log_warehouse
2026-07-12,Julie Allemand,New York Liberty @ Toronto Tempo,new york liberty,toronto tempo,HOME_AWAY_ORIENTATION_DIFFERENCE,2026-07-12,Tempo @ Liberty,toronto tempo,new york liberty,401857060,,,WIN,player_game_log_warehouse
2026-07-12,Dominique Malonga,Seattle Storm @ Washington Mystics,seattle storm,washington mystics,EXACT_MATCH,2026-07-12,Storm @ Mystics,seattle storm,washington mystics,401857061,,,WIN,player_game_log_warehouse
2026-07-12,Dominique Malonga,Seattle Storm @ Washington Mystics,seattle storm,washington mystics,EXACT_MATCH,2026-07-12,Storm @ Mystics,seattle storm,washington mystics,401857061,,,WIN,player_game_log_warehouse
2026-07-12,Michaela Onyenwere,Seattle Storm @ Washington Mystics,seattle storm,washington mystics,HOME_AWAY_ORIENTATION_DIFFERENCE,2026-07-12,Mystics @ Storm,washington mystics,seattle storm,401857061,,,WIN,player_game_log_warehouse
2026-07-12,Aliyah Boston,Indiana Fever @ Las Vegas Aces,indiana fever,las vegas aces,EXACT_MATCH,2026-07-12,Fever @ Aces,indiana fever,las vegas aces,401857063,,,LOSS,player_game_log_warehouse
2026-07-12,Azura Stevens,Chicago Sky @ Dallas Wings,chicago sky,dallas wings,EXACT_MATCH,2026-07-12,Sky @ Wings,chicago sky,dallas wings,401857062,,,WIN,player_game_log_warehouse
2026-07-12,Aliyah Boston,Indiana Fever @ Las Vegas Aces,indiana fever,las vegas aces,EXACT_MATCH,2026-07-12,Fever @ Aces,indiana fever,las vegas aces,401857063,,,LOSS,player_game_log_warehouse
2026-07-12,Azura Stevens,Chicago Sky @ Dallas Wings,chicago sky,dallas wings,EXACT_MATCH,2026-07-12,Sky @ Wings,chicago sky,dallas wings,401857062,,,WIN,player_game_log_warehouse
2026-07-12,A'ja Wilson,Indiana Fever @ Las Vegas Aces,indiana fever,las vegas aces,EXACT_MATCH,2026-07-12,Fever @ Aces,indiana fever,las vegas aces,401857063,,,LOSS,player_game_log_warehouse
2026-07-12,Natasha Cloud,Chicago Sky @ Dallas Wings,chicago sky,dallas wings,EXACT_MATCH,2026-07-12,Sky @ Wings,chicago sky,dallas wings,401857062,,,LOSS,player_game_log_warehouse
2026-07-12,Natasha Cloud,Chicago Sky @ Dallas Wings,chicago sky,dallas wings,EXACT_MATCH,2026-07-12,Sky @ Wings,chicago sky,dallas wings,401857062,,,WIN,player_game_log_warehouse
2026-07-12,Azzi Fudd,Chicago Sky @ Dallas Wings,chicago sky,dallas wings,HOME_AWAY_ORIENTATION_DIFFERENCE,2026-07-12,Wings @ Sky,dallas wings,chicago sky,401857062,,,WIN,player_game_log_warehouse
2026-07-12,Kamilla Cardoso,Chicago Sky @ Dallas Wings,chicago sky,dallas wings,EXACT_MATCH,2026-07-12,Sky @ Wings,chicago sky,dallas wings,401857062,,,WIN,player_game_log_warehouse
2026-07-12,Kamilla Cardoso,Chicago Sky @ Dallas Wings,chicago sky,dallas wings,EXACT_MATCH,2026-07-12,Sky @ Wings,chicago sky,dallas wings,401857062,,,WIN,player_game_log_warehouse
2026-07-12,Azzi Fudd,Chicago Sky @ Dallas Wings,chicago sky,dallas wings,HOME_AWAY_ORIENTATION_DIFFERENCE,2026-07-12,Wings @ Sky,dallas wings,chicago sky,401857062,,,WIN,player_game_log_warehouse
2026-07-12,Courtney Vandersloot,Chicago Sky @ Dallas Wings,chicago sky,dallas wings,EXACT_MATCH,2026-07-12,Sky @ Wings,chicago sky,dallas wings,401857062,,,WIN,player_game_log_warehouse
2026-07-12,Kamilla Cardoso,Chicago Sky @ Dallas Wings,chicago sky,dallas wings,EXACT_MATCH,2026-07-12,Sky @ Wings,chicago sky,dallas wings,401857062,,,WIN,player_game_log_warehouse
2026-07-12,Kamilla Cardoso,Chicago Sky @ Dallas Wings,chicago sky,dallas wings,EXACT_MATCH,2026-07-12,Sky @ Wings,chicago sky,dallas wings,401857062,,,WIN,player_game_log_warehouse
2026-07-12,Courtney Vandersloot,Chicago Sky @ Dallas Wings,chicago sky,dallas wings,EXACT_MATCH,2026-07-12,Sky @ Wings,chicago sky,dallas wings,401857062,,,WIN,player_game_log_warehouse
2026-07-12,Kamilla Cardoso,Chicago Sky @ Dallas Wings,chicago sky,dallas wings,EXACT_MATCH,2026-07-12,Sky @ Wings,chicago sky,dallas wings,401857062,,,WIN,player_game_log_warehouse
2026-07-12,Kamilla Cardoso,Chicago Sky @ Dallas Wings,chicago sky,dallas wings,EXACT_MATCH,2026-07-12,Sky @ Wings,chicago sky,dallas wings,401857062,,,WIN,player_game_log_warehouse
2026-07-12,Sydney Taylor,Chicago Sky @ Dallas Wings,chicago sky,dallas wings,EXACT_MATCH,2026-07-12,Sky @ Wings,chicago sky,dallas wings,401857062,,,WIN,player_game_log_warehouse
2026-07-13,Kahleah Copper,Phoenix Mercury @ Minnesota Lynx,phoenix mercury,minnesota lynx,EXACT_MATCH,2026-07-13,Mercury @ Lynx,phoenix mercury,minnesota lynx,401857065,,,LOSS,player_game_log_warehouse
2026-07-13,Allisha Gray,Los Angeles Sparks @ Atlanta Dream,los angeles sparks,atlanta dream,EXACT_MATCH,2026-07-13,Sparks @ Dream,los angeles sparks,atlanta dream,401857064,,,LOSS,player_game_log_warehouse
2026-07-13,Kayla McBride,Phoenix Mercury @ Minnesota Lynx,phoenix mercury,minnesota lynx,EXACT_MATCH,2026-07-13,Mercury @ Lynx,phoenix mercury,minnesota lynx,401857065,,,WIN,player_game_log_warehouse
2026-07-13,Naz Hillmon,Los Angeles Sparks @ Atlanta Dream,los angeles sparks,atlanta dream,EXACT_MATCH,2026-07-13,Sparks @ Dream,los angeles sparks,atlanta dream,401857064,,,WIN,player_game_log_warehouse
2026-07-13,Alyssa Thomas,Phoenix Mercury @ Minnesota Lynx,phoenix mercury,minnesota lynx,EXACT_MATCH,2026-07-13,Mercury @ Lynx,phoenix mercury,minnesota lynx,401857065,,,LOSS,player_game_log_warehouse
2026-07-13,Courtney Williams,Phoenix Mercury @ Minnesota Lynx,phoenix mercury,minnesota lynx,EXACT_MATCH,2026-07-13,Mercury @ Lynx,phoenix mercury,minnesota lynx,401857065,,,WIN,player_game_log_warehouse
2026-07-13,Nia Coffey,Phoenix Mercury @ Minnesota Lynx,phoenix mercury,minnesota lynx,EXACT_MATCH,2026-07-13,Mercury @ Lynx,phoenix mercury,minnesota lynx,401857065,,,WIN,player_game_log_warehouse
2026-07-14,Shakira Austin,Washington Mystics @ Toronto Tempo,washington mystics,toronto tempo,EXACT_MATCH,2026-07-14,Mystics @ Tempo,washington mystics,toronto tempo,401857067,,,WIN,player_game_log_warehouse
2026-07-13,Nia Coffey,Phoenix Mercury @ Minnesota Lynx,phoenix mercury,minnesota lynx,EXACT_MATCH,2026-07-13,Mercury @ Lynx,phoenix mercury,minnesota lynx,401857065,,,WIN,player_game_log_warehouse
2026-07-13,Nia Coffey,Phoenix Mercury @ Minnesota Lynx,phoenix mercury,minnesota lynx,EXACT_MATCH,2026-07-13,Mercury @ Lynx,phoenix mercury,minnesota lynx,401857065,,,WIN,player_game_log_warehouse
2026-07-13,Nia Coffey,Phoenix Mercury @ Minnesota Lynx,phoenix mercury,minnesota lynx,EXACT_MATCH,2026-07-13,Mercury @ Lynx,phoenix mercury,minnesota lynx,401857065,,,WIN,player_game_log_warehouse
2026-07-13,Rhyne Howard,Los Angeles Sparks @ Atlanta Dream,los angeles sparks,atlanta dream,EXACT_MATCH,2026-07-13,Sparks @ Dream,los angeles sparks,atlanta dream,401857064,,,WIN,player_game_log_warehouse
2026-07-13,Rhyne Howard,Los Angeles Sparks @ Atlanta Dream,los angeles sparks,atlanta dream,EXACT_MATCH,2026-07-13,Sparks @ Dream,los angeles sparks,atlanta dream,401857064,,,WIN,player_game_log_warehouse
2026-07-13,Rhyne Howard,Los Angeles Sparks @ Atlanta Dream,los angeles sparks,atlanta dream,EXACT_MATCH,2026-07-13,Sparks @ Dream,los angeles sparks,atlanta dream,401857064,,,WIN,player_game_log_warehouse
2026-07-13,Nneka Ogwumike,Los Angeles Sparks @ Atlanta Dream,los angeles sparks,atlanta dream,EXACT_MATCH,2026-07-13,Sparks @ Dream,los angeles sparks,atlanta dream,401857064,,,WIN,player_game_log_warehouse
2026-07-14,Georgia Amoore,Washington Mystics @ Toronto Tempo,washington mystics,toronto tempo,EXACT_MATCH,2026-07-14,Mystics @ Tempo,washington mystics,toronto tempo,401857067,,,WIN,player_game_log_warehouse
2026-07-13,Alyssa Thomas,Phoenix Mercury @ Minnesota Lynx,phoenix mercury,minnesota lynx,EXACT_MATCH,2026-07-13,Mercury @ Lynx,phoenix mercury,minnesota lynx,401857065,,,LOSS,player_game_log_warehouse
2026-07-13,Kayla McBride,Phoenix Mercury @ Minnesota Lynx,phoenix mercury,minnesota lynx,EXACT_MATCH,2026-07-13,Mercury @ Lynx,phoenix mercury,minnesota lynx,401857065,,,WIN,player_game_log_warehouse
2026-07-14,Kiki Iriafen,Washington Mystics @ Toronto Tempo,washington mystics,toronto tempo,EXACT_MATCH,2026-07-14,Mystics @ Tempo,washington mystics,toronto tempo,401857067,,,LOSS,player_game_log_warehouse
2026-07-14,Georgia Amoore,Washington Mystics @ Toronto Tempo,washington mystics,toronto tempo,EXACT_MATCH,2026-07-14,Mystics @ Tempo,washington mystics,toronto tempo,401857067,,,WIN,player_game_log_warehouse
2026-07-13,Nia Coffey,Phoenix Mercury @ Minnesota Lynx,phoenix mercury,minnesota lynx,EXACT_MATCH,2026-07-13,Mercury @ Lynx,phoenix mercury,minnesota lynx,401857065,,,WIN,player_game_log_warehouse
2026-07-13,Rhyne Howard,Los Angeles Sparks @ Atlanta Dream,los angeles sparks,atlanta dream,EXACT_MATCH,2026-07-13,Sparks @ Dream,los angeles sparks,atlanta dream,401857064,,,WIN,player_game_log_warehouse
2026-07-13,Rhyne Howard,Los Angeles Sparks @ Atlanta Dream,los angeles sparks,atlanta dream,EXACT_MATCH,2026-07-13,Sparks @ Dream,los angeles sparks,atlanta dream,401857064,,,WIN,player_game_log_warehouse
2026-07-13,Nia Coffey,Phoenix Mercury @ Minnesota Lynx,phoenix mercury,minnesota lynx,EXACT_MATCH,2026-07-13,Mercury @ Lynx,phoenix mercury,minnesota lynx,401857065,,,WIN,player_game_log_warehouse
2026-07-13,Alyssa Thomas,Phoenix Mercury @ Minnesota Lynx,phoenix mercury,minnesota lynx,EXACT_MATCH,2026-07-13,Mercury @ Lynx,phoenix mercury,minnesota lynx,401857065,,,LOSS,player_game_log_warehouse
2026-07-14,Kiki Iriafen,Washington Mystics @ Toronto Tempo,washington mystics,toronto tempo,EXACT_MATCH,2026-07-14,Mystics @ Tempo,washington mystics,toronto tempo,401857067,,,WIN,player_game_log_warehouse
2026-07-13,Kayla McBride,Phoenix Mercury @ Minnesota Lynx,phoenix mercury,minnesota lynx,EXACT_MATCH,2026-07-13,Mercury @ Lynx,phoenix mercury,minnesota lynx,401857065,,,WIN,player_game_log_warehouse
2026-07-14,Carla Leite,Portland Fire @ Connecticut Sun,portland fire,connecticut sun,EXACT_MATCH,2026-07-14,Fire @ Sun,portland fire,connecticut sun,401857066,,,LOSS,player_game_log_warehouse
2026-07-14,Kiki Iriafen,Washington Mystics @ Toronto Tempo,washington mystics,toronto tempo,EXACT_MATCH,2026-07-14,Mystics @ Tempo,washington mystics,toronto tempo,401857067,,,LOSS,player_game_log_warehouse
2026-07-13,Courtney Williams,Phoenix Mercury @ Minnesota Lynx,phoenix mercury,minnesota lynx,EXACT_MATCH,2026-07-13,Mercury @ Lynx,phoenix mercury,minnesota lynx,401857065,,,WIN,player_game_log_warehouse
2026-07-13,Kayla McBride,Phoenix Mercury @ Minnesota Lynx,phoenix mercury,minnesota lynx,EXACT_MATCH,2026-07-13,Mercury @ Lynx,phoenix mercury,minnesota lynx,401857065,,,WIN,player_game_log_warehouse
2026-07-13,Dearica Hamby,Los Angeles Sparks @ Atlanta Dream,los angeles sparks,atlanta dream,EXACT_MATCH,2026-07-13,Sparks @ Dream,los angeles sparks,atlanta dream,401857064,,,LOSS,player_game_log_warehouse
2026-07-13,Ariel Atkins,Los Angeles Sparks @ Atlanta Dream,los angeles sparks,atlanta dream,EXACT_MATCH,2026-07-13,Sparks @ Dream,los angeles sparks,atlanta dream,401857064,,,WIN,player_game_log_warehouse
2026-07-13,Rhyne Howard,Los Angeles Sparks @ Atlanta Dream,los angeles sparks,atlanta dream,EXACT_MATCH,2026-07-13,Sparks @ Dream,los angeles sparks,atlanta dream,401857064,,,WIN,player_game_log_warehouse
2026-07-13,Natasha Howard,Phoenix Mercury @ Minnesota Lynx,phoenix mercury,minnesota lynx,EXACT_MATCH,2026-07-13,Mercury @ Lynx,phoenix mercury,minnesota lynx,401857065,,,WIN,player_game_log_warehouse
2026-07-13,Kahleah Copper,Phoenix Mercury @ Minnesota Lynx,phoenix mercury,minnesota lynx,EXACT_MATCH,2026-07-13,Mercury @ Lynx,phoenix mercury,minnesota lynx,401857065,,,LOSS,player_game_log_warehouse
2026-07-13,Allisha Gray,Los Angeles Sparks @ Atlanta Dream,los angeles sparks,atlanta dream,EXACT_MATCH,2026-07-13,Sparks @ Dream,los angeles sparks,atlanta dream,401857064,,,LOSS,player_game_log_warehouse
2026-07-13,Dearica Hamby,Los Angeles Sparks @ Atlanta Dream,los angeles sparks,atlanta dream,EXACT_MATCH,2026-07-13,Sparks @ Dream,los angeles sparks,atlanta dream,401857064,,,WIN,player_game_log_warehouse
2026-07-13,Kayla McBride,Phoenix Mercury @ Minnesota Lynx,phoenix mercury,minnesota lynx,EXACT_MATCH,2026-07-13,Mercury @ Lynx,phoenix mercury,minnesota lynx,401857065,,,WIN,player_game_log_warehouse
2026-07-13,Naz Hillmon,Los Angeles Sparks @ Atlanta Dream,los angeles sparks,atlanta dream,EXACT_MATCH,2026-07-13,Sparks @ Dream,los angeles sparks,atlanta dream,401857064,,,WIN,player_game_log_warehouse
2026-07-14,Emily Engstler,Portland Fire @ Connecticut Sun,portland fire,connecticut sun,EXACT_MATCH,2026-07-14,Fire @ Sun,portland fire,connecticut sun,401857066,,,LOSS,player_game_log_warehouse
2026-07-14,Shakira Austin,Washington Mystics @ Toronto Tempo,washington mystics,toronto tempo,EXACT_MATCH,2026-07-14,Mystics @ Tempo,washington mystics,toronto tempo,401857067,,,WIN,player_game_log_warehouse
2026-07-13,Nia Coffey,Phoenix Mercury @ Minnesota Lynx,phoenix mercury,minnesota lynx,EXACT_MATCH,2026-07-13,Mercury @ Lynx,phoenix mercury,minnesota lynx,401857065,,,WIN,player_game_log_warehouse
2026-07-13,Nia Coffey,Phoenix Mercury @ Minnesota Lynx,phoenix mercury,minnesota lynx,EXACT_MATCH,2026-07-13,Mercury @ Lynx,phoenix mercury,minnesota lynx,401857065,,,WIN,player_game_log_warehouse
2026-07-13,Nia Coffey,Phoenix Mercury @ Minnesota Lynx,phoenix mercury,minnesota lynx,EXACT_MATCH,2026-07-13,Mercury @ Lynx,phoenix mercury,minnesota lynx,401857065,,,WIN,player_game_log_warehouse
2026-07-13,Jordin Canada,Los Angeles Sparks @ Atlanta Dream,los angeles sparks,atlanta dream,EXACT_MATCH,2026-07-13,Sparks @ Dream,los angeles sparks,atlanta dream,401857064,,,LOSS,player_game_log_warehouse
2026-07-13,Rhyne Howard,Los Angeles Sparks @ Atlanta Dream,los angeles sparks,atlanta dream,EXACT_MATCH,2026-07-13,Sparks @ Dream,los angeles sparks,atlanta dream,401857064,,,WIN,player_game_log_warehouse
2026-07-13,Rhyne Howard,Los Angeles Sparks @ Atlanta Dream,los angeles sparks,atlanta dream,EXACT_MATCH,2026-07-13,Sparks @ Dream,los angeles sparks,atlanta dream,401857064,,,WIN,player_game_log_warehouse
2026-07-14,Georgia Amoore,Washington Mystics @ Toronto Tempo,washington mystics,toronto tempo,EXACT_MATCH,2026-07-14,Mystics @ Tempo,washington mystics,toronto tempo,401857067,,,WIN,player_game_log_warehouse
2026-07-13,Nneka Ogwumike,Los Angeles Sparks @ Atlanta Dream,los angeles sparks,atlanta dream,EXACT_MATCH,2026-07-13,Sparks @ Dream,los angeles sparks,atlanta dream,401857064,,,WIN,player_game_log_warehouse
2026-07-13,Kayla McBride,Phoenix Mercury @ Minnesota Lynx,phoenix mercury,minnesota lynx,EXACT_MATCH,2026-07-13,Mercury @ Lynx,phoenix mercury,minnesota lynx,401857065,,,WIN,player_game_log_warehouse
2026-07-13,Alyssa Thomas,Phoenix Mercury @ Minnesota Lynx,phoenix mercury,minnesota lynx,EXACT_MATCH,2026-07-13,Mercury @ Lynx,phoenix mercury,minnesota lynx,401857065,,,LOSS,player_game_log_warehouse
2026-07-13,Nia Coffey,Phoenix Mercury @ Minnesota Lynx,phoenix mercury,minnesota lynx,EXACT_MATCH,2026-07-13,Mercury @ Lynx,phoenix mercury,minnesota lynx,401857065,,,WIN,player_game_log_warehouse
2026-07-14,Georgia Amoore,Washington Mystics @ Toronto Tempo,washington mystics,toronto tempo,EXACT_MATCH,2026-07-14,Mystics @ Tempo,washington mystics,toronto tempo,401857067,,,WIN,player_game_log_warehouse
2026-07-13,Rhyne Howard,Los Angeles Sparks @ Atlanta Dream,los angeles sparks,atlanta dream,EXACT_MATCH,2026-07-13,Sparks @ Dream,los angeles sparks,atlanta dream,401857064,,,WIN,player_game_log_warehouse
2026-07-13,Rhyne Howard,Los Angeles Sparks @ Atlanta Dream,los angeles sparks,atlanta dream,EXACT_MATCH,2026-07-13,Sparks @ Dream,los angeles sparks,atlanta dream,401857064,,,WIN,player_game_log_warehouse
2026-07-13,Nia Coffey,Phoenix Mercury @ Minnesota Lynx,phoenix mercury,minnesota lynx,EXACT_MATCH,2026-07-13,Mercury @ Lynx,phoenix mercury,minnesota lynx,401857065,,,WIN,player_game_log_warehouse
2026-07-13,Nia Coffey,Phoenix Mercury @ Minnesota Lynx,phoenix mercury,minnesota lynx,EXACT_MATCH,2026-07-13,Mercury @ Lynx,phoenix mercury,minnesota lynx,401857065,,,WIN,player_game_log_warehouse
2026-07-14,Kiki Iriafen,Washington Mystics @ Toronto Tempo,washington mystics,toronto tempo,EXACT_MATCH,2026-07-14,Mystics @ Tempo,washington mystics,toronto tempo,401857067,,,WIN,player_game_log_warehouse
2026-07-13,Kayla McBride,Phoenix Mercury @ Minnesota Lynx,phoenix mercury,minnesota lynx,EXACT_MATCH,2026-07-13,Mercury @ Lynx,phoenix mercury,minnesota lynx,401857065,,,WIN,player_game_log_warehouse
2026-07-13,Courtney Williams,Phoenix Mercury @ Minnesota Lynx,phoenix mercury,minnesota lynx,EXACT_MATCH,2026-07-13,Mercury @ Lynx,phoenix mercury,minnesota lynx,401857065,,,WIN,player_game_log_warehouse
2026-07-14,Carla Leite,Portland Fire @ Connecticut Sun,portland fire,connecticut sun,EXACT_MATCH,2026-07-14,Fire @ Sun,portland fire,connecticut sun,401857066,,,LOSS,player_game_log_warehouse
2026-07-14,Kiki Iriafen,Washington Mystics @ Toronto Tempo,washington mystics,toronto tempo,EXACT_MATCH,2026-07-14,Mystics @ Tempo,washington mystics,toronto tempo,401857067,,,LOSS,player_game_log_warehouse
2026-07-13,Nia Coffey,Phoenix Mercury @ Minnesota Lynx,phoenix mercury,minnesota lynx,EXACT_MATCH,2026-07-13,Mercury @ Lynx,phoenix mercury,minnesota lynx,401857065,,,WIN,player_game_log_warehouse
2026-07-13,Kayla McBride,Phoenix Mercury @ Minnesota Lynx,phoenix mercury,minnesota lynx,EXACT_MATCH,2026-07-13,Mercury @ Lynx,phoenix mercury,minnesota lynx,401857065,,,WIN,player_game_log_warehouse
2026-07-13,Dearica Hamby,Los Angeles Sparks @ Atlanta Dream,los angeles sparks,atlanta dream,EXACT_MATCH,2026-07-13,Sparks @ Dream,los angeles sparks,atlanta dream,401857064,,,LOSS,player_game_log_warehouse
2026-07-13,Ariel Atkins,Los Angeles Sparks @ Atlanta Dream,los angeles sparks,atlanta dream,EXACT_MATCH,2026-07-13,Sparks @ Dream,los angeles sparks,atlanta dream,401857064,,,WIN,player_game_log_warehouse
2026-07-13,Valeriane Ayayi,Phoenix Mercury @ Minnesota Lynx,phoenix mercury,minnesota lynx,EXACT_MATCH,2026-07-13,Mercury @ Lynx,phoenix mercury,minnesota lynx,401857065,,,WIN,player_game_log_warehouse
2026-07-13,Allisha Gray,Los Angeles Sparks @ Atlanta Dream,los angeles sparks,atlanta dream,EXACT_MATCH,2026-07-13,Sparks @ Dream,los angeles sparks,atlanta dream,401857064,,,WIN,player_game_log_warehouse
2026-07-13,Ariel Atkins,Los Angeles Sparks @ Atlanta Dream,los angeles sparks,atlanta dream,EXACT_MATCH,2026-07-13,Sparks @ Dream,los angeles sparks,atlanta dream,401857064,,,WIN,player_game_log_warehouse
2026-07-13,Nneka Ogwumike,Los Angeles Sparks @ Atlanta Dream,los angeles sparks,atlanta dream,EXACT_MATCH,2026-07-13,Sparks @ Dream,los angeles sparks,atlanta dream,401857064,,,WIN,player_game_log_warehouse
2026-07-13,Nneka Ogwumike,Los Angeles Sparks @ Atlanta Dream,los angeles sparks,atlanta dream,EXACT_MATCH,2026-07-13,Sparks @ Dream,los angeles sparks,atlanta dream,401857064,,,WIN,player_game_log_warehouse
2026-07-13,Nneka Ogwumike,Los Angeles Sparks @ Atlanta Dream,los angeles sparks,atlanta dream,EXACT_MATCH,2026-07-13,Sparks @ Dream,los angeles sparks,atlanta dream,401857064,,,WIN,player_game_log_warehouse
2026-07-13,Nneka Ogwumike,Los Angeles Sparks @ Atlanta Dream,los angeles sparks,atlanta dream,EXACT_MATCH,2026-07-13,Sparks @ Dream,los angeles sparks,atlanta dream,401857064,,,WIN,player_game_log_warehouse
2026-07-13,Nneka Ogwumike,Los Angeles Sparks @ Atlanta Dream,los angeles sparks,atlanta dream,EXACT_MATCH,2026-07-13,Sparks @ Dream,los angeles sparks,atlanta dream,401857064,,,WIN,player_game_log_warehouse
2026-07-14,Emily Engstler,Portland Fire @ Connecticut Sun,portland fire,connecticut sun,EXACT_MATCH,2026-07-14,Fire @ Sun,portland fire,connecticut sun,401857066,,,LOSS,player_game_log_warehouse
2026-07-14,Shakira Austin,Washington Mystics @ Toronto Tempo,washington mystics,toronto tempo,EXACT_MATCH,2026-07-14,Mystics @ Tempo,washington mystics,toronto tempo,401857067,,,WIN,player_game_log_warehouse
2026-07-14,Sarah Ashlee Barker,Portland Fire @ Connecticut Sun,portland fire,connecticut sun,EXACT_MATCH,2026-07-14,Fire @ Sun,portland fire,connecticut sun,401857066,,,LOSS,player_game_log_warehouse
2026-07-14,Kiki Iriafen,Washington Mystics @ Toronto Tempo,washington mystics,toronto tempo,EXACT_MATCH,2026-07-14,Mystics @ Tempo,washington mystics,toronto tempo,401857067,,,LOSS,player_game_log_warehouse
2026-07-14,Laura Juskaite,Washington Mystics @ Toronto Tempo,washington mystics,toronto tempo,EXACT_MATCH,2026-07-14,Mystics @ Tempo,washington mystics,toronto tempo,401857067,,,WIN,player_game_log_warehouse
2026-07-14,Georgia Amoore,Washington Mystics @ Toronto Tempo,washington mystics,toronto tempo,EXACT_MATCH,2026-07-14,Mystics @ Tempo,washington mystics,toronto tempo,401857067,,,WIN,player_game_log_warehouse
2026-07-14,Sarah Ashlee Barker,Portland Fire @ Connecticut Sun,portland fire,connecticut sun,EXACT_MATCH,2026-07-14,Fire @ Sun,portland fire,connecticut sun,401857066,,,LOSS,player_game_log_warehouse
2026-07-14,Kiki Iriafen,Washington Mystics @ Toronto Tempo,washington mystics,toronto tempo,EXACT_MATCH,2026-07-14,Mystics @ Tempo,washington mystics,toronto tempo,401857067,,,WIN,player_game_log_warehouse
2026-07-14,Carla Leite,Portland Fire @ Connecticut Sun,portland fire,connecticut sun,EXACT_MATCH,2026-07-14,Fire @ Sun,portland fire,connecticut sun,401857066,,,LOSS,player_game_log_warehouse
2026-07-14,Michaela Onyenwere,Washington Mystics @ Toronto Tempo,washington mystics,toronto tempo,EXACT_MATCH,2026-07-14,Mystics @ Tempo,washington mystics,toronto tempo,401857067,,,LOSS,player_game_log_warehouse
2026-07-14,Kiki Iriafen,Washington Mystics @ Toronto Tempo,washington mystics,toronto tempo,EXACT_MATCH,2026-07-14,Mystics @ Tempo,washington mystics,toronto tempo,401857067,,,LOSS,player_game_log_warehouse
2026-07-14,Sarah Ashlee Barker,Portland Fire @ Connecticut Sun,portland fire,connecticut sun,EXACT_MATCH,2026-07-14,Fire @ Sun,portland fire,connecticut sun,401857066,,,LOSS,player_game_log_warehouse
2026-07-14,Emily Engstler,Portland Fire @ Connecticut Sun,portland fire,connecticut sun,EXACT_MATCH,2026-07-14,Fire @ Sun,portland fire,connecticut sun,401857066,,,WIN,player_game_log_warehouse
2026-07-14,Sarah Ashlee Barker,Portland Fire @ Connecticut Sun,portland fire,connecticut sun,EXACT_MATCH,2026-07-14,Fire @ Sun,portland fire,connecticut sun,401857066,,,WIN,player_game_log_warehouse
2026-07-14,Brittney Griner,Portland Fire @ Connecticut Sun,portland fire,connecticut sun,EXACT_MATCH,2026-07-14,Fire @ Sun,portland fire,connecticut sun,401857066,,,WIN,player_game_log_warehouse
2026-07-15,Kelsey Mitchell,Golden State Valkyries @ Indiana Fever,golden state valkyries,indiana fever,EXACT_MATCH,2026-07-15,Valkyries @ Fever,golden state valkyries,indiana fever,401857070,,,WIN,player_game_log_warehouse
2026-07-15,Kelsey Mitchell,Golden State Valkyries @ Indiana Fever,golden state valkyries,indiana fever,EXACT_MATCH,2026-07-15,Valkyries @ Fever,golden state valkyries,indiana fever,401857070,,,LOSS,player_game_log_warehouse
2026-07-15,Kelsey Mitchell,Golden State Valkyries @ Indiana Fever,golden state valkyries,indiana fever,EXACT_MATCH,2026-07-15,Valkyries @ Fever,golden state valkyries,indiana fever,401857070,,,WIN,player_game_log_warehouse
2026-07-15,Kelsey Mitchell,Golden State Valkyries @ Indiana Fever,golden state valkyries,indiana fever,EXACT_MATCH,2026-07-15,Valkyries @ Fever,golden state valkyries,indiana fever,401857070,,,LOSS,player_game_log_warehouse
2026-07-15,Aliyah Boston,Golden State Valkyries @ Indiana Fever,golden state valkyries,indiana fever,EXACT_MATCH,2026-07-15,Valkyries @ Fever,golden state valkyries,indiana fever,401857070,,,LOSS,player_game_log_warehouse
2026-07-15,Kayla McBride,Los Angeles Sparks @ Minnesota Lynx,los angeles sparks,minnesota lynx,EXACT_MATCH,2026-07-15,Sparks @ Lynx,los angeles sparks,minnesota lynx,401857069,,,WIN,player_game_log_warehouse
2026-07-14,Bridget Carleton,Portland Fire @ Connecticut Sun,portland fire,connecticut sun,EXACT_MATCH,2026-07-14,Fire @ Sun,portland fire,connecticut sun,401857066,,,WIN,player_game_log_warehouse
2026-07-14,Brittney Griner,Portland Fire @ Connecticut Sun,portland fire,connecticut sun,EXACT_MATCH,2026-07-14,Fire @ Sun,portland fire,connecticut sun,401857066,,,WIN,player_game_log_warehouse
2026-07-14,Bridget Carleton,Portland Fire @ Connecticut Sun,portland fire,connecticut sun,EXACT_MATCH,2026-07-14,Fire @ Sun,portland fire,connecticut sun,401857066,,,WIN,player_game_log_warehouse
2026-07-14,Olivia Nelson-Ododa,Portland Fire @ Connecticut Sun,portland fire,connecticut sun,EXACT_MATCH,2026-07-14,Fire @ Sun,portland fire,connecticut sun,401857066,,,WIN,player_game_log_warehouse
2026-07-15,Gabby Williams,Golden State Valkyries @ Indiana Fever,golden state valkyries,indiana fever,EXACT_MATCH,2026-07-15,Valkyries @ Fever,golden state valkyries,indiana fever,401857070,,,WIN,player_game_log_warehouse
2026-07-15,Aliyah Boston,Golden State Valkyries @ Indiana Fever,golden state valkyries,indiana fever,EXACT_MATCH,2026-07-15,Valkyries @ Fever,golden state valkyries,indiana fever,401857070,,,LOSS,player_game_log_warehouse
2026-07-15,Courtney Williams,Los Angeles Sparks @ Minnesota Lynx,los angeles sparks,minnesota lynx,EXACT_MATCH,2026-07-15,Sparks @ Lynx,los angeles sparks,minnesota lynx,401857069,,,LOSS,player_game_log_warehouse
2026-07-14,Bridget Carleton,Portland Fire @ Connecticut Sun,portland fire,connecticut sun,EXACT_MATCH,2026-07-14,Fire @ Sun,portland fire,connecticut sun,401857066,,,WIN,player_game_log_warehouse
2026-07-14,Aaliyah Edwards,Portland Fire @ Connecticut Sun,portland fire,connecticut sun,EXACT_MATCH,2026-07-14,Fire @ Sun,portland fire,connecticut sun,401857066,,,WIN,player_game_log_warehouse
2026-07-15,Kelsey Mitchell,Golden State Valkyries @ Indiana Fever,golden state valkyries,indiana fever,EXACT_MATCH,2026-07-15,Valkyries @ Fever,golden state valkyries,indiana fever,401857070,,,WIN,player_game_log_warehouse
2026-07-14,Bridget Carleton,Portland Fire @ Connecticut Sun,portland fire,connecticut sun,EXACT_MATCH,2026-07-14,Fire @ Sun,portland fire,connecticut sun,401857066,,,WIN,player_game_log_warehouse
2026-07-15,Ariel Atkins,Los Angeles Sparks @ Minnesota Lynx,los angeles sparks,minnesota lynx,EXACT_MATCH,2026-07-15,Sparks @ Lynx,los angeles sparks,minnesota lynx,401857069,,,WIN,player_game_log_warehouse
2026-07-14,Olivia Nelson-Ododa,Portland Fire @ Connecticut Sun,portland fire,connecticut sun,EXACT_MATCH,2026-07-14,Fire @ Sun,portland fire,connecticut sun,401857066,,,WIN,player_game_log_warehouse
2026-07-15,Courtney Williams,Los Angeles Sparks @ Minnesota Lynx,los angeles sparks,minnesota lynx,EXACT_MATCH,2026-07-15,Sparks @ Lynx,los angeles sparks,minnesota lynx,401857069,,,LOSS,player_game_log_warehouse
2026-07-15,Aliyah Boston,Golden State Valkyries @ Indiana Fever,golden state valkyries,indiana fever,EXACT_MATCH,2026-07-15,Valkyries @ Fever,golden state valkyries,indiana fever,401857070,,,LOSS,player_game_log_warehouse
2026-07-14,Shakira Austin,Washington Mystics @ Toronto Tempo,washington mystics,toronto tempo,EXACT_MATCH,2026-07-14,Mystics @ Tempo,washington mystics,toronto tempo,401857067,,,WIN,player_game_log_warehouse
2026-07-15,Aliyah Boston,Golden State Valkyries @ Indiana Fever,golden state valkyries,indiana fever,EXACT_MATCH,2026-07-15,Valkyries @ Fever,golden state valkyries,indiana fever,401857070,,,LOSS,player_game_log_warehouse
2026-07-15,Gabby Williams,Golden State Valkyries @ Indiana Fever,golden state valkyries,indiana fever,EXACT_MATCH,2026-07-15,Valkyries @ Fever,golden state valkyries,indiana fever,401857070,,,WIN,player_game_log_warehouse
2026-07-15,Kayla McBride,Los Angeles Sparks @ Minnesota Lynx,los angeles sparks,minnesota lynx,EXACT_MATCH,2026-07-15,Sparks @ Lynx,los angeles sparks,minnesota lynx,401857069,,,WIN,player_game_log_warehouse
2026-07-15,Courtney Williams,Los Angeles Sparks @ Minnesota Lynx,los angeles sparks,minnesota lynx,EXACT_MATCH,2026-07-15,Sparks @ Lynx,los angeles sparks,minnesota lynx,401857069,,,WIN,player_game_log_warehouse
2026-07-15,Kayla McBride,Los Angeles Sparks @ Minnesota Lynx,los angeles sparks,minnesota lynx,EXACT_MATCH,2026-07-15,Sparks @ Lynx,los angeles sparks,minnesota lynx,401857069,,,WIN,player_game_log_warehouse
2026-07-14,Laura Juskaite,Washington Mystics @ Toronto Tempo,washington mystics,toronto tempo,EXACT_MATCH,2026-07-14,Mystics @ Tempo,washington mystics,toronto tempo,401857067,,,WIN,player_game_log_warehouse
2026-07-15,Kayla McBride,Los Angeles Sparks @ Minnesota Lynx,los angeles sparks,minnesota lynx,EXACT_MATCH,2026-07-15,Sparks @ Lynx,los angeles sparks,minnesota lynx,401857069,,,WIN,player_game_log_warehouse
2026-07-15,Courtney Williams,Los Angeles Sparks @ Minnesota Lynx,los angeles sparks,minnesota lynx,EXACT_MATCH,2026-07-15,Sparks @ Lynx,los angeles sparks,minnesota lynx,401857069,,,LOSS,player_game_log_warehouse
2026-07-15,Veronica Burton,Golden State Valkyries @ Indiana Fever,golden state valkyries,indiana fever,EXACT_MATCH,2026-07-15,Valkyries @ Fever,golden state valkyries,indiana fever,401857070,,,WIN,player_game_log_warehouse
2026-07-15,Aliyah Boston,Golden State Valkyries @ Indiana Fever,golden state valkyries,indiana fever,EXACT_MATCH,2026-07-15,Valkyries @ Fever,golden state valkyries,indiana fever,401857070,,,LOSS,player_game_log_warehouse
2026-07-15,Gabby Williams,Golden State Valkyries @ Indiana Fever,golden state valkyries,indiana fever,EXACT_MATCH,2026-07-15,Valkyries @ Fever,golden state valkyries,indiana fever,401857070,,,WIN,player_game_log_warehouse
2026-07-15,Veronica Burton,Golden State Valkyries @ Indiana Fever,golden state valkyries,indiana fever,EXACT_MATCH,2026-07-15,Valkyries @ Fever,golden state valkyries,indiana fever,401857070,,,LOSS,player_game_log_warehouse
2026-07-14,Bridget Carleton,Portland Fire @ Connecticut Sun,portland fire,connecticut sun,EXACT_MATCH,2026-07-14,Fire @ Sun,portland fire,connecticut sun,401857066,,,WIN,player_game_log_warehouse
2026-07-15,Courtney Williams,Los Angeles Sparks @ Minnesota Lynx,los angeles sparks,minnesota lynx,EXACT_MATCH,2026-07-15,Sparks @ Lynx,los angeles sparks,minnesota lynx,401857069,,,LOSS,player_game_log_warehouse
2026-07-14,Bridget Carleton,Portland Fire @ Connecticut Sun,portland fire,connecticut sun,EXACT_MATCH,2026-07-14,Fire @ Sun,portland fire,connecticut sun,401857066,,,WIN,player_game_log_warehouse
2026-07-14,Charlisse Leger-Walker,Portland Fire @ Connecticut Sun,portland fire,connecticut sun,EXACT_MATCH,2026-07-14,Fire @ Sun,portland fire,connecticut sun,401857066,,,WIN,player_game_log_warehouse
2026-07-15,Nneka Ogwumike,Los Angeles Sparks @ Minnesota Lynx,los angeles sparks,minnesota lynx,EXACT_MATCH,2026-07-15,Sparks @ Lynx,los angeles sparks,minnesota lynx,401857069,,,WIN,player_game_log_warehouse
2026-07-15,Nneka Ogwumike,Los Angeles Sparks @ Minnesota Lynx,los angeles sparks,minnesota lynx,EXACT_MATCH,2026-07-15,Sparks @ Lynx,los angeles sparks,minnesota lynx,401857069,,,WIN,player_game_log_warehouse
2026-07-14,Kiki Iriafen,Washington Mystics @ Toronto Tempo,washington mystics,toronto tempo,EXACT_MATCH,2026-07-14,Mystics @ Tempo,washington mystics,toronto tempo,401857067,,,LOSS,player_game_log_warehouse
2026-07-15,Kayla McBride,Los Angeles Sparks @ Minnesota Lynx,los angeles sparks,minnesota lynx,EXACT_MATCH,2026-07-15,Sparks @ Lynx,los angeles sparks,minnesota lynx,401857069,,,LOSS,player_game_log_warehouse
2026-07-14,Charlisse Leger-Walker,Portland Fire @ Connecticut Sun,portland fire,connecticut sun,EXACT_MATCH,2026-07-14,Fire @ Sun,portland fire,connecticut sun,401857066,,,WIN,player_game_log_warehouse
2026-07-14,Sarah Ashlee Barker,Portland Fire @ Connecticut Sun,portland fire,connecticut sun,EXACT_MATCH,2026-07-14,Fire @ Sun,portland fire,connecticut sun,401857066,,,WIN,player_game_log_warehouse
2026-07-15,Aliyah Boston,Golden State Valkyries @ Indiana Fever,golden state valkyries,indiana fever,EXACT_MATCH,2026-07-15,Valkyries @ Fever,golden state valkyries,indiana fever,401857070,,,WIN,player_game_log_warehouse
2026-07-15,Kelsey Mitchell,Golden State Valkyries @ Indiana Fever,golden state valkyries,indiana fever,EXACT_MATCH,2026-07-15,Valkyries @ Fever,golden state valkyries,indiana fever,401857070,,,LOSS,player_game_log_warehouse
2026-07-15,Kelsey Mitchell,Golden State Valkyries @ Indiana Fever,golden state valkyries,indiana fever,EXACT_MATCH,2026-07-15,Valkyries @ Fever,golden state valkyries,indiana fever,401857070,,,WIN,player_game_log_warehouse
2026-07-15,Kelsey Mitchell,Golden State Valkyries @ Indiana Fever,golden state valkyries,indiana fever,EXACT_MATCH,2026-07-15,Valkyries @ Fever,golden state valkyries,indiana fever,401857070,,,LOSS,player_game_log_warehouse
2026-07-15,Natasha Cloud,Seattle Storm @ Chicago Sky,seattle storm,chicago sky,EXACT_MATCH,2026-07-15,Storm @ Sky,seattle storm,chicago sky,401857068,,,WIN,player_game_log_warehouse
2026-07-15,Kelsey Mitchell,Golden State Valkyries @ Indiana Fever,golden state valkyries,indiana fever,EXACT_MATCH,2026-07-15,Valkyries @ Fever,golden state valkyries,indiana fever,401857070,,,WIN,player_game_log_warehouse
2026-07-15,Nia Coffey,Los Angeles Sparks @ Minnesota Lynx,los angeles sparks,minnesota lynx,EXACT_MATCH,2026-07-15,Sparks @ Lynx,los angeles sparks,minnesota lynx,401857069,,,LOSS,player_game_log_warehouse
2026-07-15,Azura Stevens,Seattle Storm @ Chicago Sky,seattle storm,chicago sky,EXACT_MATCH,2026-07-15,Storm @ Sky,seattle storm,chicago sky,401857068,,,LOSS,player_game_log_warehouse
2026-07-15,Sophie Cunningham,Golden State Valkyries @ Indiana Fever,golden state valkyries,indiana fever,EXACT_MATCH,2026-07-15,Valkyries @ Fever,golden state valkyries,indiana fever,401857070,,,WIN,player_game_log_warehouse
2026-07-15,Natasha Cloud,Seattle Storm @ Chicago Sky,seattle storm,chicago sky,EXACT_MATCH,2026-07-15,Storm @ Sky,seattle storm,chicago sky,401857068,,,LOSS,player_game_log_warehouse
2026-07-15,Aliyah Boston,Golden State Valkyries @ Indiana Fever,golden state valkyries,indiana fever,EXACT_MATCH,2026-07-15,Valkyries @ Fever,golden state valkyries,indiana fever,401857070,,,LOSS,player_game_log_warehouse
2026-07-15,Azura Stevens,Seattle Storm @ Chicago Sky,seattle storm,chicago sky,EXACT_MATCH,2026-07-15,Storm @ Sky,seattle storm,chicago sky,401857068,,,LOSS,player_game_log_warehouse
2026-07-15,Gabby Williams,Golden State Valkyries @ Indiana Fever,golden state valkyries,indiana fever,EXACT_MATCH,2026-07-15,Valkyries @ Fever,golden state valkyries,indiana fever,401857070,,,WIN,player_game_log_warehouse
2026-07-15,Natasha Cloud,Seattle Storm @ Chicago Sky,seattle storm,chicago sky,EXACT_MATCH,2026-07-15,Storm @ Sky,seattle storm,chicago sky,401857068,,,WIN,player_game_log_warehouse
2026-07-15,Sabrina Ionescu,New York Liberty @ Dallas Wings,new york liberty,dallas wings,DATE_SHIFT_UNIQUE_MATCHUP,2026-07-20,Liberty @ Wings,new york liberty,dallas wings,401892393,2026-07-20,,WIN,player_game_log_warehouse
2026-07-15,Azura Stevens,Seattle Storm @ Chicago Sky,seattle storm,chicago sky,EXACT_MATCH,2026-07-15,Storm @ Sky,seattle storm,chicago sky,401857068,,,LOSS,player_game_log_warehouse
2026-07-15,Aliyah Boston,Golden State Valkyries @ Indiana Fever,golden state valkyries,indiana fever,EXACT_MATCH,2026-07-15,Valkyries @ Fever,golden state valkyries,indiana fever,401857070,,,LOSS,player_game_log_warehouse
2026-07-15,Azura Stevens,Seattle Storm @ Chicago Sky,seattle storm,chicago sky,EXACT_MATCH,2026-07-15,Storm @ Sky,seattle storm,chicago sky,401857068,,,LOSS,player_game_log_warehouse
2026-07-15,Kelsey Mitchell,Golden State Valkyries @ Indiana Fever,golden state valkyries,indiana fever,EXACT_MATCH,2026-07-15,Valkyries @ Fever,golden state valkyries,indiana fever,401857070,,,WIN,player_game_log_warehouse
2026-07-15,Ariel Atkins,Los Angeles Sparks @ Minnesota Lynx,los angeles sparks,minnesota lynx,EXACT_MATCH,2026-07-15,Sparks @ Lynx,los angeles sparks,minnesota lynx,401857069,,,WIN,player_game_log_warehouse
2026-07-15,Nia Coffey,Los Angeles Sparks @ Minnesota Lynx,los angeles sparks,minnesota lynx,EXACT_MATCH,2026-07-15,Sparks @ Lynx,los angeles sparks,minnesota lynx,401857069,,,LOSS,player_game_log_warehouse
2026-07-15,Courtney Williams,Los Angeles Sparks @ Minnesota Lynx,los angeles sparks,minnesota lynx,EXACT_MATCH,2026-07-15,Sparks @ Lynx,los angeles sparks,minnesota lynx,401857069,,,LOSS,player_game_log_warehouse
2026-07-15,Nia Coffey,Los Angeles Sparks @ Minnesota Lynx,los angeles sparks,minnesota lynx,EXACT_MATCH,2026-07-15,Sparks @ Lynx,los angeles sparks,minnesota lynx,401857069,,,LOSS,player_game_log_warehouse
2026-07-16,Shakira Austin,Portland Fire @ Washington Mystics,portland fire,washington mystics,EXACT_MATCH,2026-07-16,Portland Fire @ Washington Mystics,portland fire,washington mystics,,,,LOSS,player_game_log_warehouse
2026-07-15,Nia Coffey,Los Angeles Sparks @ Minnesota Lynx,los angeles sparks,minnesota lynx,EXACT_MATCH,2026-07-15,Sparks @ Lynx,los angeles sparks,minnesota lynx,401857069,,,WIN,player_game_log_warehouse
2026-07-15,Natisha Hiedeman,Seattle Storm @ Chicago Sky,seattle storm,chicago sky,EXACT_MATCH,2026-07-15,Storm @ Sky,seattle storm,chicago sky,401857068,,,WIN,player_game_log_warehouse
2026-07-15,Aliyah Boston,Golden State Valkyries @ Indiana Fever,golden state valkyries,indiana fever,EXACT_MATCH,2026-07-15,Valkyries @ Fever,golden state valkyries,indiana fever,401857070,,,LOSS,player_game_log_warehouse
2026-07-15,Aliyah Boston,Golden State Valkyries @ Indiana Fever,golden state valkyries,indiana fever,EXACT_MATCH,2026-07-15,Valkyries @ Fever,golden state valkyries,indiana fever,401857070,,,LOSS,player_game_log_warehouse
2026-07-15,Dominique Malonga,Seattle Storm @ Chicago Sky,seattle storm,chicago sky,EXACT_MATCH,2026-07-15,Storm @ Sky,seattle storm,chicago sky,401857068,,,LOSS,player_game_log_warehouse
2026-07-15,Azura Stevens,Seattle Storm @ Chicago Sky,seattle storm,chicago sky,EXACT_MATCH,2026-07-15,Storm @ Sky,seattle storm,chicago sky,401857068,,,LOSS,player_game_log_warehouse
2026-07-15,Gabby Williams,Golden State Valkyries @ Indiana Fever,golden state valkyries,indiana fever,EXACT_MATCH,2026-07-15,Valkyries @ Fever,golden state valkyries,indiana fever,401857070,,,WIN,player_game_log_warehouse
2026-07-15,Kamilla Cardoso,Seattle Storm @ Chicago Sky,seattle storm,chicago sky,NO_COMPLETED_GAME_ON_ARCHIVE_DATE,,,,,,,,PENDING,
2026-07-15,Courtney Williams,Los Angeles Sparks @ Minnesota Lynx,los angeles sparks,minnesota lynx,EXACT_MATCH,2026-07-15,Sparks @ Lynx,los angeles sparks,minnesota lynx,401857069,,,WIN,player_game_log_warehouse
2026-07-15,Kayla McBride,Los Angeles Sparks @ Minnesota Lynx,los angeles sparks,minnesota lynx,EXACT_MATCH,2026-07-15,Sparks @ Lynx,los angeles sparks,minnesota lynx,401857069,,,WIN,player_game_log_warehouse
2026-07-15,Flau'jae Johnson,Seattle Storm @ Chicago Sky,seattle storm,chicago sky,EXACT_MATCH,2026-07-15,Storm @ Sky,seattle storm,chicago sky,401857068,,,LOSS,player_game_log_warehouse
2026-07-15,Azzi Fudd,New York Liberty @ Dallas Wings,new york liberty,dallas wings,DATE_SHIFT_UNIQUE_MATCHUP,2026-07-20,Liberty @ Wings,new york liberty,dallas wings,401892393,2026-07-20,,LOSS,player_game_log_warehouse
2026-07-15,Kamilla Cardoso,Seattle Storm @ Chicago Sky,seattle storm,chicago sky,NO_COMPLETED_GAME_ON_ARCHIVE_DATE,,,,,,,,PENDING,
2026-07-15,Kayla McBride,Los Angeles Sparks @ Minnesota Lynx,los angeles sparks,minnesota lynx,EXACT_MATCH,2026-07-15,Sparks @ Lynx,los angeles sparks,minnesota lynx,401857069,,,WIN,player_game_log_warehouse
2026-07-15,Courtney Vandersloot,Seattle Storm @ Chicago Sky,seattle storm,chicago sky,EXACT_MATCH,2026-07-15,Storm @ Sky,seattle storm,chicago sky,401857068,,,LOSS,player_game_log_warehouse
2026-07-15,Courtney Vandersloot,Seattle Storm @ Chicago Sky,seattle storm,chicago sky,EXACT_MATCH,2026-07-15,Storm @ Sky,seattle storm,chicago sky,401857068,,,WIN,player_game_log_warehouse
2026-07-15,Nia Coffey,Los Angeles Sparks @ Minnesota Lynx,los angeles sparks,minnesota lynx,EXACT_MATCH,2026-07-15,Sparks @ Lynx,los angeles sparks,minnesota lynx,401857069,,,LOSS,player_game_log_warehouse
2026-07-15,Awa Fam,Seattle Storm @ Chicago Sky,seattle storm,chicago sky,EXACT_MATCH,2026-07-15,Storm @ Sky,seattle storm,chicago sky,401857068,,,LOSS,player_game_log_warehouse
2026-07-15,Courtney Vandersloot,Seattle Storm @ Chicago Sky,seattle storm,chicago sky,EXACT_MATCH,2026-07-15,Storm @ Sky,seattle storm,chicago sky,401857068,,,WIN,player_game_log_warehouse
2026-07-15,Dominique Malonga,Seattle Storm @ Chicago Sky,seattle storm,chicago sky,EXACT_MATCH,2026-07-15,Storm @ Sky,seattle storm,chicago sky,401857068,,,LOSS,player_game_log_warehouse
2026-07-15,Awa Fam,Seattle Storm @ Chicago Sky,seattle storm,chicago sky,EXACT_MATCH,2026-07-15,Storm @ Sky,seattle storm,chicago sky,401857068,,,LOSS,player_game_log_warehouse
2026-07-15,Awa Fam,Seattle Storm @ Chicago Sky,seattle storm,chicago sky,EXACT_MATCH,2026-07-15,Storm @ Sky,seattle storm,chicago sky,401857068,,,LOSS,player_game_log_warehouse
2026-07-15,Veronica Burton,Golden State Valkyries @ Indiana Fever,golden state valkyries,indiana fever,EXACT_MATCH,2026-07-15,Valkyries @ Fever,golden state valkyries,indiana fever,401857070,,,WIN,player_game_log_warehouse
2026-07-15,Kayla McBride,Los Angeles Sparks @ Minnesota Lynx,los angeles sparks,minnesota lynx,EXACT_MATCH,2026-07-15,Sparks @ Lynx,los angeles sparks,minnesota lynx,401857069,,,WIN,player_game_log_warehouse
2026-07-15,Courtney Williams,Los Angeles Sparks @ Minnesota Lynx,los angeles sparks,minnesota lynx,EXACT_MATCH,2026-07-15,Sparks @ Lynx,los angeles sparks,minnesota lynx,401857069,,,LOSS,player_game_log_warehouse
2026-07-15,Dominique Malonga,Seattle Storm @ Chicago Sky,seattle storm,chicago sky,EXACT_MATCH,2026-07-15,Storm @ Sky,seattle storm,chicago sky,401857068,,,WIN,player_game_log_warehouse
2026-07-15,Awa Fam,Seattle Storm @ Chicago Sky,seattle storm,chicago sky,EXACT_MATCH,2026-07-15,Storm @ Sky,seattle storm,chicago sky,401857068,,,LOSS,player_game_log_warehouse
2026-07-15,Courtney Vandersloot,Seattle Storm @ Chicago Sky,seattle storm,chicago sky,EXACT_MATCH,2026-07-15,Storm @ Sky,seattle storm,chicago sky,401857068,,,WIN,player_game_log_warehouse
2026-07-15,Natasha Howard,Los Angeles Sparks @ Minnesota Lynx,los angeles sparks,minnesota lynx,EXACT_MATCH,2026-07-15,Sparks @ Lynx,los angeles sparks,minnesota lynx,401857069,,,WIN,player_game_log_warehouse
2026-07-15,Gabby Williams,Golden State Valkyries @ Indiana Fever,golden state valkyries,indiana fever,EXACT_MATCH,2026-07-15,Valkyries @ Fever,golden state valkyries,indiana fever,401857070,,,WIN,player_game_log_warehouse
2026-07-15,Natisha Hiedeman,Seattle Storm @ Chicago Sky,seattle storm,chicago sky,EXACT_MATCH,2026-07-15,Storm @ Sky,seattle storm,chicago sky,401857068,,,LOSS,player_game_log_warehouse
2026-07-15,Dominique Malonga,Seattle Storm @ Chicago Sky,seattle storm,chicago sky,EXACT_MATCH,2026-07-15,Storm @ Sky,seattle storm,chicago sky,401857068,,,LOSS,player_game_log_warehouse
2026-07-15,Aliyah Boston,Golden State Valkyries @ Indiana Fever,golden state valkyries,indiana fever,EXACT_MATCH,2026-07-15,Valkyries @ Fever,golden state valkyries,indiana fever,401857070,,,LOSS,player_game_log_warehouse
2026-07-15,Veronica Burton,Golden State Valkyries @ Indiana Fever,golden state valkyries,indiana fever,EXACT_MATCH,2026-07-15,Valkyries @ Fever,golden state valkyries,indiana fever,401857070,,,LOSS,player_game_log_warehouse
2026-07-15,Rae Burrell,Los Angeles Sparks @ Minnesota Lynx,los angeles sparks,minnesota lynx,EXACT_MATCH,2026-07-15,Sparks @ Lynx,los angeles sparks,minnesota lynx,401857069,,,WIN,player_game_log_warehouse
2026-07-15,Nneka Ogwumike,Los Angeles Sparks @ Minnesota Lynx,los angeles sparks,minnesota lynx,EXACT_MATCH,2026-07-15,Sparks @ Lynx,los angeles sparks,minnesota lynx,401857069,,,WIN,player_game_log_warehouse
2026-07-15,Nneka Ogwumike,Los Angeles Sparks @ Minnesota Lynx,los angeles sparks,minnesota lynx,EXACT_MATCH,2026-07-15,Sparks @ Lynx,los angeles sparks,minnesota lynx,401857069,,,WIN,player_game_log_warehouse
2026-07-15,Courtney Williams,Los Angeles Sparks @ Minnesota Lynx,los angeles sparks,minnesota lynx,EXACT_MATCH,2026-07-15,Sparks @ Lynx,los angeles sparks,minnesota lynx,401857069,,,LOSS,player_game_log_warehouse
2026-07-15,Awa Fam,Seattle Storm @ Chicago Sky,seattle storm,chicago sky,EXACT_MATCH,2026-07-15,Storm @ Sky,seattle storm,chicago sky,401857068,,,LOSS,player_game_log_warehouse
2026-07-16,Shakira Austin,Portland Fire @ Washington Mystics,portland fire,washington mystics,EXACT_MATCH,2026-07-16,Portland Fire @ Washington Mystics,portland fire,washington mystics,,,,LOSS,player_game_log_warehouse
2026-07-15,Dominique Malonga,Seattle Storm @ Chicago Sky,seattle storm,chicago sky,EXACT_MATCH,2026-07-15,Storm @ Sky,seattle storm,chicago sky,401857068,,,LOSS,player_game_log_warehouse
2026-07-15,Nneka Ogwumike,Los Angeles Sparks @ Minnesota Lynx,los angeles sparks,minnesota lynx,EXACT_MATCH,2026-07-15,Sparks @ Lynx,los angeles sparks,minnesota lynx,401857069,,,WIN,player_game_log_warehouse
2026-07-15,Ariel Atkins,Los Angeles Sparks @ Minnesota Lynx,los angeles sparks,minnesota lynx,EXACT_MATCH,2026-07-15,Sparks @ Lynx,los angeles sparks,minnesota lynx,401857069,,,LOSS,player_game_log_warehouse
2026-07-15,Paige Bueckers,New York Liberty @ Dallas Wings,new york liberty,dallas wings,NO_COMPLETED_GAME_ON_ARCHIVE_DATE,,,,,,,,PENDING,
2026-07-15,Kamilla Cardoso,Seattle Storm @ Chicago Sky,seattle storm,chicago sky,NO_COMPLETED_GAME_ON_ARCHIVE_DATE,,,,,,,,PENDING,
2026-07-15,Kamilla Cardoso,Seattle Storm @ Chicago Sky,seattle storm,chicago sky,NO_COMPLETED_GAME_ON_ARCHIVE_DATE,,,,,,,,PENDING,
2026-07-15,Kayla McBride,Los Angeles Sparks @ Minnesota Lynx,los angeles sparks,minnesota lynx,EXACT_MATCH,2026-07-15,Sparks @ Lynx,los angeles sparks,minnesota lynx,401857069,,,LOSS,player_game_log_warehouse
2026-07-17,Monique Akoa Makani,Connecticut Sun @ Phoenix Mercury,connecticut sun,phoenix mercury,EXACT_MATCH,2026-07-17,Sun @ Mercury,connecticut sun,phoenix mercury,401857076,,,WIN,player_game_log_warehouse
2026-07-17,Isabelle Harrison,Atlanta Dream @ Toronto Tempo,atlanta dream,toronto tempo,EXACT_MATCH,2026-07-17,Dream @ Tempo,atlanta dream,toronto tempo,401857074,,,WIN,player_game_log_warehouse
2026-07-17,Kelsey Mitchell,Seattle Storm @ Indiana Fever,seattle storm,indiana fever,EXACT_MATCH,2026-07-17,Storm @ Fever,seattle storm,indiana fever,401857073,,,WIN,player_game_log_warehouse
2026-07-17,Kelsey Mitchell,Seattle Storm @ Indiana Fever,seattle storm,indiana fever,EXACT_MATCH,2026-07-17,Storm @ Fever,seattle storm,indiana fever,401857073,,,LOSS,player_game_log_warehouse
2026-07-17,Lexie Hull,Seattle Storm @ Indiana Fever,seattle storm,indiana fever,EXACT_MATCH,2026-07-17,Storm @ Fever,seattle storm,indiana fever,401857073,,,WIN,player_game_log_warehouse
2026-07-16,Shakira Austin,Portland Fire @ Washington Mystics,portland fire,washington mystics,EXACT_MATCH,2026-07-16,Portland Fire @ Washington Mystics,portland fire,washington mystics,,,,LOSS,player_game_log_warehouse
2026-07-17,Natisha Hiedeman,Seattle Storm @ Indiana Fever,seattle storm,indiana fever,EXACT_MATCH,2026-07-17,Storm @ Fever,seattle storm,indiana fever,401857073,,,LOSS,player_game_log_warehouse
2026-07-17,Nneka Ogwumike,Los Angeles Sparks @ Chicago Sky,los angeles sparks,chicago sky,EXACT_MATCH,2026-07-17,Sparks @ Sky,los angeles sparks,chicago sky,401857075,,,WIN,player_game_log_warehouse
2026-07-16,Sabrina Ionescu,New York Liberty @ Dallas Wings,new york liberty,dallas wings,DATE_SHIFT_UNIQUE_MATCHUP,2026-07-20,Liberty @ Wings,new york liberty,dallas wings,401892393,2026-07-20,,WIN,player_game_log_warehouse
2026-07-17,Rhyne Howard,Atlanta Dream @ Toronto Tempo,atlanta dream,toronto tempo,EXACT_MATCH,2026-07-17,Dream @ Tempo,atlanta dream,toronto tempo,401857074,,,WIN,player_game_log_warehouse
2026-07-16,Shakira Austin,Portland Fire @ Washington Mystics,portland fire,washington mystics,EXACT_MATCH,2026-07-16,Portland Fire @ Washington Mystics,portland fire,washington mystics,,,,LOSS,player_game_log_warehouse
2026-07-17,Courtney Vandersloot,Los Angeles Sparks @ Chicago Sky,los angeles sparks,chicago sky,EXACT_MATCH,2026-07-17,Sparks @ Sky,los angeles sparks,chicago sky,401857075,,,WIN,player_game_log_warehouse
2026-07-17,Nneka Ogwumike,Los Angeles Sparks @ Chicago Sky,los angeles sparks,chicago sky,EXACT_MATCH,2026-07-17,Sparks @ Sky,los angeles sparks,chicago sky,401857075,,,WIN,player_game_log_warehouse
2026-07-17,Courtney Vandersloot,Los Angeles Sparks @ Chicago Sky,los angeles sparks,chicago sky,EXACT_MATCH,2026-07-17,Sparks @ Sky,los angeles sparks,chicago sky,401857075,,,WIN,player_game_log_warehouse
2026-07-16,Shakira Austin,Portland Fire @ Washington Mystics,portland fire,washington mystics,EXACT_MATCH,2026-07-16,Portland Fire @ Washington Mystics,portland fire,washington mystics,,,,LOSS,player_game_log_warehouse
2026-07-16,Azzi Fudd,New York Liberty @ Dallas Wings,new york liberty,dallas wings,DATE_SHIFT_UNIQUE_MATCHUP,2026-07-20,Liberty @ Wings,new york liberty,dallas wings,401892393,2026-07-20,,LOSS,player_game_log_warehouse
2026-07-17,Rhyne Howard,Atlanta Dream @ Toronto Tempo,atlanta dream,toronto tempo,EXACT_MATCH,2026-07-17,Dream @ Tempo,atlanta dream,toronto tempo,401857074,,,WIN,player_game_log_warehouse
2026-07-17,Nneka Ogwumike,Los Angeles Sparks @ Chicago Sky,los angeles sparks,chicago sky,EXACT_MATCH,2026-07-17,Sparks @ Sky,los angeles sparks,chicago sky,401857075,,,WIN,player_game_log_warehouse
2026-07-17,Kamilla Cardoso,Los Angeles Sparks @ Chicago Sky,los angeles sparks,chicago sky,EXACT_MATCH,2026-07-17,Sparks @ Sky,los angeles sparks,chicago sky,401857075,,,LOSS,player_game_log_warehouse
2026-07-17,Kamilla Cardoso,Los Angeles Sparks @ Chicago Sky,los angeles sparks,chicago sky,EXACT_MATCH,2026-07-17,Sparks @ Sky,los angeles sparks,chicago sky,401857075,,,LOSS,player_game_log_warehouse
2026-07-17,Courtney Vandersloot,Los Angeles Sparks @ Chicago Sky,los angeles sparks,chicago sky,EXACT_MATCH,2026-07-17,Sparks @ Sky,los angeles sparks,chicago sky,401857075,,,WIN,player_game_log_warehouse
2026-07-16,Azzi Fudd,New York Liberty @ Dallas Wings,new york liberty,dallas wings,DATE_SHIFT_UNIQUE_MATCHUP,2026-07-20,Liberty @ Wings,new york liberty,dallas wings,401892393,2026-07-20,,LOSS,player_game_log_warehouse
2026-07-17,Dominique Malonga,Seattle Storm @ Indiana Fever,seattle storm,indiana fever,EXACT_MATCH,2026-07-17,Storm @ Fever,seattle storm,indiana fever,401857073,,,LOSS,player_game_log_warehouse
2026-07-17,Courtney Vandersloot,Los Angeles Sparks @ Chicago Sky,los angeles sparks,chicago sky,EXACT_MATCH,2026-07-17,Sparks @ Sky,los angeles sparks,chicago sky,401857075,,,LOSS,player_game_log_warehouse
2026-07-17,Angel Reese,Atlanta Dream @ Toronto Tempo,atlanta dream,toronto tempo,EXACT_MATCH,2026-07-17,Dream @ Tempo,atlanta dream,toronto tempo,401857074,,,WIN,player_game_log_warehouse
2026-07-17,Dearica Hamby,Los Angeles Sparks @ Chicago Sky,los angeles sparks,chicago sky,EXACT_MATCH,2026-07-17,Sparks @ Sky,los angeles sparks,chicago sky,401857075,,,WIN,player_game_log_warehouse
2026-07-17,Natasha Cloud,Los Angeles Sparks @ Chicago Sky,los angeles sparks,chicago sky,EXACT_MATCH,2026-07-17,Sparks @ Sky,los angeles sparks,chicago sky,401857075,,,LOSS,player_game_log_warehouse
2026-07-17,Laura Juskaite,Atlanta Dream @ Toronto Tempo,atlanta dream,toronto tempo,EXACT_MATCH,2026-07-17,Dream @ Tempo,atlanta dream,toronto tempo,401857074,,,WIN,player_game_log_warehouse
2026-07-16,Shakira Austin,Portland Fire @ Washington Mystics,portland fire,washington mystics,EXACT_MATCH,2026-07-16,Portland Fire @ Washington Mystics,portland fire,washington mystics,,,,LOSS,player_game_log_warehouse
2026-07-17,Charlisse Leger-Walker,Connecticut Sun @ Phoenix Mercury,connecticut sun,phoenix mercury,EXACT_MATCH,2026-07-17,Sun @ Mercury,connecticut sun,phoenix mercury,401857076,,,WIN,player_game_log_warehouse
2026-07-17,Rhyne Howard,Atlanta Dream @ Toronto Tempo,atlanta dream,toronto tempo,EXACT_MATCH,2026-07-17,Dream @ Tempo,atlanta dream,toronto tempo,401857074,,,WIN,player_game_log_warehouse
2026-07-17,Rhyne Howard,Atlanta Dream @ Toronto Tempo,atlanta dream,toronto tempo,EXACT_MATCH,2026-07-17,Dream @ Tempo,atlanta dream,toronto tempo,401857074,,,WIN,player_game_log_warehouse
2026-07-17,Courtney Vandersloot,Los Angeles Sparks @ Chicago Sky,los angeles sparks,chicago sky,EXACT_MATCH,2026-07-17,Sparks @ Sky,los angeles sparks,chicago sky,401857075,,,WIN,player_game_log_warehouse
2026-07-17,Charlisse Leger-Walker,Connecticut Sun @ Phoenix Mercury,connecticut sun,phoenix mercury,EXACT_MATCH,2026-07-17,Sun @ Mercury,connecticut sun,phoenix mercury,401857076,,,WIN,player_game_log_warehouse
2026-07-16,Georgia Amoore,Portland Fire @ Washington Mystics,portland fire,washington mystics,EXACT_MATCH,2026-07-16,Portland Fire @ Washington Mystics,portland fire,washington mystics,,,,WIN,player_game_log_warehouse
2026-07-17,Caitlin Clark,Seattle Storm @ Indiana Fever,seattle storm,indiana fever,EXACT_MATCH,2026-07-17,Storm @ Fever,seattle storm,indiana fever,401857073,,,LOSS,player_game_log_warehouse
2026-07-16,Paige Bueckers,New York Liberty @ Dallas Wings,new york liberty,dallas wings,NO_COMPLETED_GAME_ON_ARCHIVE_DATE,,,,,,,,PENDING,
2026-07-17,Charlisse Leger-Walker,Connecticut Sun @ Phoenix Mercury,connecticut sun,phoenix mercury,EXACT_MATCH,2026-07-17,Sun @ Mercury,connecticut sun,phoenix mercury,401857076,,,LOSS,player_game_log_warehouse
2026-07-17,Monique Billings,Seattle Storm @ Indiana Fever,seattle storm,indiana fever,EXACT_MATCH,2026-07-17,Storm @ Fever,seattle storm,indiana fever,401857073,,,WIN,player_game_log_warehouse
2026-07-17,Kamilla Cardoso,Los Angeles Sparks @ Chicago Sky,los angeles sparks,chicago sky,EXACT_MATCH,2026-07-17,Sparks @ Sky,los angeles sparks,chicago sky,401857075,,,LOSS,player_game_log_warehouse
2026-07-16,Sarah Ashlee Barker,Portland Fire @ Washington Mystics,portland fire,washington mystics,EXACT_MATCH,2026-07-16,Portland Fire @ Washington Mystics,portland fire,washington mystics,,,,LOSS,player_game_log_warehouse
2026-07-17,Kamilla Cardoso,Los Angeles Sparks @ Chicago Sky,los angeles sparks,chicago sky,EXACT_MATCH,2026-07-17,Sparks @ Sky,los angeles sparks,chicago sky,401857075,,,LOSS,player_game_log_warehouse
2026-07-17,Monique Akoa Makani,Connecticut Sun @ Phoenix Mercury,connecticut sun,phoenix mercury,EXACT_MATCH,2026-07-17,Sun @ Mercury,connecticut sun,phoenix mercury,401857076,,,WIN,player_game_log_warehouse
2026-07-17,Monique Akoa Makani,Connecticut Sun @ Phoenix Mercury,connecticut sun,phoenix mercury,EXACT_MATCH,2026-07-17,Sun @ Mercury,connecticut sun,phoenix mercury,401857076,,,WIN,player_game_log_warehouse
2026-07-17,Kelsey Mitchell,Seattle Storm @ Indiana Fever,seattle storm,indiana fever,EXACT_MATCH,2026-07-17,Storm @ Fever,seattle storm,indiana fever,401857073,,,WIN,player_game_log_warehouse
2026-07-17,Kelsey Mitchell,Seattle Storm @ Indiana Fever,seattle storm,indiana fever,EXACT_MATCH,2026-07-17,Storm @ Fever,seattle storm,indiana fever,401857073,,,LOSS,player_game_log_warehouse
2026-07-17,Sydney Taylor,Los Angeles Sparks @ Chicago Sky,los angeles sparks,chicago sky,EXACT_MATCH,2026-07-17,Sparks @ Sky,los angeles sparks,chicago sky,401857075,,,LOSS,player_game_log_warehouse
2026-07-17,Nneka Ogwumike,Los Angeles Sparks @ Chicago Sky,los angeles sparks,chicago sky,EXACT_MATCH,2026-07-17,Sparks @ Sky,los angeles sparks,chicago sky,401857075,,,WIN,player_game_log_warehouse
2026-07-17,Kahleah Copper,Connecticut Sun @ Phoenix Mercury,connecticut sun,phoenix mercury,EXACT_MATCH,2026-07-17,Sun @ Mercury,connecticut sun,phoenix mercury,401857076,,,WIN,player_game_log_warehouse
2026-07-18,Kayla McBride,Portland Fire @ Minnesota Lynx,portland fire,minnesota lynx,EXACT_MATCH,2026-07-18,Fire @ Lynx,portland fire,minnesota lynx,401857078,,,WIN,player_game_log_warehouse
2026-07-18,Kayla McBride,Portland Fire @ Minnesota Lynx,portland fire,minnesota lynx,EXACT_MATCH,2026-07-18,Fire @ Lynx,portland fire,minnesota lynx,401857078,,,WIN,player_game_log_warehouse
2026-07-18,Kayla McBride,Portland Fire @ Minnesota Lynx,portland fire,minnesota lynx,EXACT_MATCH,2026-07-18,Fire @ Lynx,portland fire,minnesota lynx,401857078,,,WIN,player_game_log_warehouse
2026-07-18,Kayla McBride,Portland Fire @ Minnesota Lynx,portland fire,minnesota lynx,EXACT_MATCH,2026-07-18,Fire @ Lynx,portland fire,minnesota lynx,401857078,,,WIN,player_game_log_warehouse
2026-07-17,Natisha Hiedeman,Seattle Storm @ Indiana Fever,seattle storm,indiana fever,EXACT_MATCH,2026-07-17,Storm @ Fever,seattle storm,indiana fever,401857073,,,LOSS,player_game_log_warehouse
2026-07-17,Nneka Ogwumike,Los Angeles Sparks @ Chicago Sky,los angeles sparks,chicago sky,EXACT_MATCH,2026-07-17,Sparks @ Sky,los angeles sparks,chicago sky,401857075,,,WIN,player_game_log_warehouse
2026-07-18,Kayla McBride,Portland Fire @ Minnesota Lynx,portland fire,minnesota lynx,EXACT_MATCH,2026-07-18,Fire @ Lynx,portland fire,minnesota lynx,401857078,,,WIN,player_game_log_warehouse
2026-07-17,Kamilla Cardoso,Los Angeles Sparks @ Chicago Sky,los angeles sparks,chicago sky,EXACT_MATCH,2026-07-17,Sparks @ Sky,los angeles sparks,chicago sky,401857075,,,LOSS,player_game_log_warehouse
2026-07-17,Rhyne Howard,Atlanta Dream @ Toronto Tempo,atlanta dream,toronto tempo,EXACT_MATCH,2026-07-17,Dream @ Tempo,atlanta dream,toronto tempo,401857074,,,WIN,player_game_log_warehouse
2026-07-17,Naz Hillmon,Atlanta Dream @ Toronto Tempo,atlanta dream,toronto tempo,EXACT_MATCH,2026-07-17,Dream @ Tempo,atlanta dream,toronto tempo,401857074,,,LOSS,player_game_log_warehouse
2026-07-17,Natasha Cloud,Los Angeles Sparks @ Chicago Sky,los angeles sparks,chicago sky,EXACT_MATCH,2026-07-17,Sparks @ Sky,los angeles sparks,chicago sky,401857075,,,LOSS,player_game_log_warehouse
2026-07-17,Courtney Vandersloot,Los Angeles Sparks @ Chicago Sky,los angeles sparks,chicago sky,EXACT_MATCH,2026-07-17,Sparks @ Sky,los angeles sparks,chicago sky,401857075,,,WIN,player_game_log_warehouse
2026-07-18,Courtney Williams,Portland Fire @ Minnesota Lynx,portland fire,minnesota lynx,EXACT_MATCH,2026-07-18,Fire @ Lynx,portland fire,minnesota lynx,401857078,,,WIN,player_game_log_warehouse
2026-07-17,Courtney Vandersloot,Los Angeles Sparks @ Chicago Sky,los angeles sparks,chicago sky,EXACT_MATCH,2026-07-17,Sparks @ Sky,los angeles sparks,chicago sky,401857075,,,WIN,player_game_log_warehouse
2026-07-17,Natasha Cloud,Los Angeles Sparks @ Chicago Sky,los angeles sparks,chicago sky,EXACT_MATCH,2026-07-17,Sparks @ Sky,los angeles sparks,chicago sky,401857075,,,LOSS,player_game_log_warehouse
2026-07-17,Monique Billings,Seattle Storm @ Indiana Fever,seattle storm,indiana fever,EXACT_MATCH,2026-07-17,Storm @ Fever,seattle storm,indiana fever,401857073,,,WIN,player_game_log_warehouse
2026-07-18,Gabby Williams,Washington Mystics @ Golden State Valkyries,washington mystics,golden state valkyries,EXACT_MATCH,2026-07-18,Mystics @ Valkyries,washington mystics,golden state valkyries,401857079,,,WIN,player_game_log_warehouse
2026-07-17,Kamilla Cardoso,Los Angeles Sparks @ Chicago Sky,los angeles sparks,chicago sky,EXACT_MATCH,2026-07-17,Sparks @ Sky,los angeles sparks,chicago sky,401857075,,,LOSS,player_game_log_warehouse
2026-07-17,Nneka Ogwumike,Los Angeles Sparks @ Chicago Sky,los angeles sparks,chicago sky,EXACT_MATCH,2026-07-17,Sparks @ Sky,los angeles sparks,chicago sky,401857075,,,WIN,player_game_log_warehouse
2026-07-17,Rhyne Howard,Atlanta Dream @ Toronto Tempo,atlanta dream,toronto tempo,EXACT_MATCH,2026-07-17,Dream @ Tempo,atlanta dream,toronto tempo,401857074,,,WIN,player_game_log_warehouse
2026-07-17,Kamilla Cardoso,Los Angeles Sparks @ Chicago Sky,los angeles sparks,chicago sky,EXACT_MATCH,2026-07-17,Sparks @ Sky,los angeles sparks,chicago sky,401857075,,,LOSS,player_game_log_warehouse
2026-07-17,Dominique Malonga,Seattle Storm @ Indiana Fever,seattle storm,indiana fever,EXACT_MATCH,2026-07-17,Storm @ Fever,seattle storm,indiana fever,401857073,,,LOSS,player_game_log_warehouse
2026-07-17,Allisha Gray,Atlanta Dream @ Toronto Tempo,atlanta dream,toronto tempo,EXACT_MATCH,2026-07-17,Dream @ Tempo,atlanta dream,toronto tempo,401857074,,,WIN,player_game_log_warehouse
2026-07-17,Courtney Vandersloot,Los Angeles Sparks @ Chicago Sky,los angeles sparks,chicago sky,EXACT_MATCH,2026-07-17,Sparks @ Sky,los angeles sparks,chicago sky,401857075,,,WIN,player_game_log_warehouse
2026-07-17,Nneka Ogwumike,Los Angeles Sparks @ Chicago Sky,los angeles sparks,chicago sky,EXACT_MATCH,2026-07-17,Sparks @ Sky,los angeles sparks,chicago sky,401857075,,,WIN,player_game_log_warehouse
2026-07-17,Courtney Vandersloot,Los Angeles Sparks @ Chicago Sky,los angeles sparks,chicago sky,EXACT_MATCH,2026-07-17,Sparks @ Sky,los angeles sparks,chicago sky,401857075,,,LOSS,player_game_log_warehouse
2026-07-17,Nneka Ogwumike,Los Angeles Sparks @ Chicago Sky,los angeles sparks,chicago sky,EXACT_MATCH,2026-07-17,Sparks @ Sky,los angeles sparks,chicago sky,401857075,,,WIN,player_game_log_warehouse
2026-07-17,Natasha Cloud,Los Angeles Sparks @ Chicago Sky,los angeles sparks,chicago sky,EXACT_MATCH,2026-07-17,Sparks @ Sky,los angeles sparks,chicago sky,401857075,,,LOSS,player_game_log_warehouse
2026-07-17,Dearica Hamby,Los Angeles Sparks @ Chicago Sky,los angeles sparks,chicago sky,EXACT_MATCH,2026-07-17,Sparks @ Sky,los angeles sparks,chicago sky,401857075,,,WIN,player_game_log_warehouse
2026-07-18,Sabrina Ionescu,New York Liberty @ Indiana Fever,new york liberty,indiana fever,EXACT_MATCH,2026-07-18,Liberty @ Fever,new york liberty,indiana fever,401857077,,,LOSS,player_game_log_warehouse
2026-07-18,Janelle Salaun,Washington Mystics @ Golden State Valkyries,washington mystics,golden state valkyries,EXACT_MATCH,2026-07-18,Mystics @ Valkyries,washington mystics,golden state valkyries,401857079,,,LOSS,player_game_log_warehouse
2026-07-17,Rhyne Howard,Atlanta Dream @ Toronto Tempo,atlanta dream,toronto tempo,EXACT_MATCH,2026-07-17,Dream @ Tempo,atlanta dream,toronto tempo,401857074,,,WIN,player_game_log_warehouse
2026-07-17,Rhyne Howard,Atlanta Dream @ Toronto Tempo,atlanta dream,toronto tempo,EXACT_MATCH,2026-07-17,Dream @ Tempo,atlanta dream,toronto tempo,401857074,,,WIN,player_game_log_warehouse
2026-07-17,Charlisse Leger-Walker,Connecticut Sun @ Phoenix Mercury,connecticut sun,phoenix mercury,EXACT_MATCH,2026-07-17,Sun @ Mercury,connecticut sun,phoenix mercury,401857076,,,WIN,player_game_log_warehouse
2026-07-18,Georgia Amoore,Washington Mystics @ Golden State Valkyries,washington mystics,golden state valkyries,EXACT_MATCH,2026-07-18,Mystics @ Valkyries,washington mystics,golden state valkyries,401857079,,,LOSS,player_game_log_warehouse
2026-07-17,Charlisse Leger-Walker,Connecticut Sun @ Phoenix Mercury,connecticut sun,phoenix mercury,EXACT_MATCH,2026-07-17,Sun @ Mercury,connecticut sun,phoenix mercury,401857076,,,WIN,player_game_log_warehouse
2026-07-18,Georgia Amoore,Washington Mystics @ Golden State Valkyries,washington mystics,golden state valkyries,EXACT_MATCH,2026-07-18,Mystics @ Valkyries,washington mystics,golden state valkyries,401857079,,,LOSS,player_game_log_warehouse
2026-07-17,Nyara Sabally,Atlanta Dream @ Toronto Tempo,atlanta dream,toronto tempo,EXACT_MATCH,2026-07-17,Dream @ Tempo,atlanta dream,toronto tempo,401857074,,,WIN,player_game_log_warehouse
2026-07-17,Caitlin Clark,Seattle Storm @ Indiana Fever,seattle storm,indiana fever,EXACT_MATCH,2026-07-17,Storm @ Fever,seattle storm,indiana fever,401857073,,,LOSS,player_game_log_warehouse
2026-07-17,Caitlin Clark,Seattle Storm @ Indiana Fever,seattle storm,indiana fever,EXACT_MATCH,2026-07-17,Storm @ Fever,seattle storm,indiana fever,401857073,,,LOSS,player_game_log_warehouse
2026-07-17,Kamilla Cardoso,Los Angeles Sparks @ Chicago Sky,los angeles sparks,chicago sky,EXACT_MATCH,2026-07-17,Sparks @ Sky,los angeles sparks,chicago sky,401857075,,,WIN,player_game_log_warehouse
2026-07-17,Charlisse Leger-Walker,Connecticut Sun @ Phoenix Mercury,connecticut sun,phoenix mercury,EXACT_MATCH,2026-07-17,Sun @ Mercury,connecticut sun,phoenix mercury,401857076,,,LOSS,player_game_log_warehouse
2026-07-17,Kamilla Cardoso,Los Angeles Sparks @ Chicago Sky,los angeles sparks,chicago sky,EXACT_MATCH,2026-07-17,Sparks @ Sky,los angeles sparks,chicago sky,401857075,,,LOSS,player_game_log_warehouse
2026-07-17,Kamilla Cardoso,Los Angeles Sparks @ Chicago Sky,los angeles sparks,chicago sky,EXACT_MATCH,2026-07-17,Sparks @ Sky,los angeles sparks,chicago sky,401857075,,,WIN,player_game_log_warehouse
2026-07-17,Kamilla Cardoso,Los Angeles Sparks @ Chicago Sky,los angeles sparks,chicago sky,EXACT_MATCH,2026-07-17,Sparks @ Sky,los angeles sparks,chicago sky,401857075,,,WIN,player_game_log_warehouse
2026-07-17,Caitlin Clark,Seattle Storm @ Indiana Fever,seattle storm,indiana fever,EXACT_MATCH,2026-07-17,Storm @ Fever,seattle storm,indiana fever,401857073,,,LOSS,player_game_log_warehouse
2026-07-18,Veronica Burton,Washington Mystics @ Golden State Valkyries,washington mystics,golden state valkyries,EXACT_MATCH,2026-07-18,Mystics @ Valkyries,washington mystics,golden state valkyries,401857079,,,WIN,player_game_log_warehouse
2026-07-17,Caitlin Clark,Seattle Storm @ Indiana Fever,seattle storm,indiana fever,EXACT_MATCH,2026-07-17,Storm @ Fever,seattle storm,indiana fever,401857073,,,LOSS,player_game_log_warehouse
2026-07-17,Caitlin Clark,Seattle Storm @ Indiana Fever,seattle storm,indiana fever,EXACT_MATCH,2026-07-17,Storm @ Fever,seattle storm,indiana fever,401857073,,,LOSS,player_game_log_warehouse
2026-07-17,Caitlin Clark,Seattle Storm @ Indiana Fever,seattle storm,indiana fever,EXACT_MATCH,2026-07-17,Storm @ Fever,seattle storm,indiana fever,401857073,,,LOSS,player_game_log_warehouse
2026-07-18,Kayla McBride,Portland Fire @ Minnesota Lynx,portland fire,minnesota lynx,EXACT_MATCH,2026-07-18,Fire @ Lynx,portland fire,minnesota lynx,401857078,,,WIN,player_game_log_warehouse
2026-07-18,Serah Williams,Portland Fire @ Minnesota Lynx,portland fire,minnesota lynx,EXACT_MATCH,2026-07-18,Fire @ Lynx,portland fire,minnesota lynx,401857078,,,WIN,player_game_log_warehouse
2026-07-18,Kelsey Mitchell,New York Liberty @ Indiana Fever,new york liberty,indiana fever,EXACT_MATCH,2026-07-18,Liberty @ Fever,new york liberty,indiana fever,401857077,,,WIN,player_game_log_warehouse
2026-07-18,Kelsey Mitchell,New York Liberty @ Indiana Fever,new york liberty,indiana fever,EXACT_MATCH,2026-07-18,Liberty @ Fever,new york liberty,indiana fever,401857077,,,LOSS,player_game_log_warehouse
2026-07-18,Nia Coffey,Portland Fire @ Minnesota Lynx,portland fire,minnesota lynx,EXACT_MATCH,2026-07-18,Fire @ Lynx,portland fire,minnesota lynx,401857078,,,WIN,player_game_log_warehouse
2026-07-18,Kayla McBride,Portland Fire @ Minnesota Lynx,portland fire,minnesota lynx,EXACT_MATCH,2026-07-18,Fire @ Lynx,portland fire,minnesota lynx,401857078,,,WIN,player_game_log_warehouse
2026-07-18,Nia Coffey,Portland Fire @ Minnesota Lynx,portland fire,minnesota lynx,EXACT_MATCH,2026-07-18,Fire @ Lynx,portland fire,minnesota lynx,401857078,,,WIN,player_game_log_warehouse
2026-07-18,Kayla McBride,Portland Fire @ Minnesota Lynx,portland fire,minnesota lynx,EXACT_MATCH,2026-07-18,Fire @ Lynx,portland fire,minnesota lynx,401857078,,,WIN,player_game_log_warehouse
2026-07-18,Kayla McBride,Portland Fire @ Minnesota Lynx,portland fire,minnesota lynx,EXACT_MATCH,2026-07-18,Fire @ Lynx,portland fire,minnesota lynx,401857078,,,WIN,player_game_log_warehouse
2026-07-18,Gabby Williams,Washington Mystics @ Golden State Valkyries,washington mystics,golden state valkyries,EXACT_MATCH,2026-07-18,Mystics @ Valkyries,washington mystics,golden state valkyries,401857079,,,LOSS,player_game_log_warehouse
2026-07-18,Sabrina Ionescu,New York Liberty @ Indiana Fever,new york liberty,indiana fever,EXACT_MATCH,2026-07-18,Liberty @ Fever,new york liberty,indiana fever,401857077,,,WIN,player_game_log_warehouse
2026-07-19,Naz Hillmon,Chicago Sky @ Atlanta Dream,chicago sky,atlanta dream,EXACT_MATCH,2026-07-19,Sky @ Dream,chicago sky,atlanta dream,401857081,,,WIN,player_game_log_warehouse
2026-07-19,Natasha Cloud,Chicago Sky @ Atlanta Dream,chicago sky,atlanta dream,EXACT_MATCH,2026-07-19,Sky @ Dream,chicago sky,atlanta dream,401857081,,,WIN,player_game_log_warehouse
2026-07-19,Sydney Taylor,Chicago Sky @ Atlanta Dream,chicago sky,atlanta dream,EXACT_MATCH,2026-07-19,Sky @ Dream,chicago sky,atlanta dream,401857081,,,LOSS,player_game_log_warehouse
2026-07-19,Natasha Cloud,Chicago Sky @ Atlanta Dream,chicago sky,atlanta dream,EXACT_MATCH,2026-07-19,Sky @ Dream,chicago sky,atlanta dream,401857081,,,WIN,player_game_log_warehouse
2026-07-18,Olivia Miles,Portland Fire @ Minnesota Lynx,portland fire,minnesota lynx,EXACT_MATCH,2026-07-18,Fire @ Lynx,portland fire,minnesota lynx,401857078,,,LOSS,player_game_log_warehouse
2026-07-19,Natasha Cloud,Chicago Sky @ Atlanta Dream,chicago sky,atlanta dream,EXACT_MATCH,2026-07-19,Sky @ Dream,chicago sky,atlanta dream,401857081,,,WIN,player_game_log_warehouse
2026-07-18,Nia Coffey,Portland Fire @ Minnesota Lynx,portland fire,minnesota lynx,EXACT_MATCH,2026-07-18,Fire @ Lynx,portland fire,minnesota lynx,401857078,,,WIN,player_game_log_warehouse
2026-07-18,Gabby Williams,Washington Mystics @ Golden State Valkyries,washington mystics,golden state valkyries,EXACT_MATCH,2026-07-18,Mystics @ Valkyries,washington mystics,golden state valkyries,401857079,,,WIN,player_game_log_warehouse
2026-07-19,Azzi Fudd,Los Angeles Sparks @ Dallas Wings,los angeles sparks,dallas wings,EXACT_MATCH,2026-07-19,Sparks @ Wings,los angeles sparks,dallas wings,401857080,,,WIN,player_game_log_warehouse
2026-07-18,Courtney Williams,Portland Fire @ Minnesota Lynx,portland fire,minnesota lynx,EXACT_MATCH,2026-07-18,Fire @ Lynx,portland fire,minnesota lynx,401857078,,,WIN,player_game_log_warehouse
2026-07-18,Caitlin Clark,New York Liberty @ Indiana Fever,new york liberty,indiana fever,EXACT_MATCH,2026-07-18,Liberty @ Fever,new york liberty,indiana fever,401857077,,,WIN,player_game_log_warehouse
2026-07-19,Nneka Ogwumike,Los Angeles Sparks @ Dallas Wings,los angeles sparks,dallas wings,EXACT_MATCH,2026-07-19,Sparks @ Wings,los angeles sparks,dallas wings,401857080,,,LOSS,player_game_log_warehouse
2026-07-19,Nneka Ogwumike,Los Angeles Sparks @ Dallas Wings,los angeles sparks,dallas wings,EXACT_MATCH,2026-07-19,Sparks @ Wings,los angeles sparks,dallas wings,401857080,,,LOSS,player_game_log_warehouse
2026-07-19,Allisha Gray,Chicago Sky @ Atlanta Dream,chicago sky,atlanta dream,EXACT_MATCH,2026-07-19,Sky @ Dream,chicago sky,atlanta dream,401857081,,,LOSS,player_game_log_warehouse
2026-07-18,Kaitlyn Chen,Washington Mystics @ Golden State Valkyries,washington mystics,golden state valkyries,EXACT_MATCH,2026-07-18,Mystics @ Valkyries,washington mystics,golden state valkyries,401857079,,,LOSS,player_game_log_warehouse
2026-07-18,Courtney Williams,Portland Fire @ Minnesota Lynx,portland fire,minnesota lynx,EXACT_MATCH,2026-07-18,Fire @ Lynx,portland fire,minnesota lynx,401857078,,,LOSS,player_game_log_warehouse
2026-07-19,Kamilla Cardoso,Chicago Sky @ Atlanta Dream,chicago sky,atlanta dream,EXACT_MATCH,2026-07-19,Sky @ Dream,chicago sky,atlanta dream,401857081,,,WIN,player_game_log_warehouse
2026-07-18,Natasha Howard,Portland Fire @ Minnesota Lynx,portland fire,minnesota lynx,EXACT_MATCH,2026-07-18,Fire @ Lynx,portland fire,minnesota lynx,401857078,,,WIN,player_game_log_warehouse
2026-07-19,Natasha Cloud,Chicago Sky @ Atlanta Dream,chicago sky,atlanta dream,EXACT_MATCH,2026-07-19,Sky @ Dream,chicago sky,atlanta dream,401857081,,,WIN,player_game_log_warehouse
2026-07-18,Janelle Salaun,Washington Mystics @ Golden State Valkyries,washington mystics,golden state valkyries,EXACT_MATCH,2026-07-18,Mystics @ Valkyries,washington mystics,golden state valkyries,401857079,,,LOSS,player_game_log_warehouse
2026-07-18,Georgia Amoore,Washington Mystics @ Golden State Valkyries,washington mystics,golden state valkyries,EXACT_MATCH,2026-07-18,Mystics @ Valkyries,washington mystics,golden state valkyries,401857079,,,LOSS,player_game_log_warehouse
2026-07-19,Allisha Gray,Chicago Sky @ Atlanta Dream,chicago sky,atlanta dream,EXACT_MATCH,2026-07-19,Sky @ Dream,chicago sky,atlanta dream,401857081,,,WIN,player_game_log_warehouse
2026-07-18,Caitlin Clark,New York Liberty @ Indiana Fever,new york liberty,indiana fever,EXACT_MATCH,2026-07-18,Liberty @ Fever,new york liberty,indiana fever,401857077,,,WIN,player_game_log_warehouse
2026-07-18,Caitlin Clark,New York Liberty @ Indiana Fever,new york liberty,indiana fever,EXACT_MATCH,2026-07-18,Liberty @ Fever,new york liberty,indiana fever,401857077,,,WIN,player_game_log_warehouse
2026-07-18,Caitlin Clark,New York Liberty @ Indiana Fever,new york liberty,indiana fever,EXACT_MATCH,2026-07-18,Liberty @ Fever,new york liberty,indiana fever,401857077,,,WIN,player_game_log_warehouse
2026-07-18,Veronica Burton,Washington Mystics @ Golden State Valkyries,washington mystics,golden state valkyries,EXACT_MATCH,2026-07-18,Mystics @ Valkyries,washington mystics,golden state valkyries,401857079,,,WIN,player_game_log_warehouse
2026-07-18,Caitlin Clark,New York Liberty @ Indiana Fever,new york liberty,indiana fever,EXACT_MATCH,2026-07-18,Liberty @ Fever,new york liberty,indiana fever,401857077,,,WIN,player_game_log_warehouse
2026-07-18,Caitlin Clark,New York Liberty @ Indiana Fever,new york liberty,indiana fever,EXACT_MATCH,2026-07-18,Liberty @ Fever,new york liberty,indiana fever,401857077,,,WIN,player_game_log_warehouse
2026-07-20,Nia Coffey,Minnesota Lynx @ Seattle Storm,minnesota lynx,seattle storm,EXACT_MATCH,2026-07-20,Lynx @ Storm,minnesota lynx,seattle storm,401857085,,,WIN,player_game_log_warehouse
2026-07-19,Rhyne Howard,Chicago Sky @ Atlanta Dream,chicago sky,atlanta dream,EXACT_MATCH,2026-07-19,Sky @ Dream,chicago sky,atlanta dream,401857081,,,WIN,player_game_log_warehouse
2026-07-20,Nia Coffey,Minnesota Lynx @ Seattle Storm,minnesota lynx,seattle storm,EXACT_MATCH,2026-07-20,Lynx @ Storm,minnesota lynx,seattle storm,401857085,,,WIN,player_game_log_warehouse
2026-07-20,Kayla McBride,Minnesota Lynx @ Seattle Storm,minnesota lynx,seattle storm,EXACT_MATCH,2026-07-20,Lynx @ Storm,minnesota lynx,seattle storm,401857085,,,WIN,player_game_log_warehouse
2026-07-20,Kayla McBride,Minnesota Lynx @ Seattle Storm,minnesota lynx,seattle storm,EXACT_MATCH,2026-07-20,Lynx @ Storm,minnesota lynx,seattle storm,401857085,,,WIN,player_game_log_warehouse
2026-07-20,Nia Coffey,Minnesota Lynx @ Seattle Storm,minnesota lynx,seattle storm,EXACT_MATCH,2026-07-20,Lynx @ Storm,minnesota lynx,seattle storm,401857085,,,WIN,player_game_log_warehouse
2026-07-20,Kayla McBride,Minnesota Lynx @ Seattle Storm,minnesota lynx,seattle storm,EXACT_MATCH,2026-07-20,Lynx @ Storm,minnesota lynx,seattle storm,401857085,,,WIN,player_game_log_warehouse
2026-07-20,Kayla McBride,Minnesota Lynx @ Seattle Storm,minnesota lynx,seattle storm,EXACT_MATCH,2026-07-20,Lynx @ Storm,minnesota lynx,seattle storm,401857085,,,WIN,player_game_log_warehouse
2026-07-20,Courtney Williams,Minnesota Lynx @ Seattle Storm,minnesota lynx,seattle storm,EXACT_MATCH,2026-07-20,Lynx @ Storm,minnesota lynx,seattle storm,401857085,,,LOSS,player_game_log_warehouse
2026-07-20,Nia Coffey,Minnesota Lynx @ Seattle Storm,minnesota lynx,seattle storm,EXACT_MATCH,2026-07-20,Lynx @ Storm,minnesota lynx,seattle storm,401857085,,,WIN,player_game_log_warehouse
2026-07-19,Natasha Mack,Connecticut Sun @ Phoenix Mercury,connecticut sun,phoenix mercury,EXACT_MATCH,2026-07-19,Sun @ Mercury,connecticut sun,phoenix mercury,401857082,,,LOSS,player_game_log_warehouse
2026-07-19,Natasha Mack,Connecticut Sun @ Phoenix Mercury,connecticut sun,phoenix mercury,EXACT_MATCH,2026-07-19,Sun @ Mercury,connecticut sun,phoenix mercury,401857082,,,LOSS,player_game_log_warehouse
2026-07-20,Olivia Miles,Minnesota Lynx @ Seattle Storm,minnesota lynx,seattle storm,EXACT_MATCH,2026-07-20,Lynx @ Storm,minnesota lynx,seattle storm,401857085,,,WIN,player_game_log_warehouse
2026-07-19,Monique Akoa Makani,Connecticut Sun @ Phoenix Mercury,connecticut sun,phoenix mercury,EXACT_MATCH,2026-07-19,Sun @ Mercury,connecticut sun,phoenix mercury,401857082,,,LOSS,player_game_log_warehouse
2026-07-20,Kayla McBride,Minnesota Lynx @ Seattle Storm,minnesota lynx,seattle storm,EXACT_MATCH,2026-07-20,Lynx @ Storm,minnesota lynx,seattle storm,401857085,,,WIN,player_game_log_warehouse
2026-07-20,Courtney Williams,Minnesota Lynx @ Seattle Storm,minnesota lynx,seattle storm,EXACT_MATCH,2026-07-20,Lynx @ Storm,minnesota lynx,seattle storm,401857085,,,LOSS,player_game_log_warehouse
2026-07-20,Sabrina Ionescu,New York Liberty @ Dallas Wings,new york liberty,dallas wings,EXACT_MATCH,2026-07-20,Liberty @ Wings,new york liberty,dallas wings,401892393,,,WIN,player_game_log_warehouse
2026-07-19,Janelle Salaun,Washington Mystics @ Golden State Valkyries,washington mystics,golden state valkyries,REPEATED_MATCHUP_DATE_AMBIGUOUS,,,,,,2026-07-18|2026-07-20,,PENDING,
2026-07-19,Nneka Ogwumike,Los Angeles Sparks @ Dallas Wings,los angeles sparks,dallas wings,EXACT_MATCH,2026-07-19,Sparks @ Wings,los angeles sparks,dallas wings,401857080,,,LOSS,player_game_log_warehouse
2026-07-20,Natisha Hiedeman,Minnesota Lynx @ Seattle Storm,minnesota lynx,seattle storm,EXACT_MATCH,2026-07-20,Lynx @ Storm,minnesota lynx,seattle storm,401857085,,,WIN,player_game_log_warehouse
2026-07-19,Allisha Gray,Chicago Sky @ Atlanta Dream,chicago sky,atlanta dream,EXACT_MATCH,2026-07-19,Sky @ Dream,chicago sky,atlanta dream,401857081,,,LOSS,player_game_log_warehouse
2026-07-20,Natasha Howard,Minnesota Lynx @ Seattle Storm,minnesota lynx,seattle storm,EXACT_MATCH,2026-07-20,Lynx @ Storm,minnesota lynx,seattle storm,401857085,,,WIN,player_game_log_warehouse
2026-07-19,Cameron Brink,Los Angeles Sparks @ Dallas Wings,los angeles sparks,dallas wings,EXACT_MATCH,2026-07-19,Sparks @ Wings,los angeles sparks,dallas wings,401857080,,,WIN,player_game_log_warehouse
2026-07-19,Nneka Ogwumike,Los Angeles Sparks @ Dallas Wings,los angeles sparks,dallas wings,EXACT_MATCH,2026-07-19,Sparks @ Wings,los angeles sparks,dallas wings,401857080,,,LOSS,player_game_log_warehouse
2026-07-20,Courtney Williams,Minnesota Lynx @ Seattle Storm,minnesota lynx,seattle storm,EXACT_MATCH,2026-07-20,Lynx @ Storm,minnesota lynx,seattle storm,401857085,,,LOSS,player_game_log_warehouse
2026-07-20,Pauline Astier,New York Liberty @ Dallas Wings,new york liberty,dallas wings,EXACT_MATCH,2026-07-20,Liberty @ Wings,new york liberty,dallas wings,401892393,,,WIN,player_game_log_warehouse
2026-07-19,Charlisse Leger-Walker,Connecticut Sun @ Phoenix Mercury,connecticut sun,phoenix mercury,EXACT_MATCH,2026-07-19,Sun @ Mercury,connecticut sun,phoenix mercury,401857082,,,WIN,player_game_log_warehouse
2026-07-19,Azzi Fudd,Los Angeles Sparks @ Dallas Wings,los angeles sparks,dallas wings,EXACT_MATCH,2026-07-19,Sparks @ Wings,los angeles sparks,dallas wings,401857080,,,WIN,player_game_log_warehouse
2026-07-20,Pauline Astier,New York Liberty @ Dallas Wings,new york liberty,dallas wings,EXACT_MATCH,2026-07-20,Liberty @ Wings,new york liberty,dallas wings,401892393,,,WIN,player_game_log_warehouse
2026-07-19,Rhyne Howard,Chicago Sky @ Atlanta Dream,chicago sky,atlanta dream,EXACT_MATCH,2026-07-19,Sky @ Dream,chicago sky,atlanta dream,401857081,,,WIN,player_game_log_warehouse
2026-07-19,Azzi Fudd,Los Angeles Sparks @ Dallas Wings,los angeles sparks,dallas wings,EXACT_MATCH,2026-07-19,Sparks @ Wings,los angeles sparks,dallas wings,401857080,,,WIN,player_game_log_warehouse
2026-07-19,Allisha Gray,Chicago Sky @ Atlanta Dream,chicago sky,atlanta dream,EXACT_MATCH,2026-07-19,Sky @ Dream,chicago sky,atlanta dream,401857081,,,LOSS,player_game_log_warehouse
2026-07-20,A'ja Wilson,Las Vegas Aces @ Toronto Tempo,las vegas aces,toronto tempo,EXACT_MATCH,2026-07-20,Aces @ Tempo,las vegas aces,toronto tempo,401857083,,,LOSS,player_game_log_warehouse
2026-07-19,Charlisse Leger-Walker,Connecticut Sun @ Phoenix Mercury,connecticut sun,phoenix mercury,EXACT_MATCH,2026-07-19,Sun @ Mercury,connecticut sun,phoenix mercury,401857082,,,WIN,player_game_log_warehouse
2026-07-20,Courtney Williams,Minnesota Lynx @ Seattle Storm,minnesota lynx,seattle storm,EXACT_MATCH,2026-07-20,Lynx @ Storm,minnesota lynx,seattle storm,401857085,,,WIN,player_game_log_warehouse
2026-07-19,Charlisse Leger-Walker,Connecticut Sun @ Phoenix Mercury,connecticut sun,phoenix mercury,EXACT_MATCH,2026-07-19,Sun @ Mercury,connecticut sun,phoenix mercury,401857082,,,WIN,player_game_log_warehouse
2026-07-19,Charlisse Leger-Walker,Connecticut Sun @ Phoenix Mercury,connecticut sun,phoenix mercury,EXACT_MATCH,2026-07-19,Sun @ Mercury,connecticut sun,phoenix mercury,401857082,,,WIN,player_game_log_warehouse
2026-07-19,Angel Reese,Chicago Sky @ Atlanta Dream,chicago sky,atlanta dream,EXACT_MATCH,2026-07-19,Sky @ Dream,chicago sky,atlanta dream,401857081,,,WIN,player_game_log_warehouse
2026-07-19,Charlisse Leger-Walker,Connecticut Sun @ Phoenix Mercury,connecticut sun,phoenix mercury,EXACT_MATCH,2026-07-19,Sun @ Mercury,connecticut sun,phoenix mercury,401857082,,,WIN,player_game_log_warehouse
2026-07-19,Azzi Fudd,Los Angeles Sparks @ Dallas Wings,los angeles sparks,dallas wings,EXACT_MATCH,2026-07-19,Sparks @ Wings,los angeles sparks,dallas wings,401857080,,,WIN,player_game_log_warehouse
2026-07-19,Azzi Fudd,Los Angeles Sparks @ Dallas Wings,los angeles sparks,dallas wings,EXACT_MATCH,2026-07-19,Sparks @ Wings,los angeles sparks,dallas wings,401857080,,,WIN,player_game_log_warehouse
2026-07-20,A'ja Wilson,Las Vegas Aces @ Toronto Tempo,las vegas aces,toronto tempo,EXACT_MATCH,2026-07-20,Aces @ Tempo,las vegas aces,toronto tempo,401857083,,,LOSS,player_game_log_warehouse
2026-07-20,Flau'jae Johnson,Minnesota Lynx @ Seattle Storm,minnesota lynx,seattle storm,EXACT_MATCH,2026-07-20,Lynx @ Storm,minnesota lynx,seattle storm,401857085,,,LOSS,player_game_log_warehouse
2026-07-20,Natisha Hiedeman,Minnesota Lynx @ Seattle Storm,minnesota lynx,seattle storm,EXACT_MATCH,2026-07-20,Lynx @ Storm,minnesota lynx,seattle storm,401857085,,,WIN,player_game_log_warehouse
2026-07-19,Azzi Fudd,Los Angeles Sparks @ Dallas Wings,los angeles sparks,dallas wings,EXACT_MATCH,2026-07-19,Sparks @ Wings,los angeles sparks,dallas wings,401857080,,,LOSS,player_game_log_warehouse
2026-07-19,Angel Reese,Chicago Sky @ Atlanta Dream,chicago sky,atlanta dream,EXACT_MATCH,2026-07-19,Sky @ Dream,chicago sky,atlanta dream,401857081,,,WIN,player_game_log_warehouse
2026-07-20,Laura Juskaite,Las Vegas Aces @ Toronto Tempo,las vegas aces,toronto tempo,EXACT_MATCH,2026-07-20,Aces @ Tempo,las vegas aces,toronto tempo,401857083,,,LOSS,player_game_log_warehouse
2026-07-19,Shakira Austin,Washington Mystics @ Golden State Valkyries,washington mystics,golden state valkyries,REPEATED_MATCHUP_DATE_AMBIGUOUS,,,,,,2026-07-18|2026-07-20,,PENDING,
2026-07-19,Shakira Austin,Washington Mystics @ Golden State Valkyries,washington mystics,golden state valkyries,REPEATED_MATCHUP_DATE_AMBIGUOUS,,,,,,2026-07-18|2026-07-20,,PENDING,
2026-07-20,Julie Allemand,Las Vegas Aces @ Toronto Tempo,las vegas aces,toronto tempo,EXACT_MATCH,2026-07-20,Aces @ Tempo,las vegas aces,toronto tempo,401857083,,,WIN,player_game_log_warehouse
2026-07-19,Diamond Miller,Connecticut Sun @ Phoenix Mercury,connecticut sun,phoenix mercury,EXACT_MATCH,2026-07-19,Sun @ Mercury,connecticut sun,phoenix mercury,401857082,,,LOSS,player_game_log_warehouse
2026-07-19,Rhyne Howard,Chicago Sky @ Atlanta Dream,chicago sky,atlanta dream,EXACT_MATCH,2026-07-19,Sky @ Dream,chicago sky,atlanta dream,401857081,,,WIN,player_game_log_warehouse
2026-07-20,Nia Coffey,Minnesota Lynx @ Seattle Storm,minnesota lynx,seattle storm,EXACT_MATCH,2026-07-20,Lynx @ Storm,minnesota lynx,seattle storm,401857085,,,WIN,player_game_log_warehouse
2026-07-20,Kayla McBride,Minnesota Lynx @ Seattle Storm,minnesota lynx,seattle storm,EXACT_MATCH,2026-07-20,Lynx @ Storm,minnesota lynx,seattle storm,401857085,,,WIN,player_game_log_warehouse
2026-07-20,Kayla McBride,Minnesota Lynx @ Seattle Storm,minnesota lynx,seattle storm,EXACT_MATCH,2026-07-20,Lynx @ Storm,minnesota lynx,seattle storm,401857085,,,WIN,player_game_log_warehouse
2026-07-20,Nia Coffey,Minnesota Lynx @ Seattle Storm,minnesota lynx,seattle storm,EXACT_MATCH,2026-07-20,Lynx @ Storm,minnesota lynx,seattle storm,401857085,,,WIN,player_game_log_warehouse
2026-07-20,Kayla McBride,Minnesota Lynx @ Seattle Storm,minnesota lynx,seattle storm,EXACT_MATCH,2026-07-20,Lynx @ Storm,minnesota lynx,seattle storm,401857085,,,WIN,player_game_log_warehouse
2026-07-20,Nia Coffey,Minnesota Lynx @ Seattle Storm,minnesota lynx,seattle storm,EXACT_MATCH,2026-07-20,Lynx @ Storm,minnesota lynx,seattle storm,401857085,,,WIN,player_game_log_warehouse
2026-07-19,Natasha Mack,Connecticut Sun @ Phoenix Mercury,connecticut sun,phoenix mercury,EXACT_MATCH,2026-07-19,Sun @ Mercury,connecticut sun,phoenix mercury,401857082,,,LOSS,player_game_log_warehouse
2026-07-19,Monique Akoa Makani,Connecticut Sun @ Phoenix Mercury,connecticut sun,phoenix mercury,EXACT_MATCH,2026-07-19,Sun @ Mercury,connecticut sun,phoenix mercury,401857082,,,LOSS,player_game_log_warehouse
2026-07-20,Olivia Miles,Minnesota Lynx @ Seattle Storm,minnesota lynx,seattle storm,EXACT_MATCH,2026-07-20,Lynx @ Storm,minnesota lynx,seattle storm,401857085,,,WIN,player_game_log_warehouse
2026-07-20,Kayla McBride,Minnesota Lynx @ Seattle Storm,minnesota lynx,seattle storm,EXACT_MATCH,2026-07-20,Lynx @ Storm,minnesota lynx,seattle storm,401857085,,,WIN,player_game_log_warehouse
2026-07-20,Sabrina Ionescu,New York Liberty @ Dallas Wings,new york liberty,dallas wings,EXACT_MATCH,2026-07-20,Liberty @ Wings,new york liberty,dallas wings,401892393,,,WIN,player_game_log_warehouse
2026-07-20,Courtney Williams,Minnesota Lynx @ Seattle Storm,minnesota lynx,seattle storm,EXACT_MATCH,2026-07-20,Lynx @ Storm,minnesota lynx,seattle storm,401857085,,,LOSS,player_game_log_warehouse
2026-07-19,Janelle Salaun,Washington Mystics @ Golden State Valkyries,washington mystics,golden state valkyries,REPEATED_MATCHUP_DATE_AMBIGUOUS,,,,,,2026-07-18|2026-07-20,,PENDING,
2026-07-20,Natisha Hiedeman,Minnesota Lynx @ Seattle Storm,minnesota lynx,seattle storm,EXACT_MATCH,2026-07-20,Lynx @ Storm,minnesota lynx,seattle storm,401857085,,,WIN,player_game_log_warehouse
2026-07-19,Allisha Gray,Chicago Sky @ Atlanta Dream,chicago sky,atlanta dream,EXACT_MATCH,2026-07-19,Sky @ Dream,chicago sky,atlanta dream,401857081,,,LOSS,player_game_log_warehouse
2026-07-20,Courtney Williams,Minnesota Lynx @ Seattle Storm,minnesota lynx,seattle storm,EXACT_MATCH,2026-07-20,Lynx @ Storm,minnesota lynx,seattle storm,401857085,,,LOSS,player_game_log_warehouse
2026-07-20,Pauline Astier,New York Liberty @ Dallas Wings,new york liberty,dallas wings,EXACT_MATCH,2026-07-20,Liberty @ Wings,new york liberty,dallas wings,401892393,,,WIN,player_game_log_warehouse
2026-07-20,Pauline Astier,New York Liberty @ Dallas Wings,new york liberty,dallas wings,EXACT_MATCH,2026-07-20,Liberty @ Wings,new york liberty,dallas wings,401892393,,,WIN,player_game_log_warehouse
2026-07-19,Rhyne Howard,Chicago Sky @ Atlanta Dream,chicago sky,atlanta dream,EXACT_MATCH,2026-07-19,Sky @ Dream,chicago sky,atlanta dream,401857081,,,WIN,player_game_log_warehouse
2026-07-19,Allisha Gray,Chicago Sky @ Atlanta Dream,chicago sky,atlanta dream,EXACT_MATCH,2026-07-19,Sky @ Dream,chicago sky,atlanta dream,401857081,,,LOSS,player_game_log_warehouse
2026-07-19,Charlisse Leger-Walker,Connecticut Sun @ Phoenix Mercury,connecticut sun,phoenix mercury,EXACT_MATCH,2026-07-19,Sun @ Mercury,connecticut sun,phoenix mercury,401857082,,,WIN,player_game_log_warehouse
2026-07-19,Angel Reese,Chicago Sky @ Atlanta Dream,chicago sky,atlanta dream,EXACT_MATCH,2026-07-19,Sky @ Dream,chicago sky,atlanta dream,401857081,,,WIN,player_game_log_warehouse
2026-07-20,Courtney Williams,Minnesota Lynx @ Seattle Storm,minnesota lynx,seattle storm,EXACT_MATCH,2026-07-20,Lynx @ Storm,minnesota lynx,seattle storm,401857085,,,WIN,player_game_log_warehouse
2026-07-19,Charlisse Leger-Walker,Connecticut Sun @ Phoenix Mercury,connecticut sun,phoenix mercury,EXACT_MATCH,2026-07-19,Sun @ Mercury,connecticut sun,phoenix mercury,401857082,,,WIN,player_game_log_warehouse
2026-07-19,Charlisse Leger-Walker,Connecticut Sun @ Phoenix Mercury,connecticut sun,phoenix mercury,EXACT_MATCH,2026-07-19,Sun @ Mercury,connecticut sun,phoenix mercury,401857082,,,WIN,player_game_log_warehouse
2026-07-20,Flau'jae Johnson,Minnesota Lynx @ Seattle Storm,minnesota lynx,seattle storm,EXACT_MATCH,2026-07-20,Lynx @ Storm,minnesota lynx,seattle storm,401857085,,,LOSS,player_game_log_warehouse
2026-07-19,Shakira Austin,Washington Mystics @ Golden State Valkyries,washington mystics,golden state valkyries,REPEATED_MATCHUP_DATE_AMBIGUOUS,,,,,,2026-07-18|2026-07-20,,PENDING,
2026-07-19,Diamond Miller,Connecticut Sun @ Phoenix Mercury,connecticut sun,phoenix mercury,EXACT_MATCH,2026-07-19,Sun @ Mercury,connecticut sun,phoenix mercury,401857082,,,LOSS,player_game_log_warehouse
2026-07-19,Nneka Ogwumike,Phoenix Mercury @ Los Angeles Sparks,phoenix mercury,los angeles sparks,SAME_DATE_DIFFERENT_MATCHUP,,,,,,,Sparks @ Wings | Los Angeles Sparks @ Dallas Wings,WIN,player_game_log_warehouse
2026-07-20,Kayla McBride,Minnesota Lynx @ Seattle Storm,minnesota lynx,seattle storm,EXACT_MATCH,2026-07-20,Lynx @ Storm,minnesota lynx,seattle storm,401857085,,,WIN,player_game_log_warehouse
2026-07-22,Kelsey Mitchell,Connecticut Sun @ Indiana Fever,connecticut sun,indiana fever,EXACT_MATCH,2026-07-22,Sun @ Fever,connecticut sun,indiana fever,401857090,,,WIN,player_game_log_warehouse
2026-07-20,Kayla McBride,Minnesota Lynx @ Seattle Storm,minnesota lynx,seattle storm,EXACT_MATCH,2026-07-20,Lynx @ Storm,minnesota lynx,seattle storm,401857085,,,WIN,player_game_log_warehouse
2026-07-20,Azzi Fudd,New York Liberty @ Dallas Wings,new york liberty,dallas wings,EXACT_MATCH,2026-07-20,Liberty @ Wings,new york liberty,dallas wings,401892393,,,WIN,player_game_log_warehouse
2026-07-20,Azzi Fudd,New York Liberty @ Dallas Wings,new york liberty,dallas wings,EXACT_MATCH,2026-07-20,Liberty @ Wings,new york liberty,dallas wings,401892393,,,WIN,player_game_log_warehouse
2026-07-22,Aliyah Boston,Connecticut Sun @ Indiana Fever,connecticut sun,indiana fever,EXACT_MATCH,2026-07-22,Sun @ Fever,connecticut sun,indiana fever,401857090,,,WIN,player_game_log_warehouse
2026-07-19,DeWanna Bonner,Phoenix Mercury @ Los Angeles Sparks,phoenix mercury,los angeles sparks,SAME_DATE_DIFFERENT_MATCHUP,,,,,,,Sun @ Mercury | Connecticut Sun @ Phoenix Mercury,WIN,player_game_log_warehouse
2026-07-20,Kayla McBride,Minnesota Lynx @ Seattle Storm,minnesota lynx,seattle storm,EXACT_MATCH,2026-07-20,Lynx @ Storm,minnesota lynx,seattle storm,401857085,,,WIN,player_game_log_warehouse
2026-07-20,Kayla McBride,Minnesota Lynx @ Seattle Storm,minnesota lynx,seattle storm,EXACT_MATCH,2026-07-20,Lynx @ Storm,minnesota lynx,seattle storm,401857085,,,WIN,player_game_log_warehouse
2026-07-20,Azzi Fudd,New York Liberty @ Dallas Wings,new york liberty,dallas wings,EXACT_MATCH,2026-07-20,Liberty @ Wings,new york liberty,dallas wings,401892393,,,WIN,player_game_log_warehouse
2026-07-20,Courtney Williams,Minnesota Lynx @ Seattle Storm,minnesota lynx,seattle storm,EXACT_MATCH,2026-07-20,Lynx @ Storm,minnesota lynx,seattle storm,401857085,,,LOSS,player_game_log_warehouse
2026-07-19,Cameron Brink,Phoenix Mercury @ Los Angeles Sparks,phoenix mercury,los angeles sparks,SAME_DATE_DIFFERENT_MATCHUP,,,,,,,Sparks @ Wings | Los Angeles Sparks @ Dallas Wings,WIN,player_game_log_warehouse
2026-07-22,Aliyah Boston,Connecticut Sun @ Indiana Fever,connecticut sun,indiana fever,EXACT_MATCH,2026-07-22,Sun @ Fever,connecticut sun,indiana fever,401857090,,,WIN,player_game_log_warehouse
2026-07-20,Sabrina Ionescu,New York Liberty @ Dallas Wings,new york liberty,dallas wings,EXACT_MATCH,2026-07-20,Liberty @ Wings,new york liberty,dallas wings,401892393,,,WIN,player_game_log_warehouse
2026-07-20,Janelle Salaun,Washington Mystics @ Golden State Valkyries,washington mystics,golden state valkyries,EXACT_MATCH,2026-07-20,Mystics @ Valkyries,washington mystics,golden state valkyries,401857084,,,LOSS,player_game_log_warehouse
2026-07-19,DeWanna Bonner,Phoenix Mercury @ Los Angeles Sparks,phoenix mercury,los angeles sparks,SAME_DATE_DIFFERENT_MATCHUP,,,,,,,Sun @ Mercury | Connecticut Sun @ Phoenix Mercury,WIN,player_game_log_warehouse
2026-07-20,Jessica Shepard,New York Liberty @ Dallas Wings,new york liberty,dallas wings,EXACT_MATCH,2026-07-20,Liberty @ Wings,new york liberty,dallas wings,401892393,,,WIN,player_game_log_warehouse
2026-07-20,Natisha Hiedeman,Minnesota Lynx @ Seattle Storm,minnesota lynx,seattle storm,EXACT_MATCH,2026-07-20,Lynx @ Storm,minnesota lynx,seattle storm,401857085,,,WIN,player_game_log_warehouse
2026-07-20,Azzi Fudd,New York Liberty @ Dallas Wings,new york liberty,dallas wings,EXACT_MATCH,2026-07-20,Liberty @ Wings,new york liberty,dallas wings,401892393,,,WIN,player_game_log_warehouse
2026-07-20,Azzi Fudd,New York Liberty @ Dallas Wings,new york liberty,dallas wings,EXACT_MATCH,2026-07-20,Liberty @ Wings,new york liberty,dallas wings,401892393,,,WIN,player_game_log_warehouse
2026-07-19,Cameron Brink,Phoenix Mercury @ Los Angeles Sparks,phoenix mercury,los angeles sparks,SAME_DATE_DIFFERENT_MATCHUP,,,,,,,Sparks @ Wings | Los Angeles Sparks @ Dallas Wings,WIN,player_game_log_warehouse
2026-07-20,Courtney Williams,Minnesota Lynx @ Seattle Storm,minnesota lynx,seattle storm,EXACT_MATCH,2026-07-20,Lynx @ Storm,minnesota lynx,seattle storm,401857085,,,LOSS,player_game_log_warehouse
2026-07-20,Azzi Fudd,New York Liberty @ Dallas Wings,new york liberty,dallas wings,EXACT_MATCH,2026-07-20,Liberty @ Wings,new york liberty,dallas wings,401892393,,,WIN,player_game_log_warehouse
2026-07-20,Pauline Astier,New York Liberty @ Dallas Wings,new york liberty,dallas wings,EXACT_MATCH,2026-07-20,Liberty @ Wings,new york liberty,dallas wings,401892393,,,WIN,player_game_log_warehouse
2026-07-19,Nneka Ogwumike,Phoenix Mercury @ Los Angeles Sparks,phoenix mercury,los angeles sparks,SAME_DATE_DIFFERENT_MATCHUP,,,,,,,Sparks @ Wings | Los Angeles Sparks @ Dallas Wings,WIN,player_game_log_warehouse
2026-07-20,Pauline Astier,New York Liberty @ Dallas Wings,new york liberty,dallas wings,EXACT_MATCH,2026-07-20,Liberty @ Wings,new york liberty,dallas wings,401892393,,,WIN,player_game_log_warehouse
2026-07-20,Sonia Citron,Washington Mystics @ Golden State Valkyries,washington mystics,golden state valkyries,EXACT_MATCH,2026-07-20,Mystics @ Valkyries,washington mystics,golden state valkyries,401857084,,,WIN,player_game_log_warehouse
2026-07-19,Nneka Ogwumike,Phoenix Mercury @ Los Angeles Sparks,phoenix mercury,los angeles sparks,SAME_DATE_DIFFERENT_MATCHUP,,,,,,,Sparks @ Wings | Los Angeles Sparks @ Dallas Wings,WIN,player_game_log_warehouse
2026-07-20,Natasha Howard,Minnesota Lynx @ Seattle Storm,minnesota lynx,seattle storm,EXACT_MATCH,2026-07-20,Lynx @ Storm,minnesota lynx,seattle storm,401857085,,,WIN,player_game_log_warehouse
2026-07-20,Courtney Williams,Minnesota Lynx @ Seattle Storm,minnesota lynx,seattle storm,EXACT_MATCH,2026-07-20,Lynx @ Storm,minnesota lynx,seattle storm,401857085,,,WIN,player_game_log_warehouse
2026-07-20,Laura Juskaite,Las Vegas Aces @ Toronto Tempo,las vegas aces,toronto tempo,EXACT_MATCH,2026-07-20,Aces @ Tempo,las vegas aces,toronto tempo,401857083,,,WIN,player_game_log_warehouse
2026-07-20,Breanna Stewart,New York Liberty @ Dallas Wings,new york liberty,dallas wings,EXACT_MATCH,2026-07-20,Liberty @ Wings,new york liberty,dallas wings,401892393,,,LOSS,player_game_log_warehouse
2026-07-20,A'ja Wilson,Las Vegas Aces @ Toronto Tempo,las vegas aces,toronto tempo,EXACT_MATCH,2026-07-20,Aces @ Tempo,las vegas aces,toronto tempo,401857083,,,LOSS,player_game_log_warehouse
2026-07-20,Breanna Stewart,New York Liberty @ Dallas Wings,new york liberty,dallas wings,EXACT_MATCH,2026-07-20,Liberty @ Wings,new york liberty,dallas wings,401892393,,,LOSS,player_game_log_warehouse
2026-07-22,Caitlin Clark,Connecticut Sun @ Indiana Fever,connecticut sun,indiana fever,EXACT_MATCH,2026-07-22,Sun @ Fever,connecticut sun,indiana fever,401857090,,,WIN,player_game_log_warehouse
2026-07-20,Nia Coffey,Minnesota Lynx @ Seattle Storm,minnesota lynx,seattle storm,EXACT_MATCH,2026-07-20,Lynx @ Storm,minnesota lynx,seattle storm,401857085,,,WIN,player_game_log_warehouse
2026-07-20,Breanna Stewart,New York Liberty @ Dallas Wings,new york liberty,dallas wings,EXACT_MATCH,2026-07-20,Liberty @ Wings,new york liberty,dallas wings,401892393,,,LOSS,player_game_log_warehouse
2026-07-20,Lauren Betts,Washington Mystics @ Golden State Valkyries,washington mystics,golden state valkyries,EXACT_MATCH,2026-07-20,Mystics @ Valkyries,washington mystics,golden state valkyries,401857084,,,LOSS,player_game_log_warehouse
2026-07-19,Ariel Atkins,Phoenix Mercury @ Los Angeles Sparks,phoenix mercury,los angeles sparks,SAME_DATE_DIFFERENT_MATCHUP,,,,,,,Sparks @ Wings | Los Angeles Sparks @ Dallas Wings,WIN,player_game_log_warehouse
2026-07-20,Nia Coffey,Minnesota Lynx @ Seattle Storm,minnesota lynx,seattle storm,EXACT_MATCH,2026-07-20,Lynx @ Storm,minnesota lynx,seattle storm,401857085,,,WIN,player_game_log_warehouse
2026-07-20,Flau'jae Johnson,Minnesota Lynx @ Seattle Storm,minnesota lynx,seattle storm,EXACT_MATCH,2026-07-20,Lynx @ Storm,minnesota lynx,seattle storm,401857085,,,LOSS,player_game_log_warehouse
2026-07-19,Ariel Atkins,Phoenix Mercury @ Los Angeles Sparks,phoenix mercury,los angeles sparks,SAME_DATE_DIFFERENT_MATCHUP,,,,,,,Sparks @ Wings | Los Angeles Sparks @ Dallas Wings,WIN,player_game_log_warehouse
2026-07-20,Natisha Hiedeman,Minnesota Lynx @ Seattle Storm,minnesota lynx,seattle storm,EXACT_MATCH,2026-07-20,Lynx @ Storm,minnesota lynx,seattle storm,401857085,,,WIN,player_game_log_warehouse
2026-07-19,Ariel Atkins,Phoenix Mercury @ Los Angeles Sparks,phoenix mercury,los angeles sparks,SAME_DATE_DIFFERENT_MATCHUP,,,,,,,Sparks @ Wings | Los Angeles Sparks @ Dallas Wings,WIN,player_game_log_warehouse
2026-07-20,Laura Juskaite,Las Vegas Aces @ Toronto Tempo,las vegas aces,toronto tempo,EXACT_MATCH,2026-07-20,Aces @ Tempo,las vegas aces,toronto tempo,401857083,,,LOSS,player_game_log_warehouse
2026-07-20,Shakira Austin,Washington Mystics @ Golden State Valkyries,washington mystics,golden state valkyries,EXACT_MATCH,2026-07-20,Mystics @ Valkyries,washington mystics,golden state valkyries,401857084,,,WIN,player_game_log_warehouse
2026-07-20,Shakira Austin,Washington Mystics @ Golden State Valkyries,washington mystics,golden state valkyries,EXACT_MATCH,2026-07-20,Mystics @ Valkyries,washington mystics,golden state valkyries,401857084,,,WIN,player_game_log_warehouse
2026-07-19,DeWanna Bonner,Phoenix Mercury @ Los Angeles Sparks,phoenix mercury,los angeles sparks,SAME_DATE_DIFFERENT_MATCHUP,,,,,,,Sun @ Mercury | Connecticut Sun @ Phoenix Mercury,WIN,player_game_log_warehouse
2026-07-20,Azzi Fudd,New York Liberty @ Dallas Wings,new york liberty,dallas wings,EXACT_MATCH,2026-07-20,Liberty @ Wings,new york liberty,dallas wings,401892393,,,WIN,player_game_log_warehouse
2026-07-20,Azzi Fudd,New York Liberty @ Dallas Wings,new york liberty,dallas wings,EXACT_MATCH,2026-07-20,Liberty @ Wings,new york liberty,dallas wings,401892393,,,WIN,player_game_log_warehouse
2026-07-20,Nia Coffey,Minnesota Lynx @ Seattle Storm,minnesota lynx,seattle storm,EXACT_MATCH,2026-07-20,Lynx @ Storm,minnesota lynx,seattle storm,401857085,,,WIN,player_game_log_warehouse
2026-07-20,Courtney Williams,Minnesota Lynx @ Seattle Storm,minnesota lynx,seattle storm,EXACT_MATCH,2026-07-20,Lynx @ Storm,minnesota lynx,seattle storm,401857085,,,LOSS,player_game_log_warehouse
2026-07-20,Kayla McBride,Minnesota Lynx @ Seattle Storm,minnesota lynx,seattle storm,EXACT_MATCH,2026-07-20,Lynx @ Storm,minnesota lynx,seattle storm,401857085,,,WIN,player_game_log_warehouse
2026-07-20,Sabrina Ionescu,New York Liberty @ Dallas Wings,new york liberty,dallas wings,EXACT_MATCH,2026-07-20,Liberty @ Wings,new york liberty,dallas wings,401892393,,,WIN,player_game_log_warehouse
2026-07-20,Natisha Hiedeman,Minnesota Lynx @ Seattle Storm,minnesota lynx,seattle storm,EXACT_MATCH,2026-07-20,Lynx @ Storm,minnesota lynx,seattle storm,401857085,,,WIN,player_game_log_warehouse
2026-07-22,Lexie Hull,Connecticut Sun @ Indiana Fever,connecticut sun,indiana fever,EXACT_MATCH,2026-07-22,Sun @ Fever,connecticut sun,indiana fever,401857090,,,LOSS,player_game_log_warehouse
2026-07-20,Sonia Citron,Washington Mystics @ Golden State Valkyries,washington mystics,golden state valkyries,EXACT_MATCH,2026-07-20,Mystics @ Valkyries,washington mystics,golden state valkyries,401857084,,,WIN,player_game_log_warehouse
2026-07-20,Azzi Fudd,New York Liberty @ Dallas Wings,new york liberty,dallas wings,EXACT_MATCH,2026-07-20,Liberty @ Wings,new york liberty,dallas wings,401892393,,,WIN,player_game_log_warehouse
2026-07-20,Courtney Williams,Minnesota Lynx @ Seattle Storm,minnesota lynx,seattle storm,EXACT_MATCH,2026-07-20,Lynx @ Storm,minnesota lynx,seattle storm,401857085,,,LOSS,player_game_log_warehouse
2026-07-20,Azzi Fudd,New York Liberty @ Dallas Wings,new york liberty,dallas wings,EXACT_MATCH,2026-07-20,Liberty @ Wings,new york liberty,dallas wings,401892393,,,WIN,player_game_log_warehouse
2026-07-20,Pauline Astier,New York Liberty @ Dallas Wings,new york liberty,dallas wings,EXACT_MATCH,2026-07-20,Liberty @ Wings,new york liberty,dallas wings,401892393,,,WIN,player_game_log_warehouse
2026-07-20,Azzi Fudd,New York Liberty @ Dallas Wings,new york liberty,dallas wings,EXACT_MATCH,2026-07-20,Liberty @ Wings,new york liberty,dallas wings,401892393,,,WIN,player_game_log_warehouse
2026-07-19,Charlisse Leger-Walker,Connecticut Sun @ Indiana Fever,connecticut sun,indiana fever,SAME_DATE_DIFFERENT_MATCHUP,,,,,,,Sun @ Mercury | Connecticut Sun @ Phoenix Mercury,WIN,player_game_log_warehouse
2026-07-20,Pauline Astier,New York Liberty @ Dallas Wings,new york liberty,dallas wings,EXACT_MATCH,2026-07-20,Liberty @ Wings,new york liberty,dallas wings,401892393,,,WIN,player_game_log_warehouse
2026-07-19,Dearica Hamby,Phoenix Mercury @ Los Angeles Sparks,phoenix mercury,los angeles sparks,SAME_DATE_DIFFERENT_MATCHUP,,,,,,,Sparks @ Wings | Los Angeles Sparks @ Dallas Wings,WIN,player_game_log_warehouse
2026-07-20,Pauline Astier,New York Liberty @ Dallas Wings,new york liberty,dallas wings,EXACT_MATCH,2026-07-20,Liberty @ Wings,new york liberty,dallas wings,401892393,,,WIN,player_game_log_warehouse
2026-07-20,Sonia Citron,Washington Mystics @ Golden State Valkyries,washington mystics,golden state valkyries,EXACT_MATCH,2026-07-20,Mystics @ Valkyries,washington mystics,golden state valkyries,401857084,,,WIN,player_game_log_warehouse
2026-07-20,Pauline Astier,New York Liberty @ Dallas Wings,new york liberty,dallas wings,EXACT_MATCH,2026-07-20,Liberty @ Wings,new york liberty,dallas wings,401892393,,,WIN,player_game_log_warehouse
2026-07-20,Breanna Stewart,New York Liberty @ Dallas Wings,new york liberty,dallas wings,EXACT_MATCH,2026-07-20,Liberty @ Wings,new york liberty,dallas wings,401892393,,,LOSS,player_game_log_warehouse
2026-07-20,Courtney Williams,Minnesota Lynx @ Seattle Storm,minnesota lynx,seattle storm,EXACT_MATCH,2026-07-20,Lynx @ Storm,minnesota lynx,seattle storm,401857085,,,WIN,player_game_log_warehouse
2026-07-20,Natasha Howard,Minnesota Lynx @ Seattle Storm,minnesota lynx,seattle storm,EXACT_MATCH,2026-07-20,Lynx @ Storm,minnesota lynx,seattle storm,401857085,,,WIN,player_game_log_warehouse
2026-07-20,Laura Juskaite,Las Vegas Aces @ Toronto Tempo,las vegas aces,toronto tempo,EXACT_MATCH,2026-07-20,Aces @ Tempo,las vegas aces,toronto tempo,401857083,,,WIN,player_game_log_warehouse
2026-07-20,Chelsea Gray,Las Vegas Aces @ Toronto Tempo,las vegas aces,toronto tempo,EXACT_MATCH,2026-07-20,Aces @ Tempo,las vegas aces,toronto tempo,401857083,,,LOSS,player_game_log_warehouse
2026-07-20,Natasha Howard,Minnesota Lynx @ Seattle Storm,minnesota lynx,seattle storm,EXACT_MATCH,2026-07-20,Lynx @ Storm,minnesota lynx,seattle storm,401857085,,,WIN,player_game_log_warehouse
2026-07-20,Breanna Stewart,New York Liberty @ Dallas Wings,new york liberty,dallas wings,EXACT_MATCH,2026-07-20,Liberty @ Wings,new york liberty,dallas wings,401892393,,,LOSS,player_game_log_warehouse
2026-07-20,Azzi Fudd,New York Liberty @ Dallas Wings,new york liberty,dallas wings,EXACT_MATCH,2026-07-20,Liberty @ Wings,new york liberty,dallas wings,401892393,,,WIN,player_game_log_warehouse
2026-07-19,Charlisse Leger-Walker,Connecticut Sun @ Indiana Fever,connecticut sun,indiana fever,SAME_DATE_DIFFERENT_MATCHUP,,,,,,,Sun @ Mercury | Connecticut Sun @ Phoenix Mercury,WIN,player_game_log_warehouse
2026-07-20,Jewell Loyd,Las Vegas Aces @ Toronto Tempo,las vegas aces,toronto tempo,EXACT_MATCH,2026-07-20,Aces @ Tempo,las vegas aces,toronto tempo,401857083,,,LOSS,player_game_log_warehouse
2026-07-22,Caitlin Clark,Connecticut Sun @ Indiana Fever,connecticut sun,indiana fever,EXACT_MATCH,2026-07-22,Sun @ Fever,connecticut sun,indiana fever,401857090,,,WIN,player_game_log_warehouse
2026-07-19,Charlisse Leger-Walker,Connecticut Sun @ Indiana Fever,connecticut sun,indiana fever,SAME_DATE_DIFFERENT_MATCHUP,,,,,,,Sun @ Mercury | Connecticut Sun @ Phoenix Mercury,WIN,player_game_log_warehouse
2026-07-20,Breanna Stewart,New York Liberty @ Dallas Wings,new york liberty,dallas wings,EXACT_MATCH,2026-07-20,Liberty @ Wings,new york liberty,dallas wings,401892393,,,LOSS,player_game_log_warehouse
2026-07-20,Jonquel Jones,New York Liberty @ Dallas Wings,new york liberty,dallas wings,EXACT_MATCH,2026-07-20,Liberty @ Wings,new york liberty,dallas wings,401892393,,,WIN,player_game_log_warehouse
2026-07-20,Marina Mabrey,Las Vegas Aces @ Toronto Tempo,las vegas aces,toronto tempo,EXACT_MATCH,2026-07-20,Aces @ Tempo,las vegas aces,toronto tempo,401857083,,,LOSS,player_game_log_warehouse
2026-07-19,Ariel Atkins,Phoenix Mercury @ Los Angeles Sparks,phoenix mercury,los angeles sparks,SAME_DATE_DIFFERENT_MATCHUP,,,,,,,Sparks @ Wings | Los Angeles Sparks @ Dallas Wings,WIN,player_game_log_warehouse
2026-07-20,Olivia Miles,Minnesota Lynx @ Seattle Storm,minnesota lynx,seattle storm,EXACT_MATCH,2026-07-20,Lynx @ Storm,minnesota lynx,seattle storm,401857085,,,LOSS,player_game_log_warehouse
2026-07-20,Jewell Loyd,Las Vegas Aces @ Toronto Tempo,las vegas aces,toronto tempo,EXACT_MATCH,2026-07-20,Aces @ Tempo,las vegas aces,toronto tempo,401857083,,,WIN,player_game_log_warehouse
2026-07-20,Jewell Loyd,Las Vegas Aces @ Toronto Tempo,las vegas aces,toronto tempo,EXACT_MATCH,2026-07-20,Aces @ Tempo,las vegas aces,toronto tempo,401857083,,,LOSS,player_game_log_warehouse
2026-07-20,Flau'jae Johnson,Minnesota Lynx @ Seattle Storm,minnesota lynx,seattle storm,EXACT_MATCH,2026-07-20,Lynx @ Storm,minnesota lynx,seattle storm,401857085,,,LOSS,player_game_log_warehouse
2026-07-19,Ariel Atkins,Phoenix Mercury @ Los Angeles Sparks,phoenix mercury,los angeles sparks,SAME_DATE_DIFFERENT_MATCHUP,,,,,,,Sparks @ Wings | Los Angeles Sparks @ Dallas Wings,WIN,player_game_log_warehouse
2026-07-19,Brittney Griner,Connecticut Sun @ Indiana Fever,connecticut sun,indiana fever,SAME_DATE_DIFFERENT_MATCHUP,,,,,,,Sun @ Mercury | Connecticut Sun @ Phoenix Mercury,WIN,player_game_log_warehouse
2026-07-20,NaLyssa Smith,Las Vegas Aces @ Toronto Tempo,las vegas aces,toronto tempo,EXACT_MATCH,2026-07-20,Aces @ Tempo,las vegas aces,toronto tempo,401857083,,,WIN,player_game_log_warehouse
2026-07-20,Jonquel Jones,New York Liberty @ Dallas Wings,new york liberty,dallas wings,EXACT_MATCH,2026-07-20,Liberty @ Wings,new york liberty,dallas wings,401892393,,,WIN,player_game_log_warehouse
2026-07-20,Isabelle Harrison,Las Vegas Aces @ Toronto Tempo,las vegas aces,toronto tempo,EXACT_MATCH,2026-07-20,Aces @ Tempo,las vegas aces,toronto tempo,401857083,,,LOSS,player_game_log_warehouse
2026-07-20,Julie Allemand,Las Vegas Aces @ Toronto Tempo,las vegas aces,toronto tempo,EXACT_MATCH,2026-07-20,Aces @ Tempo,las vegas aces,toronto tempo,401857083,,,WIN,player_game_log_warehouse
2026-07-20,Isabelle Harrison,Las Vegas Aces @ Toronto Tempo,las vegas aces,toronto tempo,EXACT_MATCH,2026-07-20,Aces @ Tempo,las vegas aces,toronto tempo,401857083,,,LOSS,player_game_log_warehouse
2026-07-20,Isabelle Harrison,Las Vegas Aces @ Toronto Tempo,las vegas aces,toronto tempo,EXACT_MATCH,2026-07-20,Aces @ Tempo,las vegas aces,toronto tempo,401857083,,,LOSS,player_game_log_warehouse
2026-07-21,Kayla McBride,Minnesota Lynx @ Seattle Storm,minnesota lynx,seattle storm,REPEATED_MATCHUP_DATE_AMBIGUOUS,,,,,,2026-07-20|2026-07-22,,PENDING,
2026-07-22,Sabrina Ionescu,Chicago Sky @ New York Liberty,chicago sky,new york liberty,EXACT_MATCH,2026-07-22,Sky @ Liberty,chicago sky,new york liberty,401857088,,,WIN,player_game_log_warehouse
2026-07-22,DeWanna Bonner,Phoenix Mercury @ Los Angeles Sparks,phoenix mercury,los angeles sparks,EXACT_MATCH,2026-07-22,Phoenix Mercury @ Los Angeles Sparks,phoenix mercury,los angeles sparks,,,,WIN,player_game_log_warehouse
2026-07-21,Natisha Hiedeman,Minnesota Lynx @ Seattle Storm,minnesota lynx,seattle storm,REPEATED_MATCHUP_DATE_AMBIGUOUS,,,,,,2026-07-20|2026-07-22,,PENDING,
2026-07-22,Pauline Astier,Chicago Sky @ New York Liberty,chicago sky,new york liberty,EXACT_MATCH,2026-07-22,Sky @ Liberty,chicago sky,new york liberty,401857088,,,WIN,player_game_log_warehouse
2026-07-22,Lexie Hull,Connecticut Sun @ Indiana Fever,connecticut sun,indiana fever,EXACT_MATCH,2026-07-22,Sun @ Fever,connecticut sun,indiana fever,401857090,,,LOSS,player_game_log_warehouse
2026-07-22,Sonia Citron,Las Vegas Aces @ Washington Mystics,las vegas aces,washington mystics,EXACT_MATCH,2026-07-22,Las Vegas Aces @ Washington Mystics,las vegas aces,washington mystics,,,,WIN,player_game_log_warehouse
2026-07-22,Azzi Fudd,Dallas Wings @ Portland Fire,dallas wings,portland fire,EXACT_MATCH,2026-07-22,Wings @ Fire,dallas wings,portland fire,401857091,,,WIN,player_game_log_warehouse
2026-07-22,Azzi Fudd,Dallas Wings @ Portland Fire,dallas wings,portland fire,EXACT_MATCH,2026-07-22,Wings @ Fire,dallas wings,portland fire,401857091,,,WIN,player_game_log_warehouse
2026-07-22,Azzi Fudd,Dallas Wings @ Portland Fire,dallas wings,portland fire,EXACT_MATCH,2026-07-22,Wings @ Fire,dallas wings,portland fire,401857091,,,WIN,player_game_log_warehouse
2026-07-22,Pauline Astier,Chicago Sky @ New York Liberty,chicago sky,new york liberty,EXACT_MATCH,2026-07-22,Sky @ Liberty,chicago sky,new york liberty,401857088,,,WIN,player_game_log_warehouse
2026-07-22,Azzi Fudd,Dallas Wings @ Portland Fire,dallas wings,portland fire,EXACT_MATCH,2026-07-22,Wings @ Fire,dallas wings,portland fire,401857091,,,WIN,player_game_log_warehouse
2026-07-22,Azzi Fudd,Dallas Wings @ Portland Fire,dallas wings,portland fire,EXACT_MATCH,2026-07-22,Wings @ Fire,dallas wings,portland fire,401857091,,,WIN,player_game_log_warehouse
2026-07-22,Dearica Hamby,Phoenix Mercury @ Los Angeles Sparks,phoenix mercury,los angeles sparks,EXACT_MATCH,2026-07-22,Phoenix Mercury @ Los Angeles Sparks,phoenix mercury,los angeles sparks,,,,LOSS,player_game_log_warehouse
2026-07-22,Sabrina Ionescu,Chicago Sky @ New York Liberty,chicago sky,new york liberty,EXACT_MATCH,2026-07-22,Sky @ Liberty,chicago sky,new york liberty,401857088,,,WIN,player_game_log_warehouse
2026-07-22,Jonquel Jones,Chicago Sky @ New York Liberty,chicago sky,new york liberty,EXACT_MATCH,2026-07-22,Sky @ Liberty,chicago sky,new york liberty,401857088,,,WIN,player_game_log_warehouse
2026-07-21,Natasha Howard,Minnesota Lynx @ Seattle Storm,minnesota lynx,seattle storm,REPEATED_MATCHUP_DATE_AMBIGUOUS,,,,,,2026-07-20|2026-07-22,,PENDING,
2026-07-21,Courtney Williams,Minnesota Lynx @ Seattle Storm,minnesota lynx,seattle storm,REPEATED_MATCHUP_DATE_AMBIGUOUS,,,,,,2026-07-20|2026-07-22,,PENDING,
2026-07-22,Paige Bueckers,Dallas Wings @ Portland Fire,dallas wings,portland fire,EXACT_MATCH,2026-07-22,Wings @ Fire,dallas wings,portland fire,401857091,,,WIN,player_game_log_warehouse
2026-07-22,NaLyssa Smith,Las Vegas Aces @ Washington Mystics,las vegas aces,washington mystics,EXACT_MATCH,2026-07-22,Las Vegas Aces @ Washington Mystics,las vegas aces,washington mystics,,,,WIN,player_game_log_warehouse
2026-07-22,Jessica Shepard,Dallas Wings @ Portland Fire,dallas wings,portland fire,EXACT_MATCH,2026-07-22,Wings @ Fire,dallas wings,portland fire,401857091,,,LOSS,player_game_log_warehouse
2026-07-22,Charlisse Leger-Walker,Connecticut Sun @ Indiana Fever,connecticut sun,indiana fever,EXACT_MATCH,2026-07-22,Sun @ Fever,connecticut sun,indiana fever,401857090,,,WIN,player_game_log_warehouse
2026-07-21,Natasha Howard,Minnesota Lynx @ Seattle Storm,minnesota lynx,seattle storm,REPEATED_MATCHUP_DATE_AMBIGUOUS,,,,,,2026-07-20|2026-07-22,,PENDING,
2026-07-22,Azzi Fudd,Dallas Wings @ Portland Fire,dallas wings,portland fire,EXACT_MATCH,2026-07-22,Wings @ Fire,dallas wings,portland fire,401857091,,,WIN,player_game_log_warehouse
2026-07-21,Kayla McBride,Minnesota Lynx @ Seattle Storm,minnesota lynx,seattle storm,REPEATED_MATCHUP_DATE_AMBIGUOUS,,,,,,2026-07-20|2026-07-22,,PENDING,
2026-07-22,Caitlin Clark,Connecticut Sun @ Indiana Fever,connecticut sun,indiana fever,EXACT_MATCH,2026-07-22,Sun @ Fever,connecticut sun,indiana fever,401857090,,,WIN,player_game_log_warehouse
2026-07-22,Ariel Atkins,Phoenix Mercury @ Los Angeles Sparks,phoenix mercury,los angeles sparks,EXACT_MATCH,2026-07-22,Phoenix Mercury @ Los Angeles Sparks,phoenix mercury,los angeles sparks,,,,LOSS,player_game_log_warehouse
2026-07-21,Natasha Howard,Minnesota Lynx @ Seattle Storm,minnesota lynx,seattle storm,REPEATED_MATCHUP_DATE_AMBIGUOUS,,,,,,2026-07-20|2026-07-22,,PENDING,
2026-07-22,Charlisse Leger-Walker,Connecticut Sun @ Indiana Fever,connecticut sun,indiana fever,EXACT_MATCH,2026-07-22,Sun @ Fever,connecticut sun,indiana fever,401857090,,,WIN,player_game_log_warehouse
2026-07-22,Ariel Atkins,Phoenix Mercury @ Los Angeles Sparks,phoenix mercury,los angeles sparks,EXACT_MATCH,2026-07-22,Phoenix Mercury @ Los Angeles Sparks,phoenix mercury,los angeles sparks,,,,LOSS,player_game_log_warehouse
2026-07-22,Ariel Atkins,Phoenix Mercury @ Los Angeles Sparks,phoenix mercury,los angeles sparks,EXACT_MATCH,2026-07-22,Phoenix Mercury @ Los Angeles Sparks,phoenix mercury,los angeles sparks,,,,LOSS,player_game_log_warehouse
2026-07-21,Natisha Hiedeman,Minnesota Lynx @ Seattle Storm,minnesota lynx,seattle storm,REPEATED_MATCHUP_DATE_AMBIGUOUS,,,,,,2026-07-20|2026-07-22,,PENDING,
2026-07-22,Ariel Atkins,Phoenix Mercury @ Los Angeles Sparks,phoenix mercury,los angeles sparks,EXACT_MATCH,2026-07-22,Phoenix Mercury @ Los Angeles Sparks,phoenix mercury,los angeles sparks,,,,LOSS,player_game_log_warehouse
2026-07-21,Natisha Hiedeman,Minnesota Lynx @ Seattle Storm,minnesota lynx,seattle storm,REPEATED_MATCHUP_DATE_AMBIGUOUS,,,,,,2026-07-20|2026-07-22,,PENDING,
2026-07-22,Ariel Atkins,Phoenix Mercury @ Los Angeles Sparks,phoenix mercury,los angeles sparks,EXACT_MATCH,2026-07-22,Phoenix Mercury @ Los Angeles Sparks,phoenix mercury,los angeles sparks,,,,LOSS,player_game_log_warehouse
2026-07-22,Jessica Shepard,Dallas Wings @ Portland Fire,dallas wings,portland fire,EXACT_MATCH,2026-07-22,Wings @ Fire,dallas wings,portland fire,401857091,,,LOSS,player_game_log_warehouse
2026-07-22,Jonquel Jones,Chicago Sky @ New York Liberty,chicago sky,new york liberty,EXACT_MATCH,2026-07-22,Sky @ Liberty,chicago sky,new york liberty,401857088,,,WIN,player_game_log_warehouse
2026-07-21,Courtney Williams,Minnesota Lynx @ Seattle Storm,minnesota lynx,seattle storm,REPEATED_MATCHUP_DATE_AMBIGUOUS,,,,,,2026-07-20|2026-07-22,,PENDING,
2026-07-22,Jonquel Jones,Chicago Sky @ New York Liberty,chicago sky,new york liberty,EXACT_MATCH,2026-07-22,Sky @ Liberty,chicago sky,new york liberty,401857088,,,WIN,player_game_log_warehouse
2026-07-22,Natasha Howard,Minnesota Lynx @ Seattle Storm,minnesota lynx,seattle storm,EXACT_MATCH,2026-07-22,Minnesota Lynx @ Seattle Storm,minnesota lynx,seattle storm,,,,LOSS,player_game_log_warehouse
2026-07-22,Kayla McBride,Minnesota Lynx @ Seattle Storm,minnesota lynx,seattle storm,EXACT_MATCH,2026-07-22,Minnesota Lynx @ Seattle Storm,minnesota lynx,seattle storm,,,,WIN,player_game_log_warehouse
2026-07-22,Sabrina Ionescu,Chicago Sky @ New York Liberty,chicago sky,new york liberty,EXACT_MATCH,2026-07-22,Sky @ Liberty,chicago sky,new york liberty,401857088,,,WIN,player_game_log_warehouse
2026-07-22,Lexie Hull,Connecticut Sun @ Indiana Fever,connecticut sun,indiana fever,EXACT_MATCH,2026-07-22,Sun @ Fever,connecticut sun,indiana fever,401857090,,,WIN,player_game_log_warehouse
2026-07-22,DeWanna Bonner,Phoenix Mercury @ Los Angeles Sparks,phoenix mercury,los angeles sparks,EXACT_MATCH,2026-07-22,Phoenix Mercury @ Los Angeles Sparks,phoenix mercury,los angeles sparks,,,,WIN,player_game_log_warehouse
2026-07-22,Natasha Howard,Minnesota Lynx @ Seattle Storm,minnesota lynx,seattle storm,EXACT_MATCH,2026-07-22,Minnesota Lynx @ Seattle Storm,minnesota lynx,seattle storm,,,,LOSS,player_game_log_warehouse
2026-07-22,Pauline Astier,Chicago Sky @ New York Liberty,chicago sky,new york liberty,EXACT_MATCH,2026-07-22,Sky @ Liberty,chicago sky,new york liberty,401857088,,,WIN,player_game_log_warehouse
2026-07-22,Natisha Hiedeman,Minnesota Lynx @ Seattle Storm,minnesota lynx,seattle storm,EXACT_MATCH,2026-07-22,Minnesota Lynx @ Seattle Storm,minnesota lynx,seattle storm,,,,WIN,player_game_log_warehouse
2026-07-22,Pauline Astier,Chicago Sky @ New York Liberty,chicago sky,new york liberty,EXACT_MATCH,2026-07-22,Sky @ Liberty,chicago sky,new york liberty,401857088,,,WIN,player_game_log_warehouse
2026-07-22,Lexie Hull,Connecticut Sun @ Indiana Fever,connecticut sun,indiana fever,EXACT_MATCH,2026-07-22,Sun @ Fever,connecticut sun,indiana fever,401857090,,,LOSS,player_game_log_warehouse
2026-07-22,Sonia Citron,Las Vegas Aces @ Washington Mystics,las vegas aces,washington mystics,EXACT_MATCH,2026-07-22,Las Vegas Aces @ Washington Mystics,las vegas aces,washington mystics,,,,WIN,player_game_log_warehouse
2026-07-22,Azzi Fudd,Dallas Wings @ Portland Fire,dallas wings,portland fire,EXACT_MATCH,2026-07-22,Wings @ Fire,dallas wings,portland fire,401857091,,,WIN,player_game_log_warehouse
2026-07-22,Azzi Fudd,Dallas Wings @ Portland Fire,dallas wings,portland fire,EXACT_MATCH,2026-07-22,Wings @ Fire,dallas wings,portland fire,401857091,,,WIN,player_game_log_warehouse
2026-07-22,Pauline Astier,Chicago Sky @ New York Liberty,chicago sky,new york liberty,EXACT_MATCH,2026-07-22,Sky @ Liberty,chicago sky,new york liberty,401857088,,,WIN,player_game_log_warehouse
2026-07-22,Azzi Fudd,Dallas Wings @ Portland Fire,dallas wings,portland fire,EXACT_MATCH,2026-07-22,Wings @ Fire,dallas wings,portland fire,401857091,,,WIN,player_game_log_warehouse
2026-07-22,Charlisse Leger-Walker,Connecticut Sun @ Indiana Fever,connecticut sun,indiana fever,EXACT_MATCH,2026-07-22,Sun @ Fever,connecticut sun,indiana fever,401857090,,,WIN,player_game_log_warehouse
2026-07-22,Azzi Fudd,Dallas Wings @ Portland Fire,dallas wings,portland fire,EXACT_MATCH,2026-07-22,Wings @ Fire,dallas wings,portland fire,401857091,,,WIN,player_game_log_warehouse
2026-07-22,Azzi Fudd,Dallas Wings @ Portland Fire,dallas wings,portland fire,EXACT_MATCH,2026-07-22,Wings @ Fire,dallas wings,portland fire,401857091,,,WIN,player_game_log_warehouse
2026-07-22,Charlisse Leger-Walker,Connecticut Sun @ Indiana Fever,connecticut sun,indiana fever,EXACT_MATCH,2026-07-22,Sun @ Fever,connecticut sun,indiana fever,401857090,,,WIN,player_game_log_warehouse
2026-07-22,Charlisse Leger-Walker,Connecticut Sun @ Indiana Fever,connecticut sun,indiana fever,EXACT_MATCH,2026-07-22,Sun @ Fever,connecticut sun,indiana fever,401857090,,,WIN,player_game_log_warehouse
2026-07-22,Sabrina Ionescu,Chicago Sky @ New York Liberty,chicago sky,new york liberty,EXACT_MATCH,2026-07-22,Sky @ Liberty,chicago sky,new york liberty,401857088,,,WIN,player_game_log_warehouse
2026-07-22,Jonquel Jones,Chicago Sky @ New York Liberty,chicago sky,new york liberty,EXACT_MATCH,2026-07-22,Sky @ Liberty,chicago sky,new york liberty,401857088,,,WIN,player_game_log_warehouse
2026-07-22,Dearica Hamby,Phoenix Mercury @ Los Angeles Sparks,phoenix mercury,los angeles sparks,EXACT_MATCH,2026-07-22,Phoenix Mercury @ Los Angeles Sparks,phoenix mercury,los angeles sparks,,,,LOSS,player_game_log_warehouse
2026-07-22,Dearica Hamby,Phoenix Mercury @ Los Angeles Sparks,phoenix mercury,los angeles sparks,EXACT_MATCH,2026-07-22,Phoenix Mercury @ Los Angeles Sparks,phoenix mercury,los angeles sparks,,,,WIN,player_game_log_warehouse
2026-07-22,Courtney Williams,Minnesota Lynx @ Seattle Storm,minnesota lynx,seattle storm,EXACT_MATCH,2026-07-22,Minnesota Lynx @ Seattle Storm,minnesota lynx,seattle storm,,,,WIN,player_game_log_warehouse
2026-07-22,Paige Bueckers,Dallas Wings @ Portland Fire,dallas wings,portland fire,EXACT_MATCH,2026-07-22,Wings @ Fire,dallas wings,portland fire,401857091,,,WIN,player_game_log_warehouse
2026-07-22,Charlisse Leger-Walker,Connecticut Sun @ Indiana Fever,connecticut sun,indiana fever,EXACT_MATCH,2026-07-22,Sun @ Fever,connecticut sun,indiana fever,401857090,,,WIN,player_game_log_warehouse
2026-07-22,Charlisse Leger-Walker,Connecticut Sun @ Indiana Fever,connecticut sun,indiana fever,EXACT_MATCH,2026-07-22,Sun @ Fever,connecticut sun,indiana fever,401857090,,,WIN,player_game_log_warehouse
2026-07-22,Jessica Shepard,Dallas Wings @ Portland Fire,dallas wings,portland fire,EXACT_MATCH,2026-07-22,Wings @ Fire,dallas wings,portland fire,401857091,,,LOSS,player_game_log_warehouse
2026-07-22,Azzi Fudd,Dallas Wings @ Portland Fire,dallas wings,portland fire,EXACT_MATCH,2026-07-22,Wings @ Fire,dallas wings,portland fire,401857091,,,WIN,player_game_log_warehouse
2026-07-22,Kayla McBride,Minnesota Lynx @ Seattle Storm,minnesota lynx,seattle storm,EXACT_MATCH,2026-07-22,Minnesota Lynx @ Seattle Storm,minnesota lynx,seattle storm,,,,WIN,player_game_log_warehouse
2026-07-22,Ariel Atkins,Phoenix Mercury @ Los Angeles Sparks,phoenix mercury,los angeles sparks,EXACT_MATCH,2026-07-22,Phoenix Mercury @ Los Angeles Sparks,phoenix mercury,los angeles sparks,,,,LOSS,player_game_log_warehouse
2026-07-22,Megan Gustafson,Dallas Wings @ Portland Fire,dallas wings,portland fire,NO_COMPLETED_GAME_ON_ARCHIVE_DATE,,,,,,,,PENDING,
2026-07-22,Natisha Hiedeman,Minnesota Lynx @ Seattle Storm,minnesota lynx,seattle storm,EXACT_MATCH,2026-07-22,Minnesota Lynx @ Seattle Storm,minnesota lynx,seattle storm,,,,WIN,player_game_log_warehouse
2026-07-22,NaLyssa Smith,Las Vegas Aces @ Washington Mystics,las vegas aces,washington mystics,EXACT_MATCH,2026-07-22,Las Vegas Aces @ Washington Mystics,las vegas aces,washington mystics,,,,WIN,player_game_log_warehouse
2026-07-22,Caitlin Clark,Connecticut Sun @ Indiana Fever,connecticut sun,indiana fever,EXACT_MATCH,2026-07-22,Sun @ Fever,connecticut sun,indiana fever,401857090,,,WIN,player_game_log_warehouse
2026-07-22,Jessica Shepard,Dallas Wings @ Portland Fire,dallas wings,portland fire,EXACT_MATCH,2026-07-22,Wings @ Fire,dallas wings,portland fire,401857091,,,LOSS,player_game_log_warehouse
2026-07-22,Natisha Hiedeman,Minnesota Lynx @ Seattle Storm,minnesota lynx,seattle storm,EXACT_MATCH,2026-07-22,Minnesota Lynx @ Seattle Storm,minnesota lynx,seattle storm,,,,WIN,player_game_log_warehouse
2026-07-22,Jessica Shepard,Dallas Wings @ Portland Fire,dallas wings,portland fire,EXACT_MATCH,2026-07-22,Wings @ Fire,dallas wings,portland fire,401857091,,,LOSS,player_game_log_warehouse
2026-07-22,Ariel Atkins,Phoenix Mercury @ Los Angeles Sparks,phoenix mercury,los angeles sparks,EXACT_MATCH,2026-07-22,Phoenix Mercury @ Los Angeles Sparks,phoenix mercury,los angeles sparks,,,,LOSS,player_game_log_warehouse
2026-07-22,Ariel Atkins,Phoenix Mercury @ Los Angeles Sparks,phoenix mercury,los angeles sparks,EXACT_MATCH,2026-07-22,Phoenix Mercury @ Los Angeles Sparks,phoenix mercury,los angeles sparks,,,,LOSS,player_game_log_warehouse
2026-07-22,Jonquel Jones,Chicago Sky @ New York Liberty,chicago sky,new york liberty,EXACT_MATCH,2026-07-22,Sky @ Liberty,chicago sky,new york liberty,401857088,,,WIN,player_game_log_warehouse
2026-07-22,Jonquel Jones,Chicago Sky @ New York Liberty,chicago sky,new york liberty,EXACT_MATCH,2026-07-22,Sky @ Liberty,chicago sky,new york liberty,401857088,,,WIN,player_game_log_warehouse
2026-07-28,Kayla McBride,Toronto Tempo @ Minnesota Lynx,toronto tempo,minnesota lynx,EXACT_MATCH,2026-07-28,Toronto Tempo @ Minnesota Lynx,toronto tempo,minnesota lynx,,,,LOSS,player_game_log_warehouse
2026-07-28,Sabrina Ionescu,New York Liberty @ Los Angeles Sparks,new york liberty,los angeles sparks,EXACT_MATCH,2026-07-28,New York Liberty @ Los Angeles Sparks,new york liberty,los angeles sparks,,,,LOSS,player_game_log_warehouse
2026-07-29,Jordin Canada,Atlanta Dream @ Dallas Wings,atlanta dream,dallas wings,EXACT_MATCH,2026-07-29,Dream @ Wings,atlanta dream,dallas wings,401857097,,,WIN,player_game_log_warehouse
2026-07-28,Natisha Hiedeman,Indiana Fever @ Seattle Storm,indiana fever,seattle storm,EXACT_MATCH,2026-07-28,Indiana Fever @ Seattle Storm,indiana fever,seattle storm,,,,LOSS,player_game_log_warehouse
2026-07-25,Rhyne Howard,Atlanta Dream @ Dallas Wings,atlanta dream,dallas wings,SAME_DATE_DIFFERENT_MATCHUP,,,,,,,TEAM SPOON @ TEAM COOP,WIN,player_game_log_warehouse
2026-07-29,Jordin Canada,Atlanta Dream @ Dallas Wings,atlanta dream,dallas wings,EXACT_MATCH,2026-07-29,Dream @ Wings,atlanta dream,dallas wings,401857097,,,WIN,player_game_log_warehouse
2026-07-28,Sabrina Ionescu,New York Liberty @ Los Angeles Sparks,new york liberty,los angeles sparks,EXACT_MATCH,2026-07-28,New York Liberty @ Los Angeles Sparks,new york liberty,los angeles sparks,,,,LOSS,player_game_log_warehouse
2026-07-25,Rhyne Howard,Atlanta Dream @ Dallas Wings,atlanta dream,dallas wings,SAME_DATE_DIFFERENT_MATCHUP,,,,,,,TEAM SPOON @ TEAM COOP,WIN,player_game_log_warehouse
2026-07-25,Rhyne Howard,Atlanta Dream @ Dallas Wings,atlanta dream,dallas wings,SAME_DATE_DIFFERENT_MATCHUP,,,,,,,TEAM SPOON @ TEAM COOP,WIN,player_game_log_warehouse
2026-07-28,Kayla McBride,Toronto Tempo @ Minnesota Lynx,toronto tempo,minnesota lynx,EXACT_MATCH,2026-07-28,Toronto Tempo @ Minnesota Lynx,toronto tempo,minnesota lynx,,,,WIN,player_game_log_warehouse
2026-07-25,Rhyne Howard,Atlanta Dream @ Dallas Wings,atlanta dream,dallas wings,SAME_DATE_DIFFERENT_MATCHUP,,,,,,,TEAM SPOON @ TEAM COOP,WIN,player_game_log_warehouse
2026-07-28,Sabrina Ionescu,New York Liberty @ Los Angeles Sparks,new york liberty,los angeles sparks,EXACT_MATCH,2026-07-28,New York Liberty @ Los Angeles Sparks,new york liberty,los angeles sparks,,,,LOSS,player_game_log_warehouse
2026-07-29,Jordin Canada,Atlanta Dream @ Dallas Wings,atlanta dream,dallas wings,EXACT_MATCH,2026-07-29,Dream @ Wings,atlanta dream,dallas wings,401857097,,,WIN,player_game_log_warehouse
2026-07-25,Aliyah Boston,Indiana Fever @ Seattle Storm,indiana fever,seattle storm,SAME_DATE_DIFFERENT_MATCHUP,,,,,,,TEAM SPOON @ TEAM COOP,WIN,player_game_log_warehouse
2026-07-28,Natisha Hiedeman,Indiana Fever @ Seattle Storm,indiana fever,seattle storm,EXACT_MATCH,2026-07-28,Indiana Fever @ Seattle Storm,indiana fever,seattle storm,,,,LOSS,player_game_log_warehouse
2026-07-25,Olivia Miles,Toronto Tempo @ Minnesota Lynx,toronto tempo,minnesota lynx,SAME_DATE_DIFFERENT_MATCHUP,,,,,,,TEAM SPOON @ TEAM COOP,WIN,player_game_log_warehouse
2026-07-26,NaLyssa Smith,Portland Fire @ Las Vegas Aces,portland fire,las vegas aces,NO_COMPLETED_GAME_ON_ARCHIVE_DATE,,,,,,,,PENDING,
2026-07-28,Natisha Hiedeman,Indiana Fever @ Seattle Storm,indiana fever,seattle storm,EXACT_MATCH,2026-07-28,Indiana Fever @ Seattle Storm,indiana fever,seattle storm,,,,LOSS,player_game_log_warehouse
2026-07-25,Kahleah Copper,Golden State Valkyries @ Phoenix Mercury,golden state valkyries,phoenix mercury,SAME_DATE_DIFFERENT_MATCHUP,,,,,,,TEAM SPOON @ TEAM COOP,WIN,player_game_log_warehouse
2026-07-28,Natisha Hiedeman,Indiana Fever @ Seattle Storm,indiana fever,seattle storm,EXACT_MATCH,2026-07-28,Indiana Fever @ Seattle Storm,indiana fever,seattle storm,,,,LOSS,player_game_log_warehouse
2026-07-28,Natisha Hiedeman,Indiana Fever @ Seattle Storm,indiana fever,seattle storm,EXACT_MATCH,2026-07-28,Indiana Fever @ Seattle Storm,indiana fever,seattle storm,,,,LOSS,player_game_log_warehouse
2026-07-25,A'ja Wilson,Portland Fire @ Las Vegas Aces,portland fire,las vegas aces,SAME_DATE_DIFFERENT_MATCHUP,,,,,,,TEAM SPOON @ TEAM COOP,WIN,player_game_log_warehouse
2026-07-29,Jordin Canada,Atlanta Dream @ Dallas Wings,atlanta dream,dallas wings,EXACT_MATCH,2026-07-29,Dream @ Wings,atlanta dream,dallas wings,401857097,,,LOSS,player_game_log_warehouse
2026-07-25,Aliyah Boston,Indiana Fever @ Seattle Storm,indiana fever,seattle storm,SAME_DATE_DIFFERENT_MATCHUP,,,,,,,TEAM SPOON @ TEAM COOP,WIN,player_game_log_warehouse
2026-07-28,Awa Fam,Indiana Fever @ Seattle Storm,indiana fever,seattle storm,EXACT_MATCH,2026-07-28,Indiana Fever @ Seattle Storm,indiana fever,seattle storm,,,,LOSS,player_game_log_warehouse
2026-07-25,Aliyah Boston,Indiana Fever @ Seattle Storm,indiana fever,seattle storm,SAME_DATE_DIFFERENT_MATCHUP,,,,,,,TEAM SPOON @ TEAM COOP,WIN,player_game_log_warehouse
2026-07-25,Breanna Stewart,New York Liberty @ Los Angeles Sparks,new york liberty,los angeles sparks,SAME_DATE_DIFFERENT_MATCHUP,,,,,,,TEAM SPOON @ TEAM COOP,WIN,player_game_log_warehouse
2026-07-25,A'ja Wilson,Portland Fire @ Las Vegas Aces,portland fire,las vegas aces,SAME_DATE_DIFFERENT_MATCHUP,,,,,,,TEAM SPOON @ TEAM COOP,WIN,player_game_log_warehouse
2026-07-25,Jessica Shepard,Atlanta Dream @ Dallas Wings,atlanta dream,dallas wings,SAME_DATE_DIFFERENT_MATCHUP,,,,,,,TEAM SPOON @ TEAM COOP,WIN,player_game_log_warehouse
2026-07-29,Janelle Salaun,Golden State Valkyries @ Phoenix Mercury,golden state valkyries,phoenix mercury,EXACT_MATCH,2026-07-29,Valkyries @ Mercury,golden state valkyries,phoenix mercury,401857098,,,WIN,player_game_log_warehouse
2026-07-25,Natasha Howard,Toronto Tempo @ Minnesota Lynx,toronto tempo,minnesota lynx,SAME_DATE_DIFFERENT_MATCHUP,,,,,,,TEAM SPOON @ TEAM COOP,WIN,player_game_log_warehouse
2026-07-25,Natasha Howard,Toronto Tempo @ Minnesota Lynx,toronto tempo,minnesota lynx,SAME_DATE_DIFFERENT_MATCHUP,,,,,,,TEAM SPOON @ TEAM COOP,WIN,player_game_log_warehouse
2026-07-25,Natasha Howard,Toronto Tempo @ Minnesota Lynx,toronto tempo,minnesota lynx,SAME_DATE_DIFFERENT_MATCHUP,,,,,,,TEAM SPOON @ TEAM COOP,WIN,player_game_log_warehouse
2026-07-25,Natasha Howard,Toronto Tempo @ Minnesota Lynx,toronto tempo,minnesota lynx,SAME_DATE_DIFFERENT_MATCHUP,,,,,,,TEAM SPOON @ TEAM COOP,WIN,player_game_log_warehouse
2026-07-28,Kayla McBride,Toronto Tempo @ Minnesota Lynx,toronto tempo,minnesota lynx,EXACT_MATCH,2026-07-28,Toronto Tempo @ Minnesota Lynx,toronto tempo,minnesota lynx,,,,LOSS,player_game_log_warehouse
2026-07-28,Sabrina Ionescu,New York Liberty @ Los Angeles Sparks,new york liberty,los angeles sparks,EXACT_MATCH,2026-07-28,New York Liberty @ Los Angeles Sparks,new york liberty,los angeles sparks,,,,LOSS,player_game_log_warehouse
2026-07-29,Jordin Canada,Atlanta Dream @ Dallas Wings,atlanta dream,dallas wings,EXACT_MATCH,2026-07-29,Dream @ Wings,atlanta dream,dallas wings,401857097,,,WIN,player_game_log_warehouse
2026-07-28,Natisha Hiedeman,Indiana Fever @ Seattle Storm,indiana fever,seattle storm,EXACT_MATCH,2026-07-28,Indiana Fever @ Seattle Storm,indiana fever,seattle storm,,,,LOSS,player_game_log_warehouse
2026-07-29,Rhyne Howard,Atlanta Dream @ Dallas Wings,atlanta dream,dallas wings,EXACT_MATCH,2026-07-29,Dream @ Wings,atlanta dream,dallas wings,401857097,,,WIN,player_game_log_warehouse
2026-07-29,Jordin Canada,Atlanta Dream @ Dallas Wings,atlanta dream,dallas wings,EXACT_MATCH,2026-07-29,Dream @ Wings,atlanta dream,dallas wings,401857097,,,WIN,player_game_log_warehouse
2026-07-28,Sabrina Ionescu,New York Liberty @ Los Angeles Sparks,new york liberty,los angeles sparks,EXACT_MATCH,2026-07-28,New York Liberty @ Los Angeles Sparks,new york liberty,los angeles sparks,,,,LOSS,player_game_log_warehouse
2026-07-29,Rhyne Howard,Atlanta Dream @ Dallas Wings,atlanta dream,dallas wings,EXACT_MATCH,2026-07-29,Dream @ Wings,atlanta dream,dallas wings,401857097,,,WIN,player_game_log_warehouse
2026-07-29,Rhyne Howard,Atlanta Dream @ Dallas Wings,atlanta dream,dallas wings,EXACT_MATCH,2026-07-29,Dream @ Wings,atlanta dream,dallas wings,401857097,,,WIN,player_game_log_warehouse
2026-07-28,Sabrina Ionescu,New York Liberty @ Los Angeles Sparks,new york liberty,los angeles sparks,EXACT_MATCH,2026-07-28,New York Liberty @ Los Angeles Sparks,new york liberty,los angeles sparks,,,,LOSS,player_game_log_warehouse
2026-07-29,Rhyne Howard,Atlanta Dream @ Dallas Wings,atlanta dream,dallas wings,EXACT_MATCH,2026-07-29,Dream @ Wings,atlanta dream,dallas wings,401857097,,,WIN,player_game_log_warehouse
2026-07-29,Jordin Canada,Atlanta Dream @ Dallas Wings,atlanta dream,dallas wings,EXACT_MATCH,2026-07-29,Dream @ Wings,atlanta dream,dallas wings,401857097,,,WIN,player_game_log_warehouse
2026-07-29,Rhyne Howard,Atlanta Dream @ Dallas Wings,atlanta dream,dallas wings,EXACT_MATCH,2026-07-29,Dream @ Wings,atlanta dream,dallas wings,401857097,,,WIN,player_game_log_warehouse
2026-07-28,Aliyah Boston,Indiana Fever @ Seattle Storm,indiana fever,seattle storm,EXACT_MATCH,2026-07-28,Indiana Fever @ Seattle Storm,indiana fever,seattle storm,,,,WIN,player_game_log_warehouse
2026-07-28,Natisha Hiedeman,Indiana Fever @ Seattle Storm,indiana fever,seattle storm,EXACT_MATCH,2026-07-28,Indiana Fever @ Seattle Storm,indiana fever,seattle storm,,,,LOSS,player_game_log_warehouse
2026-07-28,Olivia Miles,Toronto Tempo @ Minnesota Lynx,toronto tempo,minnesota lynx,EXACT_MATCH,2026-07-28,Toronto Tempo @ Minnesota Lynx,toronto tempo,minnesota lynx,,,,LOSS,player_game_log_warehouse
2026-07-27,NaLyssa Smith,Portland Fire @ Las Vegas Aces,portland fire,las vegas aces,NO_COMPLETED_GAME_ON_ARCHIVE_DATE,,,,,,,,PENDING,
2026-07-28,A'ja Wilson,Portland Fire @ Las Vegas Aces,portland fire,las vegas aces,EXACT_MATCH,2026-07-28,Portland Fire @ Las Vegas Aces,portland fire,las vegas aces,,,,LOSS,player_game_log_warehouse
2026-07-29,Paige Bueckers,Atlanta Dream @ Dallas Wings,atlanta dream,dallas wings,EXACT_MATCH,2026-07-29,Dream @ Wings,atlanta dream,dallas wings,401857097,,,WIN,player_game_log_warehouse
2026-07-28,Natisha Hiedeman,Indiana Fever @ Seattle Storm,indiana fever,seattle storm,EXACT_MATCH,2026-07-28,Indiana Fever @ Seattle Storm,indiana fever,seattle storm,,,,LOSS,player_game_log_warehouse
2026-07-28,Natasha Howard,Toronto Tempo @ Minnesota Lynx,toronto tempo,minnesota lynx,EXACT_MATCH,2026-07-28,Toronto Tempo @ Minnesota Lynx,toronto tempo,minnesota lynx,,,,LOSS,player_game_log_warehouse
2026-07-29,DeWanna Bonner,Golden State Valkyries @ Phoenix Mercury,golden state valkyries,phoenix mercury,EXACT_MATCH,2026-07-29,Valkyries @ Mercury,golden state valkyries,phoenix mercury,401857098,,,LOSS,player_game_log_warehouse
2026-07-29,Kahleah Copper,Golden State Valkyries @ Phoenix Mercury,golden state valkyries,phoenix mercury,EXACT_MATCH,2026-07-29,Valkyries @ Mercury,golden state valkyries,phoenix mercury,401857098,,,LOSS,player_game_log_warehouse
2026-07-28,Natisha Hiedeman,Indiana Fever @ Seattle Storm,indiana fever,seattle storm,EXACT_MATCH,2026-07-28,Indiana Fever @ Seattle Storm,indiana fever,seattle storm,,,,LOSS,player_game_log_warehouse
2026-07-28,A'ja Wilson,Portland Fire @ Las Vegas Aces,portland fire,las vegas aces,EXACT_MATCH,2026-07-28,Portland Fire @ Las Vegas Aces,portland fire,las vegas aces,,,,LOSS,player_game_log_warehouse
2026-07-28,Natisha Hiedeman,Indiana Fever @ Seattle Storm,indiana fever,seattle storm,EXACT_MATCH,2026-07-28,Indiana Fever @ Seattle Storm,indiana fever,seattle storm,,,,LOSS,player_game_log_warehouse
2026-07-28,Aliyah Boston,Indiana Fever @ Seattle Storm,indiana fever,seattle storm,EXACT_MATCH,2026-07-28,Indiana Fever @ Seattle Storm,indiana fever,seattle storm,,,,WIN,player_game_log_warehouse
2026-07-28,Kelsey Mitchell,Indiana Fever @ Seattle Storm,indiana fever,seattle storm,EXACT_MATCH,2026-07-28,Indiana Fever @ Seattle Storm,indiana fever,seattle storm,,,,WIN,player_game_log_warehouse
2026-07-28,Awa Fam,Indiana Fever @ Seattle Storm,indiana fever,seattle storm,EXACT_MATCH,2026-07-28,Indiana Fever @ Seattle Storm,indiana fever,seattle storm,,,,LOSS,player_game_log_warehouse
2026-07-28,Aliyah Boston,Indiana Fever @ Seattle Storm,indiana fever,seattle storm,EXACT_MATCH,2026-07-28,Indiana Fever @ Seattle Storm,indiana fever,seattle storm,,,,WIN,player_game_log_warehouse
2026-07-28,Natasha Howard,Toronto Tempo @ Minnesota Lynx,toronto tempo,minnesota lynx,EXACT_MATCH,2026-07-28,Toronto Tempo @ Minnesota Lynx,toronto tempo,minnesota lynx,,,,LOSS,player_game_log_warehouse
2026-07-28,Breanna Stewart,New York Liberty @ Los Angeles Sparks,new york liberty,los angeles sparks,EXACT_MATCH,2026-07-28,New York Liberty @ Los Angeles Sparks,new york liberty,los angeles sparks,,,,LOSS,player_game_log_warehouse
2026-07-28,A'ja Wilson,Portland Fire @ Las Vegas Aces,portland fire,las vegas aces,EXACT_MATCH,2026-07-28,Portland Fire @ Las Vegas Aces,portland fire,las vegas aces,,,,LOSS,player_game_log_warehouse
2026-07-29,Jessica Shepard,Atlanta Dream @ Dallas Wings,atlanta dream,dallas wings,EXACT_MATCH,2026-07-29,Dream @ Wings,atlanta dream,dallas wings,401857097,,,WIN,player_game_log_warehouse
2026-07-29,Janelle Salaun,Golden State Valkyries @ Phoenix Mercury,golden state valkyries,phoenix mercury,EXACT_MATCH,2026-07-29,Valkyries @ Mercury,golden state valkyries,phoenix mercury,401857098,,,WIN,player_game_log_warehouse
2026-07-28,Natasha Howard,Toronto Tempo @ Minnesota Lynx,toronto tempo,minnesota lynx,EXACT_MATCH,2026-07-28,Toronto Tempo @ Minnesota Lynx,toronto tempo,minnesota lynx,,,,LOSS,player_game_log_warehouse
2026-07-28,Natasha Howard,Toronto Tempo @ Minnesota Lynx,toronto tempo,minnesota lynx,EXACT_MATCH,2026-07-28,Toronto Tempo @ Minnesota Lynx,toronto tempo,minnesota lynx,,,,LOSS,player_game_log_warehouse
2026-07-28,Breanna Stewart,New York Liberty @ Los Angeles Sparks,new york liberty,los angeles sparks,EXACT_MATCH,2026-07-28,New York Liberty @ Los Angeles Sparks,new york liberty,los angeles sparks,,,,LOSS,player_game_log_warehouse
2026-07-28,Natasha Howard,Toronto Tempo @ Minnesota Lynx,toronto tempo,minnesota lynx,EXACT_MATCH,2026-07-28,Toronto Tempo @ Minnesota Lynx,toronto tempo,minnesota lynx,,,,LOSS,player_game_log_warehouse
2026-07-28,Isabelle Harrison,Toronto Tempo @ Minnesota Lynx,toronto tempo,minnesota lynx,NO_COMPLETED_GAME_ON_ARCHIVE_DATE,,,,,,,,WIN,player_game_log_warehouse
2026-07-28,Kayla McBride,Toronto Tempo @ Minnesota Lynx,toronto tempo,minnesota lynx,EXACT_MATCH,2026-07-28,Toronto Tempo @ Minnesota Lynx,toronto tempo,minnesota lynx,,,,LOSS,player_game_log_warehouse
2026-07-28,Sabrina Ionescu,New York Liberty @ Los Angeles Sparks,new york liberty,los angeles sparks,EXACT_MATCH,2026-07-28,New York Liberty @ Los Angeles Sparks,new york liberty,los angeles sparks,,,,LOSS,player_game_log_warehouse
2026-07-29,Jordin Canada,Atlanta Dream @ Dallas Wings,atlanta dream,dallas wings,EXACT_MATCH,2026-07-29,Dream @ Wings,atlanta dream,dallas wings,401857097,,,WIN,player_game_log_warehouse
2026-07-29,Rhyne Howard,Atlanta Dream @ Dallas Wings,atlanta dream,dallas wings,EXACT_MATCH,2026-07-29,Dream @ Wings,atlanta dream,dallas wings,401857097,,,WIN,player_game_log_warehouse
2026-07-29,Jordin Canada,Atlanta Dream @ Dallas Wings,atlanta dream,dallas wings,EXACT_MATCH,2026-07-29,Dream @ Wings,atlanta dream,dallas wings,401857097,,,WIN,player_game_log_warehouse
2026-07-28,Sabrina Ionescu,New York Liberty @ Los Angeles Sparks,new york liberty,los angeles sparks,EXACT_MATCH,2026-07-28,New York Liberty @ Los Angeles Sparks,new york liberty,los angeles sparks,,,,LOSS,player_game_log_warehouse
2026-07-29,Rhyne Howard,Atlanta Dream @ Dallas Wings,atlanta dream,dallas wings,EXACT_MATCH,2026-07-29,Dream @ Wings,atlanta dream,dallas wings,401857097,,,WIN,player_game_log_warehouse
2026-07-29,Rhyne Howard,Atlanta Dream @ Dallas Wings,atlanta dream,dallas wings,EXACT_MATCH,2026-07-29,Dream @ Wings,atlanta dream,dallas wings,401857097,,,WIN,player_game_log_warehouse
2026-07-28,Nneka Ogwumike,New York Liberty @ Los Angeles Sparks,new york liberty,los angeles sparks,EXACT_MATCH,2026-07-28,New York Liberty @ Los Angeles Sparks,new york liberty,los angeles sparks,,,,LOSS,player_game_log_warehouse
2026-07-28,Sabrina Ionescu,New York Liberty @ Los Angeles Sparks,new york liberty,los angeles sparks,EXACT_MATCH,2026-07-28,New York Liberty @ Los Angeles Sparks,new york liberty,los angeles sparks,,,,LOSS,player_game_log_warehouse
2026-07-29,Rhyne Howard,Atlanta Dream @ Dallas Wings,atlanta dream,dallas wings,EXACT_MATCH,2026-07-29,Dream @ Wings,atlanta dream,dallas wings,401857097,,,WIN,player_game_log_warehouse
2026-07-29,Jordin Canada,Atlanta Dream @ Dallas Wings,atlanta dream,dallas wings,EXACT_MATCH,2026-07-29,Dream @ Wings,atlanta dream,dallas wings,401857097,,,WIN,player_game_log_warehouse
2026-07-28,Aliyah Boston,Indiana Fever @ Seattle Storm,indiana fever,seattle storm,EXACT_MATCH,2026-07-28,Indiana Fever @ Seattle Storm,indiana fever,seattle storm,,,,WIN,player_game_log_warehouse
2026-07-29,Paige Bueckers,Atlanta Dream @ Dallas Wings,atlanta dream,dallas wings,EXACT_MATCH,2026-07-29,Dream @ Wings,atlanta dream,dallas wings,401857097,,,WIN,player_game_log_warehouse
2026-07-28,Natisha Hiedeman,Indiana Fever @ Seattle Storm,indiana fever,seattle storm,EXACT_MATCH,2026-07-28,Indiana Fever @ Seattle Storm,indiana fever,seattle storm,,,,LOSS,player_game_log_warehouse
2026-07-28,Olivia Miles,Toronto Tempo @ Minnesota Lynx,toronto tempo,minnesota lynx,EXACT_MATCH,2026-07-28,Toronto Tempo @ Minnesota Lynx,toronto tempo,minnesota lynx,,,,LOSS,player_game_log_warehouse
2026-07-28,NaLyssa Smith,Portland Fire @ Las Vegas Aces,portland fire,las vegas aces,NO_COMPLETED_GAME_ON_ARCHIVE_DATE,,,,,,,,PENDING,
2026-07-28,Natisha Hiedeman,Indiana Fever @ Seattle Storm,indiana fever,seattle storm,EXACT_MATCH,2026-07-28,Indiana Fever @ Seattle Storm,indiana fever,seattle storm,,,,LOSS,player_game_log_warehouse
2026-07-28,A'ja Wilson,Portland Fire @ Las Vegas Aces,portland fire,las vegas aces,EXACT_MATCH,2026-07-28,Portland Fire @ Las Vegas Aces,portland fire,las vegas aces,,,,LOSS,player_game_log_warehouse
2026-07-29,Paige Bueckers,Atlanta Dream @ Dallas Wings,atlanta dream,dallas wings,EXACT_MATCH,2026-07-29,Dream @ Wings,atlanta dream,dallas wings,401857097,,,WIN,player_game_log_warehouse
2026-07-28,Natasha Howard,Toronto Tempo @ Minnesota Lynx,toronto tempo,minnesota lynx,EXACT_MATCH,2026-07-28,Toronto Tempo @ Minnesota Lynx,toronto tempo,minnesota lynx,,,,LOSS,player_game_log_warehouse
2026-07-29,DeWanna Bonner,Golden State Valkyries @ Phoenix Mercury,golden state valkyries,phoenix mercury,EXACT_MATCH,2026-07-29,Valkyries @ Mercury,golden state valkyries,phoenix mercury,401857098,,,LOSS,player_game_log_warehouse
2026-07-29,Kahleah Copper,Golden State Valkyries @ Phoenix Mercury,golden state valkyries,phoenix mercury,EXACT_MATCH,2026-07-29,Valkyries @ Mercury,golden state valkyries,phoenix mercury,401857098,,,LOSS,player_game_log_warehouse
2026-07-28,Natisha Hiedeman,Indiana Fever @ Seattle Storm,indiana fever,seattle storm,EXACT_MATCH,2026-07-28,Indiana Fever @ Seattle Storm,indiana fever,seattle storm,,,,LOSS,player_game_log_warehouse
2026-07-28,A'ja Wilson,Portland Fire @ Las Vegas Aces,portland fire,las vegas aces,EXACT_MATCH,2026-07-28,Portland Fire @ Las Vegas Aces,portland fire,las vegas aces,,,,LOSS,player_game_log_warehouse
2026-07-29,Jordin Canada,Atlanta Dream @ Dallas Wings,atlanta dream,dallas wings,EXACT_MATCH,2026-07-29,Dream @ Wings,atlanta dream,dallas wings,401857097,,,LOSS,player_game_log_warehouse
2026-07-28,Natisha Hiedeman,Indiana Fever @ Seattle Storm,indiana fever,seattle storm,EXACT_MATCH,2026-07-28,Indiana Fever @ Seattle Storm,indiana fever,seattle storm,,,,LOSS,player_game_log_warehouse
2026-07-28,Nneka Ogwumike,New York Liberty @ Los Angeles Sparks,new york liberty,los angeles sparks,EXACT_MATCH,2026-07-28,New York Liberty @ Los Angeles Sparks,new york liberty,los angeles sparks,,,,LOSS,player_game_log_warehouse
2026-07-28,Aliyah Boston,Indiana Fever @ Seattle Storm,indiana fever,seattle storm,EXACT_MATCH,2026-07-28,Indiana Fever @ Seattle Storm,indiana fever,seattle storm,,,,WIN,player_game_log_warehouse
2026-07-28,Aliyah Boston,Indiana Fever @ Seattle Storm,indiana fever,seattle storm,EXACT_MATCH,2026-07-28,Indiana Fever @ Seattle Storm,indiana fever,seattle storm,,,,WIN,player_game_log_warehouse
2026-07-28,Kelsey Mitchell,Indiana Fever @ Seattle Storm,indiana fever,seattle storm,EXACT_MATCH,2026-07-28,Indiana Fever @ Seattle Storm,indiana fever,seattle storm,,,,WIN,player_game_log_warehouse
2026-07-28,Awa Fam,Indiana Fever @ Seattle Storm,indiana fever,seattle storm,EXACT_MATCH,2026-07-28,Indiana Fever @ Seattle Storm,indiana fever,seattle storm,,,,LOSS,player_game_log_warehouse
2026-07-28,Natasha Howard,Toronto Tempo @ Minnesota Lynx,toronto tempo,minnesota lynx,EXACT_MATCH,2026-07-28,Toronto Tempo @ Minnesota Lynx,toronto tempo,minnesota lynx,,,,LOSS,player_game_log_warehouse
2026-07-28,Nneka Ogwumike,New York Liberty @ Los Angeles Sparks,new york liberty,los angeles sparks,EXACT_MATCH,2026-07-28,New York Liberty @ Los Angeles Sparks,new york liberty,los angeles sparks,,,,LOSS,player_game_log_warehouse
2026-07-28,A'ja Wilson,Portland Fire @ Las Vegas Aces,portland fire,las vegas aces,EXACT_MATCH,2026-07-28,Portland Fire @ Las Vegas Aces,portland fire,las vegas aces,,,,LOSS,player_game_log_warehouse
2026-07-28,Breanna Stewart,New York Liberty @ Los Angeles Sparks,new york liberty,los angeles sparks,EXACT_MATCH,2026-07-28,New York Liberty @ Los Angeles Sparks,new york liberty,los angeles sparks,,,,LOSS,player_game_log_warehouse
2026-07-28,Nneka Ogwumike,New York Liberty @ Los Angeles Sparks,new york liberty,los angeles sparks,EXACT_MATCH,2026-07-28,New York Liberty @ Los Angeles Sparks,new york liberty,los angeles sparks,,,,LOSS,player_game_log_warehouse
2026-07-28,Nneka Ogwumike,New York Liberty @ Los Angeles Sparks,new york liberty,los angeles sparks,EXACT_MATCH,2026-07-28,New York Liberty @ Los Angeles Sparks,new york liberty,los angeles sparks,,,,LOSS,player_game_log_warehouse
2026-07-28,Nneka Ogwumike,New York Liberty @ Los Angeles Sparks,new york liberty,los angeles sparks,EXACT_MATCH,2026-07-28,New York Liberty @ Los Angeles Sparks,new york liberty,los angeles sparks,,,,LOSS,player_game_log_warehouse
2026-07-29,Jessica Shepard,Atlanta Dream @ Dallas Wings,atlanta dream,dallas wings,EXACT_MATCH,2026-07-29,Dream @ Wings,atlanta dream,dallas wings,401857097,,,WIN,player_game_log_warehouse
2026-07-29,Janelle Salaun,Golden State Valkyries @ Phoenix Mercury,golden state valkyries,phoenix mercury,EXACT_MATCH,2026-07-29,Valkyries @ Mercury,golden state valkyries,phoenix mercury,401857098,,,WIN,player_game_log_warehouse
2026-07-28,Sabrina Ionescu,New York Liberty @ Los Angeles Sparks,new york liberty,los angeles sparks,EXACT_MATCH,2026-07-28,New York Liberty @ Los Angeles Sparks,new york liberty,los angeles sparks,,,,LOSS,player_game_log_warehouse
2026-07-28,Natasha Howard,Toronto Tempo @ Minnesota Lynx,toronto tempo,minnesota lynx,EXACT_MATCH,2026-07-28,Toronto Tempo @ Minnesota Lynx,toronto tempo,minnesota lynx,,,,LOSS,player_game_log_warehouse
2026-07-28,Natasha Howard,Toronto Tempo @ Minnesota Lynx,toronto tempo,minnesota lynx,EXACT_MATCH,2026-07-28,Toronto Tempo @ Minnesota Lynx,toronto tempo,minnesota lynx,,,,WIN,player_game_log_warehouse
2026-07-28,Natasha Howard,Toronto Tempo @ Minnesota Lynx,toronto tempo,minnesota lynx,EXACT_MATCH,2026-07-28,Toronto Tempo @ Minnesota Lynx,toronto tempo,minnesota lynx,,,,LOSS,player_game_log_warehouse
2026-07-28,Natasha Howard,Toronto Tempo @ Minnesota Lynx,toronto tempo,minnesota lynx,EXACT_MATCH,2026-07-28,Toronto Tempo @ Minnesota Lynx,toronto tempo,minnesota lynx,,,,LOSS,player_game_log_warehouse
2026-07-28,Aneesah Morrow,Connecticut Sun @ Washington Mystics,connecticut sun,washington mystics,EXACT_MATCH,2026-07-28,Sun @ Mystics,connecticut sun,washington mystics,401857092,,,WIN,player_game_log_warehouse
2026-07-29,Jordin Canada,Atlanta Dream @ Dallas Wings,atlanta dream,dallas wings,EXACT_MATCH,2026-07-29,Dream @ Wings,atlanta dream,dallas wings,401857097,,,WIN,player_game_log_warehouse
2026-07-29,Rhyne Howard,Atlanta Dream @ Dallas Wings,atlanta dream,dallas wings,EXACT_MATCH,2026-07-29,Dream @ Wings,atlanta dream,dallas wings,401857097,,,WIN,player_game_log_warehouse
2026-07-29,Jordin Canada,Atlanta Dream @ Dallas Wings,atlanta dream,dallas wings,EXACT_MATCH,2026-07-29,Dream @ Wings,atlanta dream,dallas wings,401857097,,,WIN,player_game_log_warehouse
2026-07-29,Rhyne Howard,Atlanta Dream @ Dallas Wings,atlanta dream,dallas wings,EXACT_MATCH,2026-07-29,Dream @ Wings,atlanta dream,dallas wings,401857097,,,WIN,player_game_log_warehouse
2026-07-29,Rhyne Howard,Atlanta Dream @ Dallas Wings,atlanta dream,dallas wings,EXACT_MATCH,2026-07-29,Dream @ Wings,atlanta dream,dallas wings,401857097,,,WIN,player_game_log_warehouse
2026-07-29,Rhyne Howard,Atlanta Dream @ Dallas Wings,atlanta dream,dallas wings,EXACT_MATCH,2026-07-29,Dream @ Wings,atlanta dream,dallas wings,401857097,,,WIN,player_game_log_warehouse
2026-07-30,Jackie Young,New York Liberty @ Las Vegas Aces,new york liberty,las vegas aces,EXACT_MATCH,2026-07-30,New York Liberty @ Las Vegas Aces,new york liberty,las vegas aces,,,,LOSS,player_game_log_warehouse
2026-07-29,Veronica Burton,Golden State Valkyries @ Phoenix Mercury,golden state valkyries,phoenix mercury,EXACT_MATCH,2026-07-29,Valkyries @ Mercury,golden state valkyries,phoenix mercury,401857098,,,LOSS,player_game_log_warehouse
2026-07-29,Veronica Burton,Golden State Valkyries @ Phoenix Mercury,golden state valkyries,phoenix mercury,EXACT_MATCH,2026-07-29,Valkyries @ Mercury,golden state valkyries,phoenix mercury,401857098,,,LOSS,player_game_log_warehouse
2026-07-29,Courtney Williams,Minnesota Lynx @ Toronto Tempo,minnesota lynx,toronto tempo,REPEATED_MATCHUP_DATE_AMBIGUOUS,,,,,,2026-07-28|2026-07-30,,WIN,player_game_log_warehouse
2026-07-29,Jordin Canada,Atlanta Dream @ Dallas Wings,atlanta dream,dallas wings,EXACT_MATCH,2026-07-29,Dream @ Wings,atlanta dream,dallas wings,401857097,,,WIN,player_game_log_warehouse
2026-07-29,Rhyne Howard,Atlanta Dream @ Dallas Wings,atlanta dream,dallas wings,EXACT_MATCH,2026-07-29,Dream @ Wings,atlanta dream,dallas wings,401857097,,,WIN,player_game_log_warehouse
2026-07-30,Breanna Stewart,New York Liberty @ Las Vegas Aces,new york liberty,las vegas aces,EXACT_MATCH,2026-07-30,New York Liberty @ Las Vegas Aces,new york liberty,las vegas aces,,,,LOSS,player_game_log_warehouse
2026-07-29,Azzi Fudd,Atlanta Dream @ Dallas Wings,atlanta dream,dallas wings,EXACT_MATCH,2026-07-29,Dream @ Wings,atlanta dream,dallas wings,401857097,,,WIN,player_game_log_warehouse
2026-07-29,Paige Bueckers,Atlanta Dream @ Dallas Wings,atlanta dream,dallas wings,EXACT_MATCH,2026-07-29,Dream @ Wings,atlanta dream,dallas wings,401857097,,,WIN,player_game_log_warehouse
2026-07-29,DeWanna Bonner,Golden State Valkyries @ Phoenix Mercury,golden state valkyries,phoenix mercury,EXACT_MATCH,2026-07-29,Valkyries @ Mercury,golden state valkyries,phoenix mercury,401857098,,,LOSS,player_game_log_warehouse
2026-07-29,Kahleah Copper,Golden State Valkyries @ Phoenix Mercury,golden state valkyries,phoenix mercury,EXACT_MATCH,2026-07-29,Valkyries @ Mercury,golden state valkyries,phoenix mercury,401857098,,,LOSS,player_game_log_warehouse
2026-07-29,Angel Reese,Atlanta Dream @ Dallas Wings,atlanta dream,dallas wings,EXACT_MATCH,2026-07-29,Dream @ Wings,atlanta dream,dallas wings,401857097,,,LOSS,player_game_log_warehouse
2026-07-29,Janelle Salaun,Golden State Valkyries @ Phoenix Mercury,golden state valkyries,phoenix mercury,EXACT_MATCH,2026-07-29,Valkyries @ Mercury,golden state valkyries,phoenix mercury,401857098,,,WIN,player_game_log_warehouse
2026-07-29,Azura Stevens,Connecticut Sun @ Chicago Sky,connecticut sun,chicago sky,NO_COMPLETED_GAME_ON_ARCHIVE_DATE,,,,,,,,WIN,player_game_log_warehouse
2026-07-29,Janelle Salaun,Golden State Valkyries @ Phoenix Mercury,golden state valkyries,phoenix mercury,EXACT_MATCH,2026-07-29,Valkyries @ Mercury,golden state valkyries,phoenix mercury,401857098,,,LOSS,player_game_log_warehouse
2026-07-29,Janelle Salaun,Golden State Valkyries @ Phoenix Mercury,golden state valkyries,phoenix mercury,EXACT_MATCH,2026-07-29,Valkyries @ Mercury,golden state valkyries,phoenix mercury,401857098,,,WIN,player_game_log_warehouse
2026-07-29,Jessica Shepard,Atlanta Dream @ Dallas Wings,atlanta dream,dallas wings,EXACT_MATCH,2026-07-29,Dream @ Wings,atlanta dream,dallas wings,401857097,,,WIN,player_game_log_warehouse
2026-07-29,Janelle Salaun,Golden State Valkyries @ Phoenix Mercury,golden state valkyries,phoenix mercury,EXACT_MATCH,2026-07-29,Valkyries @ Mercury,golden state valkyries,phoenix mercury,401857098,,,WIN,player_game_log_warehouse
2026-07-29,Courtney Williams,Minnesota Lynx @ Toronto Tempo,minnesota lynx,toronto tempo,REPEATED_MATCHUP_DATE_AMBIGUOUS,,,,,,2026-07-28|2026-07-30,,LOSS,player_game_log_warehouse
2026-07-29,Jordin Canada,Seattle Storm @ Atlanta Dream,seattle storm,atlanta dream,SAME_DATE_DIFFERENT_MATCHUP,,,,,,,Dream @ Wings | Atlanta Dream @ Dallas Wings,WIN,player_game_log_warehouse
2026-07-30,Dominique Malonga,Seattle Storm @ Atlanta Dream,seattle storm,atlanta dream,DATE_SHIFT_UNIQUE_MATCHUP,2026-07-31,Storm @ Dream,seattle storm,atlanta dream,401857102,2026-07-31,,WIN,player_game_log_warehouse
2026-07-29,Rhyne Howard,Seattle Storm @ Atlanta Dream,seattle storm,atlanta dream,SAME_DATE_DIFFERENT_MATCHUP,,,,,,,Dream @ Wings | Atlanta Dream @ Dallas Wings,WIN,player_game_log_warehouse
2026-07-29,Jordin Canada,Seattle Storm @ Atlanta Dream,seattle storm,atlanta dream,SAME_DATE_DIFFERENT_MATCHUP,,,,,,,Dream @ Wings | Atlanta Dream @ Dallas Wings,WIN,player_game_log_warehouse
2026-07-29,Rhyne Howard,Seattle Storm @ Atlanta Dream,seattle storm,atlanta dream,SAME_DATE_DIFFERENT_MATCHUP,,,,,,,Dream @ Wings | Atlanta Dream @ Dallas Wings,WIN,player_game_log_warehouse
2026-07-29,Rhyne Howard,Seattle Storm @ Atlanta Dream,seattle storm,atlanta dream,SAME_DATE_DIFFERENT_MATCHUP,,,,,,,Dream @ Wings | Atlanta Dream @ Dallas Wings,WIN,player_game_log_warehouse
2026-07-29,Rhyne Howard,Seattle Storm @ Atlanta Dream,seattle storm,atlanta dream,SAME_DATE_DIFFERENT_MATCHUP,,,,,,,Dream @ Wings | Atlanta Dream @ Dallas Wings,WIN,player_game_log_warehouse
2026-07-30,Aliyah Boston,Indiana Fever @ Portland Fire,indiana fever,portland fire,DATE_SHIFT_UNIQUE_MATCHUP,2026-07-31,Fever @ Fire,indiana fever,portland fire,401857104,2026-07-31,,LOSS,player_game_log_warehouse
2026-07-30,Pauline Astier,New York Liberty @ Las Vegas Aces,new york liberty,las vegas aces,EXACT_MATCH,2026-07-30,New York Liberty @ Las Vegas Aces,new york liberty,las vegas aces,,,,WIN,player_game_log_warehouse
2026-07-30,Courtney Williams,Minnesota Lynx @ Toronto Tempo,minnesota lynx,toronto tempo,EXACT_MATCH,2026-07-30,Minnesota Lynx @ Toronto Tempo,minnesota lynx,toronto tempo,,,,WIN,player_game_log_warehouse
2026-07-30,Dominique Malonga,Seattle Storm @ Atlanta Dream,seattle storm,atlanta dream,DATE_SHIFT_UNIQUE_MATCHUP,2026-07-31,Storm @ Dream,seattle storm,atlanta dream,401857102,2026-07-31,,WIN,player_game_log_warehouse
2026-07-29,Paige Bueckers,Dallas Wings @ Washington Mystics,dallas wings,washington mystics,SAME_DATE_DIFFERENT_MATCHUP,,,,,,,Dream @ Wings | Atlanta Dream @ Dallas Wings,WIN,player_game_log_warehouse
2026-07-30,Kamilla Cardoso,Connecticut Sun @ Chicago Sky,connecticut sun,chicago sky,EXACT_MATCH,2026-07-30,Sun @ Sky,connecticut sun,chicago sky,401857100,,,LOSS,player_game_log_warehouse
2026-07-30,Breanna Stewart,New York Liberty @ Las Vegas Aces,new york liberty,las vegas aces,EXACT_MATCH,2026-07-30,New York Liberty @ Las Vegas Aces,new york liberty,las vegas aces,,,,LOSS,player_game_log_warehouse
2026-07-30,Kamilla Cardoso,Connecticut Sun @ Chicago Sky,connecticut sun,chicago sky,EXACT_MATCH,2026-07-30,Sun @ Sky,connecticut sun,chicago sky,401857100,,,LOSS,player_game_log_warehouse
2026-07-30,Charlisse Leger-Walker,Connecticut Sun @ Chicago Sky,connecticut sun,chicago sky,EXACT_MATCH,2026-07-30,Sun @ Sky,connecticut sun,chicago sky,401857100,,,LOSS,player_game_log_warehouse
2026-07-30,Kamilla Cardoso,Connecticut Sun @ Chicago Sky,connecticut sun,chicago sky,EXACT_MATCH,2026-07-30,Sun @ Sky,connecticut sun,chicago sky,401857100,,,LOSS,player_game_log_warehouse
2026-07-30,Kamilla Cardoso,Connecticut Sun @ Chicago Sky,connecticut sun,chicago sky,EXACT_MATCH,2026-07-30,Sun @ Sky,connecticut sun,chicago sky,401857100,,,LOSS,player_game_log_warehouse
2026-07-30,Courtney Vandersloot,Connecticut Sun @ Chicago Sky,connecticut sun,chicago sky,EXACT_MATCH,2026-07-30,Sun @ Sky,connecticut sun,chicago sky,401857100,,,LOSS,player_game_log_warehouse
2026-07-30,Bridget Carleton,Indiana Fever @ Portland Fire,indiana fever,portland fire,DATE_SHIFT_UNIQUE_MATCHUP,2026-07-31,Fever @ Fire,indiana fever,portland fire,401857104,2026-07-31,,LOSS,player_game_log_warehouse
2026-07-30,Charlisse Leger-Walker,Connecticut Sun @ Chicago Sky,connecticut sun,chicago sky,EXACT_MATCH,2026-07-30,Sun @ Sky,connecticut sun,chicago sky,401857100,,,LOSS,player_game_log_warehouse
2026-07-30,Aliyah Boston,Indiana Fever @ Portland Fire,indiana fever,portland fire,DATE_SHIFT_UNIQUE_MATCHUP,2026-07-31,Fever @ Fire,indiana fever,portland fire,401857104,2026-07-31,,LOSS,player_game_log_warehouse
2026-07-30,Pauline Astier,New York Liberty @ Las Vegas Aces,new york liberty,las vegas aces,EXACT_MATCH,2026-07-30,New York Liberty @ Las Vegas Aces,new york liberty,las vegas aces,,,,LOSS,player_game_log_warehouse
2026-07-30,Charlisse Leger-Walker,Connecticut Sun @ Chicago Sky,connecticut sun,chicago sky,EXACT_MATCH,2026-07-30,Sun @ Sky,connecticut sun,chicago sky,401857100,,,LOSS,player_game_log_warehouse
2026-07-30,Charlisse Leger-Walker,Connecticut Sun @ Chicago Sky,connecticut sun,chicago sky,EXACT_MATCH,2026-07-30,Sun @ Sky,connecticut sun,chicago sky,401857100,,,WIN,player_game_log_warehouse
2026-07-30,Natasha Howard,Minnesota Lynx @ Toronto Tempo,minnesota lynx,toronto tempo,EXACT_MATCH,2026-07-30,Minnesota Lynx @ Toronto Tempo,minnesota lynx,toronto tempo,,,,WIN,player_game_log_warehouse
2026-07-30,Aneesah Morrow,Connecticut Sun @ Chicago Sky,connecticut sun,chicago sky,EXACT_MATCH,2026-07-30,Sun @ Sky,connecticut sun,chicago sky,401857100,,,WIN,player_game_log_warehouse
2026-07-30,Charlisse Leger-Walker,Connecticut Sun @ Chicago Sky,connecticut sun,chicago sky,EXACT_MATCH,2026-07-30,Sun @ Sky,connecticut sun,chicago sky,401857100,,,LOSS,player_game_log_warehouse
2026-07-30,Aliyah Boston,Indiana Fever @ Portland Fire,indiana fever,portland fire,DATE_SHIFT_UNIQUE_MATCHUP,2026-07-31,Fever @ Fire,indiana fever,portland fire,401857104,2026-07-31,,WIN,player_game_log_warehouse
2026-07-29,Arike Ogunbowale,Dallas Wings @ Washington Mystics,dallas wings,washington mystics,SAME_DATE_DIFFERENT_MATCHUP,,,,,,,Dream @ Wings | Atlanta Dream @ Dallas Wings,WIN,player_game_log_warehouse
2026-07-29,Paige Bueckers,Dallas Wings @ Washington Mystics,dallas wings,washington mystics,SAME_DATE_DIFFERENT_MATCHUP,,,,,,,Dream @ Wings | Atlanta Dream @ Dallas Wings,WIN,player_game_log_warehouse
2026-07-29,Arike Ogunbowale,Dallas Wings @ Washington Mystics,dallas wings,washington mystics,SAME_DATE_DIFFERENT_MATCHUP,,,,,,,Dream @ Wings | Atlanta Dream @ Dallas Wings,WIN,player_game_log_warehouse
2026-07-30,Sabrina Ionescu,New York Liberty @ Las Vegas Aces,new york liberty,las vegas aces,EXACT_MATCH,2026-07-30,New York Liberty @ Las Vegas Aces,new york liberty,las vegas aces,,,,WIN,player_game_log_warehouse
2026-07-30,Natasha Howard,Minnesota Lynx @ Toronto Tempo,minnesota lynx,toronto tempo,EXACT_MATCH,2026-07-30,Minnesota Lynx @ Toronto Tempo,minnesota lynx,toronto tempo,,,,LOSS,player_game_log_warehouse
2026-07-29,Arike Ogunbowale,Dallas Wings @ Washington Mystics,dallas wings,washington mystics,SAME_DATE_DIFFERENT_MATCHUP,,,,,,,Dream @ Wings | Atlanta Dream @ Dallas Wings,WIN,player_game_log_warehouse
2026-07-30,Courtney Williams,Minnesota Lynx @ Toronto Tempo,minnesota lynx,toronto tempo,EXACT_MATCH,2026-07-30,Minnesota Lynx @ Toronto Tempo,minnesota lynx,toronto tempo,,,,LOSS,player_game_log_warehouse
2026-07-31,Brionna Jones,Seattle Storm @ Atlanta Dream,seattle storm,atlanta dream,EXACT_MATCH,2026-07-31,Storm @ Dream,seattle storm,atlanta dream,401857102,,,LOSS,player_game_log_warehouse
2026-07-31,Caitlin Clark,Indiana Fever @ Portland Fire,indiana fever,portland fire,EXACT_MATCH,2026-07-31,Fever @ Fire,indiana fever,portland fire,401857104,,,LOSS,player_game_log_warehouse
2026-07-31,Caitlin Clark,Indiana Fever @ Portland Fire,indiana fever,portland fire,EXACT_MATCH,2026-07-31,Fever @ Fire,indiana fever,portland fire,401857104,,,LOSS,player_game_log_warehouse
2026-07-31,Dominique Malonga,Seattle Storm @ Atlanta Dream,seattle storm,atlanta dream,EXACT_MATCH,2026-07-31,Storm @ Dream,seattle storm,atlanta dream,401857102,,,WIN,player_game_log_warehouse
2026-07-31,Kelsey Mitchell,Indiana Fever @ Portland Fire,indiana fever,portland fire,EXACT_MATCH,2026-07-31,Fever @ Fire,indiana fever,portland fire,401857104,,,WIN,player_game_log_warehouse
2026-07-31,Rhyne Howard,Seattle Storm @ Atlanta Dream,seattle storm,atlanta dream,EXACT_MATCH,2026-07-31,Storm @ Dream,seattle storm,atlanta dream,401857102,,,WIN,player_game_log_warehouse
2026-07-31,Rhyne Howard,Seattle Storm @ Atlanta Dream,seattle storm,atlanta dream,EXACT_MATCH,2026-07-31,Storm @ Dream,seattle storm,atlanta dream,401857102,,,WIN,player_game_log_warehouse
2026-07-31,Rhyne Howard,Seattle Storm @ Atlanta Dream,seattle storm,atlanta dream,EXACT_MATCH,2026-07-31,Storm @ Dream,seattle storm,atlanta dream,401857102,,,WIN,player_game_log_warehouse
2026-07-31,Aliyah Boston,Indiana Fever @ Portland Fire,indiana fever,portland fire,EXACT_MATCH,2026-07-31,Fever @ Fire,indiana fever,portland fire,401857104,,,LOSS,player_game_log_warehouse
2026-07-31,Rhyne Howard,Seattle Storm @ Atlanta Dream,seattle storm,atlanta dream,EXACT_MATCH,2026-07-31,Storm @ Dream,seattle storm,atlanta dream,401857102,,,WIN,player_game_log_warehouse
2026-07-31,Rhyne Howard,Seattle Storm @ Atlanta Dream,seattle storm,atlanta dream,EXACT_MATCH,2026-07-31,Storm @ Dream,seattle storm,atlanta dream,401857102,,,WIN,player_game_log_warehouse
2026-07-31,Rhyne Howard,Seattle Storm @ Atlanta Dream,seattle storm,atlanta dream,EXACT_MATCH,2026-07-31,Storm @ Dream,seattle storm,atlanta dream,401857102,,,WIN,player_game_log_warehouse
2026-07-31,Paige Bueckers,Dallas Wings @ Washington Mystics,dallas wings,washington mystics,EXACT_MATCH,2026-07-31,Wings @ Mystics,dallas wings,washington mystics,401857103,,,LOSS,player_game_log_warehouse
2026-07-31,Dominique Malonga,Seattle Storm @ Atlanta Dream,seattle storm,atlanta dream,EXACT_MATCH,2026-07-31,Storm @ Dream,seattle storm,atlanta dream,401857102,,,WIN,player_game_log_warehouse
2026-07-31,Rhyne Howard,Seattle Storm @ Atlanta Dream,seattle storm,atlanta dream,EXACT_MATCH,2026-07-31,Storm @ Dream,seattle storm,atlanta dream,401857102,,,WIN,player_game_log_warehouse
2026-07-31,Angel Reese,Seattle Storm @ Atlanta Dream,seattle storm,atlanta dream,EXACT_MATCH,2026-07-31,Storm @ Dream,seattle storm,atlanta dream,401857102,,,LOSS,player_game_log_warehouse
2026-07-31,Paige Bueckers,Dallas Wings @ Washington Mystics,dallas wings,washington mystics,EXACT_MATCH,2026-07-31,Wings @ Mystics,dallas wings,washington mystics,401857103,,,WIN,player_game_log_warehouse
2026-07-30,Jackie Young,Las Vegas Aces @ Chicago Sky,las vegas aces,chicago sky,SAME_DATE_DIFFERENT_MATCHUP,,,,,,,New York Liberty @ Las Vegas Aces | Liberty @ Aces,WIN,player_game_log_warehouse
2026-07-31,Azzi Fudd,Dallas Wings @ Washington Mystics,dallas wings,washington mystics,EXACT_MATCH,2026-07-31,Wings @ Mystics,dallas wings,washington mystics,401857103,,,LOSS,player_game_log_warehouse
2026-07-31,Aliyah Boston,Indiana Fever @ Portland Fire,indiana fever,portland fire,EXACT_MATCH,2026-07-31,Fever @ Fire,indiana fever,portland fire,401857104,,,LOSS,player_game_log_warehouse
2026-07-31,Jessica Shepard,Dallas Wings @ Washington Mystics,dallas wings,washington mystics,EXACT_MATCH,2026-07-31,Wings @ Mystics,dallas wings,washington mystics,401857103,,,WIN,player_game_log_warehouse
2026-07-30,Chelsea Gray,Las Vegas Aces @ Chicago Sky,las vegas aces,chicago sky,SAME_DATE_DIFFERENT_MATCHUP,,,,,,,New York Liberty @ Las Vegas Aces | Liberty @ Aces,WIN,player_game_log_warehouse
2026-07-31,Awa Fam,Seattle Storm @ Atlanta Dream,seattle storm,atlanta dream,EXACT_MATCH,2026-07-31,Storm @ Dream,seattle storm,atlanta dream,401857102,,,WIN,player_game_log_warehouse
2026-07-30,Jonquel Jones,New York Liberty @ Phoenix Mercury,new york liberty,phoenix mercury,SAME_DATE_DIFFERENT_MATCHUP,,,,,,,New York Liberty @ Las Vegas Aces | Liberty @ Aces,WIN,player_game_log_warehouse
2026-07-30,Jackie Young,Las Vegas Aces @ Chicago Sky,las vegas aces,chicago sky,SAME_DATE_DIFFERENT_MATCHUP,,,,,,,New York Liberty @ Las Vegas Aces | Liberty @ Aces,WIN,player_game_log_warehouse
2026-07-31,Awa Fam,Seattle Storm @ Atlanta Dream,seattle storm,atlanta dream,EXACT_MATCH,2026-07-31,Storm @ Dream,seattle storm,atlanta dream,401857102,,,WIN,player_game_log_warehouse
2026-07-31,Arike Ogunbowale,Dallas Wings @ Washington Mystics,dallas wings,washington mystics,EXACT_MATCH,2026-07-31,Wings @ Mystics,dallas wings,washington mystics,401857103,,,LOSS,player_game_log_warehouse
2026-07-30,Kamilla Cardoso,Las Vegas Aces @ Chicago Sky,las vegas aces,chicago sky,SAME_DATE_DIFFERENT_MATCHUP,,,,,,,Sun @ Sky | Connecticut Sun @ Chicago Sky,WIN,player_game_log_warehouse
2026-07-31,Aliyah Boston,Indiana Fever @ Portland Fire,indiana fever,portland fire,EXACT_MATCH,2026-07-31,Fever @ Fire,indiana fever,portland fire,401857104,,,WIN,player_game_log_warehouse
2026-07-31,Arike Ogunbowale,Dallas Wings @ Washington Mystics,dallas wings,washington mystics,EXACT_MATCH,2026-07-31,Wings @ Mystics,dallas wings,washington mystics,401857103,,,LOSS,player_game_log_warehouse
2026-07-31,Paige Bueckers,Dallas Wings @ Washington Mystics,dallas wings,washington mystics,EXACT_MATCH,2026-07-31,Wings @ Mystics,dallas wings,washington mystics,401857103,,,WIN,player_game_log_warehouse
2026-07-31,Paige Bueckers,Dallas Wings @ Washington Mystics,dallas wings,washington mystics,EXACT_MATCH,2026-07-31,Wings @ Mystics,dallas wings,washington mystics,401857103,,,WIN,player_game_log_warehouse
2026-07-30,Natasha Cloud,Las Vegas Aces @ Chicago Sky,las vegas aces,chicago sky,SAME_DATE_DIFFERENT_MATCHUP,,,,,,,Sun @ Sky | Connecticut Sun @ Chicago Sky,WIN,player_game_log_warehouse
2026-07-30,Natasha Cloud,Las Vegas Aces @ Chicago Sky,las vegas aces,chicago sky,SAME_DATE_DIFFERENT_MATCHUP,,,,,,,Sun @ Sky | Connecticut Sun @ Chicago Sky,WIN,player_game_log_warehouse
2026-08-01,DeWanna Bonner,New York Liberty @ Phoenix Mercury,new york liberty,phoenix mercury,EXACT_MATCH,2026-08-01,New York Liberty @ Phoenix Mercury,new york liberty,phoenix mercury,,,,WIN,player_game_log_warehouse
2026-08-01,Rae Burrell,Los Angeles Sparks @ Portland Fire,los angeles sparks,portland fire,DATE_SHIFT_UNIQUE_MATCHUP,2026-08-02,Sparks @ Fire,los angeles sparks,portland fire,401857108,2026-08-02,,WIN,player_game_log_warehouse
2026-08-01,Pauline Astier,New York Liberty @ Phoenix Mercury,new york liberty,phoenix mercury,EXACT_MATCH,2026-08-01,New York Liberty @ Phoenix Mercury,new york liberty,phoenix mercury,,,,WIN,player_game_log_warehouse
2026-08-01,Ariel Atkins,Los Angeles Sparks @ Portland Fire,los angeles sparks,portland fire,DATE_SHIFT_UNIQUE_MATCHUP,2026-08-02,Sparks @ Fire,los angeles sparks,portland fire,401857108,2026-08-02,,WIN,player_game_log_warehouse
2026-08-01,NaLyssa Smith,Las Vegas Aces @ Chicago Sky,las vegas aces,chicago sky,EXACT_MATCH,2026-08-01,Las Vegas Aces @ Chicago Sky,las vegas aces,chicago sky,,,,LOSS,player_game_log_warehouse
2026-08-01,Nneka Ogwumike,Los Angeles Sparks @ Portland Fire,los angeles sparks,portland fire,DATE_SHIFT_UNIQUE_MATCHUP,2026-08-02,Sparks @ Fire,los angeles sparks,portland fire,401857108,2026-08-02,,WIN,player_game_log_warehouse
2026-08-01,Courtney Williams,Indiana Fever @ Minnesota Lynx,indiana fever,minnesota lynx,DATE_SHIFT_UNIQUE_MATCHUP,2026-08-02,Indiana Fever @ Minnesota Lynx,indiana fever,minnesota lynx,,2026-08-02,,WIN,player_game_log_warehouse
2026-08-01,Elizabeth Williams,Las Vegas Aces @ Chicago Sky,las vegas aces,chicago sky,EXACT_MATCH,2026-08-01,Las Vegas Aces @ Chicago Sky,las vegas aces,chicago sky,,,,WIN,player_game_log_warehouse
2026-08-01,Kamilla Cardoso,Las Vegas Aces @ Chicago Sky,las vegas aces,chicago sky,EXACT_MATCH,2026-08-01,Las Vegas Aces @ Chicago Sky,las vegas aces,chicago sky,,,,LOSS,player_game_log_warehouse
2026-08-01,Natasha Cloud,Las Vegas Aces @ Chicago Sky,las vegas aces,chicago sky,EXACT_MATCH,2026-08-01,Las Vegas Aces @ Chicago Sky,las vegas aces,chicago sky,,,,WIN,player_game_log_warehouse
2026-08-01,Janelle Salaun,Toronto Tempo @ Golden State Valkyries,toronto tempo,golden state valkyries,DATE_SHIFT_UNIQUE_MATCHUP,2026-08-02,Toronto Tempo @ Golden State Valkyries,toronto tempo,golden state valkyries,,2026-08-02,,LOSS,player_game_log_warehouse
2026-08-01,Elizabeth Williams,Las Vegas Aces @ Chicago Sky,las vegas aces,chicago sky,EXACT_MATCH,2026-08-01,Las Vegas Aces @ Chicago Sky,las vegas aces,chicago sky,,,,WIN,player_game_log_warehouse
2026-08-01,Kelsey Mitchell,Indiana Fever @ Minnesota Lynx,indiana fever,minnesota lynx,DATE_SHIFT_UNIQUE_MATCHUP,2026-08-02,Indiana Fever @ Minnesota Lynx,indiana fever,minnesota lynx,,2026-08-02,,LOSS,player_game_log_warehouse
2026-08-01,Courtney Williams,Indiana Fever @ Minnesota Lynx,indiana fever,minnesota lynx,DATE_SHIFT_UNIQUE_MATCHUP,2026-08-02,Indiana Fever @ Minnesota Lynx,indiana fever,minnesota lynx,,2026-08-02,,WIN,player_game_log_warehouse
2026-08-01,Janelle Salaun,Toronto Tempo @ Golden State Valkyries,toronto tempo,golden state valkyries,DATE_SHIFT_UNIQUE_MATCHUP,2026-08-02,Toronto Tempo @ Golden State Valkyries,toronto tempo,golden state valkyries,,2026-08-02,,LOSS,player_game_log_warehouse
2026-08-01,Aliyah Boston,Indiana Fever @ Minnesota Lynx,indiana fever,minnesota lynx,DATE_SHIFT_UNIQUE_MATCHUP,2026-08-02,Indiana Fever @ Minnesota Lynx,indiana fever,minnesota lynx,,2026-08-02,,WIN,player_game_log_warehouse
2026-08-01,Janelle Salaun,Toronto Tempo @ Golden State Valkyries,toronto tempo,golden state valkyries,DATE_SHIFT_UNIQUE_MATCHUP,2026-08-02,Toronto Tempo @ Golden State Valkyries,toronto tempo,golden state valkyries,,2026-08-02,,LOSS,player_game_log_warehouse
2026-08-01,Chelsea Gray,Las Vegas Aces @ Chicago Sky,las vegas aces,chicago sky,EXACT_MATCH,2026-08-01,Las Vegas Aces @ Chicago Sky,las vegas aces,chicago sky,,,,LOSS,player_game_log_warehouse
2026-08-01,Aliyah Boston,Indiana Fever @ Minnesota Lynx,indiana fever,minnesota lynx,DATE_SHIFT_UNIQUE_MATCHUP,2026-08-02,Indiana Fever @ Minnesota Lynx,indiana fever,minnesota lynx,,2026-08-02,,WIN,player_game_log_warehouse
2026-08-01,Jackie Young,Las Vegas Aces @ Chicago Sky,las vegas aces,chicago sky,EXACT_MATCH,2026-08-01,Las Vegas Aces @ Chicago Sky,las vegas aces,chicago sky,,,,LOSS,player_game_log_warehouse
2026-08-01,Monique Akoa Makani,New York Liberty @ Phoenix Mercury,new york liberty,phoenix mercury,EXACT_MATCH,2026-08-01,New York Liberty @ Phoenix Mercury,new york liberty,phoenix mercury,,,,LOSS,player_game_log_warehouse
2026-08-01,Paige Bueckers,Connecticut Sun @ Dallas Wings,connecticut sun,dallas wings,DATE_SHIFT_UNIQUE_MATCHUP,2026-08-02,Sun @ Wings,connecticut sun,dallas wings,401857109,2026-08-02,,WIN,player_game_log_warehouse
2026-08-01,Paige Bueckers,Connecticut Sun @ Dallas Wings,connecticut sun,dallas wings,DATE_SHIFT_UNIQUE_MATCHUP,2026-08-02,Sun @ Wings,connecticut sun,dallas wings,401857109,2026-08-02,,WIN,player_game_log_warehouse
2026-08-01,Caitlin Clark,Indiana Fever @ Minnesota Lynx,indiana fever,minnesota lynx,DATE_SHIFT_UNIQUE_MATCHUP,2026-08-02,Indiana Fever @ Minnesota Lynx,indiana fever,minnesota lynx,,2026-08-02,,LOSS,player_game_log_warehouse
2026-08-01,Jonquel Jones,New York Liberty @ Phoenix Mercury,new york liberty,phoenix mercury,EXACT_MATCH,2026-08-01,New York Liberty @ Phoenix Mercury,new york liberty,phoenix mercury,,,,WIN,player_game_log_warehouse
2026-08-01,Aliyah Boston,Indiana Fever @ Minnesota Lynx,indiana fever,minnesota lynx,DATE_SHIFT_UNIQUE_MATCHUP,2026-08-02,Indiana Fever @ Minnesota Lynx,indiana fever,minnesota lynx,,2026-08-02,,WIN,player_game_log_warehouse
2026-08-01,Natasha Cloud,Las Vegas Aces @ Chicago Sky,las vegas aces,chicago sky,EXACT_MATCH,2026-08-01,Las Vegas Aces @ Chicago Sky,las vegas aces,chicago sky,,,,WIN,player_game_log_warehouse
2026-08-01,Kamilla Cardoso,Las Vegas Aces @ Chicago Sky,las vegas aces,chicago sky,EXACT_MATCH,2026-08-01,Las Vegas Aces @ Chicago Sky,las vegas aces,chicago sky,,,,LOSS,player_game_log_warehouse
2026-08-01,Natasha Cloud,Las Vegas Aces @ Chicago Sky,las vegas aces,chicago sky,EXACT_MATCH,2026-08-01,Las Vegas Aces @ Chicago Sky,las vegas aces,chicago sky,,,,LOSS,player_game_log_warehouse
2026-08-01,Courtney Williams,Indiana Fever @ Minnesota Lynx,indiana fever,minnesota lynx,DATE_SHIFT_UNIQUE_MATCHUP,2026-08-02,Indiana Fever @ Minnesota Lynx,indiana fever,minnesota lynx,,2026-08-02,,LOSS,player_game_log_warehouse
2026-08-01,Natasha Mack,New York Liberty @ Phoenix Mercury,new york liberty,phoenix mercury,EXACT_MATCH,2026-08-01,New York Liberty @ Phoenix Mercury,new york liberty,phoenix mercury,,,,WIN,player_game_log_warehouse
2026-08-02,Jordin Canada,Las Vegas Aces @ Atlanta Dream,las vegas aces,atlanta dream,DATE_SHIFT_UNIQUE_MATCHUP,2026-08-03,Las Vegas Aces @ Atlanta Dream,las vegas aces,atlanta dream,,2026-08-03,,LOSS,player_game_log_warehouse
2026-08-02,Cameron Brink,Los Angeles Sparks @ Portland Fire,los angeles sparks,portland fire,EXACT_MATCH,2026-08-02,Sparks @ Fire,los angeles sparks,portland fire,401857108,,,WIN,player_game_log_warehouse
2026-08-02,Rhyne Howard,Las Vegas Aces @ Atlanta Dream,las vegas aces,atlanta dream,DATE_SHIFT_UNIQUE_MATCHUP,2026-08-03,Las Vegas Aces @ Atlanta Dream,las vegas aces,atlanta dream,,2026-08-03,,LOSS,player_game_log_warehouse
2026-08-02,Charlisse Leger-Walker,Connecticut Sun @ Dallas Wings,connecticut sun,dallas wings,EXACT_MATCH,2026-08-02,Sun @ Wings,connecticut sun,dallas wings,401857109,,,WIN,player_game_log_warehouse
2026-08-02,Charlisse Leger-Walker,Connecticut Sun @ Dallas Wings,connecticut sun,dallas wings,EXACT_MATCH,2026-08-02,Sun @ Wings,connecticut sun,dallas wings,401857109,,,WIN,player_game_log_warehouse
2026-08-02,Rhyne Howard,Las Vegas Aces @ Atlanta Dream,las vegas aces,atlanta dream,DATE_SHIFT_UNIQUE_MATCHUP,2026-08-03,Las Vegas Aces @ Atlanta Dream,las vegas aces,atlanta dream,,2026-08-03,,WIN,player_game_log_warehouse
2026-08-02,Rhyne Howard,Las Vegas Aces @ Atlanta Dream,las vegas aces,atlanta dream,DATE_SHIFT_UNIQUE_MATCHUP,2026-08-03,Las Vegas Aces @ Atlanta Dream,las vegas aces,atlanta dream,,2026-08-03,,LOSS,player_game_log_warehouse
2026-08-02,Rhyne Howard,Las Vegas Aces @ Atlanta Dream,las vegas aces,atlanta dream,DATE_SHIFT_UNIQUE_MATCHUP,2026-08-03,Las Vegas Aces @ Atlanta Dream,las vegas aces,atlanta dream,,2026-08-03,,WIN,player_game_log_warehouse
2026-08-02,Nyara Sabally,Toronto Tempo @ Golden State Valkyries,toronto tempo,golden state valkyries,EXACT_MATCH,2026-08-02,Toronto Tempo @ Golden State Valkyries,toronto tempo,golden state valkyries,,,,LOSS,player_game_log_warehouse
2026-08-02,Ariel Atkins,Los Angeles Sparks @ Portland Fire,los angeles sparks,portland fire,EXACT_MATCH,2026-08-02,Sparks @ Fire,los angeles sparks,portland fire,401857108,,,WIN,player_game_log_warehouse
2026-08-02,Courtney Williams,Indiana Fever @ Minnesota Lynx,indiana fever,minnesota lynx,EXACT_MATCH,2026-08-02,Indiana Fever @ Minnesota Lynx,indiana fever,minnesota lynx,,,,WIN,player_game_log_warehouse
2026-08-02,Courtney Williams,Indiana Fever @ Minnesota Lynx,indiana fever,minnesota lynx,EXACT_MATCH,2026-08-02,Indiana Fever @ Minnesota Lynx,indiana fever,minnesota lynx,,,,WIN,player_game_log_warehouse
2026-08-02,Allisha Gray,Las Vegas Aces @ Atlanta Dream,las vegas aces,atlanta dream,DATE_SHIFT_UNIQUE_MATCHUP,2026-08-03,Las Vegas Aces @ Atlanta Dream,las vegas aces,atlanta dream,,2026-08-03,,WIN,player_game_log_warehouse
2026-08-02,Flau'jae Johnson,Seattle Storm @ New York Liberty,seattle storm,new york liberty,DATE_SHIFT_UNIQUE_MATCHUP,2026-08-03,Storm @ Liberty,seattle storm,new york liberty,401857112,2026-08-03,,PENDING,player_game_log_warehouse
2026-08-02,Janelle Salaun,Toronto Tempo @ Golden State Valkyries,toronto tempo,golden state valkyries,EXACT_MATCH,2026-08-02,Toronto Tempo @ Golden State Valkyries,toronto tempo,golden state valkyries,,,,LOSS,player_game_log_warehouse
2026-08-02,Awa Fam,Seattle Storm @ New York Liberty,seattle storm,new york liberty,DATE_SHIFT_UNIQUE_MATCHUP,2026-08-03,Storm @ Liberty,seattle storm,new york liberty,401857112,2026-08-03,,WIN,player_game_log_warehouse
2026-08-02,Janelle Salaun,Toronto Tempo @ Golden State Valkyries,toronto tempo,golden state valkyries,EXACT_MATCH,2026-08-02,Toronto Tempo @ Golden State Valkyries,toronto tempo,golden state valkyries,,,,LOSS,player_game_log_warehouse
2026-08-02,Paige Bueckers,Connecticut Sun @ Dallas Wings,connecticut sun,dallas wings,EXACT_MATCH,2026-08-02,Sun @ Wings,connecticut sun,dallas wings,401857109,,,WIN,player_game_log_warehouse
2026-08-02,Allisha Gray,Las Vegas Aces @ Atlanta Dream,las vegas aces,atlanta dream,DATE_SHIFT_UNIQUE_MATCHUP,2026-08-03,Las Vegas Aces @ Atlanta Dream,las vegas aces,atlanta dream,,2026-08-03,,WIN,player_game_log_warehouse
2026-08-02,Charlisse Leger-Walker,Connecticut Sun @ Dallas Wings,connecticut sun,dallas wings,EXACT_MATCH,2026-08-02,Sun @ Wings,connecticut sun,dallas wings,401857109,,,WIN,player_game_log_warehouse
2026-08-02,Jordin Canada,Las Vegas Aces @ Atlanta Dream,las vegas aces,atlanta dream,DATE_SHIFT_UNIQUE_MATCHUP,2026-08-03,Las Vegas Aces @ Atlanta Dream,las vegas aces,atlanta dream,,2026-08-03,,WIN,player_game_log_warehouse
2026-08-02,Kelsey Mitchell,Indiana Fever @ Minnesota Lynx,indiana fever,minnesota lynx,EXACT_MATCH,2026-08-02,Indiana Fever @ Minnesota Lynx,indiana fever,minnesota lynx,,,,LOSS,player_game_log_warehouse
2026-08-02,Jordin Canada,Las Vegas Aces @ Atlanta Dream,las vegas aces,atlanta dream,DATE_SHIFT_UNIQUE_MATCHUP,2026-08-03,Las Vegas Aces @ Atlanta Dream,las vegas aces,atlanta dream,,2026-08-03,,WIN,player_game_log_warehouse
2026-08-02,Courtney Williams,Indiana Fever @ Minnesota Lynx,indiana fever,minnesota lynx,EXACT_MATCH,2026-08-02,Indiana Fever @ Minnesota Lynx,indiana fever,minnesota lynx,,,,WIN,player_game_log_warehouse
2026-08-02,Paige Bueckers,Connecticut Sun @ Dallas Wings,connecticut sun,dallas wings,EXACT_MATCH,2026-08-02,Sun @ Wings,connecticut sun,dallas wings,401857109,,,WIN,player_game_log_warehouse
2026-08-02,Janelle Salaun,Toronto Tempo @ Golden State Valkyries,toronto tempo,golden state valkyries,EXACT_MATCH,2026-08-02,Toronto Tempo @ Golden State Valkyries,toronto tempo,golden state valkyries,,,,LOSS,player_game_log_warehouse
2026-08-02,Jonquel Jones,Seattle Storm @ New York Liberty,seattle storm,new york liberty,DATE_SHIFT_UNIQUE_MATCHUP,2026-08-03,Storm @ Liberty,seattle storm,new york liberty,401857112,2026-08-03,,LOSS,player_game_log_warehouse
2026-08-02,Allisha Gray,Las Vegas Aces @ Atlanta Dream,las vegas aces,atlanta dream,DATE_SHIFT_UNIQUE_MATCHUP,2026-08-03,Las Vegas Aces @ Atlanta Dream,las vegas aces,atlanta dream,,2026-08-03,,WIN,player_game_log_warehouse
2026-08-02,Aliyah Boston,Indiana Fever @ Minnesota Lynx,indiana fever,minnesota lynx,EXACT_MATCH,2026-08-02,Indiana Fever @ Minnesota Lynx,indiana fever,minnesota lynx,,,,WIN,player_game_log_warehouse
2026-08-02,Aliyah Boston,Indiana Fever @ Minnesota Lynx,indiana fever,minnesota lynx,EXACT_MATCH,2026-08-02,Indiana Fever @ Minnesota Lynx,indiana fever,minnesota lynx,,,,WIN,player_game_log_warehouse
2026-08-02,Megan Gustafson,Los Angeles Sparks @ Portland Fire,los angeles sparks,portland fire,NO_COMPLETED_GAME_ON_ARCHIVE_DATE,,,,,,,,PENDING,
2026-08-02,Paige Bueckers,Connecticut Sun @ Dallas Wings,connecticut sun,dallas wings,EXACT_MATCH,2026-08-02,Sun @ Wings,connecticut sun,dallas wings,401857109,,,WIN,player_game_log_warehouse
2026-08-02,Jonquel Jones,Seattle Storm @ New York Liberty,seattle storm,new york liberty,DATE_SHIFT_UNIQUE_MATCHUP,2026-08-03,Storm @ Liberty,seattle storm,new york liberty,401857112,2026-08-03,,PENDING,player_game_log_warehouse
2026-08-02,Paige Bueckers,Connecticut Sun @ Dallas Wings,connecticut sun,dallas wings,EXACT_MATCH,2026-08-02,Sun @ Wings,connecticut sun,dallas wings,401857109,,,WIN,player_game_log_warehouse
2026-08-02,Jonquel Jones,Seattle Storm @ New York Liberty,seattle storm,new york liberty,DATE_SHIFT_UNIQUE_MATCHUP,2026-08-03,Storm @ Liberty,seattle storm,new york liberty,401857112,2026-08-03,,WIN,player_game_log_warehouse
2026-08-02,Aliyah Boston,Indiana Fever @ Minnesota Lynx,indiana fever,minnesota lynx,EXACT_MATCH,2026-08-02,Indiana Fever @ Minnesota Lynx,indiana fever,minnesota lynx,,,,WIN,player_game_log_warehouse
2026-08-02,Aliyah Boston,Indiana Fever @ Minnesota Lynx,indiana fever,minnesota lynx,EXACT_MATCH,2026-08-02,Indiana Fever @ Minnesota Lynx,indiana fever,minnesota lynx,,,,WIN,player_game_log_warehouse
2026-08-02,Nneka Ogwumike,Los Angeles Sparks @ Portland Fire,los angeles sparks,portland fire,EXACT_MATCH,2026-08-02,Sparks @ Fire,los angeles sparks,portland fire,401857108,,,LOSS,player_game_log_warehouse
2026-08-02,Emily Engstler,Los Angeles Sparks @ Portland Fire,los angeles sparks,portland fire,EXACT_MATCH,2026-08-02,Sparks @ Fire,los angeles sparks,portland fire,401857108,,,WIN,player_game_log_warehouse
2026-08-02,Courtney Williams,Indiana Fever @ Minnesota Lynx,indiana fever,minnesota lynx,EXACT_MATCH,2026-08-02,Indiana Fever @ Minnesota Lynx,indiana fever,minnesota lynx,,,,LOSS,player_game_log_warehouse
2026-08-03,Jordin Canada,Las Vegas Aces @ Atlanta Dream,las vegas aces,atlanta dream,EXACT_MATCH,2026-08-03,Las Vegas Aces @ Atlanta Dream,las vegas aces,atlanta dream,,,,LOSS,player_game_log_warehouse
2026-08-03,Rhyne Howard,Las Vegas Aces @ Atlanta Dream,las vegas aces,atlanta dream,EXACT_MATCH,2026-08-03,Las Vegas Aces @ Atlanta Dream,las vegas aces,atlanta dream,,,,LOSS,player_game_log_warehouse
2026-08-03,Rhyne Howard,Las Vegas Aces @ Atlanta Dream,las vegas aces,atlanta dream,EXACT_MATCH,2026-08-03,Las Vegas Aces @ Atlanta Dream,las vegas aces,atlanta dream,,,,WIN,player_game_log_warehouse
2026-08-03,Brionna Jones,Las Vegas Aces @ Atlanta Dream,las vegas aces,atlanta dream,EXACT_MATCH,2026-08-03,Las Vegas Aces @ Atlanta Dream,las vegas aces,atlanta dream,,,,WIN,player_game_log_warehouse
2026-08-03,Rebecca Allen,Seattle Storm @ New York Liberty,seattle storm,new york liberty,EXACT_MATCH,2026-08-03,Storm @ Liberty,seattle storm,new york liberty,401857112,,,LOSS,player_game_log_warehouse
2026-08-03,Rhyne Howard,Las Vegas Aces @ Atlanta Dream,las vegas aces,atlanta dream,EXACT_MATCH,2026-08-03,Las Vegas Aces @ Atlanta Dream,las vegas aces,atlanta dream,,,,LOSS,player_game_log_warehouse
2026-08-03,Dominique Malonga,Seattle Storm @ New York Liberty,seattle storm,new york liberty,EXACT_MATCH,2026-08-03,Storm @ Liberty,seattle storm,new york liberty,401857112,,,LOSS,player_game_log_warehouse
2026-08-03,Dominique Malonga,Seattle Storm @ New York Liberty,seattle storm,new york liberty,EXACT_MATCH,2026-08-03,Storm @ Liberty,seattle storm,new york liberty,401857112,,,LOSS,player_game_log_warehouse
2026-08-03,Rhyne Howard,Las Vegas Aces @ Atlanta Dream,las vegas aces,atlanta dream,EXACT_MATCH,2026-08-03,Las Vegas Aces @ Atlanta Dream,las vegas aces,atlanta dream,,,,WIN,player_game_log_warehouse
2026-08-03,DeWanna Bonner,Phoenix Mercury @ Chicago Sky,phoenix mercury,chicago sky,EXACT_MATCH,2026-08-03,Phoenix Mercury @ Chicago Sky,phoenix mercury,chicago sky,,,,WIN,player_game_log_warehouse
2026-08-03,Awa Fam,Seattle Storm @ New York Liberty,seattle storm,new york liberty,EXACT_MATCH,2026-08-03,Storm @ Liberty,seattle storm,new york liberty,401857112,,,WIN,player_game_log_warehouse
2026-08-03,Flau'jae Johnson,Seattle Storm @ New York Liberty,seattle storm,new york liberty,EXACT_MATCH,2026-08-03,Storm @ Liberty,seattle storm,new york liberty,401857112,,,LOSS,player_game_log_warehouse
2026-08-03,Allisha Gray,Las Vegas Aces @ Atlanta Dream,las vegas aces,atlanta dream,EXACT_MATCH,2026-08-03,Las Vegas Aces @ Atlanta Dream,las vegas aces,atlanta dream,,,,WIN,player_game_log_warehouse
2026-08-03,Awa Fam,Seattle Storm @ New York Liberty,seattle storm,new york liberty,EXACT_MATCH,2026-08-03,Storm @ Liberty,seattle storm,new york liberty,401857112,,,WIN,player_game_log_warehouse
2026-08-03,Natisha Hiedeman,Seattle Storm @ New York Liberty,seattle storm,new york liberty,EXACT_MATCH,2026-08-03,Storm @ Liberty,seattle storm,new york liberty,401857112,,,LOSS,player_game_log_warehouse
2026-08-03,Veronica Burton,Toronto Tempo @ Golden State Valkyries,toronto tempo,golden state valkyries,DATE_SHIFT_UNIQUE_MATCHUP,2026-08-02,Toronto Tempo @ Golden State Valkyries,toronto tempo,golden state valkyries,,2026-08-02,,WIN,player_game_log_warehouse
2026-08-03,Rebecca Allen,Seattle Storm @ New York Liberty,seattle storm,new york liberty,EXACT_MATCH,2026-08-03,Storm @ Liberty,seattle storm,new york liberty,401857112,,,LOSS,player_game_log_warehouse
2026-08-03,Allisha Gray,Las Vegas Aces @ Atlanta Dream,las vegas aces,atlanta dream,EXACT_MATCH,2026-08-03,Las Vegas Aces @ Atlanta Dream,las vegas aces,atlanta dream,,,,WIN,player_game_log_warehouse
2026-08-03,Jordin Canada,Las Vegas Aces @ Atlanta Dream,las vegas aces,atlanta dream,EXACT_MATCH,2026-08-03,Las Vegas Aces @ Atlanta Dream,las vegas aces,atlanta dream,,,,WIN,player_game_log_warehouse
2026-08-03,Jordin Canada,Las Vegas Aces @ Atlanta Dream,las vegas aces,atlanta dream,EXACT_MATCH,2026-08-03,Las Vegas Aces @ Atlanta Dream,las vegas aces,atlanta dream,,,,WIN,player_game_log_warehouse
2026-08-03,Jordin Canada,Las Vegas Aces @ Atlanta Dream,las vegas aces,atlanta dream,EXACT_MATCH,2026-08-03,Las Vegas Aces @ Atlanta Dream,las vegas aces,atlanta dream,,,,WIN,player_game_log_warehouse
2026-08-03,Veronica Burton,Toronto Tempo @ Golden State Valkyries,toronto tempo,golden state valkyries,DATE_SHIFT_UNIQUE_MATCHUP,2026-08-02,Toronto Tempo @ Golden State Valkyries,toronto tempo,golden state valkyries,,2026-08-02,,WIN,player_game_log_warehouse
2026-08-03,Allisha Gray,Las Vegas Aces @ Atlanta Dream,las vegas aces,atlanta dream,EXACT_MATCH,2026-08-03,Las Vegas Aces @ Atlanta Dream,las vegas aces,atlanta dream,,,,WIN,player_game_log_warehouse
2026-08-03,Jonquel Jones,Seattle Storm @ New York Liberty,seattle storm,new york liberty,EXACT_MATCH,2026-08-03,Storm @ Liberty,seattle storm,new york liberty,401857112,,,LOSS,player_game_log_warehouse
2026-08-03,Naz Hillmon,Las Vegas Aces @ Atlanta Dream,las vegas aces,atlanta dream,EXACT_MATCH,2026-08-03,Las Vegas Aces @ Atlanta Dream,las vegas aces,atlanta dream,,,,WIN,player_game_log_warehouse
2026-08-03,Awa Fam,Seattle Storm @ New York Liberty,seattle storm,new york liberty,EXACT_MATCH,2026-08-03,Storm @ Liberty,seattle storm,new york liberty,401857112,,,WIN,player_game_log_warehouse
2026-08-03,Natasha Cloud,Phoenix Mercury @ Chicago Sky,phoenix mercury,chicago sky,EXACT_MATCH,2026-08-03,Phoenix Mercury @ Chicago Sky,phoenix mercury,chicago sky,,,,LOSS,player_game_log_warehouse
2026-08-03,Jonquel Jones,Seattle Storm @ New York Liberty,seattle storm,new york liberty,EXACT_MATCH,2026-08-03,Storm @ Liberty,seattle storm,new york liberty,401857112,,,WIN,player_game_log_warehouse
2026-08-03,Jonquel Jones,Seattle Storm @ New York Liberty,seattle storm,new york liberty,EXACT_MATCH,2026-08-03,Storm @ Liberty,seattle storm,new york liberty,401857112,,,LOSS,player_game_log_warehouse
2026-08-04,Allisha Gray,Phoenix Mercury @ Atlanta Dream,phoenix mercury,atlanta dream,NO_COMPLETED_GAME_ON_ARCHIVE_DATE,,,,,,,,WIN,player_game_log_warehouse
2026-08-04,Rae Burrell,Los Angeles Sparks @ Chicago Sky,los angeles sparks,chicago sky,NO_COMPLETED_GAME_ON_ARCHIVE_DATE,,,,,,,,WIN,espn_schedule_event_phase1
2026-08-04,Allisha Gray,Phoenix Mercury @ Atlanta Dream,phoenix mercury,atlanta dream,NO_COMPLETED_GAME_ON_ARCHIVE_DATE,,,,,,,,WIN,player_game_log_warehouse
2026-08-04,Rhyne Howard,Phoenix Mercury @ Atlanta Dream,phoenix mercury,atlanta dream,NO_COMPLETED_GAME_ON_ARCHIVE_DATE,,,,,,,,WIN,player_game_log_warehouse
2026-08-04,Jordin Canada,Phoenix Mercury @ Atlanta Dream,phoenix mercury,atlanta dream,NO_COMPLETED_GAME_ON_ARCHIVE_DATE,,,,,,,,WIN,player_game_log_warehouse
2026-08-04,Jordin Canada,Phoenix Mercury @ Atlanta Dream,phoenix mercury,atlanta dream,NO_COMPLETED_GAME_ON_ARCHIVE_DATE,,,,,,,,WIN,player_game_log_warehouse
2026-08-04,Awa Fam,Seattle Storm @ New York Liberty,seattle storm,new york liberty,DATE_SHIFT_UNIQUE_MATCHUP,2026-08-03,Storm @ Liberty,seattle storm,new york liberty,401857112,2026-08-03,,WIN,player_game_log_warehouse
2026-08-04,Flau'jae Johnson,Seattle Storm @ New York Liberty,seattle storm,new york liberty,DATE_SHIFT_UNIQUE_MATCHUP,2026-08-03,Storm @ Liberty,seattle storm,new york liberty,401857112,2026-08-03,,WIN,player_game_log_warehouse
2026-08-04,Allisha Gray,Phoenix Mercury @ Atlanta Dream,phoenix mercury,atlanta dream,NO_COMPLETED_GAME_ON_ARCHIVE_DATE,,,,,,,,WIN,player_game_log_warehouse
2026-08-04,Arike Ogunbowale,Dallas Wings @ Washington Mystics,dallas wings,washington mystics,DATE_SHIFT_UNIQUE_MATCHUP,2026-07-31,Wings @ Mystics,dallas wings,washington mystics,401857103,2026-07-31,,PENDING,
2026-08-04,Arike Ogunbowale,Dallas Wings @ Washington Mystics,dallas wings,washington mystics,DATE_SHIFT_UNIQUE_MATCHUP,2026-07-31,Wings @ Mystics,dallas wings,washington mystics,401857103,2026-07-31,,PENDING,
2026-08-04,Flau'jae Johnson,Seattle Storm @ New York Liberty,seattle storm,new york liberty,DATE_SHIFT_UNIQUE_MATCHUP,2026-08-03,Storm @ Liberty,seattle storm,new york liberty,401857112,2026-08-03,,WIN,player_game_log_warehouse
2026-08-04,Jordin Canada,Phoenix Mercury @ Atlanta Dream,phoenix mercury,atlanta dream,NO_COMPLETED_GAME_ON_ARCHIVE_DATE,,,,,,,,WIN,player_game_log_warehouse
2026-08-04,Allisha Gray,Phoenix Mercury @ Atlanta Dream,phoenix mercury,atlanta dream,NO_COMPLETED_GAME_ON_ARCHIVE_DATE,,,,,,,,WIN,player_game_log_warehouse
2026-08-04,Allisha Gray,Phoenix Mercury @ Atlanta Dream,phoenix mercury,atlanta dream,NO_COMPLETED_GAME_ON_ARCHIVE_DATE,,,,,,,,WIN,player_game_log_warehouse
2026-08-04,Kamilla Cardoso,Los Angeles Sparks @ Chicago Sky,los angeles sparks,chicago sky,NO_COMPLETED_GAME_ON_ARCHIVE_DATE,,,,,,,,WIN,player_game_log_warehouse
2026-08-04,Allisha Gray,Phoenix Mercury @ Atlanta Dream,phoenix mercury,atlanta dream,NO_COMPLETED_GAME_ON_ARCHIVE_DATE,,,,,,,,WIN,player_game_log_warehouse
2026-08-04,Allisha Gray,Phoenix Mercury @ Atlanta Dream,phoenix mercury,atlanta dream,NO_COMPLETED_GAME_ON_ARCHIVE_DATE,,,,,,,,WIN,player_game_log_warehouse
2026-08-04,Veronica Burton,Toronto Tempo @ Golden State Valkyries,toronto tempo,golden state valkyries,DATE_SHIFT_UNIQUE_MATCHUP,2026-08-02,Toronto Tempo @ Golden State Valkyries,toronto tempo,golden state valkyries,,2026-08-02,,WIN,player_game_log_warehouse
2026-08-04,Natisha Hiedeman,Seattle Storm @ New York Liberty,seattle storm,new york liberty,DATE_SHIFT_UNIQUE_MATCHUP,2026-08-03,Storm @ Liberty,seattle storm,new york liberty,401857112,2026-08-03,,WIN,player_game_log_warehouse
2026-08-04,Allisha Gray,Phoenix Mercury @ Atlanta Dream,phoenix mercury,atlanta dream,NO_COMPLETED_GAME_ON_ARCHIVE_DATE,,,,,,,,WIN,player_game_log_warehouse
2026-08-04,Veronica Burton,Toronto Tempo @ Golden State Valkyries,toronto tempo,golden state valkyries,DATE_SHIFT_UNIQUE_MATCHUP,2026-08-02,Toronto Tempo @ Golden State Valkyries,toronto tempo,golden state valkyries,,2026-08-02,,WIN,player_game_log_warehouse
2026-08-04,Erica Wheeler,Los Angeles Sparks @ Chicago Sky,los angeles sparks,chicago sky,NO_COMPLETED_GAME_ON_ARCHIVE_DATE,,,,,,,,WIN,espn_schedule_event_phase1
2026-08-04,Awa Fam,Seattle Storm @ New York Liberty,seattle storm,new york liberty,DATE_SHIFT_UNIQUE_MATCHUP,2026-08-03,Storm @ Liberty,seattle storm,new york liberty,401857112,2026-08-03,,WIN,player_game_log_warehouse
2026-08-04,Rhyne Howard,Phoenix Mercury @ Atlanta Dream,phoenix mercury,atlanta dream,NO_COMPLETED_GAME_ON_ARCHIVE_DATE,,,,,,,,WIN,player_game_log_warehouse
2026-08-04,Laura Juskaite,Toronto Tempo @ Golden State Valkyries,toronto tempo,golden state valkyries,DATE_SHIFT_UNIQUE_MATCHUP,2026-08-02,Toronto Tempo @ Golden State Valkyries,toronto tempo,golden state valkyries,,2026-08-02,,LOSS,espn_schedule_event_phase1
2026-08-04,Kahleah Copper,Phoenix Mercury @ Atlanta Dream,phoenix mercury,atlanta dream,NO_COMPLETED_GAME_ON_ARCHIVE_DATE,,,,,,,,WIN,player_game_log_warehouse
2026-08-04,Michaela Onyenwere,Dallas Wings @ Washington Mystics,dallas wings,washington mystics,DATE_SHIFT_UNIQUE_MATCHUP,2026-07-31,Wings @ Mystics,dallas wings,washington mystics,401857103,2026-07-31,,PENDING,
2026-08-04,Paige Bueckers,Dallas Wings @ Washington Mystics,dallas wings,washington mystics,DATE_SHIFT_UNIQUE_MATCHUP,2026-07-31,Wings @ Mystics,dallas wings,washington mystics,401857103,2026-07-31,,PENDING,
2026-08-04,Allisha Gray,Phoenix Mercury @ Atlanta Dream,phoenix mercury,atlanta dream,NO_COMPLETED_GAME_ON_ARCHIVE_DATE,,,,,,,,WIN,player_game_log_warehouse
2026-08-04,Aliyah Boston,Las Vegas Aces @ Indiana Fever,las vegas aces,indiana fever,NO_COMPLETED_GAME_ON_ARCHIVE_DATE,,,,,,,,LOSS,espn_schedule_event_phase1
2026-08-04,Allisha Gray,Phoenix Mercury @ Atlanta Dream,phoenix mercury,atlanta dream,NO_COMPLETED_GAME_ON_ARCHIVE_DATE,,,,,,,,WIN,player_game_log_warehouse
2026-08-04,Kahleah Copper,Phoenix Mercury @ Atlanta Dream,phoenix mercury,atlanta dream,NO_COMPLETED_GAME_ON_ARCHIVE_DATE,,,,,,,,WIN,player_game_log_warehouse
2026-08-04,Allisha Gray,Phoenix Mercury @ Atlanta Dream,phoenix mercury,atlanta dream,NO_COMPLETED_GAME_ON_ARCHIVE_DATE,,,,,,,,LOSS,espn_schedule_event_phase1
2026-08-04,Aliyah Boston,Las Vegas Aces @ Indiana Fever,las vegas aces,indiana fever,NO_COMPLETED_GAME_ON_ARCHIVE_DATE,,,,,,,,LOSS,espn_schedule_event_phase1
2026-08-04,Angel Reese,Phoenix Mercury @ Atlanta Dream,phoenix mercury,atlanta dream,NO_COMPLETED_GAME_ON_ARCHIVE_DATE,,,,,,,,WIN,player_game_log_warehouse
