archive_index,game_date,game_id,player,stat,side,alt_line,american_odds,market_implied_probability,model_score,score_band,prior_games,prior_actual_mean,prior_actual_std,prior_actual_min,prior_actual_max,rolling3_actual_mean,rolling5_actual_mean,rolling10_actual_mean,rolling5_actual_std,rolling10_actual_std,rolling5_trend_slope,rolling10_trend_slope,line_minus_prior_mean,historical_hit_rate_at_current_line,historical_hit_rate_l5_at_current_line,historical_hit_rate_l10_at_current_line,target_actual,target_win,canonical_outcome,certification
30,2026-07-12,401857060,Julie Allemand,PR,UNDER,12.5,-130.0,0.5652173913043478,,UNKNOWN,0,,,,,,,,,,,,,,,,5.0,1,WIN,PRIMARY_CERTIFIED
41,2026-07-12,401857060,Julie Allemand,PRA,UNDER,19.5,-127.67,0.5607677779241885,,UNKNOWN,0,,,,,,,,,,,,,,,,11.0,1,WIN,PRIMARY_CERTIFIED
4,2026-07-12,401857060,Maria Conde,PR,UNDER,16.5,-124.0,0.5535714285714286,,UNKNOWN,0,,,,,,,,,,,,,,,,12.0,1,WIN,PRIMARY_CERTIFIED
22,2026-07-12,401857060,Pauline Astier,PR,UNDER,12.5,-123.5,0.5525727069351231,,UNKNOWN,0,,,,,,,,,,,,,,,,6.0,1,WIN,PRIMARY_CERTIFIED
25,2026-07-12,401857060,Pauline Astier,PTS,UNDER,9.5,-130.0,0.5652173913043478,,UNKNOWN,0,,,,,,,,,,,,,,,,4.0,1,WIN,PRIMARY_CERTIFIED
13,2026-07-12,401857060,Pauline Astier,REB,UNDER,3.5,-180.0,0.6428571428571429,,UNKNOWN,0,,,,,,,,,,,,,,,,2.0,1,WIN,PRIMARY_CERTIFIED
11,2026-07-12,401857060,Sabrina Ionescu,AST,UNDER,5.5,-158.0,0.6124031007751938,,UNKNOWN,0,,,,,,,,,,,,,,,,5.0,1,WIN,PRIMARY_CERTIFIED
27,2026-07-12,401857061,Awa Fam,PR,UNDER,17.5,-124.0,0.5535714285714286,,UNKNOWN,0,,,,,,,,,,,,,,,,5.0,1,WIN,PRIMARY_CERTIFIED
39,2026-07-12,401857061,Awa Fam,REB,UNDER,5.5,-142.25,0.587203302373581,,UNKNOWN,0,,,,,,,,,,,,,,,,5.0,1,WIN,PRIMARY_CERTIFIED
38,2026-07-12,401857061,Dominique Malonga,PA,UNDER,18.5,-107.5,0.5180722891566265,,UNKNOWN,0,,,,,,,,,,,,,,,,5.0,1,WIN,PRIMARY_CERTIFIED
42,2026-07-12,401857061,Dominique Malonga,PR,UNDER,25.5,-117.5,0.5402298850574713,,UNKNOWN,0,,,,,,,,,,,,,,,,12.0,1,WIN,PRIMARY_CERTIFIED
43,2026-07-12,401857061,Dominique Malonga,PRA,UNDER,27.5,-118.67,0.5426898980198472,,UNKNOWN,0,,,,,,,,,,,,,,,,13.0,1,WIN,PRIMARY_CERTIFIED
28,2026-07-12,401857061,Dominique Malonga,PTS,UNDER,16.5,-106.0,0.5145631067961165,,UNKNOWN,0,,,,,,,,,,,,,,,,4.0,1,WIN,PRIMARY_CERTIFIED
35,2026-07-12,401857061,Kiki Iriafen,REB,OVER,8.5,-133.8,0.572284003421728,,UNKNOWN,0,,,,,,,,,,,,,,,,10.0,1,WIN,PRIMARY_CERTIFIED
44,2026-07-12,401857061,Michaela Onyenwere,3PM,UNDER,1.5,-209.75,0.6771589991928975,,UNKNOWN,0,,,,,,,,,,,,,,,,0.0,1,WIN,PRIMARY_CERTIFIED
26,2026-07-12,401857061,Michaela Onyenwere,PR,UNDER,13.5,-131.0,0.5670995670995671,,UNKNOWN,0,,,,,,,,,,,,,,,,0.0,1,WIN,PRIMARY_CERTIFIED
37,2026-07-12,401857061,Michaela Onyenwere,PTS,UNDER,10.5,-130.0,0.5652173913043478,,UNKNOWN,0,,,,,,,,,,,,,,,,0.0,1,WIN,PRIMARY_CERTIFIED
24,2026-07-12,401857061,Michaela Onyenwere,REB,UNDER,3.5,-208.0,0.6753246753246753,,UNKNOWN,0,,,,,,,,,,,,,,,,0.0,1,WIN,PRIMARY_CERTIFIED
19,2026-07-12,401857061,Natisha Hiedeman,AST,UNDER,4.5,-135.0,0.574468085106383,,UNKNOWN,0,,,,,,,,,,,,,,,,3.0,1,WIN,PRIMARY_CERTIFIED
14,2026-07-12,401857061,Natisha Hiedeman,PA,OVER,18.5,-126.0,0.5575221238938053,,UNKNOWN,0,,,,,,,,,,,,,,,,21.0,1,WIN,PRIMARY_CERTIFIED
0,2026-07-12,401857061,Natisha Hiedeman,PR,OVER,16.5,-119.0,0.54337899543379,,UNKNOWN,0,,,,,,,,,,,,,,,,20.0,1,WIN,PRIMARY_CERTIFIED
23,2026-07-12,401857061,Natisha Hiedeman,PRA,OVER,21.5,-111.0,0.5260663507109005,,UNKNOWN,0,,,,,,,,,,,,,,,,23.0,1,WIN,PRIMARY_CERTIFIED
12,2026-07-12,401857061,Natisha Hiedeman,PTS,OVER,14.5,-108.8,0.5210727969348659,,UNKNOWN,0,,,,,,,,,,,,,,,,18.0,1,WIN,PRIMARY_CERTIFIED
32,2026-07-12,401857062,Arike Ogunbowale,3PM,UNDER,1.5,103.0,0.49261083743842365,,UNKNOWN,0,,,,,,,,,,,,,,,,2.0,0,LOSS,PRIMARY_CERTIFIED
34,2026-07-12,401857062,Azura Stevens,PA,UNDER,14.5,-107.0,0.5169082125603864,,UNKNOWN,0,,,,,,,,,,,,,,,,2.0,1,WIN,PRIMARY_CERTIFIED
15,2026-07-12,401857062,Azura Stevens,PR,UNDER,19.5,-119.0,0.54337899543379,,UNKNOWN,0,,,,,,,,,,,,,,,,4.0,1,WIN,PRIMARY_CERTIFIED
48,2026-07-12,401857062,Azura Stevens,PRA,UNDER,21.5,-102.0,0.504950495049505,,UNKNOWN,0,,,,,,,,,,,,,,,,4.0,1,WIN,PRIMARY_CERTIFIED
46,2026-07-12,401857062,Azura Stevens,PRA,UNDER,22.5,-124.5,0.5545657015590201,,UNKNOWN,0,,,,,,,,,,,,,,,,4.0,1,WIN,PRIMARY_CERTIFIED
9,2026-07-12,401857062,Azura Stevens,PTS,UNDER,12.5,-128.5,0.562363238512035,,UNKNOWN,0,,,,,,,,,,,,,,,,2.0,1,WIN,PRIMARY_CERTIFIED
55,2026-07-12,401857062,Azzi Fudd,PRA,UNDER,19.5,-131.0,0.5670995670995671,,UNKNOWN,0,,,,,,,,,,,,,,,,0.0,1,WIN,PRIMARY_CERTIFIED
52,2026-07-12,401857062,Azzi Fudd,PTS,UNDER,14.5,-113.0,0.5305164319248826,,UNKNOWN,0,,,,,,,,,,,,,,,,0.0,1,WIN,PRIMARY_CERTIFIED
59,2026-07-12,401857062,Courtney Vandersloot,PA,UNDER,12.5,-107.5,0.5180722891566265,,UNKNOWN,0,,,,,,,,,,,,,,,,5.0,1,WIN,PRIMARY_CERTIFIED
56,2026-07-12,401857062,Courtney Vandersloot,PTS,UNDER,7.5,-103.75,0.50920245398773,,UNKNOWN,0,,,,,,,,,,,,,,,,4.0,1,WIN,PRIMARY_CERTIFIED
57,2026-07-12,401857062,Kamilla Cardoso,PA,UNDER,18.5,-130.0,0.5652173913043478,,UNKNOWN,0,,,,,,,,,,,,,,,,6.0,1,WIN,PRIMARY_CERTIFIED
60,2026-07-12,401857062,Kamilla Cardoso,PR,UNDER,23.5,-113.0,0.5305164319248826,,UNKNOWN,0,,,,,,,,,,,,,,,,9.0,1,WIN,PRIMARY_CERTIFIED
58,2026-07-12,401857062,Kamilla Cardoso,PRA,UNDER,26.5,-113.33,0.5312426756668073,,UNKNOWN,0,,,,,,,,,,,,,,,,9.0,1,WIN,PRIMARY_CERTIFIED
61,2026-07-12,401857062,Kamilla Cardoso,PTS,UNDER,15.5,-128.0,0.5614035087719298,,UNKNOWN,0,,,,,,,,,,,,,,,,6.0,1,WIN,PRIMARY_CERTIFIED
53,2026-07-12,401857062,Kamilla Cardoso,RA,UNDER,11.5,-118.0,0.5412844036697247,,UNKNOWN,0,,,,,,,,,,,,,,,,3.0,1,WIN,PRIMARY_CERTIFIED
54,2026-07-12,401857062,Kamilla Cardoso,REB,UNDER,8.5,-117.5,0.5402298850574713,,UNKNOWN,0,,,,,,,,,,,,,,,,3.0,1,WIN,PRIMARY_CERTIFIED
50,2026-07-12,401857062,Natasha Cloud,AST,OVER,4.5,-156.67,0.6103946701990883,,UNKNOWN,0,,,,,,,,,,,,,,,,1.0,0,LOSS,PRIMARY_CERTIFIED
51,2026-07-12,401857062,Natasha Cloud,PTS,UNDER,11.5,-131.0,0.5670995670995671,,UNKNOWN,0,,,,,,,,,,,,,,,,0.0,1,WIN,PRIMARY_CERTIFIED
62,2026-07-12,401857062,Sydney Taylor,3PM,OVER,1.5,-172.5,0.6330275229357798,,UNKNOWN,0,,,,,,,,,,,,,,,,2.0,1,WIN,PRIMARY_CERTIFIED
49,2026-07-12,401857063,A'ja Wilson,3PM,OVER,0.5,-172.4,0.6328928046989721,,UNKNOWN,0,,,,,,,,,,,,,,,,0.0,0,LOSS,PRIMARY_CERTIFIED
6,2026-07-12,401857063,A'ja Wilson,AST,UNDER,3.5,-167.0,0.6254681647940075,,UNKNOWN,0,,,,,,,,,,,,,,,,2.0,1,WIN,PRIMARY_CERTIFIED
29,2026-07-12,401857063,A'ja Wilson,PR,OVER,35.5,-111.5,0.5271867612293144,,UNKNOWN,0,,,,,,,,,,,,,,,,32.0,0,LOSS,PRIMARY_CERTIFIED
31,2026-07-12,401857063,A'ja Wilson,PRA,OVER,38.5,-116.0,0.5370370370370371,,UNKNOWN,0,,,,,,,,,,,,,,,,34.0,0,LOSS,PRIMARY_CERTIFIED
40,2026-07-12,401857063,A'ja Wilson,RA,OVER,12.5,-112.5,0.5294117647058824,,UNKNOWN,0,,,,,,,,,,,,,,,,14.0,1,WIN,PRIMARY_CERTIFIED
36,2026-07-12,401857063,A'ja Wilson,REB,OVER,9.5,-112.8,0.5300751879699248,,UNKNOWN,0,,,,,,,,,,,,,,,,12.0,1,WIN,PRIMARY_CERTIFIED
21,2026-07-12,401857063,Aliyah Boston,PTS,OVER,16.5,-109.8,0.5233555767397521,,UNKNOWN,0,,,,,,,,,,,,,,,,19.0,1,WIN,PRIMARY_CERTIFIED
47,2026-07-12,401857063,Aliyah Boston,RA,UNDER,11.5,101.0,0.4975124378109453,,UNKNOWN,0,,,,,,,,,,,,,,,,15.0,0,LOSS,PRIMARY_CERTIFIED
45,2026-07-12,401857063,Aliyah Boston,RA,UNDER,12.5,-138.0,0.5798319327731093,,UNKNOWN,0,,,,,,,,,,,,,,,,15.0,0,LOSS,PRIMARY_CERTIFIED
17,2026-07-12,401857063,Jackie Young,REB,UNDER,4.5,-157.5,0.6116504854368932,,UNKNOWN,0,,,,,,,,,,,,,,,,1.0,1,WIN,PRIMARY_CERTIFIED
18,2026-07-12,401857063,Jewell Loyd,3PM,OVER,1.5,-149.0,0.5983935742971888,,UNKNOWN,0,,,,,,,,,,,,,,,,0.0,0,LOSS,PRIMARY_CERTIFIED
20,2026-07-12,401857063,Jewell Loyd,3PM,UNDER,2.5,-209.5,0.6768982229402262,,UNKNOWN,0,,,,,,,,,,,,,,,,0.0,1,WIN,PRIMARY_CERTIFIED
1,2026-07-12,401857063,Kelsey Mitchell,3PM,OVER,2.5,-129.67,0.5645926764488178,,UNKNOWN,0,,,,,,,,,,,,,,,,3.0,1,WIN,PRIMARY_CERTIFIED
16,2026-07-12,401857063,Kelsey Mitchell,AST,OVER,2.5,-160.33,0.6158721622555986,,UNKNOWN,0,,,,,,,,,,,,,,,,3.0,1,WIN,PRIMARY_CERTIFIED
7,2026-07-12,401857063,Kelsey Mitchell,PA,OVER,25.5,-109.0,0.5215311004784688,,UNKNOWN,0,,,,,,,,,,,,,,,,30.0,1,WIN,PRIMARY_CERTIFIED
5,2026-07-12,401857063,Kelsey Mitchell,PR,OVER,23.5,-125.0,0.5555555555555556,,UNKNOWN,0,,,,,,,,,,,,,,,,30.0,1,WIN,PRIMARY_CERTIFIED
3,2026-07-12,401857063,Kelsey Mitchell,PRA,OVER,26.5,-119.33,0.544066019240414,,UNKNOWN,0,,,,,,,,,,,,,,,,33.0,1,WIN,PRIMARY_CERTIFIED
2,2026-07-12,401857063,Kelsey Mitchell,PTS,OVER,21.5,-126.0,0.5575221238938053,,UNKNOWN,0,,,,,,,,,,,,,,,,27.0,1,WIN,PRIMARY_CERTIFIED
8,2026-07-12,401857063,Kelsey Mitchell,PTS,OVER,22.5,-114.0,0.5327102803738317,,UNKNOWN,0,,,,,,,,,,,,,,,,27.0,1,WIN,PRIMARY_CERTIFIED
33,2026-07-12,401857063,NaLyssa Smith,PR,OVER,16.5,-132.0,0.5689655172413793,,UNKNOWN,0,,,,,,,,,,,,,,,,14.0,0,LOSS,PRIMARY_CERTIFIED
10,2026-07-12,401857063,Sophie Cunningham,REB,UNDER,2.5,-135.5,0.5753715498938429,,UNKNOWN,0,,,,,,,,,,,,,,,,0.0,1,WIN,PRIMARY_CERTIFIED
64,2026-07-13,401857064,Allisha Gray,3PM,UNDER,1.5,109.5,0.477326968973747,,UNKNOWN,0,,,,,,,,,,,,,,,,3.0,0,LOSS,PRIMARY_CERTIFIED
99,2026-07-13,401857064,Allisha Gray,3PM,UNDER,1.5,108.75,0.47904191616766467,,UNKNOWN,0,,,,,,,,,,,,,,,,3.0,0,LOSS,PRIMARY_CERTIFIED
131,2026-07-13,401857064,Allisha Gray,PR,UNDER,25.5,-127.0,0.5594713656387665,,UNKNOWN,0,,,,,,,,,,,,,,,,21.0,1,WIN,PRIMARY_CERTIFIED
95,2026-07-13,401857064,Ariel Atkins,REB,OVER,2.5,-159.5,0.6146435452793835,,UNKNOWN,0,,,,,,,,,,,,,,,,3.0,1,WIN,PRIMARY_CERTIFIED
129,2026-07-13,401857064,Ariel Atkins,REB,OVER,2.5,-165.5,0.623352165725047,,UNKNOWN,0,,,,,,,,,,,,,,,,3.0,1,WIN,PRIMARY_CERTIFIED
132,2026-07-13,401857064,Ariel Atkins,REB,UNDER,3.5,-177.5,0.6396396396396397,,UNKNOWN,0,,,,,,,,,,,,,,,,3.0,1,WIN,PRIMARY_CERTIFIED
100,2026-07-13,401857064,Dearica Hamby,AST,UNDER,3.5,-260.0,0.7222222222222222,,UNKNOWN,0,,,,,,,,,,,,,,,,2.0,1,WIN,PRIMARY_CERTIFIED
94,2026-07-13,401857064,Dearica Hamby,PTS,OVER,15.5,-120.0,0.5454545454545454,,UNKNOWN,0,,,,,,,,,,,,,,,,12.0,0,LOSS,PRIMARY_CERTIFIED
128,2026-07-13,401857064,Dearica Hamby,PTS,OVER,15.5,-120.75,0.5469988674971688,,UNKNOWN,0,,,,,,,,,,,,,,,,12.0,0,LOSS,PRIMARY_CERTIFIED
108,2026-07-13,401857064,Jordin Canada,REB,OVER,3.5,-158.0,0.6124031007751938,,UNKNOWN,0,,,,,,,,,,,,,,,,3.0,0,LOSS,PRIMARY_CERTIFIED
66,2026-07-13,401857064,Naz Hillmon,3PM,UNDER,1.5,-203.75,0.6707818930041153,,UNKNOWN,0,,,,,,,,,,,,,,,,1.0,1,WIN,PRIMARY_CERTIFIED
102,2026-07-13,401857064,Naz Hillmon,3PM,UNDER,1.5,-199.5,0.666110183639399,,UNKNOWN,0,,,,,,,,,,,,,,,,1.0,1,WIN,PRIMARY_CERTIFIED
77,2026-07-13,401857064,Nneka Ogwumike,AST,OVER,2.5,-165.0,0.6226415094339622,,UNKNOWN,0,,,,,,,,,,,,,,,,5.0,1,WIN,PRIMARY_CERTIFIED
112,2026-07-13,401857064,Nneka Ogwumike,AST,OVER,2.5,-170.5,0.6303142329020333,,UNKNOWN,0,,,,,,,,,,,,,,,,5.0,1,WIN,PRIMARY_CERTIFIED
135,2026-07-13,401857064,Nneka Ogwumike,PA,OVER,19.5,-121.0,0.5475113122171946,,UNKNOWN,0,,,,,,,,,,,,,,,,24.0,1,WIN,PRIMARY_CERTIFIED
137,2026-07-13,401857064,Nneka Ogwumike,PA,OVER,20.5,-112.0,0.5283018867924528,,UNKNOWN,0,,,,,,,,,,,,,,,,24.0,1,WIN,PRIMARY_CERTIFIED
136,2026-07-13,401857064,Nneka Ogwumike,PRA,OVER,28.5,-120.5,0.546485260770975,,UNKNOWN,0,,,,,,,,,,,,,,,,29.0,1,WIN,PRIMARY_CERTIFIED
133,2026-07-13,401857064,Nneka Ogwumike,PTS,OVER,16.5,-115.0,0.5348837209302325,,UNKNOWN,0,,,,,,,,,,,,,,,,19.0,1,WIN,PRIMARY_CERTIFIED
134,2026-07-13,401857064,Nneka Ogwumike,PTS,OVER,17.5,-51.75,0.34102141680395387,,UNKNOWN,0,,,,,,,,,,,,,,,,19.0,1,WIN,PRIMARY_CERTIFIED
75,2026-07-13,401857064,Rhyne Howard,PA,UNDER,23.5,-110.5,0.5249406175771971,,UNKNOWN,0,,,,,,,,,,,,,,,,14.0,1,WIN,PRIMARY_CERTIFIED
110,2026-07-13,401857064,Rhyne Howard,PA,UNDER,23.5,-114.5,0.5337995337995338,,UNKNOWN,0,,,,,,,,,,,,,,,,14.0,1,WIN,PRIMARY_CERTIFIED
84,2026-07-13,401857064,Rhyne Howard,PR,UNDER,24.5,-113.0,0.5305164319248826,,UNKNOWN,0,,,,,,,,,,,,,,,,16.0,1,WIN,PRIMARY_CERTIFIED
117,2026-07-13,401857064,Rhyne Howard,PR,UNDER,24.5,-117.0,0.5391705069124424,,UNKNOWN,0,,,,,,,,,,,,,,,,16.0,1,WIN,PRIMARY_CERTIFIED
74,2026-07-13,401857064,Rhyne Howard,PRA,UNDER,28.5,-122.0,0.5495495495495496,,UNKNOWN,0,,,,,,,,,,,,,,,,19.0,1,WIN,PRIMARY_CERTIFIED
109,2026-07-13,401857064,Rhyne Howard,PRA,UNDER,28.5,-122.67,0.5509049265729554,,UNKNOWN,0,,,,,,,,,,,,,,,,19.0,1,WIN,PRIMARY_CERTIFIED
85,2026-07-13,401857064,Rhyne Howard,PTS,UNDER,19.5,-104.0,0.5098039215686274,,UNKNOWN,0,,,,,,,,,,,,,,,,11.0,1,WIN,PRIMARY_CERTIFIED
118,2026-07-13,401857064,Rhyne Howard,PTS,UNDER,19.5,-105.5,0.51338199513382,,UNKNOWN,0,,,,,,,,,,,,,,,,11.0,1,WIN,PRIMARY_CERTIFIED
76,2026-07-13,401857064,Rhyne Howard,PTS,UNDER,20.5,-126.0,0.5575221238938053,,UNKNOWN,0,,,,,,,,,,,,,,,,11.0,1,WIN,PRIMARY_CERTIFIED
96,2026-07-13,401857064,Rhyne Howard,RA,UNDER,8.5,-154.0,0.6062992125984252,,UNKNOWN,0,,,,,,,,,,,,,,,,8.0,1,WIN,PRIMARY_CERTIFIED
87,2026-07-13,401857065,Alyssa Thomas,AST,UNDER,8.5,-158.0,0.6124031007751938,,UNKNOWN,0,,,,,,,,,,,,,,,,12.0,0,LOSS,PRIMARY_CERTIFIED
79,2026-07-13,401857065,Alyssa Thomas,RA,UNDER,15.5,-126.0,0.5575221238938053,,UNKNOWN,0,,,,,,,,,,,,,,,,20.0,0,LOSS,PRIMARY_CERTIFIED
114,2026-07-13,401857065,Alyssa Thomas,RA,UNDER,15.5,-140.0,0.5833333333333334,,UNKNOWN,0,,,,,,,,,,,,,,,,20.0,0,LOSS,PRIMARY_CERTIFIED
67,2026-07-13,401857065,Alyssa Thomas,REB,UNDER,7.5,-150.0,0.6,,UNKNOWN,0,,,,,,,,,,,,,,,,8.0,0,LOSS,PRIMARY_CERTIFIED
68,2026-07-13,401857065,Courtney Williams,RA,OVER,8.5,-149.0,0.5983935742971888,,UNKNOWN,0,,,,,,,,,,,,,,,,10.0,1,WIN,PRIMARY_CERTIFIED
92,2026-07-13,401857065,Courtney Williams,RA,OVER,9.5,116.0,0.46296296296296297,,UNKNOWN,0,,,,,,,,,,,,,,,,10.0,1,WIN,PRIMARY_CERTIFIED
123,2026-07-13,401857065,Courtney Williams,RA,OVER,9.5,0.0,,,UNKNOWN,0,,,,,,,,,,,,,,,,10.0,1,WIN,PRIMARY_CERTIFIED
63,2026-07-13,401857065,Kahleah Copper,REB,OVER,3.5,-136.4,0.5769881556683587,,UNKNOWN,0,,,,,,,,,,,,,,,,3.0,0,LOSS,PRIMARY_CERTIFIED
98,2026-07-13,401857065,Kahleah Copper,REB,OVER,3.5,-126.4,0.558303886925795,,UNKNOWN,0,,,,,,,,,,,,,,,,3.0,0,LOSS,PRIMARY_CERTIFIED
93,2026-07-13,401857065,Kayla McBride,PA,OVER,19.5,-113.5,0.531615925058548,,UNKNOWN,0,,,,,,,,,,,,,,,,38.0,1,WIN,PRIMARY_CERTIFIED
127,2026-07-13,401857065,Kayla McBride,PA,OVER,19.5,-111.5,0.5271867612293144,,UNKNOWN,0,,,,,,,,,,,,,,,,38.0,1,WIN,PRIMARY_CERTIFIED
80,2026-07-13,401857065,Kayla McBride,PR,OVER,19.5,-130.0,0.5652173913043478,,UNKNOWN,0,,,,,,,,,,,,,,,,43.0,1,WIN,PRIMARY_CERTIFIED
113,2026-07-13,401857065,Kayla McBride,PR,OVER,19.5,-123.0,0.5515695067264574,,UNKNOWN,0,,,,,,,,,,,,,,,,43.0,1,WIN,PRIMARY_CERTIFIED
89,2026-07-13,401857065,Kayla McBride,PRA,OVER,22.5,-122.5,0.550561797752809,,UNKNOWN,0,,,,,,,,,,,,,,,,44.0,1,WIN,PRIMARY_CERTIFIED
122,2026-07-13,401857065,Kayla McBride,PRA,OVER,22.5,-120.75,0.5469988674971688,,UNKNOWN,0,,,,,,,,,,,,,,,,44.0,1,WIN,PRIMARY_CERTIFIED
65,2026-07-13,401857065,Kayla McBride,PTS,OVER,16.5,-66.6,0.3997599039615846,,UNKNOWN,0,,,,,,,,,,,,,,,,37.0,1,WIN,PRIMARY_CERTIFIED
101,2026-07-13,401857065,Kayla McBride,PTS,OVER,16.5,-111.4,0.5269631031220435,,UNKNOWN,0,,,,,,,,,,,,,,,,37.0,1,WIN,PRIMARY_CERTIFIED
97,2026-07-13,401857065,Natasha Howard,AST,OVER,1.5,-193.0,0.658703071672355,,UNKNOWN,0,,,,,,,,,,,,,,,,7.0,1,WIN,PRIMARY_CERTIFIED
83,2026-07-13,401857065,Nia Coffey,3PM,UNDER,1.5,-173.0,0.6336996336996337,,UNKNOWN,0,,,,,,,,,,,,,,,,1.0,1,WIN,PRIMARY_CERTIFIED
115,2026-07-13,401857065,Nia Coffey,3PM,UNDER,1.5,-170.5,0.6303142329020333,,UNKNOWN,0,,,,,,,,,,,,,,,,1.0,1,WIN,PRIMARY_CERTIFIED
126,2026-07-13,401857065,Nia Coffey,PA,UNDER,9.5,-108.0,0.5192307692307693,,UNKNOWN,0,,,,,,,,,,,,,,,,5.0,1,WIN,PRIMARY_CERTIFIED
69,2026-07-13,401857065,Nia Coffey,PA,UNDER,10.5,-128.0,0.5614035087719298,,UNKNOWN,0,,,,,,,,,,,,,,,,5.0,1,WIN,PRIMARY_CERTIFIED
120,2026-07-13,401857065,Nia Coffey,PR,UNDER,12.5,-103.0,0.5073891625615764,,UNKNOWN,0,,,,,,,,,,,,,,,,8.0,1,WIN,PRIMARY_CERTIFIED
72,2026-07-13,401857065,Nia Coffey,PR,UNDER,13.5,-126.0,0.5575221238938053,,UNKNOWN,0,,,,,,,,,,,,,,,,8.0,1,WIN,PRIMARY_CERTIFIED
106,2026-07-13,401857065,Nia Coffey,PR,UNDER,13.5,-130.0,0.5652173913043478,,UNKNOWN,0,,,,,,,,,,,,,,,,8.0,1,WIN,PRIMARY_CERTIFIED
73,2026-07-13,401857065,Nia Coffey,PRA,UNDER,15.5,-110.67,0.5253239663929368,,UNKNOWN,0,,,,,,,,,,,,,,,,8.0,1,WIN,PRIMARY_CERTIFIED
107,2026-07-13,401857065,Nia Coffey,PRA,UNDER,15.5,-116.33,0.5377432626080525,,UNKNOWN,0,,,,,,,,,,,,,,,,8.0,1,WIN,PRIMARY_CERTIFIED
71,2026-07-13,401857065,Nia Coffey,PTS,UNDER,7.5,-111.25,0.5266272189349113,,UNKNOWN,0,,,,,,,,,,,,,,,,5.0,1,WIN,PRIMARY_CERTIFIED
105,2026-07-13,401857065,Nia Coffey,PTS,UNDER,7.5,-113.0,0.5305164319248826,,UNKNOWN,0,,,,,,,,,,,,,,,,5.0,1,WIN,PRIMARY_CERTIFIED
86,2026-07-13,401857065,Nia Coffey,REB,UNDER,5.5,-129.0,0.5633187772925764,,UNKNOWN,0,,,,,,,,,,,,,,,,3.0,1,WIN,PRIMARY_CERTIFIED
119,2026-07-13,401857065,Nia Coffey,REB,UNDER,5.5,-131.0,0.5670995670995671,,UNKNOWN,0,,,,,,,,,,,,,,,,3.0,1,WIN,PRIMARY_CERTIFIED
130,2026-07-13,401857065,Valeriane Ayayi,PTS,UNDER,10.5,-127.33,0.5601108520652796,,UNKNOWN,0,,,,,,,,,,,,,,,,4.0,1,WIN,PRIMARY_CERTIFIED
167,2026-07-14,401857066,Aaliyah Edwards,PR,UNDER,13.5,-105.0,0.5121951219512195,,UNKNOWN,0,,,,,,,,,,,,,,,,29.0,0,LOSS,PRIMARY_CERTIFIED
159,2026-07-14,401857066,Bridget Carleton,3PM,UNDER,4.5,-178.0,0.6402877697841727,,UNKNOWN,0,,,,,,,,,,,,,,,,2.0,1,WIN,PRIMARY_CERTIFIED
169,2026-07-14,401857066,Bridget Carleton,PA,UNDER,18.5,-120.0,0.5454545454545454,,UNKNOWN,0,,,,,,,,,,,,,,,,15.0,1,WIN,PRIMARY_CERTIFIED
187,2026-07-14,401857066,Bridget Carleton,PR,UNDER,19.5,-110.0,0.5238095238095238,,UNKNOWN,0,,,,,,,,,,,,,,,,15.0,1,WIN,PRIMARY_CERTIFIED
189,2026-07-14,401857066,Bridget Carleton,PRA,UNDER,21.5,-110.0,0.5238095238095238,,UNKNOWN,0,,,,,,,,,,,,,,,,18.0,1,WIN,PRIMARY_CERTIFIED
166,2026-07-14,401857066,Bridget Carleton,PTS,UNDER,16.5,-115.0,0.5348837209302325,,UNKNOWN,0,,,,,,,,,,,,,,,,12.0,1,WIN,PRIMARY_CERTIFIED
161,2026-07-14,401857066,Bridget Carleton,PTS,UNDER,17.5,-108.0,0.5192307692307693,,UNKNOWN,0,,,,,,,,,,,,,,,,12.0,1,WIN,PRIMARY_CERTIFIED
160,2026-07-14,401857066,Brittney Griner,AST,UNDER,3.5,130.0,0.43478260869565216,,UNKNOWN,0,,,,,,,,,,,,,,,,6.0,0,LOSS,PRIMARY_CERTIFIED
152,2026-07-14,401857066,Brittney Griner,AST,UNDER,4.5,-195.0,0.6610169491525424,,UNKNOWN,0,,,,,,,,,,,,,,,,6.0,0,LOSS,PRIMARY_CERTIFIED
90,2026-07-14,401857066,Carla Leite,REB,OVER,2.5,35.67,0.7370826269624824,,UNKNOWN,0,,,,,,,,,,,,,,,,1.0,0,LOSS,PRIMARY_CERTIFIED
124,2026-07-14,401857066,Carla Leite,REB,OVER,2.5,36.0,0.7352941176470589,,UNKNOWN,0,,,,,,,,,,,,,,,,1.0,0,LOSS,PRIMARY_CERTIFIED
146,2026-07-14,401857066,Carla Leite,REB,OVER,2.5,52.0,0.6578947368421053,,UNKNOWN,0,,,,,,,,,,,,,,,,1.0,0,LOSS,PRIMARY_CERTIFIED
195,2026-07-14,401857066,Charlisse Leger-Walker,AST,UNDER,3.5,21.67,0.8218952905399852,,UNKNOWN,0,,,,,,,,,,,,,,,,7.0,0,LOSS,PRIMARY_CERTIFIED
190,2026-07-14,401857066,Charlisse Leger-Walker,PA,UNDER,12.5,-110.0,0.5238095238095238,,UNKNOWN,0,,,,,,,,,,,,,,,,11.0,1,WIN,PRIMARY_CERTIFIED
150,2026-07-14,401857066,Emily Engstler,3PM,OVER,0.5,-222.0,0.6894409937888198,,UNKNOWN,0,,,,,,,,,,,,,,,,1.0,1,WIN,PRIMARY_CERTIFIED
103,2026-07-14,401857066,Emily Engstler,REB,OVER,5.5,-145.25,0.5922528032619776,,UNKNOWN,0,,,,,,,,,,,,,,,,6.0,1,WIN,PRIMARY_CERTIFIED
138,2026-07-14,401857066,Emily Engstler,REB,OVER,5.5,-144.4,0.5908346972176759,,UNKNOWN,0,,,,,,,,,,,,,,,,6.0,1,WIN,PRIMARY_CERTIFIED
171,2026-07-14,401857066,Olivia Nelson-Ododa,PR,UNDER,20.5,-120.0,0.5454545454545454,,UNKNOWN,0,,,,,,,,,,,,,,,,22.0,0,LOSS,PRIMARY_CERTIFIED
162,2026-07-14,401857066,Olivia Nelson-Ododa,REB,UNDER,8.5,-122.5,0.550561797752809,,UNKNOWN,0,,,,,,,,,,,,,,,,6.0,1,WIN,PRIMARY_CERTIFIED
151,2026-07-14,401857066,Sarah Ashlee Barker,3PM,UNDER,1.5,-205.25,0.6723996723996724,,UNKNOWN,0,,,,,,,,,,,,,,,,0.0,1,WIN,PRIMARY_CERTIFIED
196,2026-07-14,401857066,Sarah Ashlee Barker,3PM,UNDER,1.5,-209.0,0.6763754045307443,,UNKNOWN,0,,,,,,,,,,,,,,,,0.0,1,WIN,PRIMARY_CERTIFIED
149,2026-07-14,401857066,Sarah Ashlee Barker,AST,OVER,2.5,-123.0,0.5515695067264574,,UNKNOWN,0,,,,,,,,,,,,,,,,2.0,0,LOSS,PRIMARY_CERTIFIED
140,2026-07-14,401857066,Sarah Ashlee Barker,REB,OVER,3.5,-164.0,0.6212121212121212,,UNKNOWN,0,,,,,,,,,,,,,,,,5.0,1,WIN,PRIMARY_CERTIFIED
144,2026-07-14,401857066,Sarah Ashlee Barker,REB,OVER,4.5,127.25,0.44004400440044006,,UNKNOWN,0,,,,,,,,,,,,,,,,5.0,1,WIN,PRIMARY_CERTIFIED
82,2026-07-14,401857067,Georgia Amoore,3PM,UNDER,1.5,-185.0,0.6491228070175439,,UNKNOWN,0,,,,,,,,,,,,,,,,1.0,1,WIN,PRIMARY_CERTIFIED
116,2026-07-14,401857067,Georgia Amoore,3PM,UNDER,1.5,-192.0,0.6575342465753424,,UNKNOWN,0,,,,,,,,,,,,,,,,1.0,1,WIN,PRIMARY_CERTIFIED
78,2026-07-14,401857067,Georgia Amoore,PRA,UNDER,12.5,-118.0,0.5412844036697247,,UNKNOWN,0,,,,,,,,,,,,,,,,10.0,1,WIN,PRIMARY_CERTIFIED
111,2026-07-14,401857067,Georgia Amoore,PRA,UNDER,12.5,-110.0,0.5238095238095238,,UNKNOWN,0,,,,,,,,,,,,,,,,10.0,1,WIN,PRIMARY_CERTIFIED
88,2026-07-14,401857067,Kiki Iriafen,AST,UNDER,2.5,-179.0,0.6415770609318996,,UNKNOWN,0,,,,,,,,,,,,,,,,1.0,1,WIN,PRIMARY_CERTIFIED
121,2026-07-14,401857067,Kiki Iriafen,AST,UNDER,2.5,-175.0,0.6363636363636364,,UNKNOWN,0,,,,,,,,,,,,,,,,1.0,1,WIN,PRIMARY_CERTIFIED
145,2026-07-14,401857067,Kiki Iriafen,AST,UNDER,2.5,-196.0,0.6621621621621622,,UNKNOWN,0,,,,,,,,,,,,,,,,1.0,1,WIN,PRIMARY_CERTIFIED
81,2026-07-14,401857067,Kiki Iriafen,PRA,UNDER,27.5,-130.0,0.5652173913043478,,UNKNOWN,0,,,,,,,,,,,,,,,,40.0,0,LOSS,PRIMARY_CERTIFIED
141,2026-07-14,401857067,Kiki Iriafen,PRA,UNDER,28.5,-128.0,0.5614035087719298,,UNKNOWN,0,,,,,,,,,,,,,,,,40.0,0,LOSS,PRIMARY_CERTIFIED
91,2026-07-14,401857067,Kiki Iriafen,REB,UNDER,10.5,-125.5,0.5565410199556541,,UNKNOWN,1,10.0,0.0,10.0,10.0,10.0,10.0,10.0,0.0,0.0,,,0.5,1.0,1.0,1.0,14.0,0,LOSS,PRIMARY_CERTIFIED
125,2026-07-14,401857067,Kiki Iriafen,REB,UNDER,10.5,-122.25,0.5500562429696289,,UNKNOWN,1,10.0,0.0,10.0,10.0,10.0,10.0,10.0,0.0,0.0,,,0.5,1.0,1.0,1.0,14.0,0,LOSS,PRIMARY_CERTIFIED
148,2026-07-14,401857067,Kiki Iriafen,REB,UNDER,10.5,-113.5,0.531615925058548,,UNKNOWN,1,10.0,0.0,10.0,10.0,10.0,10.0,10.0,0.0,0.0,,,0.5,1.0,1.0,1.0,14.0,0,LOSS,PRIMARY_CERTIFIED
193,2026-07-14,401857067,Kiki Iriafen,REB,UNDER,10.5,-113.0,0.5305164319248826,,UNKNOWN,1,10.0,0.0,10.0,10.0,10.0,10.0,10.0,0.0,0.0,,,0.5,1.0,1.0,1.0,14.0,0,LOSS,PRIMARY_CERTIFIED
142,2026-07-14,401857067,Laura Juskaite,REB,UNDER,4.5,-163.0,0.6197718631178707,,UNKNOWN,0,,,,,,,,,,,,,,,,4.0,1,WIN,PRIMARY_CERTIFIED
180,2026-07-14,401857067,Laura Juskaite,REB,UNDER,4.5,-162.0,0.6183206106870229,,UNKNOWN,0,,,,,,,,,,,,,,,,4.0,1,WIN,PRIMARY_CERTIFIED
147,2026-07-14,401857067,Michaela Onyenwere,3PM,UNDER,1.5,-244.0,0.7093023255813954,,UNKNOWN,1,0.0,0.0,0.0,0.0,0.0,0.0,0.0,0.0,0.0,,,1.5,1.0,1.0,1.0,2.0,0,LOSS,PRIMARY_CERTIFIED
70,2026-07-14,401857067,Shakira Austin,AST,UNDER,3.5,-192.0,0.6575342465753424,,UNKNOWN,0,,,,,,,,,,,,,,,,0.0,1,WIN,PRIMARY_CERTIFIED
104,2026-07-14,401857067,Shakira Austin,AST,UNDER,3.5,-185.0,0.6491228070175439,,UNKNOWN,0,,,,,,,,,,,,,,,,0.0,1,WIN,PRIMARY_CERTIFIED
174,2026-07-14,401857067,Shakira Austin,AST,UNDER,3.5,-218.0,0.6855345911949685,,UNKNOWN,0,,,,,,,,,,,,,,,,0.0,1,WIN,PRIMARY_CERTIFIED
242,2026-07-15,401857068,Awa Fam,PA,UNDER,14.5,-119.0,0.54337899543379,,UNKNOWN,0,,,,,,,,,,,,,,,,17.0,0,LOSS,PRIMARY_CERTIFIED
241,2026-07-15,401857068,Awa Fam,PR,UNDER,17.5,-109.0,0.5215311004784688,,UNKNOWN,1,5.0,0.0,5.0,5.0,5.0,5.0,5.0,0.0,0.0,,,12.5,1.0,1.0,1.0,21.0,0,LOSS,PRIMARY_CERTIFIED
247,2026-07-15,401857068,Awa Fam,PRA,UNDER,20.5,-130.0,0.5652173913043478,,UNKNOWN,0,,,,,,,,,,,,,,,,24.0,0,LOSS,PRIMARY_CERTIFIED
238,2026-07-15,401857068,Awa Fam,PTS,UNDER,12.5,-133.0,0.5708154506437768,,UNKNOWN,0,,,,,,,,,,,,,,,,14.0,0,LOSS,PRIMARY_CERTIFIED
259,2026-07-15,401857068,Awa Fam,REB,UNDER,5.5,-121.67,0.5488789642261018,,UNKNOWN,1,5.0,0.0,5.0,5.0,5.0,5.0,5.0,0.0,0.0,,,0.5,1.0,1.0,1.0,7.0,0,LOSS,PRIMARY_CERTIFIED
208,2026-07-15,401857068,Azura Stevens,PA,UNDER,16.5,-132.0,0.5689655172413793,,UNKNOWN,1,2.0,0.0,2.0,2.0,2.0,2.0,2.0,0.0,0.0,,,14.5,1.0,1.0,1.0,24.0,0,LOSS,PRIMARY_CERTIFIED
214,2026-07-15,401857068,Azura Stevens,PR,UNDER,21.5,-121.0,0.5475113122171946,,UNKNOWN,1,4.0,0.0,4.0,4.0,4.0,4.0,4.0,0.0,0.0,,,17.5,1.0,1.0,1.0,28.0,0,LOSS,PRIMARY_CERTIFIED
226,2026-07-15,401857068,Azura Stevens,PRA,UNDER,23.5,-108.0,0.5192307692307693,,UNKNOWN,1,4.0,0.0,4.0,4.0,4.0,4.0,4.0,0.0,0.0,,,19.5,1.0,1.0,1.0,32.0,0,LOSS,PRIMARY_CERTIFIED
212,2026-07-15,401857068,Azura Stevens,PRA,UNDER,24.5,-118.0,0.5412844036697247,,UNKNOWN,1,4.0,0.0,4.0,4.0,4.0,4.0,4.0,0.0,0.0,,,20.5,1.0,1.0,1.0,32.0,0,LOSS,PRIMARY_CERTIFIED
204,2026-07-15,401857068,Azura Stevens,PTS,UNDER,13.5,-130.33,0.5658403160682499,,UNKNOWN,1,2.0,0.0,2.0,2.0,2.0,2.0,2.0,0.0,0.0,,,11.5,1.0,1.0,1.0,20.0,0,LOSS,PRIMARY_CERTIFIED
235,2026-07-15,401857068,Courtney Vandersloot,PA,UNDER,13.5,-114.0,0.5327102803738317,,UNKNOWN,1,5.0,0.0,5.0,5.0,5.0,5.0,5.0,0.0,0.0,,,8.5,1.0,1.0,1.0,14.0,0,LOSS,PRIMARY_CERTIFIED
236,2026-07-15,401857068,Courtney Vandersloot,PRA,UNDER,16.5,-120.0,0.5454545454545454,,UNKNOWN,0,,,,,,,,,,,,,,,,15.0,1,WIN,PRIMARY_CERTIFIED
248,2026-07-15,401857068,Courtney Vandersloot,PTS,UNDER,8.5,-104.0,0.5098039215686274,,UNKNOWN,1,4.0,0.0,4.0,4.0,4.0,4.0,4.0,0.0,0.0,,,4.5,1.0,1.0,1.0,8.0,1,WIN,PRIMARY_CERTIFIED
239,2026-07-15,401857068,Courtney Vandersloot,PTS,UNDER,9.5,-154.0,0.6062992125984252,,UNKNOWN,1,4.0,0.0,4.0,4.0,4.0,4.0,4.0,0.0,0.0,,,5.5,1.0,1.0,1.0,8.0,1,WIN,PRIMARY_CERTIFIED
240,2026-07-15,401857068,Dominique Malonga,PA,UNDER,19.5,-125.0,0.5555555555555556,,UNKNOWN,1,5.0,0.0,5.0,5.0,5.0,5.0,5.0,0.0,0.0,,,14.5,1.0,1.0,1.0,20.0,0,LOSS,PRIMARY_CERTIFIED
261,2026-07-15,401857068,Dominique Malonga,PR,UNDER,26.5,-117.0,0.5391705069124424,,UNKNOWN,1,12.0,0.0,12.0,12.0,12.0,12.0,12.0,0.0,0.0,,,14.5,1.0,1.0,1.0,28.0,0,LOSS,PRIMARY_CERTIFIED
225,2026-07-15,401857068,Dominique Malonga,PRA,UNDER,28.5,-118.0,0.5412844036697247,,UNKNOWN,1,13.0,0.0,13.0,13.0,13.0,13.0,13.0,0.0,0.0,,,15.5,1.0,1.0,1.0,32.0,0,LOSS,PRIMARY_CERTIFIED
246,2026-07-15,401857068,Dominique Malonga,PTS,UNDER,17.5,-121.67,0.5488789642261018,,UNKNOWN,1,4.0,0.0,4.0,4.0,4.0,4.0,4.0,0.0,0.0,,,13.5,1.0,1.0,1.0,16.0,1,WIN,PRIMARY_CERTIFIED
252,2026-07-15,401857068,Dominique Malonga,REB,UNDER,9.5,-138.67,0.581011438387732,,UNKNOWN,0,,,,,,,,,,,,,,,,12.0,0,LOSS,PRIMARY_CERTIFIED
231,2026-07-15,401857068,Flau'jae Johnson,REB,UNDER,5.5,-131.67,0.5683515345102947,,UNKNOWN,0,,,,,,,,,,,,,,,,6.0,0,LOSS,PRIMARY_CERTIFIED
210,2026-07-15,401857068,Natasha Cloud,PR,UNDER,15.5,-117.0,0.5391705069124424,,UNKNOWN,0,,,,,,,,,,,,,,,,15.0,1,WIN,PRIMARY_CERTIFIED
206,2026-07-15,401857068,Natasha Cloud,PTS,UNDER,11.5,-128.0,0.5614035087719298,,UNKNOWN,1,0.0,0.0,0.0,0.0,0.0,0.0,0.0,0.0,0.0,,,11.5,1.0,1.0,1.0,13.0,0,LOSS,PRIMARY_CERTIFIED
201,2026-07-15,401857068,Natasha Cloud,REB,UNDER,4.5,-173.0,0.6336996336996337,,UNKNOWN,0,,,,,,,,,,,,,,,,2.0,1,WIN,PRIMARY_CERTIFIED
222,2026-07-15,401857068,Natisha Hiedeman,AST,UNDER,4.5,-131.67,0.5683515345102947,,UNKNOWN,1,3.0,0.0,3.0,3.0,3.0,3.0,3.0,0.0,0.0,,,1.5,1.0,1.0,1.0,3.0,1,WIN,PRIMARY_CERTIFIED
251,2026-07-15,401857068,Natisha Hiedeman,PR,OVER,18.5,-120.0,0.5454545454545454,,UNKNOWN,1,20.0,0.0,20.0,20.0,20.0,20.0,20.0,0.0,0.0,,,-1.5,1.0,1.0,1.0,9.0,0,LOSS,PRIMARY_CERTIFIED
263,2026-07-15,401857069,Ariel Atkins,REB,OVER,2.5,-164.5,0.6219281663516069,,UNKNOWN,1,3.0,0.0,3.0,3.0,3.0,3.0,3.0,0.0,0.0,,,-0.5,1.0,1.0,1.0,2.0,0,LOSS,PRIMARY_CERTIFIED
170,2026-07-15,401857069,Ariel Atkins,REB,UNDER,3.5,-177.0,0.6389891696750902,,UNKNOWN,1,3.0,0.0,3.0,3.0,3.0,3.0,3.0,0.0,0.0,,,0.5,1.0,1.0,1.0,2.0,1,WIN,PRIMARY_CERTIFIED
216,2026-07-15,401857069,Ariel Atkins,REB,UNDER,3.5,-181.0,0.6441281138790036,,UNKNOWN,1,3.0,0.0,3.0,3.0,3.0,3.0,3.0,0.0,0.0,,,0.5,1.0,1.0,1.0,2.0,1,WIN,PRIMARY_CERTIFIED
172,2026-07-15,401857069,Courtney Williams,PA,UNDER,19.5,-108.0,0.5192307692307693,,UNKNOWN,0,,,,,,,,,,,,,,,,23.0,0,LOSS,PRIMARY_CERTIFIED
218,2026-07-15,401857069,Courtney Williams,PA,UNDER,19.5,-114.5,0.5337995337995338,,UNKNOWN,0,,,,,,,,,,,,,,,,23.0,0,LOSS,PRIMARY_CERTIFIED
165,2026-07-15,401857069,Courtney Williams,PA,UNDER,20.5,-130.0,0.5652173913043478,,UNKNOWN,0,,,,,,,,,,,,,,,,23.0,0,LOSS,PRIMARY_CERTIFIED
178,2026-07-15,401857069,Courtney Williams,PRA,UNDER,25.5,-125.0,0.5555555555555556,,UNKNOWN,0,,,,,,,,,,,,,,,,25.0,1,WIN,PRIMARY_CERTIFIED
229,2026-07-15,401857069,Courtney Williams,PRA,UNDER,25.5,-130.0,0.5652173913043478,,UNKNOWN,0,,,,,,,,,,,,,,,,25.0,1,WIN,PRIMARY_CERTIFIED
182,2026-07-15,401857069,Courtney Williams,PTS,UNDER,15.5,-110.5,0.5249406175771971,,UNKNOWN,0,,,,,,,,,,,,,,,,19.0,0,LOSS,PRIMARY_CERTIFIED
245,2026-07-15,401857069,Courtney Williams,PTS,UNDER,15.5,-117.0,0.5391705069124424,,UNKNOWN,0,,,,,,,,,,,,,,,,19.0,0,LOSS,PRIMARY_CERTIFIED
188,2026-07-15,401857069,Courtney Williams,RA,OVER,9.5,0.0,,,UNKNOWN,1,10.0,0.0,10.0,10.0,10.0,10.0,10.0,0.0,0.0,,,-0.5,1.0,1.0,1.0,6.0,0,LOSS,PRIMARY_CERTIFIED
258,2026-07-15,401857069,Courtney Williams,RA,OVER,9.5,-106.5,0.5157384987893463,,UNKNOWN,1,10.0,0.0,10.0,10.0,10.0,10.0,10.0,0.0,0.0,,,-0.5,1.0,1.0,1.0,6.0,0,LOSS,PRIMARY_CERTIFIED
177,2026-07-15,401857069,Kayla McBride,PR,OVER,20.5,-125.0,0.5555555555555556,,UNKNOWN,1,43.0,0.0,43.0,43.0,43.0,43.0,43.0,0.0,0.0,,,-22.5,1.0,1.0,1.0,25.0,1,WIN,PRIMARY_CERTIFIED
234,2026-07-15,401857069,Kayla McBride,PR,OVER,21.5,-118.5,0.5423340961098398,,UNKNOWN,1,43.0,0.0,43.0,43.0,43.0,43.0,43.0,0.0,0.0,,,-21.5,1.0,1.0,1.0,25.0,1,WIN,PRIMARY_CERTIFIED
179,2026-07-15,401857069,Kayla McBride,PRA,OVER,23.5,-125.0,0.5555555555555556,,UNKNOWN,1,44.0,0.0,44.0,44.0,44.0,44.0,44.0,0.0,0.0,,,-20.5,1.0,1.0,1.0,26.0,1,WIN,PRIMARY_CERTIFIED
181,2026-07-15,401857069,Kayla McBride,PRA,OVER,24.5,-105.0,0.5121951219512195,,UNKNOWN,1,44.0,0.0,44.0,44.0,44.0,44.0,44.0,0.0,0.0,,,-19.5,1.0,1.0,1.0,26.0,1,WIN,PRIMARY_CERTIFIED
244,2026-07-15,401857069,Kayla McBride,PRA,OVER,24.5,-115.5,0.5359628770301624,,UNKNOWN,1,44.0,0.0,44.0,44.0,44.0,44.0,44.0,0.0,0.0,,,-19.5,1.0,1.0,1.0,26.0,1,WIN,PRIMARY_CERTIFIED
158,2026-07-15,401857069,Kayla McBride,PTS,OVER,17.5,-3.0,0.02912621359223301,,UNKNOWN,1,37.0,0.0,37.0,37.0,37.0,37.0,37.0,0.0,0.0,,,-19.5,1.0,1.0,1.0,24.0,1,WIN,PRIMARY_CERTIFIED
230,2026-07-15,401857069,Kayla McBride,PTS,OVER,18.5,-105.25,0.51278928136419,,UNKNOWN,1,37.0,0.0,37.0,37.0,37.0,37.0,37.0,0.0,0.0,,,-18.5,1.0,1.0,1.0,24.0,1,WIN,PRIMARY_CERTIFIED
194,2026-07-15,401857069,Kayla McBride,REB,OVER,3.5,-118.5,0.5423340961098398,,UNKNOWN,0,,,,,,,,,,,,,,,,1.0,0,LOSS,PRIMARY_CERTIFIED
267,2026-07-15,401857069,Kayla McBride,REB,OVER,3.5,3.0,0.970873786407767,,UNKNOWN,0,,,,,,,,,,,,,,,,1.0,0,LOSS,PRIMARY_CERTIFIED
249,2026-07-15,401857069,Natasha Howard,PTS,UNDER,16.5,-121.67,0.5488789642261018,,UNKNOWN,0,,,,,,,,,,,,,,,,10.0,1,WIN,PRIMARY_CERTIFIED
217,2026-07-15,401857069,Nia Coffey,3PM,UNDER,1.5,-169.67,0.6291764007861461,,UNKNOWN,1,1.0,0.0,1.0,1.0,1.0,1.0,1.0,0.0,0.0,,,0.5,1.0,1.0,1.0,2.0,0,LOSS,PRIMARY_CERTIFIED
237,2026-07-15,401857069,Nia Coffey,PA,UNDER,9.5,-135.0,0.574468085106383,,UNKNOWN,1,5.0,0.0,5.0,5.0,5.0,5.0,5.0,0.0,0.0,,,4.5,1.0,1.0,1.0,10.0,0,LOSS,PRIMARY_CERTIFIED
219,2026-07-15,401857069,Nia Coffey,PR,UNDER,12.5,-110.5,0.5249406175771971,,UNKNOWN,1,8.0,0.0,8.0,8.0,8.0,8.0,8.0,0.0,0.0,,,4.5,1.0,1.0,1.0,13.0,0,LOSS,PRIMARY_CERTIFIED
203,2026-07-15,401857069,Nia Coffey,PTS,UNDER,7.5,-133.0,0.5708154506437768,,UNKNOWN,1,5.0,0.0,5.0,5.0,5.0,5.0,5.0,0.0,0.0,,,2.5,1.0,1.0,1.0,8.0,0,LOSS,PRIMARY_CERTIFIED
221,2026-07-15,401857069,Nia Coffey,REB,UNDER,5.5,-126.33,0.558167277868599,,UNKNOWN,1,3.0,0.0,3.0,3.0,3.0,3.0,3.0,0.0,0.0,,,2.5,1.0,1.0,1.0,5.0,1,WIN,PRIMARY_CERTIFIED
191,2026-07-15,401857069,Nneka Ogwumike,PA,OVER,20.5,-121.0,0.5475113122171946,,UNKNOWN,1,24.0,0.0,24.0,24.0,24.0,24.0,24.0,0.0,0.0,,,-3.5,1.0,1.0,1.0,28.0,1,WIN,PRIMARY_CERTIFIED
262,2026-07-15,401857069,Nneka Ogwumike,PA,OVER,20.5,-115.5,0.5359628770301624,,UNKNOWN,1,24.0,0.0,24.0,24.0,24.0,24.0,24.0,0.0,0.0,,,-3.5,1.0,1.0,1.0,28.0,1,WIN,PRIMARY_CERTIFIED
257,2026-07-15,401857069,Nneka Ogwumike,PRA,OVER,28.5,-126.0,0.5575221238938053,,UNKNOWN,1,29.0,0.0,29.0,29.0,29.0,29.0,29.0,0.0,0.0,,,-0.5,1.0,1.0,1.0,40.0,1,WIN,PRIMARY_CERTIFIED
192,2026-07-15,401857069,Nneka Ogwumike,PTS,OVER,17.5,-109.0,0.5215311004784688,,UNKNOWN,1,19.0,0.0,19.0,19.0,19.0,19.0,19.0,0.0,0.0,,,-1.5,1.0,1.0,1.0,23.0,1,WIN,PRIMARY_CERTIFIED
256,2026-07-15,401857069,Nneka Ogwumike,PTS,OVER,17.5,-56.5,0.3610223642172524,,UNKNOWN,1,19.0,0.0,19.0,19.0,19.0,19.0,19.0,0.0,0.0,,,-1.5,1.0,1.0,1.0,23.0,1,WIN,PRIMARY_CERTIFIED
255,2026-07-15,401857069,Rae Burrell,3PM,OVER,1.5,61.6,0.6188118811881188,,UNKNOWN,0,,,,,,,,,,,,,,,,2.0,1,WIN,PRIMARY_CERTIFIED
197,2026-07-15,401857070,Aliyah Boston,3PM,OVER,0.5,-237.0,0.7032640949554896,,UNKNOWN,0,,,,,,,,,,,,,,,,2.0,1,WIN,PRIMARY_CERTIFIED
157,2026-07-15,401857070,Aliyah Boston,PA,OVER,17.5,-131.0,0.5670995670995671,,UNKNOWN,0,,,,,,,,,,,,,,,,16.0,0,LOSS,PRIMARY_CERTIFIED
207,2026-07-15,401857070,Aliyah Boston,PA,OVER,18.5,-122.0,0.5495495495495496,,UNKNOWN,0,,,,,,,,,,,,,,,,16.0,0,LOSS,PRIMARY_CERTIFIED
184,2026-07-15,401857070,Aliyah Boston,PR,OVER,24.5,-111.5,0.5271867612293144,,UNKNOWN,0,,,,,,,,,,,,,,,,22.0,0,LOSS,PRIMARY_CERTIFIED
253,2026-07-15,401857070,Aliyah Boston,PR,OVER,24.5,-128.0,0.5614035087719298,,UNKNOWN,0,,,,,,,,,,,,,,,,22.0,0,LOSS,PRIMARY_CERTIFIED
173,2026-07-15,401857070,Aliyah Boston,PRA,OVER,27.5,-108.0,0.5192307692307693,,UNKNOWN,0,,,,,,,,,,,,,,,,23.0,0,LOSS,PRIMARY_CERTIFIED
223,2026-07-15,401857070,Aliyah Boston,PRA,OVER,27.5,-129.0,0.5633187772925764,,UNKNOWN,0,,,,,,,,,,,,,,,,23.0,0,LOSS,PRIMARY_CERTIFIED
164,2026-07-15,401857070,Aliyah Boston,PTS,OVER,15.5,-104.5,0.511002444987775,,UNKNOWN,1,19.0,0.0,19.0,19.0,19.0,19.0,19.0,0.0,0.0,,,-3.5,1.0,1.0,1.0,15.0,0,LOSS,PRIMARY_CERTIFIED
213,2026-07-15,401857070,Aliyah Boston,PTS,OVER,15.5,-123.0,0.5515695067264574,,UNKNOWN,1,19.0,0.0,19.0,19.0,19.0,19.0,19.0,0.0,0.0,,,-3.5,1.0,1.0,1.0,15.0,0,LOSS,PRIMARY_CERTIFIED
175,2026-07-15,401857070,Aliyah Boston,REB,OVER,8.5,-132.0,0.5689655172413793,,UNKNOWN,0,,,,,,,,,,,,,,,,7.0,0,LOSS,PRIMARY_CERTIFIED
224,2026-07-15,401857070,Aliyah Boston,REB,OVER,8.5,-148.5,0.5975855130784709,,UNKNOWN,0,,,,,,,,,,,,,,,,7.0,0,LOSS,PRIMARY_CERTIFIED
163,2026-07-15,401857070,Gabby Williams,AST,UNDER,2.5,-182.0,0.6453900709219859,,UNKNOWN,0,,,,,,,,,,,,,,,,1.0,1,WIN,PRIMARY_CERTIFIED
209,2026-07-15,401857070,Gabby Williams,AST,UNDER,2.5,-187.0,0.6515679442508711,,UNKNOWN,0,,,,,,,,,,,,,,,,1.0,1,WIN,PRIMARY_CERTIFIED
176,2026-07-15,401857070,Gabby Williams,RA,UNDER,5.5,-125.0,0.5555555555555556,,UNKNOWN,0,,,,,,,,,,,,,,,,4.0,1,WIN,PRIMARY_CERTIFIED
227,2026-07-15,401857070,Gabby Williams,RA,UNDER,5.5,-136.0,0.576271186440678,,UNKNOWN,0,,,,,,,,,,,,,,,,4.0,1,WIN,PRIMARY_CERTIFIED
185,2026-07-15,401857070,Gabby Williams,REB,UNDER,3.5,-165.0,0.6226415094339622,,UNKNOWN,0,,,,,,,,,,,,,,,,3.0,1,WIN,PRIMARY_CERTIFIED
250,2026-07-15,401857070,Gabby Williams,REB,UNDER,3.5,-170.0,0.6296296296296297,,UNKNOWN,0,,,,,,,,,,,,,,,,3.0,1,WIN,PRIMARY_CERTIFIED
155,2026-07-15,401857070,Kelsey Mitchell,3PM,OVER,2.5,-114.5,0.5337995337995338,,UNKNOWN,1,3.0,0.0,3.0,3.0,3.0,3.0,3.0,0.0,0.0,,,-0.5,1.0,1.0,1.0,3.0,1,WIN,PRIMARY_CERTIFIED
202,2026-07-15,401857070,Kelsey Mitchell,3PM,OVER,2.5,-113.8,0.5322731524789522,,UNKNOWN,1,3.0,0.0,3.0,3.0,3.0,3.0,3.0,0.0,0.0,,,-0.5,1.0,1.0,1.0,3.0,1,WIN,PRIMARY_CERTIFIED
168,2026-07-15,401857070,Kelsey Mitchell,AST,OVER,2.5,-124.5,0.5545657015590201,,UNKNOWN,1,3.0,0.0,3.0,3.0,3.0,3.0,3.0,0.0,0.0,,,-0.5,1.0,1.0,1.0,4.0,1,WIN,PRIMARY_CERTIFIED
215,2026-07-15,401857070,Kelsey Mitchell,AST,OVER,2.5,-130.67,0.5664802531755321,,UNKNOWN,1,3.0,0.0,3.0,3.0,3.0,3.0,3.0,0.0,0.0,,,-0.5,1.0,1.0,1.0,4.0,1,WIN,PRIMARY_CERTIFIED
153,2026-07-15,401857070,Kelsey Mitchell,PA,OVER,23.5,-120.0,0.5454545454545454,,UNKNOWN,1,30.0,0.0,30.0,30.0,30.0,30.0,30.0,0.0,0.0,,,-6.5,1.0,1.0,1.0,24.0,1,WIN,PRIMARY_CERTIFIED
199,2026-07-15,401857070,Kelsey Mitchell,PA,OVER,23.5,-112.0,0.5283018867924528,,UNKNOWN,1,30.0,0.0,30.0,30.0,30.0,30.0,30.0,0.0,0.0,,,-6.5,1.0,1.0,1.0,24.0,1,WIN,PRIMARY_CERTIFIED
156,2026-07-15,401857070,Kelsey Mitchell,PA,OVER,24.5,-106.0,0.5145631067961165,,UNKNOWN,1,30.0,0.0,30.0,30.0,30.0,30.0,30.0,0.0,0.0,,,-5.5,1.0,1.0,1.0,24.0,0,LOSS,PRIMARY_CERTIFIED
200,2026-07-15,401857070,Kelsey Mitchell,PRA,OVER,25.5,-110.5,0.5249406175771971,,UNKNOWN,1,33.0,0.0,33.0,33.0,33.0,33.0,33.0,0.0,0.0,,,-7.5,1.0,1.0,1.0,25.0,0,LOSS,PRIMARY_CERTIFIED
198,2026-07-15,401857070,Kelsey Mitchell,PTS,OVER,20.5,-116.0,0.5370370370370371,,UNKNOWN,1,27.0,0.0,27.0,27.0,27.0,27.0,27.0,0.0,0.0,,,-6.5,1.0,1.0,1.0,20.0,0,LOSS,PRIMARY_CERTIFIED
154,2026-07-15,401857070,Kelsey Mitchell,PTS,OVER,21.5,-4.0,0.038461538461538464,,UNKNOWN,1,27.0,0.0,27.0,27.0,27.0,27.0,27.0,0.0,0.0,,,-5.5,1.0,1.0,1.0,20.0,0,LOSS,PRIMARY_CERTIFIED
205,2026-07-15,401857070,Sophie Cunningham,REB,UNDER,2.5,-147.0,0.5951417004048583,,UNKNOWN,1,0.0,0.0,0.0,0.0,0.0,0.0,0.0,0.0,0.0,,,2.5,1.0,1.0,1.0,2.0,1,WIN,PRIMARY_CERTIFIED
183,2026-07-15,401857070,Veronica Burton,3PM,UNDER,1.5,-244.0,0.7093023255813954,,UNKNOWN,0,,,,,,,,,,,,,,,,0.0,1,WIN,PRIMARY_CERTIFIED
243,2026-07-15,401857070,Veronica Burton,3PM,UNDER,1.5,-240.67,0.7064607978395515,,UNKNOWN,0,,,,,,,,,,,,,,,,0.0,1,WIN,PRIMARY_CERTIFIED
186,2026-07-15,401857070,Veronica Burton,REB,UNDER,3.5,-179.5,0.6422182468694096,,UNKNOWN,0,,,,,,,,,,,,,,,,5.0,0,LOSS,PRIMARY_CERTIFIED
254,2026-07-15,401857070,Veronica Burton,REB,UNDER,3.5,-174.0,0.635036496350365,,UNKNOWN,0,,,,,,,,,,,,,,,,5.0,0,LOSS,PRIMARY_CERTIFIED
302,2026-07-16,401857071,Georgia Amoore,PA,UNDER,10.5,-124.0,0.5535714285714286,,UNKNOWN,0,,,,,,,,,,,,,,,,5.0,1,WIN,PRIMARY_CERTIFIED
308,2026-07-16,401857071,Sarah Ashlee Barker,3PM,UNDER,1.5,-224.0,0.691358024691358,,UNKNOWN,1,0.0,0.0,0.0,0.0,0.0,0.0,0.0,0.0,0.0,,,1.5,1.0,1.0,1.0,2.0,0,LOSS,PRIMARY_CERTIFIED
273,2026-07-16,401857071,Shakira Austin,AST,UNDER,3.5,-145.0,0.5918367346938775,,UNKNOWN,1,0.0,0.0,0.0,0.0,0.0,0.0,0.0,0.0,0.0,,,3.5,1.0,1.0,1.0,4.0,0,LOSS,PRIMARY_CERTIFIED
220,2026-07-16,401857071,Shakira Austin,PA,UNDER,17.5,-4.5,0.0430622009569378,,UNKNOWN,0,,,,,,,,,,,,,,,,23.0,0,LOSS,PRIMARY_CERTIFIED
278,2026-07-16,401857071,Shakira Austin,PA,UNDER,18.5,-111.5,0.5271867612293144,,UNKNOWN,0,,,,,,,,,,,,,,,,23.0,0,LOSS,PRIMARY_CERTIFIED
260,2026-07-16,401857071,Shakira Austin,PRA,UNDER,27.5,-124.0,0.5535714285714286,,UNKNOWN,0,,,,,,,,,,,,,,,,32.0,0,LOSS,PRIMARY_CERTIFIED
296,2026-07-16,401857071,Shakira Austin,PRA,UNDER,27.5,-112.0,0.5283018867924528,,UNKNOWN,0,,,,,,,,,,,,,,,,32.0,0,LOSS,PRIMARY_CERTIFIED
282,2026-07-16,401857071,Shakira Austin,PRA,UNDER,28.5,-125.0,0.5555555555555556,,UNKNOWN,0,,,,,,,,,,,,,,,,32.0,0,LOSS,PRIMARY_CERTIFIED
303,2026-07-17,401857073,Caitlin Clark,3PM,UNDER,2.5,-163.5,0.6204933586337761,,UNKNOWN,0,,,,,,,,,,,,,,,,6.0,0,LOSS,PRIMARY_CERTIFIED
355,2026-07-17,401857073,Caitlin Clark,3PM,UNDER,2.5,-152.0,0.6031746031746031,,UNKNOWN,0,,,,,,,,,,,,,,,,6.0,0,LOSS,PRIMARY_CERTIFIED
356,2026-07-17,401857073,Caitlin Clark,AST,UNDER,7.5,-153.0,0.6047430830039525,,UNKNOWN,0,,,,,,,,,,,,,,,,10.0,0,LOSS,PRIMARY_CERTIFIED
365,2026-07-17,401857073,Caitlin Clark,PA,UNDER,25.5,-116.5,0.5381062355658198,,UNKNOWN,0,,,,,,,,,,,,,,,,55.0,0,LOSS,PRIMARY_CERTIFIED
364,2026-07-17,401857073,Caitlin Clark,PR,UNDER,22.5,-117.0,0.5391705069124424,,UNKNOWN,0,,,,,,,,,,,,,,,,47.0,0,LOSS,PRIMARY_CERTIFIED
362,2026-07-17,401857073,Caitlin Clark,PRA,UNDER,29.5,-109.0,0.5215311004784688,,UNKNOWN,0,,,,,,,,,,,,,,,,57.0,0,LOSS,PRIMARY_CERTIFIED
366,2026-07-17,401857073,Caitlin Clark,PTS,UNDER,18.5,-124.0,0.5535714285714286,,UNKNOWN,0,,,,,,,,,,,,,,,,45.0,0,LOSS,PRIMARY_CERTIFIED
290,2026-07-17,401857073,Dominique Malonga,PTS,UNDER,16.5,-108.5,0.5203836930455635,,UNKNOWN,2,10.0,6.0,4.0,16.0,10.0,10.0,10.0,6.0,6.0,12.0,12.0,6.5,1.0,1.0,1.0,28.0,0,LOSS,PRIMARY_CERTIFIED
338,2026-07-17,401857073,Dominique Malonga,PTS,UNDER,17.5,-128.33,0.5620374020058687,,UNKNOWN,2,10.0,6.0,4.0,16.0,10.0,10.0,10.0,6.0,6.0,12.0,12.0,7.5,1.0,1.0,1.0,28.0,0,LOSS,PRIMARY_CERTIFIED
270,2026-07-17,401857073,Kelsey Mitchell,3PM,OVER,2.5,-144.0,0.5901639344262295,,UNKNOWN,2,3.0,0.0,3.0,3.0,3.0,3.0,3.0,0.0,0.0,0.0,0.0,-0.5,1.0,1.0,1.0,3.0,1,WIN,PRIMARY_CERTIFIED
312,2026-07-17,401857073,Kelsey Mitchell,3PM,OVER,2.5,-127.4,0.5602462620932278,,UNKNOWN,2,3.0,0.0,3.0,3.0,3.0,3.0,3.0,0.0,0.0,0.0,0.0,-0.5,1.0,1.0,1.0,3.0,1,WIN,PRIMARY_CERTIFIED
271,2026-07-17,401857073,Kelsey Mitchell,AST,OVER,2.5,-161.0,0.6168582375478927,,UNKNOWN,2,3.5,0.5,3.0,4.0,3.5,3.5,3.5,0.5,0.5,1.0,1.0,-1.0,1.0,1.0,1.0,0.0,0,LOSS,PRIMARY_CERTIFIED
313,2026-07-17,401857073,Kelsey Mitchell,AST,OVER,2.5,-145.5,0.5926680244399185,,UNKNOWN,2,3.5,0.5,3.0,4.0,3.5,3.5,3.5,0.5,0.5,1.0,1.0,-1.0,1.0,1.0,1.0,0.0,0,LOSS,PRIMARY_CERTIFIED
272,2026-07-17,401857073,Lexie Hull,REB,UNDER,3.5,-107.0,0.5169082125603864,,UNKNOWN,0,,,,,,,,,,,,,,,,2.0,1,WIN,PRIMARY_CERTIFIED
306,2026-07-17,401857073,Monique Billings,REB,UNDER,5.5,-158.0,0.6124031007751938,,UNKNOWN,0,,,,,,,,,,,,,,,,5.0,1,WIN,PRIMARY_CERTIFIED
332,2026-07-17,401857073,Monique Billings,REB,UNDER,6.5,-144.67,0.5912862222585523,,UNKNOWN,0,,,,,,,,,,,,,,,,5.0,1,WIN,PRIMARY_CERTIFIED
274,2026-07-17,401857073,Natisha Hiedeman,AST,UNDER,4.5,-114.0,0.5327102803738317,,UNKNOWN,2,3.0,0.0,3.0,3.0,3.0,3.0,3.0,0.0,0.0,0.0,0.0,1.5,1.0,1.0,1.0,8.0,0,LOSS,PRIMARY_CERTIFIED
321,2026-07-17,401857073,Natisha Hiedeman,AST,UNDER,4.5,-150.0,0.6,,UNKNOWN,2,3.0,0.0,3.0,3.0,3.0,3.0,3.0,0.0,0.0,0.0,0.0,1.5,1.0,1.0,1.0,8.0,0,LOSS,PRIMARY_CERTIFIED
339,2026-07-17,401857074,Allisha Gray,REB,UNDER,3.5,-137.33,0.5786457674967346,,UNKNOWN,0,,,,,,,,,,,,,,,,3.0,1,WIN,PRIMARY_CERTIFIED
292,2026-07-17,401857074,Angel Reese,PTS,OVER,15.5,-126.0,0.5575221238938053,,UNKNOWN,0,,,,,,,,,,,,,,,,23.0,1,WIN,PRIMARY_CERTIFIED
269,2026-07-17,401857074,Isabelle Harrison,AST,UNDER,2.5,-192.0,0.6575342465753424,,UNKNOWN,0,,,,,,,,,,,,,,,,0.0,1,WIN,PRIMARY_CERTIFIED
295,2026-07-17,401857074,Laura Juskaite,REB,UNDER,4.5,-162.0,0.6183206106870229,,UNKNOWN,1,4.0,0.0,4.0,4.0,4.0,4.0,4.0,0.0,0.0,,,0.5,1.0,1.0,1.0,4.0,1,WIN,PRIMARY_CERTIFIED
326,2026-07-17,401857074,Naz Hillmon,3PM,UNDER,1.5,-243.33,0.7087350362624879,,UNKNOWN,1,1.0,0.0,1.0,1.0,1.0,1.0,1.0,0.0,0.0,,,0.5,1.0,1.0,1.0,4.0,0,LOSS,PRIMARY_CERTIFIED
354,2026-07-17,401857074,Nyara Sabally,REB,UNDER,4.5,-116.5,0.5381062355658198,,UNKNOWN,0,,,,,,,,,,,,,,,,1.0,1,WIN,PRIMARY_CERTIFIED
277,2026-07-17,401857074,Rhyne Howard,PA,UNDER,22.5,-115.5,0.5359628770301624,,UNKNOWN,1,14.0,0.0,14.0,14.0,14.0,14.0,14.0,0.0,0.0,,,8.5,1.0,1.0,1.0,15.0,1,WIN,PRIMARY_CERTIFIED
325,2026-07-17,401857074,Rhyne Howard,PA,UNDER,22.5,-110.5,0.5249406175771971,,UNKNOWN,1,14.0,0.0,14.0,14.0,14.0,14.0,14.0,0.0,0.0,,,8.5,1.0,1.0,1.0,15.0,1,WIN,PRIMARY_CERTIFIED
299,2026-07-17,401857074,Rhyne Howard,PR,UNDER,23.5,-124.5,0.5545657015590201,,UNKNOWN,1,16.0,0.0,16.0,16.0,16.0,16.0,16.0,0.0,0.0,,,7.5,1.0,1.0,1.0,14.0,1,WIN,PRIMARY_CERTIFIED
349,2026-07-17,401857074,Rhyne Howard,PR,UNDER,23.5,-121.0,0.5475113122171946,,UNKNOWN,1,16.0,0.0,16.0,16.0,16.0,16.0,16.0,0.0,0.0,,,7.5,1.0,1.0,1.0,14.0,1,WIN,PRIMARY_CERTIFIED
298,2026-07-17,401857074,Rhyne Howard,PRA,UNDER,26.5,-112.5,0.5294117647058824,,UNKNOWN,1,19.0,0.0,19.0,19.0,19.0,19.0,19.0,0.0,0.0,,,7.5,1.0,1.0,1.0,19.0,1,WIN,PRIMARY_CERTIFIED
348,2026-07-17,401857074,Rhyne Howard,PRA,UNDER,26.5,-107.5,0.5180722891566265,,UNKNOWN,1,19.0,0.0,19.0,19.0,19.0,19.0,19.0,0.0,0.0,,,7.5,1.0,1.0,1.0,19.0,1,WIN,PRIMARY_CERTIFIED
284,2026-07-17,401857074,Rhyne Howard,PTS,UNDER,19.5,-128.0,0.5614035087719298,,UNKNOWN,1,11.0,0.0,11.0,11.0,11.0,11.0,11.0,0.0,0.0,,,8.5,1.0,1.0,1.0,10.0,1,WIN,PRIMARY_CERTIFIED
336,2026-07-17,401857074,Rhyne Howard,PTS,UNDER,19.5,-122.67,0.5509049265729554,,UNKNOWN,1,11.0,0.0,11.0,11.0,11.0,11.0,11.0,0.0,0.0,,,8.5,1.0,1.0,1.0,10.0,1,WIN,PRIMARY_CERTIFIED
288,2026-07-17,401857075,Courtney Vandersloot,PR,UNDER,11.5,-119.5,0.5444191343963554,,UNKNOWN,0,,,,,,,,,,,,,,,,9.0,1,WIN,PRIMARY_CERTIFIED
340,2026-07-17,401857075,Courtney Vandersloot,PR,UNDER,11.5,-113.0,0.5305164319248826,,UNKNOWN,0,,,,,,,,,,,,,,,,9.0,1,WIN,PRIMARY_CERTIFIED
300,2026-07-17,401857075,Courtney Vandersloot,PRA,UNDER,15.5,-115.0,0.5348837209302325,,UNKNOWN,1,15.0,0.0,15.0,15.0,15.0,15.0,15.0,0.0,0.0,,,0.5,1.0,1.0,1.0,10.0,1,WIN,PRIMARY_CERTIFIED
279,2026-07-17,401857075,Courtney Vandersloot,PRA,UNDER,16.5,-120.0,0.5454545454545454,,UNKNOWN,1,15.0,0.0,15.0,15.0,15.0,15.0,15.0,0.0,0.0,,,1.5,1.0,1.0,1.0,10.0,1,WIN,PRIMARY_CERTIFIED
328,2026-07-17,401857075,Courtney Vandersloot,PRA,UNDER,16.5,-116.5,0.5381062355658198,,UNKNOWN,1,15.0,0.0,15.0,15.0,15.0,15.0,15.0,0.0,0.0,,,1.5,1.0,1.0,1.0,10.0,1,WIN,PRIMARY_CERTIFIED
291,2026-07-17,401857075,Courtney Vandersloot,PTS,UNDER,8.5,-111.5,0.5271867612293144,,UNKNOWN,2,6.0,2.0,4.0,8.0,6.0,6.0,6.0,2.0,2.0,4.0,4.0,2.5,1.0,1.0,1.0,9.0,0,LOSS,PRIMARY_CERTIFIED
342,2026-07-17,401857075,Courtney Vandersloot,PTS,UNDER,8.5,-35.67,0.2629173730375175,,UNKNOWN,2,6.0,2.0,4.0,8.0,6.0,6.0,6.0,2.0,2.0,4.0,4.0,2.5,1.0,1.0,1.0,9.0,0,LOSS,PRIMARY_CERTIFIED
281,2026-07-17,401857075,Courtney Vandersloot,RA,UNDER,7.5,-138.0,0.5798319327731093,,UNKNOWN,0,,,,,,,,,,,,,,,,1.0,1,WIN,PRIMARY_CERTIFIED
330,2026-07-17,401857075,Courtney Vandersloot,RA,UNDER,7.5,-131.0,0.5670995670995671,,UNKNOWN,0,,,,,,,,,,,,,,,,1.0,1,WIN,PRIMARY_CERTIFIED
293,2026-07-17,401857075,Dearica Hamby,RA,UNDER,10.5,-132.0,0.5689655172413793,,UNKNOWN,0,,,,,,,,,,,,,,,,8.0,1,WIN,PRIMARY_CERTIFIED
345,2026-07-17,401857075,Dearica Hamby,RA,UNDER,10.5,-144.0,0.5901639344262295,,UNKNOWN,0,,,,,,,,,,,,,,,,8.0,1,WIN,PRIMARY_CERTIFIED
309,2026-07-17,401857075,Kamilla Cardoso,PR,UNDER,23.5,-118.0,0.5412844036697247,,UNKNOWN,1,9.0,0.0,9.0,9.0,9.0,9.0,9.0,0.0,0.0,,,14.5,1.0,1.0,1.0,24.0,0,LOSS,PRIMARY_CERTIFIED
360,2026-07-17,401857075,Kamilla Cardoso,PR,UNDER,24.5,-122.5,0.550561797752809,,UNKNOWN,1,9.0,0.0,9.0,9.0,9.0,9.0,9.0,0.0,0.0,,,15.5,1.0,1.0,1.0,24.0,1,WIN,PRIMARY_CERTIFIED
307,2026-07-17,401857075,Kamilla Cardoso,PRA,UNDER,26.5,-122.0,0.5495495495495496,,UNKNOWN,1,9.0,0.0,9.0,9.0,9.0,9.0,9.0,0.0,0.0,,,17.5,1.0,1.0,1.0,27.0,0,LOSS,PRIMARY_CERTIFIED
359,2026-07-17,401857075,Kamilla Cardoso,PRA,UNDER,26.5,-104.0,0.5098039215686274,,UNKNOWN,1,9.0,0.0,9.0,9.0,9.0,9.0,9.0,0.0,0.0,,,17.5,1.0,1.0,1.0,27.0,0,LOSS,PRIMARY_CERTIFIED
357,2026-07-17,401857075,Kamilla Cardoso,PRA,UNDER,27.5,-129.0,0.5633187772925764,,UNKNOWN,1,9.0,0.0,9.0,9.0,9.0,9.0,9.0,0.0,0.0,,,18.5,1.0,1.0,1.0,27.0,1,WIN,PRIMARY_CERTIFIED
361,2026-07-17,401857075,Kamilla Cardoso,PTS,UNDER,15.5,-129.0,0.5633187772925764,,UNKNOWN,1,6.0,0.0,6.0,6.0,6.0,6.0,6.0,0.0,0.0,,,9.5,1.0,1.0,1.0,13.0,1,WIN,PRIMARY_CERTIFIED
286,2026-07-17,401857075,Kamilla Cardoso,RA,UNDER,11.5,-104.0,0.5098039215686274,,UNKNOWN,1,3.0,0.0,3.0,3.0,3.0,3.0,3.0,0.0,0.0,,,8.5,1.0,1.0,1.0,14.0,0,LOSS,PRIMARY_CERTIFIED
334,2026-07-17,401857075,Kamilla Cardoso,RA,UNDER,11.5,-2.0,0.0196078431372549,,UNKNOWN,1,3.0,0.0,3.0,3.0,3.0,3.0,3.0,0.0,0.0,,,8.5,1.0,1.0,1.0,14.0,0,LOSS,PRIMARY_CERTIFIED
287,2026-07-17,401857075,Kamilla Cardoso,REB,UNDER,8.5,-102.0,0.504950495049505,,UNKNOWN,1,3.0,0.0,3.0,3.0,3.0,3.0,3.0,0.0,0.0,,,5.5,1.0,1.0,1.0,11.0,0,LOSS,PRIMARY_CERTIFIED
337,2026-07-17,401857075,Kamilla Cardoso,REB,UNDER,8.5,108.0,0.4807692307692308,,UNKNOWN,1,3.0,0.0,3.0,3.0,3.0,3.0,3.0,0.0,0.0,,,5.5,1.0,1.0,1.0,11.0,0,LOSS,PRIMARY_CERTIFIED
324,2026-07-17,401857075,Kamilla Cardoso,REB,UNDER,9.5,-139.5,0.5824634655532359,,UNKNOWN,1,3.0,0.0,3.0,3.0,3.0,3.0,3.0,0.0,0.0,,,6.5,1.0,1.0,1.0,11.0,0,LOSS,PRIMARY_CERTIFIED
327,2026-07-17,401857075,Natasha Cloud,PRA,UNDER,21.5,-124.0,0.5535714285714286,,UNKNOWN,0,,,,,,,,,,,,,,,,30.0,0,LOSS,PRIMARY_CERTIFIED
331,2026-07-17,401857075,Natasha Cloud,RA,UNDER,9.5,-118.0,0.5412844036697247,,UNKNOWN,0,,,,,,,,,,,,,,,,15.0,0,LOSS,PRIMARY_CERTIFIED
294,2026-07-17,401857075,Natasha Cloud,REB,UNDER,3.5,-166.0,0.6240601503759399,,UNKNOWN,1,2.0,0.0,2.0,2.0,2.0,2.0,2.0,0.0,0.0,,,1.5,1.0,1.0,1.0,6.0,0,LOSS,PRIMARY_CERTIFIED
344,2026-07-17,401857075,Natasha Cloud,REB,UNDER,3.5,-129.5,0.5642701525054467,,UNKNOWN,1,2.0,0.0,2.0,2.0,2.0,2.0,2.0,0.0,0.0,,,1.5,1.0,1.0,1.0,6.0,0,LOSS,PRIMARY_CERTIFIED
315,2026-07-17,401857075,Nneka Ogwumike,AST,OVER,2.5,-154.0,0.6062992125984252,,UNKNOWN,1,5.0,0.0,5.0,5.0,5.0,5.0,5.0,0.0,0.0,,,-2.5,1.0,1.0,1.0,4.0,1,WIN,PRIMARY_CERTIFIED
280,2026-07-17,401857075,Nneka Ogwumike,PA,OVER,19.5,-122.0,0.5495495495495496,,UNKNOWN,2,26.0,2.0,24.0,28.0,26.0,26.0,26.0,2.0,2.0,4.0,4.0,-6.5,1.0,1.0,1.0,22.0,1,WIN,PRIMARY_CERTIFIED
335,2026-07-17,401857075,Nneka Ogwumike,PA,OVER,20.5,-112.0,0.5283018867924528,,UNKNOWN,2,26.0,2.0,24.0,28.0,26.0,26.0,26.0,2.0,2.0,4.0,4.0,-5.5,1.0,1.0,1.0,22.0,1,WIN,PRIMARY_CERTIFIED
285,2026-07-17,401857075,Nneka Ogwumike,PRA,OVER,28.5,-108.0,0.5192307692307693,,UNKNOWN,2,34.5,5.5,29.0,40.0,34.5,34.5,34.5,5.5,5.5,11.0,11.0,-6.0,1.0,1.0,1.0,34.0,1,WIN,PRIMARY_CERTIFIED
341,2026-07-17,401857075,Nneka Ogwumike,PRA,OVER,28.5,-124.0,0.5535714285714286,,UNKNOWN,2,34.5,5.5,29.0,40.0,34.5,34.5,34.5,5.5,5.5,11.0,11.0,-6.0,1.0,1.0,1.0,34.0,1,WIN,PRIMARY_CERTIFIED
275,2026-07-17,401857075,Nneka Ogwumike,PTS,OVER,16.5,-118.5,0.5423340961098398,,UNKNOWN,2,21.0,2.0,19.0,23.0,21.0,21.0,21.0,2.0,2.0,4.0,4.0,-4.5,1.0,1.0,1.0,18.0,1,WIN,PRIMARY_CERTIFIED
322,2026-07-17,401857075,Nneka Ogwumike,PTS,OVER,16.5,-127.0,0.5594713656387665,,UNKNOWN,2,21.0,2.0,19.0,23.0,21.0,21.0,21.0,2.0,2.0,4.0,4.0,-4.5,1.0,1.0,1.0,18.0,1,WIN,PRIMARY_CERTIFIED
343,2026-07-17,401857075,Nneka Ogwumike,PTS,OVER,17.5,-120.33,0.5461353424408841,,UNKNOWN,2,21.0,2.0,19.0,23.0,21.0,21.0,21.0,2.0,2.0,4.0,4.0,-3.5,1.0,1.0,1.0,18.0,1,WIN,PRIMARY_CERTIFIED
314,2026-07-17,401857075,Sydney Taylor,PA,UNDER,18.5,-115.0,0.5348837209302325,,UNKNOWN,0,,,,,,,,,,,,,,,,21.0,0,LOSS,PRIMARY_CERTIFIED
305,2026-07-17,401857076,Charlisse Leger-Walker,AST,UNDER,3.5,-138.5,0.5807127882599581,,UNKNOWN,1,7.0,0.0,7.0,7.0,7.0,7.0,7.0,0.0,0.0,,,-3.5,0.0,0.0,0.0,7.0,0,LOSS,PRIMARY_CERTIFIED
358,2026-07-17,401857076,Charlisse Leger-Walker,AST,UNDER,3.5,-139.33,0.5821668825471107,,UNKNOWN,1,7.0,0.0,7.0,7.0,7.0,7.0,7.0,0.0,0.0,,,-3.5,0.0,0.0,0.0,7.0,0,LOSS,PRIMARY_CERTIFIED
301,2026-07-17,401857076,Charlisse Leger-Walker,PR,UNDER,11.5,-111.0,0.5260663507109005,,UNKNOWN,0,,,,,,,,,,,,,,,,8.0,1,WIN,PRIMARY_CERTIFIED
352,2026-07-17,401857076,Charlisse Leger-Walker,PR,UNDER,11.5,-112.0,0.5283018867924528,,UNKNOWN,0,,,,,,,,,,,,,,,,8.0,1,WIN,PRIMARY_CERTIFIED
297,2026-07-17,401857076,Charlisse Leger-Walker,PRA,UNDER,15.5,-128.0,0.5614035087719298,,UNKNOWN,0,,,,,,,,,,,,,,,,15.0,1,WIN,PRIMARY_CERTIFIED
350,2026-07-17,401857076,Charlisse Leger-Walker,PRA,UNDER,15.5,-131.5,0.5680345572354212,,UNKNOWN,0,,,,,,,,,,,,,,,,15.0,1,WIN,PRIMARY_CERTIFIED
316,2026-07-17,401857076,Kahleah Copper,AST,UNDER,2.5,-185.0,0.6491228070175439,,UNKNOWN,0,,,,,,,,,,,,,,,,1.0,1,WIN,PRIMARY_CERTIFIED
311,2026-07-17,401857076,Monique Akoa Makani,RA,UNDER,6.5,102.0,0.49504950495049505,,UNKNOWN,0,,,,,,,,,,,,,,,,6.0,1,WIN,PRIMARY_CERTIFIED
268,2026-07-17,401857076,Monique Akoa Makani,RA,UNDER,7.5,-140.0,0.5833333333333334,,UNKNOWN,0,,,,,,,,,,,,,,,,6.0,1,WIN,PRIMARY_CERTIFIED
310,2026-07-17,401857076,Monique Akoa Makani,REB,UNDER,3.5,-166.5,0.624765478424015,,UNKNOWN,0,,,,,,,,,,,,,,,,2.0,1,WIN,PRIMARY_CERTIFIED
400,2026-07-18,401857077,Caitlin Clark,3PM,UNDER,2.5,-195.33,0.6613957268140723,,UNKNOWN,1,6.0,0.0,6.0,6.0,6.0,6.0,6.0,0.0,0.0,,,-3.5,0.0,0.0,0.0,2.0,1,WIN,PRIMARY_CERTIFIED
388,2026-07-18,401857077,Caitlin Clark,AST,UNDER,8.5,-148.33,0.5973100310071277,,UNKNOWN,1,10.0,0.0,10.0,10.0,10.0,10.0,10.0,0.0,0.0,,,-1.5,0.0,0.0,0.0,7.0,1,WIN,PRIMARY_CERTIFIED
405,2026-07-18,401857077,Caitlin Clark,PA,UNDER,25.5,-105.5,0.51338199513382,,UNKNOWN,1,55.0,0.0,55.0,55.0,55.0,55.0,55.0,0.0,0.0,,,-29.5,0.0,0.0,0.0,24.0,1,WIN,PRIMARY_CERTIFIED
404,2026-07-18,401857077,Caitlin Clark,PR,UNDER,21.5,-112.5,0.5294117647058824,,UNKNOWN,1,47.0,0.0,47.0,47.0,47.0,47.0,47.0,0.0,0.0,,,-25.5,0.0,0.0,0.0,19.0,1,WIN,PRIMARY_CERTIFIED
402,2026-07-18,401857077,Caitlin Clark,PRA,UNDER,29.5,-107.0,0.5169082125603864,,UNKNOWN,1,57.0,0.0,57.0,57.0,57.0,57.0,57.0,0.0,0.0,,,-27.5,0.0,0.0,0.0,26.0,1,WIN,PRIMARY_CERTIFIED
401,2026-07-18,401857077,Caitlin Clark,PRA,UNDER,30.5,-128.0,0.5614035087719298,,UNKNOWN,1,57.0,0.0,57.0,57.0,57.0,57.0,57.0,0.0,0.0,,,-26.5,0.0,0.0,0.0,26.0,1,WIN,PRIMARY_CERTIFIED
369,2026-07-18,401857077,Kelsey Mitchell,3PM,OVER,2.5,-129.6,0.5644599303135889,,UNKNOWN,3,3.0,0.0,3.0,3.0,3.0,3.0,3.0,0.0,0.0,0.0,0.0,-0.5,1.0,1.0,1.0,4.0,1,WIN,PRIMARY_CERTIFIED
370,2026-07-18,401857077,Kelsey Mitchell,AST,OVER,2.5,-161.33,0.6173420579344123,,UNKNOWN,3,2.3333333333333335,1.699673171197595,0.0,4.0,2.3333333333333335,2.3333333333333335,2.3333333333333335,1.699673171197595,1.699673171197595,-1.5,-1.5,0.16666666666666652,0.6666666666666666,0.6666666666666666,0.6666666666666666,1.0,0,LOSS,PRIMARY_CERTIFIED
346,2026-07-18,401857077,Sabrina Ionescu,AST,OVER,4.5,-144.5,0.591002044989775,,UNKNOWN,1,5.0,0.0,5.0,5.0,5.0,5.0,5.0,0.0,0.0,,,-0.5,1.0,1.0,1.0,4.0,0,LOSS,PRIMARY_CERTIFIED
377,2026-07-18,401857077,Sabrina Ionescu,AST,UNDER,5.5,-152.33,0.6036935758728649,,UNKNOWN,1,5.0,0.0,5.0,5.0,5.0,5.0,5.0,0.0,0.0,,,0.5,1.0,1.0,1.0,4.0,1,WIN,PRIMARY_CERTIFIED
393,2026-07-18,401857078,Courtney Williams,AST,UNDER,4.5,-160.33,0.6158721622555986,,UNKNOWN,0,,,,,,,,,,,,,,,,7.0,0,LOSS,PRIMARY_CERTIFIED
387,2026-07-18,401857078,Courtney Williams,PRA,UNDER,25.5,-112.0,0.5283018867924528,,UNKNOWN,1,25.0,0.0,25.0,25.0,25.0,25.0,25.0,0.0,0.0,,,0.5,1.0,1.0,1.0,24.0,1,WIN,PRIMARY_CERTIFIED
329,2026-07-18,401857078,Courtney Williams,PRA,UNDER,26.5,-107.5,0.5180722891566265,,UNKNOWN,1,25.0,0.0,25.0,25.0,25.0,25.0,25.0,0.0,0.0,,,1.5,1.0,1.0,1.0,24.0,1,WIN,PRIMARY_CERTIFIED
375,2026-07-18,401857078,Kayla McBride,PA,OVER,19.5,-125.0,0.5555555555555556,,UNKNOWN,1,38.0,0.0,38.0,38.0,38.0,38.0,38.0,0.0,0.0,,,-18.5,1.0,1.0,1.0,24.0,1,WIN,PRIMARY_CERTIFIED
319,2026-07-18,401857078,Kayla McBride,PA,OVER,20.5,-119.0,0.54337899543379,,UNKNOWN,1,38.0,0.0,38.0,38.0,38.0,38.0,38.0,0.0,0.0,,,-17.5,1.0,1.0,1.0,24.0,1,WIN,PRIMARY_CERTIFIED
374,2026-07-18,401857078,Kayla McBride,PR,OVER,20.5,-127.0,0.5594713656387665,,UNKNOWN,2,34.0,9.0,25.0,43.0,34.0,34.0,34.0,9.0,9.0,-18.0,-18.0,-13.5,1.0,1.0,1.0,27.0,1,WIN,PRIMARY_CERTIFIED
320,2026-07-18,401857078,Kayla McBride,PR,OVER,21.5,-119.0,0.54337899543379,,UNKNOWN,2,34.0,9.0,25.0,43.0,34.0,34.0,34.0,9.0,9.0,-18.0,-18.0,-12.5,1.0,1.0,1.0,27.0,1,WIN,PRIMARY_CERTIFIED
318,2026-07-18,401857078,Kayla McBride,PRA,OVER,23.5,-128.0,0.5614035087719298,,UNKNOWN,2,35.0,9.0,26.0,44.0,35.0,35.0,35.0,9.0,9.0,-18.0,-18.0,-11.5,1.0,1.0,1.0,27.0,1,WIN,PRIMARY_CERTIFIED
372,2026-07-18,401857078,Kayla McBride,PRA,OVER,23.5,-113.67,0.5319885805213647,,UNKNOWN,2,35.0,9.0,26.0,44.0,35.0,35.0,35.0,9.0,9.0,-18.0,-18.0,-11.5,1.0,1.0,1.0,27.0,1,WIN,PRIMARY_CERTIFIED
323,2026-07-18,401857078,Kayla McBride,PRA,OVER,24.5,-112.0,0.5283018867924528,,UNKNOWN,2,35.0,9.0,26.0,44.0,35.0,35.0,35.0,9.0,9.0,-18.0,-18.0,-10.5,1.0,1.0,1.0,27.0,1,WIN,PRIMARY_CERTIFIED
367,2026-07-18,401857078,Kayla McBride,PTS,OVER,17.5,-120.75,0.5469988674971688,,UNKNOWN,2,30.5,6.5,24.0,37.0,30.5,30.5,30.5,6.5,6.5,-13.0,-13.0,-13.0,1.0,1.0,1.0,24.0,1,WIN,PRIMARY_CERTIFIED
317,2026-07-18,401857078,Kayla McBride,PTS,OVER,18.5,-111.0,0.5260663507109005,,UNKNOWN,2,30.5,6.5,24.0,37.0,30.5,30.5,30.5,6.5,6.5,-13.0,-13.0,-12.0,1.0,1.0,1.0,24.0,1,WIN,PRIMARY_CERTIFIED
395,2026-07-18,401857078,Natasha Howard,PTS,UNDER,16.5,-121.0,0.5475113122171946,,UNKNOWN,1,10.0,0.0,10.0,10.0,10.0,10.0,10.0,0.0,0.0,,,6.5,1.0,1.0,1.0,16.0,1,WIN,PRIMARY_CERTIFIED
371,2026-07-18,401857078,Nia Coffey,PR,UNDER,13.5,-124.5,0.5545657015590201,,UNKNOWN,2,10.5,2.5,8.0,13.0,10.5,10.5,10.5,2.5,2.5,5.0,5.0,3.0,1.0,1.0,1.0,12.0,1,WIN,PRIMARY_CERTIFIED
373,2026-07-18,401857078,Nia Coffey,PRA,UNDER,15.5,-126.0,0.5575221238938053,,UNKNOWN,1,8.0,0.0,8.0,8.0,8.0,8.0,8.0,0.0,0.0,,,7.5,1.0,1.0,1.0,13.0,1,WIN,PRIMARY_CERTIFIED
384,2026-07-18,401857078,Nia Coffey,REB,UNDER,5.5,-147.33,0.5956818825051551,,UNKNOWN,2,4.0,1.0,3.0,5.0,4.0,4.0,4.0,1.0,1.0,2.0,2.0,1.5,1.0,1.0,1.0,3.0,1,WIN,PRIMARY_CERTIFIED
382,2026-07-18,401857078,Olivia Miles,PTS,OVER,17.5,-129.5,0.5642701525054467,,UNKNOWN,0,,,,,,,,,,,,,,,,14.0,0,LOSS,PRIMARY_CERTIFIED
368,2026-07-18,401857078,Serah Williams,REB,UNDER,5.5,-146.0,0.5934959349593496,,UNKNOWN,0,,,,,,,,,,,,,,,,2.0,1,WIN,PRIMARY_CERTIFIED
376,2026-07-18,401857079,Gabby Williams,AST,UNDER,2.5,-181.0,0.6441281138790036,,UNKNOWN,1,1.0,0.0,1.0,1.0,1.0,1.0,1.0,0.0,0.0,,,1.5,1.0,1.0,1.0,5.0,0,LOSS,PRIMARY_CERTIFIED
333,2026-07-18,401857079,Gabby Williams,REB,UNDER,3.5,-184.5,0.648506151142355,,UNKNOWN,1,3.0,0.0,3.0,3.0,3.0,3.0,3.0,0.0,0.0,,,0.5,1.0,1.0,1.0,3.0,1,WIN,PRIMARY_CERTIFIED
385,2026-07-18,401857079,Gabby Williams,REB,UNDER,3.5,-179.67,0.642435727822076,,UNKNOWN,1,3.0,0.0,3.0,3.0,3.0,3.0,3.0,0.0,0.0,,,0.5,1.0,1.0,1.0,3.0,1,WIN,PRIMARY_CERTIFIED
351,2026-07-18,401857079,Georgia Amoore,PA,UNDER,9.5,-130.0,0.5652173913043478,,UNKNOWN,1,5.0,0.0,5.0,5.0,5.0,5.0,5.0,0.0,0.0,,,4.5,1.0,1.0,1.0,12.0,0,LOSS,PRIMARY_CERTIFIED
353,2026-07-18,401857079,Georgia Amoore,PRA,UNDER,10.5,-112.0,0.5283018867924528,,UNKNOWN,1,10.0,0.0,10.0,10.0,10.0,10.0,10.0,0.0,0.0,,,0.5,1.0,1.0,1.0,15.0,0,LOSS,PRIMARY_CERTIFIED
398,2026-07-18,401857079,Georgia Amoore,PRA,UNDER,10.5,-132.0,0.5689655172413793,,UNKNOWN,1,10.0,0.0,10.0,10.0,10.0,10.0,10.0,0.0,0.0,,,0.5,1.0,1.0,1.0,15.0,0,LOSS,PRIMARY_CERTIFIED
423,2026-07-18,401857079,Janelle Salaun,3PM,OVER,1.5,-184.0,0.647887323943662,,UNKNOWN,0,,,,,,,,,,,,,,,,2.0,1,WIN,PRIMARY_CERTIFIED
470,2026-07-18,401857079,Janelle Salaun,3PM,OVER,1.5,-177.0,0.6389891696750902,,UNKNOWN,0,,,,,,,,,,,,,,,,2.0,1,WIN,PRIMARY_CERTIFIED
347,2026-07-18,401857079,Janelle Salaun,PTS,OVER,11.5,-125.0,0.5555555555555556,,UNKNOWN,0,,,,,,,,,,,,,,,,9.0,0,LOSS,PRIMARY_CERTIFIED
397,2026-07-18,401857079,Janelle Salaun,PTS,OVER,11.5,-126.25,0.5580110497237569,,UNKNOWN,0,,,,,,,,,,,,,,,,9.0,0,LOSS,PRIMARY_CERTIFIED
392,2026-07-18,401857079,Kaitlyn Chen,PTS,OVER,7.5,-126.5,0.5584988962472406,,UNKNOWN,0,,,,,,,,,,,,,,,,2.0,0,LOSS,PRIMARY_CERTIFIED
454,2026-07-18,401857079,Shakira Austin,PR,OVER,22.5,-130.0,0.5652173913043478,,UNKNOWN,0,,,,,,,,,,,,,,,,34.0,1,WIN,PRIMARY_CERTIFIED
453,2026-07-18,401857079,Shakira Austin,PRA,OVER,25.5,-122.0,0.5495495495495496,,UNKNOWN,1,32.0,0.0,32.0,32.0,32.0,32.0,32.0,0.0,0.0,,,-6.5,1.0,1.0,1.0,35.0,1,WIN,PRIMARY_CERTIFIED
484,2026-07-18,401857079,Shakira Austin,PRA,OVER,25.5,-128.0,0.5614035087719298,,UNKNOWN,1,32.0,0.0,32.0,32.0,32.0,32.0,32.0,0.0,0.0,,,-6.5,1.0,1.0,1.0,35.0,1,WIN,PRIMARY_CERTIFIED
363,2026-07-18,401857079,Veronica Burton,RA,OVER,7.5,-144.0,0.5901639344262295,,UNKNOWN,0,,,,,,,,,,,,,,,,16.0,1,WIN,PRIMARY_CERTIFIED
403,2026-07-18,401857079,Veronica Burton,RA,OVER,7.5,-146.0,0.5934959349593496,,UNKNOWN,0,,,,,,,,,,,,,,,,16.0,1,WIN,PRIMARY_CERTIFIED
528,2026-07-19,401857080,Ariel Atkins,PR,UNDER,13.5,-107.5,0.5180722891566265,,UNKNOWN,0,,,,,,,,,,,,,,,,11.0,1,WIN,PRIMARY_CERTIFIED
525,2026-07-19,401857080,Ariel Atkins,PRA,UNDER,16.5,-111.0,0.5260663507109005,,UNKNOWN,0,,,,,,,,,,,,,,,,14.0,1,WIN,PRIMARY_CERTIFIED
570,2026-07-19,401857080,Ariel Atkins,PRA,UNDER,16.5,-110.0,0.5238095238095238,,UNKNOWN,0,,,,,,,,,,,,,,,,14.0,1,WIN,PRIMARY_CERTIFIED
530,2026-07-19,401857080,Ariel Atkins,PTS,UNDER,10.5,-117.0,0.5391705069124424,,UNKNOWN,0,,,,,,,,,,,,,,,,9.0,1,WIN,PRIMARY_CERTIFIED
575,2026-07-19,401857080,Ariel Atkins,PTS,UNDER,10.5,-116.67,0.5384686389440162,,UNKNOWN,0,,,,,,,,,,,,,,,,9.0,1,WIN,PRIMARY_CERTIFIED
436,2026-07-19,401857080,Azzi Fudd,PA,UNDER,17.5,-131.0,0.5670995670995671,,UNKNOWN,0,,,,,,,,,,,,,,,,13.0,1,WIN,PRIMARY_CERTIFIED
445,2026-07-19,401857080,Azzi Fudd,PR,UNDER,17.5,-132.0,0.5689655172413793,,UNKNOWN,0,,,,,,,,,,,,,,,,15.0,1,WIN,PRIMARY_CERTIFIED
446,2026-07-19,401857080,Azzi Fudd,PRA,UNDER,19.5,-132.0,0.5689655172413793,,UNKNOWN,1,0.0,0.0,0.0,0.0,0.0,0.0,0.0,0.0,0.0,,,19.5,1.0,1.0,1.0,17.0,1,WIN,PRIMARY_CERTIFIED
386,2026-07-19,401857080,Azzi Fudd,PTS,UNDER,14.5,-111.0,0.5260663507109005,,UNKNOWN,1,0.0,0.0,0.0,0.0,0.0,0.0,0.0,0.0,0.0,,,14.5,1.0,1.0,1.0,11.0,1,WIN,PRIMARY_CERTIFIED
433,2026-07-19,401857080,Azzi Fudd,PTS,UNDER,14.5,-53.5,0.3485342019543974,,UNKNOWN,1,0.0,0.0,0.0,0.0,0.0,0.0,0.0,0.0,0.0,,,14.5,1.0,1.0,1.0,11.0,1,WIN,PRIMARY_CERTIFIED
450,2026-07-19,401857080,Azzi Fudd,REB,UNDER,2.5,-200.0,0.6666666666666666,,UNKNOWN,0,,,,,,,,,,,,,,,,4.0,0,LOSS,PRIMARY_CERTIFIED
498,2026-07-19,401857080,Cameron Brink,PTS,OVER,7.5,-135.0,0.574468085106383,,UNKNOWN,0,,,,,,,,,,,,,,,,10.0,1,WIN,PRIMARY_CERTIFIED
428,2026-07-19,401857080,Cameron Brink,PTS,OVER,8.5,-118.25,0.5418098510882016,,UNKNOWN,0,,,,,,,,,,,,,,,,10.0,1,WIN,PRIMARY_CERTIFIED
507,2026-07-19,401857080,Cameron Brink,PTS,OVER,8.5,-101.0,0.5024875621890548,,UNKNOWN,0,,,,,,,,,,,,,,,,10.0,1,WIN,PRIMARY_CERTIFIED
551,2026-07-19,401857080,Dearica Hamby,RA,UNDER,9.5,-1.5,0.014778325123152709,,UNKNOWN,1,8.0,0.0,8.0,8.0,8.0,8.0,8.0,0.0,0.0,,,1.5,1.0,1.0,1.0,8.0,1,WIN,PRIMARY_CERTIFIED
486,2026-07-19,401857080,Nneka Ogwumike,AST,OVER,2.5,-180.0,0.6428571428571429,,UNKNOWN,2,4.5,0.5,4.0,5.0,4.5,4.5,4.5,0.5,0.5,-1.0,-1.0,-2.0,1.0,1.0,1.0,3.0,1,WIN,PRIMARY_CERTIFIED
389,2026-07-19,401857080,Nneka Ogwumike,PA,OVER,20.5,-129.0,0.5633187772925764,,UNKNOWN,3,24.666666666666668,2.494438257849294,22.0,28.0,24.666666666666668,24.666666666666668,24.666666666666668,2.494438257849294,2.494438257849294,-1.0,-1.0,-4.166666666666668,1.0,1.0,1.0,20.0,0,LOSS,PRIMARY_CERTIFIED
424,2026-07-19,401857080,Nneka Ogwumike,PA,OVER,20.5,-128.0,0.5614035087719298,,UNKNOWN,3,24.666666666666668,2.494438257849294,22.0,28.0,24.666666666666668,24.666666666666668,24.666666666666668,2.494438257849294,2.494438257849294,-1.0,-1.0,-4.166666666666668,1.0,1.0,1.0,20.0,0,LOSS,PRIMARY_CERTIFIED
511,2026-07-19,401857080,Nneka Ogwumike,PR,OVER,25.5,-130.0,0.5652173913043478,,UNKNOWN,0,,,,,,,,,,,,,,,,27.0,1,WIN,PRIMARY_CERTIFIED
390,2026-07-19,401857080,Nneka Ogwumike,PTS,OVER,17.5,-113.5,0.531615925058548,,UNKNOWN,3,20.0,2.160246899469287,18.0,23.0,20.0,20.0,20.0,2.160246899469287,2.160246899469287,-0.5,-0.5,-2.5,1.0,1.0,1.0,17.0,0,LOSS,PRIMARY_CERTIFIED
429,2026-07-19,401857080,Nneka Ogwumike,PTS,OVER,17.5,-119.8,0.5450409463148316,,UNKNOWN,3,20.0,2.160246899469287,18.0,23.0,20.0,20.0,20.0,2.160246899469287,2.160246899469287,-0.5,-0.5,-2.5,1.0,1.0,1.0,17.0,0,LOSS,PRIMARY_CERTIFIED
514,2026-07-19,401857080,Nneka Ogwumike,RA,OVER,11.5,-127.0,0.5594713656387665,,UNKNOWN,0,,,,,,,,,,,,,,,,13.0,1,WIN,PRIMARY_CERTIFIED
437,2026-07-19,401857081,Allisha Gray,PRA,UNDER,25.5,-126.5,0.5584988962472406,,UNKNOWN,0,,,,,,,,,,,,,,,,38.0,0,LOSS,PRIMARY_CERTIFIED
477,2026-07-19,401857081,Allisha Gray,PRA,UNDER,25.5,-125.0,0.5555555555555556,,UNKNOWN,0,,,,,,,,,,,,,,,,38.0,0,LOSS,PRIMARY_CERTIFIED
399,2026-07-19,401857081,Allisha Gray,PTS,OVER,18.5,-126.5,0.5584988962472406,,UNKNOWN,0,,,,,,,,,,,,,,,,29.0,1,WIN,PRIMARY_CERTIFIED
391,2026-07-19,401857081,Allisha Gray,REB,UNDER,3.5,-168.5,0.62756052141527,,UNKNOWN,1,3.0,0.0,3.0,3.0,3.0,3.0,3.0,0.0,0.0,,,0.5,1.0,1.0,1.0,6.0,0,LOSS,PRIMARY_CERTIFIED
426,2026-07-19,401857081,Allisha Gray,REB,UNDER,3.5,-160.33,0.6158721622555986,,UNKNOWN,1,3.0,0.0,3.0,3.0,3.0,3.0,3.0,0.0,0.0,,,0.5,1.0,1.0,1.0,6.0,0,LOSS,PRIMARY_CERTIFIED
472,2026-07-19,401857081,Allisha Gray,REB,UNDER,3.5,-150.67,0.6010691347189532,,UNKNOWN,1,3.0,0.0,3.0,3.0,3.0,3.0,3.0,0.0,0.0,,,0.5,1.0,1.0,1.0,6.0,0,LOSS,PRIMARY_CERTIFIED
451,2026-07-19,401857081,Angel Reese,AST,UNDER,2.5,1.5,0.9852216748768473,,UNKNOWN,0,,,,,,,,,,,,,,,,1.0,1,WIN,PRIMARY_CERTIFIED
443,2026-07-19,401857081,Angel Reese,RA,UNDER,15.5,-132.0,0.5689655172413793,,UNKNOWN,0,,,,,,,,,,,,,,,,6.0,1,WIN,PRIMARY_CERTIFIED
479,2026-07-19,401857081,Angel Reese,RA,UNDER,15.5,-118.0,0.5412844036697247,,UNKNOWN,0,,,,,,,,,,,,,,,,6.0,1,WIN,PRIMARY_CERTIFIED
394,2026-07-19,401857081,Kamilla Cardoso,REB,UNDER,8.5,-154.0,0.6062992125984252,,UNKNOWN,2,7.0,4.0,3.0,11.0,7.0,7.0,7.0,4.0,4.0,8.0,8.0,1.5,0.5,0.5,0.5,4.0,1,WIN,PRIMARY_CERTIFIED
379,2026-07-19,401857081,Natasha Cloud,PR,UNDER,15.5,-127.0,0.5594713656387665,,UNKNOWN,1,15.0,0.0,15.0,15.0,15.0,15.0,15.0,0.0,0.0,,,0.5,1.0,1.0,1.0,9.0,1,WIN,PRIMARY_CERTIFIED
381,2026-07-19,401857081,Natasha Cloud,PRA,UNDER,21.5,-124.0,0.5535714285714286,,UNKNOWN,1,30.0,0.0,30.0,30.0,30.0,30.0,30.0,0.0,0.0,,,-8.5,0.0,0.0,0.0,13.0,1,WIN,PRIMARY_CERTIFIED
383,2026-07-19,401857081,Natasha Cloud,RA,UNDER,9.5,-130.5,0.5661605206073753,,UNKNOWN,1,15.0,0.0,15.0,15.0,15.0,15.0,15.0,0.0,0.0,,,-5.5,0.0,0.0,0.0,6.0,1,WIN,PRIMARY_CERTIFIED
396,2026-07-19,401857081,Natasha Cloud,REB,UNDER,3.5,-130.0,0.5652173913043478,,UNKNOWN,2,4.0,2.0,2.0,6.0,4.0,4.0,4.0,2.0,2.0,4.0,4.0,-0.5,0.5,0.5,0.5,2.0,1,WIN,PRIMARY_CERTIFIED
378,2026-07-19,401857081,Naz Hillmon,3PM,UNDER,1.5,-185.0,0.6491228070175439,,UNKNOWN,2,2.5,1.5,1.0,4.0,2.5,2.5,2.5,1.5,1.5,3.0,3.0,-1.0,0.5,0.5,0.5,1.0,1,WIN,PRIMARY_CERTIFIED
407,2026-07-19,401857081,Rhyne Howard,PA,UNDER,22.5,-127.0,0.5594713656387665,,UNKNOWN,2,14.5,0.5,14.0,15.0,14.5,14.5,14.5,0.5,0.5,1.0,1.0,8.0,1.0,1.0,1.0,17.0,1,WIN,PRIMARY_CERTIFIED
457,2026-07-19,401857081,Rhyne Howard,PA,UNDER,22.5,-130.0,0.5652173913043478,,UNKNOWN,2,14.5,0.5,14.0,15.0,14.5,14.5,14.5,0.5,0.5,1.0,1.0,8.0,1.0,1.0,1.0,17.0,1,WIN,PRIMARY_CERTIFIED
435,2026-07-19,401857081,Rhyne Howard,PRA,UNDER,26.5,-122.0,0.5495495495495496,,UNKNOWN,2,19.0,0.0,19.0,19.0,19.0,19.0,19.0,0.0,0.0,0.0,0.0,7.5,1.0,1.0,1.0,23.0,1,WIN,PRIMARY_CERTIFIED
476,2026-07-19,401857081,Rhyne Howard,PRA,UNDER,26.5,-127.33,0.5601108520652796,,UNKNOWN,2,19.0,0.0,19.0,19.0,19.0,19.0,19.0,0.0,0.0,0.0,0.0,7.5,1.0,1.0,1.0,23.0,1,WIN,PRIMARY_CERTIFIED
380,2026-07-19,401857081,Sydney Taylor,PA,UNDER,17.5,-125.0,0.5555555555555556,,UNKNOWN,1,21.0,0.0,21.0,21.0,21.0,21.0,21.0,0.0,0.0,,,-3.5,0.0,0.0,0.0,20.0,0,LOSS,PRIMARY_CERTIFIED
576,2026-07-19,401857082,Brittney Griner,REB,UNDER,6.5,-154.0,0.6062992125984252,,UNKNOWN,0,,,,,,,,,,,,,,,,5.0,1,WIN,PRIMARY_CERTIFIED
566,2026-07-19,401857082,Charlisse Leger-Walker,PA,UNDER,11.5,-106.0,0.5145631067961165,,UNKNOWN,1,11.0,0.0,11.0,11.0,11.0,11.0,11.0,0.0,0.0,,,0.5,1.0,1.0,1.0,10.0,1,WIN,PRIMARY_CERTIFIED
444,2026-07-19,401857082,Charlisse Leger-Walker,PA,UNDER,12.5,-122.0,0.5495495495495496,,UNKNOWN,1,11.0,0.0,11.0,11.0,11.0,11.0,11.0,0.0,0.0,,,1.5,1.0,1.0,1.0,10.0,1,WIN,PRIMARY_CERTIFIED
481,2026-07-19,401857082,Charlisse Leger-Walker,PA,UNDER,12.5,-115.5,0.5359628770301624,,UNKNOWN,1,11.0,0.0,11.0,11.0,11.0,11.0,11.0,0.0,0.0,,,1.5,1.0,1.0,1.0,10.0,1,WIN,PRIMARY_CERTIFIED
439,2026-07-19,401857082,Charlisse Leger-Walker,PA,UNDER,13.5,-137.0,0.5780590717299579,,UNKNOWN,1,11.0,0.0,11.0,11.0,11.0,11.0,11.0,0.0,0.0,,,2.5,1.0,1.0,1.0,10.0,1,WIN,PRIMARY_CERTIFIED
441,2026-07-19,401857082,Charlisse Leger-Walker,PR,UNDER,11.5,-125.0,0.5555555555555556,,UNKNOWN,1,8.0,0.0,8.0,8.0,8.0,8.0,8.0,0.0,0.0,,,3.5,1.0,1.0,1.0,8.0,1,WIN,PRIMARY_CERTIFIED
478,2026-07-19,401857082,Charlisse Leger-Walker,PR,UNDER,11.5,-117.0,0.5391705069124424,,UNKNOWN,1,8.0,0.0,8.0,8.0,8.0,8.0,8.0,0.0,0.0,,,3.5,1.0,1.0,1.0,8.0,1,WIN,PRIMARY_CERTIFIED
442,2026-07-19,401857082,Charlisse Leger-Walker,PRA,UNDER,15.5,-112.5,0.5294117647058824,,UNKNOWN,1,15.0,0.0,15.0,15.0,15.0,15.0,15.0,0.0,0.0,,,0.5,1.0,1.0,1.0,13.0,1,WIN,PRIMARY_CERTIFIED
482,2026-07-19,401857082,Charlisse Leger-Walker,PRA,UNDER,15.5,-115.0,0.5348837209302325,,UNKNOWN,1,15.0,0.0,15.0,15.0,15.0,15.0,15.0,0.0,0.0,,,0.5,1.0,1.0,1.0,13.0,1,WIN,PRIMARY_CERTIFIED
549,2026-07-19,401857082,Charlisse Leger-Walker,PRA,UNDER,15.5,-131.0,0.5670995670995671,,UNKNOWN,1,15.0,0.0,15.0,15.0,15.0,15.0,15.0,0.0,0.0,,,0.5,1.0,1.0,1.0,13.0,1,WIN,PRIMARY_CERTIFIED
432,2026-07-19,401857082,Charlisse Leger-Walker,PRA,UNDER,16.5,-134.0,0.5726495726495726,,UNKNOWN,1,15.0,0.0,15.0,15.0,15.0,15.0,15.0,0.0,0.0,,,1.5,1.0,1.0,1.0,13.0,1,WIN,PRIMARY_CERTIFIED
563,2026-07-19,401857082,Charlisse Leger-Walker,PTS,UNDER,7.5,-121.33,0.5481859666561244,,UNKNOWN,0,,,,,,,,,,,,,,,,5.0,1,WIN,PRIMARY_CERTIFIED
502,2026-07-19,401857082,DeWanna Bonner,PR,OVER,14.5,-124.0,0.5535714285714286,,UNKNOWN,0,,,,,,,,,,,,,,,,27.0,1,WIN,PRIMARY_CERTIFIED
493,2026-07-19,401857082,DeWanna Bonner,REB,OVER,5.5,117.5,0.45977011494252873,,UNKNOWN,0,,,,,,,,,,,,,,,,6.0,1,WIN,PRIMARY_CERTIFIED
534,2026-07-19,401857082,DeWanna Bonner,REB,OVER,5.5,117.67,0.45941103505306197,,UNKNOWN,0,,,,,,,,,,,,,,,,6.0,1,WIN,PRIMARY_CERTIFIED
456,2026-07-19,401857082,Diamond Miller,3PM,OVER,0.5,-225.33,0.6926198014323917,,UNKNOWN,0,,,,,,,,,,,,,,,,0.0,0,LOSS,PRIMARY_CERTIFIED
485,2026-07-19,401857082,Diamond Miller,3PM,OVER,0.5,-218.0,0.6855345911949685,,UNKNOWN,0,,,,,,,,,,,,,,,,0.0,0,LOSS,PRIMARY_CERTIFIED
419,2026-07-19,401857082,Monique Akoa Makani,REB,UNDER,2.5,-150.0,0.6,,UNKNOWN,1,2.0,0.0,2.0,2.0,2.0,2.0,2.0,0.0,0.0,,,0.5,1.0,1.0,1.0,6.0,0,LOSS,PRIMARY_CERTIFIED
465,2026-07-19,401857082,Monique Akoa Makani,REB,UNDER,2.5,-150.5,0.6007984031936128,,UNKNOWN,1,2.0,0.0,2.0,2.0,2.0,2.0,2.0,0.0,0.0,,,0.5,1.0,1.0,1.0,6.0,0,LOSS,PRIMARY_CERTIFIED
416,2026-07-19,401857082,Natasha Mack,RA,OVER,7.5,-148.0,0.5967741935483871,,UNKNOWN,0,,,,,,,,,,,,,,,,5.0,0,LOSS,PRIMARY_CERTIFIED
417,2026-07-19,401857082,Natasha Mack,REB,OVER,6.5,-110.2,0.5242626070409134,,UNKNOWN,0,,,,,,,,,,,,,,,,5.0,0,LOSS,PRIMARY_CERTIFIED
464,2026-07-19,401857082,Natasha Mack,REB,OVER,6.5,-112.0,0.5283018867924528,,UNKNOWN,0,,,,,,,,,,,,,,,,5.0,0,LOSS,PRIMARY_CERTIFIED
447,2026-07-20,401857083,A'ja Wilson,RA,OVER,12.5,-135.0,0.574468085106383,,UNKNOWN,1,14.0,0.0,14.0,14.0,14.0,14.0,14.0,0.0,0.0,,,-1.5,1.0,1.0,1.0,10.0,0,LOSS,PRIMARY_CERTIFIED
519,2026-07-20,401857083,A'ja Wilson,RA,OVER,12.5,-136.0,0.576271186440678,,UNKNOWN,1,14.0,0.0,14.0,14.0,14.0,14.0,14.0,0.0,0.0,,,-1.5,1.0,1.0,1.0,10.0,0,LOSS,PRIMARY_CERTIFIED
438,2026-07-20,401857083,A'ja Wilson,REB,OVER,9.5,-142.0,0.5867768595041323,,UNKNOWN,1,12.0,0.0,12.0,12.0,12.0,12.0,12.0,0.0,0.0,,,-2.5,1.0,1.0,1.0,6.0,0,LOSS,PRIMARY_CERTIFIED
559,2026-07-20,401857083,Chelsea Gray,REB,UNDER,3.5,-145.0,0.5918367346938775,,UNKNOWN,0,,,,,,,,,,,,,,,,4.0,0,LOSS,PRIMARY_CERTIFIED
582,2026-07-20,401857083,Isabelle Harrison,PR,UNDER,17.5,-113.0,0.5305164319248826,,UNKNOWN,0,,,,,,,,,,,,,,,,37.0,0,LOSS,PRIMARY_CERTIFIED
579,2026-07-20,401857083,Isabelle Harrison,PTS,UNDER,11.5,-2.5,0.024390243902439025,,UNKNOWN,0,,,,,,,,,,,,,,,,26.0,0,LOSS,PRIMARY_CERTIFIED
581,2026-07-20,401857083,Isabelle Harrison,PTS,UNDER,12.5,-125.5,0.5565410199556541,,UNKNOWN,0,,,,,,,,,,,,,,,,26.0,0,LOSS,PRIMARY_CERTIFIED
573,2026-07-20,401857083,Jewell Loyd,PR,UNDER,10.5,100.0,0.5,,UNKNOWN,0,,,,,,,,,,,,,,,,12.0,0,LOSS,PRIMARY_CERTIFIED
564,2026-07-20,401857083,Jewell Loyd,PR,UNDER,11.5,-136.0,0.576271186440678,,UNKNOWN,0,,,,,,,,,,,,,,,,12.0,0,LOSS,PRIMARY_CERTIFIED
572,2026-07-20,401857083,Jewell Loyd,REB,UNDER,2.5,-162.5,0.6190476190476191,,UNKNOWN,0,,,,,,,,,,,,,,,,1.0,1,WIN,PRIMARY_CERTIFIED
455,2026-07-20,401857083,Julie Allemand,AST,UNDER,6.5,-132.5,0.5698924731182796,,UNKNOWN,0,,,,,,,,,,,,,,,,4.0,1,WIN,PRIMARY_CERTIFIED
580,2026-07-20,401857083,Julie Allemand,AST,UNDER,6.5,-140.0,0.5833333333333334,,UNKNOWN,0,,,,,,,,,,,,,,,,4.0,1,WIN,PRIMARY_CERTIFIED
452,2026-07-20,401857083,Laura Juskaite,REB,OVER,3.5,-152.0,0.6031746031746031,,UNKNOWN,2,4.0,0.0,4.0,4.0,4.0,4.0,4.0,0.0,0.0,0.0,0.0,-0.5,1.0,1.0,1.0,3.0,0,LOSS,PRIMARY_CERTIFIED
531,2026-07-20,401857083,Laura Juskaite,REB,OVER,3.5,-161.67,0.6178392631940995,,UNKNOWN,2,4.0,0.0,4.0,4.0,4.0,4.0,4.0,0.0,0.0,0.0,0.0,-0.5,1.0,1.0,1.0,3.0,0,LOSS,PRIMARY_CERTIFIED
517,2026-07-20,401857083,Laura Juskaite,REB,UNDER,4.5,-147.0,0.5951417004048583,,UNKNOWN,2,4.0,0.0,4.0,4.0,4.0,4.0,4.0,0.0,0.0,0.0,0.0,0.5,1.0,1.0,1.0,3.0,1,WIN,PRIMARY_CERTIFIED
558,2026-07-20,401857083,Laura Juskaite,REB,UNDER,4.5,-148.0,0.5967741935483871,,UNKNOWN,2,4.0,0.0,4.0,4.0,4.0,4.0,4.0,0.0,0.0,0.0,0.0,0.5,1.0,1.0,1.0,3.0,1,WIN,PRIMARY_CERTIFIED
569,2026-07-20,401857083,Marina Mabrey,AST,UNDER,3.5,-148.0,0.5967741935483871,,UNKNOWN,0,,,,,,,,,,,,,,,,5.0,0,LOSS,PRIMARY_CERTIFIED
577,2026-07-20,401857083,NaLyssa Smith,REB,UNDER,5.5,0.0,,,UNKNOWN,0,,,,,,,,,,,,,,,,5.0,1,WIN,PRIMARY_CERTIFIED
501,2026-07-20,401857084,Janelle Salaun,3PM,OVER,1.5,-180.5,0.64349376114082,,UNKNOWN,1,2.0,0.0,2.0,2.0,2.0,2.0,2.0,0.0,0.0,,,-0.5,1.0,1.0,1.0,1.0,0,LOSS,PRIMARY_CERTIFIED
524,2026-07-20,401857084,Lauren Betts,REB,OVER,3.5,-136.0,0.576271186440678,,UNKNOWN,0,,,,,,,,,,,,,,,,2.0,0,LOSS,PRIMARY_CERTIFIED
533,2026-07-20,401857084,Shakira Austin,PR,OVER,22.5,-124.5,0.5545657015590201,,UNKNOWN,1,34.0,0.0,34.0,34.0,34.0,34.0,34.0,0.0,0.0,,,-11.5,1.0,1.0,1.0,30.0,1,WIN,PRIMARY_CERTIFIED
532,2026-07-20,401857084,Shakira Austin,PRA,OVER,25.5,-121.5,0.5485327313769752,,UNKNOWN,2,33.5,1.5,32.0,35.0,33.5,33.5,33.5,1.5,1.5,3.0,3.0,-8.0,1.0,1.0,1.0,32.0,1,WIN,PRIMARY_CERTIFIED
543,2026-07-20,401857084,Sonia Citron,3PM,UNDER,1.5,-185.0,0.6491228070175439,,UNKNOWN,0,,,,,,,,,,,,,,,,0.0,1,WIN,PRIMARY_CERTIFIED
513,2026-07-20,401857084,Sonia Citron,AST,OVER,2.5,-175.0,0.6363636363636364,,UNKNOWN,0,,,,,,,,,,,,,,,,6.0,1,WIN,PRIMARY_CERTIFIED
553,2026-07-20,401857084,Sonia Citron,AST,OVER,2.5,-172.0,0.6323529411764706,,UNKNOWN,0,,,,,,,,,,,,,,,,6.0,1,WIN,PRIMARY_CERTIFIED
440,2026-07-20,401857085,Courtney Williams,3PM,UNDER,1.5,-179.5,0.6422182468694096,,UNKNOWN,0,,,,,,,,,,,,,,,,1.0,1,WIN,PRIMARY_CERTIFIED
480,2026-07-20,401857085,Courtney Williams,3PM,UNDER,1.5,-176.5,0.6383363471971067,,UNKNOWN,0,,,,,,,,,,,,,,,,1.0,1,WIN,PRIMARY_CERTIFIED
516,2026-07-20,401857085,Courtney Williams,3PM,UNDER,1.5,-171.75,0.6320147194112236,,UNKNOWN,0,,,,,,,,,,,,,,,,1.0,1,WIN,PRIMARY_CERTIFIED
556,2026-07-20,401857085,Courtney Williams,3PM,UNDER,1.5,-172.75,0.6333638863428047,,UNKNOWN,0,,,,,,,,,,,,,,,,1.0,1,WIN,PRIMARY_CERTIFIED
430,2026-07-20,401857085,Courtney Williams,PR,UNDER,21.5,-121.0,0.5475113122171946,,UNKNOWN,0,,,,,,,,,,,,,,,,25.0,0,LOSS,PRIMARY_CERTIFIED
473,2026-07-20,401857085,Courtney Williams,PR,UNDER,21.5,-119.0,0.54337899543379,,UNKNOWN,0,,,,,,,,,,,,,,,,25.0,0,LOSS,PRIMARY_CERTIFIED
508,2026-07-20,401857085,Courtney Williams,PR,UNDER,21.5,-113.5,0.531615925058548,,UNKNOWN,0,,,,,,,,,,,,,,,,25.0,0,LOSS,PRIMARY_CERTIFIED
545,2026-07-20,401857085,Courtney Williams,PR,UNDER,21.5,-122.0,0.5495495495495496,,UNKNOWN,0,,,,,,,,,,,,,,,,25.0,0,LOSS,PRIMARY_CERTIFIED
421,2026-07-20,401857085,Courtney Williams,PRA,UNDER,25.5,-120.0,0.5454545454545454,,UNKNOWN,2,24.5,0.5,24.0,25.0,24.5,24.5,24.5,0.5,0.5,-1.0,-1.0,1.0,1.0,1.0,1.0,28.0,0,LOSS,PRIMARY_CERTIFIED
469,2026-07-20,401857085,Courtney Williams,PRA,UNDER,25.5,-108.5,0.5203836930455635,,UNKNOWN,2,24.5,0.5,24.0,25.0,24.5,24.5,24.5,0.5,0.5,-1.0,-1.0,1.0,1.0,1.0,1.0,28.0,0,LOSS,PRIMARY_CERTIFIED
538,2026-07-20,401857085,Courtney Williams,PRA,UNDER,25.5,-115.67,0.5363286502527008,,UNKNOWN,2,24.5,0.5,24.0,25.0,24.5,24.5,24.5,0.5,0.5,-1.0,-1.0,1.0,1.0,1.0,1.0,28.0,0,LOSS,PRIMARY_CERTIFIED
414,2026-07-20,401857085,Courtney Williams,PRA,UNDER,26.5,-130.0,0.5652173913043478,,UNKNOWN,2,24.5,0.5,24.0,25.0,24.5,24.5,24.5,0.5,0.5,-1.0,-1.0,2.0,1.0,1.0,1.0,28.0,0,LOSS,PRIMARY_CERTIFIED
448,2026-07-20,401857085,Flau'jae Johnson,3PM,UNDER,1.5,-201.0,0.6677740863787376,,UNKNOWN,0,,,,,,,,,,,,,,,,5.0,0,LOSS,PRIMARY_CERTIFIED
483,2026-07-20,401857085,Flau'jae Johnson,3PM,UNDER,1.5,-203.5,0.6705107084019769,,UNKNOWN,0,,,,,,,,,,,,,,,,5.0,0,LOSS,PRIMARY_CERTIFIED
527,2026-07-20,401857085,Flau'jae Johnson,3PM,UNDER,1.5,-210.5,0.677938808373591,,UNKNOWN,0,,,,,,,,,,,,,,,,5.0,0,LOSS,PRIMARY_CERTIFIED
574,2026-07-20,401857085,Flau'jae Johnson,3PM,UNDER,1.5,-209.0,0.6763754045307443,,UNKNOWN,0,,,,,,,,,,,,,,,,5.0,0,LOSS,PRIMARY_CERTIFIED
539,2026-07-20,401857085,Kayla McBride,AST,UNDER,2.5,-197.0,0.6632996632996633,,UNKNOWN,0,,,,,,,,,,,,,,,,0.0,1,WIN,PRIMARY_CERTIFIED
412,2026-07-20,401857085,Kayla McBride,PA,OVER,20.5,-124.0,0.5535714285714286,,UNKNOWN,2,31.0,7.0,24.0,38.0,31.0,31.0,31.0,7.0,7.0,-14.0,-14.0,-10.5,1.0,1.0,1.0,33.0,1,WIN,PRIMARY_CERTIFIED
462,2026-07-20,401857085,Kayla McBride,PA,OVER,20.5,-130.0,0.5652173913043478,,UNKNOWN,2,31.0,7.0,24.0,38.0,31.0,31.0,31.0,7.0,7.0,-14.0,-14.0,-10.5,1.0,1.0,1.0,33.0,1,WIN,PRIMARY_CERTIFIED
494,2026-07-20,401857085,Kayla McBride,PA,OVER,20.5,-117.0,0.5391705069124424,,UNKNOWN,2,31.0,7.0,24.0,38.0,31.0,31.0,31.0,7.0,7.0,-14.0,-14.0,-10.5,1.0,1.0,1.0,33.0,1,WIN,PRIMARY_CERTIFIED
410,2026-07-20,401857085,Kayla McBride,PR,OVER,21.5,-120.5,0.546485260770975,,UNKNOWN,3,31.666666666666668,8.055363982396381,25.0,43.0,31.666666666666668,31.666666666666668,31.666666666666668,8.055363982396381,8.055363982396381,-8.0,-8.0,-10.166666666666668,1.0,1.0,1.0,35.0,1,WIN,PRIMARY_CERTIFIED
460,2026-07-20,401857085,Kayla McBride,PR,OVER,21.5,-125.5,0.5565410199556541,,UNKNOWN,3,31.666666666666668,8.055363982396381,25.0,43.0,31.666666666666668,31.666666666666668,31.666666666666668,8.055363982396381,8.055363982396381,-8.0,-8.0,-10.166666666666668,1.0,1.0,1.0,35.0,1,WIN,PRIMARY_CERTIFIED
489,2026-07-20,401857085,Kayla McBride,PR,OVER,21.5,-107.5,0.5180722891566265,,UNKNOWN,3,31.666666666666668,8.055363982396381,25.0,43.0,31.666666666666668,31.666666666666668,31.666666666666668,8.055363982396381,8.055363982396381,-8.0,-8.0,-10.166666666666668,1.0,1.0,1.0,35.0,1,WIN,PRIMARY_CERTIFIED
413,2026-07-20,401857085,Kayla McBride,PRA,OVER,23.5,-129.0,0.5633187772925764,,UNKNOWN,3,32.333333333333336,8.259674462242579,26.0,44.0,32.333333333333336,32.333333333333336,32.333333333333336,8.259674462242579,8.259674462242579,-8.5,-8.5,-8.833333333333336,1.0,1.0,1.0,35.0,1,WIN,PRIMARY_CERTIFIED
495,2026-07-20,401857085,Kayla McBride,PRA,OVER,23.5,-115.33,0.5355965262620165,,UNKNOWN,3,32.333333333333336,8.259674462242579,26.0,44.0,32.333333333333336,32.333333333333336,32.333333333333336,8.259674462242579,8.259674462242579,-8.5,-8.5,-8.833333333333336,1.0,1.0,1.0,35.0,1,WIN,PRIMARY_CERTIFIED
420,2026-07-20,401857085,Kayla McBride,PRA,OVER,24.5,-110.0,0.5238095238095238,,UNKNOWN,3,32.333333333333336,8.259674462242579,26.0,44.0,32.333333333333336,32.333333333333336,32.333333333333336,8.259674462242579,8.259674462242579,-8.5,-8.5,-7.833333333333336,1.0,1.0,1.0,35.0,1,WIN,PRIMARY_CERTIFIED
467,2026-07-20,401857085,Kayla McBride,PRA,OVER,24.5,-109.5,0.522673031026253,,UNKNOWN,3,32.333333333333336,8.259674462242579,26.0,44.0,32.333333333333336,32.333333333333336,32.333333333333336,8.259674462242579,8.259674462242579,-8.5,-8.5,-7.833333333333336,1.0,1.0,1.0,35.0,1,WIN,PRIMARY_CERTIFIED
487,2026-07-20,401857085,Kayla McBride,PTS,OVER,17.5,-130.0,0.5652173913043478,,UNKNOWN,3,28.333333333333332,6.128258770283412,24.0,37.0,28.333333333333332,28.333333333333332,28.333333333333332,6.128258770283412,6.128258770283412,-6.5,-6.5,-10.833333333333332,1.0,1.0,1.0,33.0,1,WIN,PRIMARY_CERTIFIED
409,2026-07-20,401857085,Kayla McBride,PTS,OVER,18.5,-112.0,0.5283018867924528,,UNKNOWN,3,28.333333333333332,6.128258770283412,24.0,37.0,28.333333333333332,28.333333333333332,28.333333333333332,6.128258770283412,6.128258770283412,-6.5,-6.5,-9.833333333333332,1.0,1.0,1.0,33.0,1,WIN,PRIMARY_CERTIFIED
459,2026-07-20,401857085,Kayla McBride,PTS,OVER,18.5,-116.0,0.5370370370370371,,UNKNOWN,3,28.333333333333332,6.128258770283412,24.0,37.0,28.333333333333332,28.333333333333332,28.333333333333332,6.128258770283412,6.128258770283412,-6.5,-6.5,-9.833333333333332,1.0,1.0,1.0,33.0,1,WIN,PRIMARY_CERTIFIED
560,2026-07-20,401857085,Natasha Howard,PR,UNDER,24.5,-127.5,0.5604395604395604,,UNKNOWN,0,,,,,,,,,,,,,,,,18.0,1,WIN,PRIMARY_CERTIFIED
427,2026-07-20,401857085,Natasha Howard,PR,UNDER,25.5,-128.0,0.5614035087719298,,UNKNOWN,0,,,,,,,,,,,,,,,,18.0,1,WIN,PRIMARY_CERTIFIED
557,2026-07-20,401857085,Natasha Howard,PRA,UNDER,27.5,-119.0,0.54337899543379,,UNKNOWN,0,,,,,,,,,,,,,,,,21.0,1,WIN,PRIMARY_CERTIFIED
515,2026-07-20,401857085,Natasha Howard,PTS,UNDER,16.5,-143.0,0.588477366255144,,UNKNOWN,2,13.0,3.0,10.0,16.0,13.0,13.0,13.0,3.0,3.0,6.0,6.0,3.5,1.0,1.0,1.0,6.0,1,WIN,PRIMARY_CERTIFIED
425,2026-07-20,401857085,Natisha Hiedeman,3PM,UNDER,2.5,-187.5,0.6521739130434783,,UNKNOWN,0,,,,,,,,,,,,,,,,1.0,1,WIN,PRIMARY_CERTIFIED
471,2026-07-20,401857085,Natisha Hiedeman,3PM,UNDER,2.5,-185.5,0.649737302977233,,UNKNOWN,0,,,,,,,,,,,,,,,,1.0,1,WIN,PRIMARY_CERTIFIED
504,2026-07-20,401857085,Natisha Hiedeman,3PM,UNDER,2.5,-189.0,0.6539792387543253,,UNKNOWN,0,,,,,,,,,,,,,,,,1.0,1,WIN,PRIMARY_CERTIFIED
541,2026-07-20,401857085,Natisha Hiedeman,3PM,UNDER,2.5,-190.0,0.6551724137931034,,UNKNOWN,0,,,,,,,,,,,,,,,,1.0,1,WIN,PRIMARY_CERTIFIED
449,2026-07-20,401857085,Natisha Hiedeman,REB,UNDER,3.5,-181.5,0.6447602131438721,,UNKNOWN,0,,,,,,,,,,,,,,,,1.0,1,WIN,PRIMARY_CERTIFIED
529,2026-07-20,401857085,Natisha Hiedeman,REB,UNDER,3.5,-187.33,0.6519681202798175,,UNKNOWN,0,,,,,,,,,,,,,,,,1.0,1,WIN,PRIMARY_CERTIFIED
522,2026-07-20,401857085,Nia Coffey,AST,UNDER,2.5,-192.0,0.6575342465753424,,UNKNOWN,0,,,,,,,,,,,,,,,,1.0,1,WIN,PRIMARY_CERTIFIED
411,2026-07-20,401857085,Nia Coffey,PR,UNDER,13.5,102.0,0.49504950495049505,,UNKNOWN,3,11.0,2.160246899469287,8.0,13.0,11.0,11.0,11.0,2.160246899469287,2.160246899469287,2.0,2.0,2.5,1.0,1.0,1.0,4.0,1,WIN,PRIMARY_CERTIFIED
461,2026-07-20,401857085,Nia Coffey,PR,UNDER,13.5,-102.0,0.504950495049505,,UNKNOWN,3,11.0,2.160246899469287,8.0,13.0,11.0,11.0,11.0,2.160246899469287,2.160246899469287,2.0,2.0,2.5,1.0,1.0,1.0,4.0,1,WIN,PRIMARY_CERTIFIED
406,2026-07-20,401857085,Nia Coffey,PR,UNDER,14.5,-133.0,0.5708154506437768,,UNKNOWN,3,11.0,2.160246899469287,8.0,13.0,11.0,11.0,11.0,2.160246899469287,2.160246899469287,2.0,2.0,3.5,1.0,1.0,1.0,4.0,1,WIN,PRIMARY_CERTIFIED
408,2026-07-20,401857085,Nia Coffey,PRA,UNDER,16.5,-118.0,0.5412844036697247,,UNKNOWN,2,10.5,2.5,8.0,13.0,10.5,10.5,10.5,2.5,2.5,5.0,5.0,6.0,1.0,1.0,1.0,5.0,1,WIN,PRIMARY_CERTIFIED
458,2026-07-20,401857085,Nia Coffey,PRA,UNDER,16.5,-125.0,0.5555555555555556,,UNKNOWN,2,10.5,2.5,8.0,13.0,10.5,10.5,10.5,2.5,2.5,5.0,5.0,6.0,1.0,1.0,1.0,5.0,1,WIN,PRIMARY_CERTIFIED
526,2026-07-20,401857085,Nia Coffey,RA,UNDER,7.5,-144.0,0.5901639344262295,,UNKNOWN,0,,,,,,,,,,,,,,,,2.0,1,WIN,PRIMARY_CERTIFIED
415,2026-07-20,401857085,Nia Coffey,REB,UNDER,5.5,-125.5,0.5565410199556541,,UNKNOWN,3,3.6666666666666665,0.9428090415820634,3.0,5.0,3.6666666666666665,3.6666666666666665,3.6666666666666665,0.9428090415820634,0.9428090415820634,0.0,0.0,1.8333333333333335,1.0,1.0,1.0,1.0,1,WIN,PRIMARY_CERTIFIED
463,2026-07-20,401857085,Nia Coffey,REB,UNDER,5.5,-131.0,0.5670995670995671,,UNKNOWN,3,3.6666666666666665,0.9428090415820634,3.0,5.0,3.6666666666666665,3.6666666666666665,3.6666666666666665,0.9428090415820634,0.9428090415820634,0.0,0.0,1.8333333333333335,1.0,1.0,1.0,1.0,1,WIN,PRIMARY_CERTIFIED
537,2026-07-20,401857085,Nia Coffey,REB,UNDER,5.5,-167.0,0.6254681647940075,,UNKNOWN,3,3.6666666666666665,0.9428090415820634,3.0,5.0,3.6666666666666665,3.6666666666666665,3.6666666666666665,0.9428090415820634,0.9428090415820634,0.0,0.0,1.8333333333333335,1.0,1.0,1.0,1.0,1,WIN,PRIMARY_CERTIFIED
418,2026-07-20,401857085,Olivia Miles,3PM,OVER,0.5,-243.0,0.7084548104956269,,UNKNOWN,0,,,,,,,,,,,,,,,,1.0,1,WIN,PRIMARY_CERTIFIED
466,2026-07-20,401857085,Olivia Miles,3PM,OVER,0.5,-245.0,0.7101449275362319,,UNKNOWN,0,,,,,,,,,,,,,,,,1.0,1,WIN,PRIMARY_CERTIFIED
571,2026-07-20,401857085,Olivia Miles,REB,UNDER,4.5,-150.0,0.6,,UNKNOWN,0,,,,,,,,,,,,,,,,8.0,0,LOSS,PRIMARY_CERTIFIED
562,2026-07-20,401892393,Azzi Fudd,AST,UNDER,2.5,-128.0,0.5614035087719298,,UNKNOWN,0,,,,,,,,,,,,,,,,2.0,1,WIN,PRIMARY_CERTIFIED
232,2026-07-20,401892393,Azzi Fudd,PA,UNDER,16.5,-116.5,0.5381062355658198,,UNKNOWN,1,13.0,0.0,13.0,13.0,13.0,13.0,13.0,0.0,0.0,,,3.5,1.0,1.0,1.0,17.0,0,LOSS,PRIMARY_CERTIFIED
289,2026-07-20,401892393,Azzi Fudd,PA,UNDER,16.5,-105.5,0.51338199513382,,UNKNOWN,1,13.0,0.0,13.0,13.0,13.0,13.0,13.0,0.0,0.0,,,3.5,1.0,1.0,1.0,17.0,0,LOSS,PRIMARY_CERTIFIED
536,2026-07-20,401892393,Azzi Fudd,PA,UNDER,19.5,-121.0,0.5475113122171946,,UNKNOWN,1,13.0,0.0,13.0,13.0,13.0,13.0,13.0,0.0,0.0,,,6.5,1.0,1.0,1.0,17.0,1,WIN,PRIMARY_CERTIFIED
490,2026-07-20,401892393,Azzi Fudd,PA,UNDER,20.5,-121.0,0.5475113122171946,,UNKNOWN,1,13.0,0.0,13.0,13.0,13.0,13.0,13.0,0.0,0.0,,,7.5,1.0,1.0,1.0,17.0,1,WIN,PRIMARY_CERTIFIED
548,2026-07-20,401892393,Azzi Fudd,PR,UNDER,18.5,-110.0,0.5238095238095238,,UNKNOWN,1,15.0,0.0,15.0,15.0,15.0,15.0,15.0,0.0,0.0,,,3.5,1.0,1.0,1.0,16.0,1,WIN,PRIMARY_CERTIFIED
506,2026-07-20,401892393,Azzi Fudd,PR,UNDER,19.5,-110.0,0.5238095238095238,,UNKNOWN,1,15.0,0.0,15.0,15.0,15.0,15.0,15.0,0.0,0.0,,,4.5,1.0,1.0,1.0,16.0,1,WIN,PRIMARY_CERTIFIED
509,2026-07-20,401892393,Azzi Fudd,PRA,UNDER,21.5,-125.0,0.5555555555555556,,UNKNOWN,2,8.5,8.5,0.0,17.0,8.5,8.5,8.5,8.5,8.5,17.0,17.0,13.0,1.0,1.0,1.0,18.0,1,WIN,PRIMARY_CERTIFIED
546,2026-07-20,401892393,Azzi Fudd,PRA,UNDER,21.5,-117.0,0.5391705069124424,,UNKNOWN,2,8.5,8.5,0.0,17.0,8.5,8.5,8.5,8.5,8.5,17.0,17.0,13.0,1.0,1.0,1.0,18.0,1,WIN,PRIMARY_CERTIFIED
496,2026-07-20,401892393,Azzi Fudd,PRA,UNDER,22.5,-129.5,0.5642701525054467,,UNKNOWN,2,8.5,8.5,0.0,17.0,8.5,8.5,8.5,8.5,8.5,17.0,17.0,14.0,1.0,1.0,1.0,18.0,1,WIN,PRIMARY_CERTIFIED
535,2026-07-20,401892393,Azzi Fudd,PRA,UNDER,22.5,-125.0,0.5555555555555556,,UNKNOWN,2,8.5,8.5,0.0,17.0,8.5,8.5,8.5,8.5,8.5,17.0,17.0,14.0,1.0,1.0,1.0,18.0,1,WIN,PRIMARY_CERTIFIED
283,2026-07-20,401892393,Azzi Fudd,PTS,UNDER,14.5,-116.0,0.5370370370370371,,UNKNOWN,2,5.5,5.5,0.0,11.0,5.5,5.5,5.5,5.5,5.5,11.0,11.0,9.0,1.0,1.0,1.0,15.0,0,LOSS,PRIMARY_CERTIFIED
505,2026-07-20,401892393,Azzi Fudd,PTS,UNDER,16.5,-6.0,0.05660377358490566,,UNKNOWN,2,5.5,5.5,0.0,11.0,5.5,5.5,5.5,5.5,5.5,11.0,11.0,11.0,1.0,1.0,1.0,15.0,1,WIN,PRIMARY_CERTIFIED
544,2026-07-20,401892393,Azzi Fudd,PTS,UNDER,16.5,-113.25,0.5310668229777257,,UNKNOWN,2,5.5,5.5,0.0,11.0,5.5,5.5,5.5,5.5,5.5,11.0,11.0,11.0,1.0,1.0,1.0,15.0,1,WIN,PRIMARY_CERTIFIED
491,2026-07-20,401892393,Azzi Fudd,PTS,UNDER,17.5,-123.0,0.5515695067264574,,UNKNOWN,2,5.5,5.5,0.0,11.0,5.5,5.5,5.5,5.5,5.5,11.0,11.0,12.0,1.0,1.0,1.0,15.0,1,WIN,PRIMARY_CERTIFIED
523,2026-07-20,401892393,Breanna Stewart,AST,UNDER,3.5,-173.75,0.634703196347032,,UNKNOWN,0,,,,,,,,,,,,,,,,8.0,0,LOSS,PRIMARY_CERTIFIED
567,2026-07-20,401892393,Breanna Stewart,AST,UNDER,3.5,-170.5,0.6303142329020333,,UNKNOWN,0,,,,,,,,,,,,,,,,8.0,0,LOSS,PRIMARY_CERTIFIED
518,2026-07-20,401892393,Breanna Stewart,RA,UNDER,11.5,-131.0,0.5670995670995671,,UNKNOWN,0,,,,,,,,,,,,,,,,21.0,0,LOSS,PRIMARY_CERTIFIED
555,2026-07-20,401892393,Breanna Stewart,RA,UNDER,11.5,-11.0,0.0990990990990991,,UNKNOWN,0,,,,,,,,,,,,,,,,21.0,0,LOSS,PRIMARY_CERTIFIED
520,2026-07-20,401892393,Breanna Stewart,REB,UNDER,8.5,-150.0,0.6,,UNKNOWN,0,,,,,,,,,,,,,,,,13.0,0,LOSS,PRIMARY_CERTIFIED
561,2026-07-20,401892393,Breanna Stewart,REB,UNDER,8.5,-128.75,0.5628415300546448,,UNKNOWN,0,,,,,,,,,,,,,,,,13.0,0,LOSS,PRIMARY_CERTIFIED
503,2026-07-20,401892393,Jessica Shepard,AST,UNDER,6.5,-158.0,0.6124031007751938,,UNKNOWN,0,,,,,,,,,,,,,,,,6.0,1,WIN,PRIMARY_CERTIFIED
568,2026-07-20,401892393,Jonquel Jones,AST,UNDER,2.5,-172.33,0.6327984430653986,,UNKNOWN,0,,,,,,,,,,,,,,,,2.0,1,WIN,PRIMARY_CERTIFIED
578,2026-07-20,401892393,Jonquel Jones,PA,UNDER,17.5,-131.0,0.5670995670995671,,UNKNOWN,0,,,,,,,,,,,,,,,,16.0,1,WIN,PRIMARY_CERTIFIED
431,2026-07-20,401892393,Pauline Astier,PR,UNDER,12.5,-120.0,0.5454545454545454,,UNKNOWN,1,6.0,0.0,6.0,6.0,6.0,6.0,6.0,0.0,0.0,,,6.5,1.0,1.0,1.0,9.0,1,WIN,PRIMARY_CERTIFIED
474,2026-07-20,401892393,Pauline Astier,PR,UNDER,12.5,-129.0,0.5633187772925764,,UNKNOWN,1,6.0,0.0,6.0,6.0,6.0,6.0,6.0,0.0,0.0,,,6.5,1.0,1.0,1.0,9.0,1,WIN,PRIMARY_CERTIFIED
510,2026-07-20,401892393,Pauline Astier,PR,UNDER,12.5,-131.0,0.5670995670995671,,UNKNOWN,1,6.0,0.0,6.0,6.0,6.0,6.0,6.0,0.0,0.0,,,6.5,1.0,1.0,1.0,9.0,1,WIN,PRIMARY_CERTIFIED
547,2026-07-20,401892393,Pauline Astier,PR,UNDER,12.5,-118.5,0.5423340961098398,,UNKNOWN,1,6.0,0.0,6.0,6.0,6.0,6.0,6.0,0.0,0.0,,,6.5,1.0,1.0,1.0,9.0,1,WIN,PRIMARY_CERTIFIED
550,2026-07-20,401892393,Pauline Astier,PRA,UNDER,16.5,-129.0,0.5633187772925764,,UNKNOWN,0,,,,,,,,,,,,,,,,10.0,1,WIN,PRIMARY_CERTIFIED
434,2026-07-20,401892393,Pauline Astier,PTS,UNDER,9.5,-114.0,0.5327102803738317,,UNKNOWN,1,4.0,0.0,4.0,4.0,4.0,4.0,4.0,0.0,0.0,,,5.5,1.0,1.0,1.0,7.0,1,WIN,PRIMARY_CERTIFIED
475,2026-07-20,401892393,Pauline Astier,PTS,UNDER,9.5,-120.0,0.5454545454545454,,UNKNOWN,1,4.0,0.0,4.0,4.0,4.0,4.0,4.0,0.0,0.0,,,5.5,1.0,1.0,1.0,7.0,1,WIN,PRIMARY_CERTIFIED
512,2026-07-20,401892393,Pauline Astier,PTS,UNDER,9.5,-125.75,0.5570321151716501,,UNKNOWN,1,4.0,0.0,4.0,4.0,4.0,4.0,4.0,0.0,0.0,,,5.5,1.0,1.0,1.0,7.0,1,WIN,PRIMARY_CERTIFIED
552,2026-07-20,401892393,Pauline Astier,PTS,UNDER,9.5,-113.0,0.5305164319248826,,UNKNOWN,1,4.0,0.0,4.0,4.0,4.0,4.0,4.0,0.0,0.0,,,5.5,1.0,1.0,1.0,7.0,1,WIN,PRIMARY_CERTIFIED
554,2026-07-20,401892393,Pauline Astier,REB,UNDER,2.5,33.33,0.7500187504687618,,UNKNOWN,1,2.0,0.0,2.0,2.0,2.0,2.0,2.0,0.0,0.0,,,0.5,1.0,1.0,1.0,2.0,1,WIN,PRIMARY_CERTIFIED
422,2026-07-20,401892393,Sabrina Ionescu,3PM,OVER,1.5,-199.0,0.6655518394648829,,UNKNOWN,0,,,,,,,,,,,,,,,,2.0,1,WIN,PRIMARY_CERTIFIED
468,2026-07-20,401892393,Sabrina Ionescu,3PM,OVER,1.5,-176.0,0.6376811594202898,,UNKNOWN,0,,,,,,,,,,,,,,,,2.0,1,WIN,PRIMARY_CERTIFIED
500,2026-07-20,401892393,Sabrina Ionescu,3PM,OVER,1.5,-195.33,0.6613957268140723,,UNKNOWN,0,,,,,,,,,,,,,,,,2.0,1,WIN,PRIMARY_CERTIFIED
211,2026-07-20,401892393,Sabrina Ionescu,AST,UNDER,5.5,-167.67,0.626405648746591,,UNKNOWN,2,4.5,0.5,4.0,5.0,4.5,4.5,4.5,0.5,0.5,-1.0,-1.0,1.0,1.0,1.0,1.0,2.0,1,WIN,PRIMARY_CERTIFIED
276,2026-07-20,401892393,Sabrina Ionescu,AST,UNDER,5.5,-165.67,0.6235931795084128,,UNKNOWN,2,4.5,0.5,4.0,5.0,4.5,4.5,4.5,0.5,0.5,-1.0,-1.0,1.0,1.0,1.0,1.0,2.0,1,WIN,PRIMARY_CERTIFIED
540,2026-07-20,401892393,Sabrina Ionescu,AST,UNDER,5.5,-155.67,0.6088708100285524,,UNKNOWN,2,4.5,0.5,4.0,5.0,4.5,4.5,4.5,0.5,0.5,-1.0,-1.0,1.0,1.0,1.0,1.0,2.0,1,WIN,PRIMARY_CERTIFIED
615,2026-07-22,401857086,Ariel Atkins,PR,UNDER,13.5,-102.0,0.504950495049505,,UNKNOWN,1,11.0,0.0,11.0,11.0,11.0,11.0,11.0,0.0,0.0,,,2.5,1.0,1.0,1.0,19.0,0,LOSS,PRIMARY_CERTIFIED
661,2026-07-22,401857086,Ariel Atkins,PR,UNDER,13.5,-106.5,0.5157384987893463,,UNKNOWN,1,11.0,0.0,11.0,11.0,11.0,11.0,11.0,0.0,0.0,,,2.5,1.0,1.0,1.0,19.0,0,LOSS,PRIMARY_CERTIFIED
613,2026-07-22,401857086,Ariel Atkins,PR,UNDER,14.5,-134.0,0.5726495726495726,,UNKNOWN,1,11.0,0.0,11.0,11.0,11.0,11.0,11.0,0.0,0.0,,,3.5,1.0,1.0,1.0,19.0,0,LOSS,PRIMARY_CERTIFIED
612,2026-07-22,401857086,Ariel Atkins,PRA,UNDER,16.5,-102.5,0.5061728395061729,,UNKNOWN,1,14.0,0.0,14.0,14.0,14.0,14.0,14.0,0.0,0.0,,,2.5,1.0,1.0,1.0,22.0,0,LOSS,PRIMARY_CERTIFIED
653,2026-07-22,401857086,Ariel Atkins,PRA,UNDER,16.5,-109.0,0.5215311004784688,,UNKNOWN,1,14.0,0.0,14.0,14.0,14.0,14.0,14.0,0.0,0.0,,,2.5,1.0,1.0,1.0,22.0,0,LOSS,PRIMARY_CERTIFIED
609,2026-07-22,401857086,Ariel Atkins,PRA,UNDER,17.5,-132.0,0.5689655172413793,,UNKNOWN,1,14.0,0.0,14.0,14.0,14.0,14.0,14.0,0.0,0.0,,,3.5,1.0,1.0,1.0,22.0,0,LOSS,PRIMARY_CERTIFIED
617,2026-07-22,401857086,Ariel Atkins,PTS,UNDER,10.5,-107.0,0.5169082125603864,,UNKNOWN,1,9.0,0.0,9.0,9.0,9.0,9.0,9.0,0.0,0.0,,,1.5,1.0,1.0,1.0,15.0,0,LOSS,PRIMARY_CERTIFIED
662,2026-07-22,401857086,Ariel Atkins,PTS,UNDER,10.5,-110.75,0.5255041518386714,,UNKNOWN,1,9.0,0.0,9.0,9.0,9.0,9.0,9.0,0.0,0.0,,,1.5,1.0,1.0,1.0,15.0,0,LOSS,PRIMARY_CERTIFIED
645,2026-07-22,401857086,Dearica Hamby,3PM,UNDER,0.5,-277.5,0.7350993377483444,,UNKNOWN,0,,,,,,,,,,,,,,,,0.0,1,WIN,PRIMARY_CERTIFIED
596,2026-07-22,401857086,Dearica Hamby,RA,UNDER,9.5,-2.5,0.024390243902439025,,UNKNOWN,2,8.0,0.0,8.0,8.0,8.0,8.0,8.0,0.0,0.0,0.0,0.0,1.5,1.0,1.0,1.0,15.0,0,LOSS,PRIMARY_CERTIFIED
644,2026-07-22,401857086,Dearica Hamby,RA,UNDER,9.5,-102.0,0.504950495049505,,UNKNOWN,2,8.0,0.0,8.0,8.0,8.0,8.0,8.0,0.0,0.0,0.0,0.0,1.5,1.0,1.0,1.0,15.0,0,LOSS,PRIMARY_CERTIFIED
585,2026-07-22,401857086,DeWanna Bonner,REB,OVER,5.5,116.75,0.461361014994233,,UNKNOWN,1,6.0,0.0,6.0,6.0,6.0,6.0,6.0,0.0,0.0,,,-0.5,1.0,1.0,1.0,7.0,1,WIN,PRIMARY_CERTIFIED
626,2026-07-22,401857086,DeWanna Bonner,REB,OVER,5.5,114.5,0.4662004662004662,,UNKNOWN,1,6.0,0.0,6.0,6.0,6.0,6.0,6.0,0.0,0.0,,,-0.5,1.0,1.0,1.0,7.0,1,WIN,PRIMARY_CERTIFIED
646,2026-07-22,401857087,Courtney Williams,3PM,UNDER,1.5,-199.5,0.666110183639399,,UNKNOWN,1,1.0,0.0,1.0,1.0,1.0,1.0,1.0,0.0,0.0,,,0.5,1.0,1.0,1.0,0.0,1,WIN,PRIMARY_CERTIFIED
623,2026-07-22,401857087,Kayla McBride,AST,UNDER,2.5,-156.0,0.609375,,UNKNOWN,1,0.0,0.0,0.0,0.0,0.0,0.0,0.0,0.0,0.0,,,2.5,1.0,1.0,1.0,2.0,1,WIN,PRIMARY_CERTIFIED
652,2026-07-22,401857087,Kayla McBride,REB,UNDER,3.5,-208.0,0.6753246753246753,,UNKNOWN,1,1.0,0.0,1.0,1.0,1.0,1.0,1.0,0.0,0.0,,,2.5,1.0,1.0,1.0,3.0,1,WIN,PRIMARY_CERTIFIED
622,2026-07-22,401857087,Natasha Howard,RA,OVER,9.5,104.0,0.49019607843137253,,UNKNOWN,0,,,,,,,,,,,,,,,,8.0,0,LOSS,PRIMARY_CERTIFIED
627,2026-07-22,401857087,Natasha Howard,REB,OVER,6.5,-69.8,0.4110718492343934,,UNKNOWN,0,,,,,,,,,,,,,,,,5.0,0,LOSS,PRIMARY_CERTIFIED
655,2026-07-22,401857087,Natisha Hiedeman,3PM,UNDER,1.5,146.67,0.40539992702801314,,UNKNOWN,1,1.0,0.0,1.0,1.0,1.0,1.0,1.0,0.0,0.0,,,0.5,1.0,1.0,1.0,1.0,1,WIN,PRIMARY_CERTIFIED
629,2026-07-22,401857087,Natisha Hiedeman,3PM,UNDER,2.5,-190.0,0.6551724137931034,,UNKNOWN,1,1.0,0.0,1.0,1.0,1.0,1.0,1.0,0.0,0.0,,,1.5,1.0,1.0,1.0,1.0,1,WIN,PRIMARY_CERTIFIED
659,2026-07-22,401857087,Natisha Hiedeman,PR,UNDER,17.5,-125.0,0.5555555555555556,,UNKNOWN,2,14.5,5.5,9.0,20.0,14.5,14.5,14.5,5.5,5.5,-11.0,-11.0,3.0,0.5,0.5,0.5,14.0,1,WIN,PRIMARY_CERTIFIED
598,2026-07-22,401857088,Jonquel Jones,AST,UNDER,2.5,-198.33,0.664800724030436,,UNKNOWN,1,2.0,0.0,2.0,2.0,2.0,2.0,2.0,0.0,0.0,,,0.5,1.0,1.0,1.0,2.0,1,WIN,PRIMARY_CERTIFIED
643,2026-07-22,401857088,Jonquel Jones,AST,UNDER,2.5,-175.0,0.6363636363636364,,UNKNOWN,1,2.0,0.0,2.0,2.0,2.0,2.0,2.0,0.0,0.0,,,0.5,1.0,1.0,1.0,2.0,1,WIN,PRIMARY_CERTIFIED
621,2026-07-22,401857088,Jonquel Jones,PA,UNDER,16.5,-121.0,0.5475113122171946,,UNKNOWN,1,16.0,0.0,16.0,16.0,16.0,16.0,16.0,0.0,0.0,,,0.5,1.0,1.0,1.0,16.0,1,WIN,PRIMARY_CERTIFIED
664,2026-07-22,401857088,Jonquel Jones,PA,UNDER,16.5,-123.0,0.5515695067264574,,UNKNOWN,1,16.0,0.0,16.0,16.0,16.0,16.0,16.0,0.0,0.0,,,0.5,1.0,1.0,1.0,16.0,1,WIN,PRIMARY_CERTIFIED
619,2026-07-22,401857088,Jonquel Jones,PTS,UNDER,14.5,-125.0,0.5555555555555556,,UNKNOWN,0,,,,,,,,,,,,,,,,14.0,1,WIN,PRIMARY_CERTIFIED
663,2026-07-22,401857088,Jonquel Jones,PTS,UNDER,14.5,-128.75,0.5628415300546448,,UNKNOWN,0,,,,,,,,,,,,,,,,14.0,1,WIN,PRIMARY_CERTIFIED
587,2026-07-22,401857088,Pauline Astier,PR,UNDER,11.5,-119.5,0.5444191343963554,,UNKNOWN,2,7.5,1.5,6.0,9.0,7.5,7.5,7.5,1.5,1.5,3.0,3.0,4.0,1.0,1.0,1.0,10.0,1,WIN,PRIMARY_CERTIFIED
630,2026-07-22,401857088,Pauline Astier,PR,UNDER,11.5,-121.0,0.5475113122171946,,UNKNOWN,2,7.5,1.5,6.0,9.0,7.5,7.5,7.5,1.5,1.5,3.0,3.0,4.0,1.0,1.0,1.0,10.0,1,WIN,PRIMARY_CERTIFIED
628,2026-07-22,401857088,Pauline Astier,PTS,UNDER,9.5,-137.0,0.5780590717299579,,UNKNOWN,2,5.5,1.5,4.0,7.0,5.5,5.5,5.5,1.5,1.5,3.0,3.0,4.0,1.0,1.0,1.0,9.0,1,WIN,PRIMARY_CERTIFIED
593,2026-07-22,401857088,Pauline Astier,REB,UNDER,2.5,-132.67,0.5702067305625994,,UNKNOWN,2,2.0,0.0,2.0,2.0,2.0,2.0,2.0,0.0,0.0,0.0,0.0,0.5,1.0,1.0,1.0,1.0,1,WIN,PRIMARY_CERTIFIED
635,2026-07-22,401857088,Pauline Astier,REB,UNDER,2.5,-117.5,0.5402298850574713,,UNKNOWN,2,2.0,0.0,2.0,2.0,2.0,2.0,2.0,0.0,0.0,0.0,0.0,0.5,1.0,1.0,1.0,1.0,1,WIN,PRIMARY_CERTIFIED
584,2026-07-22,401857088,Sabrina Ionescu,AST,UNDER,5.5,-162.75,0.6194100856327307,,UNKNOWN,3,3.6666666666666665,1.247219128924647,2.0,5.0,3.6666666666666665,3.6666666666666665,3.6666666666666665,1.247219128924647,1.247219128924647,-1.5,-1.5,1.8333333333333335,1.0,1.0,1.0,4.0,1,WIN,PRIMARY_CERTIFIED
624,2026-07-22,401857088,Sabrina Ionescu,AST,UNDER,5.5,-161.67,0.6178392631940995,,UNKNOWN,3,3.6666666666666665,1.247219128924647,2.0,5.0,3.6666666666666665,3.6666666666666665,3.6666666666666665,1.247219128924647,1.247219128924647,-1.5,-1.5,1.8333333333333335,1.0,1.0,1.0,4.0,1,WIN,PRIMARY_CERTIFIED
597,2026-07-22,401857088,Sabrina Ionescu,RA,UNDER,8.5,101.5,0.49627791563275436,,UNKNOWN,0,,,,,,,,,,,,,,,,8.0,1,WIN,PRIMARY_CERTIFIED
642,2026-07-22,401857088,Sabrina Ionescu,RA,UNDER,9.5,-150.0,0.6,,UNKNOWN,0,,,,,,,,,,,,,,,,8.0,1,WIN,PRIMARY_CERTIFIED
602,2026-07-22,401857089,NaLyssa Smith,REB,UNDER,5.5,-53.0,0.3464052287581699,,UNKNOWN,1,5.0,0.0,5.0,5.0,5.0,5.0,5.0,0.0,0.0,,,0.5,1.0,1.0,1.0,3.0,1,WIN,PRIMARY_CERTIFIED
656,2026-07-22,401857089,NaLyssa Smith,REB,UNDER,5.5,-130.25,0.5656894679695983,,UNKNOWN,1,5.0,0.0,5.0,5.0,5.0,5.0,5.0,0.0,0.0,,,0.5,1.0,1.0,1.0,3.0,1,WIN,PRIMARY_CERTIFIED
589,2026-07-22,401857089,Sonia Citron,3PM,UNDER,1.5,-173.25,0.6340347666971637,,UNKNOWN,1,0.0,0.0,0.0,0.0,0.0,0.0,0.0,0.0,0.0,,,1.5,1.0,1.0,1.0,1.0,1,WIN,PRIMARY_CERTIFIED
632,2026-07-22,401857089,Sonia Citron,3PM,UNDER,1.5,-179.75,0.6425379803395889,,UNKNOWN,1,0.0,0.0,0.0,0.0,0.0,0.0,0.0,0.0,0.0,,,1.5,1.0,1.0,1.0,1.0,1,WIN,PRIMARY_CERTIFIED
492,2026-07-22,401857090,Aliyah Boston,PR,OVER,21.5,-120.0,0.5454545454545454,,UNKNOWN,1,22.0,0.0,22.0,22.0,22.0,22.0,22.0,0.0,0.0,,,-0.5,1.0,1.0,1.0,28.0,1,WIN,PRIMARY_CERTIFIED
499,2026-07-22,401857090,Aliyah Boston,PTS,OVER,14.5,-3.0,0.02912621359223301,,UNKNOWN,2,17.0,2.0,15.0,19.0,17.0,17.0,17.0,2.0,2.0,-4.0,-4.0,-2.5,1.0,1.0,1.0,22.0,1,WIN,PRIMARY_CERTIFIED
521,2026-07-22,401857090,Caitlin Clark,REB,UNDER,3.5,-115.0,0.5348837209302325,,UNKNOWN,0,,,,,,,,,,,,,,,,2.0,1,WIN,PRIMARY_CERTIFIED
565,2026-07-22,401857090,Caitlin Clark,REB,UNDER,3.5,-110.33,0.5245566490752627,,UNKNOWN,0,,,,,,,,,,,,,,,,2.0,1,WIN,PRIMARY_CERTIFIED
608,2026-07-22,401857090,Caitlin Clark,REB,UNDER,3.5,-111.0,0.5260663507109005,,UNKNOWN,0,,,,,,,,,,,,,,,,2.0,1,WIN,PRIMARY_CERTIFIED
657,2026-07-22,401857090,Caitlin Clark,REB,UNDER,3.5,51.75,0.6589785831960461,,UNKNOWN,0,,,,,,,,,,,,,,,,2.0,1,WIN,PRIMARY_CERTIFIED
611,2026-07-22,401857090,Charlisse Leger-Walker,PA,UNDER,11.5,-110.5,0.5249406175771971,,UNKNOWN,2,10.5,0.5,10.0,11.0,10.5,10.5,10.5,0.5,0.5,-1.0,-1.0,1.0,1.0,1.0,1.0,5.0,1,WIN,PRIMARY_CERTIFIED
640,2026-07-22,401857090,Charlisse Leger-Walker,PA,UNDER,12.5,-114.0,0.5327102803738317,,UNKNOWN,2,10.5,0.5,10.0,11.0,10.5,10.5,10.5,0.5,0.5,-1.0,-1.0,2.0,1.0,1.0,1.0,5.0,1,WIN,PRIMARY_CERTIFIED
637,2026-07-22,401857090,Charlisse Leger-Walker,PR,UNDER,11.5,-122.0,0.5495495495495496,,UNKNOWN,2,8.0,0.0,8.0,8.0,8.0,8.0,8.0,0.0,0.0,0.0,0.0,3.5,1.0,1.0,1.0,3.0,1,WIN,PRIMARY_CERTIFIED
641,2026-07-22,401857090,Charlisse Leger-Walker,PRA,UNDER,15.5,-114.0,0.5327102803738317,,UNKNOWN,2,14.0,1.0,13.0,15.0,14.0,14.0,14.0,1.0,1.0,-2.0,-2.0,1.5,1.0,1.0,1.0,7.0,1,WIN,PRIMARY_CERTIFIED
604,2026-07-22,401857090,Charlisse Leger-Walker,PTS,UNDER,7.5,-128.25,0.5618838992332968,,UNKNOWN,1,5.0,0.0,5.0,5.0,5.0,5.0,5.0,0.0,0.0,,,2.5,1.0,1.0,1.0,1.0,1,WIN,PRIMARY_CERTIFIED
648,2026-07-22,401857090,Charlisse Leger-Walker,PTS,UNDER,8.5,-119.0,0.54337899543379,,UNKNOWN,1,5.0,0.0,5.0,5.0,5.0,5.0,5.0,0.0,0.0,,,3.5,1.0,1.0,1.0,1.0,1,WIN,PRIMARY_CERTIFIED
649,2026-07-22,401857090,Charlisse Leger-Walker,PTS,UNDER,9.5,-179.0,0.6415770609318996,,UNKNOWN,1,5.0,0.0,5.0,5.0,5.0,5.0,5.0,0.0,0.0,,,4.5,1.0,1.0,1.0,1.0,1,WIN,PRIMARY_CERTIFIED
488,2026-07-22,401857090,Kelsey Mitchell,3PM,OVER,2.5,-152.0,0.6031746031746031,,UNKNOWN,4,3.25,0.4330127018922193,3.0,4.0,3.3333333333333335,3.25,3.25,0.4330127018922193,0.4330127018922193,0.3,0.3,-0.75,1.0,1.0,1.0,3.0,1,WIN,PRIMARY_CERTIFIED
542,2026-07-22,401857090,Lexie Hull,REB,UNDER,2.5,126.67,0.44116998279437064,,UNKNOWN,1,2.0,0.0,2.0,2.0,2.0,2.0,2.0,0.0,0.0,,,0.5,1.0,1.0,1.0,3.0,0,LOSS,PRIMARY_CERTIFIED
588,2026-07-22,401857090,Lexie Hull,REB,UNDER,2.5,121.33,0.4518140333438757,,UNKNOWN,1,2.0,0.0,2.0,2.0,2.0,2.0,2.0,0.0,0.0,,,0.5,1.0,1.0,1.0,3.0,0,LOSS,PRIMARY_CERTIFIED
631,2026-07-22,401857090,Lexie Hull,REB,UNDER,2.5,102.0,0.49504950495049505,,UNKNOWN,1,2.0,0.0,2.0,2.0,2.0,2.0,2.0,0.0,0.0,,,0.5,1.0,1.0,1.0,3.0,0,LOSS,PRIMARY_CERTIFIED
625,2026-07-22,401857090,Lexie Hull,REB,UNDER,3.5,-200.0,0.6666666666666666,,UNKNOWN,1,2.0,0.0,2.0,2.0,2.0,2.0,2.0,0.0,0.0,,,1.5,1.0,1.0,1.0,3.0,1,WIN,PRIMARY_CERTIFIED
606,2026-07-22,401857091,Azzi Fudd,AST,UNDER,2.5,-184.67,0.6487160571890259,,UNKNOWN,1,2.0,0.0,2.0,2.0,2.0,2.0,2.0,0.0,0.0,,,0.5,1.0,1.0,1.0,2.0,1,WIN,PRIMARY_CERTIFIED
651,2026-07-22,401857091,Azzi Fudd,AST,UNDER,2.5,-204.0,0.6710526315789473,,UNKNOWN,1,2.0,0.0,2.0,2.0,2.0,2.0,2.0,0.0,0.0,,,0.5,1.0,1.0,1.0,2.0,1,WIN,PRIMARY_CERTIFIED
594,2026-07-22,401857091,Azzi Fudd,PA,UNDER,17.5,-106.0,0.5145631067961165,,UNKNOWN,2,15.0,2.0,13.0,17.0,15.0,15.0,15.0,2.0,2.0,4.0,4.0,2.5,1.0,1.0,1.0,13.0,1,WIN,PRIMARY_CERTIFIED
636,2026-07-22,401857091,Azzi Fudd,PA,UNDER,17.5,-107.5,0.5180722891566265,,UNKNOWN,2,15.0,2.0,13.0,17.0,15.0,15.0,15.0,2.0,2.0,4.0,4.0,2.5,1.0,1.0,1.0,13.0,1,WIN,PRIMARY_CERTIFIED
592,2026-07-22,401857091,Azzi Fudd,PA,UNDER,18.5,-130.0,0.5652173913043478,,UNKNOWN,2,15.0,2.0,13.0,17.0,15.0,15.0,15.0,2.0,2.0,4.0,4.0,3.5,1.0,1.0,1.0,13.0,1,WIN,PRIMARY_CERTIFIED
595,2026-07-22,401857091,Azzi Fudd,PR,UNDER,17.5,-105.5,0.51338199513382,,UNKNOWN,2,15.5,0.5,15.0,16.0,15.5,15.5,15.5,0.5,0.5,1.0,1.0,2.0,1.0,1.0,1.0,11.0,1,WIN,PRIMARY_CERTIFIED
638,2026-07-22,401857091,Azzi Fudd,PR,UNDER,17.5,-109.0,0.5215311004784688,,UNKNOWN,2,15.5,0.5,15.0,16.0,15.5,15.5,15.5,0.5,0.5,1.0,1.0,2.0,1.0,1.0,1.0,11.0,1,WIN,PRIMARY_CERTIFIED
639,2026-07-22,401857091,Azzi Fudd,PRA,UNDER,19.5,-105.0,0.5121951219512195,,UNKNOWN,3,11.666666666666666,8.259674462242579,0.0,18.0,11.666666666666666,11.666666666666666,11.666666666666666,8.259674462242579,8.259674462242579,9.0,9.0,7.833333333333334,1.0,1.0,1.0,13.0,1,WIN,PRIMARY_CERTIFIED
591,2026-07-22,401857091,Azzi Fudd,PRA,UNDER,20.5,-124.33,0.5542281460348594,,UNKNOWN,3,11.666666666666666,8.259674462242579,0.0,18.0,11.666666666666666,11.666666666666666,11.666666666666666,8.259674462242579,8.259674462242579,9.0,9.0,8.833333333333334,1.0,1.0,1.0,13.0,1,WIN,PRIMARY_CERTIFIED
634,2026-07-22,401857091,Azzi Fudd,PRA,UNDER,20.5,-122.0,0.5495495495495496,,UNKNOWN,3,11.666666666666666,8.259674462242579,0.0,18.0,11.666666666666666,11.666666666666666,11.666666666666666,8.259674462242579,8.259674462242579,9.0,9.0,8.833333333333334,1.0,1.0,1.0,13.0,1,WIN,PRIMARY_CERTIFIED
590,2026-07-22,401857091,Azzi Fudd,PTS,UNDER,15.5,-112.25,0.5288574793875147,,UNKNOWN,3,8.666666666666666,6.342099196813483,0.0,15.0,8.666666666666666,8.666666666666666,8.666666666666666,6.342099196813483,6.342099196813483,7.5,7.5,6.833333333333334,1.0,1.0,1.0,11.0,1,WIN,PRIMARY_CERTIFIED
633,2026-07-22,401857091,Azzi Fudd,PTS,UNDER,15.5,-113.0,0.5305164319248826,,UNKNOWN,3,8.666666666666666,6.342099196813483,0.0,15.0,8.666666666666666,8.666666666666666,8.666666666666666,6.342099196813483,6.342099196813483,7.5,7.5,6.833333333333334,1.0,1.0,1.0,11.0,1,WIN,PRIMARY_CERTIFIED
618,2026-07-22,401857091,Jessica Shepard,PA,UNDER,20.5,-108.0,0.5192307692307693,,UNKNOWN,0,,,,,,,,,,,,,,,,28.0,0,LOSS,PRIMARY_CERTIFIED
660,2026-07-22,401857091,Jessica Shepard,PA,UNDER,20.5,-102.0,0.504950495049505,,UNKNOWN,0,,,,,,,,,,,,,,,,28.0,0,LOSS,PRIMARY_CERTIFIED
658,2026-07-22,401857091,Jessica Shepard,PA,UNDER,21.5,-119.0,0.54337899543379,,UNKNOWN,0,,,,,,,,,,,,,,,,28.0,0,LOSS,PRIMARY_CERTIFIED
603,2026-07-22,401857091,Jessica Shepard,PTS,UNDER,15.5,-120.25,0.5459704880817253,,UNKNOWN,0,,,,,,,,,,,,,,,,18.0,0,LOSS,PRIMARY_CERTIFIED
650,2026-07-22,401857091,Jessica Shepard,PTS,UNDER,15.5,-113.75,0.5321637426900585,,UNKNOWN,0,,,,,,,,,,,,,,,,18.0,0,LOSS,PRIMARY_CERTIFIED
601,2026-07-22,401857091,Paige Bueckers,AST,UNDER,6.5,-143.25,0.5889003083247688,,UNKNOWN,0,,,,,,,,,,,,,,,,5.0,1,WIN,PRIMARY_CERTIFIED
647,2026-07-22,401857091,Paige Bueckers,AST,UNDER,6.5,-128.0,0.5614035087719298,,UNKNOWN,0,,,,,,,,,,,,,,,,5.0,1,WIN,PRIMARY_CERTIFIED
692,2026-07-25,401857320,A'ja Wilson,RA,UNDER,12.5,-120.5,0.546485260770975,,UNKNOWN,2,12.0,2.0,10.0,14.0,12.0,12.0,12.0,2.0,2.0,-4.0,-4.0,0.5,0.5,0.5,0.5,4.0,1,WIN,PRIMARY_CERTIFIED
686,2026-07-25,401857320,A'ja Wilson,REB,UNDER,9.5,-110.0,0.5238095238095238,,UNKNOWN,2,9.0,3.0,6.0,12.0,9.0,9.0,9.0,3.0,3.0,-6.0,-6.0,0.5,0.5,0.5,0.5,3.0,1,WIN,PRIMARY_CERTIFIED
688,2026-07-25,401857320,Aliyah Boston,3PM,UNDER,1.5,-242.0,0.7076023391812866,,UNKNOWN,1,2.0,0.0,2.0,2.0,2.0,2.0,2.0,0.0,0.0,,,-0.5,0.0,0.0,0.0,0.0,1,WIN,PRIMARY_CERTIFIED
678,2026-07-25,401857320,Aliyah Boston,RA,UNDER,11.5,-133.0,0.5708154506437768,,UNKNOWN,1,15.0,0.0,15.0,15.0,15.0,15.0,15.0,0.0,0.0,,,-3.5,0.0,0.0,0.0,1.0,1,WIN,PRIMARY_CERTIFIED
690,2026-07-25,401857320,Aliyah Boston,REB,UNDER,8.5,-136.67,0.5774707398487345,,UNKNOWN,1,7.0,0.0,7.0,7.0,7.0,7.0,7.0,0.0,0.0,,,1.5,1.0,1.0,1.0,1.0,1,WIN,PRIMARY_CERTIFIED
691,2026-07-25,401857320,Breanna Stewart,REB,OVER,8.5,-118.0,0.5412844036697247,,UNKNOWN,1,13.0,0.0,13.0,13.0,13.0,13.0,13.0,0.0,0.0,,,-4.5,1.0,1.0,1.0,13.0,1,WIN,PRIMARY_CERTIFIED
693,2026-07-25,401857320,Jessica Shepard,AST,OVER,4.5,-162.0,0.6183206106870229,,UNKNOWN,1,6.0,0.0,6.0,6.0,6.0,6.0,6.0,0.0,0.0,,,-1.5,1.0,1.0,1.0,5.0,1,WIN,PRIMARY_CERTIFIED
683,2026-07-25,401857320,Kahleah Copper,3PM,UNDER,1.5,118.0,0.45871559633027525,,UNKNOWN,0,,,,,,,,,,,,,,,,0.0,1,WIN,PRIMARY_CERTIFIED
695,2026-07-25,401857320,Natasha Howard,PA,UNDER,14.5,-116.5,0.5381062355658198,,UNKNOWN,0,,,,,,,,,,,,,,,,8.0,1,WIN,PRIMARY_CERTIFIED
697,2026-07-25,401857320,Natasha Howard,PR,UNDER,18.5,-113.5,0.531615925058548,,UNKNOWN,1,18.0,0.0,18.0,18.0,18.0,18.0,18.0,0.0,0.0,,,0.5,1.0,1.0,1.0,12.0,1,WIN,PRIMARY_CERTIFIED
698,2026-07-25,401857320,Natasha Howard,PRA,UNDER,21.5,-124.67,0.5549027462500556,,UNKNOWN,1,21.0,0.0,21.0,21.0,21.0,21.0,21.0,0.0,0.0,,,0.5,1.0,1.0,1.0,12.0,1,WIN,PRIMARY_CERTIFIED
696,2026-07-25,401857320,Natasha Howard,PTS,UNDER,11.5,49.5,0.6688963210702341,,UNKNOWN,3,10.666666666666666,4.109609335312651,6.0,16.0,10.666666666666666,10.666666666666666,10.666666666666666,4.109609335312651,4.109609335312651,-2.0,-2.0,0.8333333333333339,0.6666666666666666,0.6666666666666666,0.6666666666666666,8.0,1,WIN,PRIMARY_CERTIFIED
680,2026-07-25,401857320,Olivia Miles,3PM,UNDER,1.5,-190.75,0.6560619088564058,,UNKNOWN,1,1.0,0.0,1.0,1.0,1.0,1.0,1.0,0.0,0.0,,,0.5,1.0,1.0,1.0,1.0,1,WIN,PRIMARY_CERTIFIED
669,2026-07-25,401857320,Rhyne Howard,PA,UNDER,21.5,-120.0,0.5454545454545454,,UNKNOWN,3,15.333333333333334,1.247219128924647,14.0,17.0,15.333333333333334,15.333333333333334,15.333333333333334,1.247219128924647,1.247219128924647,1.5,1.5,6.166666666666666,1.0,1.0,1.0,11.0,1,WIN,PRIMARY_CERTIFIED
675,2026-07-25,401857320,Rhyne Howard,PR,UNDER,21.5,-102.0,0.504950495049505,,UNKNOWN,2,15.0,1.0,14.0,16.0,15.0,15.0,15.0,1.0,1.0,-2.0,-2.0,6.5,1.0,1.0,1.0,11.0,1,WIN,PRIMARY_CERTIFIED
672,2026-07-25,401857320,Rhyne Howard,PRA,UNDER,25.5,-114.0,0.5327102803738317,,UNKNOWN,3,20.333333333333332,1.8856180831641267,19.0,23.0,20.333333333333332,20.333333333333332,20.333333333333332,1.8856180831641267,1.8856180831641267,2.0,2.0,5.166666666666668,1.0,1.0,1.0,14.0,1,WIN,PRIMARY_CERTIFIED
673,2026-07-25,401857320,Rhyne Howard,PTS,UNDER,17.5,-106.0,0.5145631067961165,,UNKNOWN,2,10.5,0.5,10.0,11.0,10.5,10.5,10.5,0.5,0.5,-1.0,-1.0,7.0,1.0,1.0,1.0,8.0,1,WIN,PRIMARY_CERTIFIED
785,2026-07-28,401857092,Aneesah Morrow,REB,UNDER,8.5,-147.5,0.5959595959595959,,UNKNOWN,0,,,,,,,,,,,,,,,,4.0,1,WIN,PRIMARY_CERTIFIED
665,2026-07-28,401857093,Kayla McBride,AST,UNDER,2.5,-179.0,0.6415770609318996,,UNKNOWN,2,1.0,1.0,0.0,2.0,1.0,1.0,1.0,1.0,1.0,2.0,2.0,1.5,1.0,1.0,1.0,4.0,0,LOSS,PRIMARY_CERTIFIED
699,2026-07-28,401857093,Kayla McBride,AST,UNDER,2.5,-158.5,0.6131528046421664,,UNKNOWN,2,1.0,1.0,0.0,2.0,1.0,1.0,1.0,1.0,1.0,2.0,2.0,1.5,1.0,1.0,1.0,4.0,0,LOSS,PRIMARY_CERTIFIED
739,2026-07-28,401857093,Kayla McBride,AST,UNDER,2.5,-159.5,0.6146435452793835,,UNKNOWN,2,1.0,1.0,0.0,2.0,1.0,1.0,1.0,1.0,1.0,2.0,2.0,1.5,1.0,1.0,1.0,4.0,0,LOSS,PRIMARY_CERTIFIED
674,2026-07-28,401857093,Kayla McBride,RA,UNDER,5.5,-140.0,0.5833333333333334,,UNKNOWN,0,,,,,,,,,,,,,,,,5.0,1,WIN,PRIMARY_CERTIFIED
734,2026-07-28,401857093,Natasha Howard,PA,UNDER,14.5,-118.0,0.5412844036697247,,UNKNOWN,1,8.0,0.0,8.0,8.0,8.0,8.0,8.0,0.0,0.0,,,6.5,1.0,1.0,1.0,17.0,0,LOSS,PRIMARY_CERTIFIED
781,2026-07-28,401857093,Natasha Howard,PA,UNDER,14.5,-110.0,0.5238095238095238,,UNKNOWN,1,8.0,0.0,8.0,8.0,8.0,8.0,8.0,0.0,0.0,,,6.5,1.0,1.0,1.0,17.0,0,LOSS,PRIMARY_CERTIFIED
735,2026-07-28,401857093,Natasha Howard,PR,UNDER,18.5,-109.5,0.522673031026253,,UNKNOWN,2,15.0,3.0,12.0,18.0,15.0,15.0,15.0,3.0,3.0,-6.0,-6.0,3.5,1.0,1.0,1.0,19.0,0,LOSS,PRIMARY_CERTIFIED
783,2026-07-28,401857093,Natasha Howard,PR,UNDER,18.5,-119.0,0.54337899543379,,UNKNOWN,2,15.0,3.0,12.0,18.0,15.0,15.0,15.0,3.0,3.0,-6.0,-6.0,3.5,1.0,1.0,1.0,19.0,0,LOSS,PRIMARY_CERTIFIED
782,2026-07-28,401857093,Natasha Howard,PR,UNDER,19.5,-128.0,0.5614035087719298,,UNKNOWN,2,15.0,3.0,12.0,18.0,15.0,15.0,15.0,3.0,3.0,-6.0,-6.0,4.5,1.0,1.0,1.0,19.0,1,WIN,PRIMARY_CERTIFIED
737,2026-07-28,401857093,Natasha Howard,PRA,UNDER,21.5,-121.33,0.5481859666561244,,UNKNOWN,2,16.5,4.5,12.0,21.0,16.5,16.5,16.5,4.5,4.5,-9.0,-9.0,5.0,1.0,1.0,1.0,23.0,0,LOSS,PRIMARY_CERTIFIED
784,2026-07-28,401857093,Natasha Howard,PRA,UNDER,21.5,-112.33,0.5290349927000424,,UNKNOWN,2,16.5,4.5,12.0,21.0,16.5,16.5,16.5,4.5,4.5,-9.0,-9.0,5.0,1.0,1.0,1.0,23.0,0,LOSS,PRIMARY_CERTIFIED
729,2026-07-28,401857093,Natasha Howard,PTS,UNDER,11.5,-102.0,0.504950495049505,,UNKNOWN,4,10.0,3.7416573867739413,6.0,16.0,10.0,10.0,10.0,3.7416573867739413,3.7416573867739413,-1.6,-1.6,1.5,0.75,0.75,0.75,13.0,0,LOSS,PRIMARY_CERTIFIED
771,2026-07-28,401857093,Natasha Howard,PTS,UNDER,11.5,-103.0,0.5073891625615764,,UNKNOWN,4,10.0,3.7416573867739413,6.0,16.0,10.0,10.0,10.0,3.7416573867739413,3.7416573867739413,-1.6,-1.6,1.5,0.75,0.75,0.75,13.0,0,LOSS,PRIMARY_CERTIFIED
719,2026-07-28,401857093,Natasha Howard,PTS,UNDER,12.5,-125.0,0.5555555555555556,,UNKNOWN,4,10.0,3.7416573867739413,6.0,16.0,10.0,10.0,10.0,3.7416573867739413,3.7416573867739413,-1.6,-1.6,2.5,0.75,0.75,0.75,13.0,0,LOSS,PRIMARY_CERTIFIED
759,2026-07-28,401857093,Natasha Howard,PTS,UNDER,12.5,-117.67,0.540588964946938,,UNKNOWN,4,10.0,3.7416573867739413,6.0,16.0,10.0,10.0,10.0,3.7416573867739413,3.7416573867739413,-1.6,-1.6,2.5,0.75,0.75,0.75,13.0,0,LOSS,PRIMARY_CERTIFIED
714,2026-07-28,401857093,Olivia Miles,3PM,UNDER,1.5,-180.5,0.64349376114082,,UNKNOWN,2,1.0,0.0,1.0,1.0,1.0,1.0,1.0,0.0,0.0,0.0,0.0,0.5,1.0,1.0,1.0,4.0,0,LOSS,PRIMARY_CERTIFIED
754,2026-07-28,401857093,Olivia Miles,3PM,UNDER,1.5,-177.25,0.6393146979260595,,UNKNOWN,2,1.0,0.0,1.0,1.0,1.0,1.0,1.0,0.0,0.0,0.0,0.0,0.5,1.0,1.0,1.0,4.0,0,LOSS,PRIMARY_CERTIFIED
725,2026-07-28,401857094,Aliyah Boston,3PM,UNDER,1.5,-235.25,0.7017151379567487,,UNKNOWN,2,1.0,1.0,0.0,2.0,1.0,1.0,1.0,1.0,1.0,-2.0,-2.0,0.5,0.5,0.5,0.5,1.0,1,WIN,PRIMARY_CERTIFIED
767,2026-07-28,401857094,Aliyah Boston,3PM,UNDER,1.5,-237.0,0.7032640949554896,,UNKNOWN,2,1.0,1.0,0.0,2.0,1.0,1.0,1.0,1.0,1.0,-2.0,-2.0,0.5,0.5,0.5,0.5,1.0,1,WIN,PRIMARY_CERTIFIED
712,2026-07-28,401857094,Aliyah Boston,RA,UNDER,11.5,-124.0,0.5535714285714286,,UNKNOWN,2,8.0,7.0,1.0,15.0,8.0,8.0,8.0,7.0,7.0,-14.0,-14.0,3.5,0.5,0.5,0.5,3.0,1,WIN,PRIMARY_CERTIFIED
751,2026-07-28,401857094,Aliyah Boston,RA,UNDER,11.5,-127.0,0.5594713656387665,,UNKNOWN,2,8.0,7.0,1.0,15.0,8.0,8.0,8.0,7.0,7.0,-14.0,-14.0,3.5,0.5,0.5,0.5,3.0,1,WIN,PRIMARY_CERTIFIED
728,2026-07-28,401857094,Aliyah Boston,REB,UNDER,8.5,-136.75,0.5776135163674763,,UNKNOWN,2,4.0,3.0,1.0,7.0,4.0,4.0,4.0,3.0,3.0,-6.0,-6.0,4.5,1.0,1.0,1.0,2.0,1,WIN,PRIMARY_CERTIFIED
768,2026-07-28,401857094,Aliyah Boston,REB,UNDER,8.5,-136.25,0.5767195767195767,,UNKNOWN,2,4.0,3.0,1.0,7.0,4.0,4.0,4.0,3.0,3.0,-6.0,-6.0,4.5,1.0,1.0,1.0,2.0,1,WIN,PRIMARY_CERTIFIED
689,2026-07-28,401857094,Awa Fam,REB,OVER,6.5,-116.33,0.5377432626080525,,UNKNOWN,2,6.0,1.0,5.0,7.0,6.0,6.0,6.0,1.0,1.0,2.0,2.0,0.5,0.5,0.5,0.5,5.0,0,LOSS,PRIMARY_CERTIFIED
727,2026-07-28,401857094,Awa Fam,REB,OVER,6.5,-112.4,0.5291902071563088,,UNKNOWN,2,6.0,1.0,5.0,7.0,6.0,6.0,6.0,1.0,1.0,2.0,2.0,0.5,0.5,0.5,0.5,5.0,0,LOSS,PRIMARY_CERTIFIED
770,2026-07-28,401857094,Awa Fam,REB,OVER,6.5,-124.6,0.5547640249332146,,UNKNOWN,2,6.0,1.0,5.0,7.0,6.0,6.0,6.0,1.0,1.0,2.0,2.0,0.5,0.5,0.5,0.5,5.0,0,LOSS,PRIMARY_CERTIFIED
726,2026-07-28,401857094,Kelsey Mitchell,AST,UNDER,2.5,-112.0,0.5283018867924528,,UNKNOWN,4,2.0,1.5811388300841898,0.0,4.0,1.6666666666666667,2.0,2.0,1.5811388300841898,1.5811388300841898,-1.0,-1.0,0.5,0.5,0.5,0.5,2.0,1,WIN,PRIMARY_CERTIFIED
769,2026-07-28,401857094,Kelsey Mitchell,AST,UNDER,2.5,-127.0,0.5594713656387665,,UNKNOWN,4,2.0,1.5811388300841898,0.0,4.0,1.6666666666666667,2.0,2.0,1.5811388300841898,1.5811388300841898,-1.0,-1.0,0.5,0.5,0.5,0.5,2.0,1,WIN,PRIMARY_CERTIFIED
682,2026-07-28,401857094,Natisha Hiedeman,3PM,UNDER,1.5,138.0,0.42016806722689076,,UNKNOWN,2,1.0,0.0,1.0,1.0,1.0,1.0,1.0,0.0,0.0,0.0,0.0,0.5,1.0,1.0,1.0,6.0,0,LOSS,PRIMARY_CERTIFIED
718,2026-07-28,401857094,Natisha Hiedeman,3PM,UNDER,1.5,141.0,0.4149377593360996,,UNKNOWN,2,1.0,0.0,1.0,1.0,1.0,1.0,1.0,0.0,0.0,0.0,0.0,0.5,1.0,1.0,1.0,6.0,0,LOSS,PRIMARY_CERTIFIED
762,2026-07-28,401857094,Natisha Hiedeman,3PM,UNDER,1.5,114.0,0.4672897196261682,,UNKNOWN,2,1.0,0.0,1.0,1.0,1.0,1.0,1.0,0.0,0.0,0.0,0.0,0.5,1.0,1.0,1.0,6.0,0,LOSS,PRIMARY_CERTIFIED
668,2026-07-28,401857094,Natisha Hiedeman,3PM,UNDER,2.5,-200.0,0.6666666666666666,,UNKNOWN,2,1.0,0.0,1.0,1.0,1.0,1.0,1.0,0.0,0.0,0.0,0.0,1.5,1.0,1.0,1.0,6.0,0,LOSS,PRIMARY_CERTIFIED
702,2026-07-28,401857094,Natisha Hiedeman,3PM,UNDER,2.5,-202.0,0.6688741721854304,,UNKNOWN,2,1.0,0.0,1.0,1.0,1.0,1.0,1.0,0.0,0.0,0.0,0.0,1.5,1.0,1.0,1.0,6.0,0,LOSS,PRIMARY_CERTIFIED
684,2026-07-28,401857094,Natisha Hiedeman,PR,UNDER,17.5,-107.0,0.5169082125603864,,UNKNOWN,3,14.333333333333334,4.4969125210773475,9.0,20.0,14.333333333333334,14.333333333333334,14.333333333333334,4.4969125210773475,4.4969125210773475,-3.0,-3.0,3.166666666666666,0.6666666666666666,0.6666666666666666,0.6666666666666666,39.0,0,LOSS,PRIMARY_CERTIFIED
722,2026-07-28,401857094,Natisha Hiedeman,PR,UNDER,17.5,-114.0,0.5327102803738317,,UNKNOWN,3,14.333333333333334,4.4969125210773475,9.0,20.0,14.333333333333334,14.333333333333334,14.333333333333334,4.4969125210773475,4.4969125210773475,-3.0,-3.0,3.166666666666666,0.6666666666666666,0.6666666666666666,0.6666666666666666,39.0,0,LOSS,PRIMARY_CERTIFIED
756,2026-07-28,401857094,Natisha Hiedeman,PR,UNDER,18.5,-121.0,0.5475113122171946,,UNKNOWN,3,14.333333333333334,4.4969125210773475,9.0,20.0,14.333333333333334,14.333333333333334,14.333333333333334,4.4969125210773475,4.4969125210773475,-3.0,-3.0,4.166666666666666,0.6666666666666666,0.6666666666666666,0.6666666666666666,39.0,0,LOSS,PRIMARY_CERTIFIED
679,2026-07-28,401857094,Natisha Hiedeman,PTS,UNDER,15.5,-127.0,0.5594713656387665,,UNKNOWN,1,18.0,0.0,18.0,18.0,18.0,18.0,18.0,0.0,0.0,,,-2.5,0.0,0.0,0.0,33.0,0,LOSS,PRIMARY_CERTIFIED
713,2026-07-28,401857094,Natisha Hiedeman,PTS,UNDER,15.5,-130.0,0.5652173913043478,,UNKNOWN,1,18.0,0.0,18.0,18.0,18.0,18.0,18.0,0.0,0.0,,,-2.5,0.0,0.0,0.0,33.0,0,LOSS,PRIMARY_CERTIFIED
753,2026-07-28,401857094,Natisha Hiedeman,PTS,UNDER,15.5,-123.5,0.5525727069351231,,UNKNOWN,1,18.0,0.0,18.0,18.0,18.0,18.0,18.0,0.0,0.0,,,-2.5,0.0,0.0,0.0,33.0,0,LOSS,PRIMARY_CERTIFIED
685,2026-07-28,401857094,Natisha Hiedeman,REB,UNDER,2.5,-110.0,0.5238095238095238,,UNKNOWN,1,1.0,0.0,1.0,1.0,1.0,1.0,1.0,0.0,0.0,,,1.5,1.0,1.0,1.0,6.0,0,LOSS,PRIMARY_CERTIFIED
724,2026-07-28,401857094,Natisha Hiedeman,REB,UNDER,2.5,-107.0,0.5169082125603864,,UNKNOWN,1,1.0,0.0,1.0,1.0,1.0,1.0,1.0,0.0,0.0,,,1.5,1.0,1.0,1.0,6.0,0,LOSS,PRIMARY_CERTIFIED
765,2026-07-28,401857094,Natisha Hiedeman,REB,UNDER,2.5,-103.5,0.5085995085995086,,UNKNOWN,1,1.0,0.0,1.0,1.0,1.0,1.0,1.0,0.0,0.0,,,1.5,1.0,1.0,1.0,6.0,0,LOSS,PRIMARY_CERTIFIED
731,2026-07-28,401857095,A'ja Wilson,RA,UNDER,12.5,-112.0,0.5283018867924528,,UNKNOWN,3,9.333333333333334,4.109609335312651,4.0,14.0,9.333333333333334,9.333333333333334,9.333333333333334,4.109609335312651,4.109609335312651,-5.0,-5.0,3.166666666666666,0.6666666666666666,0.6666666666666666,0.6666666666666666,18.0,0,LOSS,PRIMARY_CERTIFIED
773,2026-07-28,401857095,A'ja Wilson,RA,UNDER,12.5,106.0,0.4854368932038835,,UNKNOWN,3,9.333333333333334,4.109609335312651,4.0,14.0,9.333333333333334,9.333333333333334,9.333333333333334,4.109609335312651,4.109609335312651,-5.0,-5.0,3.166666666666666,0.6666666666666666,0.6666666666666666,0.6666666666666666,18.0,0,LOSS,PRIMARY_CERTIFIED
723,2026-07-28,401857095,A'ja Wilson,RA,UNDER,13.5,-134.0,0.5726495726495726,,UNKNOWN,3,9.333333333333334,4.109609335312651,4.0,14.0,9.333333333333334,9.333333333333334,9.333333333333334,4.109609335312651,4.109609335312651,-5.0,-5.0,4.166666666666666,0.6666666666666666,0.6666666666666666,0.6666666666666666,18.0,0,LOSS,PRIMARY_CERTIFIED
763,2026-07-28,401857095,A'ja Wilson,RA,UNDER,13.5,-128.0,0.5614035087719298,,UNKNOWN,3,9.333333333333334,4.109609335312651,4.0,14.0,9.333333333333334,9.333333333333334,9.333333333333334,4.109609335312651,4.109609335312651,-5.0,-5.0,4.166666666666666,0.6666666666666666,0.6666666666666666,0.6666666666666666,18.0,0,LOSS,PRIMARY_CERTIFIED
716,2026-07-28,401857095,A'ja Wilson,REB,UNDER,9.5,-53.0,0.3464052287581699,,UNKNOWN,3,7.0,3.7416573867739413,3.0,12.0,7.0,7.0,7.0,3.7416573867739413,3.7416573867739413,-4.5,-4.5,2.5,0.6666666666666666,0.6666666666666666,0.6666666666666666,14.0,0,LOSS,PRIMARY_CERTIFIED
757,2026-07-28,401857095,A'ja Wilson,REB,UNDER,9.5,-51.25,0.33884297520661155,,UNKNOWN,3,7.0,3.7416573867739413,3.0,12.0,7.0,7.0,7.0,3.7416573867739413,3.7416573867739413,-4.5,-4.5,2.5,0.6666666666666666,0.6666666666666666,0.6666666666666666,14.0,0,LOSS,PRIMARY_CERTIFIED
736,2026-07-28,401857096,Breanna Stewart,RA,OVER,12.5,1.0,0.9900990099009901,,UNKNOWN,1,21.0,0.0,21.0,21.0,21.0,21.0,21.0,0.0,0.0,,,-8.5,1.0,1.0,1.0,11.0,0,LOSS,PRIMARY_CERTIFIED
730,2026-07-28,401857096,Breanna Stewart,REB,OVER,8.5,-116.0,0.5370370370370371,,UNKNOWN,2,13.0,0.0,13.0,13.0,13.0,13.0,13.0,0.0,0.0,0.0,0.0,-4.5,1.0,1.0,1.0,4.0,0,LOSS,PRIMARY_CERTIFIED
774,2026-07-28,401857096,Breanna Stewart,REB,OVER,8.5,-122.6,0.5507637017070979,,UNKNOWN,2,13.0,0.0,13.0,13.0,13.0,13.0,13.0,0.0,0.0,0.0,0.0,-4.5,1.0,1.0,1.0,4.0,0,LOSS,PRIMARY_CERTIFIED
777,2026-07-28,401857096,Nneka Ogwumike,3PM,UNDER,1.5,-141.5,0.5859213250517599,,UNKNOWN,0,,,,,,,,,,,,,,,,3.0,0,LOSS,PRIMARY_CERTIFIED
776,2026-07-28,401857096,Nneka Ogwumike,AST,UNDER,3.5,-148.5,0.5975855130784709,,UNKNOWN,3,4.0,0.816496580927726,3.0,5.0,4.0,4.0,4.0,0.816496580927726,0.816496580927726,-1.0,-1.0,-0.5,0.3333333333333333,0.3333333333333333,0.3333333333333333,9.0,0,LOSS,PRIMARY_CERTIFIED
775,2026-07-28,401857096,Nneka Ogwumike,PA,UNDER,21.5,-125.0,0.5555555555555556,,UNKNOWN,4,23.5,2.958039891549808,20.0,28.0,23.333333333333332,23.5,23.5,2.958039891549808,2.958039891549808,-1.8,-1.8,-2.0,0.25,0.25,0.25,30.0,0,LOSS,PRIMARY_CERTIFIED
772,2026-07-28,401857096,Nneka Ogwumike,PRA,UNDER,30.5,-122.0,0.5495495495495496,,UNKNOWN,3,34.333333333333336,4.4969125210773475,29.0,40.0,34.333333333333336,34.333333333333336,34.333333333333336,4.4969125210773475,4.4969125210773475,2.5,2.5,-3.8333333333333357,0.3333333333333333,0.3333333333333333,0.3333333333333333,34.0,0,LOSS,PRIMARY_CERTIFIED
766,2026-07-28,401857096,Nneka Ogwumike,PTS,UNDER,17.5,-55.75,0.3579454253611557,,UNKNOWN,4,19.25,2.277608394786075,17.0,23.0,19.333333333333332,19.25,19.25,2.277608394786075,2.277608394786075,-1.1,-1.1,-1.75,0.25,0.25,0.25,21.0,0,LOSS,PRIMARY_CERTIFIED
747,2026-07-28,401857096,Nneka Ogwumike,REB,OVER,8.5,-122.8,0.5511669658886894,,UNKNOWN,0,,,,,,,,,,,,,,,,4.0,0,LOSS,PRIMARY_CERTIFIED
780,2026-07-28,401857096,Sabrina Ionescu,AST,UNDER,4.5,120.0,0.45454545454545453,,UNKNOWN,4,3.75,1.0897247358851685,2.0,5.0,3.3333333333333335,3.75,3.75,1.0897247358851685,1.0897247358851685,-0.5,-0.5,0.75,0.75,0.75,0.75,6.0,0,LOSS,PRIMARY_CERTIFIED
666,2026-07-28,401857096,Sabrina Ionescu,AST,UNDER,5.5,-146.0,0.5934959349593496,,UNKNOWN,4,3.75,1.0897247358851685,2.0,5.0,3.3333333333333335,3.75,3.75,1.0897247358851685,1.0897247358851685,-0.5,-0.5,1.75,1.0,1.0,1.0,6.0,0,LOSS,PRIMARY_CERTIFIED
700,2026-07-28,401857096,Sabrina Ionescu,AST,UNDER,5.5,-143.25,0.5889003083247688,,UNKNOWN,4,3.75,1.0897247358851685,2.0,5.0,3.3333333333333335,3.75,3.75,1.0897247358851685,1.0897247358851685,-0.5,-0.5,1.75,1.0,1.0,1.0,6.0,0,LOSS,PRIMARY_CERTIFIED
740,2026-07-28,401857096,Sabrina Ionescu,AST,UNDER,5.5,-170.33,0.6300817519328228,,UNKNOWN,4,3.75,1.0897247358851685,2.0,5.0,3.3333333333333335,3.75,3.75,1.0897247358851685,1.0897247358851685,-0.5,-0.5,1.75,1.0,1.0,1.0,6.0,0,LOSS,PRIMARY_CERTIFIED
671,2026-07-28,401857096,Sabrina Ionescu,RA,UNDER,9.5,-125.0,0.5555555555555556,,UNKNOWN,1,8.0,0.0,8.0,8.0,8.0,8.0,8.0,0.0,0.0,,,1.5,1.0,1.0,1.0,13.0,0,LOSS,PRIMARY_CERTIFIED
705,2026-07-28,401857096,Sabrina Ionescu,RA,UNDER,9.5,-123.5,0.5525727069351231,,UNKNOWN,1,8.0,0.0,8.0,8.0,8.0,8.0,8.0,0.0,0.0,,,1.5,1.0,1.0,1.0,13.0,0,LOSS,PRIMARY_CERTIFIED
744,2026-07-28,401857096,Sabrina Ionescu,RA,UNDER,9.5,-136.0,0.576271186440678,,UNKNOWN,1,8.0,0.0,8.0,8.0,8.0,8.0,8.0,0.0,0.0,,,1.5,1.0,1.0,1.0,13.0,0,LOSS,PRIMARY_CERTIFIED
676,2026-07-28,401857096,Sabrina Ionescu,REB,UNDER,4.5,-172.0,0.6323529411764706,,UNKNOWN,0,,,,,,,,,,,,,,,,7.0,0,LOSS,PRIMARY_CERTIFIED
708,2026-07-28,401857096,Sabrina Ionescu,REB,UNDER,4.5,-164.75,0.6222851746931067,,UNKNOWN,0,,,,,,,,,,,,,,,,7.0,0,LOSS,PRIMARY_CERTIFIED
748,2026-07-28,401857096,Sabrina Ionescu,REB,UNDER,4.5,-167.75,0.6265172735760971,,UNKNOWN,0,,,,,,,,,,,,,,,,7.0,0,LOSS,PRIMARY_CERTIFIED
803,2026-07-29,401857097,Angel Reese,RA,UNDER,14.5,-136.0,0.576271186440678,,UNKNOWN,1,6.0,0.0,6.0,6.0,6.0,6.0,6.0,0.0,0.0,,,8.5,1.0,1.0,1.0,16.0,0,LOSS,PRIMARY_CERTIFIED
845,2026-07-29,401857097,Arike Ogunbowale,AST,OVER,2.5,-177.0,0.6389891696750902,,UNKNOWN,0,,,,,,,,,,,,,,,,5.0,1,WIN,PRIMARY_CERTIFIED
840,2026-07-29,401857097,Arike Ogunbowale,RA,OVER,5.5,-132.0,0.5689655172413793,,UNKNOWN,0,,,,,,,,,,,,,,,,11.0,1,WIN,PRIMARY_CERTIFIED
842,2026-07-29,401857097,Arike Ogunbowale,REB,OVER,2.5,33.67,0.7481110196753197,,UNKNOWN,0,,,,,,,,,,,,,,,,6.0,1,WIN,PRIMARY_CERTIFIED
799,2026-07-29,401857097,Azzi Fudd,AST,UNDER,2.5,-200.0,0.6666666666666666,,UNKNOWN,2,2.0,0.0,2.0,2.0,2.0,2.0,2.0,0.0,0.0,0.0,0.0,0.5,1.0,1.0,1.0,2.0,1,WIN,PRIMARY_CERTIFIED
732,2026-07-29,401857097,Jessica Shepard,AST,OVER,4.5,-151.0,0.601593625498008,,UNKNOWN,2,5.5,0.5,5.0,6.0,5.5,5.5,5.5,0.5,0.5,-1.0,-1.0,-1.0,1.0,1.0,1.0,5.0,1,WIN,PRIMARY_CERTIFIED
778,2026-07-29,401857097,Jessica Shepard,AST,OVER,4.5,-154.0,0.6062992125984252,,UNKNOWN,2,5.5,0.5,5.0,6.0,5.5,5.5,5.5,0.5,0.5,-1.0,-1.0,-1.0,1.0,1.0,1.0,5.0,1,WIN,PRIMARY_CERTIFIED
808,2026-07-29,401857097,Jessica Shepard,AST,OVER,4.5,-160.5,0.6161228406909789,,UNKNOWN,2,5.5,0.5,5.0,6.0,5.5,5.5,5.5,0.5,0.5,-1.0,-1.0,-1.0,1.0,1.0,1.0,5.0,1,WIN,PRIMARY_CERTIFIED
667,2026-07-29,401857097,Jordin Canada,3PM,UNDER,1.5,-245.0,0.7101449275362319,,UNKNOWN,0,,,,,,,,,,,,,,,,0.0,1,WIN,PRIMARY_CERTIFIED
701,2026-07-29,401857097,Jordin Canada,3PM,UNDER,1.5,-237.33,0.7035543829484481,,UNKNOWN,0,,,,,,,,,,,,,,,,0.0,1,WIN,PRIMARY_CERTIFIED
741,2026-07-29,401857097,Jordin Canada,3PM,UNDER,1.5,-238.0,0.7041420118343196,,UNKNOWN,0,,,,,,,,,,,,,,,,0.0,1,WIN,PRIMARY_CERTIFIED
786,2026-07-29,401857097,Jordin Canada,3PM,UNDER,1.5,-237.5,0.7037037037037037,,UNKNOWN,0,,,,,,,,,,,,,,,,0.0,1,WIN,PRIMARY_CERTIFIED
670,2026-07-29,401857097,Jordin Canada,AST,OVER,7.5,-154.0,0.6062992125984252,,UNKNOWN,0,,,,,,,,,,,,,,,,8.0,1,WIN,PRIMARY_CERTIFIED
704,2026-07-29,401857097,Jordin Canada,AST,OVER,7.5,-147.67,0.5962369281705495,,UNKNOWN,0,,,,,,,,,,,,,,,,8.0,1,WIN,PRIMARY_CERTIFIED
743,2026-07-29,401857097,Jordin Canada,AST,OVER,7.5,-150.33,0.6005273039587744,,UNKNOWN,0,,,,,,,,,,,,,,,,8.0,1,WIN,PRIMARY_CERTIFIED
811,2026-07-29,401857097,Jordin Canada,AST,OVER,7.5,-147.75,0.5963673057517659,,UNKNOWN,0,,,,,,,,,,,,,,,,8.0,1,WIN,PRIMARY_CERTIFIED
677,2026-07-29,401857097,Jordin Canada,RA,OVER,11.5,-136.0,0.576271186440678,,UNKNOWN,0,,,,,,,,,,,,,,,,14.0,1,WIN,PRIMARY_CERTIFIED
710,2026-07-29,401857097,Jordin Canada,RA,OVER,11.5,-129.5,0.5642701525054467,,UNKNOWN,0,,,,,,,,,,,,,,,,14.0,1,WIN,PRIMARY_CERTIFIED
750,2026-07-29,401857097,Jordin Canada,RA,OVER,11.5,-130.5,0.5661605206073753,,UNKNOWN,0,,,,,,,,,,,,,,,,14.0,1,WIN,PRIMARY_CERTIFIED
814,2026-07-29,401857097,Jordin Canada,RA,OVER,11.5,-142.0,0.5867768595041323,,UNKNOWN,0,,,,,,,,,,,,,,,,14.0,1,WIN,PRIMARY_CERTIFIED
687,2026-07-29,401857097,Jordin Canada,REB,UNDER,3.5,100.0,0.5,,UNKNOWN,1,3.0,0.0,3.0,3.0,3.0,3.0,3.0,0.0,0.0,,,0.5,1.0,1.0,1.0,6.0,0,LOSS,PRIMARY_CERTIFIED
764,2026-07-29,401857097,Jordin Canada,REB,UNDER,3.5,-58.25,0.36808846761453395,,UNKNOWN,1,3.0,0.0,3.0,3.0,3.0,3.0,3.0,0.0,0.0,,,0.5,1.0,1.0,1.0,6.0,0,LOSS,PRIMARY_CERTIFIED
841,2026-07-29,401857097,Paige Bueckers,PRA,UNDER,30.5,-128.0,0.5614035087719298,,UNKNOWN,0,,,,,,,,,,,,,,,,26.0,1,WIN,PRIMARY_CERTIFIED
717,2026-07-29,401857097,Paige Bueckers,RA,UNDER,10.5,-146.0,0.5934959349593496,,UNKNOWN,0,,,,,,,,,,,,,,,,10.0,1,WIN,PRIMARY_CERTIFIED
758,2026-07-29,401857097,Paige Bueckers,RA,UNDER,10.5,-138.0,0.5798319327731093,,UNKNOWN,0,,,,,,,,,,,,,,,,10.0,1,WIN,PRIMARY_CERTIFIED
800,2026-07-29,401857097,Paige Bueckers,RA,UNDER,10.5,-143.0,0.588477366255144,,UNKNOWN,0,,,,,,,,,,,,,,,,10.0,1,WIN,PRIMARY_CERTIFIED
752,2026-07-29,401857097,Paige Bueckers,REB,UNDER,4.5,-164.0,0.6212121212121212,,UNKNOWN,0,,,,,,,,,,,,,,,,4.0,1,WIN,PRIMARY_CERTIFIED
822,2026-07-29,401857097,Paige Bueckers,REB,UNDER,4.5,-167.75,0.6265172735760971,,UNKNOWN,0,,,,,,,,,,,,,,,,4.0,1,WIN,PRIMARY_CERTIFIED
797,2026-07-29,401857097,Rhyne Howard,3PM,UNDER,3.5,-170.5,0.6303142329020333,,UNKNOWN,0,,,,,,,,,,,,,,,,1.0,1,WIN,PRIMARY_CERTIFIED
711,2026-07-29,401857097,Rhyne Howard,PA,UNDER,20.5,-102.0,0.504950495049505,,UNKNOWN,4,14.25,2.165063509461097,11.0,17.0,14.333333333333334,14.25,14.25,2.165063509461097,2.165063509461097,-0.7,-0.7,6.25,1.0,1.0,1.0,14.0,1,WIN,PRIMARY_CERTIFIED
703,2026-07-29,401857097,Rhyne Howard,PA,UNDER,21.5,-128.0,0.5614035087719298,,UNKNOWN,4,14.25,2.165063509461097,11.0,17.0,14.333333333333334,14.25,14.25,2.165063509461097,2.165063509461097,-0.7,-0.7,7.25,1.0,1.0,1.0,14.0,1,WIN,PRIMARY_CERTIFIED
742,2026-07-29,401857097,Rhyne Howard,PA,UNDER,21.5,-127.0,0.5594713656387665,,UNKNOWN,4,14.25,2.165063509461097,11.0,17.0,14.333333333333334,14.25,14.25,2.165063509461097,2.165063509461097,-0.7,-0.7,7.25,1.0,1.0,1.0,14.0,1,WIN,PRIMARY_CERTIFIED
787,2026-07-29,401857097,Rhyne Howard,PA,UNDER,21.5,-124.5,0.5545657015590201,,UNKNOWN,4,14.25,2.165063509461097,11.0,17.0,14.333333333333334,14.25,14.25,2.165063509461097,2.165063509461097,-0.7,-0.7,7.25,1.0,1.0,1.0,14.0,1,WIN,PRIMARY_CERTIFIED
813,2026-07-29,401857097,Rhyne Howard,PA,UNDER,21.5,-127.5,0.5604395604395604,,UNKNOWN,4,14.25,2.165063509461097,11.0,17.0,14.333333333333334,14.25,14.25,2.165063509461097,2.165063509461097,-0.7,-0.7,7.25,1.0,1.0,1.0,14.0,1,WIN,PRIMARY_CERTIFIED
709,2026-07-29,401857097,Rhyne Howard,PR,UNDER,21.5,-111.5,0.5271867612293144,,UNKNOWN,3,13.666666666666666,2.0548046676563256,11.0,16.0,13.666666666666666,13.666666666666666,13.666666666666666,2.0548046676563256,2.0548046676563256,-2.5,-2.5,7.833333333333334,1.0,1.0,1.0,14.0,1,WIN,PRIMARY_CERTIFIED
791,2026-07-29,401857097,Rhyne Howard,PR,UNDER,21.5,-114.0,0.5327102803738317,,UNKNOWN,3,13.666666666666666,2.0548046676563256,11.0,16.0,13.666666666666666,13.666666666666666,13.666666666666666,2.0548046676563256,2.0548046676563256,-2.5,-2.5,7.833333333333334,1.0,1.0,1.0,14.0,1,WIN,PRIMARY_CERTIFIED
817,2026-07-29,401857097,Rhyne Howard,PR,UNDER,21.5,-107.5,0.5180722891566265,,UNKNOWN,3,13.666666666666666,2.0548046676563256,11.0,16.0,13.666666666666666,13.666666666666666,13.666666666666666,2.0548046676563256,2.0548046676563256,-2.5,-2.5,7.833333333333334,1.0,1.0,1.0,14.0,1,WIN,PRIMARY_CERTIFIED
706,2026-07-29,401857097,Rhyne Howard,PRA,UNDER,25.5,-121.0,0.5475113122171946,,UNKNOWN,4,18.75,3.191786333700926,14.0,23.0,18.666666666666668,18.75,18.75,3.191786333700926,3.191786333700926,-1.1,-1.1,6.75,1.0,1.0,1.0,19.0,1,WIN,PRIMARY_CERTIFIED
745,2026-07-29,401857097,Rhyne Howard,PRA,UNDER,25.5,-119.33,0.544066019240414,,UNKNOWN,4,18.75,3.191786333700926,14.0,23.0,18.666666666666668,18.75,18.75,3.191786333700926,3.191786333700926,-1.1,-1.1,6.75,1.0,1.0,1.0,19.0,1,WIN,PRIMARY_CERTIFIED
789,2026-07-29,401857097,Rhyne Howard,PRA,UNDER,25.5,-122.67,0.5509049265729554,,UNKNOWN,4,18.75,3.191786333700926,14.0,23.0,18.666666666666668,18.75,18.75,3.191786333700926,3.191786333700926,-1.1,-1.1,6.75,1.0,1.0,1.0,19.0,1,WIN,PRIMARY_CERTIFIED
815,2026-07-29,401857097,Rhyne Howard,PRA,UNDER,25.5,-112.0,0.5283018867924528,,UNKNOWN,4,18.75,3.191786333700926,14.0,23.0,18.666666666666668,18.75,18.75,3.191786333700926,3.191786333700926,-1.1,-1.1,6.75,1.0,1.0,1.0,19.0,1,WIN,PRIMARY_CERTIFIED
707,2026-07-29,401857097,Rhyne Howard,PTS,UNDER,17.5,-117.67,0.540588964946938,,UNKNOWN,3,9.666666666666666,1.247219128924647,8.0,11.0,9.666666666666666,9.666666666666666,9.666666666666666,1.247219128924647,1.247219128924647,-1.5,-1.5,7.833333333333334,1.0,1.0,1.0,9.0,1,WIN,PRIMARY_CERTIFIED
746,2026-07-29,401857097,Rhyne Howard,PTS,UNDER,17.5,-116.5,0.5381062355658198,,UNKNOWN,3,9.666666666666666,1.247219128924647,8.0,11.0,9.666666666666666,9.666666666666666,9.666666666666666,1.247219128924647,1.247219128924647,-1.5,-1.5,7.833333333333334,1.0,1.0,1.0,9.0,1,WIN,PRIMARY_CERTIFIED
790,2026-07-29,401857097,Rhyne Howard,PTS,UNDER,17.5,-114.0,0.5327102803738317,,UNKNOWN,3,9.666666666666666,1.247219128924647,8.0,11.0,9.666666666666666,9.666666666666666,9.666666666666666,1.247219128924647,1.247219128924647,-1.5,-1.5,7.833333333333334,1.0,1.0,1.0,9.0,1,WIN,PRIMARY_CERTIFIED
816,2026-07-29,401857097,Rhyne Howard,PTS,UNDER,17.5,-118.5,0.5423340961098398,,UNKNOWN,3,9.666666666666666,1.247219128924647,8.0,11.0,9.666666666666666,9.666666666666666,9.666666666666666,1.247219128924647,1.247219128924647,-1.5,-1.5,7.833333333333334,1.0,1.0,1.0,9.0,1,WIN,PRIMARY_CERTIFIED
720,2026-07-29,401857098,DeWanna Bonner,3PM,UNDER,1.5,-207.33,0.6746168613542446,,UNKNOWN,0,,,,,,,,,,,,,,,,2.0,0,LOSS,PRIMARY_CERTIFIED
760,2026-07-29,401857098,DeWanna Bonner,3PM,UNDER,1.5,-206.75,0.6740016299918501,,UNKNOWN,0,,,,,,,,,,,,,,,,2.0,0,LOSS,PRIMARY_CERTIFIED
801,2026-07-29,401857098,DeWanna Bonner,3PM,UNDER,1.5,-216.0,0.6835443037974683,,UNKNOWN,0,,,,,,,,,,,,,,,,2.0,0,LOSS,PRIMARY_CERTIFIED
694,2026-07-29,401857098,Janelle Salaun,3PM,UNDER,2.5,-210.0,0.6774193548387096,,UNKNOWN,2,1.5,0.5,1.0,2.0,1.5,1.5,1.5,0.5,0.5,-1.0,-1.0,1.0,1.0,1.0,1.0,2.0,1,WIN,PRIMARY_CERTIFIED
733,2026-07-29,401857098,Janelle Salaun,3PM,UNDER,2.5,-202.33,0.6692356034796414,,UNKNOWN,2,1.5,0.5,1.0,2.0,1.5,1.5,1.5,0.5,0.5,-1.0,-1.0,1.0,1.0,1.0,1.0,2.0,1,WIN,PRIMARY_CERTIFIED
779,2026-07-29,401857098,Janelle Salaun,3PM,UNDER,2.5,-205.0,0.6721311475409836,,UNKNOWN,2,1.5,0.5,1.0,2.0,1.5,1.5,1.5,0.5,0.5,-1.0,-1.0,1.0,1.0,1.0,1.0,2.0,1,WIN,PRIMARY_CERTIFIED
807,2026-07-29,401857098,Janelle Salaun,3PM,UNDER,2.5,-178.25,0.6406109613656783,,UNKNOWN,2,1.5,0.5,1.0,2.0,1.5,1.5,1.5,0.5,0.5,-1.0,-1.0,1.0,1.0,1.0,1.0,2.0,1,WIN,PRIMARY_CERTIFIED
809,2026-07-29,401857098,Janelle Salaun,PR,UNDER,15.5,-102.0,0.504950495049505,,UNKNOWN,0,,,,,,,,,,,,,,,,15.0,1,WIN,PRIMARY_CERTIFIED
804,2026-07-29,401857098,Janelle Salaun,PR,UNDER,16.5,-121.0,0.5475113122171946,,UNKNOWN,0,,,,,,,,,,,,,,,,15.0,1,WIN,PRIMARY_CERTIFIED
806,2026-07-29,401857098,Janelle Salaun,PTS,UNDER,12.5,-120.75,0.5469988674971688,,UNKNOWN,1,9.0,0.0,9.0,9.0,9.0,9.0,9.0,0.0,0.0,,,3.5,1.0,1.0,1.0,13.0,0,LOSS,PRIMARY_CERTIFIED
721,2026-07-29,401857098,Kahleah Copper,3PM,UNDER,1.5,113.0,0.4694835680751174,,UNKNOWN,1,0.0,0.0,0.0,0.0,0.0,0.0,0.0,0.0,0.0,,,1.5,1.0,1.0,1.0,3.0,0,LOSS,PRIMARY_CERTIFIED
761,2026-07-29,401857098,Kahleah Copper,3PM,UNDER,1.5,114.0,0.4672897196261682,,UNKNOWN,1,0.0,0.0,0.0,0.0,0.0,0.0,0.0,0.0,0.0,,,1.5,1.0,1.0,1.0,3.0,0,LOSS,PRIMARY_CERTIFIED
802,2026-07-29,401857098,Kahleah Copper,3PM,UNDER,1.5,110.5,0.4750593824228028,,UNKNOWN,1,0.0,0.0,0.0,0.0,0.0,0.0,0.0,0.0,0.0,,,1.5,1.0,1.0,1.0,3.0,0,LOSS,PRIMARY_CERTIFIED
794,2026-07-29,401857098,Veronica Burton,PR,UNDER,16.5,-126.0,0.5575221238938053,,UNKNOWN,0,,,,,,,,,,,,,,,,18.0,0,LOSS,PRIMARY_CERTIFIED
793,2026-07-29,401857098,Veronica Burton,PTS,UNDER,12.5,-118.0,0.5412844036697247,,UNKNOWN,0,,,,,,,,,,,,,,,,15.0,0,LOSS,PRIMARY_CERTIFIED
795,2026-07-30,401857099,Courtney Williams,AST,OVER,3.5,-163.0,0.6197718631178707,,UNKNOWN,1,7.0,0.0,7.0,7.0,7.0,7.0,7.0,0.0,0.0,,,-3.5,1.0,1.0,1.0,5.0,1,WIN,PRIMARY_CERTIFIED
820,2026-07-30,401857099,Courtney Williams,AST,OVER,3.5,-152.0,0.6031746031746031,,UNKNOWN,1,7.0,0.0,7.0,7.0,7.0,7.0,7.0,0.0,0.0,,,-3.5,1.0,1.0,1.0,5.0,1,WIN,PRIMARY_CERTIFIED
810,2026-07-30,401857099,Courtney Williams,PR,UNDER,15.5,-110.0,0.5238095238095238,,UNKNOWN,1,25.0,0.0,25.0,25.0,25.0,25.0,25.0,0.0,0.0,,,-9.5,0.0,0.0,0.0,19.0,0,LOSS,PRIMARY_CERTIFIED
846,2026-07-30,401857099,Courtney Williams,PR,UNDER,15.5,-112.5,0.5294117647058824,,UNKNOWN,1,25.0,0.0,25.0,25.0,25.0,25.0,25.0,0.0,0.0,,,-9.5,0.0,0.0,0.0,19.0,0,LOSS,PRIMARY_CERTIFIED
836,2026-07-30,401857099,Natasha Howard,PR,UNDER,19.5,-115.0,0.5348837209302325,,UNKNOWN,3,16.333333333333332,3.0912061651652345,12.0,19.0,16.333333333333332,16.333333333333332,16.333333333333332,3.0912061651652345,3.0912061651652345,0.5,0.5,3.166666666666668,1.0,1.0,1.0,17.0,1,WIN,PRIMARY_CERTIFIED
844,2026-07-30,401857099,Natasha Howard,REB,UNDER,6.5,-113.0,0.5305164319248826,,UNKNOWN,1,5.0,0.0,5.0,5.0,5.0,5.0,5.0,0.0,0.0,,,1.5,1.0,1.0,1.0,8.0,0,LOSS,PRIMARY_CERTIFIED
837,2026-07-30,401857100,Aneesah Morrow,REB,UNDER,9.5,-115.25,0.5354239256678281,,UNKNOWN,1,4.0,0.0,4.0,4.0,4.0,4.0,4.0,0.0,0.0,,,5.5,1.0,1.0,1.0,7.0,1,WIN,PRIMARY_CERTIFIED
834,2026-07-30,401857100,Charlisse Leger-Walker,AST,OVER,3.5,-161.0,0.6168582375478927,,UNKNOWN,2,7.0,0.0,7.0,7.0,7.0,7.0,7.0,0.0,0.0,0.0,0.0,-3.5,1.0,1.0,1.0,2.0,0,LOSS,PRIMARY_CERTIFIED
838,2026-07-30,401857100,Charlisse Leger-Walker,PA,UNDER,10.5,-114.0,0.5327102803738317,,UNKNOWN,3,8.666666666666666,2.6246692913372702,5.0,11.0,8.666666666666666,8.666666666666666,8.666666666666666,2.6246692913372702,2.6246692913372702,-3.0,-3.0,1.833333333333334,0.6666666666666666,0.6666666666666666,0.6666666666666666,12.0,0,LOSS,PRIMARY_CERTIFIED
831,2026-07-30,401857100,Charlisse Leger-Walker,PR,UNDER,9.5,-119.0,0.54337899543379,,UNKNOWN,3,6.333333333333333,2.3570226039551585,3.0,8.0,6.333333333333333,6.333333333333333,6.333333333333333,2.3570226039551585,2.3570226039551585,-2.5,-2.5,3.166666666666667,1.0,1.0,1.0,11.0,0,LOSS,PRIMARY_CERTIFIED
835,2026-07-30,401857100,Charlisse Leger-Walker,PRA,UNDER,13.5,-112.0,0.5283018867924528,,UNKNOWN,3,11.666666666666666,3.39934634239519,7.0,15.0,11.666666666666666,11.666666666666666,11.666666666666666,3.39934634239519,3.39934634239519,-4.0,-4.0,1.833333333333334,0.6666666666666666,0.6666666666666666,0.6666666666666666,13.0,1,WIN,PRIMARY_CERTIFIED
826,2026-07-30,401857100,Charlisse Leger-Walker,PTS,UNDER,6.5,-120.33,0.5461353424408841,,UNKNOWN,2,3.0,2.0,1.0,5.0,3.0,3.0,3.0,2.0,2.0,-4.0,-4.0,3.5,1.0,1.0,1.0,10.0,0,LOSS,PRIMARY_CERTIFIED
829,2026-07-30,401857100,Courtney Vandersloot,REB,UNDER,2.5,-161.0,0.6168582375478927,,UNKNOWN,0,,,,,,,,,,,,,,,,5.0,0,LOSS,PRIMARY_CERTIFIED
828,2026-07-30,401857100,Kamilla Cardoso,PA,UNDER,17.5,-102.0,0.504950495049505,,UNKNOWN,1,6.0,0.0,6.0,6.0,6.0,6.0,6.0,0.0,0.0,,,11.5,1.0,1.0,1.0,27.0,0,LOSS,PRIMARY_CERTIFIED
823,2026-07-30,401857100,Kamilla Cardoso,PR,UNDER,24.5,-117.0,0.5391705069124424,,UNKNOWN,2,16.5,7.5,9.0,24.0,16.5,16.5,16.5,7.5,7.5,15.0,15.0,8.0,1.0,1.0,1.0,32.0,0,LOSS,PRIMARY_CERTIFIED
825,2026-07-30,401857100,Kamilla Cardoso,PRA,UNDER,27.5,-128.0,0.5614035087719298,,UNKNOWN,2,18.0,9.0,9.0,27.0,18.0,18.0,18.0,9.0,9.0,18.0,18.0,9.5,1.0,1.0,1.0,33.0,0,LOSS,PRIMARY_CERTIFIED
827,2026-07-30,401857100,Kamilla Cardoso,PTS,UNDER,15.5,-120.75,0.5469988674971688,,UNKNOWN,2,9.5,3.5,6.0,13.0,9.5,9.5,9.5,3.5,3.5,7.0,7.0,6.0,1.0,1.0,1.0,26.0,0,LOSS,PRIMARY_CERTIFIED
874,2026-07-30,401857100,Kamilla Cardoso,REB,UNDER,7.5,-115.33,0.5355965262620165,,UNKNOWN,3,6.0,3.559026084010437,3.0,11.0,6.0,6.0,6.0,3.559026084010437,3.559026084010437,0.5,0.5,1.5,0.6666666666666666,0.6666666666666666,0.6666666666666666,6.0,1,WIN,PRIMARY_CERTIFIED
880,2026-07-30,401857100,Natasha Cloud,3PM,UNDER,1.5,-232.33,0.6990942737640297,,UNKNOWN,0,,,,,,,,,,,,,,,,0.0,1,WIN,PRIMARY_CERTIFIED
879,2026-07-30,401857100,Natasha Cloud,PR,UNDER,12.5,-110.0,0.5238095238095238,,UNKNOWN,2,12.0,3.0,9.0,15.0,12.0,12.0,12.0,3.0,3.0,-6.0,-6.0,0.5,0.5,0.5,0.5,11.0,1,WIN,PRIMARY_CERTIFIED
798,2026-07-30,401857101,Breanna Stewart,AST,OVER,3.5,112.5,0.47058823529411764,,UNKNOWN,1,8.0,0.0,8.0,8.0,8.0,8.0,8.0,0.0,0.0,,,-4.5,1.0,1.0,1.0,1.0,0,LOSS,PRIMARY_CERTIFIED
824,2026-07-30,401857101,Breanna Stewart,AST,OVER,3.5,111.0,0.47393364928909953,,UNKNOWN,1,8.0,0.0,8.0,8.0,8.0,8.0,8.0,0.0,0.0,,,-4.5,1.0,1.0,1.0,1.0,0,LOSS,PRIMARY_CERTIFIED
868,2026-07-30,401857101,Chelsea Gray,RA,UNDER,9.5,-105.0,0.5121951219512195,,UNKNOWN,0,,,,,,,,,,,,,,,,7.0,1,WIN,PRIMARY_CERTIFIED
792,2026-07-30,401857101,Jackie Young,AST,UNDER,7.5,-151.0,0.601593625498008,,UNKNOWN,0,,,,,,,,,,,,,,,,9.0,0,LOSS,PRIMARY_CERTIFIED
864,2026-07-30,401857101,Jackie Young,RA,UNDER,11.5,-137.0,0.5780590717299579,,UNKNOWN,0,,,,,,,,,,,,,,,,11.0,1,WIN,PRIMARY_CERTIFIED
871,2026-07-30,401857101,Jackie Young,REB,UNDER,3.5,112.0,0.4716981132075472,,UNKNOWN,1,1.0,0.0,1.0,1.0,1.0,1.0,1.0,0.0,0.0,,,2.5,1.0,1.0,1.0,2.0,1,WIN,PRIMARY_CERTIFIED
870,2026-07-30,401857101,Jonquel Jones,AST,OVER,2.5,111.0,0.47393364928909953,,UNKNOWN,2,2.0,0.0,2.0,2.0,2.0,2.0,2.0,0.0,0.0,0.0,0.0,0.5,0.0,0.0,0.0,5.0,1,WIN,PRIMARY_CERTIFIED
833,2026-07-30,401857101,Pauline Astier,PR,UNDER,10.5,-119.0,0.54337899543379,,UNKNOWN,3,8.333333333333334,1.699673171197595,6.0,10.0,8.333333333333334,8.333333333333334,8.333333333333334,1.699673171197595,1.699673171197595,2.0,2.0,2.166666666666666,1.0,1.0,1.0,20.0,0,LOSS,PRIMARY_CERTIFIED
819,2026-07-30,401857101,Pauline Astier,REB,UNDER,2.5,-208.0,0.6753246753246753,,UNKNOWN,3,1.6666666666666667,0.4714045207910317,1.0,2.0,1.6666666666666667,1.6666666666666667,1.6666666666666667,0.4714045207910317,0.4714045207910317,-0.5,-0.5,0.8333333333333333,1.0,1.0,1.0,1.0,1,WIN,PRIMARY_CERTIFIED
843,2026-07-30,401857101,Sabrina Ionescu,REB,OVER,3.5,-165.0,0.6226415094339622,,UNKNOWN,1,7.0,0.0,7.0,7.0,7.0,7.0,7.0,0.0,0.0,,,-3.5,1.0,1.0,1.0,4.0,1,WIN,PRIMARY_CERTIFIED
862,2026-07-31,401857102,Angel Reese,REB,UNDER,12.5,-140.0,0.5833333333333334,,UNKNOWN,0,,,,,,,,,,,,,,,,13.0,0,LOSS,PRIMARY_CERTIFIED
869,2026-07-31,401857102,Awa Fam,PA,UNDER,13.5,-114.0,0.5327102803738317,,UNKNOWN,1,17.0,0.0,17.0,17.0,17.0,17.0,17.0,0.0,0.0,,,-3.5,0.0,0.0,0.0,9.0,1,WIN,PRIMARY_CERTIFIED
872,2026-07-31,401857102,Awa Fam,PTS,UNDER,11.5,-126.75,0.5589856670341786,,UNKNOWN,1,14.0,0.0,14.0,14.0,14.0,14.0,14.0,0.0,0.0,,,-2.5,0.0,0.0,0.0,8.0,1,WIN,PRIMARY_CERTIFIED
847,2026-07-31,401857102,Brionna Jones,PTS,UNDER,11.5,-137.0,0.5780590717299579,,UNKNOWN,0,,,,,,,,,,,,,,,,14.0,0,LOSS,PRIMARY_CERTIFIED
821,2026-07-31,401857102,Dominique Malonga,RA,OVER,9.5,-130.0,0.5652173913043478,,UNKNOWN,0,,,,,,,,,,,,,,,,14.0,1,WIN,PRIMARY_CERTIFIED
860,2026-07-31,401857102,Dominique Malonga,RA,OVER,9.5,-138.0,0.5798319327731093,,UNKNOWN,0,,,,,,,,,,,,,,,,14.0,1,WIN,PRIMARY_CERTIFIED
812,2026-07-31,401857102,Dominique Malonga,REB,OVER,7.5,-131.75,0.5685005393743258,,UNKNOWN,1,12.0,0.0,12.0,12.0,12.0,12.0,12.0,0.0,0.0,,,-4.5,1.0,1.0,1.0,13.0,1,WIN,PRIMARY_CERTIFIED
850,2026-07-31,401857102,Dominique Malonga,REB,OVER,7.5,-145.2,0.5921696574225123,,UNKNOWN,1,12.0,0.0,12.0,12.0,12.0,12.0,12.0,0.0,0.0,,,-4.5,1.0,1.0,1.0,13.0,1,WIN,PRIMARY_CERTIFIED
858,2026-07-31,401857102,Rhyne Howard,3PM,UNDER,3.5,-175.0,0.6363636363636364,,UNKNOWN,1,1.0,0.0,1.0,1.0,1.0,1.0,1.0,0.0,0.0,,,2.5,1.0,1.0,1.0,3.0,1,WIN,PRIMARY_CERTIFIED
857,2026-07-31,401857102,Rhyne Howard,PA,UNDER,20.5,-110.5,0.5249406175771971,,UNKNOWN,5,14.2,1.9390719429665315,11.0,17.0,14.0,14.2,14.2,1.9390719429665315,1.9390719429665315,-0.4,-0.4,6.300000000000001,1.0,1.0,1.0,14.0,1,WIN,PRIMARY_CERTIFIED
856,2026-07-31,401857102,Rhyne Howard,PR,UNDER,21.5,-124.5,0.5545657015590201,,UNKNOWN,4,13.75,1.7853571071357126,11.0,16.0,13.0,13.75,13.75,1.7853571071357126,1.7853571071357126,-0.9,-0.9,7.75,1.0,1.0,1.0,11.0,1,WIN,PRIMARY_CERTIFIED
861,2026-07-31,401857102,Rhyne Howard,PRA,UNDER,24.5,-107.0,0.5169082125603864,,UNKNOWN,5,18.8,2.85657137141714,14.0,23.0,18.666666666666668,18.8,18.8,2.85657137141714,2.85657137141714,-0.5,-0.5,5.699999999999999,1.0,1.0,1.0,16.0,1,WIN,PRIMARY_CERTIFIED
852,2026-07-31,401857102,Rhyne Howard,PRA,UNDER,25.5,-131.5,0.5680345572354212,,UNKNOWN,5,18.8,2.85657137141714,14.0,23.0,18.666666666666668,18.8,18.8,2.85657137141714,2.85657137141714,-0.5,-0.5,6.699999999999999,1.0,1.0,1.0,16.0,1,WIN,PRIMARY_CERTIFIED
854,2026-07-31,401857102,Rhyne Howard,PTS,UNDER,16.5,-116.0,0.5370370370370371,,UNKNOWN,4,9.5,1.118033988749895,8.0,11.0,9.0,9.5,9.5,1.118033988749895,1.118033988749895,-0.8,-0.8,7.0,1.0,1.0,1.0,9.0,1,WIN,PRIMARY_CERTIFIED
853,2026-07-31,401857102,Rhyne Howard,PTS,UNDER,17.5,-131.67,0.5683515345102947,,UNKNOWN,4,9.5,1.118033988749895,8.0,11.0,9.0,9.5,9.5,1.118033988749895,1.118033988749895,-0.8,-0.8,8.0,1.0,1.0,1.0,9.0,1,WIN,PRIMARY_CERTIFIED
990,2026-07-31,401857103,Arike Ogunbowale,PA,OVER,17.5,-131.0,0.5670995670995671,,UNKNOWN,0,,,,,,,,,,,,,,,,22.0,1,WIN,PRIMARY_CERTIFIED
991,2026-07-31,401857103,Arike Ogunbowale,PRA,OVER,20.5,-132.0,0.5689655172413793,,UNKNOWN,0,,,,,,,,,,,,,,,,24.0,1,WIN,PRIMARY_CERTIFIED
876,2026-07-31,401857103,Arike Ogunbowale,RA,OVER,5.5,-160.0,0.6153846153846154,,UNKNOWN,1,11.0,0.0,11.0,11.0,11.0,11.0,11.0,0.0,0.0,,,-5.5,1.0,1.0,1.0,4.0,0,LOSS,PRIMARY_CERTIFIED
873,2026-07-31,401857103,Arike Ogunbowale,REB,OVER,2.5,-128.5,0.562363238512035,,UNKNOWN,1,6.0,0.0,6.0,6.0,6.0,6.0,6.0,0.0,0.0,,,-3.5,1.0,1.0,1.0,2.0,0,LOSS,PRIMARY_CERTIFIED
865,2026-07-31,401857103,Azzi Fudd,AST,OVER,1.5,-188.5,0.6533795493934142,,UNKNOWN,3,2.0,0.0,2.0,2.0,2.0,2.0,2.0,0.0,0.0,0.0,0.0,-0.5,1.0,1.0,1.0,0.0,0,LOSS,PRIMARY_CERTIFIED
867,2026-07-31,401857103,Jessica Shepard,AST,OVER,4.5,-142.5,0.5876288659793815,,UNKNOWN,3,5.333333333333333,0.4714045207910317,5.0,6.0,5.333333333333333,5.333333333333333,5.333333333333333,0.4714045207910317,0.4714045207910317,-0.5,-0.5,-0.833333333333333,1.0,1.0,1.0,8.0,1,WIN,PRIMARY_CERTIFIED
1008,2026-07-31,401857103,Michaela Onyenwere,AST,OVER,1.5,-188.0,0.6527777777777778,,UNKNOWN,0,,,,,,,,,,,,,,,,2.0,1,WIN,PRIMARY_CERTIFIED
1009,2026-07-31,401857103,Paige Bueckers,PA,UNDER,25.5,-106.5,0.5157384987893463,,UNKNOWN,0,,,,,,,,,,,,,,,,25.0,1,WIN,PRIMARY_CERTIFIED
878,2026-07-31,401857103,Paige Bueckers,PA,UNDER,26.5,-130.0,0.5652173913043478,,UNKNOWN,0,,,,,,,,,,,,,,,,25.0,1,WIN,PRIMARY_CERTIFIED
877,2026-07-31,401857103,Paige Bueckers,PRA,UNDER,30.5,-122.0,0.5495495495495496,,UNKNOWN,1,26.0,0.0,26.0,26.0,26.0,26.0,26.0,0.0,0.0,,,4.5,1.0,1.0,1.0,30.0,1,WIN,PRIMARY_CERTIFIED
863,2026-07-31,401857103,Paige Bueckers,RA,UNDER,10.5,-147.0,0.5951417004048583,,UNKNOWN,1,10.0,0.0,10.0,10.0,10.0,10.0,10.0,0.0,0.0,,,0.5,1.0,1.0,1.0,7.0,1,WIN,PRIMARY_CERTIFIED
859,2026-07-31,401857103,Paige Bueckers,REB,UNDER,4.5,-165.25,0.6229971724787936,,UNKNOWN,1,4.0,0.0,4.0,4.0,4.0,4.0,4.0,0.0,0.0,,,0.5,1.0,1.0,1.0,5.0,0,LOSS,PRIMARY_CERTIFIED
839,2026-07-31,401857104,Aliyah Boston,3PM,UNDER,1.5,-270.0,0.7297297297297297,,UNKNOWN,3,1.0,0.816496580927726,0.0,2.0,1.0,1.0,1.0,0.816496580927726,0.816496580927726,-0.5,-0.5,0.5,0.6666666666666666,0.6666666666666666,0.6666666666666666,0.0,1,WIN,PRIMARY_CERTIFIED
875,2026-07-31,401857104,Aliyah Boston,3PM,UNDER,1.5,-286.5,0.741267787839586,,UNKNOWN,3,1.0,0.816496580927726,0.0,2.0,1.0,1.0,1.0,0.816496580927726,0.816496580927726,-0.5,-0.5,0.5,0.6666666666666666,0.6666666666666666,0.6666666666666666,0.0,1,WIN,PRIMARY_CERTIFIED
818,2026-07-31,401857104,Aliyah Boston,RA,UNDER,11.5,-108.0,0.5192307692307693,,UNKNOWN,3,6.333333333333333,6.182412330330469,1.0,15.0,6.333333333333333,6.333333333333333,6.333333333333333,6.182412330330469,6.182412330330469,-6.0,-6.0,5.166666666666667,0.6666666666666666,0.6666666666666666,0.6666666666666666,15.0,0,LOSS,PRIMARY_CERTIFIED
855,2026-07-31,401857104,Aliyah Boston,RA,UNDER,11.5,-115.5,0.5359628770301624,,UNKNOWN,3,6.333333333333333,6.182412330330469,1.0,15.0,6.333333333333333,6.333333333333333,6.333333333333333,6.182412330330469,6.182412330330469,-6.0,-6.0,5.166666666666667,0.6666666666666666,0.6666666666666666,0.6666666666666666,15.0,0,LOSS,PRIMARY_CERTIFIED
832,2026-07-31,401857104,Aliyah Boston,REB,UNDER,8.5,-127.75,0.5609220636663008,,UNKNOWN,3,3.3333333333333335,2.6246692913372702,1.0,7.0,3.3333333333333335,3.3333333333333335,3.3333333333333335,2.6246692913372702,2.6246692913372702,-2.5,-2.5,5.166666666666666,1.0,1.0,1.0,9.0,0,LOSS,PRIMARY_CERTIFIED
866,2026-07-31,401857104,Aliyah Boston,REB,UNDER,8.5,-138.25,0.5802728226652676,,UNKNOWN,3,3.3333333333333335,2.6246692913372702,1.0,7.0,3.3333333333333335,3.3333333333333335,3.3333333333333335,2.6246692913372702,2.6246692913372702,-2.5,-2.5,5.166666666666666,1.0,1.0,1.0,9.0,0,LOSS,PRIMARY_CERTIFIED
830,2026-07-31,401857104,Bridget Carleton,RA,OVER,5.5,-158.0,0.6124031007751938,,UNKNOWN,0,,,,,,,,,,,,,,,,5.0,0,LOSS,PRIMARY_CERTIFIED
848,2026-07-31,401857104,Caitlin Clark,RA,UNDER,13.5,-140.5,0.5841995841995842,,UNKNOWN,0,,,,,,,,,,,,,,,,20.0,0,LOSS,PRIMARY_CERTIFIED
849,2026-07-31,401857104,Caitlin Clark,REB,UNDER,4.5,-180.0,0.6428571428571429,,UNKNOWN,1,2.0,0.0,2.0,2.0,2.0,2.0,2.0,0.0,0.0,,,2.5,1.0,1.0,1.0,10.0,0,LOSS,PRIMARY_CERTIFIED
851,2026-07-31,401857104,Kelsey Mitchell,AST,UNDER,3.5,-217.0,0.6845425867507886,,UNKNOWN,5,2.0,1.4142135623730951,0.0,4.0,1.0,2.0,2.0,1.4142135623730951,1.4142135623730951,-0.5,-0.5,1.5,0.8,0.8,0.8,2.0,1,WIN,PRIMARY_CERTIFIED
898,2026-08-01,401857105,Chelsea Gray,RA,UNDER,9.5,-112.0,0.5283018867924528,,UNKNOWN,1,7.0,0.0,7.0,7.0,7.0,7.0,7.0,0.0,0.0,,,2.5,1.0,1.0,1.0,10.0,0,LOSS,PRIMARY_CERTIFIED
892,2026-08-01,401857105,Elizabeth Williams,RA,UNDER,5.5,114.0,0.4672897196261682,,UNKNOWN,0,,,,,,,,,,,,,,,,4.0,1,WIN,PRIMARY_CERTIFIED
888,2026-08-01,401857105,Elizabeth Williams,REB,UNDER,4.5,-150.0,0.6,,UNKNOWN,0,,,,,,,,,,,,,,,,3.0,1,WIN,PRIMARY_CERTIFIED
900,2026-08-01,401857105,Jackie Young,REB,UNDER,3.5,112.5,0.47058823529411764,,UNKNOWN,2,1.5,0.5,1.0,2.0,1.5,1.5,1.5,0.5,0.5,1.0,1.0,2.0,1.0,1.0,1.0,11.0,0,LOSS,PRIMARY_CERTIFIED
889,2026-08-01,401857105,Kamilla Cardoso,RA,UNDER,10.5,-135.0,0.574468085106383,,UNKNOWN,2,8.5,5.5,3.0,14.0,8.5,8.5,8.5,5.5,5.5,11.0,11.0,2.0,0.5,0.5,0.5,14.0,0,LOSS,PRIMARY_CERTIFIED
908,2026-08-01,401857105,Kamilla Cardoso,REB,UNDER,7.5,56.5,0.6389776357827476,,UNKNOWN,4,6.0,3.082207001484488,3.0,11.0,7.0,6.0,6.0,3.082207001484488,3.082207001484488,0.2,0.2,1.5,0.75,0.75,0.75,12.0,0,LOSS,PRIMARY_CERTIFIED
885,2026-08-01,401857105,NaLyssa Smith,REB,UNDER,5.5,-114.25,0.5332555425904317,,UNKNOWN,2,4.0,1.0,3.0,5.0,4.0,4.0,4.0,1.0,1.0,-2.0,-2.0,1.5,1.0,1.0,1.0,6.0,0,LOSS,PRIMARY_CERTIFIED
909,2026-08-01,401857105,Natasha Cloud,3PM,UNDER,1.5,-223.5,0.6908809891808346,,UNKNOWN,1,0.0,0.0,0.0,0.0,0.0,0.0,0.0,0.0,0.0,,,1.5,1.0,1.0,1.0,2.0,0,LOSS,PRIMARY_CERTIFIED
907,2026-08-01,401857105,Natasha Cloud,PR,UNDER,13.5,-116.0,0.5370370370370371,,UNKNOWN,3,11.666666666666666,2.494438257849294,9.0,15.0,11.666666666666666,11.666666666666666,11.666666666666666,2.494438257849294,2.494438257849294,-2.0,-2.0,1.833333333333334,0.6666666666666666,0.6666666666666666,0.6666666666666666,12.0,1,WIN,PRIMARY_CERTIFIED
890,2026-08-01,401857105,Natasha Cloud,REB,UNDER,3.5,-168.33,0.6273245630380501,,UNKNOWN,3,3.3333333333333335,1.8856180831641267,2.0,6.0,3.3333333333333335,3.3333333333333335,3.3333333333333335,1.8856180831641267,1.8856180831641267,0.0,0.0,0.16666666666666652,0.6666666666666666,0.6666666666666666,0.6666666666666666,1.0,1,WIN,PRIMARY_CERTIFIED
881,2026-08-01,401857106,DeWanna Bonner,REB,OVER,5.5,-136.2,0.5766299745977984,,UNKNOWN,2,6.5,0.5,6.0,7.0,6.5,6.5,6.5,0.5,0.5,1.0,1.0,-1.0,1.0,1.0,1.0,7.0,1,WIN,PRIMARY_CERTIFIED
905,2026-08-01,401857106,Jonquel Jones,AST,OVER,2.5,57.25,0.6359300476947536,,UNKNOWN,3,3.0,1.4142135623730951,2.0,5.0,3.0,3.0,3.0,1.4142135623730951,1.4142135623730951,1.5,1.5,-0.5,0.3333333333333333,0.3333333333333333,0.3333333333333333,5.0,1,WIN,PRIMARY_CERTIFIED
901,2026-08-01,401857106,Monique Akoa Makani,AST,UNDER,2.5,-167.0,0.6254681647940075,,UNKNOWN,0,,,,,,,,,,,,,,,,3.0,0,LOSS,PRIMARY_CERTIFIED
911,2026-08-01,401857106,Natasha Mack,REB,UNDER,5.5,-120.5,0.546485260770975,,UNKNOWN,1,5.0,0.0,5.0,5.0,5.0,5.0,5.0,0.0,0.0,,,0.5,1.0,1.0,1.0,3.0,1,WIN,PRIMARY_CERTIFIED
883,2026-08-01,401857106,Pauline Astier,REB,UNDER,2.5,-233.0,0.6996996996996997,,UNKNOWN,4,1.5,0.5,1.0,2.0,1.3333333333333333,1.5,1.5,0.5,0.5,-0.4,-0.4,1.0,1.0,1.0,1.0,0.0,1,WIN,PRIMARY_CERTIFIED
899,2026-08-02,401857107,Aliyah Boston,PR,UNDER,24.5,-110.0,0.5238095238095238,,UNKNOWN,2,25.0,3.0,22.0,28.0,25.0,25.0,25.0,3.0,3.0,6.0,6.0,-0.5,0.5,0.5,0.5,23.0,1,WIN,PRIMARY_CERTIFIED
941,2026-08-02,401857107,Aliyah Boston,PR,UNDER,24.5,-115.0,0.5348837209302325,,UNKNOWN,2,25.0,3.0,22.0,28.0,25.0,25.0,25.0,3.0,3.0,6.0,6.0,-0.5,0.5,0.5,0.5,23.0,1,WIN,PRIMARY_CERTIFIED
896,2026-08-02,401857107,Aliyah Boston,PR,UNDER,25.5,-118.0,0.5412844036697247,,UNKNOWN,2,25.0,3.0,22.0,28.0,25.0,25.0,25.0,3.0,3.0,6.0,6.0,0.5,0.5,0.5,0.5,23.0,1,WIN,PRIMARY_CERTIFIED
940,2026-08-02,401857107,Aliyah Boston,PR,UNDER,25.5,-125.0,0.5555555555555556,,UNKNOWN,2,25.0,3.0,22.0,28.0,25.0,25.0,25.0,3.0,3.0,6.0,6.0,0.5,0.5,0.5,0.5,23.0,1,WIN,PRIMARY_CERTIFIED
948,2026-08-02,401857107,Aliyah Boston,PTS,UNDER,15.5,-108.5,0.5203836930455635,,UNKNOWN,3,18.666666666666668,2.8674417556808756,15.0,22.0,18.666666666666668,18.666666666666668,18.666666666666668,2.8674417556808756,2.8674417556808756,1.5,1.5,-3.166666666666668,0.3333333333333333,0.3333333333333333,0.3333333333333333,15.0,1,WIN,PRIMARY_CERTIFIED
906,2026-08-02,401857107,Aliyah Boston,PTS,UNDER,16.5,-123.33,0.5522321228675056,,UNKNOWN,3,18.666666666666668,2.8674417556808756,15.0,22.0,18.666666666666668,18.666666666666668,18.666666666666668,2.8674417556808756,2.8674417556808756,1.5,1.5,-2.166666666666668,0.3333333333333333,0.3333333333333333,0.3333333333333333,15.0,1,WIN,PRIMARY_CERTIFIED
947,2026-08-02,401857107,Aliyah Boston,PTS,UNDER,16.5,-123.5,0.5525727069351231,,UNKNOWN,3,18.666666666666668,2.8674417556808756,15.0,22.0,18.666666666666668,18.666666666666668,18.666666666666668,2.8674417556808756,2.8674417556808756,1.5,1.5,-2.166666666666668,0.3333333333333333,0.3333333333333333,0.3333333333333333,15.0,1,WIN,PRIMARY_CERTIFIED
904,2026-08-02,401857107,Caitlin Clark,REB,OVER,3.5,-157.0,0.6108949416342413,,UNKNOWN,2,6.0,4.0,2.0,10.0,6.0,6.0,6.0,4.0,4.0,8.0,8.0,-2.5,0.5,0.5,0.5,1.0,0,LOSS,PRIMARY_CERTIFIED
887,2026-08-02,401857107,Courtney Williams,AST,OVER,3.5,-162.67,0.6192941713937641,,UNKNOWN,2,6.0,1.0,5.0,7.0,6.0,6.0,6.0,1.0,1.0,-2.0,-2.0,-2.5,1.0,1.0,1.0,5.0,1,WIN,PRIMARY_CERTIFIED
922,2026-08-02,401857107,Courtney Williams,AST,OVER,3.5,-142.0,0.5867768595041323,,UNKNOWN,2,6.0,1.0,5.0,7.0,6.0,6.0,6.0,1.0,1.0,-2.0,-2.0,-2.5,1.0,1.0,1.0,5.0,1,WIN,PRIMARY_CERTIFIED
923,2026-08-02,401857107,Courtney Williams,RA,OVER,7.5,-148.0,0.5967741935483871,,UNKNOWN,2,8.0,2.0,6.0,10.0,8.0,8.0,8.0,2.0,2.0,-4.0,-4.0,-0.5,0.5,0.5,0.5,9.0,1,WIN,PRIMARY_CERTIFIED
910,2026-08-02,401857107,Courtney Williams,RA,UNDER,8.5,-138.5,0.5807127882599581,,UNKNOWN,2,8.0,2.0,6.0,10.0,8.0,8.0,8.0,2.0,2.0,-4.0,-4.0,0.5,0.5,0.5,0.5,9.0,0,LOSS,PRIMARY_CERTIFIED
951,2026-08-02,401857107,Courtney Williams,RA,UNDER,8.5,-132.0,0.5689655172413793,,UNKNOWN,2,8.0,2.0,6.0,10.0,8.0,8.0,8.0,2.0,2.0,-4.0,-4.0,0.5,0.5,0.5,0.5,9.0,0,LOSS,PRIMARY_CERTIFIED
894,2026-08-02,401857107,Courtney Williams,REB,UNDER,4.5,-162.0,0.6183206106870229,,UNKNOWN,0,,,,,,,,,,,,,,,,4.0,1,WIN,PRIMARY_CERTIFIED
935,2026-08-02,401857107,Courtney Williams,REB,UNDER,4.5,-153.25,0.6051332675222113,,UNKNOWN,0,,,,,,,,,,,,,,,,4.0,1,WIN,PRIMARY_CERTIFIED
893,2026-08-02,401857107,Kelsey Mitchell,AST,UNDER,2.5,-133.0,0.5708154506437768,,UNKNOWN,6,2.0,1.2909944487358056,0.0,4.0,1.6666666666666667,1.8,2.0,1.3266499161421599,1.2909944487358056,-0.20000000000000004,-0.2857142857142857,0.5,0.6666666666666666,0.8,0.6666666666666666,3.0,0,LOSS,PRIMARY_CERTIFIED
933,2026-08-02,401857107,Kelsey Mitchell,AST,UNDER,2.5,-118.0,0.5412844036697247,,UNKNOWN,6,2.0,1.2909944487358056,0.0,4.0,1.6666666666666667,1.8,2.0,1.3266499161421599,1.2909944487358056,-0.20000000000000004,-0.2857142857142857,0.5,0.6666666666666666,0.8,0.6666666666666666,3.0,0,LOSS,PRIMARY_CERTIFIED
884,2026-08-02,401857108,Ariel Atkins,AST,OVER,2.5,-117.5,0.5402298850574713,,UNKNOWN,0,,,,,,,,,,,,,,,,6.0,1,WIN,PRIMARY_CERTIFIED
921,2026-08-02,401857108,Ariel Atkins,AST,OVER,2.5,-174.25,0.6353691886964449,,UNKNOWN,0,,,,,,,,,,,,,,,,6.0,1,WIN,PRIMARY_CERTIFIED
913,2026-08-02,401857108,Cameron Brink,PTS,UNDER,11.5,-115.0,0.5348837209302325,,UNKNOWN,1,10.0,0.0,10.0,10.0,10.0,10.0,10.0,0.0,0.0,,,1.5,1.0,1.0,1.0,7.0,1,WIN,PRIMARY_CERTIFIED
950,2026-08-02,401857108,Emily Engstler,PRA,UNDER,17.5,31.67,0.7594744436849699,,UNKNOWN,0,,,,,,,,,,,,,,,,12.0,1,WIN,PRIMARY_CERTIFIED
949,2026-08-02,401857108,Nneka Ogwumike,PR,UNDER,26.5,-115.0,0.5348837209302325,,UNKNOWN,1,27.0,0.0,27.0,27.0,27.0,27.0,27.0,0.0,0.0,,,-0.5,0.0,0.0,0.0,32.0,0,LOSS,PRIMARY_CERTIFIED
886,2026-08-02,401857108,Nneka Ogwumike,RA,OVER,11.5,1.5,0.9852216748768473,,UNKNOWN,1,13.0,0.0,13.0,13.0,13.0,13.0,13.0,0.0,0.0,,,-1.5,1.0,1.0,1.0,12.0,1,WIN,PRIMARY_CERTIFIED
882,2026-08-02,401857108,Rae Burrell,RA,OVER,4.5,-136.0,0.576271186440678,,UNKNOWN,0,,,,,,,,,,,,,,,,6.0,1,WIN,PRIMARY_CERTIFIED
916,2026-08-02,401857109,Charlisse Leger-Walker,PA,UNDER,12.5,-128.0,0.5614035087719298,,UNKNOWN,4,9.5,2.692582403567252,5.0,12.0,9.0,9.5,9.5,2.692582403567252,2.692582403567252,-0.2,-0.2,3.0,1.0,1.0,1.0,2.0,1,WIN,PRIMARY_CERTIFIED
931,2026-08-02,401857109,Charlisse Leger-Walker,PRA,UNDER,14.5,-129.0,0.5633187772925764,,UNKNOWN,4,12.0,3.0,7.0,15.0,11.0,12.0,12.0,3.0,3.0,-1.2,-1.2,2.5,0.75,0.75,0.75,2.0,1,WIN,PRIMARY_CERTIFIED
915,2026-08-02,401857109,Charlisse Leger-Walker,PRA,UNDER,15.5,-133.0,0.5708154506437768,,UNKNOWN,4,12.0,3.0,7.0,15.0,11.0,12.0,12.0,3.0,3.0,-1.2,-1.2,3.5,1.0,1.0,1.0,2.0,1,WIN,PRIMARY_CERTIFIED
903,2026-08-02,401857109,Paige Bueckers,PA,UNDER,26.5,-121.0,0.5475113122171946,,UNKNOWN,1,25.0,0.0,25.0,25.0,25.0,25.0,25.0,0.0,0.0,,,1.5,1.0,1.0,1.0,10.0,1,WIN,PRIMARY_CERTIFIED
943,2026-08-02,401857109,Paige Bueckers,PA,UNDER,27.5,-119.5,0.5444191343963554,,UNKNOWN,1,25.0,0.0,25.0,25.0,25.0,25.0,25.0,0.0,0.0,,,2.5,1.0,1.0,1.0,10.0,1,WIN,PRIMARY_CERTIFIED
902,2026-08-02,401857109,Paige Bueckers,PRA,UNDER,30.5,-113.0,0.5305164319248826,,UNKNOWN,2,28.0,2.0,26.0,30.0,28.0,28.0,28.0,2.0,2.0,4.0,4.0,2.5,1.0,1.0,1.0,13.0,1,WIN,PRIMARY_CERTIFIED
945,2026-08-02,401857109,Paige Bueckers,PRA,UNDER,31.5,-118.0,0.5412844036697247,,UNKNOWN,2,28.0,2.0,26.0,30.0,28.0,28.0,28.0,2.0,2.0,4.0,4.0,3.5,1.0,1.0,1.0,13.0,1,WIN,PRIMARY_CERTIFIED
936,2026-08-02,401857109,Paige Bueckers,PRA,UNDER,32.5,-127.0,0.5594713656387665,,UNKNOWN,2,28.0,2.0,26.0,30.0,28.0,28.0,28.0,2.0,2.0,4.0,4.0,4.5,1.0,1.0,1.0,13.0,1,WIN,PRIMARY_CERTIFIED
929,2026-08-02,401857109,Paige Bueckers,RA,UNDER,10.5,-137.5,0.5789473684210527,,UNKNOWN,2,8.5,1.5,7.0,10.0,8.5,8.5,8.5,1.5,1.5,-3.0,-3.0,2.0,1.0,1.0,1.0,7.0,1,WIN,PRIMARY_CERTIFIED
895,2026-08-02,401857110,Janelle Salaun,3PM,UNDER,2.5,-200.0,0.6666666666666666,,UNKNOWN,3,1.6666666666666667,0.4714045207910317,1.0,2.0,1.6666666666666667,1.6666666666666667,1.6666666666666667,0.4714045207910317,0.4714045207910317,0.0,0.0,0.8333333333333333,1.0,1.0,1.0,4.0,0,LOSS,PRIMARY_CERTIFIED
937,2026-08-02,401857110,Janelle Salaun,3PM,UNDER,2.5,-195.75,0.661876584953508,,UNKNOWN,3,1.6666666666666667,0.4714045207910317,1.0,2.0,1.6666666666666667,1.6666666666666667,1.6666666666666667,0.4714045207910317,0.4714045207910317,0.0,0.0,0.8333333333333333,1.0,1.0,1.0,4.0,0,LOSS,PRIMARY_CERTIFIED
897,2026-08-02,401857110,Janelle Salaun,PR,UNDER,15.5,-104.0,0.5098039215686274,,UNKNOWN,1,15.0,0.0,15.0,15.0,15.0,15.0,15.0,0.0,0.0,,,0.5,1.0,1.0,1.0,27.0,0,LOSS,PRIMARY_CERTIFIED
891,2026-08-02,401857110,Janelle Salaun,PR,UNDER,16.5,-132.0,0.5689655172413793,,UNKNOWN,1,15.0,0.0,15.0,15.0,15.0,15.0,15.0,0.0,0.0,,,1.5,1.0,1.0,1.0,27.0,0,LOSS,PRIMARY_CERTIFIED
928,2026-08-02,401857110,Janelle Salaun,PR,UNDER,16.5,-122.5,0.550561797752809,,UNKNOWN,1,15.0,0.0,15.0,15.0,15.0,15.0,15.0,0.0,0.0,,,1.5,1.0,1.0,1.0,27.0,0,LOSS,PRIMARY_CERTIFIED
926,2026-08-02,401857110,Janelle Salaun,PRA,UNDER,18.5,-124.0,0.5535714285714286,,UNKNOWN,0,,,,,,,,,,,,,,,,29.0,0,LOSS,PRIMARY_CERTIFIED
1006,2026-08-02,401857110,Laura Juskaite,REB,OVER,3.5,-167.0,0.6254681647940075,,UNKNOWN,3,3.6666666666666665,0.4714045207910317,3.0,4.0,3.6666666666666665,3.6666666666666665,3.6666666666666665,0.4714045207910317,0.4714045207910317,-0.5,-0.5,-0.16666666666666652,0.6666666666666666,0.6666666666666666,0.6666666666666666,4.0,1,WIN,PRIMARY_CERTIFIED
920,2026-08-02,401857110,Nyara Sabally,REB,UNDER,4.5,-142.0,0.5867768595041323,,UNKNOWN,1,1.0,0.0,1.0,1.0,1.0,1.0,1.0,0.0,0.0,,,3.5,1.0,1.0,1.0,8.0,0,LOSS,PRIMARY_CERTIFIED
967,2026-08-02,401857110,Veronica Burton,RA,UNDER,9.5,-119.5,0.5444191343963554,,UNKNOWN,1,16.0,0.0,16.0,16.0,16.0,16.0,16.0,0.0,0.0,,,-6.5,0.0,0.0,0.0,8.0,1,WIN,PRIMARY_CERTIFIED
999,2026-08-02,401857110,Veronica Burton,RA,UNDER,9.5,-121.5,0.5485327313769752,,UNKNOWN,1,16.0,0.0,16.0,16.0,16.0,16.0,16.0,0.0,0.0,,,-6.5,0.0,0.0,0.0,8.0,1,WIN,PRIMARY_CERTIFIED
973,2026-08-02,401857110,Veronica Burton,REB,UNDER,3.5,-148.67,0.5978606184903688,,UNKNOWN,1,5.0,0.0,5.0,5.0,5.0,5.0,5.0,0.0,0.0,,,-1.5,0.0,0.0,0.0,2.0,1,WIN,PRIMARY_CERTIFIED
1002,2026-08-02,401857110,Veronica Burton,REB,UNDER,3.5,-142.75,0.588053553038105,,UNKNOWN,1,5.0,0.0,5.0,5.0,5.0,5.0,5.0,0.0,0.0,,,-1.5,0.0,0.0,0.0,2.0,1,WIN,PRIMARY_CERTIFIED
939,2026-08-03,401857111,Allisha Gray,AST,UNDER,2.5,-132.0,0.5689655172413793,,UNKNOWN,0,,,,,,,,,,,,,,,,2.0,1,WIN,PRIMARY_CERTIFIED
974,2026-08-03,401857111,Allisha Gray,AST,UNDER,2.5,-126.67,0.5588300172056293,,UNKNOWN,0,,,,,,,,,,,,,,,,2.0,1,WIN,PRIMARY_CERTIFIED
930,2026-08-03,401857111,Allisha Gray,RA,UNDER,5.5,112.5,0.47058823529411764,,UNKNOWN,0,,,,,,,,,,,,,,,,3.0,1,WIN,PRIMARY_CERTIFIED
969,2026-08-03,401857111,Allisha Gray,RA,UNDER,5.5,105.0,0.4878048780487805,,UNKNOWN,0,,,,,,,,,,,,,,,,3.0,1,WIN,PRIMARY_CERTIFIED
924,2026-08-03,401857111,Allisha Gray,REB,UNDER,3.5,-133.5,0.5717344753747323,,UNKNOWN,2,4.5,1.5,3.0,6.0,4.5,4.5,4.5,1.5,1.5,3.0,3.0,-1.0,0.5,0.5,0.5,1.0,1,WIN,PRIMARY_CERTIFIED
964,2026-08-03,401857111,Allisha Gray,REB,UNDER,3.5,-147.25,0.5955510616784631,,UNKNOWN,2,4.5,1.5,3.0,6.0,4.5,4.5,4.5,1.5,1.5,3.0,3.0,-1.0,0.5,0.5,0.5,1.0,1,WIN,PRIMARY_CERTIFIED
955,2026-08-03,401857111,Brionna Jones,PRA,UNDER,19.5,-120.67,0.5468346399601214,,UNKNOWN,0,,,,,,,,,,,,,,,,16.0,1,WIN,PRIMARY_CERTIFIED
971,2026-08-03,401857111,Jordin Canada,3PM,UNDER,0.5,-103.5,0.5085995085995086,,UNKNOWN,1,0.0,0.0,0.0,0.0,0.0,0.0,0.0,0.0,0.0,,,0.5,1.0,1.0,1.0,0.0,1,WIN,PRIMARY_CERTIFIED
912,2026-08-03,401857111,Jordin Canada,AST,OVER,7.5,-146.0,0.5934959349593496,,UNKNOWN,1,8.0,0.0,8.0,8.0,8.0,8.0,8.0,0.0,0.0,,,-0.5,1.0,1.0,1.0,7.0,0,LOSS,PRIMARY_CERTIFIED
952,2026-08-03,401857111,Jordin Canada,AST,OVER,7.5,-147.0,0.5951417004048583,,UNKNOWN,1,8.0,0.0,8.0,8.0,8.0,8.0,8.0,0.0,0.0,,,-0.5,1.0,1.0,1.0,7.0,0,LOSS,PRIMARY_CERTIFIED
932,2026-08-03,401857111,Jordin Canada,PR,UNDER,14.5,-120.0,0.5454545454545454,,UNKNOWN,0,,,,,,,,,,,,,,,,9.0,1,WIN,PRIMARY_CERTIFIED
970,2026-08-03,401857111,Jordin Canada,PR,UNDER,14.5,-125.5,0.5565410199556541,,UNKNOWN,0,,,,,,,,,,,,,,,,9.0,1,WIN,PRIMARY_CERTIFIED
934,2026-08-03,401857111,Jordin Canada,PTS,UNDER,10.5,-120.5,0.546485260770975,,UNKNOWN,0,,,,,,,,,,,,,,,,7.0,1,WIN,PRIMARY_CERTIFIED
972,2026-08-03,401857111,Jordin Canada,PTS,UNDER,10.5,-115.0,0.5348837209302325,,UNKNOWN,0,,,,,,,,,,,,,,,,7.0,1,WIN,PRIMARY_CERTIFIED
976,2026-08-03,401857111,Naz Hillmon,REB,UNDER,3.5,-150.0,0.6,,UNKNOWN,0,,,,,,,,,,,,,,,,1.0,1,WIN,PRIMARY_CERTIFIED
918,2026-08-03,401857111,Rhyne Howard,PA,UNDER,20.5,-124.0,0.5535714285714286,,UNKNOWN,6,14.166666666666666,1.7716909687891083,11.0,17.0,13.0,14.2,14.166666666666666,1.9390719429665315,1.7716909687891083,-0.5,-0.2571428571428571,6.333333333333334,1.0,1.0,1.0,21.0,0,LOSS,PRIMARY_CERTIFIED
957,2026-08-03,401857111,Rhyne Howard,PA,UNDER,20.5,-117.5,0.5402298850574713,,UNKNOWN,6,14.166666666666666,1.7716909687891083,11.0,17.0,13.0,14.2,14.166666666666666,1.9390719429665315,1.7716909687891083,-0.5,-0.2571428571428571,6.333333333333334,1.0,1.0,1.0,21.0,0,LOSS,PRIMARY_CERTIFIED
917,2026-08-03,401857111,Rhyne Howard,PR,UNDER,20.5,-119.5,0.5444191343963554,,UNKNOWN,5,13.2,1.9390719429665315,11.0,16.0,12.0,13.2,13.2,1.9390719429665315,1.9390719429665315,-1.0,-1.0,7.300000000000001,1.0,1.0,1.0,20.0,1,WIN,PRIMARY_CERTIFIED
954,2026-08-03,401857111,Rhyne Howard,PR,UNDER,20.5,-120.5,0.546485260770975,,UNKNOWN,5,13.2,1.9390719429665315,11.0,16.0,12.0,13.2,13.2,1.9390719429665315,1.9390719429665315,-1.0,-1.0,7.300000000000001,1.0,1.0,1.0,20.0,1,WIN,PRIMARY_CERTIFIED
919,2026-08-03,401857111,Rhyne Howard,PRA,UNDER,24.5,-126.0,0.5575221238938053,,UNKNOWN,6,18.333333333333332,2.8087165910587863,14.0,23.0,16.333333333333332,18.2,18.333333333333332,3.059411708155671,2.8087165910587863,-1.0,-0.6857142857142857,6.166666666666668,1.0,1.0,1.0,22.0,1,WIN,PRIMARY_CERTIFIED
960,2026-08-03,401857111,Rhyne Howard,PRA,UNDER,24.5,-124.67,0.5549027462500556,,UNKNOWN,6,18.333333333333332,2.8087165910587863,14.0,23.0,16.333333333333332,18.2,18.333333333333332,3.059411708155671,2.8087165910587863,-1.0,-0.6857142857142857,6.166666666666668,1.0,1.0,1.0,22.0,1,WIN,PRIMARY_CERTIFIED
914,2026-08-03,401857111,Rhyne Howard,PTS,UNDER,16.5,-115.5,0.5359628770301624,,UNKNOWN,5,9.4,1.019803902718557,8.0,11.0,8.666666666666666,9.4,9.4,1.019803902718557,1.019803902718557,-0.5,-0.5,7.1,1.0,1.0,1.0,19.0,0,LOSS,PRIMARY_CERTIFIED
953,2026-08-03,401857111,Rhyne Howard,PTS,UNDER,16.5,-111.0,0.5260663507109005,,UNKNOWN,5,9.4,1.019803902718557,8.0,11.0,8.666666666666666,9.4,9.4,1.019803902718557,1.019803902718557,-0.5,-0.5,7.1,1.0,1.0,1.0,19.0,0,LOSS,PRIMARY_CERTIFIED
977,2026-08-03,401857112,Awa Fam,AST,UNDER,2.5,-155.0,0.6078431372549019,,UNKNOWN,0,,,,,,,,,,,,,,,,1.0,1,WIN,PRIMARY_CERTIFIED
962,2026-08-03,401857112,Awa Fam,PA,UNDER,14.5,-127.0,0.5594713656387665,,UNKNOWN,2,13.0,4.0,9.0,17.0,13.0,13.0,13.0,4.0,4.0,-8.0,-8.0,1.5,0.5,0.5,0.5,5.0,1,WIN,PRIMARY_CERTIFIED
1004,2026-08-03,401857112,Awa Fam,PTS,UNDER,9.5,-124.75,0.5550611790878754,,UNKNOWN,2,11.0,3.0,8.0,14.0,11.0,11.0,11.0,3.0,3.0,-6.0,-6.0,-1.5,0.5,0.5,0.5,4.0,1,WIN,PRIMARY_CERTIFIED
927,2026-08-03,401857112,Awa Fam,PTS,UNDER,11.5,-115.0,0.5348837209302325,,UNKNOWN,2,11.0,3.0,8.0,14.0,11.0,11.0,11.0,3.0,3.0,-6.0,-6.0,0.5,0.5,0.5,0.5,4.0,1,WIN,PRIMARY_CERTIFIED
965,2026-08-03,401857112,Awa Fam,PTS,UNDER,11.5,-112.0,0.5283018867924528,,UNKNOWN,2,11.0,3.0,8.0,14.0,11.0,11.0,11.0,3.0,3.0,-6.0,-6.0,0.5,0.5,0.5,0.5,4.0,1,WIN,PRIMARY_CERTIFIED
987,2026-08-03,401857112,Awa Fam,REB,OVER,5.5,-127.0,0.5594713656387665,,UNKNOWN,3,5.666666666666667,0.9428090415820634,5.0,7.0,5.666666666666667,5.666666666666667,5.666666666666667,0.9428090415820634,0.9428090415820634,0.0,0.0,-0.16666666666666696,0.3333333333333333,0.3333333333333333,0.3333333333333333,9.0,1,WIN,PRIMARY_CERTIFIED
958,2026-08-03,401857112,Dominique Malonga,RA,OVER,9.5,-135.0,0.574468085106383,,UNKNOWN,1,14.0,0.0,14.0,14.0,14.0,14.0,14.0,0.0,0.0,,,-4.5,1.0,1.0,1.0,7.0,0,LOSS,PRIMARY_CERTIFIED
959,2026-08-03,401857112,Dominique Malonga,REB,OVER,8.5,108.6,0.4793863854266539,,UNKNOWN,2,12.5,0.5,12.0,13.0,12.5,12.5,12.5,0.5,0.5,1.0,1.0,-4.0,1.0,1.0,1.0,6.0,0,LOSS,PRIMARY_CERTIFIED
925,2026-08-03,401857112,Flau'jae Johnson,3PM,UNDER,1.5,-200.5,0.6672212978369384,,UNKNOWN,1,5.0,0.0,5.0,5.0,5.0,5.0,5.0,0.0,0.0,,,-3.5,0.0,0.0,0.0,2.0,0,LOSS,PRIMARY_CERTIFIED
963,2026-08-03,401857112,Flau'jae Johnson,3PM,UNDER,1.5,-172.5,0.6330275229357798,,UNKNOWN,1,5.0,0.0,5.0,5.0,5.0,5.0,5.0,0.0,0.0,,,-3.5,0.0,0.0,0.0,2.0,0,LOSS,PRIMARY_CERTIFIED
992,2026-08-03,401857112,Flau'jae Johnson,RA,UNDER,7.5,-115.5,0.5359628770301624,,UNKNOWN,0,,,,,,,,,,,,,,,,6.0,1,WIN,PRIMARY_CERTIFIED
988,2026-08-03,401857112,Flau'jae Johnson,REB,UNDER,4.5,-117.75,0.5407577497129736,,UNKNOWN,1,6.0,0.0,6.0,6.0,6.0,6.0,6.0,0.0,0.0,,,-1.5,0.0,0.0,0.0,3.0,1,WIN,PRIMARY_CERTIFIED
944,2026-08-03,401857112,Jonquel Jones,3PM,UNDER,1.5,-4.0,0.038461538461538464,,UNKNOWN,0,,,,,,,,,,,,,,,,4.0,0,LOSS,PRIMARY_CERTIFIED
980,2026-08-03,401857112,Jonquel Jones,3PM,UNDER,1.5,103.0,0.49261083743842365,,UNKNOWN,0,,,,,,,,,,,,,,,,4.0,0,LOSS,PRIMARY_CERTIFIED
938,2026-08-03,401857112,Jonquel Jones,AST,OVER,2.5,-152.0,0.6031746031746031,,UNKNOWN,4,3.5,1.5,2.0,5.0,4.0,3.5,3.5,1.5,1.5,1.2,1.2,-1.0,0.5,0.5,0.5,2.0,0,LOSS,PRIMARY_CERTIFIED
975,2026-08-03,401857112,Jonquel Jones,AST,OVER,2.5,-154.25,0.6066863323500492,,UNKNOWN,4,3.5,1.5,2.0,5.0,4.0,3.5,3.5,1.5,1.5,1.2,1.2,-1.0,0.5,0.5,0.5,2.0,0,LOSS,PRIMARY_CERTIFIED
946,2026-08-03,401857112,Jonquel Jones,REB,UNDER,9.5,-141.0,0.5850622406639004,,UNKNOWN,0,,,,,,,,,,,,,,,,7.0,1,WIN,PRIMARY_CERTIFIED
979,2026-08-03,401857112,Jonquel Jones,REB,UNDER,9.5,-152.0,0.6031746031746031,,UNKNOWN,0,,,,,,,,,,,,,,,,7.0,1,WIN,PRIMARY_CERTIFIED
966,2026-08-03,401857112,Natisha Hiedeman,AST,UNDER,5.5,-127.75,0.5609220636663008,,UNKNOWN,3,4.666666666666667,2.3570226039551585,3.0,8.0,4.666666666666667,4.666666666666667,4.666666666666667,2.3570226039551585,2.3570226039551585,2.5,2.5,0.833333333333333,0.6666666666666666,0.6666666666666666,0.6666666666666666,7.0,0,LOSS,PRIMARY_CERTIFIED
1000,2026-08-03,401857112,Natisha Hiedeman,RA,OVER,7.5,-140.0,0.5833333333333334,,UNKNOWN,0,,,,,,,,,,,,,,,,8.0,1,WIN,PRIMARY_CERTIFIED
968,2026-08-03,401857112,Rebecca Allen,REB,UNDER,2.5,115.0,0.46511627906976744,,UNKNOWN,0,,,,,,,,,,,,,,,,5.0,0,LOSS,PRIMARY_CERTIFIED
956,2026-08-03,401857112,Rebecca Allen,REB,UNDER,3.5,-227.0,0.6941896024464832,,UNKNOWN,0,,,,,,,,,,,,,,,,5.0,0,LOSS,PRIMARY_CERTIFIED
961,2026-08-03,401857113,DeWanna Bonner,RA,OVER,7.5,-134.0,0.5726495726495726,,UNKNOWN,0,,,,,,,,,,,,,,,,12.0,1,WIN,PRIMARY_CERTIFIED
978,2026-08-03,401857113,Natasha Cloud,PR,UNDER,13.5,-122.0,0.5495495495495496,,UNKNOWN,4,11.75,2.165063509461097,9.0,15.0,10.666666666666666,11.75,11.75,2.165063509461097,2.165063509461097,-0.7,-0.7,1.75,0.75,0.75,0.75,18.0,0,LOSS,PRIMARY_CERTIFIED
