prediction_id,ranking_key,prediction_generated_at_utc,date,game,player,stat,side,issued_line,issued_odds,issued_book,issued_implied_probability,v5_probability,close_snapshot_id,close_captured_at_utc,close_minutes_to_tip,close_line,close_odds,close_book,close_book_key,close_market_key,close_implied_probability,line_clv,price_clv_probability,market_probability_shift,v5_edge_at_close,same_book_close,same_line_close,clv_evidence_class,outcome,actual
2026-08-13|breanna stewart|los angeles sparks @ new york liberty|reb|over|2026-08-13T22:14:23.905058+00:00|0.326781,2026-08-13|breanna stewart|los angeles sparks @ new york liberty|reb|over,2026-08-13T22:14:23.905058+00:00,2026-08-13,Los Angeles Sparks @ New York Liberty,Breanna Stewart,REB,OVER,7.5,-141.0,Caesars,0.585062,0.326781,8be5482f4b824152ca3bc59a,2026-08-14T00:02:58.347544+00:00,7.03,8.5,-102.0,DraftKings,draftkings,player_rebounds,0.50495,1.0,-0.080112,-0.080112,-0.178169,False,False,EXPLICIT_MARKET_CLOSE,PENDING,
2026-08-13|breanna stewart|los angeles sparks @ new york liberty|reb|over|2026-08-13T22:14:23.905058+00:00|0.204129,2026-08-13|breanna stewart|los angeles sparks @ new york liberty|reb|over,2026-08-13T22:14:23.905058+00:00,2026-08-13,Los Angeles Sparks @ New York Liberty,Breanna Stewart,REB,OVER,8.5,108.0,BetRivers,0.480769,0.204129,8be5482f4b824152ca3bc59a,2026-08-14T00:02:58.347544+00:00,7.03,8.5,-102.0,DraftKings,draftkings,player_rebounds,0.50495,0.0,0.024181,0.024181,-0.300821,False,True,EXPLICIT_MARKET_CLOSE,PENDING,
2026-08-13|breanna stewart|los angeles sparks @ new york liberty|reb|over|2026-08-13T22:26:02.084717+00:00|0.326781,2026-08-13|breanna stewart|los angeles sparks @ new york liberty|reb|over,2026-08-13T22:26:02.084717+00:00,2026-08-13,Los Angeles Sparks @ New York Liberty,Breanna Stewart,REB,OVER,7.5,-141.0,Caesars,0.585062,0.326781,8be5482f4b824152ca3bc59a,2026-08-14T00:02:58.347544+00:00,7.03,8.5,-102.0,DraftKings,draftkings,player_rebounds,0.50495,1.0,-0.080112,-0.080112,-0.178169,False,False,EXPLICIT_MARKET_CLOSE,PENDING,
2026-08-13|breanna stewart|los angeles sparks @ new york liberty|reb|over|2026-08-13T22:26:02.084717+00:00|0.204129,2026-08-13|breanna stewart|los angeles sparks @ new york liberty|reb|over,2026-08-13T22:26:02.084717+00:00,2026-08-13,Los Angeles Sparks @ New York Liberty,Breanna Stewart,REB,OVER,8.5,108.0,BetRivers,0.480769,0.204129,8be5482f4b824152ca3bc59a,2026-08-14T00:02:58.347544+00:00,7.03,8.5,-102.0,DraftKings,draftkings,player_rebounds,0.50495,0.0,0.024181,0.024181,-0.300821,False,True,EXPLICIT_MARKET_CLOSE,PENDING,
2026-08-13|breanna stewart|los angeles sparks @ new york liberty|reb|over|2026-08-13T23:01:54.176482+00:00|0.326781,2026-08-13|breanna stewart|los angeles sparks @ new york liberty|reb|over,2026-08-13T23:01:54.176482+00:00,2026-08-13,Los Angeles Sparks @ New York Liberty,Breanna Stewart,REB,OVER,7.5,-141.0,Caesars,0.585062,0.326781,8be5482f4b824152ca3bc59a,2026-08-14T00:02:58.347544+00:00,7.03,8.5,-102.0,DraftKings,draftkings,player_rebounds,0.50495,1.0,-0.080112,-0.080112,-0.178169,False,False,EXPLICIT_MARKET_CLOSE,PENDING,
2026-08-13|breanna stewart|los angeles sparks @ new york liberty|reb|over|2026-08-13T23:01:54.176482+00:00|0.204129,2026-08-13|breanna stewart|los angeles sparks @ new york liberty|reb|over,2026-08-13T23:01:54.176482+00:00,2026-08-13,Los Angeles Sparks @ New York Liberty,Breanna Stewart,REB,OVER,8.5,108.0,BetRivers,0.480769,0.204129,8be5482f4b824152ca3bc59a,2026-08-14T00:02:58.347544+00:00,7.03,8.5,-102.0,DraftKings,draftkings,player_rebounds,0.50495,0.0,0.024181,0.024181,-0.300821,False,True,EXPLICIT_MARKET_CLOSE,PENDING,
2026-08-13|breanna stewart|los angeles sparks @ new york liberty|reb|over|2026-08-13T23:26:09.905124+00:00|0.326781,2026-08-13|breanna stewart|los angeles sparks @ new york liberty|reb|over,2026-08-13T23:26:09.905124+00:00,2026-08-13,Los Angeles Sparks @ New York Liberty,Breanna Stewart,REB,OVER,7.5,-141.0,Caesars,0.585062,0.326781,8be5482f4b824152ca3bc59a,2026-08-14T00:02:58.347544+00:00,7.03,8.5,-102.0,DraftKings,draftkings,player_rebounds,0.50495,1.0,-0.080112,-0.080112,-0.178169,False,False,EXPLICIT_MARKET_CLOSE,PENDING,
2026-08-13|breanna stewart|los angeles sparks @ new york liberty|reb|over|2026-08-13T23:26:09.905124+00:00|0.204129,2026-08-13|breanna stewart|los angeles sparks @ new york liberty|reb|over,2026-08-13T23:26:09.905124+00:00,2026-08-13,Los Angeles Sparks @ New York Liberty,Breanna Stewart,REB,OVER,8.5,108.0,BetRivers,0.480769,0.204129,8be5482f4b824152ca3bc59a,2026-08-14T00:02:58.347544+00:00,7.03,8.5,-102.0,DraftKings,draftkings,player_rebounds,0.50495,0.0,0.024181,0.024181,-0.300821,False,True,EXPLICIT_MARKET_CLOSE,PENDING,
2026-08-13|breanna stewart|los angeles sparks @ new york liberty|reb|over|2026-08-14T00:02:58.076237+00:00|0.326781,2026-08-13|breanna stewart|los angeles sparks @ new york liberty|reb|over,2026-08-14T00:02:58.076237+00:00,2026-08-13,Los Angeles Sparks @ New York Liberty,Breanna Stewart,REB,OVER,7.5,-141.0,Caesars,0.585062,0.326781,8be5482f4b824152ca3bc59a,2026-08-14T00:02:58.347544+00:00,7.03,8.5,-102.0,DraftKings,draftkings,player_rebounds,0.50495,1.0,-0.080112,-0.080112,-0.178169,False,False,EXPLICIT_MARKET_CLOSE,PENDING,
2026-08-13|breanna stewart|los angeles sparks @ new york liberty|reb|over|2026-08-14T00:02:58.076237+00:00|0.204129,2026-08-13|breanna stewart|los angeles sparks @ new york liberty|reb|over,2026-08-14T00:02:58.076237+00:00,2026-08-13,Los Angeles Sparks @ New York Liberty,Breanna Stewart,REB,OVER,8.5,108.0,BetRivers,0.480769,0.204129,8be5482f4b824152ca3bc59a,2026-08-14T00:02:58.347544+00:00,7.03,8.5,-102.0,DraftKings,draftkings,player_rebounds,0.50495,0.0,0.024181,0.024181,-0.300821,False,True,EXPLICIT_MARKET_CLOSE,PENDING,
2026-08-13|breanna stewart|los angeles sparks @ new york liberty|reb|over|2026-08-14T00:44:50.692907+00:00|0.326781,2026-08-13|breanna stewart|los angeles sparks @ new york liberty|reb|over,2026-08-14T00:44:50.692907+00:00,2026-08-13,Los Angeles Sparks @ New York Liberty,Breanna Stewart,REB,OVER,7.5,-141.0,Caesars,0.585062,0.326781,8be5482f4b824152ca3bc59a,2026-08-14T00:02:58.347544+00:00,7.03,8.5,-102.0,DraftKings,draftkings,player_rebounds,0.50495,1.0,-0.080112,-0.080112,-0.178169,False,False,EXPLICIT_MARKET_CLOSE,PENDING,
2026-08-13|breanna stewart|los angeles sparks @ new york liberty|reb|over|2026-08-14T00:44:50.692907+00:00|0.204129,2026-08-13|breanna stewart|los angeles sparks @ new york liberty|reb|over,2026-08-14T00:44:50.692907+00:00,2026-08-13,Los Angeles Sparks @ New York Liberty,Breanna Stewart,REB,OVER,8.5,108.0,BetRivers,0.480769,0.204129,8be5482f4b824152ca3bc59a,2026-08-14T00:02:58.347544+00:00,7.03,8.5,-102.0,DraftKings,draftkings,player_rebounds,0.50495,0.0,0.024181,0.024181,-0.300821,False,True,EXPLICIT_MARKET_CLOSE,PENDING,
2026-08-13|breanna stewart|los angeles sparks @ new york liberty|reb|over|2026-08-14T02:45:53.180345+00:00|0.326781,2026-08-13|breanna stewart|los angeles sparks @ new york liberty|reb|over,2026-08-14T02:45:53.180345+00:00,2026-08-13,Los Angeles Sparks @ New York Liberty,Breanna Stewart,REB,OVER,7.5,-141.0,Caesars,0.585062,0.326781,8be5482f4b824152ca3bc59a,2026-08-14T00:02:58.347544+00:00,7.03,8.5,-102.0,DraftKings,draftkings,player_rebounds,0.50495,1.0,-0.080112,-0.080112,-0.178169,False,False,EXPLICIT_MARKET_CLOSE,PENDING,
2026-08-13|breanna stewart|los angeles sparks @ new york liberty|reb|over|2026-08-14T02:45:53.180345+00:00|0.204129,2026-08-13|breanna stewart|los angeles sparks @ new york liberty|reb|over,2026-08-14T02:45:53.180345+00:00,2026-08-13,Los Angeles Sparks @ New York Liberty,Breanna Stewart,REB,OVER,8.5,108.0,BetRivers,0.480769,0.204129,8be5482f4b824152ca3bc59a,2026-08-14T00:02:58.347544+00:00,7.03,8.5,-102.0,DraftKings,draftkings,player_rebounds,0.50495,0.0,0.024181,0.024181,-0.300821,False,True,EXPLICIT_MARKET_CLOSE,PENDING,
2026-08-13|breanna stewart|los angeles sparks @ new york liberty|reb|over|2026-08-14T03:14:20.333368+00:00|0.326781,2026-08-13|breanna stewart|los angeles sparks @ new york liberty|reb|over,2026-08-14T03:14:20.333368+00:00,2026-08-13,Los Angeles Sparks @ New York Liberty,Breanna Stewart,REB,OVER,7.5,-141.0,Caesars,0.585062,0.326781,8be5482f4b824152ca3bc59a,2026-08-14T00:02:58.347544+00:00,7.03,8.5,-102.0,DraftKings,draftkings,player_rebounds,0.50495,1.0,-0.080112,-0.080112,-0.178169,False,False,EXPLICIT_MARKET_CLOSE,PENDING,
2026-08-13|breanna stewart|los angeles sparks @ new york liberty|reb|over|2026-08-14T03:14:20.333368+00:00|0.204129,2026-08-13|breanna stewart|los angeles sparks @ new york liberty|reb|over,2026-08-14T03:14:20.333368+00:00,2026-08-13,Los Angeles Sparks @ New York Liberty,Breanna Stewart,REB,OVER,8.5,108.0,BetRivers,0.480769,0.204129,8be5482f4b824152ca3bc59a,2026-08-14T00:02:58.347544+00:00,7.03,8.5,-102.0,DraftKings,draftkings,player_rebounds,0.50495,0.0,0.024181,0.024181,-0.300821,False,True,EXPLICIT_MARKET_CLOSE,PENDING,
2026-08-13|breanna stewart|los angeles sparks @ new york liberty|reb|under|2026-08-13T22:14:23.905058+00:00|0.461523,2026-08-13|breanna stewart|los angeles sparks @ new york liberty|reb|under,2026-08-13T22:14:23.905058+00:00,2026-08-13,Los Angeles Sparks @ New York Liberty,Breanna Stewart,REB,UNDER,7.5,124.0,BetOnline.ag,0.446429,0.461523,e93cf5ca02b4179f0c299da2,2026-08-14T00:02:58.347544+00:00,7.03,8.5,-133.0,DraftKings,draftkings,player_rebounds,0.570815,-1.0,0.124387,0.124387,-0.109292,False,False,EXPLICIT_MARKET_CLOSE,PENDING,
2026-08-13|breanna stewart|los angeles sparks @ new york liberty|reb|under|2026-08-13T22:14:23.905058+00:00|0.528874,2026-08-13|breanna stewart|los angeles sparks @ new york liberty|reb|under,2026-08-13T22:14:23.905058+00:00,2026-08-13,Los Angeles Sparks @ New York Liberty,Breanna Stewart,REB,UNDER,8.5,-140.0,DraftKings,0.583333,0.528874,e93cf5ca02b4179f0c299da2,2026-08-14T00:02:58.347544+00:00,7.03,8.5,-133.0,DraftKings,draftkings,player_rebounds,0.570815,0.0,-0.012518,-0.012518,-0.041941,True,True,EXPLICIT_SAME_BOOK_CLOSE,PENDING,
2026-08-13|breanna stewart|los angeles sparks @ new york liberty|reb|under|2026-08-13T22:26:02.084717+00:00|0.461523,2026-08-13|breanna stewart|los angeles sparks @ new york liberty|reb|under,2026-08-13T22:26:02.084717+00:00,2026-08-13,Los Angeles Sparks @ New York Liberty,Breanna Stewart,REB,UNDER,7.5,124.0,BetOnline.ag,0.446429,0.461523,e93cf5ca02b4179f0c299da2,2026-08-14T00:02:58.347544+00:00,7.03,8.5,-133.0,DraftKings,draftkings,player_rebounds,0.570815,-1.0,0.124387,0.124387,-0.109292,False,False,EXPLICIT_MARKET_CLOSE,PENDING,
2026-08-13|breanna stewart|los angeles sparks @ new york liberty|reb|under|2026-08-13T22:26:02.084717+00:00|0.528874,2026-08-13|breanna stewart|los angeles sparks @ new york liberty|reb|under,2026-08-13T22:26:02.084717+00:00,2026-08-13,Los Angeles Sparks @ New York Liberty,Breanna Stewart,REB,UNDER,8.5,-140.0,DraftKings,0.583333,0.528874,e93cf5ca02b4179f0c299da2,2026-08-14T00:02:58.347544+00:00,7.03,8.5,-133.0,DraftKings,draftkings,player_rebounds,0.570815,0.0,-0.012518,-0.012518,-0.041941,True,True,EXPLICIT_SAME_BOOK_CLOSE,PENDING,
2026-08-13|breanna stewart|los angeles sparks @ new york liberty|reb|under|2026-08-13T23:01:54.176482+00:00|0.461523,2026-08-13|breanna stewart|los angeles sparks @ new york liberty|reb|under,2026-08-13T23:01:54.176482+00:00,2026-08-13,Los Angeles Sparks @ New York Liberty,Breanna Stewart,REB,UNDER,7.5,124.0,BetOnline.ag,0.446429,0.461523,e93cf5ca02b4179f0c299da2,2026-08-14T00:02:58.347544+00:00,7.03,8.5,-133.0,DraftKings,draftkings,player_rebounds,0.570815,-1.0,0.124387,0.124387,-0.109292,False,False,EXPLICIT_MARKET_CLOSE,PENDING,
2026-08-13|breanna stewart|los angeles sparks @ new york liberty|reb|under|2026-08-13T23:01:54.176482+00:00|0.528874,2026-08-13|breanna stewart|los angeles sparks @ new york liberty|reb|under,2026-08-13T23:01:54.176482+00:00,2026-08-13,Los Angeles Sparks @ New York Liberty,Breanna Stewart,REB,UNDER,8.5,-140.0,DraftKings,0.583333,0.528874,e93cf5ca02b4179f0c299da2,2026-08-14T00:02:58.347544+00:00,7.03,8.5,-133.0,DraftKings,draftkings,player_rebounds,0.570815,0.0,-0.012518,-0.012518,-0.041941,True,True,EXPLICIT_SAME_BOOK_CLOSE,PENDING,
2026-08-13|breanna stewart|los angeles sparks @ new york liberty|reb|under|2026-08-13T23:26:09.905124+00:00|0.461523,2026-08-13|breanna stewart|los angeles sparks @ new york liberty|reb|under,2026-08-13T23:26:09.905124+00:00,2026-08-13,Los Angeles Sparks @ New York Liberty,Breanna Stewart,REB,UNDER,7.5,124.0,BetOnline.ag,0.446429,0.461523,e93cf5ca02b4179f0c299da2,2026-08-14T00:02:58.347544+00:00,7.03,8.5,-133.0,DraftKings,draftkings,player_rebounds,0.570815,-1.0,0.124387,0.124387,-0.109292,False,False,EXPLICIT_MARKET_CLOSE,PENDING,
2026-08-13|breanna stewart|los angeles sparks @ new york liberty|reb|under|2026-08-13T23:26:09.905124+00:00|0.528874,2026-08-13|breanna stewart|los angeles sparks @ new york liberty|reb|under,2026-08-13T23:26:09.905124+00:00,2026-08-13,Los Angeles Sparks @ New York Liberty,Breanna Stewart,REB,UNDER,8.5,-140.0,DraftKings,0.583333,0.528874,e93cf5ca02b4179f0c299da2,2026-08-14T00:02:58.347544+00:00,7.03,8.5,-133.0,DraftKings,draftkings,player_rebounds,0.570815,0.0,-0.012518,-0.012518,-0.041941,True,True,EXPLICIT_SAME_BOOK_CLOSE,PENDING,
2026-08-13|breanna stewart|los angeles sparks @ new york liberty|reb|under|2026-08-14T00:02:58.076237+00:00|0.461523,2026-08-13|breanna stewart|los angeles sparks @ new york liberty|reb|under,2026-08-14T00:02:58.076237+00:00,2026-08-13,Los Angeles Sparks @ New York Liberty,Breanna Stewart,REB,UNDER,7.5,124.0,BetOnline.ag,0.446429,0.461523,e93cf5ca02b4179f0c299da2,2026-08-14T00:02:58.347544+00:00,7.03,8.5,-133.0,DraftKings,draftkings,player_rebounds,0.570815,-1.0,0.124387,0.124387,-0.109292,False,False,EXPLICIT_MARKET_CLOSE,PENDING,
2026-08-13|breanna stewart|los angeles sparks @ new york liberty|reb|under|2026-08-14T00:02:58.076237+00:00|0.528874,2026-08-13|breanna stewart|los angeles sparks @ new york liberty|reb|under,2026-08-14T00:02:58.076237+00:00,2026-08-13,Los Angeles Sparks @ New York Liberty,Breanna Stewart,REB,UNDER,8.5,-140.0,DraftKings,0.583333,0.528874,e93cf5ca02b4179f0c299da2,2026-08-14T00:02:58.347544+00:00,7.03,8.5,-133.0,DraftKings,draftkings,player_rebounds,0.570815,0.0,-0.012518,-0.012518,-0.041941,True,True,EXPLICIT_SAME_BOOK_CLOSE,PENDING,
2026-08-13|breanna stewart|los angeles sparks @ new york liberty|reb|under|2026-08-14T00:44:50.692907+00:00|0.461523,2026-08-13|breanna stewart|los angeles sparks @ new york liberty|reb|under,2026-08-14T00:44:50.692907+00:00,2026-08-13,Los Angeles Sparks @ New York Liberty,Breanna Stewart,REB,UNDER,7.5,124.0,BetOnline.ag,0.446429,0.461523,e93cf5ca02b4179f0c299da2,2026-08-14T00:02:58.347544+00:00,7.03,8.5,-133.0,DraftKings,draftkings,player_rebounds,0.570815,-1.0,0.124387,0.124387,-0.109292,False,False,EXPLICIT_MARKET_CLOSE,PENDING,
2026-08-13|breanna stewart|los angeles sparks @ new york liberty|reb|under|2026-08-14T00:44:50.692907+00:00|0.528874,2026-08-13|breanna stewart|los angeles sparks @ new york liberty|reb|under,2026-08-14T00:44:50.692907+00:00,2026-08-13,Los Angeles Sparks @ New York Liberty,Breanna Stewart,REB,UNDER,8.5,-140.0,DraftKings,0.583333,0.528874,e93cf5ca02b4179f0c299da2,2026-08-14T00:02:58.347544+00:00,7.03,8.5,-133.0,DraftKings,draftkings,player_rebounds,0.570815,0.0,-0.012518,-0.012518,-0.041941,True,True,EXPLICIT_SAME_BOOK_CLOSE,PENDING,
2026-08-13|breanna stewart|los angeles sparks @ new york liberty|reb|under|2026-08-14T02:45:53.180345+00:00|0.461523,2026-08-13|breanna stewart|los angeles sparks @ new york liberty|reb|under,2026-08-14T02:45:53.180345+00:00,2026-08-13,Los Angeles Sparks @ New York Liberty,Breanna Stewart,REB,UNDER,7.5,124.0,BetOnline.ag,0.446429,0.461523,e93cf5ca02b4179f0c299da2,2026-08-14T00:02:58.347544+00:00,7.03,8.5,-133.0,DraftKings,draftkings,player_rebounds,0.570815,-1.0,0.124387,0.124387,-0.109292,False,False,EXPLICIT_MARKET_CLOSE,PENDING,
2026-08-13|breanna stewart|los angeles sparks @ new york liberty|reb|under|2026-08-14T02:45:53.180345+00:00|0.528874,2026-08-13|breanna stewart|los angeles sparks @ new york liberty|reb|under,2026-08-14T02:45:53.180345+00:00,2026-08-13,Los Angeles Sparks @ New York Liberty,Breanna Stewart,REB,UNDER,8.5,-140.0,DraftKings,0.583333,0.528874,e93cf5ca02b4179f0c299da2,2026-08-14T00:02:58.347544+00:00,7.03,8.5,-133.0,DraftKings,draftkings,player_rebounds,0.570815,0.0,-0.012518,-0.012518,-0.041941,True,True,EXPLICIT_SAME_BOOK_CLOSE,PENDING,
2026-08-13|breanna stewart|los angeles sparks @ new york liberty|reb|under|2026-08-14T03:14:20.333368+00:00|0.461523,2026-08-13|breanna stewart|los angeles sparks @ new york liberty|reb|under,2026-08-14T03:14:20.333368+00:00,2026-08-13,Los Angeles Sparks @ New York Liberty,Breanna Stewart,REB,UNDER,7.5,124.0,BetOnline.ag,0.446429,0.461523,e93cf5ca02b4179f0c299da2,2026-08-14T00:02:58.347544+00:00,7.03,8.5,-133.0,DraftKings,draftkings,player_rebounds,0.570815,-1.0,0.124387,0.124387,-0.109292,False,False,EXPLICIT_MARKET_CLOSE,PENDING,
2026-08-13|breanna stewart|los angeles sparks @ new york liberty|reb|under|2026-08-14T03:14:20.333368+00:00|0.528874,2026-08-13|breanna stewart|los angeles sparks @ new york liberty|reb|under,2026-08-14T03:14:20.333368+00:00,2026-08-13,Los Angeles Sparks @ New York Liberty,Breanna Stewart,REB,UNDER,8.5,-140.0,DraftKings,0.583333,0.528874,e93cf5ca02b4179f0c299da2,2026-08-14T00:02:58.347544+00:00,7.03,8.5,-133.0,DraftKings,draftkings,player_rebounds,0.570815,0.0,-0.012518,-0.012518,-0.041941,True,True,EXPLICIT_SAME_BOOK_CLOSE,PENDING,
2026-08-13|dearica hamby|los angeles sparks @ new york liberty|ra|over|2026-08-13T22:14:23.905058+00:00|0.652468,2026-08-13|dearica hamby|los angeles sparks @ new york liberty|ra|over,2026-08-13T22:14:23.905058+00:00,2026-08-13,Los Angeles Sparks @ New York Liberty,Dearica Hamby,RA,OVER,9.5,-106.0,DraftKings,0.514563,0.652468,35df61ccada421467114a906,2026-08-14T00:02:58.347544+00:00,7.03,9.5,-117.0,DraftKings,draftkings,player_rebounds_assists,0.539171,0.0,0.024607,0.024607,0.113297,True,True,EXPLICIT_SAME_BOOK_CLOSE,PENDING,
2026-08-13|dearica hamby|los angeles sparks @ new york liberty|ra|over|2026-08-13T22:26:02.084717+00:00|0.652468,2026-08-13|dearica hamby|los angeles sparks @ new york liberty|ra|over,2026-08-13T22:26:02.084717+00:00,2026-08-13,Los Angeles Sparks @ New York Liberty,Dearica Hamby,RA,OVER,9.5,-106.0,DraftKings,0.514563,0.652468,35df61ccada421467114a906,2026-08-14T00:02:58.347544+00:00,7.03,9.5,-117.0,DraftKings,draftkings,player_rebounds_assists,0.539171,0.0,0.024607,0.024607,0.113297,True,True,EXPLICIT_SAME_BOOK_CLOSE,PENDING,
2026-08-13|dearica hamby|los angeles sparks @ new york liberty|ra|over|2026-08-13T23:01:54.176482+00:00|0.652468,2026-08-13|dearica hamby|los angeles sparks @ new york liberty|ra|over,2026-08-13T23:01:54.176482+00:00,2026-08-13,Los Angeles Sparks @ New York Liberty,Dearica Hamby,RA,OVER,9.5,-106.0,DraftKings,0.514563,0.652468,35df61ccada421467114a906,2026-08-14T00:02:58.347544+00:00,7.03,9.5,-117.0,DraftKings,draftkings,player_rebounds_assists,0.539171,0.0,0.024607,0.024607,0.113297,True,True,EXPLICIT_SAME_BOOK_CLOSE,PENDING,
2026-08-13|dearica hamby|los angeles sparks @ new york liberty|ra|over|2026-08-13T23:26:09.905124+00:00|0.652468,2026-08-13|dearica hamby|los angeles sparks @ new york liberty|ra|over,2026-08-13T23:26:09.905124+00:00,2026-08-13,Los Angeles Sparks @ New York Liberty,Dearica Hamby,RA,OVER,9.5,-106.0,DraftKings,0.514563,0.652468,35df61ccada421467114a906,2026-08-14T00:02:58.347544+00:00,7.03,9.5,-117.0,DraftKings,draftkings,player_rebounds_assists,0.539171,0.0,0.024607,0.024607,0.113297,True,True,EXPLICIT_SAME_BOOK_CLOSE,PENDING,
2026-08-13|dearica hamby|los angeles sparks @ new york liberty|ra|over|2026-08-14T00:02:58.076237+00:00|0.652468,2026-08-13|dearica hamby|los angeles sparks @ new york liberty|ra|over,2026-08-14T00:02:58.076237+00:00,2026-08-13,Los Angeles Sparks @ New York Liberty,Dearica Hamby,RA,OVER,9.5,-106.0,DraftKings,0.514563,0.652468,35df61ccada421467114a906,2026-08-14T00:02:58.347544+00:00,7.03,9.5,-117.0,DraftKings,draftkings,player_rebounds_assists,0.539171,0.0,0.024607,0.024607,0.113297,True,True,EXPLICIT_SAME_BOOK_CLOSE,PENDING,
2026-08-13|dearica hamby|los angeles sparks @ new york liberty|ra|over|2026-08-14T00:44:50.692907+00:00|0.652468,2026-08-13|dearica hamby|los angeles sparks @ new york liberty|ra|over,2026-08-14T00:44:50.692907+00:00,2026-08-13,Los Angeles Sparks @ New York Liberty,Dearica Hamby,RA,OVER,9.5,-106.0,DraftKings,0.514563,0.652468,35df61ccada421467114a906,2026-08-14T00:02:58.347544+00:00,7.03,9.5,-117.0,DraftKings,draftkings,player_rebounds_assists,0.539171,0.0,0.024607,0.024607,0.113297,True,True,EXPLICIT_SAME_BOOK_CLOSE,PENDING,
2026-08-13|dearica hamby|los angeles sparks @ new york liberty|ra|over|2026-08-14T02:45:53.180345+00:00|0.652468,2026-08-13|dearica hamby|los angeles sparks @ new york liberty|ra|over,2026-08-14T02:45:53.180345+00:00,2026-08-13,Los Angeles Sparks @ New York Liberty,Dearica Hamby,RA,OVER,9.5,-106.0,DraftKings,0.514563,0.652468,35df61ccada421467114a906,2026-08-14T00:02:58.347544+00:00,7.03,9.5,-117.0,DraftKings,draftkings,player_rebounds_assists,0.539171,0.0,0.024607,0.024607,0.113297,True,True,EXPLICIT_SAME_BOOK_CLOSE,PENDING,
2026-08-13|dearica hamby|los angeles sparks @ new york liberty|ra|over|2026-08-14T03:14:20.333368+00:00|0.652468,2026-08-13|dearica hamby|los angeles sparks @ new york liberty|ra|over,2026-08-14T03:14:20.333368+00:00,2026-08-13,Los Angeles Sparks @ New York Liberty,Dearica Hamby,RA,OVER,9.5,-106.0,DraftKings,0.514563,0.652468,35df61ccada421467114a906,2026-08-14T00:02:58.347544+00:00,7.03,9.5,-117.0,DraftKings,draftkings,player_rebounds_assists,0.539171,0.0,0.024607,0.024607,0.113297,True,True,EXPLICIT_SAME_BOOK_CLOSE,PENDING,
2026-08-13|dearica hamby|los angeles sparks @ new york liberty|ra|under|2026-08-13T22:14:23.905058+00:00|0.405231,2026-08-13|dearica hamby|los angeles sparks @ new york liberty|ra|under,2026-08-13T22:14:23.905058+00:00,2026-08-13,Los Angeles Sparks @ New York Liberty,Dearica Hamby,RA,UNDER,9.5,-108.0,FanDuel,0.519231,0.405231,c8401fd59313ed940fafa736,2026-08-14T00:02:58.347544+00:00,7.03,9.5,-110.0,FanDuel,fanduel,player_rebounds_assists,0.52381,0.0,0.004579,0.004579,-0.118579,True,True,EXPLICIT_SAME_BOOK_CLOSE,PENDING,
2026-08-13|dearica hamby|los angeles sparks @ new york liberty|ra|under|2026-08-13T22:26:02.084717+00:00|0.405231,2026-08-13|dearica hamby|los angeles sparks @ new york liberty|ra|under,2026-08-13T22:26:02.084717+00:00,2026-08-13,Los Angeles Sparks @ New York Liberty,Dearica Hamby,RA,UNDER,9.5,-108.0,FanDuel,0.519231,0.405231,c8401fd59313ed940fafa736,2026-08-14T00:02:58.347544+00:00,7.03,9.5,-110.0,FanDuel,fanduel,player_rebounds_assists,0.52381,0.0,0.004579,0.004579,-0.118579,True,True,EXPLICIT_SAME_BOOK_CLOSE,PENDING,
2026-08-13|dearica hamby|los angeles sparks @ new york liberty|ra|under|2026-08-13T23:01:54.176482+00:00|0.405231,2026-08-13|dearica hamby|los angeles sparks @ new york liberty|ra|under,2026-08-13T23:01:54.176482+00:00,2026-08-13,Los Angeles Sparks @ New York Liberty,Dearica Hamby,RA,UNDER,9.5,-108.0,FanDuel,0.519231,0.405231,c8401fd59313ed940fafa736,2026-08-14T00:02:58.347544+00:00,7.03,9.5,-110.0,FanDuel,fanduel,player_rebounds_assists,0.52381,0.0,0.004579,0.004579,-0.118579,True,True,EXPLICIT_SAME_BOOK_CLOSE,PENDING,
2026-08-13|dearica hamby|los angeles sparks @ new york liberty|ra|under|2026-08-13T23:26:09.905124+00:00|0.405231,2026-08-13|dearica hamby|los angeles sparks @ new york liberty|ra|under,2026-08-13T23:26:09.905124+00:00,2026-08-13,Los Angeles Sparks @ New York Liberty,Dearica Hamby,RA,UNDER,9.5,-108.0,FanDuel,0.519231,0.405231,c8401fd59313ed940fafa736,2026-08-14T00:02:58.347544+00:00,7.03,9.5,-110.0,FanDuel,fanduel,player_rebounds_assists,0.52381,0.0,0.004579,0.004579,-0.118579,True,True,EXPLICIT_SAME_BOOK_CLOSE,PENDING,
2026-08-13|dearica hamby|los angeles sparks @ new york liberty|ra|under|2026-08-14T00:02:58.076237+00:00|0.405231,2026-08-13|dearica hamby|los angeles sparks @ new york liberty|ra|under,2026-08-14T00:02:58.076237+00:00,2026-08-13,Los Angeles Sparks @ New York Liberty,Dearica Hamby,RA,UNDER,9.5,-108.0,FanDuel,0.519231,0.405231,c8401fd59313ed940fafa736,2026-08-14T00:02:58.347544+00:00,7.03,9.5,-110.0,FanDuel,fanduel,player_rebounds_assists,0.52381,0.0,0.004579,0.004579,-0.118579,True,True,EXPLICIT_SAME_BOOK_CLOSE,PENDING,
2026-08-13|dearica hamby|los angeles sparks @ new york liberty|ra|under|2026-08-14T00:44:50.692907+00:00|0.405231,2026-08-13|dearica hamby|los angeles sparks @ new york liberty|ra|under,2026-08-14T00:44:50.692907+00:00,2026-08-13,Los Angeles Sparks @ New York Liberty,Dearica Hamby,RA,UNDER,9.5,-108.0,FanDuel,0.519231,0.405231,c8401fd59313ed940fafa736,2026-08-14T00:02:58.347544+00:00,7.03,9.5,-110.0,FanDuel,fanduel,player_rebounds_assists,0.52381,0.0,0.004579,0.004579,-0.118579,True,True,EXPLICIT_SAME_BOOK_CLOSE,PENDING,
2026-08-13|dearica hamby|los angeles sparks @ new york liberty|ra|under|2026-08-14T02:45:53.180345+00:00|0.405231,2026-08-13|dearica hamby|los angeles sparks @ new york liberty|ra|under,2026-08-14T02:45:53.180345+00:00,2026-08-13,Los Angeles Sparks @ New York Liberty,Dearica Hamby,RA,UNDER,9.5,-108.0,FanDuel,0.519231,0.405231,c8401fd59313ed940fafa736,2026-08-14T00:02:58.347544+00:00,7.03,9.5,-110.0,FanDuel,fanduel,player_rebounds_assists,0.52381,0.0,0.004579,0.004579,-0.118579,True,True,EXPLICIT_SAME_BOOK_CLOSE,PENDING,
2026-08-13|dearica hamby|los angeles sparks @ new york liberty|ra|under|2026-08-14T03:14:20.333368+00:00|0.405231,2026-08-13|dearica hamby|los angeles sparks @ new york liberty|ra|under,2026-08-14T03:14:20.333368+00:00,2026-08-13,Los Angeles Sparks @ New York Liberty,Dearica Hamby,RA,UNDER,9.5,-108.0,FanDuel,0.519231,0.405231,c8401fd59313ed940fafa736,2026-08-14T00:02:58.347544+00:00,7.03,9.5,-110.0,FanDuel,fanduel,player_rebounds_assists,0.52381,0.0,0.004579,0.004579,-0.118579,True,True,EXPLICIT_SAME_BOOK_CLOSE,PENDING,
2026-08-13|jonquel jones|los angeles sparks @ new york liberty|ast|over|2026-08-13T22:14:23.905058+00:00|0.450588,2026-08-13|jonquel jones|los angeles sparks @ new york liberty|ast|over,2026-08-13T22:14:23.905058+00:00,2026-08-13,Los Angeles Sparks @ New York Liberty,Jonquel Jones,AST,OVER,2.5,-150.0,DraftKings,0.6,0.450588,acdeec152075f513581ead90,2026-08-14T00:02:58.347544+00:00,7.03,2.5,-151.0,DraftKings,draftkings,player_assists,0.601594,0.0,0.001594,0.001594,-0.151006,True,True,EXPLICIT_SAME_BOOK_CLOSE,PENDING,
2026-08-13|jonquel jones|los angeles sparks @ new york liberty|ast|over|2026-08-13T22:14:23.905058+00:00|0.215857,2026-08-13|jonquel jones|los angeles sparks @ new york liberty|ast|over,2026-08-13T22:14:23.905058+00:00,2026-08-13,Los Angeles Sparks @ New York Liberty,Jonquel Jones,AST,OVER,3.5,161.0,BetOnline.ag,0.383142,0.215857,acdeec152075f513581ead90,2026-08-14T00:02:58.347544+00:00,7.03,2.5,-151.0,DraftKings,draftkings,player_assists,0.601594,-1.0,0.218452,0.218452,-0.385737,False,False,EXPLICIT_MARKET_CLOSE,PENDING,
2026-08-13|jonquel jones|los angeles sparks @ new york liberty|ast|over|2026-08-13T22:26:02.084717+00:00|0.450588,2026-08-13|jonquel jones|los angeles sparks @ new york liberty|ast|over,2026-08-13T22:26:02.084717+00:00,2026-08-13,Los Angeles Sparks @ New York Liberty,Jonquel Jones,AST,OVER,2.5,-150.0,DraftKings,0.6,0.450588,acdeec152075f513581ead90,2026-08-14T00:02:58.347544+00:00,7.03,2.5,-151.0,DraftKings,draftkings,player_assists,0.601594,0.0,0.001594,0.001594,-0.151006,True,True,EXPLICIT_SAME_BOOK_CLOSE,PENDING,
2026-08-13|jonquel jones|los angeles sparks @ new york liberty|ast|over|2026-08-13T22:26:02.084717+00:00|0.215857,2026-08-13|jonquel jones|los angeles sparks @ new york liberty|ast|over,2026-08-13T22:26:02.084717+00:00,2026-08-13,Los Angeles Sparks @ New York Liberty,Jonquel Jones,AST,OVER,3.5,161.0,BetOnline.ag,0.383142,0.215857,acdeec152075f513581ead90,2026-08-14T00:02:58.347544+00:00,7.03,2.5,-151.0,DraftKings,draftkings,player_assists,0.601594,-1.0,0.218452,0.218452,-0.385737,False,False,EXPLICIT_MARKET_CLOSE,PENDING,
2026-08-13|jonquel jones|los angeles sparks @ new york liberty|ast|over|2026-08-13T23:01:54.176482+00:00|0.450588,2026-08-13|jonquel jones|los angeles sparks @ new york liberty|ast|over,2026-08-13T23:01:54.176482+00:00,2026-08-13,Los Angeles Sparks @ New York Liberty,Jonquel Jones,AST,OVER,2.5,-150.0,DraftKings,0.6,0.450588,acdeec152075f513581ead90,2026-08-14T00:02:58.347544+00:00,7.03,2.5,-151.0,DraftKings,draftkings,player_assists,0.601594,0.0,0.001594,0.001594,-0.151006,True,True,EXPLICIT_SAME_BOOK_CLOSE,PENDING,
2026-08-13|jonquel jones|los angeles sparks @ new york liberty|ast|over|2026-08-13T23:01:54.176482+00:00|0.215857,2026-08-13|jonquel jones|los angeles sparks @ new york liberty|ast|over,2026-08-13T23:01:54.176482+00:00,2026-08-13,Los Angeles Sparks @ New York Liberty,Jonquel Jones,AST,OVER,3.5,161.0,BetOnline.ag,0.383142,0.215857,acdeec152075f513581ead90,2026-08-14T00:02:58.347544+00:00,7.03,2.5,-151.0,DraftKings,draftkings,player_assists,0.601594,-1.0,0.218452,0.218452,-0.385737,False,False,EXPLICIT_MARKET_CLOSE,PENDING,
2026-08-13|jonquel jones|los angeles sparks @ new york liberty|ast|over|2026-08-13T23:26:09.905124+00:00|0.450588,2026-08-13|jonquel jones|los angeles sparks @ new york liberty|ast|over,2026-08-13T23:26:09.905124+00:00,2026-08-13,Los Angeles Sparks @ New York Liberty,Jonquel Jones,AST,OVER,2.5,-150.0,DraftKings,0.6,0.450588,acdeec152075f513581ead90,2026-08-14T00:02:58.347544+00:00,7.03,2.5,-151.0,DraftKings,draftkings,player_assists,0.601594,0.0,0.001594,0.001594,-0.151006,True,True,EXPLICIT_SAME_BOOK_CLOSE,PENDING,
2026-08-13|jonquel jones|los angeles sparks @ new york liberty|ast|over|2026-08-13T23:26:09.905124+00:00|0.215857,2026-08-13|jonquel jones|los angeles sparks @ new york liberty|ast|over,2026-08-13T23:26:09.905124+00:00,2026-08-13,Los Angeles Sparks @ New York Liberty,Jonquel Jones,AST,OVER,3.5,161.0,BetOnline.ag,0.383142,0.215857,acdeec152075f513581ead90,2026-08-14T00:02:58.347544+00:00,7.03,2.5,-151.0,DraftKings,draftkings,player_assists,0.601594,-1.0,0.218452,0.218452,-0.385737,False,False,EXPLICIT_MARKET_CLOSE,PENDING,
2026-08-13|jonquel jones|los angeles sparks @ new york liberty|ast|over|2026-08-14T00:02:58.076237+00:00|0.450588,2026-08-13|jonquel jones|los angeles sparks @ new york liberty|ast|over,2026-08-14T00:02:58.076237+00:00,2026-08-13,Los Angeles Sparks @ New York Liberty,Jonquel Jones,AST,OVER,2.5,-150.0,DraftKings,0.6,0.450588,acdeec152075f513581ead90,2026-08-14T00:02:58.347544+00:00,7.03,2.5,-151.0,DraftKings,draftkings,player_assists,0.601594,0.0,0.001594,0.001594,-0.151006,True,True,EXPLICIT_SAME_BOOK_CLOSE,PENDING,
2026-08-13|jonquel jones|los angeles sparks @ new york liberty|ast|over|2026-08-14T00:02:58.076237+00:00|0.215857,2026-08-13|jonquel jones|los angeles sparks @ new york liberty|ast|over,2026-08-14T00:02:58.076237+00:00,2026-08-13,Los Angeles Sparks @ New York Liberty,Jonquel Jones,AST,OVER,3.5,161.0,BetOnline.ag,0.383142,0.215857,acdeec152075f513581ead90,2026-08-14T00:02:58.347544+00:00,7.03,2.5,-151.0,DraftKings,draftkings,player_assists,0.601594,-1.0,0.218452,0.218452,-0.385737,False,False,EXPLICIT_MARKET_CLOSE,PENDING,
2026-08-13|jonquel jones|los angeles sparks @ new york liberty|ast|over|2026-08-14T00:44:50.692907+00:00|0.450588,2026-08-13|jonquel jones|los angeles sparks @ new york liberty|ast|over,2026-08-14T00:44:50.692907+00:00,2026-08-13,Los Angeles Sparks @ New York Liberty,Jonquel Jones,AST,OVER,2.5,-150.0,DraftKings,0.6,0.450588,acdeec152075f513581ead90,2026-08-14T00:02:58.347544+00:00,7.03,2.5,-151.0,DraftKings,draftkings,player_assists,0.601594,0.0,0.001594,0.001594,-0.151006,True,True,EXPLICIT_SAME_BOOK_CLOSE,PENDING,
2026-08-13|jonquel jones|los angeles sparks @ new york liberty|ast|over|2026-08-14T00:44:50.692907+00:00|0.215857,2026-08-13|jonquel jones|los angeles sparks @ new york liberty|ast|over,2026-08-14T00:44:50.692907+00:00,2026-08-13,Los Angeles Sparks @ New York Liberty,Jonquel Jones,AST,OVER,3.5,161.0,BetOnline.ag,0.383142,0.215857,acdeec152075f513581ead90,2026-08-14T00:02:58.347544+00:00,7.03,2.5,-151.0,DraftKings,draftkings,player_assists,0.601594,-1.0,0.218452,0.218452,-0.385737,False,False,EXPLICIT_MARKET_CLOSE,PENDING,
2026-08-13|jonquel jones|los angeles sparks @ new york liberty|ast|over|2026-08-14T02:45:53.180345+00:00|0.450588,2026-08-13|jonquel jones|los angeles sparks @ new york liberty|ast|over,2026-08-14T02:45:53.180345+00:00,2026-08-13,Los Angeles Sparks @ New York Liberty,Jonquel Jones,AST,OVER,2.5,-150.0,DraftKings,0.6,0.450588,acdeec152075f513581ead90,2026-08-14T00:02:58.347544+00:00,7.03,2.5,-151.0,DraftKings,draftkings,player_assists,0.601594,0.0,0.001594,0.001594,-0.151006,True,True,EXPLICIT_SAME_BOOK_CLOSE,PENDING,
2026-08-13|jonquel jones|los angeles sparks @ new york liberty|ast|over|2026-08-14T02:45:53.180345+00:00|0.215857,2026-08-13|jonquel jones|los angeles sparks @ new york liberty|ast|over,2026-08-14T02:45:53.180345+00:00,2026-08-13,Los Angeles Sparks @ New York Liberty,Jonquel Jones,AST,OVER,3.5,161.0,BetOnline.ag,0.383142,0.215857,acdeec152075f513581ead90,2026-08-14T00:02:58.347544+00:00,7.03,2.5,-151.0,DraftKings,draftkings,player_assists,0.601594,-1.0,0.218452,0.218452,-0.385737,False,False,EXPLICIT_MARKET_CLOSE,PENDING,
2026-08-13|jonquel jones|los angeles sparks @ new york liberty|ast|over|2026-08-14T03:14:20.333368+00:00|0.450588,2026-08-13|jonquel jones|los angeles sparks @ new york liberty|ast|over,2026-08-14T03:14:20.333368+00:00,2026-08-13,Los Angeles Sparks @ New York Liberty,Jonquel Jones,AST,OVER,2.5,-150.0,DraftKings,0.6,0.450588,acdeec152075f513581ead90,2026-08-14T00:02:58.347544+00:00,7.03,2.5,-151.0,DraftKings,draftkings,player_assists,0.601594,0.0,0.001594,0.001594,-0.151006,True,True,EXPLICIT_SAME_BOOK_CLOSE,PENDING,
2026-08-13|jonquel jones|los angeles sparks @ new york liberty|ast|over|2026-08-14T03:14:20.333368+00:00|0.215857,2026-08-13|jonquel jones|los angeles sparks @ new york liberty|ast|over,2026-08-14T03:14:20.333368+00:00,2026-08-13,Los Angeles Sparks @ New York Liberty,Jonquel Jones,AST,OVER,3.5,161.0,BetOnline.ag,0.383142,0.215857,acdeec152075f513581ead90,2026-08-14T00:02:58.347544+00:00,7.03,2.5,-151.0,DraftKings,draftkings,player_assists,0.601594,-1.0,0.218452,0.218452,-0.385737,False,False,EXPLICIT_MARKET_CLOSE,PENDING,
2026-08-13|jonquel jones|los angeles sparks @ new york liberty|ast|under|2026-08-13T22:14:23.905058+00:00|0.273528,2026-08-13|jonquel jones|los angeles sparks @ new york liberty|ast|under,2026-08-13T22:14:23.905058+00:00,2026-08-13,Los Angeles Sparks @ New York Liberty,Jonquel Jones,AST,UNDER,2.5,111.0,DraftKings,0.473934,0.273528,2636317c2dfb4dcf3e692dca,2026-08-14T00:02:58.347544+00:00,7.03,2.5,111.0,DraftKings,draftkings,player_assists,0.473934,0.0,0.0,0.0,-0.200406,True,True,EXPLICIT_SAME_BOOK_CLOSE,PENDING,
2026-08-13|jonquel jones|los angeles sparks @ new york liberty|ast|under|2026-08-13T22:14:23.905058+00:00|0.575943,2026-08-13|jonquel jones|los angeles sparks @ new york liberty|ast|under,2026-08-13T22:14:23.905058+00:00,2026-08-13,Los Angeles Sparks @ New York Liberty,Jonquel Jones,AST,UNDER,3.5,-213.0,BetOnline.ag,0.680511,0.575943,2636317c2dfb4dcf3e692dca,2026-08-14T00:02:58.347544+00:00,7.03,2.5,111.0,DraftKings,draftkings,player_assists,0.473934,1.0,-0.206578,-0.206578,0.102009,False,False,EXPLICIT_MARKET_CLOSE,PENDING,
2026-08-13|jonquel jones|los angeles sparks @ new york liberty|ast|under|2026-08-13T22:26:02.084717+00:00|0.273528,2026-08-13|jonquel jones|los angeles sparks @ new york liberty|ast|under,2026-08-13T22:26:02.084717+00:00,2026-08-13,Los Angeles Sparks @ New York Liberty,Jonquel Jones,AST,UNDER,2.5,111.0,DraftKings,0.473934,0.273528,2636317c2dfb4dcf3e692dca,2026-08-14T00:02:58.347544+00:00,7.03,2.5,111.0,DraftKings,draftkings,player_assists,0.473934,0.0,0.0,0.0,-0.200406,True,True,EXPLICIT_SAME_BOOK_CLOSE,PENDING,
2026-08-13|jonquel jones|los angeles sparks @ new york liberty|ast|under|2026-08-13T22:26:02.084717+00:00|0.575943,2026-08-13|jonquel jones|los angeles sparks @ new york liberty|ast|under,2026-08-13T22:26:02.084717+00:00,2026-08-13,Los Angeles Sparks @ New York Liberty,Jonquel Jones,AST,UNDER,3.5,-213.0,BetOnline.ag,0.680511,0.575943,2636317c2dfb4dcf3e692dca,2026-08-14T00:02:58.347544+00:00,7.03,2.5,111.0,DraftKings,draftkings,player_assists,0.473934,1.0,-0.206578,-0.206578,0.102009,False,False,EXPLICIT_MARKET_CLOSE,PENDING,
2026-08-13|jonquel jones|los angeles sparks @ new york liberty|ast|under|2026-08-13T23:01:54.176482+00:00|0.273528,2026-08-13|jonquel jones|los angeles sparks @ new york liberty|ast|under,2026-08-13T23:01:54.176482+00:00,2026-08-13,Los Angeles Sparks @ New York Liberty,Jonquel Jones,AST,UNDER,2.5,111.0,DraftKings,0.473934,0.273528,2636317c2dfb4dcf3e692dca,2026-08-14T00:02:58.347544+00:00,7.03,2.5,111.0,DraftKings,draftkings,player_assists,0.473934,0.0,0.0,0.0,-0.200406,True,True,EXPLICIT_SAME_BOOK_CLOSE,PENDING,
2026-08-13|jonquel jones|los angeles sparks @ new york liberty|ast|under|2026-08-13T23:01:54.176482+00:00|0.575943,2026-08-13|jonquel jones|los angeles sparks @ new york liberty|ast|under,2026-08-13T23:01:54.176482+00:00,2026-08-13,Los Angeles Sparks @ New York Liberty,Jonquel Jones,AST,UNDER,3.5,-213.0,BetOnline.ag,0.680511,0.575943,2636317c2dfb4dcf3e692dca,2026-08-14T00:02:58.347544+00:00,7.03,2.5,111.0,DraftKings,draftkings,player_assists,0.473934,1.0,-0.206578,-0.206578,0.102009,False,False,EXPLICIT_MARKET_CLOSE,PENDING,
2026-08-13|jonquel jones|los angeles sparks @ new york liberty|ast|under|2026-08-13T23:26:09.905124+00:00|0.273528,2026-08-13|jonquel jones|los angeles sparks @ new york liberty|ast|under,2026-08-13T23:26:09.905124+00:00,2026-08-13,Los Angeles Sparks @ New York Liberty,Jonquel Jones,AST,UNDER,2.5,111.0,DraftKings,0.473934,0.273528,2636317c2dfb4dcf3e692dca,2026-08-14T00:02:58.347544+00:00,7.03,2.5,111.0,DraftKings,draftkings,player_assists,0.473934,0.0,0.0,0.0,-0.200406,True,True,EXPLICIT_SAME_BOOK_CLOSE,PENDING,
2026-08-13|jonquel jones|los angeles sparks @ new york liberty|ast|under|2026-08-13T23:26:09.905124+00:00|0.575943,2026-08-13|jonquel jones|los angeles sparks @ new york liberty|ast|under,2026-08-13T23:26:09.905124+00:00,2026-08-13,Los Angeles Sparks @ New York Liberty,Jonquel Jones,AST,UNDER,3.5,-213.0,BetOnline.ag,0.680511,0.575943,2636317c2dfb4dcf3e692dca,2026-08-14T00:02:58.347544+00:00,7.03,2.5,111.0,DraftKings,draftkings,player_assists,0.473934,1.0,-0.206578,-0.206578,0.102009,False,False,EXPLICIT_MARKET_CLOSE,PENDING,
2026-08-13|jonquel jones|los angeles sparks @ new york liberty|ast|under|2026-08-14T00:02:58.076237+00:00|0.273528,2026-08-13|jonquel jones|los angeles sparks @ new york liberty|ast|under,2026-08-14T00:02:58.076237+00:00,2026-08-13,Los Angeles Sparks @ New York Liberty,Jonquel Jones,AST,UNDER,2.5,111.0,DraftKings,0.473934,0.273528,2636317c2dfb4dcf3e692dca,2026-08-14T00:02:58.347544+00:00,7.03,2.5,111.0,DraftKings,draftkings,player_assists,0.473934,0.0,0.0,0.0,-0.200406,True,True,EXPLICIT_SAME_BOOK_CLOSE,PENDING,
2026-08-13|jonquel jones|los angeles sparks @ new york liberty|ast|under|2026-08-14T00:02:58.076237+00:00|0.575943,2026-08-13|jonquel jones|los angeles sparks @ new york liberty|ast|under,2026-08-14T00:02:58.076237+00:00,2026-08-13,Los Angeles Sparks @ New York Liberty,Jonquel Jones,AST,UNDER,3.5,-213.0,BetOnline.ag,0.680511,0.575943,2636317c2dfb4dcf3e692dca,2026-08-14T00:02:58.347544+00:00,7.03,2.5,111.0,DraftKings,draftkings,player_assists,0.473934,1.0,-0.206578,-0.206578,0.102009,False,False,EXPLICIT_MARKET_CLOSE,PENDING,
2026-08-13|jonquel jones|los angeles sparks @ new york liberty|ast|under|2026-08-14T00:44:50.692907+00:00|0.273528,2026-08-13|jonquel jones|los angeles sparks @ new york liberty|ast|under,2026-08-14T00:44:50.692907+00:00,2026-08-13,Los Angeles Sparks @ New York Liberty,Jonquel Jones,AST,UNDER,2.5,111.0,DraftKings,0.473934,0.273528,2636317c2dfb4dcf3e692dca,2026-08-14T00:02:58.347544+00:00,7.03,2.5,111.0,DraftKings,draftkings,player_assists,0.473934,0.0,0.0,0.0,-0.200406,True,True,EXPLICIT_SAME_BOOK_CLOSE,PENDING,
2026-08-13|jonquel jones|los angeles sparks @ new york liberty|ast|under|2026-08-14T00:44:50.692907+00:00|0.575943,2026-08-13|jonquel jones|los angeles sparks @ new york liberty|ast|under,2026-08-14T00:44:50.692907+00:00,2026-08-13,Los Angeles Sparks @ New York Liberty,Jonquel Jones,AST,UNDER,3.5,-213.0,BetOnline.ag,0.680511,0.575943,2636317c2dfb4dcf3e692dca,2026-08-14T00:02:58.347544+00:00,7.03,2.5,111.0,DraftKings,draftkings,player_assists,0.473934,1.0,-0.206578,-0.206578,0.102009,False,False,EXPLICIT_MARKET_CLOSE,PENDING,
2026-08-13|jonquel jones|los angeles sparks @ new york liberty|ast|under|2026-08-14T02:45:53.180345+00:00|0.273528,2026-08-13|jonquel jones|los angeles sparks @ new york liberty|ast|under,2026-08-14T02:45:53.180345+00:00,2026-08-13,Los Angeles Sparks @ New York Liberty,Jonquel Jones,AST,UNDER,2.5,111.0,DraftKings,0.473934,0.273528,2636317c2dfb4dcf3e692dca,2026-08-14T00:02:58.347544+00:00,7.03,2.5,111.0,DraftKings,draftkings,player_assists,0.473934,0.0,0.0,0.0,-0.200406,True,True,EXPLICIT_SAME_BOOK_CLOSE,PENDING,
2026-08-13|jonquel jones|los angeles sparks @ new york liberty|ast|under|2026-08-14T02:45:53.180345+00:00|0.575943,2026-08-13|jonquel jones|los angeles sparks @ new york liberty|ast|under,2026-08-14T02:45:53.180345+00:00,2026-08-13,Los Angeles Sparks @ New York Liberty,Jonquel Jones,AST,UNDER,3.5,-213.0,BetOnline.ag,0.680511,0.575943,2636317c2dfb4dcf3e692dca,2026-08-14T00:02:58.347544+00:00,7.03,2.5,111.0,DraftKings,draftkings,player_assists,0.473934,1.0,-0.206578,-0.206578,0.102009,False,False,EXPLICIT_MARKET_CLOSE,PENDING,
2026-08-13|jonquel jones|los angeles sparks @ new york liberty|ast|under|2026-08-14T03:14:20.333368+00:00|0.273528,2026-08-13|jonquel jones|los angeles sparks @ new york liberty|ast|under,2026-08-14T03:14:20.333368+00:00,2026-08-13,Los Angeles Sparks @ New York Liberty,Jonquel Jones,AST,UNDER,2.5,111.0,DraftKings,0.473934,0.273528,2636317c2dfb4dcf3e692dca,2026-08-14T00:02:58.347544+00:00,7.03,2.5,111.0,DraftKings,draftkings,player_assists,0.473934,0.0,0.0,0.0,-0.200406,True,True,EXPLICIT_SAME_BOOK_CLOSE,PENDING,
2026-08-13|jonquel jones|los angeles sparks @ new york liberty|ast|under|2026-08-14T03:14:20.333368+00:00|0.575943,2026-08-13|jonquel jones|los angeles sparks @ new york liberty|ast|under,2026-08-14T03:14:20.333368+00:00,2026-08-13,Los Angeles Sparks @ New York Liberty,Jonquel Jones,AST,UNDER,3.5,-213.0,BetOnline.ag,0.680511,0.575943,2636317c2dfb4dcf3e692dca,2026-08-14T00:02:58.347544+00:00,7.03,2.5,111.0,DraftKings,draftkings,player_assists,0.473934,1.0,-0.206578,-0.206578,0.102009,False,False,EXPLICIT_MARKET_CLOSE,PENDING,
2026-08-13|nneka ogwumike|los angeles sparks @ new york liberty|ast|over|2026-08-13T22:14:23.905058+00:00|0.408436,2026-08-13|nneka ogwumike|los angeles sparks @ new york liberty|ast|over,2026-08-13T22:14:23.905058+00:00,2026-08-13,Los Angeles Sparks @ New York Liberty,Nneka Ogwumike,AST,OVER,3.5,128.0,BetOnline.ag,0.438596,0.408436,7b65a0cf20fa6d8ea3754c0f,2026-08-14T00:02:58.347544+00:00,7.03,3.5,119.0,DraftKings,draftkings,player_assists,0.456621,0.0,0.018025,0.018025,-0.048185,False,True,EXPLICIT_MARKET_CLOSE,PENDING,
2026-08-13|nneka ogwumike|los angeles sparks @ new york liberty|ast|over|2026-08-13T22:26:02.084717+00:00|0.408436,2026-08-13|nneka ogwumike|los angeles sparks @ new york liberty|ast|over,2026-08-13T22:26:02.084717+00:00,2026-08-13,Los Angeles Sparks @ New York Liberty,Nneka Ogwumike,AST,OVER,3.5,128.0,BetOnline.ag,0.438596,0.408436,7b65a0cf20fa6d8ea3754c0f,2026-08-14T00:02:58.347544+00:00,7.03,3.5,119.0,DraftKings,draftkings,player_assists,0.456621,0.0,0.018025,0.018025,-0.048185,False,True,EXPLICIT_MARKET_CLOSE,PENDING,
2026-08-13|nneka ogwumike|los angeles sparks @ new york liberty|ast|over|2026-08-13T23:01:54.176482+00:00|0.408436,2026-08-13|nneka ogwumike|los angeles sparks @ new york liberty|ast|over,2026-08-13T23:01:54.176482+00:00,2026-08-13,Los Angeles Sparks @ New York Liberty,Nneka Ogwumike,AST,OVER,3.5,128.0,BetOnline.ag,0.438596,0.408436,7b65a0cf20fa6d8ea3754c0f,2026-08-14T00:02:58.347544+00:00,7.03,3.5,119.0,DraftKings,draftkings,player_assists,0.456621,0.0,0.018025,0.018025,-0.048185,False,True,EXPLICIT_MARKET_CLOSE,PENDING,
2026-08-13|nneka ogwumike|los angeles sparks @ new york liberty|ast|over|2026-08-13T23:26:09.905124+00:00|0.408436,2026-08-13|nneka ogwumike|los angeles sparks @ new york liberty|ast|over,2026-08-13T23:26:09.905124+00:00,2026-08-13,Los Angeles Sparks @ New York Liberty,Nneka Ogwumike,AST,OVER,3.5,128.0,BetOnline.ag,0.438596,0.408436,7b65a0cf20fa6d8ea3754c0f,2026-08-14T00:02:58.347544+00:00,7.03,3.5,119.0,DraftKings,draftkings,player_assists,0.456621,0.0,0.018025,0.018025,-0.048185,False,True,EXPLICIT_MARKET_CLOSE,PENDING,
2026-08-13|nneka ogwumike|los angeles sparks @ new york liberty|ast|over|2026-08-14T00:02:58.076237+00:00|0.408436,2026-08-13|nneka ogwumike|los angeles sparks @ new york liberty|ast|over,2026-08-14T00:02:58.076237+00:00,2026-08-13,Los Angeles Sparks @ New York Liberty,Nneka Ogwumike,AST,OVER,3.5,128.0,BetOnline.ag,0.438596,0.408436,7b65a0cf20fa6d8ea3754c0f,2026-08-14T00:02:58.347544+00:00,7.03,3.5,119.0,DraftKings,draftkings,player_assists,0.456621,0.0,0.018025,0.018025,-0.048185,False,True,EXPLICIT_MARKET_CLOSE,PENDING,
2026-08-13|nneka ogwumike|los angeles sparks @ new york liberty|ast|over|2026-08-14T00:44:50.692907+00:00|0.408436,2026-08-13|nneka ogwumike|los angeles sparks @ new york liberty|ast|over,2026-08-14T00:44:50.692907+00:00,2026-08-13,Los Angeles Sparks @ New York Liberty,Nneka Ogwumike,AST,OVER,3.5,128.0,BetOnline.ag,0.438596,0.408436,7b65a0cf20fa6d8ea3754c0f,2026-08-14T00:02:58.347544+00:00,7.03,3.5,119.0,DraftKings,draftkings,player_assists,0.456621,0.0,0.018025,0.018025,-0.048185,False,True,EXPLICIT_MARKET_CLOSE,PENDING,
2026-08-13|nneka ogwumike|los angeles sparks @ new york liberty|ast|over|2026-08-14T02:45:53.180345+00:00|0.408436,2026-08-13|nneka ogwumike|los angeles sparks @ new york liberty|ast|over,2026-08-14T02:45:53.180345+00:00,2026-08-13,Los Angeles Sparks @ New York Liberty,Nneka Ogwumike,AST,OVER,3.5,128.0,BetOnline.ag,0.438596,0.408436,7b65a0cf20fa6d8ea3754c0f,2026-08-14T00:02:58.347544+00:00,7.03,3.5,119.0,DraftKings,draftkings,player_assists,0.456621,0.0,0.018025,0.018025,-0.048185,False,True,EXPLICIT_MARKET_CLOSE,PENDING,
2026-08-13|nneka ogwumike|los angeles sparks @ new york liberty|ast|over|2026-08-14T03:14:20.333368+00:00|0.408436,2026-08-13|nneka ogwumike|los angeles sparks @ new york liberty|ast|over,2026-08-14T03:14:20.333368+00:00,2026-08-13,Los Angeles Sparks @ New York Liberty,Nneka Ogwumike,AST,OVER,3.5,128.0,BetOnline.ag,0.438596,0.408436,7b65a0cf20fa6d8ea3754c0f,2026-08-14T00:02:58.347544+00:00,7.03,3.5,119.0,DraftKings,draftkings,player_assists,0.456621,0.0,0.018025,0.018025,-0.048185,False,True,EXPLICIT_MARKET_CLOSE,PENDING,
2026-08-13|nneka ogwumike|los angeles sparks @ new york liberty|ast|under|2026-08-13T22:14:23.905058+00:00|0.587344,2026-08-13|nneka ogwumike|los angeles sparks @ new york liberty|ast|under,2026-08-13T22:14:23.905058+00:00,2026-08-13,Los Angeles Sparks @ New York Liberty,Nneka Ogwumike,AST,UNDER,3.5,-152.0,Caesars,0.603175,0.587344,95a03f7bbc10dfd686cf97df,2026-08-14T00:02:58.347544+00:00,7.03,3.5,-162.0,DraftKings,draftkings,player_assists,0.618321,0.0,0.015146,0.015146,-0.030977,False,True,EXPLICIT_MARKET_CLOSE,PENDING,
2026-08-13|nneka ogwumike|los angeles sparks @ new york liberty|ast|under|2026-08-13T22:26:02.084717+00:00|0.587344,2026-08-13|nneka ogwumike|los angeles sparks @ new york liberty|ast|under,2026-08-13T22:26:02.084717+00:00,2026-08-13,Los Angeles Sparks @ New York Liberty,Nneka Ogwumike,AST,UNDER,3.5,-152.0,Caesars,0.603175,0.587344,95a03f7bbc10dfd686cf97df,2026-08-14T00:02:58.347544+00:00,7.03,3.5,-162.0,DraftKings,draftkings,player_assists,0.618321,0.0,0.015146,0.015146,-0.030977,False,True,EXPLICIT_MARKET_CLOSE,PENDING,
2026-08-13|nneka ogwumike|los angeles sparks @ new york liberty|ast|under|2026-08-13T23:01:54.176482+00:00|0.587344,2026-08-13|nneka ogwumike|los angeles sparks @ new york liberty|ast|under,2026-08-13T23:01:54.176482+00:00,2026-08-13,Los Angeles Sparks @ New York Liberty,Nneka Ogwumike,AST,UNDER,3.5,-152.0,Caesars,0.603175,0.587344,95a03f7bbc10dfd686cf97df,2026-08-14T00:02:58.347544+00:00,7.03,3.5,-162.0,DraftKings,draftkings,player_assists,0.618321,0.0,0.015146,0.015146,-0.030977,False,True,EXPLICIT_MARKET_CLOSE,PENDING,
2026-08-13|nneka ogwumike|los angeles sparks @ new york liberty|ast|under|2026-08-13T23:26:09.905124+00:00|0.587344,2026-08-13|nneka ogwumike|los angeles sparks @ new york liberty|ast|under,2026-08-13T23:26:09.905124+00:00,2026-08-13,Los Angeles Sparks @ New York Liberty,Nneka Ogwumike,AST,UNDER,3.5,-152.0,Caesars,0.603175,0.587344,95a03f7bbc10dfd686cf97df,2026-08-14T00:02:58.347544+00:00,7.03,3.5,-162.0,DraftKings,draftkings,player_assists,0.618321,0.0,0.015146,0.015146,-0.030977,False,True,EXPLICIT_MARKET_CLOSE,PENDING,
2026-08-13|nneka ogwumike|los angeles sparks @ new york liberty|ast|under|2026-08-14T00:02:58.076237+00:00|0.587344,2026-08-13|nneka ogwumike|los angeles sparks @ new york liberty|ast|under,2026-08-14T00:02:58.076237+00:00,2026-08-13,Los Angeles Sparks @ New York Liberty,Nneka Ogwumike,AST,UNDER,3.5,-152.0,Caesars,0.603175,0.587344,95a03f7bbc10dfd686cf97df,2026-08-14T00:02:58.347544+00:00,7.03,3.5,-162.0,DraftKings,draftkings,player_assists,0.618321,0.0,0.015146,0.015146,-0.030977,False,True,EXPLICIT_MARKET_CLOSE,PENDING,
2026-08-13|nneka ogwumike|los angeles sparks @ new york liberty|ast|under|2026-08-14T00:44:50.692907+00:00|0.587344,2026-08-13|nneka ogwumike|los angeles sparks @ new york liberty|ast|under,2026-08-14T00:44:50.692907+00:00,2026-08-13,Los Angeles Sparks @ New York Liberty,Nneka Ogwumike,AST,UNDER,3.5,-152.0,Caesars,0.603175,0.587344,95a03f7bbc10dfd686cf97df,2026-08-14T00:02:58.347544+00:00,7.03,3.5,-162.0,DraftKings,draftkings,player_assists,0.618321,0.0,0.015146,0.015146,-0.030977,False,True,EXPLICIT_MARKET_CLOSE,PENDING,
2026-08-13|nneka ogwumike|los angeles sparks @ new york liberty|ast|under|2026-08-14T02:45:53.180345+00:00|0.587344,2026-08-13|nneka ogwumike|los angeles sparks @ new york liberty|ast|under,2026-08-14T02:45:53.180345+00:00,2026-08-13,Los Angeles Sparks @ New York Liberty,Nneka Ogwumike,AST,UNDER,3.5,-152.0,Caesars,0.603175,0.587344,95a03f7bbc10dfd686cf97df,2026-08-14T00:02:58.347544+00:00,7.03,3.5,-162.0,DraftKings,draftkings,player_assists,0.618321,0.0,0.015146,0.015146,-0.030977,False,True,EXPLICIT_MARKET_CLOSE,PENDING,
2026-08-13|nneka ogwumike|los angeles sparks @ new york liberty|ast|under|2026-08-14T03:14:20.333368+00:00|0.587344,2026-08-13|nneka ogwumike|los angeles sparks @ new york liberty|ast|under,2026-08-14T03:14:20.333368+00:00,2026-08-13,Los Angeles Sparks @ New York Liberty,Nneka Ogwumike,AST,UNDER,3.5,-152.0,Caesars,0.603175,0.587344,95a03f7bbc10dfd686cf97df,2026-08-14T00:02:58.347544+00:00,7.03,3.5,-162.0,DraftKings,draftkings,player_assists,0.618321,0.0,0.015146,0.015146,-0.030977,False,True,EXPLICIT_MARKET_CLOSE,PENDING,
2026-08-13|nneka ogwumike|los angeles sparks @ new york liberty|pa|over|2026-08-13T22:14:23.905058+00:00|0.463926,2026-08-13|nneka ogwumike|los angeles sparks @ new york liberty|pa|over,2026-08-13T22:14:23.905058+00:00,2026-08-13,Los Angeles Sparks @ New York Liberty,Nneka Ogwumike,PA,OVER,20.5,-102.0,FanDuel,0.50495,0.463926,de60b30147ffd3033ab519fd,2026-08-14T00:02:58.347544+00:00,7.03,20.5,-102.0,FanDuel,fanduel,player_points_assists,0.50495,0.0,0.0,0.0,-0.041024,True,True,EXPLICIT_SAME_BOOK_CLOSE,PENDING,
2026-08-13|nneka ogwumike|los angeles sparks @ new york liberty|pa|over|2026-08-13T22:26:02.084717+00:00|0.463926,2026-08-13|nneka ogwumike|los angeles sparks @ new york liberty|pa|over,2026-08-13T22:26:02.084717+00:00,2026-08-13,Los Angeles Sparks @ New York Liberty,Nneka Ogwumike,PA,OVER,20.5,-102.0,FanDuel,0.50495,0.463926,de60b30147ffd3033ab519fd,2026-08-14T00:02:58.347544+00:00,7.03,20.5,-102.0,FanDuel,fanduel,player_points_assists,0.50495,0.0,0.0,0.0,-0.041024,True,True,EXPLICIT_SAME_BOOK_CLOSE,PENDING,
2026-08-13|nneka ogwumike|los angeles sparks @ new york liberty|pa|over|2026-08-13T23:01:54.176482+00:00|0.463926,2026-08-13|nneka ogwumike|los angeles sparks @ new york liberty|pa|over,2026-08-13T23:01:54.176482+00:00,2026-08-13,Los Angeles Sparks @ New York Liberty,Nneka Ogwumike,PA,OVER,20.5,-102.0,FanDuel,0.50495,0.463926,de60b30147ffd3033ab519fd,2026-08-14T00:02:58.347544+00:00,7.03,20.5,-102.0,FanDuel,fanduel,player_points_assists,0.50495,0.0,0.0,0.0,-0.041024,True,True,EXPLICIT_SAME_BOOK_CLOSE,PENDING,
2026-08-13|nneka ogwumike|los angeles sparks @ new york liberty|pa|over|2026-08-13T23:26:09.905124+00:00|0.463926,2026-08-13|nneka ogwumike|los angeles sparks @ new york liberty|pa|over,2026-08-13T23:26:09.905124+00:00,2026-08-13,Los Angeles Sparks @ New York Liberty,Nneka Ogwumike,PA,OVER,20.5,-102.0,FanDuel,0.50495,0.463926,de60b30147ffd3033ab519fd,2026-08-14T00:02:58.347544+00:00,7.03,20.5,-102.0,FanDuel,fanduel,player_points_assists,0.50495,0.0,0.0,0.0,-0.041024,True,True,EXPLICIT_SAME_BOOK_CLOSE,PENDING,
2026-08-13|nneka ogwumike|los angeles sparks @ new york liberty|pa|over|2026-08-14T00:02:58.076237+00:00|0.463926,2026-08-13|nneka ogwumike|los angeles sparks @ new york liberty|pa|over,2026-08-14T00:02:58.076237+00:00,2026-08-13,Los Angeles Sparks @ New York Liberty,Nneka Ogwumike,PA,OVER,20.5,-102.0,FanDuel,0.50495,0.463926,de60b30147ffd3033ab519fd,2026-08-14T00:02:58.347544+00:00,7.03,20.5,-102.0,FanDuel,fanduel,player_points_assists,0.50495,0.0,0.0,0.0,-0.041024,True,True,EXPLICIT_SAME_BOOK_CLOSE,PENDING,
2026-08-13|nneka ogwumike|los angeles sparks @ new york liberty|pa|over|2026-08-14T00:44:50.692907+00:00|0.463926,2026-08-13|nneka ogwumike|los angeles sparks @ new york liberty|pa|over,2026-08-14T00:44:50.692907+00:00,2026-08-13,Los Angeles Sparks @ New York Liberty,Nneka Ogwumike,PA,OVER,20.5,-102.0,FanDuel,0.50495,0.463926,de60b30147ffd3033ab519fd,2026-08-14T00:02:58.347544+00:00,7.03,20.5,-102.0,FanDuel,fanduel,player_points_assists,0.50495,0.0,0.0,0.0,-0.041024,True,True,EXPLICIT_SAME_BOOK_CLOSE,PENDING,
2026-08-13|nneka ogwumike|los angeles sparks @ new york liberty|pa|over|2026-08-14T02:45:53.180345+00:00|0.463926,2026-08-13|nneka ogwumike|los angeles sparks @ new york liberty|pa|over,2026-08-14T02:45:53.180345+00:00,2026-08-13,Los Angeles Sparks @ New York Liberty,Nneka Ogwumike,PA,OVER,20.5,-102.0,FanDuel,0.50495,0.463926,de60b30147ffd3033ab519fd,2026-08-14T00:02:58.347544+00:00,7.03,20.5,-102.0,FanDuel,fanduel,player_points_assists,0.50495,0.0,0.0,0.0,-0.041024,True,True,EXPLICIT_SAME_BOOK_CLOSE,PENDING,
2026-08-13|nneka ogwumike|los angeles sparks @ new york liberty|pa|over|2026-08-14T03:14:20.333368+00:00|0.463926,2026-08-13|nneka ogwumike|los angeles sparks @ new york liberty|pa|over,2026-08-14T03:14:20.333368+00:00,2026-08-13,Los Angeles Sparks @ New York Liberty,Nneka Ogwumike,PA,OVER,20.5,-102.0,FanDuel,0.50495,0.463926,de60b30147ffd3033ab519fd,2026-08-14T00:02:58.347544+00:00,7.03,20.5,-102.0,FanDuel,fanduel,player_points_assists,0.50495,0.0,0.0,0.0,-0.041024,True,True,EXPLICIT_SAME_BOOK_CLOSE,PENDING,
2026-08-13|nneka ogwumike|los angeles sparks @ new york liberty|pa|under|2026-08-13T22:14:23.905058+00:00|0.457775,2026-08-13|nneka ogwumike|los angeles sparks @ new york liberty|pa|under,2026-08-13T22:14:23.905058+00:00,2026-08-13,Los Angeles Sparks @ New York Liberty,Nneka Ogwumike,PA,UNDER,20.5,-128.0,DraftKings,0.561404,0.457775,c50653630d8155beb33cdbbd,2026-08-14T00:02:58.347544+00:00,7.03,20.5,-126.0,DraftKings,draftkings,player_points_assists,0.557522,0.0,-0.003881,-0.003881,-0.099747,True,True,EXPLICIT_SAME_BOOK_CLOSE,PENDING,
2026-08-13|nneka ogwumike|los angeles sparks @ new york liberty|pa|under|2026-08-13T22:26:02.084717+00:00|0.457775,2026-08-13|nneka ogwumike|los angeles sparks @ new york liberty|pa|under,2026-08-13T22:26:02.084717+00:00,2026-08-13,Los Angeles Sparks @ New York Liberty,Nneka Ogwumike,PA,UNDER,20.5,-128.0,DraftKings,0.561404,0.457775,c50653630d8155beb33cdbbd,2026-08-14T00:02:58.347544+00:00,7.03,20.5,-126.0,DraftKings,draftkings,player_points_assists,0.557522,0.0,-0.003881,-0.003881,-0.099747,True,True,EXPLICIT_SAME_BOOK_CLOSE,PENDING,
2026-08-13|nneka ogwumike|los angeles sparks @ new york liberty|pa|under|2026-08-13T23:01:54.176482+00:00|0.457775,2026-08-13|nneka ogwumike|los angeles sparks @ new york liberty|pa|under,2026-08-13T23:01:54.176482+00:00,2026-08-13,Los Angeles Sparks @ New York Liberty,Nneka Ogwumike,PA,UNDER,20.5,-128.0,DraftKings,0.561404,0.457775,c50653630d8155beb33cdbbd,2026-08-14T00:02:58.347544+00:00,7.03,20.5,-126.0,DraftKings,draftkings,player_points_assists,0.557522,0.0,-0.003881,-0.003881,-0.099747,True,True,EXPLICIT_SAME_BOOK_CLOSE,PENDING,
2026-08-13|nneka ogwumike|los angeles sparks @ new york liberty|pa|under|2026-08-13T23:26:09.905124+00:00|0.457775,2026-08-13|nneka ogwumike|los angeles sparks @ new york liberty|pa|under,2026-08-13T23:26:09.905124+00:00,2026-08-13,Los Angeles Sparks @ New York Liberty,Nneka Ogwumike,PA,UNDER,20.5,-128.0,DraftKings,0.561404,0.457775,c50653630d8155beb33cdbbd,2026-08-14T00:02:58.347544+00:00,7.03,20.5,-126.0,DraftKings,draftkings,player_points_assists,0.557522,0.0,-0.003881,-0.003881,-0.099747,True,True,EXPLICIT_SAME_BOOK_CLOSE,PENDING,
2026-08-13|nneka ogwumike|los angeles sparks @ new york liberty|pa|under|2026-08-14T00:02:58.076237+00:00|0.457775,2026-08-13|nneka ogwumike|los angeles sparks @ new york liberty|pa|under,2026-08-14T00:02:58.076237+00:00,2026-08-13,Los Angeles Sparks @ New York Liberty,Nneka Ogwumike,PA,UNDER,20.5,-128.0,DraftKings,0.561404,0.457775,c50653630d8155beb33cdbbd,2026-08-14T00:02:58.347544+00:00,7.03,20.5,-126.0,DraftKings,draftkings,player_points_assists,0.557522,0.0,-0.003881,-0.003881,-0.099747,True,True,EXPLICIT_SAME_BOOK_CLOSE,PENDING,
2026-08-13|nneka ogwumike|los angeles sparks @ new york liberty|pa|under|2026-08-14T00:44:50.692907+00:00|0.457775,2026-08-13|nneka ogwumike|los angeles sparks @ new york liberty|pa|under,2026-08-14T00:44:50.692907+00:00,2026-08-13,Los Angeles Sparks @ New York Liberty,Nneka Ogwumike,PA,UNDER,20.5,-128.0,DraftKings,0.561404,0.457775,c50653630d8155beb33cdbbd,2026-08-14T00:02:58.347544+00:00,7.03,20.5,-126.0,DraftKings,draftkings,player_points_assists,0.557522,0.0,-0.003881,-0.003881,-0.099747,True,True,EXPLICIT_SAME_BOOK_CLOSE,PENDING,
2026-08-13|nneka ogwumike|los angeles sparks @ new york liberty|pa|under|2026-08-14T02:45:53.180345+00:00|0.457775,2026-08-13|nneka ogwumike|los angeles sparks @ new york liberty|pa|under,2026-08-14T02:45:53.180345+00:00,2026-08-13,Los Angeles Sparks @ New York Liberty,Nneka Ogwumike,PA,UNDER,20.5,-128.0,DraftKings,0.561404,0.457775,c50653630d8155beb33cdbbd,2026-08-14T00:02:58.347544+00:00,7.03,20.5,-126.0,DraftKings,draftkings,player_points_assists,0.557522,0.0,-0.003881,-0.003881,-0.099747,True,True,EXPLICIT_SAME_BOOK_CLOSE,PENDING,
2026-08-13|nneka ogwumike|los angeles sparks @ new york liberty|pa|under|2026-08-14T03:14:20.333368+00:00|0.457775,2026-08-13|nneka ogwumike|los angeles sparks @ new york liberty|pa|under,2026-08-14T03:14:20.333368+00:00,2026-08-13,Los Angeles Sparks @ New York Liberty,Nneka Ogwumike,PA,UNDER,20.5,-128.0,DraftKings,0.561404,0.457775,c50653630d8155beb33cdbbd,2026-08-14T00:02:58.347544+00:00,7.03,20.5,-126.0,DraftKings,draftkings,player_points_assists,0.557522,0.0,-0.003881,-0.003881,-0.099747,True,True,EXPLICIT_SAME_BOOK_CLOSE,PENDING,
2026-08-13|nneka ogwumike|los angeles sparks @ new york liberty|pra|over|2026-08-13T22:14:23.905058+00:00|0.677202,2026-08-13|nneka ogwumike|los angeles sparks @ new york liberty|pra|over,2026-08-13T22:14:23.905058+00:00,2026-08-13,Los Angeles Sparks @ New York Liberty,Nneka Ogwumike,PRA,OVER,28.5,-108.0,BetOnline.ag,0.519231,0.677202,691868ccc3c999a2f3f5ac28,2026-08-14T00:02:58.347544+00:00,7.03,28.5,-120.0,DraftKings,draftkings,player_points_rebounds_assists,0.545455,0.0,0.026224,0.026224,0.131747,False,True,EXPLICIT_MARKET_CLOSE,PENDING,
2026-08-13|nneka ogwumike|los angeles sparks @ new york liberty|pra|over|2026-08-13T22:26:02.084717+00:00|0.677202,2026-08-13|nneka ogwumike|los angeles sparks @ new york liberty|pra|over,2026-08-13T22:26:02.084717+00:00,2026-08-13,Los Angeles Sparks @ New York Liberty,Nneka Ogwumike,PRA,OVER,28.5,-108.0,BetOnline.ag,0.519231,0.677202,691868ccc3c999a2f3f5ac28,2026-08-14T00:02:58.347544+00:00,7.03,28.5,-120.0,DraftKings,draftkings,player_points_rebounds_assists,0.545455,0.0,0.026224,0.026224,0.131747,False,True,EXPLICIT_MARKET_CLOSE,PENDING,
2026-08-13|nneka ogwumike|los angeles sparks @ new york liberty|pra|over|2026-08-13T23:01:54.176482+00:00|0.677202,2026-08-13|nneka ogwumike|los angeles sparks @ new york liberty|pra|over,2026-08-13T23:01:54.176482+00:00,2026-08-13,Los Angeles Sparks @ New York Liberty,Nneka Ogwumike,PRA,OVER,28.5,-108.0,BetOnline.ag,0.519231,0.677202,691868ccc3c999a2f3f5ac28,2026-08-14T00:02:58.347544+00:00,7.03,28.5,-120.0,DraftKings,draftkings,player_points_rebounds_assists,0.545455,0.0,0.026224,0.026224,0.131747,False,True,EXPLICIT_MARKET_CLOSE,PENDING,
2026-08-13|nneka ogwumike|los angeles sparks @ new york liberty|pra|over|2026-08-13T23:26:09.905124+00:00|0.677202,2026-08-13|nneka ogwumike|los angeles sparks @ new york liberty|pra|over,2026-08-13T23:26:09.905124+00:00,2026-08-13,Los Angeles Sparks @ New York Liberty,Nneka Ogwumike,PRA,OVER,28.5,-108.0,BetOnline.ag,0.519231,0.677202,691868ccc3c999a2f3f5ac28,2026-08-14T00:02:58.347544+00:00,7.03,28.5,-120.0,DraftKings,draftkings,player_points_rebounds_assists,0.545455,0.0,0.026224,0.026224,0.131747,False,True,EXPLICIT_MARKET_CLOSE,PENDING,
2026-08-13|nneka ogwumike|los angeles sparks @ new york liberty|pra|over|2026-08-14T00:02:58.076237+00:00|0.677202,2026-08-13|nneka ogwumike|los angeles sparks @ new york liberty|pra|over,2026-08-14T00:02:58.076237+00:00,2026-08-13,Los Angeles Sparks @ New York Liberty,Nneka Ogwumike,PRA,OVER,28.5,-108.0,BetOnline.ag,0.519231,0.677202,691868ccc3c999a2f3f5ac28,2026-08-14T00:02:58.347544+00:00,7.03,28.5,-120.0,DraftKings,draftkings,player_points_rebounds_assists,0.545455,0.0,0.026224,0.026224,0.131747,False,True,EXPLICIT_MARKET_CLOSE,PENDING,
2026-08-13|nneka ogwumike|los angeles sparks @ new york liberty|pra|over|2026-08-14T00:44:50.692907+00:00|0.677202,2026-08-13|nneka ogwumike|los angeles sparks @ new york liberty|pra|over,2026-08-14T00:44:50.692907+00:00,2026-08-13,Los Angeles Sparks @ New York Liberty,Nneka Ogwumike,PRA,OVER,28.5,-108.0,BetOnline.ag,0.519231,0.677202,691868ccc3c999a2f3f5ac28,2026-08-14T00:02:58.347544+00:00,7.03,28.5,-120.0,DraftKings,draftkings,player_points_rebounds_assists,0.545455,0.0,0.026224,0.026224,0.131747,False,True,EXPLICIT_MARKET_CLOSE,PENDING,
2026-08-13|nneka ogwumike|los angeles sparks @ new york liberty|pra|over|2026-08-14T02:45:53.180345+00:00|0.677202,2026-08-13|nneka ogwumike|los angeles sparks @ new york liberty|pra|over,2026-08-14T02:45:53.180345+00:00,2026-08-13,Los Angeles Sparks @ New York Liberty,Nneka Ogwumike,PRA,OVER,28.5,-108.0,BetOnline.ag,0.519231,0.677202,691868ccc3c999a2f3f5ac28,2026-08-14T00:02:58.347544+00:00,7.03,28.5,-120.0,DraftKings,draftkings,player_points_rebounds_assists,0.545455,0.0,0.026224,0.026224,0.131747,False,True,EXPLICIT_MARKET_CLOSE,PENDING,
2026-08-13|nneka ogwumike|los angeles sparks @ new york liberty|pra|over|2026-08-14T03:14:20.333368+00:00|0.677202,2026-08-13|nneka ogwumike|los angeles sparks @ new york liberty|pra|over,2026-08-14T03:14:20.333368+00:00,2026-08-13,Los Angeles Sparks @ New York Liberty,Nneka Ogwumike,PRA,OVER,28.5,-108.0,BetOnline.ag,0.519231,0.677202,691868ccc3c999a2f3f5ac28,2026-08-14T00:02:58.347544+00:00,7.03,28.5,-120.0,DraftKings,draftkings,player_points_rebounds_assists,0.545455,0.0,0.026224,0.026224,0.131747,False,True,EXPLICIT_MARKET_CLOSE,PENDING,
2026-08-13|nneka ogwumike|los angeles sparks @ new york liberty|pra|under|2026-08-13T22:14:23.905058+00:00|0.450339,2026-08-13|nneka ogwumike|los angeles sparks @ new york liberty|pra|under,2026-08-13T22:14:23.905058+00:00,2026-08-13,Los Angeles Sparks @ New York Liberty,Nneka Ogwumike,PRA,UNDER,28.5,-113.0,DraftKings,0.530516,0.450339,c4151e97a355630b8adf0db8,2026-08-14T00:02:58.347544+00:00,7.03,28.5,-113.0,DraftKings,draftkings,player_points_rebounds_assists,0.530516,0.0,0.0,0.0,-0.080177,True,True,EXPLICIT_SAME_BOOK_CLOSE,PENDING,
2026-08-13|nneka ogwumike|los angeles sparks @ new york liberty|pra|under|2026-08-13T22:26:02.084717+00:00|0.450339,2026-08-13|nneka ogwumike|los angeles sparks @ new york liberty|pra|under,2026-08-13T22:26:02.084717+00:00,2026-08-13,Los Angeles Sparks @ New York Liberty,Nneka Ogwumike,PRA,UNDER,28.5,-113.0,DraftKings,0.530516,0.450339,c4151e97a355630b8adf0db8,2026-08-14T00:02:58.347544+00:00,7.03,28.5,-113.0,DraftKings,draftkings,player_points_rebounds_assists,0.530516,0.0,0.0,0.0,-0.080177,True,True,EXPLICIT_SAME_BOOK_CLOSE,PENDING,
2026-08-13|nneka ogwumike|los angeles sparks @ new york liberty|pra|under|2026-08-13T23:01:54.176482+00:00|0.450339,2026-08-13|nneka ogwumike|los angeles sparks @ new york liberty|pra|under,2026-08-13T23:01:54.176482+00:00,2026-08-13,Los Angeles Sparks @ New York Liberty,Nneka Ogwumike,PRA,UNDER,28.5,-113.0,DraftKings,0.530516,0.450339,c4151e97a355630b8adf0db8,2026-08-14T00:02:58.347544+00:00,7.03,28.5,-113.0,DraftKings,draftkings,player_points_rebounds_assists,0.530516,0.0,0.0,0.0,-0.080177,True,True,EXPLICIT_SAME_BOOK_CLOSE,PENDING,
2026-08-13|nneka ogwumike|los angeles sparks @ new york liberty|pra|under|2026-08-13T23:26:09.905124+00:00|0.450339,2026-08-13|nneka ogwumike|los angeles sparks @ new york liberty|pra|under,2026-08-13T23:26:09.905124+00:00,2026-08-13,Los Angeles Sparks @ New York Liberty,Nneka Ogwumike,PRA,UNDER,28.5,-113.0,DraftKings,0.530516,0.450339,c4151e97a355630b8adf0db8,2026-08-14T00:02:58.347544+00:00,7.03,28.5,-113.0,DraftKings,draftkings,player_points_rebounds_assists,0.530516,0.0,0.0,0.0,-0.080177,True,True,EXPLICIT_SAME_BOOK_CLOSE,PENDING,
2026-08-13|nneka ogwumike|los angeles sparks @ new york liberty|pra|under|2026-08-14T00:02:58.076237+00:00|0.450339,2026-08-13|nneka ogwumike|los angeles sparks @ new york liberty|pra|under,2026-08-14T00:02:58.076237+00:00,2026-08-13,Los Angeles Sparks @ New York Liberty,Nneka Ogwumike,PRA,UNDER,28.5,-113.0,DraftKings,0.530516,0.450339,c4151e97a355630b8adf0db8,2026-08-14T00:02:58.347544+00:00,7.03,28.5,-113.0,DraftKings,draftkings,player_points_rebounds_assists,0.530516,0.0,0.0,0.0,-0.080177,True,True,EXPLICIT_SAME_BOOK_CLOSE,PENDING,
2026-08-13|nneka ogwumike|los angeles sparks @ new york liberty|pra|under|2026-08-14T00:44:50.692907+00:00|0.450339,2026-08-13|nneka ogwumike|los angeles sparks @ new york liberty|pra|under,2026-08-14T00:44:50.692907+00:00,2026-08-13,Los Angeles Sparks @ New York Liberty,Nneka Ogwumike,PRA,UNDER,28.5,-113.0,DraftKings,0.530516,0.450339,c4151e97a355630b8adf0db8,2026-08-14T00:02:58.347544+00:00,7.03,28.5,-113.0,DraftKings,draftkings,player_points_rebounds_assists,0.530516,0.0,0.0,0.0,-0.080177,True,True,EXPLICIT_SAME_BOOK_CLOSE,PENDING,
2026-08-13|nneka ogwumike|los angeles sparks @ new york liberty|pra|under|2026-08-14T02:45:53.180345+00:00|0.450339,2026-08-13|nneka ogwumike|los angeles sparks @ new york liberty|pra|under,2026-08-14T02:45:53.180345+00:00,2026-08-13,Los Angeles Sparks @ New York Liberty,Nneka Ogwumike,PRA,UNDER,28.5,-113.0,DraftKings,0.530516,0.450339,c4151e97a355630b8adf0db8,2026-08-14T00:02:58.347544+00:00,7.03,28.5,-113.0,DraftKings,draftkings,player_points_rebounds_assists,0.530516,0.0,0.0,0.0,-0.080177,True,True,EXPLICIT_SAME_BOOK_CLOSE,PENDING,
2026-08-13|nneka ogwumike|los angeles sparks @ new york liberty|pra|under|2026-08-14T03:14:20.333368+00:00|0.450339,2026-08-13|nneka ogwumike|los angeles sparks @ new york liberty|pra|under,2026-08-14T03:14:20.333368+00:00,2026-08-13,Los Angeles Sparks @ New York Liberty,Nneka Ogwumike,PRA,UNDER,28.5,-113.0,DraftKings,0.530516,0.450339,c4151e97a355630b8adf0db8,2026-08-14T00:02:58.347544+00:00,7.03,28.5,-113.0,DraftKings,draftkings,player_points_rebounds_assists,0.530516,0.0,0.0,0.0,-0.080177,True,True,EXPLICIT_SAME_BOOK_CLOSE,PENDING,
2026-08-13|nneka ogwumike|los angeles sparks @ new york liberty|pts|over|2026-08-13T22:14:23.905058+00:00|0.6721,2026-08-13|nneka ogwumike|los angeles sparks @ new york liberty|pts|over,2026-08-13T22:14:23.905058+00:00,2026-08-13,Los Angeles Sparks @ New York Liberty,Nneka Ogwumike,PTS,OVER,15.5,-141.0,BetRivers,0.585062,0.6721,f36b8a1b8fb9594755f55b17,2026-08-14T00:02:58.347544+00:00,7.03,16.5,-123.0,DraftKings,draftkings,player_points,0.55157,1.0,-0.033493,-0.033493,0.12053,False,False,EXPLICIT_MARKET_CLOSE,PENDING,
2026-08-13|nneka ogwumike|los angeles sparks @ new york liberty|pts|over|2026-08-13T22:14:23.905058+00:00|0.869903,2026-08-13|nneka ogwumike|los angeles sparks @ new york liberty|pts|over,2026-08-13T22:14:23.905058+00:00,2026-08-13,Los Angeles Sparks @ New York Liberty,Nneka Ogwumike,PTS,OVER,16.5,-113.0,BetRivers,0.530516,0.869903,f36b8a1b8fb9594755f55b17,2026-08-14T00:02:58.347544+00:00,7.03,16.5,-123.0,DraftKings,draftkings,player_points,0.55157,0.0,0.021053,0.021053,0.318333,False,True,EXPLICIT_MARKET_CLOSE,PENDING,
2026-08-13|nneka ogwumike|los angeles sparks @ new york liberty|pts|over|2026-08-13T22:14:23.905058+00:00|0.648571,2026-08-13|nneka ogwumike|los angeles sparks @ new york liberty|pts|over,2026-08-13T22:14:23.905058+00:00,2026-08-13,Los Angeles Sparks @ New York Liberty,Nneka Ogwumike,PTS,OVER,17.5,110.0,BetRivers,0.47619,0.648571,f36b8a1b8fb9594755f55b17,2026-08-14T00:02:58.347544+00:00,7.03,16.5,-123.0,DraftKings,draftkings,player_points,0.55157,-1.0,0.075379,0.075379,0.097001,False,False,EXPLICIT_MARKET_CLOSE,PENDING,
2026-08-13|nneka ogwumike|los angeles sparks @ new york liberty|pts|over|2026-08-13T22:26:02.084717+00:00|0.6721,2026-08-13|nneka ogwumike|los angeles sparks @ new york liberty|pts|over,2026-08-13T22:26:02.084717+00:00,2026-08-13,Los Angeles Sparks @ New York Liberty,Nneka Ogwumike,PTS,OVER,15.5,-141.0,BetRivers,0.585062,0.6721,f36b8a1b8fb9594755f55b17,2026-08-14T00:02:58.347544+00:00,7.03,16.5,-123.0,DraftKings,draftkings,player_points,0.55157,1.0,-0.033493,-0.033493,0.12053,False,False,EXPLICIT_MARKET_CLOSE,PENDING,
2026-08-13|nneka ogwumike|los angeles sparks @ new york liberty|pts|over|2026-08-13T22:26:02.084717+00:00|0.869903,2026-08-13|nneka ogwumike|los angeles sparks @ new york liberty|pts|over,2026-08-13T22:26:02.084717+00:00,2026-08-13,Los Angeles Sparks @ New York Liberty,Nneka Ogwumike,PTS,OVER,16.5,-113.0,BetRivers,0.530516,0.869903,f36b8a1b8fb9594755f55b17,2026-08-14T00:02:58.347544+00:00,7.03,16.5,-123.0,DraftKings,draftkings,player_points,0.55157,0.0,0.021053,0.021053,0.318333,False,True,EXPLICIT_MARKET_CLOSE,PENDING,
2026-08-13|nneka ogwumike|los angeles sparks @ new york liberty|pts|over|2026-08-13T22:26:02.084717+00:00|0.648571,2026-08-13|nneka ogwumike|los angeles sparks @ new york liberty|pts|over,2026-08-13T22:26:02.084717+00:00,2026-08-13,Los Angeles Sparks @ New York Liberty,Nneka Ogwumike,PTS,OVER,17.5,110.0,BetRivers,0.47619,0.648571,f36b8a1b8fb9594755f55b17,2026-08-14T00:02:58.347544+00:00,7.03,16.5,-123.0,DraftKings,draftkings,player_points,0.55157,-1.0,0.075379,0.075379,0.097001,False,False,EXPLICIT_MARKET_CLOSE,PENDING,
2026-08-13|nneka ogwumike|los angeles sparks @ new york liberty|pts|over|2026-08-13T23:01:54.176482+00:00|0.6721,2026-08-13|nneka ogwumike|los angeles sparks @ new york liberty|pts|over,2026-08-13T23:01:54.176482+00:00,2026-08-13,Los Angeles Sparks @ New York Liberty,Nneka Ogwumike,PTS,OVER,15.5,-141.0,BetRivers,0.585062,0.6721,f36b8a1b8fb9594755f55b17,2026-08-14T00:02:58.347544+00:00,7.03,16.5,-123.0,DraftKings,draftkings,player_points,0.55157,1.0,-0.033493,-0.033493,0.12053,False,False,EXPLICIT_MARKET_CLOSE,PENDING,
2026-08-13|nneka ogwumike|los angeles sparks @ new york liberty|pts|over|2026-08-13T23:01:54.176482+00:00|0.869903,2026-08-13|nneka ogwumike|los angeles sparks @ new york liberty|pts|over,2026-08-13T23:01:54.176482+00:00,2026-08-13,Los Angeles Sparks @ New York Liberty,Nneka Ogwumike,PTS,OVER,16.5,-113.0,BetRivers,0.530516,0.869903,f36b8a1b8fb9594755f55b17,2026-08-14T00:02:58.347544+00:00,7.03,16.5,-123.0,DraftKings,draftkings,player_points,0.55157,0.0,0.021053,0.021053,0.318333,False,True,EXPLICIT_MARKET_CLOSE,PENDING,
2026-08-13|nneka ogwumike|los angeles sparks @ new york liberty|pts|over|2026-08-13T23:01:54.176482+00:00|0.648571,2026-08-13|nneka ogwumike|los angeles sparks @ new york liberty|pts|over,2026-08-13T23:01:54.176482+00:00,2026-08-13,Los Angeles Sparks @ New York Liberty,Nneka Ogwumike,PTS,OVER,17.5,110.0,BetRivers,0.47619,0.648571,f36b8a1b8fb9594755f55b17,2026-08-14T00:02:58.347544+00:00,7.03,16.5,-123.0,DraftKings,draftkings,player_points,0.55157,-1.0,0.075379,0.075379,0.097001,False,False,EXPLICIT_MARKET_CLOSE,PENDING,
2026-08-13|nneka ogwumike|los angeles sparks @ new york liberty|pts|over|2026-08-13T23:26:09.905124+00:00|0.6721,2026-08-13|nneka ogwumike|los angeles sparks @ new york liberty|pts|over,2026-08-13T23:26:09.905124+00:00,2026-08-13,Los Angeles Sparks @ New York Liberty,Nneka Ogwumike,PTS,OVER,15.5,-141.0,BetRivers,0.585062,0.6721,f36b8a1b8fb9594755f55b17,2026-08-14T00:02:58.347544+00:00,7.03,16.5,-123.0,DraftKings,draftkings,player_points,0.55157,1.0,-0.033493,-0.033493,0.12053,False,False,EXPLICIT_MARKET_CLOSE,PENDING,
2026-08-13|nneka ogwumike|los angeles sparks @ new york liberty|pts|over|2026-08-13T23:26:09.905124+00:00|0.869903,2026-08-13|nneka ogwumike|los angeles sparks @ new york liberty|pts|over,2026-08-13T23:26:09.905124+00:00,2026-08-13,Los Angeles Sparks @ New York Liberty,Nneka Ogwumike,PTS,OVER,16.5,-113.0,BetRivers,0.530516,0.869903,f36b8a1b8fb9594755f55b17,2026-08-14T00:02:58.347544+00:00,7.03,16.5,-123.0,DraftKings,draftkings,player_points,0.55157,0.0,0.021053,0.021053,0.318333,False,True,EXPLICIT_MARKET_CLOSE,PENDING,
2026-08-13|nneka ogwumike|los angeles sparks @ new york liberty|pts|over|2026-08-13T23:26:09.905124+00:00|0.648571,2026-08-13|nneka ogwumike|los angeles sparks @ new york liberty|pts|over,2026-08-13T23:26:09.905124+00:00,2026-08-13,Los Angeles Sparks @ New York Liberty,Nneka Ogwumike,PTS,OVER,17.5,110.0,BetRivers,0.47619,0.648571,f36b8a1b8fb9594755f55b17,2026-08-14T00:02:58.347544+00:00,7.03,16.5,-123.0,DraftKings,draftkings,player_points,0.55157,-1.0,0.075379,0.075379,0.097001,False,False,EXPLICIT_MARKET_CLOSE,PENDING,
2026-08-13|nneka ogwumike|los angeles sparks @ new york liberty|pts|over|2026-08-14T00:02:58.076237+00:00|0.6721,2026-08-13|nneka ogwumike|los angeles sparks @ new york liberty|pts|over,2026-08-14T00:02:58.076237+00:00,2026-08-13,Los Angeles Sparks @ New York Liberty,Nneka Ogwumike,PTS,OVER,15.5,-141.0,BetRivers,0.585062,0.6721,f36b8a1b8fb9594755f55b17,2026-08-14T00:02:58.347544+00:00,7.03,16.5,-123.0,DraftKings,draftkings,player_points,0.55157,1.0,-0.033493,-0.033493,0.12053,False,False,EXPLICIT_MARKET_CLOSE,PENDING,
2026-08-13|nneka ogwumike|los angeles sparks @ new york liberty|pts|over|2026-08-14T00:02:58.076237+00:00|0.869903,2026-08-13|nneka ogwumike|los angeles sparks @ new york liberty|pts|over,2026-08-14T00:02:58.076237+00:00,2026-08-13,Los Angeles Sparks @ New York Liberty,Nneka Ogwumike,PTS,OVER,16.5,-113.0,BetRivers,0.530516,0.869903,f36b8a1b8fb9594755f55b17,2026-08-14T00:02:58.347544+00:00,7.03,16.5,-123.0,DraftKings,draftkings,player_points,0.55157,0.0,0.021053,0.021053,0.318333,False,True,EXPLICIT_MARKET_CLOSE,PENDING,
2026-08-13|nneka ogwumike|los angeles sparks @ new york liberty|pts|over|2026-08-14T00:02:58.076237+00:00|0.648571,2026-08-13|nneka ogwumike|los angeles sparks @ new york liberty|pts|over,2026-08-14T00:02:58.076237+00:00,2026-08-13,Los Angeles Sparks @ New York Liberty,Nneka Ogwumike,PTS,OVER,17.5,110.0,BetRivers,0.47619,0.648571,f36b8a1b8fb9594755f55b17,2026-08-14T00:02:58.347544+00:00,7.03,16.5,-123.0,DraftKings,draftkings,player_points,0.55157,-1.0,0.075379,0.075379,0.097001,False,False,EXPLICIT_MARKET_CLOSE,PENDING,
2026-08-13|nneka ogwumike|los angeles sparks @ new york liberty|pts|over|2026-08-14T00:44:50.692907+00:00|0.6721,2026-08-13|nneka ogwumike|los angeles sparks @ new york liberty|pts|over,2026-08-14T00:44:50.692907+00:00,2026-08-13,Los Angeles Sparks @ New York Liberty,Nneka Ogwumike,PTS,OVER,15.5,-141.0,BetRivers,0.585062,0.6721,f36b8a1b8fb9594755f55b17,2026-08-14T00:02:58.347544+00:00,7.03,16.5,-123.0,DraftKings,draftkings,player_points,0.55157,1.0,-0.033493,-0.033493,0.12053,False,False,EXPLICIT_MARKET_CLOSE,PENDING,
2026-08-13|nneka ogwumike|los angeles sparks @ new york liberty|pts|over|2026-08-14T00:44:50.692907+00:00|0.869903,2026-08-13|nneka ogwumike|los angeles sparks @ new york liberty|pts|over,2026-08-14T00:44:50.692907+00:00,2026-08-13,Los Angeles Sparks @ New York Liberty,Nneka Ogwumike,PTS,OVER,16.5,-113.0,BetRivers,0.530516,0.869903,f36b8a1b8fb9594755f55b17,2026-08-14T00:02:58.347544+00:00,7.03,16.5,-123.0,DraftKings,draftkings,player_points,0.55157,0.0,0.021053,0.021053,0.318333,False,True,EXPLICIT_MARKET_CLOSE,PENDING,
2026-08-13|nneka ogwumike|los angeles sparks @ new york liberty|pts|over|2026-08-14T00:44:50.692907+00:00|0.648571,2026-08-13|nneka ogwumike|los angeles sparks @ new york liberty|pts|over,2026-08-14T00:44:50.692907+00:00,2026-08-13,Los Angeles Sparks @ New York Liberty,Nneka Ogwumike,PTS,OVER,17.5,110.0,BetRivers,0.47619,0.648571,f36b8a1b8fb9594755f55b17,2026-08-14T00:02:58.347544+00:00,7.03,16.5,-123.0,DraftKings,draftkings,player_points,0.55157,-1.0,0.075379,0.075379,0.097001,False,False,EXPLICIT_MARKET_CLOSE,PENDING,
2026-08-13|nneka ogwumike|los angeles sparks @ new york liberty|pts|over|2026-08-14T02:45:53.180345+00:00|0.6721,2026-08-13|nneka ogwumike|los angeles sparks @ new york liberty|pts|over,2026-08-14T02:45:53.180345+00:00,2026-08-13,Los Angeles Sparks @ New York Liberty,Nneka Ogwumike,PTS,OVER,15.5,-141.0,BetRivers,0.585062,0.6721,f36b8a1b8fb9594755f55b17,2026-08-14T00:02:58.347544+00:00,7.03,16.5,-123.0,DraftKings,draftkings,player_points,0.55157,1.0,-0.033493,-0.033493,0.12053,False,False,EXPLICIT_MARKET_CLOSE,PENDING,
2026-08-13|nneka ogwumike|los angeles sparks @ new york liberty|pts|over|2026-08-14T02:45:53.180345+00:00|0.869903,2026-08-13|nneka ogwumike|los angeles sparks @ new york liberty|pts|over,2026-08-14T02:45:53.180345+00:00,2026-08-13,Los Angeles Sparks @ New York Liberty,Nneka Ogwumike,PTS,OVER,16.5,-113.0,BetRivers,0.530516,0.869903,f36b8a1b8fb9594755f55b17,2026-08-14T00:02:58.347544+00:00,7.03,16.5,-123.0,DraftKings,draftkings,player_points,0.55157,0.0,0.021053,0.021053,0.318333,False,True,EXPLICIT_MARKET_CLOSE,PENDING,
2026-08-13|nneka ogwumike|los angeles sparks @ new york liberty|pts|over|2026-08-14T02:45:53.180345+00:00|0.648571,2026-08-13|nneka ogwumike|los angeles sparks @ new york liberty|pts|over,2026-08-14T02:45:53.180345+00:00,2026-08-13,Los Angeles Sparks @ New York Liberty,Nneka Ogwumike,PTS,OVER,17.5,110.0,BetRivers,0.47619,0.648571,f36b8a1b8fb9594755f55b17,2026-08-14T00:02:58.347544+00:00,7.03,16.5,-123.0,DraftKings,draftkings,player_points,0.55157,-1.0,0.075379,0.075379,0.097001,False,False,EXPLICIT_MARKET_CLOSE,PENDING,
2026-08-13|nneka ogwumike|los angeles sparks @ new york liberty|pts|over|2026-08-14T03:14:20.333368+00:00|0.6721,2026-08-13|nneka ogwumike|los angeles sparks @ new york liberty|pts|over,2026-08-14T03:14:20.333368+00:00,2026-08-13,Los Angeles Sparks @ New York Liberty,Nneka Ogwumike,PTS,OVER,15.5,-141.0,BetRivers,0.585062,0.6721,f36b8a1b8fb9594755f55b17,2026-08-14T00:02:58.347544+00:00,7.03,16.5,-123.0,DraftKings,draftkings,player_points,0.55157,1.0,-0.033493,-0.033493,0.12053,False,False,EXPLICIT_MARKET_CLOSE,PENDING,
2026-08-13|nneka ogwumike|los angeles sparks @ new york liberty|pts|over|2026-08-14T03:14:20.333368+00:00|0.869903,2026-08-13|nneka ogwumike|los angeles sparks @ new york liberty|pts|over,2026-08-14T03:14:20.333368+00:00,2026-08-13,Los Angeles Sparks @ New York Liberty,Nneka Ogwumike,PTS,OVER,16.5,-113.0,BetRivers,0.530516,0.869903,f36b8a1b8fb9594755f55b17,2026-08-14T00:02:58.347544+00:00,7.03,16.5,-123.0,DraftKings,draftkings,player_points,0.55157,0.0,0.021053,0.021053,0.318333,False,True,EXPLICIT_MARKET_CLOSE,PENDING,
2026-08-13|nneka ogwumike|los angeles sparks @ new york liberty|pts|over|2026-08-14T03:14:20.333368+00:00|0.648571,2026-08-13|nneka ogwumike|los angeles sparks @ new york liberty|pts|over,2026-08-14T03:14:20.333368+00:00,2026-08-13,Los Angeles Sparks @ New York Liberty,Nneka Ogwumike,PTS,OVER,17.5,110.0,BetRivers,0.47619,0.648571,f36b8a1b8fb9594755f55b17,2026-08-14T00:02:58.347544+00:00,7.03,16.5,-123.0,DraftKings,draftkings,player_points,0.55157,-1.0,0.075379,0.075379,0.097001,False,False,EXPLICIT_MARKET_CLOSE,PENDING,
2026-08-13|nneka ogwumike|los angeles sparks @ new york liberty|pts|under|2026-08-13T22:14:23.905058+00:00|0.520982,2026-08-13|nneka ogwumike|los angeles sparks @ new york liberty|pts|under,2026-08-13T22:14:23.905058+00:00,2026-08-13,Los Angeles Sparks @ New York Liberty,Nneka Ogwumike,PTS,UNDER,16.5,110.0,BetOnline.ag,0.47619,0.520982,ac0921550d0a900fa53acadb,2026-08-14T00:02:58.347544+00:00,7.03,16.5,-107.0,DraftKings,draftkings,player_points,0.516908,0.0,0.040718,0.040718,0.004074,False,True,EXPLICIT_MARKET_CLOSE,PENDING,
2026-08-13|nneka ogwumike|los angeles sparks @ new york liberty|pts|under|2026-08-13T22:26:02.084717+00:00|0.520982,2026-08-13|nneka ogwumike|los angeles sparks @ new york liberty|pts|under,2026-08-13T22:26:02.084717+00:00,2026-08-13,Los Angeles Sparks @ New York Liberty,Nneka Ogwumike,PTS,UNDER,16.5,110.0,BetOnline.ag,0.47619,0.520982,ac0921550d0a900fa53acadb,2026-08-14T00:02:58.347544+00:00,7.03,16.5,-107.0,DraftKings,draftkings,player_points,0.516908,0.0,0.040718,0.040718,0.004074,False,True,EXPLICIT_MARKET_CLOSE,PENDING,
2026-08-13|nneka ogwumike|los angeles sparks @ new york liberty|pts|under|2026-08-13T23:01:54.176482+00:00|0.520982,2026-08-13|nneka ogwumike|los angeles sparks @ new york liberty|pts|under,2026-08-13T23:01:54.176482+00:00,2026-08-13,Los Angeles Sparks @ New York Liberty,Nneka Ogwumike,PTS,UNDER,16.5,110.0,BetOnline.ag,0.47619,0.520982,ac0921550d0a900fa53acadb,2026-08-14T00:02:58.347544+00:00,7.03,16.5,-107.0,DraftKings,draftkings,player_points,0.516908,0.0,0.040718,0.040718,0.004074,False,True,EXPLICIT_MARKET_CLOSE,PENDING,
2026-08-13|nneka ogwumike|los angeles sparks @ new york liberty|pts|under|2026-08-13T23:26:09.905124+00:00|0.520982,2026-08-13|nneka ogwumike|los angeles sparks @ new york liberty|pts|under,2026-08-13T23:26:09.905124+00:00,2026-08-13,Los Angeles Sparks @ New York Liberty,Nneka Ogwumike,PTS,UNDER,16.5,110.0,BetOnline.ag,0.47619,0.520982,ac0921550d0a900fa53acadb,2026-08-14T00:02:58.347544+00:00,7.03,16.5,-107.0,DraftKings,draftkings,player_points,0.516908,0.0,0.040718,0.040718,0.004074,False,True,EXPLICIT_MARKET_CLOSE,PENDING,
2026-08-13|nneka ogwumike|los angeles sparks @ new york liberty|pts|under|2026-08-14T00:02:58.076237+00:00|0.520982,2026-08-13|nneka ogwumike|los angeles sparks @ new york liberty|pts|under,2026-08-14T00:02:58.076237+00:00,2026-08-13,Los Angeles Sparks @ New York Liberty,Nneka Ogwumike,PTS,UNDER,16.5,110.0,BetOnline.ag,0.47619,0.520982,ac0921550d0a900fa53acadb,2026-08-14T00:02:58.347544+00:00,7.03,16.5,-107.0,DraftKings,draftkings,player_points,0.516908,0.0,0.040718,0.040718,0.004074,False,True,EXPLICIT_MARKET_CLOSE,PENDING,
2026-08-13|nneka ogwumike|los angeles sparks @ new york liberty|pts|under|2026-08-14T00:44:50.692907+00:00|0.520982,2026-08-13|nneka ogwumike|los angeles sparks @ new york liberty|pts|under,2026-08-14T00:44:50.692907+00:00,2026-08-13,Los Angeles Sparks @ New York Liberty,Nneka Ogwumike,PTS,UNDER,16.5,110.0,BetOnline.ag,0.47619,0.520982,ac0921550d0a900fa53acadb,2026-08-14T00:02:58.347544+00:00,7.03,16.5,-107.0,DraftKings,draftkings,player_points,0.516908,0.0,0.040718,0.040718,0.004074,False,True,EXPLICIT_MARKET_CLOSE,PENDING,
2026-08-13|nneka ogwumike|los angeles sparks @ new york liberty|pts|under|2026-08-14T02:45:53.180345+00:00|0.520982,2026-08-13|nneka ogwumike|los angeles sparks @ new york liberty|pts|under,2026-08-14T02:45:53.180345+00:00,2026-08-13,Los Angeles Sparks @ New York Liberty,Nneka Ogwumike,PTS,UNDER,16.5,110.0,BetOnline.ag,0.47619,0.520982,ac0921550d0a900fa53acadb,2026-08-14T00:02:58.347544+00:00,7.03,16.5,-107.0,DraftKings,draftkings,player_points,0.516908,0.0,0.040718,0.040718,0.004074,False,True,EXPLICIT_MARKET_CLOSE,PENDING,
2026-08-13|nneka ogwumike|los angeles sparks @ new york liberty|pts|under|2026-08-14T03:14:20.333368+00:00|0.520982,2026-08-13|nneka ogwumike|los angeles sparks @ new york liberty|pts|under,2026-08-14T03:14:20.333368+00:00,2026-08-13,Los Angeles Sparks @ New York Liberty,Nneka Ogwumike,PTS,UNDER,16.5,110.0,BetOnline.ag,0.47619,0.520982,ac0921550d0a900fa53acadb,2026-08-14T00:02:58.347544+00:00,7.03,16.5,-107.0,DraftKings,draftkings,player_points,0.516908,0.0,0.040718,0.040718,0.004074,False,True,EXPLICIT_MARKET_CLOSE,PENDING,
2026-08-13|pauline astier|los angeles sparks @ new york liberty|pts|over|2026-08-13T22:14:23.905058+00:00|0.679918,2026-08-13|pauline astier|los angeles sparks @ new york liberty|pts|over,2026-08-13T22:14:23.905058+00:00,2026-08-13,Los Angeles Sparks @ New York Liberty,Pauline Astier,PTS,OVER,7.5,-108.0,BetRivers,0.519231,0.679918,87c42083a6f685750200b23f,2026-08-14T00:02:58.347544+00:00,7.03,7.5,-117.0,DraftKings,draftkings,player_points,0.539171,0.0,0.01994,0.01994,0.140747,False,True,EXPLICIT_MARKET_CLOSE,PENDING,
2026-08-13|pauline astier|los angeles sparks @ new york liberty|pts|over|2026-08-13T22:14:23.905058+00:00|0.565608,2026-08-13|pauline astier|los angeles sparks @ new york liberty|pts|over,2026-08-13T22:14:23.905058+00:00,2026-08-13,Los Angeles Sparks @ New York Liberty,Pauline Astier,PTS,OVER,8.5,125.0,BetRivers,0.444444,0.565608,87c42083a6f685750200b23f,2026-08-14T00:02:58.347544+00:00,7.03,7.5,-117.0,DraftKings,draftkings,player_points,0.539171,-1.0,0.094726,0.094726,0.026437,False,False,EXPLICIT_MARKET_CLOSE,PENDING,
2026-08-13|pauline astier|los angeles sparks @ new york liberty|pts|over|2026-08-13T22:26:02.084717+00:00|0.679918,2026-08-13|pauline astier|los angeles sparks @ new york liberty|pts|over,2026-08-13T22:26:02.084717+00:00,2026-08-13,Los Angeles Sparks @ New York Liberty,Pauline Astier,PTS,OVER,7.5,-108.0,BetRivers,0.519231,0.679918,87c42083a6f685750200b23f,2026-08-14T00:02:58.347544+00:00,7.03,7.5,-117.0,DraftKings,draftkings,player_points,0.539171,0.0,0.01994,0.01994,0.140747,False,True,EXPLICIT_MARKET_CLOSE,PENDING,
2026-08-13|pauline astier|los angeles sparks @ new york liberty|pts|over|2026-08-13T22:26:02.084717+00:00|0.565608,2026-08-13|pauline astier|los angeles sparks @ new york liberty|pts|over,2026-08-13T22:26:02.084717+00:00,2026-08-13,Los Angeles Sparks @ New York Liberty,Pauline Astier,PTS,OVER,8.5,125.0,BetRivers,0.444444,0.565608,87c42083a6f685750200b23f,2026-08-14T00:02:58.347544+00:00,7.03,7.5,-117.0,DraftKings,draftkings,player_points,0.539171,-1.0,0.094726,0.094726,0.026437,False,False,EXPLICIT_MARKET_CLOSE,PENDING,
2026-08-13|pauline astier|los angeles sparks @ new york liberty|pts|over|2026-08-13T23:01:54.176482+00:00|0.679918,2026-08-13|pauline astier|los angeles sparks @ new york liberty|pts|over,2026-08-13T23:01:54.176482+00:00,2026-08-13,Los Angeles Sparks @ New York Liberty,Pauline Astier,PTS,OVER,7.5,-108.0,BetRivers,0.519231,0.679918,87c42083a6f685750200b23f,2026-08-14T00:02:58.347544+00:00,7.03,7.5,-117.0,DraftKings,draftkings,player_points,0.539171,0.0,0.01994,0.01994,0.140747,False,True,EXPLICIT_MARKET_CLOSE,PENDING,
2026-08-13|pauline astier|los angeles sparks @ new york liberty|pts|over|2026-08-13T23:01:54.176482+00:00|0.565608,2026-08-13|pauline astier|los angeles sparks @ new york liberty|pts|over,2026-08-13T23:01:54.176482+00:00,2026-08-13,Los Angeles Sparks @ New York Liberty,Pauline Astier,PTS,OVER,8.5,125.0,BetRivers,0.444444,0.565608,87c42083a6f685750200b23f,2026-08-14T00:02:58.347544+00:00,7.03,7.5,-117.0,DraftKings,draftkings,player_points,0.539171,-1.0,0.094726,0.094726,0.026437,False,False,EXPLICIT_MARKET_CLOSE,PENDING,
2026-08-13|pauline astier|los angeles sparks @ new york liberty|pts|over|2026-08-13T23:26:09.905124+00:00|0.679918,2026-08-13|pauline astier|los angeles sparks @ new york liberty|pts|over,2026-08-13T23:26:09.905124+00:00,2026-08-13,Los Angeles Sparks @ New York Liberty,Pauline Astier,PTS,OVER,7.5,-108.0,BetRivers,0.519231,0.679918,87c42083a6f685750200b23f,2026-08-14T00:02:58.347544+00:00,7.03,7.5,-117.0,DraftKings,draftkings,player_points,0.539171,0.0,0.01994,0.01994,0.140747,False,True,EXPLICIT_MARKET_CLOSE,PENDING,
2026-08-13|pauline astier|los angeles sparks @ new york liberty|pts|over|2026-08-13T23:26:09.905124+00:00|0.565608,2026-08-13|pauline astier|los angeles sparks @ new york liberty|pts|over,2026-08-13T23:26:09.905124+00:00,2026-08-13,Los Angeles Sparks @ New York Liberty,Pauline Astier,PTS,OVER,8.5,125.0,BetRivers,0.444444,0.565608,87c42083a6f685750200b23f,2026-08-14T00:02:58.347544+00:00,7.03,7.5,-117.0,DraftKings,draftkings,player_points,0.539171,-1.0,0.094726,0.094726,0.026437,False,False,EXPLICIT_MARKET_CLOSE,PENDING,
2026-08-13|pauline astier|los angeles sparks @ new york liberty|pts|over|2026-08-14T00:02:58.076237+00:00|0.679918,2026-08-13|pauline astier|los angeles sparks @ new york liberty|pts|over,2026-08-14T00:02:58.076237+00:00,2026-08-13,Los Angeles Sparks @ New York Liberty,Pauline Astier,PTS,OVER,7.5,-108.0,BetRivers,0.519231,0.679918,87c42083a6f685750200b23f,2026-08-14T00:02:58.347544+00:00,7.03,7.5,-117.0,DraftKings,draftkings,player_points,0.539171,0.0,0.01994,0.01994,0.140747,False,True,EXPLICIT_MARKET_CLOSE,PENDING,
2026-08-13|pauline astier|los angeles sparks @ new york liberty|pts|over|2026-08-14T00:02:58.076237+00:00|0.565608,2026-08-13|pauline astier|los angeles sparks @ new york liberty|pts|over,2026-08-14T00:02:58.076237+00:00,2026-08-13,Los Angeles Sparks @ New York Liberty,Pauline Astier,PTS,OVER,8.5,125.0,BetRivers,0.444444,0.565608,87c42083a6f685750200b23f,2026-08-14T00:02:58.347544+00:00,7.03,7.5,-117.0,DraftKings,draftkings,player_points,0.539171,-1.0,0.094726,0.094726,0.026437,False,False,EXPLICIT_MARKET_CLOSE,PENDING,
2026-08-13|pauline astier|los angeles sparks @ new york liberty|pts|over|2026-08-14T00:44:50.692907+00:00|0.679918,2026-08-13|pauline astier|los angeles sparks @ new york liberty|pts|over,2026-08-14T00:44:50.692907+00:00,2026-08-13,Los Angeles Sparks @ New York Liberty,Pauline Astier,PTS,OVER,7.5,-108.0,BetRivers,0.519231,0.679918,87c42083a6f685750200b23f,2026-08-14T00:02:58.347544+00:00,7.03,7.5,-117.0,DraftKings,draftkings,player_points,0.539171,0.0,0.01994,0.01994,0.140747,False,True,EXPLICIT_MARKET_CLOSE,PENDING,
2026-08-13|pauline astier|los angeles sparks @ new york liberty|pts|over|2026-08-14T00:44:50.692907+00:00|0.565608,2026-08-13|pauline astier|los angeles sparks @ new york liberty|pts|over,2026-08-14T00:44:50.692907+00:00,2026-08-13,Los Angeles Sparks @ New York Liberty,Pauline Astier,PTS,OVER,8.5,125.0,BetRivers,0.444444,0.565608,87c42083a6f685750200b23f,2026-08-14T00:02:58.347544+00:00,7.03,7.5,-117.0,DraftKings,draftkings,player_points,0.539171,-1.0,0.094726,0.094726,0.026437,False,False,EXPLICIT_MARKET_CLOSE,PENDING,
2026-08-13|pauline astier|los angeles sparks @ new york liberty|pts|over|2026-08-14T02:45:53.180345+00:00|0.679918,2026-08-13|pauline astier|los angeles sparks @ new york liberty|pts|over,2026-08-14T02:45:53.180345+00:00,2026-08-13,Los Angeles Sparks @ New York Liberty,Pauline Astier,PTS,OVER,7.5,-108.0,BetRivers,0.519231,0.679918,87c42083a6f685750200b23f,2026-08-14T00:02:58.347544+00:00,7.03,7.5,-117.0,DraftKings,draftkings,player_points,0.539171,0.0,0.01994,0.01994,0.140747,False,True,EXPLICIT_MARKET_CLOSE,PENDING,
2026-08-13|pauline astier|los angeles sparks @ new york liberty|pts|over|2026-08-14T02:45:53.180345+00:00|0.565608,2026-08-13|pauline astier|los angeles sparks @ new york liberty|pts|over,2026-08-14T02:45:53.180345+00:00,2026-08-13,Los Angeles Sparks @ New York Liberty,Pauline Astier,PTS,OVER,8.5,125.0,BetRivers,0.444444,0.565608,87c42083a6f685750200b23f,2026-08-14T00:02:58.347544+00:00,7.03,7.5,-117.0,DraftKings,draftkings,player_points,0.539171,-1.0,0.094726,0.094726,0.026437,False,False,EXPLICIT_MARKET_CLOSE,PENDING,
2026-08-13|pauline astier|los angeles sparks @ new york liberty|pts|over|2026-08-14T03:14:20.333368+00:00|0.679918,2026-08-13|pauline astier|los angeles sparks @ new york liberty|pts|over,2026-08-14T03:14:20.333368+00:00,2026-08-13,Los Angeles Sparks @ New York Liberty,Pauline Astier,PTS,OVER,7.5,-108.0,BetRivers,0.519231,0.679918,87c42083a6f685750200b23f,2026-08-14T00:02:58.347544+00:00,7.03,7.5,-117.0,DraftKings,draftkings,player_points,0.539171,0.0,0.01994,0.01994,0.140747,False,True,EXPLICIT_MARKET_CLOSE,PENDING,
2026-08-13|pauline astier|los angeles sparks @ new york liberty|pts|over|2026-08-14T03:14:20.333368+00:00|0.565608,2026-08-13|pauline astier|los angeles sparks @ new york liberty|pts|over,2026-08-14T03:14:20.333368+00:00,2026-08-13,Los Angeles Sparks @ New York Liberty,Pauline Astier,PTS,OVER,8.5,125.0,BetRivers,0.444444,0.565608,87c42083a6f685750200b23f,2026-08-14T00:02:58.347544+00:00,7.03,7.5,-117.0,DraftKings,draftkings,player_points,0.539171,-1.0,0.094726,0.094726,0.026437,False,False,EXPLICIT_MARKET_CLOSE,PENDING,
2026-08-13|pauline astier|los angeles sparks @ new york liberty|pts|under|2026-08-13T22:14:23.905058+00:00|0.403527,2026-08-13|pauline astier|los angeles sparks @ new york liberty|pts|under,2026-08-13T22:14:23.905058+00:00,2026-08-13,Los Angeles Sparks @ New York Liberty,Pauline Astier,PTS,UNDER,7.5,-106.0,DraftKings,0.514563,0.403527,fa2e13632fcf0efef941ccec,2026-08-14T00:02:58.347544+00:00,7.03,7.5,-113.0,DraftKings,draftkings,player_points,0.530516,0.0,0.015953,0.015953,-0.126989,True,True,EXPLICIT_SAME_BOOK_CLOSE,PENDING,
2026-08-13|pauline astier|los angeles sparks @ new york liberty|pts|under|2026-08-13T22:26:02.084717+00:00|0.403527,2026-08-13|pauline astier|los angeles sparks @ new york liberty|pts|under,2026-08-13T22:26:02.084717+00:00,2026-08-13,Los Angeles Sparks @ New York Liberty,Pauline Astier,PTS,UNDER,7.5,-106.0,DraftKings,0.514563,0.403527,fa2e13632fcf0efef941ccec,2026-08-14T00:02:58.347544+00:00,7.03,7.5,-113.0,DraftKings,draftkings,player_points,0.530516,0.0,0.015953,0.015953,-0.126989,True,True,EXPLICIT_SAME_BOOK_CLOSE,PENDING,
2026-08-13|pauline astier|los angeles sparks @ new york liberty|pts|under|2026-08-13T23:01:54.176482+00:00|0.403527,2026-08-13|pauline astier|los angeles sparks @ new york liberty|pts|under,2026-08-13T23:01:54.176482+00:00,2026-08-13,Los Angeles Sparks @ New York Liberty,Pauline Astier,PTS,UNDER,7.5,-106.0,DraftKings,0.514563,0.403527,fa2e13632fcf0efef941ccec,2026-08-14T00:02:58.347544+00:00,7.03,7.5,-113.0,DraftKings,draftkings,player_points,0.530516,0.0,0.015953,0.015953,-0.126989,True,True,EXPLICIT_SAME_BOOK_CLOSE,PENDING,
2026-08-13|pauline astier|los angeles sparks @ new york liberty|pts|under|2026-08-13T23:26:09.905124+00:00|0.403527,2026-08-13|pauline astier|los angeles sparks @ new york liberty|pts|under,2026-08-13T23:26:09.905124+00:00,2026-08-13,Los Angeles Sparks @ New York Liberty,Pauline Astier,PTS,UNDER,7.5,-106.0,DraftKings,0.514563,0.403527,fa2e13632fcf0efef941ccec,2026-08-14T00:02:58.347544+00:00,7.03,7.5,-113.0,DraftKings,draftkings,player_points,0.530516,0.0,0.015953,0.015953,-0.126989,True,True,EXPLICIT_SAME_BOOK_CLOSE,PENDING,
2026-08-13|pauline astier|los angeles sparks @ new york liberty|pts|under|2026-08-14T00:02:58.076237+00:00|0.403527,2026-08-13|pauline astier|los angeles sparks @ new york liberty|pts|under,2026-08-14T00:02:58.076237+00:00,2026-08-13,Los Angeles Sparks @ New York Liberty,Pauline Astier,PTS,UNDER,7.5,-106.0,DraftKings,0.514563,0.403527,fa2e13632fcf0efef941ccec,2026-08-14T00:02:58.347544+00:00,7.03,7.5,-113.0,DraftKings,draftkings,player_points,0.530516,0.0,0.015953,0.015953,-0.126989,True,True,EXPLICIT_SAME_BOOK_CLOSE,PENDING,
2026-08-13|pauline astier|los angeles sparks @ new york liberty|pts|under|2026-08-14T00:44:50.692907+00:00|0.403527,2026-08-13|pauline astier|los angeles sparks @ new york liberty|pts|under,2026-08-14T00:44:50.692907+00:00,2026-08-13,Los Angeles Sparks @ New York Liberty,Pauline Astier,PTS,UNDER,7.5,-106.0,DraftKings,0.514563,0.403527,fa2e13632fcf0efef941ccec,2026-08-14T00:02:58.347544+00:00,7.03,7.5,-113.0,DraftKings,draftkings,player_points,0.530516,0.0,0.015953,0.015953,-0.126989,True,True,EXPLICIT_SAME_BOOK_CLOSE,PENDING,
2026-08-13|pauline astier|los angeles sparks @ new york liberty|pts|under|2026-08-14T02:45:53.180345+00:00|0.403527,2026-08-13|pauline astier|los angeles sparks @ new york liberty|pts|under,2026-08-14T02:45:53.180345+00:00,2026-08-13,Los Angeles Sparks @ New York Liberty,Pauline Astier,PTS,UNDER,7.5,-106.0,DraftKings,0.514563,0.403527,fa2e13632fcf0efef941ccec,2026-08-14T00:02:58.347544+00:00,7.03,7.5,-113.0,DraftKings,draftkings,player_points,0.530516,0.0,0.015953,0.015953,-0.126989,True,True,EXPLICIT_SAME_BOOK_CLOSE,PENDING,
2026-08-13|pauline astier|los angeles sparks @ new york liberty|pts|under|2026-08-14T03:14:20.333368+00:00|0.403527,2026-08-13|pauline astier|los angeles sparks @ new york liberty|pts|under,2026-08-14T03:14:20.333368+00:00,2026-08-13,Los Angeles Sparks @ New York Liberty,Pauline Astier,PTS,UNDER,7.5,-106.0,DraftKings,0.514563,0.403527,fa2e13632fcf0efef941ccec,2026-08-14T00:02:58.347544+00:00,7.03,7.5,-113.0,DraftKings,draftkings,player_points,0.530516,0.0,0.015953,0.015953,-0.126989,True,True,EXPLICIT_SAME_BOOK_CLOSE,PENDING,
2026-08-13|sabrina ionescu|los angeles sparks @ new york liberty|ast|over|2026-08-13T22:14:23.905058+00:00|0.4917,2026-08-13|sabrina ionescu|los angeles sparks @ new york liberty|ast|over,2026-08-13T22:14:23.905058+00:00,2026-08-13,Los Angeles Sparks @ New York Liberty,Sabrina Ionescu,AST,OVER,5.5,-103.0,BetRivers,0.507389,0.4917,904156e355cc735ef2399915,2026-08-14T00:02:58.347544+00:00,7.03,5.5,-115.0,DraftKings,draftkings,player_assists,0.534884,0.0,0.027495,0.027495,-0.043184,False,True,EXPLICIT_MARKET_CLOSE,PENDING,
2026-08-13|sabrina ionescu|los angeles sparks @ new york liberty|ast|over|2026-08-13T22:26:02.084717+00:00|0.4917,2026-08-13|sabrina ionescu|los angeles sparks @ new york liberty|ast|over,2026-08-13T22:26:02.084717+00:00,2026-08-13,Los Angeles Sparks @ New York Liberty,Sabrina Ionescu,AST,OVER,5.5,-103.0,BetRivers,0.507389,0.4917,904156e355cc735ef2399915,2026-08-14T00:02:58.347544+00:00,7.03,5.5,-115.0,DraftKings,draftkings,player_assists,0.534884,0.0,0.027495,0.027495,-0.043184,False,True,EXPLICIT_MARKET_CLOSE,PENDING,
2026-08-13|sabrina ionescu|los angeles sparks @ new york liberty|ast|over|2026-08-13T23:01:54.176482+00:00|0.4917,2026-08-13|sabrina ionescu|los angeles sparks @ new york liberty|ast|over,2026-08-13T23:01:54.176482+00:00,2026-08-13,Los Angeles Sparks @ New York Liberty,Sabrina Ionescu,AST,OVER,5.5,-103.0,BetRivers,0.507389,0.4917,904156e355cc735ef2399915,2026-08-14T00:02:58.347544+00:00,7.03,5.5,-115.0,DraftKings,draftkings,player_assists,0.534884,0.0,0.027495,0.027495,-0.043184,False,True,EXPLICIT_MARKET_CLOSE,PENDING,
2026-08-13|sabrina ionescu|los angeles sparks @ new york liberty|ast|over|2026-08-13T23:26:09.905124+00:00|0.4917,2026-08-13|sabrina ionescu|los angeles sparks @ new york liberty|ast|over,2026-08-13T23:26:09.905124+00:00,2026-08-13,Los Angeles Sparks @ New York Liberty,Sabrina Ionescu,AST,OVER,5.5,-103.0,BetRivers,0.507389,0.4917,904156e355cc735ef2399915,2026-08-14T00:02:58.347544+00:00,7.03,5.5,-115.0,DraftKings,draftkings,player_assists,0.534884,0.0,0.027495,0.027495,-0.043184,False,True,EXPLICIT_MARKET_CLOSE,PENDING,
2026-08-13|sabrina ionescu|los angeles sparks @ new york liberty|ast|over|2026-08-14T00:02:58.076237+00:00|0.4917,2026-08-13|sabrina ionescu|los angeles sparks @ new york liberty|ast|over,2026-08-14T00:02:58.076237+00:00,2026-08-13,Los Angeles Sparks @ New York Liberty,Sabrina Ionescu,AST,OVER,5.5,-103.0,BetRivers,0.507389,0.4917,904156e355cc735ef2399915,2026-08-14T00:02:58.347544+00:00,7.03,5.5,-115.0,DraftKings,draftkings,player_assists,0.534884,0.0,0.027495,0.027495,-0.043184,False,True,EXPLICIT_MARKET_CLOSE,PENDING,
2026-08-13|sabrina ionescu|los angeles sparks @ new york liberty|ast|over|2026-08-14T00:44:50.692907+00:00|0.4917,2026-08-13|sabrina ionescu|los angeles sparks @ new york liberty|ast|over,2026-08-14T00:44:50.692907+00:00,2026-08-13,Los Angeles Sparks @ New York Liberty,Sabrina Ionescu,AST,OVER,5.5,-103.0,BetRivers,0.507389,0.4917,904156e355cc735ef2399915,2026-08-14T00:02:58.347544+00:00,7.03,5.5,-115.0,DraftKings,draftkings,player_assists,0.534884,0.0,0.027495,0.027495,-0.043184,False,True,EXPLICIT_MARKET_CLOSE,PENDING,
2026-08-13|sabrina ionescu|los angeles sparks @ new york liberty|ast|over|2026-08-14T02:45:53.180345+00:00|0.4917,2026-08-13|sabrina ionescu|los angeles sparks @ new york liberty|ast|over,2026-08-14T02:45:53.180345+00:00,2026-08-13,Los Angeles Sparks @ New York Liberty,Sabrina Ionescu,AST,OVER,5.5,-103.0,BetRivers,0.507389,0.4917,904156e355cc735ef2399915,2026-08-14T00:02:58.347544+00:00,7.03,5.5,-115.0,DraftKings,draftkings,player_assists,0.534884,0.0,0.027495,0.027495,-0.043184,False,True,EXPLICIT_MARKET_CLOSE,PENDING,
2026-08-13|sabrina ionescu|los angeles sparks @ new york liberty|ast|over|2026-08-14T03:14:20.333368+00:00|0.4917,2026-08-13|sabrina ionescu|los angeles sparks @ new york liberty|ast|over,2026-08-14T03:14:20.333368+00:00,2026-08-13,Los Angeles Sparks @ New York Liberty,Sabrina Ionescu,AST,OVER,5.5,-103.0,BetRivers,0.507389,0.4917,904156e355cc735ef2399915,2026-08-14T00:02:58.347544+00:00,7.03,5.5,-115.0,DraftKings,draftkings,player_assists,0.534884,0.0,0.027495,0.027495,-0.043184,False,True,EXPLICIT_MARKET_CLOSE,PENDING,
2026-08-13|sabrina ionescu|los angeles sparks @ new york liberty|ast|under|2026-08-13T22:14:23.905058+00:00|0.185279,2026-08-13|sabrina ionescu|los angeles sparks @ new york liberty|ast|under,2026-08-13T22:14:23.905058+00:00,2026-08-13,Los Angeles Sparks @ New York Liberty,Sabrina Ionescu,AST,UNDER,5.5,-118.0,FanDuel,0.541284,0.185279,d27477cdaba6306491ba12fe,2026-08-14T00:02:58.347544+00:00,7.03,5.5,-122.0,FanDuel,fanduel,player_assists,0.54955,0.0,0.008265,0.008265,-0.364271,True,True,EXPLICIT_SAME_BOOK_CLOSE,PENDING,
2026-08-13|sabrina ionescu|los angeles sparks @ new york liberty|ast|under|2026-08-13T22:26:02.084717+00:00|0.185279,2026-08-13|sabrina ionescu|los angeles sparks @ new york liberty|ast|under,2026-08-13T22:26:02.084717+00:00,2026-08-13,Los Angeles Sparks @ New York Liberty,Sabrina Ionescu,AST,UNDER,5.5,-118.0,FanDuel,0.541284,0.185279,d27477cdaba6306491ba12fe,2026-08-14T00:02:58.347544+00:00,7.03,5.5,-122.0,FanDuel,fanduel,player_assists,0.54955,0.0,0.008265,0.008265,-0.364271,True,True,EXPLICIT_SAME_BOOK_CLOSE,PENDING,
2026-08-13|sabrina ionescu|los angeles sparks @ new york liberty|ast|under|2026-08-13T23:01:54.176482+00:00|0.185279,2026-08-13|sabrina ionescu|los angeles sparks @ new york liberty|ast|under,2026-08-13T23:01:54.176482+00:00,2026-08-13,Los Angeles Sparks @ New York Liberty,Sabrina Ionescu,AST,UNDER,5.5,-118.0,FanDuel,0.541284,0.185279,d27477cdaba6306491ba12fe,2026-08-14T00:02:58.347544+00:00,7.03,5.5,-122.0,FanDuel,fanduel,player_assists,0.54955,0.0,0.008265,0.008265,-0.364271,True,True,EXPLICIT_SAME_BOOK_CLOSE,PENDING,
2026-08-13|sabrina ionescu|los angeles sparks @ new york liberty|ast|under|2026-08-13T23:26:09.905124+00:00|0.185279,2026-08-13|sabrina ionescu|los angeles sparks @ new york liberty|ast|under,2026-08-13T23:26:09.905124+00:00,2026-08-13,Los Angeles Sparks @ New York Liberty,Sabrina Ionescu,AST,UNDER,5.5,-118.0,FanDuel,0.541284,0.185279,d27477cdaba6306491ba12fe,2026-08-14T00:02:58.347544+00:00,7.03,5.5,-122.0,FanDuel,fanduel,player_assists,0.54955,0.0,0.008265,0.008265,-0.364271,True,True,EXPLICIT_SAME_BOOK_CLOSE,PENDING,
2026-08-13|sabrina ionescu|los angeles sparks @ new york liberty|ast|under|2026-08-14T00:02:58.076237+00:00|0.185279,2026-08-13|sabrina ionescu|los angeles sparks @ new york liberty|ast|under,2026-08-14T00:02:58.076237+00:00,2026-08-13,Los Angeles Sparks @ New York Liberty,Sabrina Ionescu,AST,UNDER,5.5,-118.0,FanDuel,0.541284,0.185279,d27477cdaba6306491ba12fe,2026-08-14T00:02:58.347544+00:00,7.03,5.5,-122.0,FanDuel,fanduel,player_assists,0.54955,0.0,0.008265,0.008265,-0.364271,True,True,EXPLICIT_SAME_BOOK_CLOSE,PENDING,
2026-08-13|sabrina ionescu|los angeles sparks @ new york liberty|ast|under|2026-08-14T00:44:50.692907+00:00|0.185279,2026-08-13|sabrina ionescu|los angeles sparks @ new york liberty|ast|under,2026-08-14T00:44:50.692907+00:00,2026-08-13,Los Angeles Sparks @ New York Liberty,Sabrina Ionescu,AST,UNDER,5.5,-118.0,FanDuel,0.541284,0.185279,d27477cdaba6306491ba12fe,2026-08-14T00:02:58.347544+00:00,7.03,5.5,-122.0,FanDuel,fanduel,player_assists,0.54955,0.0,0.008265,0.008265,-0.364271,True,True,EXPLICIT_SAME_BOOK_CLOSE,PENDING,
2026-08-13|sabrina ionescu|los angeles sparks @ new york liberty|ast|under|2026-08-14T02:45:53.180345+00:00|0.185279,2026-08-13|sabrina ionescu|los angeles sparks @ new york liberty|ast|under,2026-08-14T02:45:53.180345+00:00,2026-08-13,Los Angeles Sparks @ New York Liberty,Sabrina Ionescu,AST,UNDER,5.5,-118.0,FanDuel,0.541284,0.185279,d27477cdaba6306491ba12fe,2026-08-14T00:02:58.347544+00:00,7.03,5.5,-122.0,FanDuel,fanduel,player_assists,0.54955,0.0,0.008265,0.008265,-0.364271,True,True,EXPLICIT_SAME_BOOK_CLOSE,PENDING,
2026-08-13|sabrina ionescu|los angeles sparks @ new york liberty|ast|under|2026-08-14T03:14:20.333368+00:00|0.185279,2026-08-13|sabrina ionescu|los angeles sparks @ new york liberty|ast|under,2026-08-14T03:14:20.333368+00:00,2026-08-13,Los Angeles Sparks @ New York Liberty,Sabrina Ionescu,AST,UNDER,5.5,-118.0,FanDuel,0.541284,0.185279,d27477cdaba6306491ba12fe,2026-08-14T00:02:58.347544+00:00,7.03,5.5,-122.0,FanDuel,fanduel,player_assists,0.54955,0.0,0.008265,0.008265,-0.364271,True,True,EXPLICIT_SAME_BOOK_CLOSE,PENDING,
2026-08-15|breanna stewart|new york liberty @ connecticut sun|reb|over|2026-08-15T10:59:30.272276+00:00|0.199394,2026-08-15|breanna stewart|new york liberty @ connecticut sun|reb|over,2026-08-15T10:59:30.272276+00:00,2026-08-15,New York Liberty @ Connecticut Sun,Breanna Stewart,REB,OVER,8.5,117.0,BetOnline.ag,0.460829,0.199394,7a00025d01def152a069ec31,2026-08-15T16:50:49.980706+00:00,9.17,8.5,116.0,FanDuel,fanduel,player_rebounds,0.462963,0.0,0.002133,0.002133,-0.263569,False,True,EXPLICIT_MARKET_CLOSE,PENDING,
2026-08-15|breanna stewart|new york liberty @ connecticut sun|reb|over|2026-08-15T11:37:38.316341+00:00|0.199394,2026-08-15|breanna stewart|new york liberty @ connecticut sun|reb|over,2026-08-15T11:37:38.316341+00:00,2026-08-15,New York Liberty @ Connecticut Sun,Breanna Stewart,REB,OVER,8.5,117.0,BetOnline.ag,0.460829,0.199394,7a00025d01def152a069ec31,2026-08-15T16:50:49.980706+00:00,9.17,8.5,116.0,FanDuel,fanduel,player_rebounds,0.462963,0.0,0.002133,0.002133,-0.263569,False,True,EXPLICIT_MARKET_CLOSE,PENDING,
2026-08-15|breanna stewart|new york liberty @ connecticut sun|reb|over|2026-08-15T11:57:22.075495+00:00|0.199394,2026-08-15|breanna stewart|new york liberty @ connecticut sun|reb|over,2026-08-15T11:57:22.075495+00:00,2026-08-15,New York Liberty @ Connecticut Sun,Breanna Stewart,REB,OVER,8.5,117.0,BetOnline.ag,0.460829,0.199394,7a00025d01def152a069ec31,2026-08-15T16:50:49.980706+00:00,9.17,8.5,116.0,FanDuel,fanduel,player_rebounds,0.462963,0.0,0.002133,0.002133,-0.263569,False,True,EXPLICIT_MARKET_CLOSE,PENDING,
2026-08-15|breanna stewart|new york liberty @ connecticut sun|reb|over|2026-08-15T12:59:45.246898+00:00|0.199394,2026-08-15|breanna stewart|new york liberty @ connecticut sun|reb|over,2026-08-15T12:59:45.246898+00:00,2026-08-15,New York Liberty @ Connecticut Sun,Breanna Stewart,REB,OVER,8.5,117.0,BetOnline.ag,0.460829,0.199394,7a00025d01def152a069ec31,2026-08-15T16:50:49.980706+00:00,9.17,8.5,116.0,FanDuel,fanduel,player_rebounds,0.462963,0.0,0.002133,0.002133,-0.263569,False,True,EXPLICIT_MARKET_CLOSE,PENDING,
2026-08-15|breanna stewart|new york liberty @ connecticut sun|reb|over|2026-08-15T13:19:00.048599+00:00|0.199394,2026-08-15|breanna stewart|new york liberty @ connecticut sun|reb|over,2026-08-15T13:19:00.048599+00:00,2026-08-15,New York Liberty @ Connecticut Sun,Breanna Stewart,REB,OVER,8.5,117.0,BetOnline.ag,0.460829,0.199394,7a00025d01def152a069ec31,2026-08-15T16:50:49.980706+00:00,9.17,8.5,116.0,FanDuel,fanduel,player_rebounds,0.462963,0.0,0.002133,0.002133,-0.263569,False,True,EXPLICIT_MARKET_CLOSE,PENDING,
2026-08-15|breanna stewart|new york liberty @ connecticut sun|reb|over|2026-08-15T14:00:20.819656+00:00|0.200031,2026-08-15|breanna stewart|new york liberty @ connecticut sun|reb|over,2026-08-15T14:00:20.819656+00:00,2026-08-15,New York Liberty @ Connecticut Sun,Breanna Stewart,REB,OVER,8.5,116.0,FanDuel,0.462963,0.200031,7a00025d01def152a069ec31,2026-08-15T16:50:49.980706+00:00,9.17,8.5,116.0,FanDuel,fanduel,player_rebounds,0.462963,0.0,0.0,0.0,-0.262932,True,True,EXPLICIT_SAME_BOOK_CLOSE,PENDING,
2026-08-15|breanna stewart|new york liberty @ connecticut sun|reb|over|2026-08-15T14:39:33.056630+00:00|0.200031,2026-08-15|breanna stewart|new york liberty @ connecticut sun|reb|over,2026-08-15T14:39:33.056630+00:00,2026-08-15,New York Liberty @ Connecticut Sun,Breanna Stewart,REB,OVER,8.5,116.0,FanDuel,0.462963,0.200031,7a00025d01def152a069ec31,2026-08-15T16:50:49.980706+00:00,9.17,8.5,116.0,FanDuel,fanduel,player_rebounds,0.462963,0.0,0.0,0.0,-0.262932,True,True,EXPLICIT_SAME_BOOK_CLOSE,PENDING,
2026-08-15|breanna stewart|new york liberty @ connecticut sun|reb|over|2026-08-15T15:00:16.446702+00:00|0.200031,2026-08-15|breanna stewart|new york liberty @ connecticut sun|reb|over,2026-08-15T15:00:16.446702+00:00,2026-08-15,New York Liberty @ Connecticut Sun,Breanna Stewart,REB,OVER,8.5,116.0,FanDuel,0.462963,0.200031,7a00025d01def152a069ec31,2026-08-15T16:50:49.980706+00:00,9.17,8.5,116.0,FanDuel,fanduel,player_rebounds,0.462963,0.0,0.0,0.0,-0.262932,True,True,EXPLICIT_SAME_BOOK_CLOSE,PENDING,
2026-08-15|breanna stewart|new york liberty @ connecticut sun|reb|over|2026-08-15T15:56:41.397541+00:00|0.200031,2026-08-15|breanna stewart|new york liberty @ connecticut sun|reb|over,2026-08-15T15:56:41.397541+00:00,2026-08-15,New York Liberty @ Connecticut Sun,Breanna Stewart,REB,OVER,8.5,116.0,FanDuel,0.462963,0.200031,7a00025d01def152a069ec31,2026-08-15T16:50:49.980706+00:00,9.17,8.5,116.0,FanDuel,fanduel,player_rebounds,0.462963,0.0,0.0,0.0,-0.262932,True,True,EXPLICIT_SAME_BOOK_CLOSE,PENDING,
2026-08-15|breanna stewart|new york liberty @ connecticut sun|reb|over|2026-08-15T16:40:58.435903+00:00|0.200031,2026-08-15|breanna stewart|new york liberty @ connecticut sun|reb|over,2026-08-15T16:40:58.435903+00:00,2026-08-15,New York Liberty @ Connecticut Sun,Breanna Stewart,REB,OVER,8.5,116.0,FanDuel,0.462963,0.200031,7a00025d01def152a069ec31,2026-08-15T16:50:49.980706+00:00,9.17,8.5,116.0,FanDuel,fanduel,player_rebounds,0.462963,0.0,0.0,0.0,-0.262932,True,True,EXPLICIT_SAME_BOOK_CLOSE,PENDING,
2026-08-15|breanna stewart|new york liberty @ connecticut sun|reb|over|2026-08-15T16:59:57.449708+00:00|0.200031,2026-08-15|breanna stewart|new york liberty @ connecticut sun|reb|over,2026-08-15T16:59:57.449708+00:00,2026-08-15,New York Liberty @ Connecticut Sun,Breanna Stewart,REB,OVER,8.5,116.0,FanDuel,0.462963,0.200031,7a00025d01def152a069ec31,2026-08-15T16:50:49.980706+00:00,9.17,8.5,116.0,FanDuel,fanduel,player_rebounds,0.462963,0.0,0.0,0.0,-0.262932,True,True,EXPLICIT_SAME_BOOK_CLOSE,PENDING,
2026-08-15|breanna stewart|new york liberty @ connecticut sun|reb|over|2026-08-15T17:36:49.057441+00:00|0.200031,2026-08-15|breanna stewart|new york liberty @ connecticut sun|reb|over,2026-08-15T17:36:49.057441+00:00,2026-08-15,New York Liberty @ Connecticut Sun,Breanna Stewart,REB,OVER,8.5,116.0,FanDuel,0.462963,0.200031,7a00025d01def152a069ec31,2026-08-15T16:50:49.980706+00:00,9.17,8.5,116.0,FanDuel,fanduel,player_rebounds,0.462963,0.0,0.0,0.0,-0.262932,True,True,EXPLICIT_SAME_BOOK_CLOSE,PENDING,
2026-08-15|breanna stewart|new york liberty @ connecticut sun|reb|over|2026-08-15T17:58:18.784460+00:00|0.200031,2026-08-15|breanna stewart|new york liberty @ connecticut sun|reb|over,2026-08-15T17:58:18.784460+00:00,2026-08-15,New York Liberty @ Connecticut Sun,Breanna Stewart,REB,OVER,8.5,116.0,FanDuel,0.462963,0.200031,7a00025d01def152a069ec31,2026-08-15T16:50:49.980706+00:00,9.17,8.5,116.0,FanDuel,fanduel,player_rebounds,0.462963,0.0,0.0,0.0,-0.262932,True,True,EXPLICIT_SAME_BOOK_CLOSE,PENDING,
2026-08-15|breanna stewart|new york liberty @ connecticut sun|reb|over|2026-08-15T18:48:26.623952+00:00|0.200031,2026-08-15|breanna stewart|new york liberty @ connecticut sun|reb|over,2026-08-15T18:48:26.623952+00:00,2026-08-15,New York Liberty @ Connecticut Sun,Breanna Stewart,REB,OVER,8.5,116.0,FanDuel,0.462963,0.200031,7a00025d01def152a069ec31,2026-08-15T16:50:49.980706+00:00,9.17,8.5,116.0,FanDuel,fanduel,player_rebounds,0.462963,0.0,0.0,0.0,-0.262932,True,True,EXPLICIT_SAME_BOOK_CLOSE,PENDING,
2026-08-15|breanna stewart|new york liberty @ connecticut sun|reb|over|2026-08-15T19:03:50.105082+00:00|0.200031,2026-08-15|breanna stewart|new york liberty @ connecticut sun|reb|over,2026-08-15T19:03:50.105082+00:00,2026-08-15,New York Liberty @ Connecticut Sun,Breanna Stewart,REB,OVER,8.5,116.0,FanDuel,0.462963,0.200031,7a00025d01def152a069ec31,2026-08-15T16:50:49.980706+00:00,9.17,8.5,116.0,FanDuel,fanduel,player_rebounds,0.462963,0.0,0.0,0.0,-0.262932,True,True,EXPLICIT_SAME_BOOK_CLOSE,PENDING,
2026-08-15|breanna stewart|new york liberty @ connecticut sun|reb|over|2026-08-15T19:42:05.879517+00:00|0.200031,2026-08-15|breanna stewart|new york liberty @ connecticut sun|reb|over,2026-08-15T19:42:05.879517+00:00,2026-08-15,New York Liberty @ Connecticut Sun,Breanna Stewart,REB,OVER,8.5,116.0,FanDuel,0.462963,0.200031,7a00025d01def152a069ec31,2026-08-15T16:50:49.980706+00:00,9.17,8.5,116.0,FanDuel,fanduel,player_rebounds,0.462963,0.0,0.0,0.0,-0.262932,True,True,EXPLICIT_SAME_BOOK_CLOSE,PENDING,
2026-08-15|breanna stewart|new york liberty @ connecticut sun|reb|over|2026-08-15T19:56:46.104978+00:00|0.200031,2026-08-15|breanna stewart|new york liberty @ connecticut sun|reb|over,2026-08-15T19:56:46.104978+00:00,2026-08-15,New York Liberty @ Connecticut Sun,Breanna Stewart,REB,OVER,8.5,116.0,FanDuel,0.462963,0.200031,7a00025d01def152a069ec31,2026-08-15T16:50:49.980706+00:00,9.17,8.5,116.0,FanDuel,fanduel,player_rebounds,0.462963,0.0,0.0,0.0,-0.262932,True,True,EXPLICIT_SAME_BOOK_CLOSE,PENDING,
2026-08-15|breanna stewart|new york liberty @ connecticut sun|reb|over|2026-08-15T20:39:13.403881+00:00|0.200031,2026-08-15|breanna stewart|new york liberty @ connecticut sun|reb|over,2026-08-15T20:39:13.403881+00:00,2026-08-15,New York Liberty @ Connecticut Sun,Breanna Stewart,REB,OVER,8.5,116.0,FanDuel,0.462963,0.200031,7a00025d01def152a069ec31,2026-08-15T16:50:49.980706+00:00,9.17,8.5,116.0,FanDuel,fanduel,player_rebounds,0.462963,0.0,0.0,0.0,-0.262932,True,True,EXPLICIT_SAME_BOOK_CLOSE,PENDING,
2026-08-15|breanna stewart|new york liberty @ connecticut sun|reb|under|2026-08-15T10:59:30.272276+00:00|0.528972,2026-08-15|breanna stewart|new york liberty @ connecticut sun|reb|under,2026-08-15T10:59:30.272276+00:00,2026-08-15,New York Liberty @ Connecticut Sun,Breanna Stewart,REB,UNDER,8.5,-142.0,DraftKings,0.586777,0.528972,a2566821457754be13906deb,2026-08-15T16:50:49.980706+00:00,9.17,8.5,-139.0,DraftKings,draftkings,player_rebounds,0.58159,0.0,-0.005187,-0.005187,-0.052618,True,True,EXPLICIT_SAME_BOOK_CLOSE,PENDING,
2026-08-15|breanna stewart|new york liberty @ connecticut sun|reb|under|2026-08-15T11:37:38.316341+00:00|0.528972,2026-08-15|breanna stewart|new york liberty @ connecticut sun|reb|under,2026-08-15T11:37:38.316341+00:00,2026-08-15,New York Liberty @ Connecticut Sun,Breanna Stewart,REB,UNDER,8.5,-142.0,DraftKings,0.586777,0.528972,a2566821457754be13906deb,2026-08-15T16:50:49.980706+00:00,9.17,8.5,-139.0,DraftKings,draftkings,player_rebounds,0.58159,0.0,-0.005187,-0.005187,-0.052618,True,True,EXPLICIT_SAME_BOOK_CLOSE,PENDING,
2026-08-15|breanna stewart|new york liberty @ connecticut sun|reb|under|2026-08-15T11:57:22.075495+00:00|0.528972,2026-08-15|breanna stewart|new york liberty @ connecticut sun|reb|under,2026-08-15T11:57:22.075495+00:00,2026-08-15,New York Liberty @ Connecticut Sun,Breanna Stewart,REB,UNDER,8.5,-142.0,DraftKings,0.586777,0.528972,a2566821457754be13906deb,2026-08-15T16:50:49.980706+00:00,9.17,8.5,-139.0,DraftKings,draftkings,player_rebounds,0.58159,0.0,-0.005187,-0.005187,-0.052618,True,True,EXPLICIT_SAME_BOOK_CLOSE,PENDING,
2026-08-15|breanna stewart|new york liberty @ connecticut sun|reb|under|2026-08-15T12:59:45.246898+00:00|0.467271,2026-08-15|breanna stewart|new york liberty @ connecticut sun|reb|under,2026-08-15T12:59:45.246898+00:00,2026-08-15,New York Liberty @ Connecticut Sun,Breanna Stewart,REB,UNDER,8.5,-136.0,DraftKings,0.576271,0.467271,a2566821457754be13906deb,2026-08-15T16:50:49.980706+00:00,9.17,8.5,-139.0,DraftKings,draftkings,player_rebounds,0.58159,0.0,0.005319,0.005319,-0.114319,True,True,EXPLICIT_SAME_BOOK_CLOSE,PENDING,
2026-08-15|breanna stewart|new york liberty @ connecticut sun|reb|under|2026-08-15T13:19:00.048599+00:00|0.528849,2026-08-15|breanna stewart|new york liberty @ connecticut sun|reb|under,2026-08-15T13:19:00.048599+00:00,2026-08-15,New York Liberty @ Connecticut Sun,Breanna Stewart,REB,UNDER,8.5,-141.0,DraftKings,0.585062,0.528849,a2566821457754be13906deb,2026-08-15T16:50:49.980706+00:00,9.17,8.5,-139.0,DraftKings,draftkings,player_rebounds,0.58159,0.0,-0.003472,-0.003472,-0.052741,True,True,EXPLICIT_SAME_BOOK_CLOSE,PENDING,
2026-08-15|breanna stewart|new york liberty @ connecticut sun|reb|under|2026-08-15T14:00:20.819656+00:00|0.467416,2026-08-15|breanna stewart|new york liberty @ connecticut sun|reb|under,2026-08-15T14:00:20.819656+00:00,2026-08-15,New York Liberty @ Connecticut Sun,Breanna Stewart,REB,UNDER,8.5,-135.0,DraftKings,0.574468,0.467416,a2566821457754be13906deb,2026-08-15T16:50:49.980706+00:00,9.17,8.5,-139.0,DraftKings,draftkings,player_rebounds,0.58159,0.0,0.007122,0.007122,-0.114174,True,True,EXPLICIT_SAME_BOOK_CLOSE,PENDING,
2026-08-15|breanna stewart|new york liberty @ connecticut sun|reb|under|2026-08-15T14:39:33.056630+00:00|0.467416,2026-08-15|breanna stewart|new york liberty @ connecticut sun|reb|under,2026-08-15T14:39:33.056630+00:00,2026-08-15,New York Liberty @ Connecticut Sun,Breanna Stewart,REB,UNDER,8.5,-135.0,DraftKings,0.574468,0.467416,a2566821457754be13906deb,2026-08-15T16:50:49.980706+00:00,9.17,8.5,-139.0,DraftKings,draftkings,player_rebounds,0.58159,0.0,0.007122,0.007122,-0.114174,True,True,EXPLICIT_SAME_BOOK_CLOSE,PENDING,
2026-08-15|breanna stewart|new york liberty @ connecticut sun|reb|under|2026-08-15T15:00:16.446702+00:00|0.467416,2026-08-15|breanna stewart|new york liberty @ connecticut sun|reb|under,2026-08-15T15:00:16.446702+00:00,2026-08-15,New York Liberty @ Connecticut Sun,Breanna Stewart,REB,UNDER,8.5,-135.0,DraftKings,0.574468,0.467416,a2566821457754be13906deb,2026-08-15T16:50:49.980706+00:00,9.17,8.5,-139.0,DraftKings,draftkings,player_rebounds,0.58159,0.0,0.007122,0.007122,-0.114174,True,True,EXPLICIT_SAME_BOOK_CLOSE,PENDING,
2026-08-15|breanna stewart|new york liberty @ connecticut sun|reb|under|2026-08-15T15:56:41.397541+00:00|0.467127,2026-08-15|breanna stewart|new york liberty @ connecticut sun|reb|under,2026-08-15T15:56:41.397541+00:00,2026-08-15,New York Liberty @ Connecticut Sun,Breanna Stewart,REB,UNDER,8.5,-137.0,Caesars,0.578059,0.467127,476e8c2cc601af419266c09f,2026-08-15T16:50:49.980706+00:00,9.17,8.5,-154.0,FanDuel,fanduel,player_rebounds,0.606299,0.0,0.02824,0.02824,-0.139172,False,True,EXPLICIT_MARKET_CLOSE,PENDING,
2026-08-15|breanna stewart|new york liberty @ connecticut sun|reb|under|2026-08-15T16:40:58.435903+00:00|0.467127,2026-08-15|breanna stewart|new york liberty @ connecticut sun|reb|under,2026-08-15T16:40:58.435903+00:00,2026-08-15,New York Liberty @ Connecticut Sun,Breanna Stewart,REB,UNDER,8.5,-137.0,Caesars,0.578059,0.467127,476e8c2cc601af419266c09f,2026-08-15T16:50:49.980706+00:00,9.17,8.5,-154.0,FanDuel,fanduel,player_rebounds,0.606299,0.0,0.02824,0.02824,-0.139172,False,True,EXPLICIT_MARKET_CLOSE,PENDING,
2026-08-15|breanna stewart|new york liberty @ connecticut sun|reb|under|2026-08-15T16:59:57.449708+00:00|0.528902,2026-08-15|breanna stewart|new york liberty @ connecticut sun|reb|under,2026-08-15T16:59:57.449708+00:00,2026-08-15,New York Liberty @ Connecticut Sun,Breanna Stewart,REB,UNDER,8.5,-139.0,DraftKings,0.58159,0.528902,a2566821457754be13906deb,2026-08-15T16:50:49.980706+00:00,9.17,8.5,-139.0,DraftKings,draftkings,player_rebounds,0.58159,0.0,0.0,0.0,-0.052688,True,True,EXPLICIT_SAME_BOOK_CLOSE,PENDING,
2026-08-15|breanna stewart|new york liberty @ connecticut sun|reb|under|2026-08-15T17:36:49.057441+00:00|0.528902,2026-08-15|breanna stewart|new york liberty @ connecticut sun|reb|under,2026-08-15T17:36:49.057441+00:00,2026-08-15,New York Liberty @ Connecticut Sun,Breanna Stewart,REB,UNDER,8.5,-139.0,DraftKings,0.58159,0.528902,a2566821457754be13906deb,2026-08-15T16:50:49.980706+00:00,9.17,8.5,-139.0,DraftKings,draftkings,player_rebounds,0.58159,0.0,0.0,0.0,-0.052688,True,True,EXPLICIT_SAME_BOOK_CLOSE,PENDING,
2026-08-15|breanna stewart|new york liberty @ connecticut sun|reb|under|2026-08-15T17:58:18.784460+00:00|0.528902,2026-08-15|breanna stewart|new york liberty @ connecticut sun|reb|under,2026-08-15T17:58:18.784460+00:00,2026-08-15,New York Liberty @ Connecticut Sun,Breanna Stewart,REB,UNDER,8.5,-139.0,DraftKings,0.58159,0.528902,a2566821457754be13906deb,2026-08-15T16:50:49.980706+00:00,9.17,8.5,-139.0,DraftKings,draftkings,player_rebounds,0.58159,0.0,0.0,0.0,-0.052688,True,True,EXPLICIT_SAME_BOOK_CLOSE,PENDING,
2026-08-15|breanna stewart|new york liberty @ connecticut sun|reb|under|2026-08-15T18:48:26.623952+00:00|0.528902,2026-08-15|breanna stewart|new york liberty @ connecticut sun|reb|under,2026-08-15T18:48:26.623952+00:00,2026-08-15,New York Liberty @ Connecticut Sun,Breanna Stewart,REB,UNDER,8.5,-139.0,DraftKings,0.58159,0.528902,a2566821457754be13906deb,2026-08-15T16:50:49.980706+00:00,9.17,8.5,-139.0,DraftKings,draftkings,player_rebounds,0.58159,0.0,0.0,0.0,-0.052688,True,True,EXPLICIT_SAME_BOOK_CLOSE,PENDING,
2026-08-15|breanna stewart|new york liberty @ connecticut sun|reb|under|2026-08-15T19:03:50.105082+00:00|0.528902,2026-08-15|breanna stewart|new york liberty @ connecticut sun|reb|under,2026-08-15T19:03:50.105082+00:00,2026-08-15,New York Liberty @ Connecticut Sun,Breanna Stewart,REB,UNDER,8.5,-139.0,DraftKings,0.58159,0.528902,a2566821457754be13906deb,2026-08-15T16:50:49.980706+00:00,9.17,8.5,-139.0,DraftKings,draftkings,player_rebounds,0.58159,0.0,0.0,0.0,-0.052688,True,True,EXPLICIT_SAME_BOOK_CLOSE,PENDING,
2026-08-15|breanna stewart|new york liberty @ connecticut sun|reb|under|2026-08-15T19:42:05.879517+00:00|0.528902,2026-08-15|breanna stewart|new york liberty @ connecticut sun|reb|under,2026-08-15T19:42:05.879517+00:00,2026-08-15,New York Liberty @ Connecticut Sun,Breanna Stewart,REB,UNDER,8.5,-139.0,DraftKings,0.58159,0.528902,a2566821457754be13906deb,2026-08-15T16:50:49.980706+00:00,9.17,8.5,-139.0,DraftKings,draftkings,player_rebounds,0.58159,0.0,0.0,0.0,-0.052688,True,True,EXPLICIT_SAME_BOOK_CLOSE,PENDING,
2026-08-15|breanna stewart|new york liberty @ connecticut sun|reb|under|2026-08-15T19:56:46.104978+00:00|0.528902,2026-08-15|breanna stewart|new york liberty @ connecticut sun|reb|under,2026-08-15T19:56:46.104978+00:00,2026-08-15,New York Liberty @ Connecticut Sun,Breanna Stewart,REB,UNDER,8.5,-139.0,DraftKings,0.58159,0.528902,a2566821457754be13906deb,2026-08-15T16:50:49.980706+00:00,9.17,8.5,-139.0,DraftKings,draftkings,player_rebounds,0.58159,0.0,0.0,0.0,-0.052688,True,True,EXPLICIT_SAME_BOOK_CLOSE,PENDING,
2026-08-15|breanna stewart|new york liberty @ connecticut sun|reb|under|2026-08-15T20:39:13.403881+00:00|0.528902,2026-08-15|breanna stewart|new york liberty @ connecticut sun|reb|under,2026-08-15T20:39:13.403881+00:00,2026-08-15,New York Liberty @ Connecticut Sun,Breanna Stewart,REB,UNDER,8.5,-139.0,DraftKings,0.58159,0.528902,a2566821457754be13906deb,2026-08-15T16:50:49.980706+00:00,9.17,8.5,-139.0,DraftKings,draftkings,player_rebounds,0.58159,0.0,0.0,0.0,-0.052688,True,True,EXPLICIT_SAME_BOOK_CLOSE,PENDING,
2026-08-15|charlisse leger-walker|new york liberty @ connecticut sun|ast|over|2026-08-15T10:59:30.272276+00:00|0.280379,2026-08-15|charlisse leger-walker|new york liberty @ connecticut sun|ast|over,2026-08-15T10:59:30.272276+00:00,2026-08-15,New York Liberty @ Connecticut Sun,Charlisse Leger-Walker,AST,OVER,3.5,112.0,BetRivers,0.471698,0.280379,954bf1eff83e89fbca74fc56,2026-08-15T16:50:49.980706+00:00,9.17,3.5,-114.0,FanDuel,fanduel,player_assists,0.53271,0.0,0.061012,0.061012,-0.252331,False,True,EXPLICIT_MARKET_CLOSE,PENDING,
2026-08-15|charlisse leger-walker|new york liberty @ connecticut sun|ast|over|2026-08-15T11:37:38.316341+00:00|0.275019,2026-08-15|charlisse leger-walker|new york liberty @ connecticut sun|ast|over,2026-08-15T11:37:38.316341+00:00,2026-08-15,New York Liberty @ Connecticut Sun,Charlisse Leger-Walker,AST,OVER,3.5,118.0,BetRivers,0.458716,0.275019,954bf1eff83e89fbca74fc56,2026-08-15T16:50:49.980706+00:00,9.17,3.5,-114.0,FanDuel,fanduel,player_assists,0.53271,0.0,0.073995,0.073995,-0.257691,False,True,EXPLICIT_MARKET_CLOSE,PENDING,
2026-08-15|charlisse leger-walker|new york liberty @ connecticut sun|ast|over|2026-08-15T11:57:22.075495+00:00|0.275019,2026-08-15|charlisse leger-walker|new york liberty @ connecticut sun|ast|over,2026-08-15T11:57:22.075495+00:00,2026-08-15,New York Liberty @ Connecticut Sun,Charlisse Leger-Walker,AST,OVER,3.5,118.0,BetRivers,0.458716,0.275019,954bf1eff83e89fbca74fc56,2026-08-15T16:50:49.980706+00:00,9.17,3.5,-114.0,FanDuel,fanduel,player_assists,0.53271,0.0,0.073995,0.073995,-0.257691,False,True,EXPLICIT_MARKET_CLOSE,PENDING,
2026-08-15|charlisse leger-walker|new york liberty @ connecticut sun|ast|over|2026-08-15T12:59:45.246898+00:00|0.275019,2026-08-15|charlisse leger-walker|new york liberty @ connecticut sun|ast|over,2026-08-15T12:59:45.246898+00:00,2026-08-15,New York Liberty @ Connecticut Sun,Charlisse Leger-Walker,AST,OVER,3.5,118.0,BetRivers,0.458716,0.275019,954bf1eff83e89fbca74fc56,2026-08-15T16:50:49.980706+00:00,9.17,3.5,-114.0,FanDuel,fanduel,player_assists,0.53271,0.0,0.073995,0.073995,-0.257691,False,True,EXPLICIT_MARKET_CLOSE,PENDING,
2026-08-15|charlisse leger-walker|new york liberty @ connecticut sun|ast|over|2026-08-15T13:19:00.048599+00:00|0.275019,2026-08-15|charlisse leger-walker|new york liberty @ connecticut sun|ast|over,2026-08-15T13:19:00.048599+00:00,2026-08-15,New York Liberty @ Connecticut Sun,Charlisse Leger-Walker,AST,OVER,3.5,118.0,BetRivers,0.458716,0.275019,954bf1eff83e89fbca74fc56,2026-08-15T16:50:49.980706+00:00,9.17,3.5,-114.0,FanDuel,fanduel,player_assists,0.53271,0.0,0.073995,0.073995,-0.257691,False,True,EXPLICIT_MARKET_CLOSE,PENDING,
2026-08-15|charlisse leger-walker|new york liberty @ connecticut sun|ast|over|2026-08-15T14:00:20.819656+00:00|0.275019,2026-08-15|charlisse leger-walker|new york liberty @ connecticut sun|ast|over,2026-08-15T14:00:20.819656+00:00,2026-08-15,New York Liberty @ Connecticut Sun,Charlisse Leger-Walker,AST,OVER,3.5,118.0,BetRivers,0.458716,0.275019,954bf1eff83e89fbca74fc56,2026-08-15T16:50:49.980706+00:00,9.17,3.5,-114.0,FanDuel,fanduel,player_assists,0.53271,0.0,0.073995,0.073995,-0.257691,False,True,EXPLICIT_MARKET_CLOSE,PENDING,
2026-08-15|charlisse leger-walker|new york liberty @ connecticut sun|ast|over|2026-08-15T14:39:33.056630+00:00|0.275019,2026-08-15|charlisse leger-walker|new york liberty @ connecticut sun|ast|over,2026-08-15T14:39:33.056630+00:00,2026-08-15,New York Liberty @ Connecticut Sun,Charlisse Leger-Walker,AST,OVER,3.5,118.0,BetRivers,0.458716,0.275019,954bf1eff83e89fbca74fc56,2026-08-15T16:50:49.980706+00:00,9.17,3.5,-114.0,FanDuel,fanduel,player_assists,0.53271,0.0,0.073995,0.073995,-0.257691,False,True,EXPLICIT_MARKET_CLOSE,PENDING,
2026-08-15|charlisse leger-walker|new york liberty @ connecticut sun|ast|over|2026-08-15T15:00:16.446702+00:00|0.275019,2026-08-15|charlisse leger-walker|new york liberty @ connecticut sun|ast|over,2026-08-15T15:00:16.446702+00:00,2026-08-15,New York Liberty @ Connecticut Sun,Charlisse Leger-Walker,AST,OVER,3.5,118.0,BetRivers,0.458716,0.275019,954bf1eff83e89fbca74fc56,2026-08-15T16:50:49.980706+00:00,9.17,3.5,-114.0,FanDuel,fanduel,player_assists,0.53271,0.0,0.073995,0.073995,-0.257691,False,True,EXPLICIT_MARKET_CLOSE,PENDING,
2026-08-15|charlisse leger-walker|new york liberty @ connecticut sun|ast|over|2026-08-15T15:56:41.397541+00:00|0.272471,2026-08-15|charlisse leger-walker|new york liberty @ connecticut sun|ast|over,2026-08-15T15:56:41.397541+00:00,2026-08-15,New York Liberty @ Connecticut Sun,Charlisse Leger-Walker,AST,OVER,3.5,120.0,BetRivers,0.454545,0.272471,954bf1eff83e89fbca74fc56,2026-08-15T16:50:49.980706+00:00,9.17,3.5,-114.0,FanDuel,fanduel,player_assists,0.53271,0.0,0.078165,0.078165,-0.260239,False,True,EXPLICIT_MARKET_CLOSE,PENDING,
2026-08-15|charlisse leger-walker|new york liberty @ connecticut sun|ast|over|2026-08-15T16:40:58.435903+00:00|0.272471,2026-08-15|charlisse leger-walker|new york liberty @ connecticut sun|ast|over,2026-08-15T16:40:58.435903+00:00,2026-08-15,New York Liberty @ Connecticut Sun,Charlisse Leger-Walker,AST,OVER,3.5,120.0,BetRivers,0.454545,0.272471,954bf1eff83e89fbca74fc56,2026-08-15T16:50:49.980706+00:00,9.17,3.5,-114.0,FanDuel,fanduel,player_assists,0.53271,0.0,0.078165,0.078165,-0.260239,False,True,EXPLICIT_MARKET_CLOSE,PENDING,
2026-08-15|charlisse leger-walker|new york liberty @ connecticut sun|ast|over|2026-08-15T16:59:57.449708+00:00|0.287182,2026-08-15|charlisse leger-walker|new york liberty @ connecticut sun|ast|over,2026-08-15T16:59:57.449708+00:00,2026-08-15,New York Liberty @ Connecticut Sun,Charlisse Leger-Walker,AST,OVER,3.5,104.0,FanDuel,0.490196,0.287182,954bf1eff83e89fbca74fc56,2026-08-15T16:50:49.980706+00:00,9.17,3.5,-114.0,FanDuel,fanduel,player_assists,0.53271,0.0,0.042514,0.042514,-0.245528,True,True,EXPLICIT_SAME_BOOK_CLOSE,PENDING,
2026-08-15|charlisse leger-walker|new york liberty @ connecticut sun|ast|over|2026-08-15T17:36:49.057441+00:00|0.287182,2026-08-15|charlisse leger-walker|new york liberty @ connecticut sun|ast|over,2026-08-15T17:36:49.057441+00:00,2026-08-15,New York Liberty @ Connecticut Sun,Charlisse Leger-Walker,AST,OVER,3.5,104.0,FanDuel,0.490196,0.287182,954bf1eff83e89fbca74fc56,2026-08-15T16:50:49.980706+00:00,9.17,3.5,-114.0,FanDuel,fanduel,player_assists,0.53271,0.0,0.042514,0.042514,-0.245528,True,True,EXPLICIT_SAME_BOOK_CLOSE,PENDING,
2026-08-15|charlisse leger-walker|new york liberty @ connecticut sun|ast|over|2026-08-15T17:58:18.784460+00:00|0.287182,2026-08-15|charlisse leger-walker|new york liberty @ connecticut sun|ast|over,2026-08-15T17:58:18.784460+00:00,2026-08-15,New York Liberty @ Connecticut Sun,Charlisse Leger-Walker,AST,OVER,3.5,104.0,FanDuel,0.490196,0.287182,954bf1eff83e89fbca74fc56,2026-08-15T16:50:49.980706+00:00,9.17,3.5,-114.0,FanDuel,fanduel,player_assists,0.53271,0.0,0.042514,0.042514,-0.245528,True,True,EXPLICIT_SAME_BOOK_CLOSE,PENDING,
2026-08-15|charlisse leger-walker|new york liberty @ connecticut sun|ast|over|2026-08-15T18:48:26.623952+00:00|0.287182,2026-08-15|charlisse leger-walker|new york liberty @ connecticut sun|ast|over,2026-08-15T18:48:26.623952+00:00,2026-08-15,New York Liberty @ Connecticut Sun,Charlisse Leger-Walker,AST,OVER,3.5,104.0,FanDuel,0.490196,0.287182,954bf1eff83e89fbca74fc56,2026-08-15T16:50:49.980706+00:00,9.17,3.5,-114.0,FanDuel,fanduel,player_assists,0.53271,0.0,0.042514,0.042514,-0.245528,True,True,EXPLICIT_SAME_BOOK_CLOSE,PENDING,
2026-08-15|charlisse leger-walker|new york liberty @ connecticut sun|ast|over|2026-08-15T19:03:50.105082+00:00|0.287182,2026-08-15|charlisse leger-walker|new york liberty @ connecticut sun|ast|over,2026-08-15T19:03:50.105082+00:00,2026-08-15,New York Liberty @ Connecticut Sun,Charlisse Leger-Walker,AST,OVER,3.5,104.0,FanDuel,0.490196,0.287182,954bf1eff83e89fbca74fc56,2026-08-15T16:50:49.980706+00:00,9.17,3.5,-114.0,FanDuel,fanduel,player_assists,0.53271,0.0,0.042514,0.042514,-0.245528,True,True,EXPLICIT_SAME_BOOK_CLOSE,PENDING,
2026-08-15|charlisse leger-walker|new york liberty @ connecticut sun|ast|over|2026-08-15T19:42:05.879517+00:00|0.287182,2026-08-15|charlisse leger-walker|new york liberty @ connecticut sun|ast|over,2026-08-15T19:42:05.879517+00:00,2026-08-15,New York Liberty @ Connecticut Sun,Charlisse Leger-Walker,AST,OVER,3.5,104.0,FanDuel,0.490196,0.287182,954bf1eff83e89fbca74fc56,2026-08-15T16:50:49.980706+00:00,9.17,3.5,-114.0,FanDuel,fanduel,player_assists,0.53271,0.0,0.042514,0.042514,-0.245528,True,True,EXPLICIT_SAME_BOOK_CLOSE,PENDING,
2026-08-15|charlisse leger-walker|new york liberty @ connecticut sun|ast|over|2026-08-15T19:56:46.104978+00:00|0.287182,2026-08-15|charlisse leger-walker|new york liberty @ connecticut sun|ast|over,2026-08-15T19:56:46.104978+00:00,2026-08-15,New York Liberty @ Connecticut Sun,Charlisse Leger-Walker,AST,OVER,3.5,104.0,FanDuel,0.490196,0.287182,954bf1eff83e89fbca74fc56,2026-08-15T16:50:49.980706+00:00,9.17,3.5,-114.0,FanDuel,fanduel,player_assists,0.53271,0.0,0.042514,0.042514,-0.245528,True,True,EXPLICIT_SAME_BOOK_CLOSE,PENDING,
2026-08-15|charlisse leger-walker|new york liberty @ connecticut sun|ast|over|2026-08-15T20:39:13.403881+00:00|0.287182,2026-08-15|charlisse leger-walker|new york liberty @ connecticut sun|ast|over,2026-08-15T20:39:13.403881+00:00,2026-08-15,New York Liberty @ Connecticut Sun,Charlisse Leger-Walker,AST,OVER,3.5,104.0,FanDuel,0.490196,0.287182,954bf1eff83e89fbca74fc56,2026-08-15T16:50:49.980706+00:00,9.17,3.5,-114.0,FanDuel,fanduel,player_assists,0.53271,0.0,0.042514,0.042514,-0.245528,True,True,EXPLICIT_SAME_BOOK_CLOSE,PENDING,
2026-08-15|charlisse leger-walker|new york liberty @ connecticut sun|ast|under|2026-08-15T10:59:30.272276+00:00|0.638479,2026-08-15|charlisse leger-walker|new york liberty @ connecticut sun|ast|under,2026-08-15T10:59:30.272276+00:00,2026-08-15,New York Liberty @ Connecticut Sun,Charlisse Leger-Walker,AST,UNDER,3.5,-137.0,Caesars,0.578059,0.638479,3072840cab0cef157f81e675,2026-08-15T16:50:49.980706+00:00,9.17,3.5,-114.0,FanDuel,fanduel,player_assists,0.53271,0.0,-0.045349,-0.045349,0.105769,False,True,EXPLICIT_MARKET_CLOSE,PENDING,
2026-08-15|charlisse leger-walker|new york liberty @ connecticut sun|ast|under|2026-08-15T11:37:38.316341+00:00|0.638479,2026-08-15|charlisse leger-walker|new york liberty @ connecticut sun|ast|under,2026-08-15T11:37:38.316341+00:00,2026-08-15,New York Liberty @ Connecticut Sun,Charlisse Leger-Walker,AST,UNDER,3.5,-137.0,Caesars,0.578059,0.638479,3072840cab0cef157f81e675,2026-08-15T16:50:49.980706+00:00,9.17,3.5,-114.0,FanDuel,fanduel,player_assists,0.53271,0.0,-0.045349,-0.045349,0.105769,False,True,EXPLICIT_MARKET_CLOSE,PENDING,
2026-08-15|charlisse leger-walker|new york liberty @ connecticut sun|ast|under|2026-08-15T11:57:22.075495+00:00|0.638479,2026-08-15|charlisse leger-walker|new york liberty @ connecticut sun|ast|under,2026-08-15T11:57:22.075495+00:00,2026-08-15,New York Liberty @ Connecticut Sun,Charlisse Leger-Walker,AST,UNDER,3.5,-137.0,Caesars,0.578059,0.638479,3072840cab0cef157f81e675,2026-08-15T16:50:49.980706+00:00,9.17,3.5,-114.0,FanDuel,fanduel,player_assists,0.53271,0.0,-0.045349,-0.045349,0.105769,False,True,EXPLICIT_MARKET_CLOSE,PENDING,
2026-08-15|charlisse leger-walker|new york liberty @ connecticut sun|ast|under|2026-08-15T12:59:45.246898+00:00|0.638479,2026-08-15|charlisse leger-walker|new york liberty @ connecticut sun|ast|under,2026-08-15T12:59:45.246898+00:00,2026-08-15,New York Liberty @ Connecticut Sun,Charlisse Leger-Walker,AST,UNDER,3.5,-137.0,Caesars,0.578059,0.638479,3072840cab0cef157f81e675,2026-08-15T16:50:49.980706+00:00,9.17,3.5,-114.0,FanDuel,fanduel,player_assists,0.53271,0.0,-0.045349,-0.045349,0.105769,False,True,EXPLICIT_MARKET_CLOSE,PENDING,
2026-08-15|charlisse leger-walker|new york liberty @ connecticut sun|ast|under|2026-08-15T13:19:00.048599+00:00|0.638479,2026-08-15|charlisse leger-walker|new york liberty @ connecticut sun|ast|under,2026-08-15T13:19:00.048599+00:00,2026-08-15,New York Liberty @ Connecticut Sun,Charlisse Leger-Walker,AST,UNDER,3.5,-137.0,Caesars,0.578059,0.638479,3072840cab0cef157f81e675,2026-08-15T16:50:49.980706+00:00,9.17,3.5,-114.0,FanDuel,fanduel,player_assists,0.53271,0.0,-0.045349,-0.045349,0.105769,False,True,EXPLICIT_MARKET_CLOSE,PENDING,
2026-08-15|charlisse leger-walker|new york liberty @ connecticut sun|ast|under|2026-08-15T14:00:20.819656+00:00|0.638479,2026-08-15|charlisse leger-walker|new york liberty @ connecticut sun|ast|under,2026-08-15T14:00:20.819656+00:00,2026-08-15,New York Liberty @ Connecticut Sun,Charlisse Leger-Walker,AST,UNDER,3.5,-137.0,Caesars,0.578059,0.638479,3072840cab0cef157f81e675,2026-08-15T16:50:49.980706+00:00,9.17,3.5,-114.0,FanDuel,fanduel,player_assists,0.53271,0.0,-0.045349,-0.045349,0.105769,False,True,EXPLICIT_MARKET_CLOSE,PENDING,
2026-08-15|charlisse leger-walker|new york liberty @ connecticut sun|ast|under|2026-08-15T14:39:33.056630+00:00|0.638479,2026-08-15|charlisse leger-walker|new york liberty @ connecticut sun|ast|under,2026-08-15T14:39:33.056630+00:00,2026-08-15,New York Liberty @ Connecticut Sun,Charlisse Leger-Walker,AST,UNDER,3.5,-137.0,Caesars,0.578059,0.638479,3072840cab0cef157f81e675,2026-08-15T16:50:49.980706+00:00,9.17,3.5,-114.0,FanDuel,fanduel,player_assists,0.53271,0.0,-0.045349,-0.045349,0.105769,False,True,EXPLICIT_MARKET_CLOSE,PENDING,
2026-08-15|charlisse leger-walker|new york liberty @ connecticut sun|ast|under|2026-08-15T15:00:16.446702+00:00|0.638479,2026-08-15|charlisse leger-walker|new york liberty @ connecticut sun|ast|under,2026-08-15T15:00:16.446702+00:00,2026-08-15,New York Liberty @ Connecticut Sun,Charlisse Leger-Walker,AST,UNDER,3.5,-137.0,Caesars,0.578059,0.638479,3072840cab0cef157f81e675,2026-08-15T16:50:49.980706+00:00,9.17,3.5,-114.0,FanDuel,fanduel,player_assists,0.53271,0.0,-0.045349,-0.045349,0.105769,False,True,EXPLICIT_MARKET_CLOSE,PENDING,
2026-08-15|charlisse leger-walker|new york liberty @ connecticut sun|ast|under|2026-08-15T15:56:41.397541+00:00|0.635351,2026-08-15|charlisse leger-walker|new york liberty @ connecticut sun|ast|under,2026-08-15T15:56:41.397541+00:00,2026-08-15,New York Liberty @ Connecticut Sun,Charlisse Leger-Walker,AST,UNDER,3.5,-140.0,FanDuel,0.583333,0.635351,3072840cab0cef157f81e675,2026-08-15T16:50:49.980706+00:00,9.17,3.5,-114.0,FanDuel,fanduel,player_assists,0.53271,0.0,-0.050623,-0.050623,0.102641,True,True,EXPLICIT_SAME_BOOK_CLOSE,PENDING,
2026-08-15|charlisse leger-walker|new york liberty @ connecticut sun|ast|under|2026-08-15T16:40:58.435903+00:00|0.635351,2026-08-15|charlisse leger-walker|new york liberty @ connecticut sun|ast|under,2026-08-15T16:40:58.435903+00:00,2026-08-15,New York Liberty @ Connecticut Sun,Charlisse Leger-Walker,AST,UNDER,3.5,-140.0,FanDuel,0.583333,0.635351,3072840cab0cef157f81e675,2026-08-15T16:50:49.980706+00:00,9.17,3.5,-114.0,FanDuel,fanduel,player_assists,0.53271,0.0,-0.050623,-0.050623,0.102641,True,True,EXPLICIT_SAME_BOOK_CLOSE,PENDING,
2026-08-15|charlisse leger-walker|new york liberty @ connecticut sun|ast|under|2026-08-15T16:59:57.449708+00:00|0.67599,2026-08-15|charlisse leger-walker|new york liberty @ connecticut sun|ast|under,2026-08-15T16:59:57.449708+00:00,2026-08-15,New York Liberty @ Connecticut Sun,Charlisse Leger-Walker,AST,UNDER,3.5,-103.0,DraftKings,0.507389,0.67599,af79430d6a3a0633dcb5dcd7,2026-08-15T16:50:49.980706+00:00,9.17,3.5,-116.0,DraftKings,draftkings,player_assists,0.537037,0.0,0.029648,0.029648,0.138953,True,True,EXPLICIT_SAME_BOOK_CLOSE,PENDING,
2026-08-15|charlisse leger-walker|new york liberty @ connecticut sun|ast|under|2026-08-15T17:36:49.057441+00:00|0.67599,2026-08-15|charlisse leger-walker|new york liberty @ connecticut sun|ast|under,2026-08-15T17:36:49.057441+00:00,2026-08-15,New York Liberty @ Connecticut Sun,Charlisse Leger-Walker,AST,UNDER,3.5,-103.0,DraftKings,0.507389,0.67599,af79430d6a3a0633dcb5dcd7,2026-08-15T16:50:49.980706+00:00,9.17,3.5,-116.0,DraftKings,draftkings,player_assists,0.537037,0.0,0.029648,0.029648,0.138953,True,True,EXPLICIT_SAME_BOOK_CLOSE,PENDING,
2026-08-15|charlisse leger-walker|new york liberty @ connecticut sun|ast|under|2026-08-15T17:58:18.784460+00:00|0.67599,2026-08-15|charlisse leger-walker|new york liberty @ connecticut sun|ast|under,2026-08-15T17:58:18.784460+00:00,2026-08-15,New York Liberty @ Connecticut Sun,Charlisse Leger-Walker,AST,UNDER,3.5,-103.0,DraftKings,0.507389,0.67599,af79430d6a3a0633dcb5dcd7,2026-08-15T16:50:49.980706+00:00,9.17,3.5,-116.0,DraftKings,draftkings,player_assists,0.537037,0.0,0.029648,0.029648,0.138953,True,True,EXPLICIT_SAME_BOOK_CLOSE,PENDING,
2026-08-15|charlisse leger-walker|new york liberty @ connecticut sun|ast|under|2026-08-15T18:48:26.623952+00:00|0.67599,2026-08-15|charlisse leger-walker|new york liberty @ connecticut sun|ast|under,2026-08-15T18:48:26.623952+00:00,2026-08-15,New York Liberty @ Connecticut Sun,Charlisse Leger-Walker,AST,UNDER,3.5,-103.0,DraftKings,0.507389,0.67599,af79430d6a3a0633dcb5dcd7,2026-08-15T16:50:49.980706+00:00,9.17,3.5,-116.0,DraftKings,draftkings,player_assists,0.537037,0.0,0.029648,0.029648,0.138953,True,True,EXPLICIT_SAME_BOOK_CLOSE,PENDING,
2026-08-15|charlisse leger-walker|new york liberty @ connecticut sun|ast|under|2026-08-15T19:03:50.105082+00:00|0.67599,2026-08-15|charlisse leger-walker|new york liberty @ connecticut sun|ast|under,2026-08-15T19:03:50.105082+00:00,2026-08-15,New York Liberty @ Connecticut Sun,Charlisse Leger-Walker,AST,UNDER,3.5,-103.0,DraftKings,0.507389,0.67599,af79430d6a3a0633dcb5dcd7,2026-08-15T16:50:49.980706+00:00,9.17,3.5,-116.0,DraftKings,draftkings,player_assists,0.537037,0.0,0.029648,0.029648,0.138953,True,True,EXPLICIT_SAME_BOOK_CLOSE,PENDING,
2026-08-15|charlisse leger-walker|new york liberty @ connecticut sun|ast|under|2026-08-15T19:42:05.879517+00:00|0.67599,2026-08-15|charlisse leger-walker|new york liberty @ connecticut sun|ast|under,2026-08-15T19:42:05.879517+00:00,2026-08-15,New York Liberty @ Connecticut Sun,Charlisse Leger-Walker,AST,UNDER,3.5,-103.0,DraftKings,0.507389,0.67599,af79430d6a3a0633dcb5dcd7,2026-08-15T16:50:49.980706+00:00,9.17,3.5,-116.0,DraftKings,draftkings,player_assists,0.537037,0.0,0.029648,0.029648,0.138953,True,True,EXPLICIT_SAME_BOOK_CLOSE,PENDING,
2026-08-15|charlisse leger-walker|new york liberty @ connecticut sun|ast|under|2026-08-15T19:56:46.104978+00:00|0.67599,2026-08-15|charlisse leger-walker|new york liberty @ connecticut sun|ast|under,2026-08-15T19:56:46.104978+00:00,2026-08-15,New York Liberty @ Connecticut Sun,Charlisse Leger-Walker,AST,UNDER,3.5,-103.0,DraftKings,0.507389,0.67599,af79430d6a3a0633dcb5dcd7,2026-08-15T16:50:49.980706+00:00,9.17,3.5,-116.0,DraftKings,draftkings,player_assists,0.537037,0.0,0.029648,0.029648,0.138953,True,True,EXPLICIT_SAME_BOOK_CLOSE,PENDING,
2026-08-15|charlisse leger-walker|new york liberty @ connecticut sun|ast|under|2026-08-15T20:39:13.403881+00:00|0.67599,2026-08-15|charlisse leger-walker|new york liberty @ connecticut sun|ast|under,2026-08-15T20:39:13.403881+00:00,2026-08-15,New York Liberty @ Connecticut Sun,Charlisse Leger-Walker,AST,UNDER,3.5,-103.0,DraftKings,0.507389,0.67599,af79430d6a3a0633dcb5dcd7,2026-08-15T16:50:49.980706+00:00,9.17,3.5,-116.0,DraftKings,draftkings,player_assists,0.537037,0.0,0.029648,0.029648,0.138953,True,True,EXPLICIT_SAME_BOOK_CLOSE,PENDING,
2026-08-15|charlisse leger-walker|new york liberty @ connecticut sun|pa|over|2026-08-15T10:59:30.272276+00:00|0.350602,2026-08-15|charlisse leger-walker|new york liberty @ connecticut sun|pa|over,2026-08-15T10:59:30.272276+00:00,2026-08-15,New York Liberty @ Connecticut Sun,Charlisse Leger-Walker,PA,OVER,10.5,102.0,FanDuel,0.49505,0.350602,89a0a1bc2034bdaf539e51a3,2026-08-15T16:50:49.980706+00:00,9.17,10.5,-114.0,FanDuel,fanduel,player_points_assists,0.53271,0.0,0.037661,0.037661,-0.182108,True,True,EXPLICIT_SAME_BOOK_CLOSE,PENDING,
2026-08-15|charlisse leger-walker|new york liberty @ connecticut sun|pa|over|2026-08-15T11:37:38.316341+00:00|0.350602,2026-08-15|charlisse leger-walker|new york liberty @ connecticut sun|pa|over,2026-08-15T11:37:38.316341+00:00,2026-08-15,New York Liberty @ Connecticut Sun,Charlisse Leger-Walker,PA,OVER,10.5,102.0,FanDuel,0.49505,0.350602,89a0a1bc2034bdaf539e51a3,2026-08-15T16:50:49.980706+00:00,9.17,10.5,-114.0,FanDuel,fanduel,player_points_assists,0.53271,0.0,0.037661,0.037661,-0.182108,True,True,EXPLICIT_SAME_BOOK_CLOSE,PENDING,
2026-08-15|charlisse leger-walker|new york liberty @ connecticut sun|pa|over|2026-08-15T11:57:22.075495+00:00|0.350602,2026-08-15|charlisse leger-walker|new york liberty @ connecticut sun|pa|over,2026-08-15T11:57:22.075495+00:00,2026-08-15,New York Liberty @ Connecticut Sun,Charlisse Leger-Walker,PA,OVER,10.5,102.0,FanDuel,0.49505,0.350602,89a0a1bc2034bdaf539e51a3,2026-08-15T16:50:49.980706+00:00,9.17,10.5,-114.0,FanDuel,fanduel,player_points_assists,0.53271,0.0,0.037661,0.037661,-0.182108,True,True,EXPLICIT_SAME_BOOK_CLOSE,PENDING,
2026-08-15|charlisse leger-walker|new york liberty @ connecticut sun|pa|over|2026-08-15T12:59:45.246898+00:00|0.263825,2026-08-15|charlisse leger-walker|new york liberty @ connecticut sun|pa|over,2026-08-15T12:59:45.246898+00:00,2026-08-15,New York Liberty @ Connecticut Sun,Charlisse Leger-Walker,PA,OVER,9.5,-131.0,DraftKings,0.5671,0.263825,3412143c1f6a3b47e75293ce,2026-08-15T16:50:49.980706+00:00,9.17,11.5,-102.0,DraftKings,draftkings,player_points_assists,0.50495,2.0,-0.062149,-0.062149,-0.241125,True,False,EXPLICIT_SAME_BOOK_CLOSE,PENDING,
2026-08-15|charlisse leger-walker|new york liberty @ connecticut sun|pa|over|2026-08-15T12:59:45.246898+00:00|0.350602,2026-08-15|charlisse leger-walker|new york liberty @ connecticut sun|pa|over,2026-08-15T12:59:45.246898+00:00,2026-08-15,New York Liberty @ Connecticut Sun,Charlisse Leger-Walker,PA,OVER,10.5,102.0,FanDuel,0.49505,0.350602,89a0a1bc2034bdaf539e51a3,2026-08-15T16:50:49.980706+00:00,9.17,10.5,-114.0,FanDuel,fanduel,player_points_assists,0.53271,0.0,0.037661,0.037661,-0.182108,True,True,EXPLICIT_SAME_BOOK_CLOSE,PENDING,
2026-08-15|charlisse leger-walker|new york liberty @ connecticut sun|pa|over|2026-08-15T13:19:00.048599+00:00|0.263825,2026-08-15|charlisse leger-walker|new york liberty @ connecticut sun|pa|over,2026-08-15T13:19:00.048599+00:00,2026-08-15,New York Liberty @ Connecticut Sun,Charlisse Leger-Walker,PA,OVER,9.5,-131.0,DraftKings,0.5671,0.263825,3412143c1f6a3b47e75293ce,2026-08-15T16:50:49.980706+00:00,9.17,11.5,-102.0,DraftKings,draftkings,player_points_assists,0.50495,2.0,-0.062149,-0.062149,-0.241125,True,False,EXPLICIT_SAME_BOOK_CLOSE,PENDING,
2026-08-15|charlisse leger-walker|new york liberty @ connecticut sun|pa|over|2026-08-15T13:19:00.048599+00:00|0.34985,2026-08-15|charlisse leger-walker|new york liberty @ connecticut sun|pa|over,2026-08-15T13:19:00.048599+00:00,2026-08-15,New York Liberty @ Connecticut Sun,Charlisse Leger-Walker,PA,OVER,10.5,104.0,FanDuel,0.490196,0.34985,89a0a1bc2034bdaf539e51a3,2026-08-15T16:50:49.980706+00:00,9.17,10.5,-114.0,FanDuel,fanduel,player_points_assists,0.53271,0.0,0.042514,0.042514,-0.18286,True,True,EXPLICIT_SAME_BOOK_CLOSE,PENDING,
2026-08-15|charlisse leger-walker|new york liberty @ connecticut sun|pa|over|2026-08-15T14:00:20.819656+00:00|0.263825,2026-08-15|charlisse leger-walker|new york liberty @ connecticut sun|pa|over,2026-08-15T14:00:20.819656+00:00,2026-08-15,New York Liberty @ Connecticut Sun,Charlisse Leger-Walker,PA,OVER,9.5,-131.0,DraftKings,0.5671,0.263825,3412143c1f6a3b47e75293ce,2026-08-15T16:50:49.980706+00:00,9.17,11.5,-102.0,DraftKings,draftkings,player_points_assists,0.50495,2.0,-0.062149,-0.062149,-0.241125,True,False,EXPLICIT_SAME_BOOK_CLOSE,PENDING,
2026-08-15|charlisse leger-walker|new york liberty @ connecticut sun|pa|over|2026-08-15T14:00:20.819656+00:00|0.34985,2026-08-15|charlisse leger-walker|new york liberty @ connecticut sun|pa|over,2026-08-15T14:00:20.819656+00:00,2026-08-15,New York Liberty @ Connecticut Sun,Charlisse Leger-Walker,PA,OVER,10.5,104.0,FanDuel,0.490196,0.34985,89a0a1bc2034bdaf539e51a3,2026-08-15T16:50:49.980706+00:00,9.17,10.5,-114.0,FanDuel,fanduel,player_points_assists,0.53271,0.0,0.042514,0.042514,-0.18286,True,True,EXPLICIT_SAME_BOOK_CLOSE,PENDING,
2026-08-15|charlisse leger-walker|new york liberty @ connecticut sun|pa|over|2026-08-15T14:39:33.056630+00:00|0.263825,2026-08-15|charlisse leger-walker|new york liberty @ connecticut sun|pa|over,2026-08-15T14:39:33.056630+00:00,2026-08-15,New York Liberty @ Connecticut Sun,Charlisse Leger-Walker,PA,OVER,9.5,-131.0,DraftKings,0.5671,0.263825,3412143c1f6a3b47e75293ce,2026-08-15T16:50:49.980706+00:00,9.17,11.5,-102.0,DraftKings,draftkings,player_points_assists,0.50495,2.0,-0.062149,-0.062149,-0.241125,True,False,EXPLICIT_SAME_BOOK_CLOSE,PENDING,
2026-08-15|charlisse leger-walker|new york liberty @ connecticut sun|pa|over|2026-08-15T14:39:33.056630+00:00|0.34985,2026-08-15|charlisse leger-walker|new york liberty @ connecticut sun|pa|over,2026-08-15T14:39:33.056630+00:00,2026-08-15,New York Liberty @ Connecticut Sun,Charlisse Leger-Walker,PA,OVER,10.5,104.0,FanDuel,0.490196,0.34985,89a0a1bc2034bdaf539e51a3,2026-08-15T16:50:49.980706+00:00,9.17,10.5,-114.0,FanDuel,fanduel,player_points_assists,0.53271,0.0,0.042514,0.042514,-0.18286,True,True,EXPLICIT_SAME_BOOK_CLOSE,PENDING,
2026-08-15|charlisse leger-walker|new york liberty @ connecticut sun|pa|over|2026-08-15T15:00:16.446702+00:00|0.263825,2026-08-15|charlisse leger-walker|new york liberty @ connecticut sun|pa|over,2026-08-15T15:00:16.446702+00:00,2026-08-15,New York Liberty @ Connecticut Sun,Charlisse Leger-Walker,PA,OVER,9.5,-131.0,DraftKings,0.5671,0.263825,3412143c1f6a3b47e75293ce,2026-08-15T16:50:49.980706+00:00,9.17,11.5,-102.0,DraftKings,draftkings,player_points_assists,0.50495,2.0,-0.062149,-0.062149,-0.241125,True,False,EXPLICIT_SAME_BOOK_CLOSE,PENDING,
2026-08-15|charlisse leger-walker|new york liberty @ connecticut sun|pa|over|2026-08-15T15:00:16.446702+00:00|0.34985,2026-08-15|charlisse leger-walker|new york liberty @ connecticut sun|pa|over,2026-08-15T15:00:16.446702+00:00,2026-08-15,New York Liberty @ Connecticut Sun,Charlisse Leger-Walker,PA,OVER,10.5,104.0,FanDuel,0.490196,0.34985,89a0a1bc2034bdaf539e51a3,2026-08-15T16:50:49.980706+00:00,9.17,10.5,-114.0,FanDuel,fanduel,player_points_assists,0.53271,0.0,0.042514,0.042514,-0.18286,True,True,EXPLICIT_SAME_BOOK_CLOSE,PENDING,
2026-08-15|charlisse leger-walker|new york liberty @ connecticut sun|pa|over|2026-08-15T15:56:41.397541+00:00|0.263182,2026-08-15|charlisse leger-walker|new york liberty @ connecticut sun|pa|over,2026-08-15T15:56:41.397541+00:00,2026-08-15,New York Liberty @ Connecticut Sun,Charlisse Leger-Walker,PA,OVER,9.5,-136.0,FanDuel,0.576271,0.263182,89a0a1bc2034bdaf539e51a3,2026-08-15T16:50:49.980706+00:00,9.17,10.5,-114.0,FanDuel,fanduel,player_points_assists,0.53271,1.0,-0.043561,-0.043561,-0.269528,True,False,EXPLICIT_SAME_BOOK_CLOSE,PENDING,
2026-08-15|charlisse leger-walker|new york liberty @ connecticut sun|pa|over|2026-08-15T16:40:58.435903+00:00|0.263182,2026-08-15|charlisse leger-walker|new york liberty @ connecticut sun|pa|over,2026-08-15T16:40:58.435903+00:00,2026-08-15,New York Liberty @ Connecticut Sun,Charlisse Leger-Walker,PA,OVER,9.5,-136.0,FanDuel,0.576271,0.263182,89a0a1bc2034bdaf539e51a3,2026-08-15T16:50:49.980706+00:00,9.17,10.5,-114.0,FanDuel,fanduel,player_points_assists,0.53271,1.0,-0.043561,-0.043561,-0.269528,True,False,EXPLICIT_SAME_BOOK_CLOSE,PENDING,
2026-08-15|charlisse leger-walker|new york liberty @ connecticut sun|pa|over|2026-08-15T16:59:57.449708+00:00|0.352001,2026-08-15|charlisse leger-walker|new york liberty @ connecticut sun|pa|over,2026-08-15T16:59:57.449708+00:00,2026-08-15,New York Liberty @ Connecticut Sun,Charlisse Leger-Walker,PA,OVER,10.5,-102.0,FanDuel,0.50495,0.352001,89a0a1bc2034bdaf539e51a3,2026-08-15T16:50:49.980706+00:00,9.17,10.5,-114.0,FanDuel,fanduel,player_points_assists,0.53271,0.0,0.02776,0.02776,-0.180709,True,True,EXPLICIT_SAME_BOOK_CLOSE,PENDING,
2026-08-15|charlisse leger-walker|new york liberty @ connecticut sun|pa|over|2026-08-15T16:59:57.449708+00:00|0.482826,2026-08-15|charlisse leger-walker|new york liberty @ connecticut sun|pa|over,2026-08-15T16:59:57.449708+00:00,2026-08-15,New York Liberty @ Connecticut Sun,Charlisse Leger-Walker,PA,OVER,11.5,-103.0,DraftKings,0.507389,0.482826,3412143c1f6a3b47e75293ce,2026-08-15T16:50:49.980706+00:00,9.17,11.5,-102.0,DraftKings,draftkings,player_points_assists,0.50495,0.0,-0.002439,-0.002439,-0.022124,True,True,EXPLICIT_SAME_BOOK_CLOSE,PENDING,
2026-08-15|charlisse leger-walker|new york liberty @ connecticut sun|pa|over|2026-08-15T17:36:49.057441+00:00|0.352001,2026-08-15|charlisse leger-walker|new york liberty @ connecticut sun|pa|over,2026-08-15T17:36:49.057441+00:00,2026-08-15,New York Liberty @ Connecticut Sun,Charlisse Leger-Walker,PA,OVER,10.5,-102.0,FanDuel,0.50495,0.352001,89a0a1bc2034bdaf539e51a3,2026-08-15T16:50:49.980706+00:00,9.17,10.5,-114.0,FanDuel,fanduel,player_points_assists,0.53271,0.0,0.02776,0.02776,-0.180709,True,True,EXPLICIT_SAME_BOOK_CLOSE,PENDING,
2026-08-15|charlisse leger-walker|new york liberty @ connecticut sun|pa|over|2026-08-15T17:36:49.057441+00:00|0.482826,2026-08-15|charlisse leger-walker|new york liberty @ connecticut sun|pa|over,2026-08-15T17:36:49.057441+00:00,2026-08-15,New York Liberty @ Connecticut Sun,Charlisse Leger-Walker,PA,OVER,11.5,-103.0,DraftKings,0.507389,0.482826,3412143c1f6a3b47e75293ce,2026-08-15T16:50:49.980706+00:00,9.17,11.5,-102.0,DraftKings,draftkings,player_points_assists,0.50495,0.0,-0.002439,-0.002439,-0.022124,True,True,EXPLICIT_SAME_BOOK_CLOSE,PENDING,
2026-08-15|charlisse leger-walker|new york liberty @ connecticut sun|pa|over|2026-08-15T17:58:18.784460+00:00|0.352001,2026-08-15|charlisse leger-walker|new york liberty @ connecticut sun|pa|over,2026-08-15T17:58:18.784460+00:00,2026-08-15,New York Liberty @ Connecticut Sun,Charlisse Leger-Walker,PA,OVER,10.5,-102.0,FanDuel,0.50495,0.352001,89a0a1bc2034bdaf539e51a3,2026-08-15T16:50:49.980706+00:00,9.17,10.5,-114.0,FanDuel,fanduel,player_points_assists,0.53271,0.0,0.02776,0.02776,-0.180709,True,True,EXPLICIT_SAME_BOOK_CLOSE,PENDING,
2026-08-15|charlisse leger-walker|new york liberty @ connecticut sun|pa|over|2026-08-15T17:58:18.784460+00:00|0.482826,2026-08-15|charlisse leger-walker|new york liberty @ connecticut sun|pa|over,2026-08-15T17:58:18.784460+00:00,2026-08-15,New York Liberty @ Connecticut Sun,Charlisse Leger-Walker,PA,OVER,11.5,-103.0,DraftKings,0.507389,0.482826,3412143c1f6a3b47e75293ce,2026-08-15T16:50:49.980706+00:00,9.17,11.5,-102.0,DraftKings,draftkings,player_points_assists,0.50495,0.0,-0.002439,-0.002439,-0.022124,True,True,EXPLICIT_SAME_BOOK_CLOSE,PENDING,
2026-08-15|charlisse leger-walker|new york liberty @ connecticut sun|pa|over|2026-08-15T18:48:26.623952+00:00|0.352001,2026-08-15|charlisse leger-walker|new york liberty @ connecticut sun|pa|over,2026-08-15T18:48:26.623952+00:00,2026-08-15,New York Liberty @ Connecticut Sun,Charlisse Leger-Walker,PA,OVER,10.5,-102.0,FanDuel,0.50495,0.352001,89a0a1bc2034bdaf539e51a3,2026-08-15T16:50:49.980706+00:00,9.17,10.5,-114.0,FanDuel,fanduel,player_points_assists,0.53271,0.0,0.02776,0.02776,-0.180709,True,True,EXPLICIT_SAME_BOOK_CLOSE,PENDING,
2026-08-15|charlisse leger-walker|new york liberty @ connecticut sun|pa|over|2026-08-15T18:48:26.623952+00:00|0.482826,2026-08-15|charlisse leger-walker|new york liberty @ connecticut sun|pa|over,2026-08-15T18:48:26.623952+00:00,2026-08-15,New York Liberty @ Connecticut Sun,Charlisse Leger-Walker,PA,OVER,11.5,-103.0,DraftKings,0.507389,0.482826,3412143c1f6a3b47e75293ce,2026-08-15T16:50:49.980706+00:00,9.17,11.5,-102.0,DraftKings,draftkings,player_points_assists,0.50495,0.0,-0.002439,-0.002439,-0.022124,True,True,EXPLICIT_SAME_BOOK_CLOSE,PENDING,
2026-08-15|charlisse leger-walker|new york liberty @ connecticut sun|pa|over|2026-08-15T19:03:50.105082+00:00|0.352001,2026-08-15|charlisse leger-walker|new york liberty @ connecticut sun|pa|over,2026-08-15T19:03:50.105082+00:00,2026-08-15,New York Liberty @ Connecticut Sun,Charlisse Leger-Walker,PA,OVER,10.5,-102.0,FanDuel,0.50495,0.352001,89a0a1bc2034bdaf539e51a3,2026-08-15T16:50:49.980706+00:00,9.17,10.5,-114.0,FanDuel,fanduel,player_points_assists,0.53271,0.0,0.02776,0.02776,-0.180709,True,True,EXPLICIT_SAME_BOOK_CLOSE,PENDING,
2026-08-15|charlisse leger-walker|new york liberty @ connecticut sun|pa|over|2026-08-15T19:03:50.105082+00:00|0.482826,2026-08-15|charlisse leger-walker|new york liberty @ connecticut sun|pa|over,2026-08-15T19:03:50.105082+00:00,2026-08-15,New York Liberty @ Connecticut Sun,Charlisse Leger-Walker,PA,OVER,11.5,-103.0,DraftKings,0.507389,0.482826,3412143c1f6a3b47e75293ce,2026-08-15T16:50:49.980706+00:00,9.17,11.5,-102.0,DraftKings,draftkings,player_points_assists,0.50495,0.0,-0.002439,-0.002439,-0.022124,True,True,EXPLICIT_SAME_BOOK_CLOSE,PENDING,
2026-08-15|charlisse leger-walker|new york liberty @ connecticut sun|pa|over|2026-08-15T19:42:05.879517+00:00|0.352001,2026-08-15|charlisse leger-walker|new york liberty @ connecticut sun|pa|over,2026-08-15T19:42:05.879517+00:00,2026-08-15,New York Liberty @ Connecticut Sun,Charlisse Leger-Walker,PA,OVER,10.5,-102.0,FanDuel,0.50495,0.352001,89a0a1bc2034bdaf539e51a3,2026-08-15T16:50:49.980706+00:00,9.17,10.5,-114.0,FanDuel,fanduel,player_points_assists,0.53271,0.0,0.02776,0.02776,-0.180709,True,True,EXPLICIT_SAME_BOOK_CLOSE,PENDING,
2026-08-15|charlisse leger-walker|new york liberty @ connecticut sun|pa|over|2026-08-15T19:42:05.879517+00:00|0.482826,2026-08-15|charlisse leger-walker|new york liberty @ connecticut sun|pa|over,2026-08-15T19:42:05.879517+00:00,2026-08-15,New York Liberty @ Connecticut Sun,Charlisse Leger-Walker,PA,OVER,11.5,-103.0,DraftKings,0.507389,0.482826,3412143c1f6a3b47e75293ce,2026-08-15T16:50:49.980706+00:00,9.17,11.5,-102.0,DraftKings,draftkings,player_points_assists,0.50495,0.0,-0.002439,-0.002439,-0.022124,True,True,EXPLICIT_SAME_BOOK_CLOSE,PENDING,
2026-08-15|charlisse leger-walker|new york liberty @ connecticut sun|pa|over|2026-08-15T19:56:46.104978+00:00|0.352001,2026-08-15|charlisse leger-walker|new york liberty @ connecticut sun|pa|over,2026-08-15T19:56:46.104978+00:00,2026-08-15,New York Liberty @ Connecticut Sun,Charlisse Leger-Walker,PA,OVER,10.5,-102.0,FanDuel,0.50495,0.352001,89a0a1bc2034bdaf539e51a3,2026-08-15T16:50:49.980706+00:00,9.17,10.5,-114.0,FanDuel,fanduel,player_points_assists,0.53271,0.0,0.02776,0.02776,-0.180709,True,True,EXPLICIT_SAME_BOOK_CLOSE,PENDING,
2026-08-15|charlisse leger-walker|new york liberty @ connecticut sun|pa|over|2026-08-15T19:56:46.104978+00:00|0.482826,2026-08-15|charlisse leger-walker|new york liberty @ connecticut sun|pa|over,2026-08-15T19:56:46.104978+00:00,2026-08-15,New York Liberty @ Connecticut Sun,Charlisse Leger-Walker,PA,OVER,11.5,-103.0,DraftKings,0.507389,0.482826,3412143c1f6a3b47e75293ce,2026-08-15T16:50:49.980706+00:00,9.17,11.5,-102.0,DraftKings,draftkings,player_points_assists,0.50495,0.0,-0.002439,-0.002439,-0.022124,True,True,EXPLICIT_SAME_BOOK_CLOSE,PENDING,
2026-08-15|charlisse leger-walker|new york liberty @ connecticut sun|pa|over|2026-08-15T20:39:13.403881+00:00|0.352001,2026-08-15|charlisse leger-walker|new york liberty @ connecticut sun|pa|over,2026-08-15T20:39:13.403881+00:00,2026-08-15,New York Liberty @ Connecticut Sun,Charlisse Leger-Walker,PA,OVER,10.5,-102.0,FanDuel,0.50495,0.352001,89a0a1bc2034bdaf539e51a3,2026-08-15T16:50:49.980706+00:00,9.17,10.5,-114.0,FanDuel,fanduel,player_points_assists,0.53271,0.0,0.02776,0.02776,-0.180709,True,True,EXPLICIT_SAME_BOOK_CLOSE,PENDING,
2026-08-15|charlisse leger-walker|new york liberty @ connecticut sun|pa|over|2026-08-15T20:39:13.403881+00:00|0.482826,2026-08-15|charlisse leger-walker|new york liberty @ connecticut sun|pa|over,2026-08-15T20:39:13.403881+00:00,2026-08-15,New York Liberty @ Connecticut Sun,Charlisse Leger-Walker,PA,OVER,11.5,-103.0,DraftKings,0.507389,0.482826,3412143c1f6a3b47e75293ce,2026-08-15T16:50:49.980706+00:00,9.17,11.5,-102.0,DraftKings,draftkings,player_points_assists,0.50495,0.0,-0.002439,-0.002439,-0.022124,True,True,EXPLICIT_SAME_BOOK_CLOSE,PENDING,
2026-08-15|charlisse leger-walker|new york liberty @ connecticut sun|pa|under|2026-08-15T10:59:30.272276+00:00|0.263759,2026-08-15|charlisse leger-walker|new york liberty @ connecticut sun|pa|under,2026-08-15T10:59:30.272276+00:00,2026-08-15,New York Liberty @ Connecticut Sun,Charlisse Leger-Walker,PA,UNDER,10.5,-132.0,DraftKings,0.568966,0.263759,e08c4bb2bd84c1a6966bc01b,2026-08-15T16:50:49.980706+00:00,9.17,11.5,-133.0,DraftKings,draftkings,player_points_assists,0.570815,-1.0,0.00185,0.00185,-0.307056,True,False,EXPLICIT_SAME_BOOK_CLOSE,PENDING,
2026-08-15|charlisse leger-walker|new york liberty @ connecticut sun|pa|under|2026-08-15T11:37:38.316341+00:00|0.263759,2026-08-15|charlisse leger-walker|new york liberty @ connecticut sun|pa|under,2026-08-15T11:37:38.316341+00:00,2026-08-15,New York Liberty @ Connecticut Sun,Charlisse Leger-Walker,PA,UNDER,10.5,-132.0,DraftKings,0.568966,0.263759,e08c4bb2bd84c1a6966bc01b,2026-08-15T16:50:49.980706+00:00,9.17,11.5,-133.0,DraftKings,draftkings,player_points_assists,0.570815,-1.0,0.00185,0.00185,-0.307056,True,False,EXPLICIT_SAME_BOOK_CLOSE,PENDING,
2026-08-15|charlisse leger-walker|new york liberty @ connecticut sun|pa|under|2026-08-15T11:57:22.075495+00:00|0.263759,2026-08-15|charlisse leger-walker|new york liberty @ connecticut sun|pa|under,2026-08-15T11:57:22.075495+00:00,2026-08-15,New York Liberty @ Connecticut Sun,Charlisse Leger-Walker,PA,UNDER,10.5,-132.0,DraftKings,0.568966,0.263759,e08c4bb2bd84c1a6966bc01b,2026-08-15T16:50:49.980706+00:00,9.17,11.5,-133.0,DraftKings,draftkings,player_points_assists,0.570815,-1.0,0.00185,0.00185,-0.307056,True,False,EXPLICIT_SAME_BOOK_CLOSE,PENDING,
2026-08-15|charlisse leger-walker|new york liberty @ connecticut sun|pa|under|2026-08-15T12:59:45.246898+00:00|0.353369,2026-08-15|charlisse leger-walker|new york liberty @ connecticut sun|pa|under,2026-08-15T12:59:45.246898+00:00,2026-08-15,New York Liberty @ Connecticut Sun,Charlisse Leger-Walker,PA,UNDER,9.5,-104.0,DraftKings,0.509804,0.353369,e08c4bb2bd84c1a6966bc01b,2026-08-15T16:50:49.980706+00:00,9.17,11.5,-133.0,DraftKings,draftkings,player_points_assists,0.570815,-2.0,0.061012,0.061012,-0.217446,True,False,EXPLICIT_SAME_BOOK_CLOSE,PENDING,
2026-08-15|charlisse leger-walker|new york liberty @ connecticut sun|pa|under|2026-08-15T12:59:45.246898+00:00|0.2633,2026-08-15|charlisse leger-walker|new york liberty @ connecticut sun|pa|under,2026-08-15T12:59:45.246898+00:00,2026-08-15,New York Liberty @ Connecticut Sun,Charlisse Leger-Walker,PA,UNDER,10.5,-136.0,FanDuel,0.576271,0.2633,7a52e19724ca65fbbfae9652,2026-08-15T16:50:49.980706+00:00,9.17,10.5,-114.0,FanDuel,fanduel,player_points_assists,0.53271,0.0,-0.043561,-0.043561,-0.26941,True,True,EXPLICIT_SAME_BOOK_CLOSE,PENDING,
2026-08-15|charlisse leger-walker|new york liberty @ connecticut sun|pa|under|2026-08-15T13:19:00.048599+00:00|0.353369,2026-08-15|charlisse leger-walker|new york liberty @ connecticut sun|pa|under,2026-08-15T13:19:00.048599+00:00,2026-08-15,New York Liberty @ Connecticut Sun,Charlisse Leger-Walker,PA,UNDER,9.5,-104.0,DraftKings,0.509804,0.353369,e08c4bb2bd84c1a6966bc01b,2026-08-15T16:50:49.980706+00:00,9.17,11.5,-133.0,DraftKings,draftkings,player_points_assists,0.570815,-2.0,0.061012,0.061012,-0.217446,True,False,EXPLICIT_SAME_BOOK_CLOSE,PENDING,
2026-08-15|charlisse leger-walker|new york liberty @ connecticut sun|pa|under|2026-08-15T13:19:00.048599+00:00|0.2633,2026-08-15|charlisse leger-walker|new york liberty @ connecticut sun|pa|under,2026-08-15T13:19:00.048599+00:00,2026-08-15,New York Liberty @ Connecticut Sun,Charlisse Leger-Walker,PA,UNDER,10.5,-136.0,FanDuel,0.576271,0.2633,7a52e19724ca65fbbfae9652,2026-08-15T16:50:49.980706+00:00,9.17,10.5,-114.0,FanDuel,fanduel,player_points_assists,0.53271,0.0,-0.043561,-0.043561,-0.26941,True,True,EXPLICIT_SAME_BOOK_CLOSE,PENDING,
2026-08-15|charlisse leger-walker|new york liberty @ connecticut sun|pa|under|2026-08-15T14:00:20.819656+00:00|0.353369,2026-08-15|charlisse leger-walker|new york liberty @ connecticut sun|pa|under,2026-08-15T14:00:20.819656+00:00,2026-08-15,New York Liberty @ Connecticut Sun,Charlisse Leger-Walker,PA,UNDER,9.5,-104.0,DraftKings,0.509804,0.353369,e08c4bb2bd84c1a6966bc01b,2026-08-15T16:50:49.980706+00:00,9.17,11.5,-133.0,DraftKings,draftkings,player_points_assists,0.570815,-2.0,0.061012,0.061012,-0.217446,True,False,EXPLICIT_SAME_BOOK_CLOSE,PENDING,
2026-08-15|charlisse leger-walker|new york liberty @ connecticut sun|pa|under|2026-08-15T14:00:20.819656+00:00|0.2633,2026-08-15|charlisse leger-walker|new york liberty @ connecticut sun|pa|under,2026-08-15T14:00:20.819656+00:00,2026-08-15,New York Liberty @ Connecticut Sun,Charlisse Leger-Walker,PA,UNDER,10.5,-136.0,FanDuel,0.576271,0.2633,7a52e19724ca65fbbfae9652,2026-08-15T16:50:49.980706+00:00,9.17,10.5,-114.0,FanDuel,fanduel,player_points_assists,0.53271,0.0,-0.043561,-0.043561,-0.26941,True,True,EXPLICIT_SAME_BOOK_CLOSE,PENDING,
2026-08-15|charlisse leger-walker|new york liberty @ connecticut sun|pa|under|2026-08-15T14:39:33.056630+00:00|0.353369,2026-08-15|charlisse leger-walker|new york liberty @ connecticut sun|pa|under,2026-08-15T14:39:33.056630+00:00,2026-08-15,New York Liberty @ Connecticut Sun,Charlisse Leger-Walker,PA,UNDER,9.5,-104.0,DraftKings,0.509804,0.353369,e08c4bb2bd84c1a6966bc01b,2026-08-15T16:50:49.980706+00:00,9.17,11.5,-133.0,DraftKings,draftkings,player_points_assists,0.570815,-2.0,0.061012,0.061012,-0.217446,True,False,EXPLICIT_SAME_BOOK_CLOSE,PENDING,
2026-08-15|charlisse leger-walker|new york liberty @ connecticut sun|pa|under|2026-08-15T14:39:33.056630+00:00|0.2633,2026-08-15|charlisse leger-walker|new york liberty @ connecticut sun|pa|under,2026-08-15T14:39:33.056630+00:00,2026-08-15,New York Liberty @ Connecticut Sun,Charlisse Leger-Walker,PA,UNDER,10.5,-136.0,FanDuel,0.576271,0.2633,7a52e19724ca65fbbfae9652,2026-08-15T16:50:49.980706+00:00,9.17,10.5,-114.0,FanDuel,fanduel,player_points_assists,0.53271,0.0,-0.043561,-0.043561,-0.26941,True,True,EXPLICIT_SAME_BOOK_CLOSE,PENDING,
2026-08-15|charlisse leger-walker|new york liberty @ connecticut sun|pa|under|2026-08-15T15:00:16.446702+00:00|0.353369,2026-08-15|charlisse leger-walker|new york liberty @ connecticut sun|pa|under,2026-08-15T15:00:16.446702+00:00,2026-08-15,New York Liberty @ Connecticut Sun,Charlisse Leger-Walker,PA,UNDER,9.5,-104.0,DraftKings,0.509804,0.353369,e08c4bb2bd84c1a6966bc01b,2026-08-15T16:50:49.980706+00:00,9.17,11.5,-133.0,DraftKings,draftkings,player_points_assists,0.570815,-2.0,0.061012,0.061012,-0.217446,True,False,EXPLICIT_SAME_BOOK_CLOSE,PENDING,
2026-08-15|charlisse leger-walker|new york liberty @ connecticut sun|pa|under|2026-08-15T15:00:16.446702+00:00|0.2633,2026-08-15|charlisse leger-walker|new york liberty @ connecticut sun|pa|under,2026-08-15T15:00:16.446702+00:00,2026-08-15,New York Liberty @ Connecticut Sun,Charlisse Leger-Walker,PA,UNDER,10.5,-136.0,FanDuel,0.576271,0.2633,7a52e19724ca65fbbfae9652,2026-08-15T16:50:49.980706+00:00,9.17,10.5,-114.0,FanDuel,fanduel,player_points_assists,0.53271,0.0,-0.043561,-0.043561,-0.26941,True,True,EXPLICIT_SAME_BOOK_CLOSE,PENDING,
2026-08-15|charlisse leger-walker|new york liberty @ connecticut sun|pa|under|2026-08-15T15:56:41.397541+00:00|0.351338,2026-08-15|charlisse leger-walker|new york liberty @ connecticut sun|pa|under,2026-08-15T15:56:41.397541+00:00,2026-08-15,New York Liberty @ Connecticut Sun,Charlisse Leger-Walker,PA,UNDER,9.5,102.0,FanDuel,0.49505,0.351338,7a52e19724ca65fbbfae9652,2026-08-15T16:50:49.980706+00:00,9.17,10.5,-114.0,FanDuel,fanduel,player_points_assists,0.53271,-1.0,0.037661,0.037661,-0.181372,True,False,EXPLICIT_SAME_BOOK_CLOSE,PENDING,
2026-08-15|charlisse leger-walker|new york liberty @ connecticut sun|pa|under|2026-08-15T16:40:58.435903+00:00|0.351338,2026-08-15|charlisse leger-walker|new york liberty @ connecticut sun|pa|under,2026-08-15T16:40:58.435903+00:00,2026-08-15,New York Liberty @ Connecticut Sun,Charlisse Leger-Walker,PA,UNDER,9.5,102.0,FanDuel,0.49505,0.351338,7a52e19724ca65fbbfae9652,2026-08-15T16:50:49.980706+00:00,9.17,10.5,-114.0,FanDuel,fanduel,player_points_assists,0.53271,-1.0,0.037661,0.037661,-0.181372,True,False,EXPLICIT_SAME_BOOK_CLOSE,PENDING,
2026-08-15|charlisse leger-walker|new york liberty @ connecticut sun|pa|under|2026-08-15T16:59:57.449708+00:00|0.263937,2026-08-15|charlisse leger-walker|new york liberty @ connecticut sun|pa|under,2026-08-15T16:59:57.449708+00:00,2026-08-15,New York Liberty @ Connecticut Sun,Charlisse Leger-Walker,PA,UNDER,10.5,-130.0,FanDuel,0.565217,0.263937,7a52e19724ca65fbbfae9652,2026-08-15T16:50:49.980706+00:00,9.17,10.5,-114.0,FanDuel,fanduel,player_points_assists,0.53271,0.0,-0.032507,-0.032507,-0.268773,True,True,EXPLICIT_SAME_BOOK_CLOSE,PENDING,
2026-08-15|charlisse leger-walker|new york liberty @ connecticut sun|pa|under|2026-08-15T16:59:57.449708+00:00|0.32765,2026-08-15|charlisse leger-walker|new york liberty @ connecticut sun|pa|under,2026-08-15T16:59:57.449708+00:00,2026-08-15,New York Liberty @ Connecticut Sun,Charlisse Leger-Walker,PA,UNDER,11.5,-132.0,DraftKings,0.568966,0.32765,e08c4bb2bd84c1a6966bc01b,2026-08-15T16:50:49.980706+00:00,9.17,11.5,-133.0,DraftKings,draftkings,player_points_assists,0.570815,0.0,0.00185,0.00185,-0.243165,True,True,EXPLICIT_SAME_BOOK_CLOSE,PENDING,
2026-08-15|charlisse leger-walker|new york liberty @ connecticut sun|pa|under|2026-08-15T17:36:49.057441+00:00|0.263937,2026-08-15|charlisse leger-walker|new york liberty @ connecticut sun|pa|under,2026-08-15T17:36:49.057441+00:00,2026-08-15,New York Liberty @ Connecticut Sun,Charlisse Leger-Walker,PA,UNDER,10.5,-130.0,FanDuel,0.565217,0.263937,7a52e19724ca65fbbfae9652,2026-08-15T16:50:49.980706+00:00,9.17,10.5,-114.0,FanDuel,fanduel,player_points_assists,0.53271,0.0,-0.032507,-0.032507,-0.268773,True,True,EXPLICIT_SAME_BOOK_CLOSE,PENDING,
2026-08-15|charlisse leger-walker|new york liberty @ connecticut sun|pa|under|2026-08-15T17:36:49.057441+00:00|0.32765,2026-08-15|charlisse leger-walker|new york liberty @ connecticut sun|pa|under,2026-08-15T17:36:49.057441+00:00,2026-08-15,New York Liberty @ Connecticut Sun,Charlisse Leger-Walker,PA,UNDER,11.5,-132.0,DraftKings,0.568966,0.32765,e08c4bb2bd84c1a6966bc01b,2026-08-15T16:50:49.980706+00:00,9.17,11.5,-133.0,DraftKings,draftkings,player_points_assists,0.570815,0.0,0.00185,0.00185,-0.243165,True,True,EXPLICIT_SAME_BOOK_CLOSE,PENDING,
2026-08-15|charlisse leger-walker|new york liberty @ connecticut sun|pa|under|2026-08-15T17:58:18.784460+00:00|0.263937,2026-08-15|charlisse leger-walker|new york liberty @ connecticut sun|pa|under,2026-08-15T17:58:18.784460+00:00,2026-08-15,New York Liberty @ Connecticut Sun,Charlisse Leger-Walker,PA,UNDER,10.5,-130.0,FanDuel,0.565217,0.263937,7a52e19724ca65fbbfae9652,2026-08-15T16:50:49.980706+00:00,9.17,10.5,-114.0,FanDuel,fanduel,player_points_assists,0.53271,0.0,-0.032507,-0.032507,-0.268773,True,True,EXPLICIT_SAME_BOOK_CLOSE,PENDING,
2026-08-15|charlisse leger-walker|new york liberty @ connecticut sun|pa|under|2026-08-15T17:58:18.784460+00:00|0.32765,2026-08-15|charlisse leger-walker|new york liberty @ connecticut sun|pa|under,2026-08-15T17:58:18.784460+00:00,2026-08-15,New York Liberty @ Connecticut Sun,Charlisse Leger-Walker,PA,UNDER,11.5,-132.0,DraftKings,0.568966,0.32765,e08c4bb2bd84c1a6966bc01b,2026-08-15T16:50:49.980706+00:00,9.17,11.5,-133.0,DraftKings,draftkings,player_points_assists,0.570815,0.0,0.00185,0.00185,-0.243165,True,True,EXPLICIT_SAME_BOOK_CLOSE,PENDING,
2026-08-15|charlisse leger-walker|new york liberty @ connecticut sun|pa|under|2026-08-15T18:48:26.623952+00:00|0.263937,2026-08-15|charlisse leger-walker|new york liberty @ connecticut sun|pa|under,2026-08-15T18:48:26.623952+00:00,2026-08-15,New York Liberty @ Connecticut Sun,Charlisse Leger-Walker,PA,UNDER,10.5,-130.0,FanDuel,0.565217,0.263937,7a52e19724ca65fbbfae9652,2026-08-15T16:50:49.980706+00:00,9.17,10.5,-114.0,FanDuel,fanduel,player_points_assists,0.53271,0.0,-0.032507,-0.032507,-0.268773,True,True,EXPLICIT_SAME_BOOK_CLOSE,PENDING,
2026-08-15|charlisse leger-walker|new york liberty @ connecticut sun|pa|under|2026-08-15T18:48:26.623952+00:00|0.32765,2026-08-15|charlisse leger-walker|new york liberty @ connecticut sun|pa|under,2026-08-15T18:48:26.623952+00:00,2026-08-15,New York Liberty @ Connecticut Sun,Charlisse Leger-Walker,PA,UNDER,11.5,-132.0,DraftKings,0.568966,0.32765,e08c4bb2bd84c1a6966bc01b,2026-08-15T16:50:49.980706+00:00,9.17,11.5,-133.0,DraftKings,draftkings,player_points_assists,0.570815,0.0,0.00185,0.00185,-0.243165,True,True,EXPLICIT_SAME_BOOK_CLOSE,PENDING,
2026-08-15|charlisse leger-walker|new york liberty @ connecticut sun|pa|under|2026-08-15T19:03:50.105082+00:00|0.263937,2026-08-15|charlisse leger-walker|new york liberty @ connecticut sun|pa|under,2026-08-15T19:03:50.105082+00:00,2026-08-15,New York Liberty @ Connecticut Sun,Charlisse Leger-Walker,PA,UNDER,10.5,-130.0,FanDuel,0.565217,0.263937,7a52e19724ca65fbbfae9652,2026-08-15T16:50:49.980706+00:00,9.17,10.5,-114.0,FanDuel,fanduel,player_points_assists,0.53271,0.0,-0.032507,-0.032507,-0.268773,True,True,EXPLICIT_SAME_BOOK_CLOSE,PENDING,
2026-08-15|charlisse leger-walker|new york liberty @ connecticut sun|pa|under|2026-08-15T19:03:50.105082+00:00|0.32765,2026-08-15|charlisse leger-walker|new york liberty @ connecticut sun|pa|under,2026-08-15T19:03:50.105082+00:00,2026-08-15,New York Liberty @ Connecticut Sun,Charlisse Leger-Walker,PA,UNDER,11.5,-132.0,DraftKings,0.568966,0.32765,e08c4bb2bd84c1a6966bc01b,2026-08-15T16:50:49.980706+00:00,9.17,11.5,-133.0,DraftKings,draftkings,player_points_assists,0.570815,0.0,0.00185,0.00185,-0.243165,True,True,EXPLICIT_SAME_BOOK_CLOSE,PENDING,
2026-08-15|charlisse leger-walker|new york liberty @ connecticut sun|pa|under|2026-08-15T19:42:05.879517+00:00|0.263937,2026-08-15|charlisse leger-walker|new york liberty @ connecticut sun|pa|under,2026-08-15T19:42:05.879517+00:00,2026-08-15,New York Liberty @ Connecticut Sun,Charlisse Leger-Walker,PA,UNDER,10.5,-130.0,FanDuel,0.565217,0.263937,7a52e19724ca65fbbfae9652,2026-08-15T16:50:49.980706+00:00,9.17,10.5,-114.0,FanDuel,fanduel,player_points_assists,0.53271,0.0,-0.032507,-0.032507,-0.268773,True,True,EXPLICIT_SAME_BOOK_CLOSE,PENDING,
2026-08-15|charlisse leger-walker|new york liberty @ connecticut sun|pa|under|2026-08-15T19:42:05.879517+00:00|0.32765,2026-08-15|charlisse leger-walker|new york liberty @ connecticut sun|pa|under,2026-08-15T19:42:05.879517+00:00,2026-08-15,New York Liberty @ Connecticut Sun,Charlisse Leger-Walker,PA,UNDER,11.5,-132.0,DraftKings,0.568966,0.32765,e08c4bb2bd84c1a6966bc01b,2026-08-15T16:50:49.980706+00:00,9.17,11.5,-133.0,DraftKings,draftkings,player_points_assists,0.570815,0.0,0.00185,0.00185,-0.243165,True,True,EXPLICIT_SAME_BOOK_CLOSE,PENDING,
2026-08-15|charlisse leger-walker|new york liberty @ connecticut sun|pa|under|2026-08-15T19:56:46.104978+00:00|0.263937,2026-08-15|charlisse leger-walker|new york liberty @ connecticut sun|pa|under,2026-08-15T19:56:46.104978+00:00,2026-08-15,New York Liberty @ Connecticut Sun,Charlisse Leger-Walker,PA,UNDER,10.5,-130.0,FanDuel,0.565217,0.263937,7a52e19724ca65fbbfae9652,2026-08-15T16:50:49.980706+00:00,9.17,10.5,-114.0,FanDuel,fanduel,player_points_assists,0.53271,0.0,-0.032507,-0.032507,-0.268773,True,True,EXPLICIT_SAME_BOOK_CLOSE,PENDING,
2026-08-15|charlisse leger-walker|new york liberty @ connecticut sun|pa|under|2026-08-15T19:56:46.104978+00:00|0.32765,2026-08-15|charlisse leger-walker|new york liberty @ connecticut sun|pa|under,2026-08-15T19:56:46.104978+00:00,2026-08-15,New York Liberty @ Connecticut Sun,Charlisse Leger-Walker,PA,UNDER,11.5,-132.0,DraftKings,0.568966,0.32765,e08c4bb2bd84c1a6966bc01b,2026-08-15T16:50:49.980706+00:00,9.17,11.5,-133.0,DraftKings,draftkings,player_points_assists,0.570815,0.0,0.00185,0.00185,-0.243165,True,True,EXPLICIT_SAME_BOOK_CLOSE,PENDING,
2026-08-15|charlisse leger-walker|new york liberty @ connecticut sun|pa|under|2026-08-15T20:39:13.403881+00:00|0.263937,2026-08-15|charlisse leger-walker|new york liberty @ connecticut sun|pa|under,2026-08-15T20:39:13.403881+00:00,2026-08-15,New York Liberty @ Connecticut Sun,Charlisse Leger-Walker,PA,UNDER,10.5,-130.0,FanDuel,0.565217,0.263937,7a52e19724ca65fbbfae9652,2026-08-15T16:50:49.980706+00:00,9.17,10.5,-114.0,FanDuel,fanduel,player_points_assists,0.53271,0.0,-0.032507,-0.032507,-0.268773,True,True,EXPLICIT_SAME_BOOK_CLOSE,PENDING,
2026-08-15|charlisse leger-walker|new york liberty @ connecticut sun|pa|under|2026-08-15T20:39:13.403881+00:00|0.32765,2026-08-15|charlisse leger-walker|new york liberty @ connecticut sun|pa|under,2026-08-15T20:39:13.403881+00:00,2026-08-15,New York Liberty @ Connecticut Sun,Charlisse Leger-Walker,PA,UNDER,11.5,-132.0,DraftKings,0.568966,0.32765,e08c4bb2bd84c1a6966bc01b,2026-08-15T16:50:49.980706+00:00,9.17,11.5,-133.0,DraftKings,draftkings,player_points_assists,0.570815,0.0,0.00185,0.00185,-0.243165,True,True,EXPLICIT_SAME_BOOK_CLOSE,PENDING,
2026-08-15|charlisse leger-walker|new york liberty @ connecticut sun|pra|over|2026-08-15T10:59:30.272276+00:00|0.250867,2026-08-15|charlisse leger-walker|new york liberty @ connecticut sun|pra|over,2026-08-15T10:59:30.272276+00:00,2026-08-15,New York Liberty @ Connecticut Sun,Charlisse Leger-Walker,PRA,OVER,12.5,-103.0,BetOnline.ag,0.507389,0.250867,15a8ab6e53789b273148e3ee,2026-08-15T16:50:49.980706+00:00,9.17,12.5,-120.0,FanDuel,fanduel,player_points_rebounds_assists,0.545455,0.0,0.038065,0.038065,-0.294588,False,True,EXPLICIT_MARKET_CLOSE,PENDING,
2026-08-15|charlisse leger-walker|new york liberty @ connecticut sun|pra|over|2026-08-15T11:37:38.316341+00:00|0.24968,2026-08-15|charlisse leger-walker|new york liberty @ connecticut sun|pra|over,2026-08-15T11:37:38.316341+00:00,2026-08-15,New York Liberty @ Connecticut Sun,Charlisse Leger-Walker,PRA,OVER,12.5,100.0,BetRivers,0.5,0.24968,15a8ab6e53789b273148e3ee,2026-08-15T16:50:49.980706+00:00,9.17,12.5,-120.0,FanDuel,fanduel,player_points_rebounds_assists,0.545455,0.0,0.045455,0.045455,-0.295775,False,True,EXPLICIT_MARKET_CLOSE,PENDING,
2026-08-15|charlisse leger-walker|new york liberty @ connecticut sun|pra|over|2026-08-15T11:57:22.075495+00:00|0.24968,2026-08-15|charlisse leger-walker|new york liberty @ connecticut sun|pra|over,2026-08-15T11:57:22.075495+00:00,2026-08-15,New York Liberty @ Connecticut Sun,Charlisse Leger-Walker,PRA,OVER,12.5,100.0,BetRivers,0.5,0.24968,15a8ab6e53789b273148e3ee,2026-08-15T16:50:49.980706+00:00,9.17,12.5,-120.0,FanDuel,fanduel,player_points_rebounds_assists,0.545455,0.0,0.045455,0.045455,-0.295775,False,True,EXPLICIT_MARKET_CLOSE,PENDING,
2026-08-15|charlisse leger-walker|new york liberty @ connecticut sun|pra|over|2026-08-15T12:59:45.246898+00:00|0.24968,2026-08-15|charlisse leger-walker|new york liberty @ connecticut sun|pra|over,2026-08-15T12:59:45.246898+00:00,2026-08-15,New York Liberty @ Connecticut Sun,Charlisse Leger-Walker,PRA,OVER,12.5,100.0,BetRivers,0.5,0.24968,15a8ab6e53789b273148e3ee,2026-08-15T16:50:49.980706+00:00,9.17,12.5,-120.0,FanDuel,fanduel,player_points_rebounds_assists,0.545455,0.0,0.045455,0.045455,-0.295775,False,True,EXPLICIT_MARKET_CLOSE,PENDING,
2026-08-15|charlisse leger-walker|new york liberty @ connecticut sun|pra|over|2026-08-15T13:19:00.048599+00:00|0.248934,2026-08-15|charlisse leger-walker|new york liberty @ connecticut sun|pra|over,2026-08-15T13:19:00.048599+00:00,2026-08-15,New York Liberty @ Connecticut Sun,Charlisse Leger-Walker,PRA,OVER,12.5,102.0,BetRivers,0.49505,0.248934,15a8ab6e53789b273148e3ee,2026-08-15T16:50:49.980706+00:00,9.17,12.5,-120.0,FanDuel,fanduel,player_points_rebounds_assists,0.545455,0.0,0.050405,0.050405,-0.296521,False,True,EXPLICIT_MARKET_CLOSE,PENDING,
2026-08-15|charlisse leger-walker|new york liberty @ connecticut sun|pra|over|2026-08-15T14:00:20.819656+00:00|0.248934,2026-08-15|charlisse leger-walker|new york liberty @ connecticut sun|pra|over,2026-08-15T14:00:20.819656+00:00,2026-08-15,New York Liberty @ Connecticut Sun,Charlisse Leger-Walker,PRA,OVER,12.5,102.0,BetRivers,0.49505,0.248934,15a8ab6e53789b273148e3ee,2026-08-15T16:50:49.980706+00:00,9.17,12.5,-120.0,FanDuel,fanduel,player_points_rebounds_assists,0.545455,0.0,0.050405,0.050405,-0.296521,False,True,EXPLICIT_MARKET_CLOSE,PENDING,
2026-08-15|charlisse leger-walker|new york liberty @ connecticut sun|pra|over|2026-08-15T14:39:33.056630+00:00|0.248934,2026-08-15|charlisse leger-walker|new york liberty @ connecticut sun|pra|over,2026-08-15T14:39:33.056630+00:00,2026-08-15,New York Liberty @ Connecticut Sun,Charlisse Leger-Walker,PRA,OVER,12.5,102.0,BetRivers,0.49505,0.248934,15a8ab6e53789b273148e3ee,2026-08-15T16:50:49.980706+00:00,9.17,12.5,-120.0,FanDuel,fanduel,player_points_rebounds_assists,0.545455,0.0,0.050405,0.050405,-0.296521,False,True,EXPLICIT_MARKET_CLOSE,PENDING,
2026-08-15|charlisse leger-walker|new york liberty @ connecticut sun|pra|over|2026-08-15T15:00:16.446702+00:00|0.248934,2026-08-15|charlisse leger-walker|new york liberty @ connecticut sun|pra|over,2026-08-15T15:00:16.446702+00:00,2026-08-15,New York Liberty @ Connecticut Sun,Charlisse Leger-Walker,PRA,OVER,12.5,102.0,BetRivers,0.49505,0.248934,15a8ab6e53789b273148e3ee,2026-08-15T16:50:49.980706+00:00,9.17,12.5,-120.0,FanDuel,fanduel,player_points_rebounds_assists,0.545455,0.0,0.050405,0.050405,-0.296521,False,True,EXPLICIT_MARKET_CLOSE,PENDING,
2026-08-15|charlisse leger-walker|new york liberty @ connecticut sun|pra|over|2026-08-15T15:56:41.397541+00:00|0.24968,2026-08-15|charlisse leger-walker|new york liberty @ connecticut sun|pra|over,2026-08-15T15:56:41.397541+00:00,2026-08-15,New York Liberty @ Connecticut Sun,Charlisse Leger-Walker,PRA,OVER,12.5,100.0,FanDuel,0.5,0.24968,15a8ab6e53789b273148e3ee,2026-08-15T16:50:49.980706+00:00,9.17,12.5,-120.0,FanDuel,fanduel,player_points_rebounds_assists,0.545455,0.0,0.045455,0.045455,-0.295775,True,True,EXPLICIT_SAME_BOOK_CLOSE,PENDING,
2026-08-15|charlisse leger-walker|new york liberty @ connecticut sun|pra|over|2026-08-15T16:40:58.435903+00:00|0.24968,2026-08-15|charlisse leger-walker|new york liberty @ connecticut sun|pra|over,2026-08-15T16:40:58.435903+00:00,2026-08-15,New York Liberty @ Connecticut Sun,Charlisse Leger-Walker,PRA,OVER,12.5,100.0,FanDuel,0.5,0.24968,15a8ab6e53789b273148e3ee,2026-08-15T16:50:49.980706+00:00,9.17,12.5,-120.0,FanDuel,fanduel,player_points_rebounds_assists,0.545455,0.0,0.045455,0.045455,-0.295775,True,True,EXPLICIT_SAME_BOOK_CLOSE,PENDING,
2026-08-15|charlisse leger-walker|new york liberty @ connecticut sun|pra|over|2026-08-15T16:59:57.449708+00:00|0.253498,2026-08-15|charlisse leger-walker|new york liberty @ connecticut sun|pra|over,2026-08-15T16:59:57.449708+00:00,2026-08-15,New York Liberty @ Connecticut Sun,Charlisse Leger-Walker,PRA,OVER,12.5,-110.0,FanDuel,0.52381,0.253498,15a8ab6e53789b273148e3ee,2026-08-15T16:50:49.980706+00:00,9.17,12.5,-120.0,FanDuel,fanduel,player_points_rebounds_assists,0.545455,0.0,0.021645,0.021645,-0.291957,True,True,EXPLICIT_SAME_BOOK_CLOSE,PENDING,
2026-08-15|charlisse leger-walker|new york liberty @ connecticut sun|pra|over|2026-08-15T16:59:57.449708+00:00|0.415309,2026-08-15|charlisse leger-walker|new york liberty @ connecticut sun|pra|over,2026-08-15T16:59:57.449708+00:00,2026-08-15,New York Liberty @ Connecticut Sun,Charlisse Leger-Walker,PRA,OVER,13.5,-103.0,BetRivers,0.507389,0.415309,15a8ab6e53789b273148e3ee,2026-08-15T16:50:49.980706+00:00,9.17,12.5,-120.0,FanDuel,fanduel,player_points_rebounds_assists,0.545455,-1.0,0.038065,0.038065,-0.130146,False,False,EXPLICIT_MARKET_CLOSE,PENDING,
2026-08-15|charlisse leger-walker|new york liberty @ connecticut sun|pra|over|2026-08-15T17:36:49.057441+00:00|0.253498,2026-08-15|charlisse leger-walker|new york liberty @ connecticut sun|pra|over,2026-08-15T17:36:49.057441+00:00,2026-08-15,New York Liberty @ Connecticut Sun,Charlisse Leger-Walker,PRA,OVER,12.5,-110.0,FanDuel,0.52381,0.253498,15a8ab6e53789b273148e3ee,2026-08-15T16:50:49.980706+00:00,9.17,12.5,-120.0,FanDuel,fanduel,player_points_rebounds_assists,0.545455,0.0,0.021645,0.021645,-0.291957,True,True,EXPLICIT_SAME_BOOK_CLOSE,PENDING,
2026-08-15|charlisse leger-walker|new york liberty @ connecticut sun|pra|over|2026-08-15T17:36:49.057441+00:00|0.415309,2026-08-15|charlisse leger-walker|new york liberty @ connecticut sun|pra|over,2026-08-15T17:36:49.057441+00:00,2026-08-15,New York Liberty @ Connecticut Sun,Charlisse Leger-Walker,PRA,OVER,13.5,-103.0,BetRivers,0.507389,0.415309,15a8ab6e53789b273148e3ee,2026-08-15T16:50:49.980706+00:00,9.17,12.5,-120.0,FanDuel,fanduel,player_points_rebounds_assists,0.545455,-1.0,0.038065,0.038065,-0.130146,False,False,EXPLICIT_MARKET_CLOSE,PENDING,
2026-08-15|charlisse leger-walker|new york liberty @ connecticut sun|pra|over|2026-08-15T17:58:18.784460+00:00|0.253498,2026-08-15|charlisse leger-walker|new york liberty @ connecticut sun|pra|over,2026-08-15T17:58:18.784460+00:00,2026-08-15,New York Liberty @ Connecticut Sun,Charlisse Leger-Walker,PRA,OVER,12.5,-110.0,FanDuel,0.52381,0.253498,15a8ab6e53789b273148e3ee,2026-08-15T16:50:49.980706+00:00,9.17,12.5,-120.0,FanDuel,fanduel,player_points_rebounds_assists,0.545455,0.0,0.021645,0.021645,-0.291957,True,True,EXPLICIT_SAME_BOOK_CLOSE,PENDING,
2026-08-15|charlisse leger-walker|new york liberty @ connecticut sun|pra|over|2026-08-15T17:58:18.784460+00:00|0.415309,2026-08-15|charlisse leger-walker|new york liberty @ connecticut sun|pra|over,2026-08-15T17:58:18.784460+00:00,2026-08-15,New York Liberty @ Connecticut Sun,Charlisse Leger-Walker,PRA,OVER,13.5,-103.0,BetRivers,0.507389,0.415309,15a8ab6e53789b273148e3ee,2026-08-15T16:50:49.980706+00:00,9.17,12.5,-120.0,FanDuel,fanduel,player_points_rebounds_assists,0.545455,-1.0,0.038065,0.038065,-0.130146,False,False,EXPLICIT_MARKET_CLOSE,PENDING,
2026-08-15|charlisse leger-walker|new york liberty @ connecticut sun|pra|over|2026-08-15T18:48:26.623952+00:00|0.253498,2026-08-15|charlisse leger-walker|new york liberty @ connecticut sun|pra|over,2026-08-15T18:48:26.623952+00:00,2026-08-15,New York Liberty @ Connecticut Sun,Charlisse Leger-Walker,PRA,OVER,12.5,-110.0,FanDuel,0.52381,0.253498,15a8ab6e53789b273148e3ee,2026-08-15T16:50:49.980706+00:00,9.17,12.5,-120.0,FanDuel,fanduel,player_points_rebounds_assists,0.545455,0.0,0.021645,0.021645,-0.291957,True,True,EXPLICIT_SAME_BOOK_CLOSE,PENDING,
2026-08-15|charlisse leger-walker|new york liberty @ connecticut sun|pra|over|2026-08-15T18:48:26.623952+00:00|0.415309,2026-08-15|charlisse leger-walker|new york liberty @ connecticut sun|pra|over,2026-08-15T18:48:26.623952+00:00,2026-08-15,New York Liberty @ Connecticut Sun,Charlisse Leger-Walker,PRA,OVER,13.5,-103.0,BetRivers,0.507389,0.415309,15a8ab6e53789b273148e3ee,2026-08-15T16:50:49.980706+00:00,9.17,12.5,-120.0,FanDuel,fanduel,player_points_rebounds_assists,0.545455,-1.0,0.038065,0.038065,-0.130146,False,False,EXPLICIT_MARKET_CLOSE,PENDING,
2026-08-15|charlisse leger-walker|new york liberty @ connecticut sun|pra|over|2026-08-15T19:03:50.105082+00:00|0.253498,2026-08-15|charlisse leger-walker|new york liberty @ connecticut sun|pra|over,2026-08-15T19:03:50.105082+00:00,2026-08-15,New York Liberty @ Connecticut Sun,Charlisse Leger-Walker,PRA,OVER,12.5,-110.0,FanDuel,0.52381,0.253498,15a8ab6e53789b273148e3ee,2026-08-15T16:50:49.980706+00:00,9.17,12.5,-120.0,FanDuel,fanduel,player_points_rebounds_assists,0.545455,0.0,0.021645,0.021645,-0.291957,True,True,EXPLICIT_SAME_BOOK_CLOSE,PENDING,
2026-08-15|charlisse leger-walker|new york liberty @ connecticut sun|pra|over|2026-08-15T19:03:50.105082+00:00|0.415309,2026-08-15|charlisse leger-walker|new york liberty @ connecticut sun|pra|over,2026-08-15T19:03:50.105082+00:00,2026-08-15,New York Liberty @ Connecticut Sun,Charlisse Leger-Walker,PRA,OVER,13.5,-103.0,BetRivers,0.507389,0.415309,15a8ab6e53789b273148e3ee,2026-08-15T16:50:49.980706+00:00,9.17,12.5,-120.0,FanDuel,fanduel,player_points_rebounds_assists,0.545455,-1.0,0.038065,0.038065,-0.130146,False,False,EXPLICIT_MARKET_CLOSE,PENDING,
2026-08-15|charlisse leger-walker|new york liberty @ connecticut sun|pra|over|2026-08-15T19:42:05.879517+00:00|0.253498,2026-08-15|charlisse leger-walker|new york liberty @ connecticut sun|pra|over,2026-08-15T19:42:05.879517+00:00,2026-08-15,New York Liberty @ Connecticut Sun,Charlisse Leger-Walker,PRA,OVER,12.5,-110.0,FanDuel,0.52381,0.253498,15a8ab6e53789b273148e3ee,2026-08-15T16:50:49.980706+00:00,9.17,12.5,-120.0,FanDuel,fanduel,player_points_rebounds_assists,0.545455,0.0,0.021645,0.021645,-0.291957,True,True,EXPLICIT_SAME_BOOK_CLOSE,PENDING,
2026-08-15|charlisse leger-walker|new york liberty @ connecticut sun|pra|over|2026-08-15T19:42:05.879517+00:00|0.415309,2026-08-15|charlisse leger-walker|new york liberty @ connecticut sun|pra|over,2026-08-15T19:42:05.879517+00:00,2026-08-15,New York Liberty @ Connecticut Sun,Charlisse Leger-Walker,PRA,OVER,13.5,-103.0,BetRivers,0.507389,0.415309,15a8ab6e53789b273148e3ee,2026-08-15T16:50:49.980706+00:00,9.17,12.5,-120.0,FanDuel,fanduel,player_points_rebounds_assists,0.545455,-1.0,0.038065,0.038065,-0.130146,False,False,EXPLICIT_MARKET_CLOSE,PENDING,
2026-08-15|charlisse leger-walker|new york liberty @ connecticut sun|pra|over|2026-08-15T19:56:46.104978+00:00|0.253498,2026-08-15|charlisse leger-walker|new york liberty @ connecticut sun|pra|over,2026-08-15T19:56:46.104978+00:00,2026-08-15,New York Liberty @ Connecticut Sun,Charlisse Leger-Walker,PRA,OVER,12.5,-110.0,FanDuel,0.52381,0.253498,15a8ab6e53789b273148e3ee,2026-08-15T16:50:49.980706+00:00,9.17,12.5,-120.0,FanDuel,fanduel,player_points_rebounds_assists,0.545455,0.0,0.021645,0.021645,-0.291957,True,True,EXPLICIT_SAME_BOOK_CLOSE,PENDING,
2026-08-15|charlisse leger-walker|new york liberty @ connecticut sun|pra|over|2026-08-15T19:56:46.104978+00:00|0.415309,2026-08-15|charlisse leger-walker|new york liberty @ connecticut sun|pra|over,2026-08-15T19:56:46.104978+00:00,2026-08-15,New York Liberty @ Connecticut Sun,Charlisse Leger-Walker,PRA,OVER,13.5,-103.0,BetRivers,0.507389,0.415309,15a8ab6e53789b273148e3ee,2026-08-15T16:50:49.980706+00:00,9.17,12.5,-120.0,FanDuel,fanduel,player_points_rebounds_assists,0.545455,-1.0,0.038065,0.038065,-0.130146,False,False,EXPLICIT_MARKET_CLOSE,PENDING,
2026-08-15|charlisse leger-walker|new york liberty @ connecticut sun|pra|over|2026-08-15T20:39:13.403881+00:00|0.253498,2026-08-15|charlisse leger-walker|new york liberty @ connecticut sun|pra|over,2026-08-15T20:39:13.403881+00:00,2026-08-15,New York Liberty @ Connecticut Sun,Charlisse Leger-Walker,PRA,OVER,12.5,-110.0,FanDuel,0.52381,0.253498,15a8ab6e53789b273148e3ee,2026-08-15T16:50:49.980706+00:00,9.17,12.5,-120.0,FanDuel,fanduel,player_points_rebounds_assists,0.545455,0.0,0.021645,0.021645,-0.291957,True,True,EXPLICIT_SAME_BOOK_CLOSE,PENDING,
2026-08-15|charlisse leger-walker|new york liberty @ connecticut sun|pra|over|2026-08-15T20:39:13.403881+00:00|0.415309,2026-08-15|charlisse leger-walker|new york liberty @ connecticut sun|pra|over,2026-08-15T20:39:13.403881+00:00,2026-08-15,New York Liberty @ Connecticut Sun,Charlisse Leger-Walker,PRA,OVER,13.5,-103.0,BetRivers,0.507389,0.415309,15a8ab6e53789b273148e3ee,2026-08-15T16:50:49.980706+00:00,9.17,12.5,-120.0,FanDuel,fanduel,player_points_rebounds_assists,0.545455,-1.0,0.038065,0.038065,-0.130146,False,False,EXPLICIT_MARKET_CLOSE,PENDING,
2026-08-15|charlisse leger-walker|new york liberty @ connecticut sun|pra|under|2026-08-15T10:59:30.272276+00:00|0.21975,2026-08-15|charlisse leger-walker|new york liberty @ connecticut sun|pra|under,2026-08-15T10:59:30.272276+00:00,2026-08-15,New York Liberty @ Connecticut Sun,Charlisse Leger-Walker,PRA,UNDER,12.5,-125.0,BetOnline.ag,0.555556,0.21975,888de6dc153166fb1403119a,2026-08-15T16:50:49.980706+00:00,9.17,12.5,-110.0,FanDuel,fanduel,player_points_rebounds_assists,0.52381,0.0,-0.031746,-0.031746,-0.30406,False,True,EXPLICIT_MARKET_CLOSE,PENDING,
2026-08-15|charlisse leger-walker|new york liberty @ connecticut sun|pra|under|2026-08-15T11:37:38.316341+00:00|0.21975,2026-08-15|charlisse leger-walker|new york liberty @ connecticut sun|pra|under,2026-08-15T11:37:38.316341+00:00,2026-08-15,New York Liberty @ Connecticut Sun,Charlisse Leger-Walker,PRA,UNDER,12.5,-125.0,BetOnline.ag,0.555556,0.21975,888de6dc153166fb1403119a,2026-08-15T16:50:49.980706+00:00,9.17,12.5,-110.0,FanDuel,fanduel,player_points_rebounds_assists,0.52381,0.0,-0.031746,-0.031746,-0.30406,False,True,EXPLICIT_MARKET_CLOSE,PENDING,
2026-08-15|charlisse leger-walker|new york liberty @ connecticut sun|pra|under|2026-08-15T11:57:22.075495+00:00|0.21975,2026-08-15|charlisse leger-walker|new york liberty @ connecticut sun|pra|under,2026-08-15T11:57:22.075495+00:00,2026-08-15,New York Liberty @ Connecticut Sun,Charlisse Leger-Walker,PRA,UNDER,12.5,-125.0,BetOnline.ag,0.555556,0.21975,888de6dc153166fb1403119a,2026-08-15T16:50:49.980706+00:00,9.17,12.5,-110.0,FanDuel,fanduel,player_points_rebounds_assists,0.52381,0.0,-0.031746,-0.031746,-0.30406,False,True,EXPLICIT_MARKET_CLOSE,PENDING,
2026-08-15|charlisse leger-walker|new york liberty @ connecticut sun|pra|under|2026-08-15T12:59:45.246898+00:00|0.219588,2026-08-15|charlisse leger-walker|new york liberty @ connecticut sun|pra|under,2026-08-15T12:59:45.246898+00:00,2026-08-15,New York Liberty @ Connecticut Sun,Charlisse Leger-Walker,PRA,UNDER,12.5,-128.0,BetOnline.ag,0.561404,0.219588,888de6dc153166fb1403119a,2026-08-15T16:50:49.980706+00:00,9.17,12.5,-110.0,FanDuel,fanduel,player_points_rebounds_assists,0.52381,0.0,-0.037594,-0.037594,-0.304222,False,True,EXPLICIT_MARKET_CLOSE,PENDING,
2026-08-15|charlisse leger-walker|new york liberty @ connecticut sun|pra|under|2026-08-15T13:19:00.048599+00:00|0.219588,2026-08-15|charlisse leger-walker|new york liberty @ connecticut sun|pra|under,2026-08-15T13:19:00.048599+00:00,2026-08-15,New York Liberty @ Connecticut Sun,Charlisse Leger-Walker,PRA,UNDER,12.5,-128.0,BetOnline.ag,0.561404,0.219588,888de6dc153166fb1403119a,2026-08-15T16:50:49.980706+00:00,9.17,12.5,-110.0,FanDuel,fanduel,player_points_rebounds_assists,0.52381,0.0,-0.037594,-0.037594,-0.304222,False,True,EXPLICIT_MARKET_CLOSE,PENDING,
2026-08-15|charlisse leger-walker|new york liberty @ connecticut sun|pra|under|2026-08-15T14:00:20.819656+00:00|0.219588,2026-08-15|charlisse leger-walker|new york liberty @ connecticut sun|pra|under,2026-08-15T14:00:20.819656+00:00,2026-08-15,New York Liberty @ Connecticut Sun,Charlisse Leger-Walker,PRA,UNDER,12.5,-128.0,BetOnline.ag,0.561404,0.219588,888de6dc153166fb1403119a,2026-08-15T16:50:49.980706+00:00,9.17,12.5,-110.0,FanDuel,fanduel,player_points_rebounds_assists,0.52381,0.0,-0.037594,-0.037594,-0.304222,False,True,EXPLICIT_MARKET_CLOSE,PENDING,
2026-08-15|charlisse leger-walker|new york liberty @ connecticut sun|pra|under|2026-08-15T14:39:33.056630+00:00|0.219588,2026-08-15|charlisse leger-walker|new york liberty @ connecticut sun|pra|under,2026-08-15T14:39:33.056630+00:00,2026-08-15,New York Liberty @ Connecticut Sun,Charlisse Leger-Walker,PRA,UNDER,12.5,-128.0,BetOnline.ag,0.561404,0.219588,888de6dc153166fb1403119a,2026-08-15T16:50:49.980706+00:00,9.17,12.5,-110.0,FanDuel,fanduel,player_points_rebounds_assists,0.52381,0.0,-0.037594,-0.037594,-0.304222,False,True,EXPLICIT_MARKET_CLOSE,PENDING,
2026-08-15|charlisse leger-walker|new york liberty @ connecticut sun|pra|under|2026-08-15T15:00:16.446702+00:00|0.219588,2026-08-15|charlisse leger-walker|new york liberty @ connecticut sun|pra|under,2026-08-15T15:00:16.446702+00:00,2026-08-15,New York Liberty @ Connecticut Sun,Charlisse Leger-Walker,PRA,UNDER,12.5,-128.0,BetOnline.ag,0.561404,0.219588,888de6dc153166fb1403119a,2026-08-15T16:50:49.980706+00:00,9.17,12.5,-110.0,FanDuel,fanduel,player_points_rebounds_assists,0.52381,0.0,-0.037594,-0.037594,-0.304222,False,True,EXPLICIT_MARKET_CLOSE,PENDING,
2026-08-15|charlisse leger-walker|new york liberty @ connecticut sun|pra|under|2026-08-15T15:56:41.397541+00:00|0.219588,2026-08-15|charlisse leger-walker|new york liberty @ connecticut sun|pra|under,2026-08-15T15:56:41.397541+00:00,2026-08-15,New York Liberty @ Connecticut Sun,Charlisse Leger-Walker,PRA,UNDER,12.5,-128.0,BetOnline.ag,0.561404,0.219588,888de6dc153166fb1403119a,2026-08-15T16:50:49.980706+00:00,9.17,12.5,-110.0,FanDuel,fanduel,player_points_rebounds_assists,0.52381,0.0,-0.037594,-0.037594,-0.304222,False,True,EXPLICIT_MARKET_CLOSE,PENDING,
2026-08-15|charlisse leger-walker|new york liberty @ connecticut sun|pra|under|2026-08-15T16:40:58.435903+00:00|0.219588,2026-08-15|charlisse leger-walker|new york liberty @ connecticut sun|pra|under,2026-08-15T16:40:58.435903+00:00,2026-08-15,New York Liberty @ Connecticut Sun,Charlisse Leger-Walker,PRA,UNDER,12.5,-128.0,BetOnline.ag,0.561404,0.219588,888de6dc153166fb1403119a,2026-08-15T16:50:49.980706+00:00,9.17,12.5,-110.0,FanDuel,fanduel,player_points_rebounds_assists,0.52381,0.0,-0.037594,-0.037594,-0.304222,False,True,EXPLICIT_MARKET_CLOSE,PENDING,
2026-08-15|charlisse leger-walker|new york liberty @ connecticut sun|pra|under|2026-08-15T16:59:57.449708+00:00|0.280627,2026-08-15|charlisse leger-walker|new york liberty @ connecticut sun|pra|under,2026-08-15T16:59:57.449708+00:00,2026-08-15,New York Liberty @ Connecticut Sun,Charlisse Leger-Walker,PRA,UNDER,12.5,-118.0,BetOnline.ag,0.541284,0.280627,888de6dc153166fb1403119a,2026-08-15T16:50:49.980706+00:00,9.17,12.5,-110.0,FanDuel,fanduel,player_points_rebounds_assists,0.52381,0.0,-0.017475,-0.017475,-0.243183,False,True,EXPLICIT_MARKET_CLOSE,PENDING,
2026-08-15|charlisse leger-walker|new york liberty @ connecticut sun|pra|under|2026-08-15T17:36:49.057441+00:00|0.280627,2026-08-15|charlisse leger-walker|new york liberty @ connecticut sun|pra|under,2026-08-15T17:36:49.057441+00:00,2026-08-15,New York Liberty @ Connecticut Sun,Charlisse Leger-Walker,PRA,UNDER,12.5,-118.0,BetOnline.ag,0.541284,0.280627,888de6dc153166fb1403119a,2026-08-15T16:50:49.980706+00:00,9.17,12.5,-110.0,FanDuel,fanduel,player_points_rebounds_assists,0.52381,0.0,-0.017475,-0.017475,-0.243183,False,True,EXPLICIT_MARKET_CLOSE,PENDING,
2026-08-15|charlisse leger-walker|new york liberty @ connecticut sun|pra|under|2026-08-15T17:58:18.784460+00:00|0.280627,2026-08-15|charlisse leger-walker|new york liberty @ connecticut sun|pra|under,2026-08-15T17:58:18.784460+00:00,2026-08-15,New York Liberty @ Connecticut Sun,Charlisse Leger-Walker,PRA,UNDER,12.5,-118.0,BetOnline.ag,0.541284,0.280627,888de6dc153166fb1403119a,2026-08-15T16:50:49.980706+00:00,9.17,12.5,-110.0,FanDuel,fanduel,player_points_rebounds_assists,0.52381,0.0,-0.017475,-0.017475,-0.243183,False,True,EXPLICIT_MARKET_CLOSE,PENDING,
2026-08-15|charlisse leger-walker|new york liberty @ connecticut sun|pra|under|2026-08-15T18:48:26.623952+00:00|0.280627,2026-08-15|charlisse leger-walker|new york liberty @ connecticut sun|pra|under,2026-08-15T18:48:26.623952+00:00,2026-08-15,New York Liberty @ Connecticut Sun,Charlisse Leger-Walker,PRA,UNDER,12.5,-118.0,BetOnline.ag,0.541284,0.280627,888de6dc153166fb1403119a,2026-08-15T16:50:49.980706+00:00,9.17,12.5,-110.0,FanDuel,fanduel,player_points_rebounds_assists,0.52381,0.0,-0.017475,-0.017475,-0.243183,False,True,EXPLICIT_MARKET_CLOSE,PENDING,
2026-08-15|charlisse leger-walker|new york liberty @ connecticut sun|pra|under|2026-08-15T19:03:50.105082+00:00|0.280627,2026-08-15|charlisse leger-walker|new york liberty @ connecticut sun|pra|under,2026-08-15T19:03:50.105082+00:00,2026-08-15,New York Liberty @ Connecticut Sun,Charlisse Leger-Walker,PRA,UNDER,12.5,-118.0,BetOnline.ag,0.541284,0.280627,888de6dc153166fb1403119a,2026-08-15T16:50:49.980706+00:00,9.17,12.5,-110.0,FanDuel,fanduel,player_points_rebounds_assists,0.52381,0.0,-0.017475,-0.017475,-0.243183,False,True,EXPLICIT_MARKET_CLOSE,PENDING,
2026-08-15|charlisse leger-walker|new york liberty @ connecticut sun|pra|under|2026-08-15T19:42:05.879517+00:00|0.280627,2026-08-15|charlisse leger-walker|new york liberty @ connecticut sun|pra|under,2026-08-15T19:42:05.879517+00:00,2026-08-15,New York Liberty @ Connecticut Sun,Charlisse Leger-Walker,PRA,UNDER,12.5,-118.0,BetOnline.ag,0.541284,0.280627,888de6dc153166fb1403119a,2026-08-15T16:50:49.980706+00:00,9.17,12.5,-110.0,FanDuel,fanduel,player_points_rebounds_assists,0.52381,0.0,-0.017475,-0.017475,-0.243183,False,True,EXPLICIT_MARKET_CLOSE,PENDING,
2026-08-15|charlisse leger-walker|new york liberty @ connecticut sun|pra|under|2026-08-15T19:56:46.104978+00:00|0.280627,2026-08-15|charlisse leger-walker|new york liberty @ connecticut sun|pra|under,2026-08-15T19:56:46.104978+00:00,2026-08-15,New York Liberty @ Connecticut Sun,Charlisse Leger-Walker,PRA,UNDER,12.5,-118.0,BetOnline.ag,0.541284,0.280627,888de6dc153166fb1403119a,2026-08-15T16:50:49.980706+00:00,9.17,12.5,-110.0,FanDuel,fanduel,player_points_rebounds_assists,0.52381,0.0,-0.017475,-0.017475,-0.243183,False,True,EXPLICIT_MARKET_CLOSE,PENDING,
2026-08-15|charlisse leger-walker|new york liberty @ connecticut sun|pra|under|2026-08-15T20:39:13.403881+00:00|0.280627,2026-08-15|charlisse leger-walker|new york liberty @ connecticut sun|pra|under,2026-08-15T20:39:13.403881+00:00,2026-08-15,New York Liberty @ Connecticut Sun,Charlisse Leger-Walker,PRA,UNDER,12.5,-118.0,BetOnline.ag,0.541284,0.280627,888de6dc153166fb1403119a,2026-08-15T16:50:49.980706+00:00,9.17,12.5,-110.0,FanDuel,fanduel,player_points_rebounds_assists,0.52381,0.0,-0.017475,-0.017475,-0.243183,False,True,EXPLICIT_MARKET_CLOSE,PENDING,
2026-08-15|charlisse leger-walker|new york liberty @ connecticut sun|pr|over|2026-08-15T10:59:30.272276+00:00|0.614416,2026-08-15|charlisse leger-walker|new york liberty @ connecticut sun|pr|over,2026-08-15T10:59:30.272276+00:00,2026-08-15,New York Liberty @ Connecticut Sun,Charlisse Leger-Walker,PR,OVER,8.5,-122.0,FanDuel,0.54955,0.614416,8fbb6c9d99174485667861fe,2026-08-15T16:50:49.980706+00:00,9.17,9.5,-134.0,DraftKings,draftkings,player_points_rebounds,0.57265,1.0,0.0231,0.0231,0.041766,False,False,EXPLICIT_MARKET_CLOSE,PENDING,
2026-08-15|charlisse leger-walker|new york liberty @ connecticut sun|pr|over|2026-08-15T11:37:38.316341+00:00|0.614416,2026-08-15|charlisse leger-walker|new york liberty @ connecticut sun|pr|over,2026-08-15T11:37:38.316341+00:00,2026-08-15,New York Liberty @ Connecticut Sun,Charlisse Leger-Walker,PR,OVER,8.5,-122.0,FanDuel,0.54955,0.614416,8fbb6c9d99174485667861fe,2026-08-15T16:50:49.980706+00:00,9.17,9.5,-134.0,DraftKings,draftkings,player_points_rebounds,0.57265,1.0,0.0231,0.0231,0.041766,False,False,EXPLICIT_MARKET_CLOSE,PENDING,
2026-08-15|charlisse leger-walker|new york liberty @ connecticut sun|pr|over|2026-08-15T11:57:22.075495+00:00|0.614416,2026-08-15|charlisse leger-walker|new york liberty @ connecticut sun|pr|over,2026-08-15T11:57:22.075495+00:00,2026-08-15,New York Liberty @ Connecticut Sun,Charlisse Leger-Walker,PR,OVER,8.5,-122.0,FanDuel,0.54955,0.614416,8fbb6c9d99174485667861fe,2026-08-15T16:50:49.980706+00:00,9.17,9.5,-134.0,DraftKings,draftkings,player_points_rebounds,0.57265,1.0,0.0231,0.0231,0.041766,False,False,EXPLICIT_MARKET_CLOSE,PENDING,
2026-08-15|charlisse leger-walker|new york liberty @ connecticut sun|pr|over|2026-08-15T12:59:45.246898+00:00|0.614416,2026-08-15|charlisse leger-walker|new york liberty @ connecticut sun|pr|over,2026-08-15T12:59:45.246898+00:00,2026-08-15,New York Liberty @ Connecticut Sun,Charlisse Leger-Walker,PR,OVER,8.5,-122.0,FanDuel,0.54955,0.614416,8fbb6c9d99174485667861fe,2026-08-15T16:50:49.980706+00:00,9.17,9.5,-134.0,DraftKings,draftkings,player_points_rebounds,0.57265,1.0,0.0231,0.0231,0.041766,False,False,EXPLICIT_MARKET_CLOSE,PENDING,
2026-08-15|charlisse leger-walker|new york liberty @ connecticut sun|pr|over|2026-08-15T13:19:00.048599+00:00|0.615815,2026-08-15|charlisse leger-walker|new york liberty @ connecticut sun|pr|over,2026-08-15T13:19:00.048599+00:00,2026-08-15,New York Liberty @ Connecticut Sun,Charlisse Leger-Walker,PR,OVER,8.5,-120.0,FanDuel,0.545455,0.615815,8fbb6c9d99174485667861fe,2026-08-15T16:50:49.980706+00:00,9.17,9.5,-134.0,DraftKings,draftkings,player_points_rebounds,0.57265,1.0,0.027195,0.027195,0.043165,False,False,EXPLICIT_MARKET_CLOSE,PENDING,
2026-08-15|charlisse leger-walker|new york liberty @ connecticut sun|pr|over|2026-08-15T14:00:20.819656+00:00|0.615815,2026-08-15|charlisse leger-walker|new york liberty @ connecticut sun|pr|over,2026-08-15T14:00:20.819656+00:00,2026-08-15,New York Liberty @ Connecticut Sun,Charlisse Leger-Walker,PR,OVER,8.5,-120.0,FanDuel,0.545455,0.615815,8fbb6c9d99174485667861fe,2026-08-15T16:50:49.980706+00:00,9.17,9.5,-134.0,DraftKings,draftkings,player_points_rebounds,0.57265,1.0,0.027195,0.027195,0.043165,False,False,EXPLICIT_MARKET_CLOSE,PENDING,
2026-08-15|charlisse leger-walker|new york liberty @ connecticut sun|pr|over|2026-08-15T14:39:33.056630+00:00|0.615815,2026-08-15|charlisse leger-walker|new york liberty @ connecticut sun|pr|over,2026-08-15T14:39:33.056630+00:00,2026-08-15,New York Liberty @ Connecticut Sun,Charlisse Leger-Walker,PR,OVER,8.5,-120.0,FanDuel,0.545455,0.615815,8fbb6c9d99174485667861fe,2026-08-15T16:50:49.980706+00:00,9.17,9.5,-134.0,DraftKings,draftkings,player_points_rebounds,0.57265,1.0,0.027195,0.027195,0.043165,False,False,EXPLICIT_MARKET_CLOSE,PENDING,
2026-08-15|charlisse leger-walker|new york liberty @ connecticut sun|pr|over|2026-08-15T15:00:16.446702+00:00|0.615815,2026-08-15|charlisse leger-walker|new york liberty @ connecticut sun|pr|over,2026-08-15T15:00:16.446702+00:00,2026-08-15,New York Liberty @ Connecticut Sun,Charlisse Leger-Walker,PR,OVER,8.5,-120.0,FanDuel,0.545455,0.615815,8fbb6c9d99174485667861fe,2026-08-15T16:50:49.980706+00:00,9.17,9.5,-134.0,DraftKings,draftkings,player_points_rebounds,0.57265,1.0,0.027195,0.027195,0.043165,False,False,EXPLICIT_MARKET_CLOSE,PENDING,
2026-08-15|charlisse leger-walker|new york liberty @ connecticut sun|pr|over|2026-08-15T16:59:57.449708+00:00|0.655895,2026-08-15|charlisse leger-walker|new york liberty @ connecticut sun|pr|over,2026-08-15T16:59:57.449708+00:00,2026-08-15,New York Liberty @ Connecticut Sun,Charlisse Leger-Walker,PR,OVER,9.5,-135.0,DraftKings,0.574468,0.655895,8fbb6c9d99174485667861fe,2026-08-15T16:50:49.980706+00:00,9.17,9.5,-134.0,DraftKings,draftkings,player_points_rebounds,0.57265,0.0,-0.001819,-0.001819,0.083245,True,True,EXPLICIT_SAME_BOOK_CLOSE,PENDING,
2026-08-15|charlisse leger-walker|new york liberty @ connecticut sun|pr|over|2026-08-15T17:36:49.057441+00:00|0.655895,2026-08-15|charlisse leger-walker|new york liberty @ connecticut sun|pr|over,2026-08-15T17:36:49.057441+00:00,2026-08-15,New York Liberty @ Connecticut Sun,Charlisse Leger-Walker,PR,OVER,9.5,-135.0,DraftKings,0.574468,0.655895,8fbb6c9d99174485667861fe,2026-08-15T16:50:49.980706+00:00,9.17,9.5,-134.0,DraftKings,draftkings,player_points_rebounds,0.57265,0.0,-0.001819,-0.001819,0.083245,True,True,EXPLICIT_SAME_BOOK_CLOSE,PENDING,
2026-08-15|charlisse leger-walker|new york liberty @ connecticut sun|pr|over|2026-08-15T17:58:18.784460+00:00|0.655895,2026-08-15|charlisse leger-walker|new york liberty @ connecticut sun|pr|over,2026-08-15T17:58:18.784460+00:00,2026-08-15,New York Liberty @ Connecticut Sun,Charlisse Leger-Walker,PR,OVER,9.5,-135.0,DraftKings,0.574468,0.655895,8fbb6c9d99174485667861fe,2026-08-15T16:50:49.980706+00:00,9.17,9.5,-134.0,DraftKings,draftkings,player_points_rebounds,0.57265,0.0,-0.001819,-0.001819,0.083245,True,True,EXPLICIT_SAME_BOOK_CLOSE,PENDING,
2026-08-15|charlisse leger-walker|new york liberty @ connecticut sun|pr|over|2026-08-15T18:48:26.623952+00:00|0.655895,2026-08-15|charlisse leger-walker|new york liberty @ connecticut sun|pr|over,2026-08-15T18:48:26.623952+00:00,2026-08-15,New York Liberty @ Connecticut Sun,Charlisse Leger-Walker,PR,OVER,9.5,-135.0,DraftKings,0.574468,0.655895,8fbb6c9d99174485667861fe,2026-08-15T16:50:49.980706+00:00,9.17,9.5,-134.0,DraftKings,draftkings,player_points_rebounds,0.57265,0.0,-0.001819,-0.001819,0.083245,True,True,EXPLICIT_SAME_BOOK_CLOSE,PENDING,
2026-08-15|charlisse leger-walker|new york liberty @ connecticut sun|pr|over|2026-08-15T19:03:50.105082+00:00|0.655895,2026-08-15|charlisse leger-walker|new york liberty @ connecticut sun|pr|over,2026-08-15T19:03:50.105082+00:00,2026-08-15,New York Liberty @ Connecticut Sun,Charlisse Leger-Walker,PR,OVER,9.5,-135.0,DraftKings,0.574468,0.655895,8fbb6c9d99174485667861fe,2026-08-15T16:50:49.980706+00:00,9.17,9.5,-134.0,DraftKings,draftkings,player_points_rebounds,0.57265,0.0,-0.001819,-0.001819,0.083245,True,True,EXPLICIT_SAME_BOOK_CLOSE,PENDING,
2026-08-15|charlisse leger-walker|new york liberty @ connecticut sun|pr|over|2026-08-15T19:42:05.879517+00:00|0.655895,2026-08-15|charlisse leger-walker|new york liberty @ connecticut sun|pr|over,2026-08-15T19:42:05.879517+00:00,2026-08-15,New York Liberty @ Connecticut Sun,Charlisse Leger-Walker,PR,OVER,9.5,-135.0,DraftKings,0.574468,0.655895,8fbb6c9d99174485667861fe,2026-08-15T16:50:49.980706+00:00,9.17,9.5,-134.0,DraftKings,draftkings,player_points_rebounds,0.57265,0.0,-0.001819,-0.001819,0.083245,True,True,EXPLICIT_SAME_BOOK_CLOSE,PENDING,
2026-08-15|charlisse leger-walker|new york liberty @ connecticut sun|pr|over|2026-08-15T19:56:46.104978+00:00|0.655895,2026-08-15|charlisse leger-walker|new york liberty @ connecticut sun|pr|over,2026-08-15T19:56:46.104978+00:00,2026-08-15,New York Liberty @ Connecticut Sun,Charlisse Leger-Walker,PR,OVER,9.5,-135.0,DraftKings,0.574468,0.655895,8fbb6c9d99174485667861fe,2026-08-15T16:50:49.980706+00:00,9.17,9.5,-134.0,DraftKings,draftkings,player_points_rebounds,0.57265,0.0,-0.001819,-0.001819,0.083245,True,True,EXPLICIT_SAME_BOOK_CLOSE,PENDING,
2026-08-15|charlisse leger-walker|new york liberty @ connecticut sun|pr|over|2026-08-15T20:39:13.403881+00:00|0.655895,2026-08-15|charlisse leger-walker|new york liberty @ connecticut sun|pr|over,2026-08-15T20:39:13.403881+00:00,2026-08-15,New York Liberty @ Connecticut Sun,Charlisse Leger-Walker,PR,OVER,9.5,-135.0,DraftKings,0.574468,0.655895,8fbb6c9d99174485667861fe,2026-08-15T16:50:49.980706+00:00,9.17,9.5,-134.0,DraftKings,draftkings,player_points_rebounds,0.57265,0.0,-0.001819,-0.001819,0.083245,True,True,EXPLICIT_SAME_BOOK_CLOSE,PENDING,
2026-08-15|charlisse leger-walker|new york liberty @ connecticut sun|pr|under|2026-08-15T10:59:30.272276+00:00|0.384727,2026-08-15|charlisse leger-walker|new york liberty @ connecticut sun|pr|under,2026-08-15T10:59:30.272276+00:00,2026-08-15,New York Liberty @ Connecticut Sun,Charlisse Leger-Walker,PR,UNDER,8.5,-106.0,FanDuel,0.514563,0.384727,7cd53bb3c47398da58b9731f,2026-08-15T16:50:49.980706+00:00,9.17,9.5,-101.0,DraftKings,draftkings,player_points_rebounds,0.502488,-1.0,-0.012076,-0.012076,-0.117761,False,False,EXPLICIT_MARKET_CLOSE,PENDING,
2026-08-15|charlisse leger-walker|new york liberty @ connecticut sun|pr|under|2026-08-15T11:37:38.316341+00:00|0.384727,2026-08-15|charlisse leger-walker|new york liberty @ connecticut sun|pr|under,2026-08-15T11:37:38.316341+00:00,2026-08-15,New York Liberty @ Connecticut Sun,Charlisse Leger-Walker,PR,UNDER,8.5,-106.0,FanDuel,0.514563,0.384727,7cd53bb3c47398da58b9731f,2026-08-15T16:50:49.980706+00:00,9.17,9.5,-101.0,DraftKings,draftkings,player_points_rebounds,0.502488,-1.0,-0.012076,-0.012076,-0.117761,False,False,EXPLICIT_MARKET_CLOSE,PENDING,
2026-08-15|charlisse leger-walker|new york liberty @ connecticut sun|pr|under|2026-08-15T11:57:22.075495+00:00|0.384727,2026-08-15|charlisse leger-walker|new york liberty @ connecticut sun|pr|under,2026-08-15T11:57:22.075495+00:00,2026-08-15,New York Liberty @ Connecticut Sun,Charlisse Leger-Walker,PR,UNDER,8.5,-106.0,FanDuel,0.514563,0.384727,7cd53bb3c47398da58b9731f,2026-08-15T16:50:49.980706+00:00,9.17,9.5,-101.0,DraftKings,draftkings,player_points_rebounds,0.502488,-1.0,-0.012076,-0.012076,-0.117761,False,False,EXPLICIT_MARKET_CLOSE,PENDING,
2026-08-15|charlisse leger-walker|new york liberty @ connecticut sun|pr|under|2026-08-15T12:59:45.246898+00:00|0.340169,2026-08-15|charlisse leger-walker|new york liberty @ connecticut sun|pr|under,2026-08-15T12:59:45.246898+00:00,2026-08-15,New York Liberty @ Connecticut Sun,Charlisse Leger-Walker,PR,UNDER,8.5,-108.0,FanDuel,0.519231,0.340169,7cd53bb3c47398da58b9731f,2026-08-15T16:50:49.980706+00:00,9.17,9.5,-101.0,DraftKings,draftkings,player_points_rebounds,0.502488,-1.0,-0.016743,-0.016743,-0.162319,False,False,EXPLICIT_MARKET_CLOSE,PENDING,
2026-08-15|charlisse leger-walker|new york liberty @ connecticut sun|pr|under|2026-08-15T13:19:00.048599+00:00|0.341461,2026-08-15|charlisse leger-walker|new york liberty @ connecticut sun|pr|under,2026-08-15T13:19:00.048599+00:00,2026-08-15,New York Liberty @ Connecticut Sun,Charlisse Leger-Walker,PR,UNDER,8.5,-110.0,FanDuel,0.52381,0.341461,7cd53bb3c47398da58b9731f,2026-08-15T16:50:49.980706+00:00,9.17,9.5,-101.0,DraftKings,draftkings,player_points_rebounds,0.502488,-1.0,-0.021322,-0.021322,-0.161027,False,False,EXPLICIT_MARKET_CLOSE,PENDING,
2026-08-15|charlisse leger-walker|new york liberty @ connecticut sun|pr|under|2026-08-15T14:00:20.819656+00:00|0.341461,2026-08-15|charlisse leger-walker|new york liberty @ connecticut sun|pr|under,2026-08-15T14:00:20.819656+00:00,2026-08-15,New York Liberty @ Connecticut Sun,Charlisse Leger-Walker,PR,UNDER,8.5,-110.0,FanDuel,0.52381,0.341461,7cd53bb3c47398da58b9731f,2026-08-15T16:50:49.980706+00:00,9.17,9.5,-101.0,DraftKings,draftkings,player_points_rebounds,0.502488,-1.0,-0.021322,-0.021322,-0.161027,False,False,EXPLICIT_MARKET_CLOSE,PENDING,
2026-08-15|charlisse leger-walker|new york liberty @ connecticut sun|pr|under|2026-08-15T14:39:33.056630+00:00|0.341461,2026-08-15|charlisse leger-walker|new york liberty @ connecticut sun|pr|under,2026-08-15T14:39:33.056630+00:00,2026-08-15,New York Liberty @ Connecticut Sun,Charlisse Leger-Walker,PR,UNDER,8.5,-110.0,FanDuel,0.52381,0.341461,7cd53bb3c47398da58b9731f,2026-08-15T16:50:49.980706+00:00,9.17,9.5,-101.0,DraftKings,draftkings,player_points_rebounds,0.502488,-1.0,-0.021322,-0.021322,-0.161027,False,False,EXPLICIT_MARKET_CLOSE,PENDING,
2026-08-15|charlisse leger-walker|new york liberty @ connecticut sun|pr|under|2026-08-15T15:00:16.446702+00:00|0.341461,2026-08-15|charlisse leger-walker|new york liberty @ connecticut sun|pr|under,2026-08-15T15:00:16.446702+00:00,2026-08-15,New York Liberty @ Connecticut Sun,Charlisse Leger-Walker,PR,UNDER,8.5,-110.0,FanDuel,0.52381,0.341461,7cd53bb3c47398da58b9731f,2026-08-15T16:50:49.980706+00:00,9.17,9.5,-101.0,DraftKings,draftkings,player_points_rebounds,0.502488,-1.0,-0.021322,-0.021322,-0.161027,False,False,EXPLICIT_MARKET_CLOSE,PENDING,
2026-08-15|charlisse leger-walker|new york liberty @ connecticut sun|pr|under|2026-08-15T16:59:57.449708+00:00|0.382481,2026-08-15|charlisse leger-walker|new york liberty @ connecticut sun|pr|under,2026-08-15T16:59:57.449708+00:00,2026-08-15,New York Liberty @ Connecticut Sun,Charlisse Leger-Walker,PR,UNDER,9.5,-101.0,DraftKings,0.502488,0.382481,7cd53bb3c47398da58b9731f,2026-08-15T16:50:49.980706+00:00,9.17,9.5,-101.0,DraftKings,draftkings,player_points_rebounds,0.502488,0.0,0.0,0.0,-0.120007,True,True,EXPLICIT_SAME_BOOK_CLOSE,PENDING,
2026-08-15|charlisse leger-walker|new york liberty @ connecticut sun|pr|under|2026-08-15T17:36:49.057441+00:00|0.382481,2026-08-15|charlisse leger-walker|new york liberty @ connecticut sun|pr|under,2026-08-15T17:36:49.057441+00:00,2026-08-15,New York Liberty @ Connecticut Sun,Charlisse Leger-Walker,PR,UNDER,9.5,-101.0,DraftKings,0.502488,0.382481,7cd53bb3c47398da58b9731f,2026-08-15T16:50:49.980706+00:00,9.17,9.5,-101.0,DraftKings,draftkings,player_points_rebounds,0.502488,0.0,0.0,0.0,-0.120007,True,True,EXPLICIT_SAME_BOOK_CLOSE,PENDING,
2026-08-15|charlisse leger-walker|new york liberty @ connecticut sun|pr|under|2026-08-15T17:58:18.784460+00:00|0.382481,2026-08-15|charlisse leger-walker|new york liberty @ connecticut sun|pr|under,2026-08-15T17:58:18.784460+00:00,2026-08-15,New York Liberty @ Connecticut Sun,Charlisse Leger-Walker,PR,UNDER,9.5,-101.0,DraftKings,0.502488,0.382481,7cd53bb3c47398da58b9731f,2026-08-15T16:50:49.980706+00:00,9.17,9.5,-101.0,DraftKings,draftkings,player_points_rebounds,0.502488,0.0,0.0,0.0,-0.120007,True,True,EXPLICIT_SAME_BOOK_CLOSE,PENDING,
2026-08-15|charlisse leger-walker|new york liberty @ connecticut sun|pr|under|2026-08-15T18:48:26.623952+00:00|0.382481,2026-08-15|charlisse leger-walker|new york liberty @ connecticut sun|pr|under,2026-08-15T18:48:26.623952+00:00,2026-08-15,New York Liberty @ Connecticut Sun,Charlisse Leger-Walker,PR,UNDER,9.5,-101.0,DraftKings,0.502488,0.382481,7cd53bb3c47398da58b9731f,2026-08-15T16:50:49.980706+00:00,9.17,9.5,-101.0,DraftKings,draftkings,player_points_rebounds,0.502488,0.0,0.0,0.0,-0.120007,True,True,EXPLICIT_SAME_BOOK_CLOSE,PENDING,
2026-08-15|charlisse leger-walker|new york liberty @ connecticut sun|pr|under|2026-08-15T19:03:50.105082+00:00|0.382481,2026-08-15|charlisse leger-walker|new york liberty @ connecticut sun|pr|under,2026-08-15T19:03:50.105082+00:00,2026-08-15,New York Liberty @ Connecticut Sun,Charlisse Leger-Walker,PR,UNDER,9.5,-101.0,DraftKings,0.502488,0.382481,7cd53bb3c47398da58b9731f,2026-08-15T16:50:49.980706+00:00,9.17,9.5,-101.0,DraftKings,draftkings,player_points_rebounds,0.502488,0.0,0.0,0.0,-0.120007,True,True,EXPLICIT_SAME_BOOK_CLOSE,PENDING,
2026-08-15|charlisse leger-walker|new york liberty @ connecticut sun|pr|under|2026-08-15T19:42:05.879517+00:00|0.382481,2026-08-15|charlisse leger-walker|new york liberty @ connecticut sun|pr|under,2026-08-15T19:42:05.879517+00:00,2026-08-15,New York Liberty @ Connecticut Sun,Charlisse Leger-Walker,PR,UNDER,9.5,-101.0,DraftKings,0.502488,0.382481,7cd53bb3c47398da58b9731f,2026-08-15T16:50:49.980706+00:00,9.17,9.5,-101.0,DraftKings,draftkings,player_points_rebounds,0.502488,0.0,0.0,0.0,-0.120007,True,True,EXPLICIT_SAME_BOOK_CLOSE,PENDING,
2026-08-15|charlisse leger-walker|new york liberty @ connecticut sun|pr|under|2026-08-15T19:56:46.104978+00:00|0.382481,2026-08-15|charlisse leger-walker|new york liberty @ connecticut sun|pr|under,2026-08-15T19:56:46.104978+00:00,2026-08-15,New York Liberty @ Connecticut Sun,Charlisse Leger-Walker,PR,UNDER,9.5,-101.0,DraftKings,0.502488,0.382481,7cd53bb3c47398da58b9731f,2026-08-15T16:50:49.980706+00:00,9.17,9.5,-101.0,DraftKings,draftkings,player_points_rebounds,0.502488,0.0,0.0,0.0,-0.120007,True,True,EXPLICIT_SAME_BOOK_CLOSE,PENDING,
2026-08-15|charlisse leger-walker|new york liberty @ connecticut sun|pr|under|2026-08-15T20:39:13.403881+00:00|0.382481,2026-08-15|charlisse leger-walker|new york liberty @ connecticut sun|pr|under,2026-08-15T20:39:13.403881+00:00,2026-08-15,New York Liberty @ Connecticut Sun,Charlisse Leger-Walker,PR,UNDER,9.5,-101.0,DraftKings,0.502488,0.382481,7cd53bb3c47398da58b9731f,2026-08-15T16:50:49.980706+00:00,9.17,9.5,-101.0,DraftKings,draftkings,player_points_rebounds,0.502488,0.0,0.0,0.0,-0.120007,True,True,EXPLICIT_SAME_BOOK_CLOSE,PENDING,
2026-08-15|charlisse leger-walker|new york liberty @ connecticut sun|pts|over|2026-08-15T10:59:30.272276+00:00|0.672466,2026-08-15|charlisse leger-walker|new york liberty @ connecticut sun|pts|over,2026-08-15T10:59:30.272276+00:00,2026-08-15,New York Liberty @ Connecticut Sun,Charlisse Leger-Walker,PTS,OVER,6.5,-114.0,FanDuel,0.53271,0.672466,b1862b161c24e81b9a24f1d3,2026-08-15T16:50:49.980706+00:00,9.17,6.5,-125.0,FanDuel,fanduel,player_points,0.555556,0.0,0.022845,0.022845,0.11691,True,True,EXPLICIT_SAME_BOOK_CLOSE,PENDING,
2026-08-15|charlisse leger-walker|new york liberty @ connecticut sun|pts|over|2026-08-15T10:59:30.272276+00:00|0.564463,2026-08-15|charlisse leger-walker|new york liberty @ connecticut sun|pts|over,2026-08-15T10:59:30.272276+00:00,2026-08-15,New York Liberty @ Connecticut Sun,Charlisse Leger-Walker,PTS,OVER,7.5,120.0,BetRivers,0.454545,0.564463,b1862b161c24e81b9a24f1d3,2026-08-15T16:50:49.980706+00:00,9.17,6.5,-125.0,FanDuel,fanduel,player_points,0.555556,-1.0,0.10101,0.10101,0.008907,False,False,EXPLICIT_MARKET_CLOSE,PENDING,
2026-08-15|charlisse leger-walker|new york liberty @ connecticut sun|pts|over|2026-08-15T11:37:38.316341+00:00|0.672466,2026-08-15|charlisse leger-walker|new york liberty @ connecticut sun|pts|over,2026-08-15T11:37:38.316341+00:00,2026-08-15,New York Liberty @ Connecticut Sun,Charlisse Leger-Walker,PTS,OVER,6.5,-114.0,FanDuel,0.53271,0.672466,b1862b161c24e81b9a24f1d3,2026-08-15T16:50:49.980706+00:00,9.17,6.5,-125.0,FanDuel,fanduel,player_points,0.555556,0.0,0.022845,0.022845,0.11691,True,True,EXPLICIT_SAME_BOOK_CLOSE,PENDING,
2026-08-15|charlisse leger-walker|new york liberty @ connecticut sun|pts|over|2026-08-15T11:37:38.316341+00:00|0.564463,2026-08-15|charlisse leger-walker|new york liberty @ connecticut sun|pts|over,2026-08-15T11:37:38.316341+00:00,2026-08-15,New York Liberty @ Connecticut Sun,Charlisse Leger-Walker,PTS,OVER,7.5,120.0,BetRivers,0.454545,0.564463,b1862b161c24e81b9a24f1d3,2026-08-15T16:50:49.980706+00:00,9.17,6.5,-125.0,FanDuel,fanduel,player_points,0.555556,-1.0,0.10101,0.10101,0.008907,False,False,EXPLICIT_MARKET_CLOSE,PENDING,
2026-08-15|charlisse leger-walker|new york liberty @ connecticut sun|pts|over|2026-08-15T11:57:22.075495+00:00|0.672466,2026-08-15|charlisse leger-walker|new york liberty @ connecticut sun|pts|over,2026-08-15T11:57:22.075495+00:00,2026-08-15,New York Liberty @ Connecticut Sun,Charlisse Leger-Walker,PTS,OVER,6.5,-114.0,FanDuel,0.53271,0.672466,b1862b161c24e81b9a24f1d3,2026-08-15T16:50:49.980706+00:00,9.17,6.5,-125.0,FanDuel,fanduel,player_points,0.555556,0.0,0.022845,0.022845,0.11691,True,True,EXPLICIT_SAME_BOOK_CLOSE,PENDING,
2026-08-15|charlisse leger-walker|new york liberty @ connecticut sun|pts|over|2026-08-15T11:57:22.075495+00:00|0.564463,2026-08-15|charlisse leger-walker|new york liberty @ connecticut sun|pts|over,2026-08-15T11:57:22.075495+00:00,2026-08-15,New York Liberty @ Connecticut Sun,Charlisse Leger-Walker,PTS,OVER,7.5,120.0,BetRivers,0.454545,0.564463,b1862b161c24e81b9a24f1d3,2026-08-15T16:50:49.980706+00:00,9.17,6.5,-125.0,FanDuel,fanduel,player_points,0.555556,-1.0,0.10101,0.10101,0.008907,False,False,EXPLICIT_MARKET_CLOSE,PENDING,
2026-08-15|charlisse leger-walker|new york liberty @ connecticut sun|pts|over|2026-08-15T12:59:45.246898+00:00|0.673912,2026-08-15|charlisse leger-walker|new york liberty @ connecticut sun|pts|over,2026-08-15T12:59:45.246898+00:00,2026-08-15,New York Liberty @ Connecticut Sun,Charlisse Leger-Walker,PTS,OVER,6.5,-111.0,DraftKings,0.526066,0.673912,29191aec5b74316ca9cfa4a3,2026-08-15T16:50:49.980706+00:00,9.17,7.5,-109.0,DraftKings,draftkings,player_points,0.521531,1.0,-0.004535,-0.004535,0.152381,True,False,EXPLICIT_SAME_BOOK_CLOSE,PENDING,
2026-08-15|charlisse leger-walker|new york liberty @ connecticut sun|pts|over|2026-08-15T12:59:45.246898+00:00|0.564463,2026-08-15|charlisse leger-walker|new york liberty @ connecticut sun|pts|over,2026-08-15T12:59:45.246898+00:00,2026-08-15,New York Liberty @ Connecticut Sun,Charlisse Leger-Walker,PTS,OVER,7.5,120.0,BetRivers,0.454545,0.564463,b1862b161c24e81b9a24f1d3,2026-08-15T16:50:49.980706+00:00,9.17,6.5,-125.0,FanDuel,fanduel,player_points,0.555556,-1.0,0.10101,0.10101,0.008907,False,False,EXPLICIT_MARKET_CLOSE,PENDING,
2026-08-15|charlisse leger-walker|new york liberty @ connecticut sun|pts|over|2026-08-15T13:19:00.048599+00:00|0.673912,2026-08-15|charlisse leger-walker|new york liberty @ connecticut sun|pts|over,2026-08-15T13:19:00.048599+00:00,2026-08-15,New York Liberty @ Connecticut Sun,Charlisse Leger-Walker,PTS,OVER,6.5,-111.0,DraftKings,0.526066,0.673912,29191aec5b74316ca9cfa4a3,2026-08-15T16:50:49.980706+00:00,9.17,7.5,-109.0,DraftKings,draftkings,player_points,0.521531,1.0,-0.004535,-0.004535,0.152381,True,False,EXPLICIT_SAME_BOOK_CLOSE,PENDING,
2026-08-15|charlisse leger-walker|new york liberty @ connecticut sun|pts|over|2026-08-15T13:19:00.048599+00:00|0.562643,2026-08-15|charlisse leger-walker|new york liberty @ connecticut sun|pts|over,2026-08-15T13:19:00.048599+00:00,2026-08-15,New York Liberty @ Connecticut Sun,Charlisse Leger-Walker,PTS,OVER,7.5,125.0,BetRivers,0.444444,0.562643,b1862b161c24e81b9a24f1d3,2026-08-15T16:50:49.980706+00:00,9.17,6.5,-125.0,FanDuel,fanduel,player_points,0.555556,-1.0,0.111111,0.111111,0.007087,False,False,EXPLICIT_MARKET_CLOSE,PENDING,
2026-08-15|charlisse leger-walker|new york liberty @ connecticut sun|pts|over|2026-08-15T14:00:20.819656+00:00|0.674379,2026-08-15|charlisse leger-walker|new york liberty @ connecticut sun|pts|over,2026-08-15T14:00:20.819656+00:00,2026-08-15,New York Liberty @ Connecticut Sun,Charlisse Leger-Walker,PTS,OVER,6.5,-110.0,BetRivers,0.52381,0.674379,b1862b161c24e81b9a24f1d3,2026-08-15T16:50:49.980706+00:00,9.17,6.5,-125.0,FanDuel,fanduel,player_points,0.555556,0.0,0.031746,0.031746,0.118823,False,True,EXPLICIT_MARKET_CLOSE,PENDING,
2026-08-15|charlisse leger-walker|new york liberty @ connecticut sun|pts|over|2026-08-15T14:00:20.819656+00:00|0.560289,2026-08-15|charlisse leger-walker|new york liberty @ connecticut sun|pts|over,2026-08-15T14:00:20.819656+00:00,2026-08-15,New York Liberty @ Connecticut Sun,Charlisse Leger-Walker,PTS,OVER,7.5,128.0,BetRivers,0.438596,0.560289,b1862b161c24e81b9a24f1d3,2026-08-15T16:50:49.980706+00:00,9.17,6.5,-125.0,FanDuel,fanduel,player_points,0.555556,-1.0,0.116959,0.116959,0.004733,False,False,EXPLICIT_MARKET_CLOSE,PENDING,
2026-08-15|charlisse leger-walker|new york liberty @ connecticut sun|pts|over|2026-08-15T14:39:33.056630+00:00|0.674379,2026-08-15|charlisse leger-walker|new york liberty @ connecticut sun|pts|over,2026-08-15T14:39:33.056630+00:00,2026-08-15,New York Liberty @ Connecticut Sun,Charlisse Leger-Walker,PTS,OVER,6.5,-110.0,BetRivers,0.52381,0.674379,b1862b161c24e81b9a24f1d3,2026-08-15T16:50:49.980706+00:00,9.17,6.5,-125.0,FanDuel,fanduel,player_points,0.555556,0.0,0.031746,0.031746,0.118823,False,True,EXPLICIT_MARKET_CLOSE,PENDING,
2026-08-15|charlisse leger-walker|new york liberty @ connecticut sun|pts|over|2026-08-15T14:39:33.056630+00:00|0.560289,2026-08-15|charlisse leger-walker|new york liberty @ connecticut sun|pts|over,2026-08-15T14:39:33.056630+00:00,2026-08-15,New York Liberty @ Connecticut Sun,Charlisse Leger-Walker,PTS,OVER,7.5,128.0,BetRivers,0.438596,0.560289,b1862b161c24e81b9a24f1d3,2026-08-15T16:50:49.980706+00:00,9.17,6.5,-125.0,FanDuel,fanduel,player_points,0.555556,-1.0,0.116959,0.116959,0.004733,False,False,EXPLICIT_MARKET_CLOSE,PENDING,
2026-08-15|charlisse leger-walker|new york liberty @ connecticut sun|pts|over|2026-08-15T15:00:16.446702+00:00|0.674379,2026-08-15|charlisse leger-walker|new york liberty @ connecticut sun|pts|over,2026-08-15T15:00:16.446702+00:00,2026-08-15,New York Liberty @ Connecticut Sun,Charlisse Leger-Walker,PTS,OVER,6.5,-110.0,BetRivers,0.52381,0.674379,b1862b161c24e81b9a24f1d3,2026-08-15T16:50:49.980706+00:00,9.17,6.5,-125.0,FanDuel,fanduel,player_points,0.555556,0.0,0.031746,0.031746,0.118823,False,True,EXPLICIT_MARKET_CLOSE,PENDING,
2026-08-15|charlisse leger-walker|new york liberty @ connecticut sun|pts|over|2026-08-15T15:00:16.446702+00:00|0.560289,2026-08-15|charlisse leger-walker|new york liberty @ connecticut sun|pts|over,2026-08-15T15:00:16.446702+00:00,2026-08-15,New York Liberty @ Connecticut Sun,Charlisse Leger-Walker,PTS,OVER,7.5,128.0,BetRivers,0.438596,0.560289,b1862b161c24e81b9a24f1d3,2026-08-15T16:50:49.980706+00:00,9.17,6.5,-125.0,FanDuel,fanduel,player_points,0.555556,-1.0,0.116959,0.116959,0.004733,False,False,EXPLICIT_MARKET_CLOSE,PENDING,
2026-08-15|charlisse leger-walker|new york liberty @ connecticut sun|pts|over|2026-08-15T15:56:41.397541+00:00|0.673437,2026-08-15|charlisse leger-walker|new york liberty @ connecticut sun|pts|over,2026-08-15T15:56:41.397541+00:00,2026-08-15,New York Liberty @ Connecticut Sun,Charlisse Leger-Walker,PTS,OVER,6.5,-112.0,BetRivers,0.528302,0.673437,b1862b161c24e81b9a24f1d3,2026-08-15T16:50:49.980706+00:00,9.17,6.5,-125.0,FanDuel,fanduel,player_points,0.555556,0.0,0.027254,0.027254,0.117881,False,True,EXPLICIT_MARKET_CLOSE,PENDING,
2026-08-15|charlisse leger-walker|new york liberty @ connecticut sun|pts|over|2026-08-15T15:56:41.397541+00:00|0.562643,2026-08-15|charlisse leger-walker|new york liberty @ connecticut sun|pts|over,2026-08-15T15:56:41.397541+00:00,2026-08-15,New York Liberty @ Connecticut Sun,Charlisse Leger-Walker,PTS,OVER,7.5,125.0,BetRivers,0.444444,0.562643,b1862b161c24e81b9a24f1d3,2026-08-15T16:50:49.980706+00:00,9.17,6.5,-125.0,FanDuel,fanduel,player_points,0.555556,-1.0,0.111111,0.111111,0.007087,False,False,EXPLICIT_MARKET_CLOSE,PENDING,
2026-08-15|charlisse leger-walker|new york liberty @ connecticut sun|pts|over|2026-08-15T16:40:58.435903+00:00|0.673437,2026-08-15|charlisse leger-walker|new york liberty @ connecticut sun|pts|over,2026-08-15T16:40:58.435903+00:00,2026-08-15,New York Liberty @ Connecticut Sun,Charlisse Leger-Walker,PTS,OVER,6.5,-112.0,BetRivers,0.528302,0.673437,b1862b161c24e81b9a24f1d3,2026-08-15T16:50:49.980706+00:00,9.17,6.5,-125.0,FanDuel,fanduel,player_points,0.555556,0.0,0.027254,0.027254,0.117881,False,True,EXPLICIT_MARKET_CLOSE,PENDING,
2026-08-15|charlisse leger-walker|new york liberty @ connecticut sun|pts|over|2026-08-15T16:40:58.435903+00:00|0.562643,2026-08-15|charlisse leger-walker|new york liberty @ connecticut sun|pts|over,2026-08-15T16:40:58.435903+00:00,2026-08-15,New York Liberty @ Connecticut Sun,Charlisse Leger-Walker,PTS,OVER,7.5,125.0,BetRivers,0.444444,0.562643,b1862b161c24e81b9a24f1d3,2026-08-15T16:50:49.980706+00:00,9.17,6.5,-125.0,FanDuel,fanduel,player_points,0.555556,-1.0,0.111111,0.111111,0.007087,False,False,EXPLICIT_MARKET_CLOSE,PENDING,
2026-08-15|charlisse leger-walker|new york liberty @ connecticut sun|pts|over|2026-08-15T16:59:57.449708+00:00|0.668415,2026-08-15|charlisse leger-walker|new york liberty @ connecticut sun|pts|over,2026-08-15T16:59:57.449708+00:00,2026-08-15,New York Liberty @ Connecticut Sun,Charlisse Leger-Walker,PTS,OVER,6.5,-122.0,FanDuel,0.54955,0.668415,b1862b161c24e81b9a24f1d3,2026-08-15T16:50:49.980706+00:00,9.17,6.5,-125.0,FanDuel,fanduel,player_points,0.555556,0.0,0.006006,0.006006,0.112859,True,True,EXPLICIT_SAME_BOOK_CLOSE,PENDING,
2026-08-15|charlisse leger-walker|new york liberty @ connecticut sun|pts|over|2026-08-15T16:59:57.449708+00:00|0.67683,2026-08-15|charlisse leger-walker|new york liberty @ connecticut sun|pts|over,2026-08-15T16:59:57.449708+00:00,2026-08-15,New York Liberty @ Connecticut Sun,Charlisse Leger-Walker,PTS,OVER,7.5,-103.0,BetRivers,0.507389,0.67683,b1862b161c24e81b9a24f1d3,2026-08-15T16:50:49.980706+00:00,9.17,6.5,-125.0,FanDuel,fanduel,player_points,0.555556,-1.0,0.048166,0.048166,0.121274,False,False,EXPLICIT_MARKET_CLOSE,PENDING,
2026-08-15|charlisse leger-walker|new york liberty @ connecticut sun|pts|over|2026-08-15T17:36:49.057441+00:00|0.668415,2026-08-15|charlisse leger-walker|new york liberty @ connecticut sun|pts|over,2026-08-15T17:36:49.057441+00:00,2026-08-15,New York Liberty @ Connecticut Sun,Charlisse Leger-Walker,PTS,OVER,6.5,-122.0,FanDuel,0.54955,0.668415,b1862b161c24e81b9a24f1d3,2026-08-15T16:50:49.980706+00:00,9.17,6.5,-125.0,FanDuel,fanduel,player_points,0.555556,0.0,0.006006,0.006006,0.112859,True,True,EXPLICIT_SAME_BOOK_CLOSE,PENDING,
2026-08-15|charlisse leger-walker|new york liberty @ connecticut sun|pts|over|2026-08-15T17:36:49.057441+00:00|0.67683,2026-08-15|charlisse leger-walker|new york liberty @ connecticut sun|pts|over,2026-08-15T17:36:49.057441+00:00,2026-08-15,New York Liberty @ Connecticut Sun,Charlisse Leger-Walker,PTS,OVER,7.5,-103.0,BetRivers,0.507389,0.67683,b1862b161c24e81b9a24f1d3,2026-08-15T16:50:49.980706+00:00,9.17,6.5,-125.0,FanDuel,fanduel,player_points,0.555556,-1.0,0.048166,0.048166,0.121274,False,False,EXPLICIT_MARKET_CLOSE,PENDING,
2026-08-15|charlisse leger-walker|new york liberty @ connecticut sun|pts|over|2026-08-15T17:58:18.784460+00:00|0.668415,2026-08-15|charlisse leger-walker|new york liberty @ connecticut sun|pts|over,2026-08-15T17:58:18.784460+00:00,2026-08-15,New York Liberty @ Connecticut Sun,Charlisse Leger-Walker,PTS,OVER,6.5,-122.0,FanDuel,0.54955,0.668415,b1862b161c24e81b9a24f1d3,2026-08-15T16:50:49.980706+00:00,9.17,6.5,-125.0,FanDuel,fanduel,player_points,0.555556,0.0,0.006006,0.006006,0.112859,True,True,EXPLICIT_SAME_BOOK_CLOSE,PENDING,
2026-08-15|charlisse leger-walker|new york liberty @ connecticut sun|pts|over|2026-08-15T17:58:18.784460+00:00|0.67683,2026-08-15|charlisse leger-walker|new york liberty @ connecticut sun|pts|over,2026-08-15T17:58:18.784460+00:00,2026-08-15,New York Liberty @ Connecticut Sun,Charlisse Leger-Walker,PTS,OVER,7.5,-103.0,BetRivers,0.507389,0.67683,b1862b161c24e81b9a24f1d3,2026-08-15T16:50:49.980706+00:00,9.17,6.5,-125.0,FanDuel,fanduel,player_points,0.555556,-1.0,0.048166,0.048166,0.121274,False,False,EXPLICIT_MARKET_CLOSE,PENDING,
2026-08-15|charlisse leger-walker|new york liberty @ connecticut sun|pts|over|2026-08-15T18:48:26.623952+00:00|0.668415,2026-08-15|charlisse leger-walker|new york liberty @ connecticut sun|pts|over,2026-08-15T18:48:26.623952+00:00,2026-08-15,New York Liberty @ Connecticut Sun,Charlisse Leger-Walker,PTS,OVER,6.5,-122.0,FanDuel,0.54955,0.668415,b1862b161c24e81b9a24f1d3,2026-08-15T16:50:49.980706+00:00,9.17,6.5,-125.0,FanDuel,fanduel,player_points,0.555556,0.0,0.006006,0.006006,0.112859,True,True,EXPLICIT_SAME_BOOK_CLOSE,PENDING,
2026-08-15|charlisse leger-walker|new york liberty @ connecticut sun|pts|over|2026-08-15T18:48:26.623952+00:00|0.67683,2026-08-15|charlisse leger-walker|new york liberty @ connecticut sun|pts|over,2026-08-15T18:48:26.623952+00:00,2026-08-15,New York Liberty @ Connecticut Sun,Charlisse Leger-Walker,PTS,OVER,7.5,-103.0,BetRivers,0.507389,0.67683,b1862b161c24e81b9a24f1d3,2026-08-15T16:50:49.980706+00:00,9.17,6.5,-125.0,FanDuel,fanduel,player_points,0.555556,-1.0,0.048166,0.048166,0.121274,False,False,EXPLICIT_MARKET_CLOSE,PENDING,
2026-08-15|charlisse leger-walker|new york liberty @ connecticut sun|pts|over|2026-08-15T19:03:50.105082+00:00|0.668415,2026-08-15|charlisse leger-walker|new york liberty @ connecticut sun|pts|over,2026-08-15T19:03:50.105082+00:00,2026-08-15,New York Liberty @ Connecticut Sun,Charlisse Leger-Walker,PTS,OVER,6.5,-122.0,FanDuel,0.54955,0.668415,b1862b161c24e81b9a24f1d3,2026-08-15T16:50:49.980706+00:00,9.17,6.5,-125.0,FanDuel,fanduel,player_points,0.555556,0.0,0.006006,0.006006,0.112859,True,True,EXPLICIT_SAME_BOOK_CLOSE,PENDING,
2026-08-15|charlisse leger-walker|new york liberty @ connecticut sun|pts|over|2026-08-15T19:03:50.105082+00:00|0.67683,2026-08-15|charlisse leger-walker|new york liberty @ connecticut sun|pts|over,2026-08-15T19:03:50.105082+00:00,2026-08-15,New York Liberty @ Connecticut Sun,Charlisse Leger-Walker,PTS,OVER,7.5,-103.0,BetRivers,0.507389,0.67683,b1862b161c24e81b9a24f1d3,2026-08-15T16:50:49.980706+00:00,9.17,6.5,-125.0,FanDuel,fanduel,player_points,0.555556,-1.0,0.048166,0.048166,0.121274,False,False,EXPLICIT_MARKET_CLOSE,PENDING,
2026-08-15|charlisse leger-walker|new york liberty @ connecticut sun|pts|over|2026-08-15T19:42:05.879517+00:00|0.668415,2026-08-15|charlisse leger-walker|new york liberty @ connecticut sun|pts|over,2026-08-15T19:42:05.879517+00:00,2026-08-15,New York Liberty @ Connecticut Sun,Charlisse Leger-Walker,PTS,OVER,6.5,-122.0,FanDuel,0.54955,0.668415,b1862b161c24e81b9a24f1d3,2026-08-15T16:50:49.980706+00:00,9.17,6.5,-125.0,FanDuel,fanduel,player_points,0.555556,0.0,0.006006,0.006006,0.112859,True,True,EXPLICIT_SAME_BOOK_CLOSE,PENDING,
2026-08-15|charlisse leger-walker|new york liberty @ connecticut sun|pts|over|2026-08-15T19:42:05.879517+00:00|0.67683,2026-08-15|charlisse leger-walker|new york liberty @ connecticut sun|pts|over,2026-08-15T19:42:05.879517+00:00,2026-08-15,New York Liberty @ Connecticut Sun,Charlisse Leger-Walker,PTS,OVER,7.5,-103.0,BetRivers,0.507389,0.67683,b1862b161c24e81b9a24f1d3,2026-08-15T16:50:49.980706+00:00,9.17,6.5,-125.0,FanDuel,fanduel,player_points,0.555556,-1.0,0.048166,0.048166,0.121274,False,False,EXPLICIT_MARKET_CLOSE,PENDING,
2026-08-15|charlisse leger-walker|new york liberty @ connecticut sun|pts|over|2026-08-15T19:56:46.104978+00:00|0.668415,2026-08-15|charlisse leger-walker|new york liberty @ connecticut sun|pts|over,2026-08-15T19:56:46.104978+00:00,2026-08-15,New York Liberty @ Connecticut Sun,Charlisse Leger-Walker,PTS,OVER,6.5,-122.0,FanDuel,0.54955,0.668415,b1862b161c24e81b9a24f1d3,2026-08-15T16:50:49.980706+00:00,9.17,6.5,-125.0,FanDuel,fanduel,player_points,0.555556,0.0,0.006006,0.006006,0.112859,True,True,EXPLICIT_SAME_BOOK_CLOSE,PENDING,
2026-08-15|charlisse leger-walker|new york liberty @ connecticut sun|pts|over|2026-08-15T19:56:46.104978+00:00|0.67683,2026-08-15|charlisse leger-walker|new york liberty @ connecticut sun|pts|over,2026-08-15T19:56:46.104978+00:00,2026-08-15,New York Liberty @ Connecticut Sun,Charlisse Leger-Walker,PTS,OVER,7.5,-103.0,BetRivers,0.507389,0.67683,b1862b161c24e81b9a24f1d3,2026-08-15T16:50:49.980706+00:00,9.17,6.5,-125.0,FanDuel,fanduel,player_points,0.555556,-1.0,0.048166,0.048166,0.121274,False,False,EXPLICIT_MARKET_CLOSE,PENDING,
2026-08-15|charlisse leger-walker|new york liberty @ connecticut sun|pts|over|2026-08-15T20:39:13.403881+00:00|0.668415,2026-08-15|charlisse leger-walker|new york liberty @ connecticut sun|pts|over,2026-08-15T20:39:13.403881+00:00,2026-08-15,New York Liberty @ Connecticut Sun,Charlisse Leger-Walker,PTS,OVER,6.5,-122.0,FanDuel,0.54955,0.668415,b1862b161c24e81b9a24f1d3,2026-08-15T16:50:49.980706+00:00,9.17,6.5,-125.0,FanDuel,fanduel,player_points,0.555556,0.0,0.006006,0.006006,0.112859,True,True,EXPLICIT_SAME_BOOK_CLOSE,PENDING,
2026-08-15|charlisse leger-walker|new york liberty @ connecticut sun|pts|over|2026-08-15T20:39:13.403881+00:00|0.67683,2026-08-15|charlisse leger-walker|new york liberty @ connecticut sun|pts|over,2026-08-15T20:39:13.403881+00:00,2026-08-15,New York Liberty @ Connecticut Sun,Charlisse Leger-Walker,PTS,OVER,7.5,-103.0,BetRivers,0.507389,0.67683,b1862b161c24e81b9a24f1d3,2026-08-15T16:50:49.980706+00:00,9.17,6.5,-125.0,FanDuel,fanduel,player_points,0.555556,-1.0,0.048166,0.048166,0.121274,False,False,EXPLICIT_MARKET_CLOSE,PENDING,
2026-08-15|charlisse leger-walker|new york liberty @ connecticut sun|pts|under|2026-08-15T10:59:30.272276+00:00|0.476478,2026-08-15|charlisse leger-walker|new york liberty @ connecticut sun|pts|under,2026-08-15T10:59:30.272276+00:00,2026-08-15,New York Liberty @ Connecticut Sun,Charlisse Leger-Walker,PTS,UNDER,6.5,-112.0,DraftKings,0.528302,0.476478,22f792ab3f8a3b51245c5f58,2026-08-15T16:50:49.980706+00:00,9.17,7.5,-122.0,DraftKings,draftkings,player_points,0.54955,-1.0,0.021248,0.021248,-0.073072,True,False,EXPLICIT_SAME_BOOK_CLOSE,PENDING,
2026-08-15|charlisse leger-walker|new york liberty @ connecticut sun|pts|under|2026-08-15T11:37:38.316341+00:00|0.476478,2026-08-15|charlisse leger-walker|new york liberty @ connecticut sun|pts|under,2026-08-15T11:37:38.316341+00:00,2026-08-15,New York Liberty @ Connecticut Sun,Charlisse Leger-Walker,PTS,UNDER,6.5,-112.0,DraftKings,0.528302,0.476478,22f792ab3f8a3b51245c5f58,2026-08-15T16:50:49.980706+00:00,9.17,7.5,-122.0,DraftKings,draftkings,player_points,0.54955,-1.0,0.021248,0.021248,-0.073072,True,False,EXPLICIT_SAME_BOOK_CLOSE,PENDING,
2026-08-15|charlisse leger-walker|new york liberty @ connecticut sun|pts|under|2026-08-15T11:57:22.075495+00:00|0.476478,2026-08-15|charlisse leger-walker|new york liberty @ connecticut sun|pts|under,2026-08-15T11:57:22.075495+00:00,2026-08-15,New York Liberty @ Connecticut Sun,Charlisse Leger-Walker,PTS,UNDER,6.5,-112.0,DraftKings,0.528302,0.476478,22f792ab3f8a3b51245c5f58,2026-08-15T16:50:49.980706+00:00,9.17,7.5,-122.0,DraftKings,draftkings,player_points,0.54955,-1.0,0.021248,0.021248,-0.073072,True,False,EXPLICIT_SAME_BOOK_CLOSE,PENDING,
2026-08-15|charlisse leger-walker|new york liberty @ connecticut sun|pts|under|2026-08-15T12:59:45.246898+00:00|0.475378,2026-08-15|charlisse leger-walker|new york liberty @ connecticut sun|pts|under,2026-08-15T12:59:45.246898+00:00,2026-08-15,New York Liberty @ Connecticut Sun,Charlisse Leger-Walker,PTS,UNDER,6.5,-114.0,FanDuel,0.53271,0.475378,dbff0f368defe14fa09af684,2026-08-15T16:50:49.980706+00:00,9.17,6.5,-104.0,FanDuel,fanduel,player_points,0.509804,0.0,-0.022906,-0.022906,-0.034426,True,True,EXPLICIT_SAME_BOOK_CLOSE,PENDING,
2026-08-15|charlisse leger-walker|new york liberty @ connecticut sun|pts|under|2026-08-15T13:19:00.048599+00:00|0.475378,2026-08-15|charlisse leger-walker|new york liberty @ connecticut sun|pts|under,2026-08-15T13:19:00.048599+00:00,2026-08-15,New York Liberty @ Connecticut Sun,Charlisse Leger-Walker,PTS,UNDER,6.5,-114.0,FanDuel,0.53271,0.475378,dbff0f368defe14fa09af684,2026-08-15T16:50:49.980706+00:00,9.17,6.5,-104.0,FanDuel,fanduel,player_points,0.509804,0.0,-0.022906,-0.022906,-0.034426,True,True,EXPLICIT_SAME_BOOK_CLOSE,PENDING,
2026-08-15|charlisse leger-walker|new york liberty @ connecticut sun|pts|under|2026-08-15T14:00:20.819656+00:00|0.475378,2026-08-15|charlisse leger-walker|new york liberty @ connecticut sun|pts|under,2026-08-15T14:00:20.819656+00:00,2026-08-15,New York Liberty @ Connecticut Sun,Charlisse Leger-Walker,PTS,UNDER,6.5,-114.0,FanDuel,0.53271,0.475378,dbff0f368defe14fa09af684,2026-08-15T16:50:49.980706+00:00,9.17,6.5,-104.0,FanDuel,fanduel,player_points,0.509804,0.0,-0.022906,-0.022906,-0.034426,True,True,EXPLICIT_SAME_BOOK_CLOSE,PENDING,
2026-08-15|charlisse leger-walker|new york liberty @ connecticut sun|pts|under|2026-08-15T14:39:33.056630+00:00|0.475378,2026-08-15|charlisse leger-walker|new york liberty @ connecticut sun|pts|under,2026-08-15T14:39:33.056630+00:00,2026-08-15,New York Liberty @ Connecticut Sun,Charlisse Leger-Walker,PTS,UNDER,6.5,-114.0,FanDuel,0.53271,0.475378,dbff0f368defe14fa09af684,2026-08-15T16:50:49.980706+00:00,9.17,6.5,-104.0,FanDuel,fanduel,player_points,0.509804,0.0,-0.022906,-0.022906,-0.034426,True,True,EXPLICIT_SAME_BOOK_CLOSE,PENDING,
2026-08-15|charlisse leger-walker|new york liberty @ connecticut sun|pts|under|2026-08-15T15:00:16.446702+00:00|0.475378,2026-08-15|charlisse leger-walker|new york liberty @ connecticut sun|pts|under,2026-08-15T15:00:16.446702+00:00,2026-08-15,New York Liberty @ Connecticut Sun,Charlisse Leger-Walker,PTS,UNDER,6.5,-114.0,FanDuel,0.53271,0.475378,dbff0f368defe14fa09af684,2026-08-15T16:50:49.980706+00:00,9.17,6.5,-104.0,FanDuel,fanduel,player_points,0.509804,0.0,-0.022906,-0.022906,-0.034426,True,True,EXPLICIT_SAME_BOOK_CLOSE,PENDING,
2026-08-15|charlisse leger-walker|new york liberty @ connecticut sun|pts|under|2026-08-15T15:56:41.397541+00:00|0.476005,2026-08-15|charlisse leger-walker|new york liberty @ connecticut sun|pts|under,2026-08-15T15:56:41.397541+00:00,2026-08-15,New York Liberty @ Connecticut Sun,Charlisse Leger-Walker,PTS,UNDER,6.5,-113.0,DraftKings,0.530516,0.476005,22f792ab3f8a3b51245c5f58,2026-08-15T16:50:49.980706+00:00,9.17,7.5,-122.0,DraftKings,draftkings,player_points,0.54955,-1.0,0.019033,0.019033,-0.073545,True,False,EXPLICIT_SAME_BOOK_CLOSE,PENDING,
2026-08-15|charlisse leger-walker|new york liberty @ connecticut sun|pts|under|2026-08-15T16:40:58.435903+00:00|0.476005,2026-08-15|charlisse leger-walker|new york liberty @ connecticut sun|pts|under,2026-08-15T16:40:58.435903+00:00,2026-08-15,New York Liberty @ Connecticut Sun,Charlisse Leger-Walker,PTS,UNDER,6.5,-113.0,DraftKings,0.530516,0.476005,22f792ab3f8a3b51245c5f58,2026-08-15T16:50:49.980706+00:00,9.17,7.5,-122.0,DraftKings,draftkings,player_points,0.54955,-1.0,0.019033,0.019033,-0.073545,True,False,EXPLICIT_SAME_BOOK_CLOSE,PENDING,
2026-08-15|charlisse leger-walker|new york liberty @ connecticut sun|pts|under|2026-08-15T16:59:57.449708+00:00|0.355528,2026-08-15|charlisse leger-walker|new york liberty @ connecticut sun|pts|under,2026-08-15T16:59:57.449708+00:00,2026-08-15,New York Liberty @ Connecticut Sun,Charlisse Leger-Walker,PTS,UNDER,6.5,104.0,Caesars,0.490196,0.355528,dbff0f368defe14fa09af684,2026-08-15T16:50:49.980706+00:00,9.17,6.5,-104.0,FanDuel,fanduel,player_points,0.509804,0.0,0.019608,0.019608,-0.154276,False,True,EXPLICIT_MARKET_CLOSE,PENDING,
2026-08-15|charlisse leger-walker|new york liberty @ connecticut sun|pts|under|2026-08-15T16:59:57.449708+00:00|0.364609,2026-08-15|charlisse leger-walker|new york liberty @ connecticut sun|pts|under,2026-08-15T16:59:57.449708+00:00,2026-08-15,New York Liberty @ Connecticut Sun,Charlisse Leger-Walker,PTS,UNDER,7.5,-124.0,DraftKings,0.553571,0.364609,22f792ab3f8a3b51245c5f58,2026-08-15T16:50:49.980706+00:00,9.17,7.5,-122.0,DraftKings,draftkings,player_points,0.54955,0.0,-0.004022,-0.004022,-0.184941,True,True,EXPLICIT_SAME_BOOK_CLOSE,PENDING,
2026-08-15|charlisse leger-walker|new york liberty @ connecticut sun|pts|under|2026-08-15T17:36:49.057441+00:00|0.355528,2026-08-15|charlisse leger-walker|new york liberty @ connecticut sun|pts|under,2026-08-15T17:36:49.057441+00:00,2026-08-15,New York Liberty @ Connecticut Sun,Charlisse Leger-Walker,PTS,UNDER,6.5,104.0,Caesars,0.490196,0.355528,dbff0f368defe14fa09af684,2026-08-15T16:50:49.980706+00:00,9.17,6.5,-104.0,FanDuel,fanduel,player_points,0.509804,0.0,0.019608,0.019608,-0.154276,False,True,EXPLICIT_MARKET_CLOSE,PENDING,
2026-08-15|charlisse leger-walker|new york liberty @ connecticut sun|pts|under|2026-08-15T17:36:49.057441+00:00|0.364609,2026-08-15|charlisse leger-walker|new york liberty @ connecticut sun|pts|under,2026-08-15T17:36:49.057441+00:00,2026-08-15,New York Liberty @ Connecticut Sun,Charlisse Leger-Walker,PTS,UNDER,7.5,-124.0,DraftKings,0.553571,0.364609,22f792ab3f8a3b51245c5f58,2026-08-15T16:50:49.980706+00:00,9.17,7.5,-122.0,DraftKings,draftkings,player_points,0.54955,0.0,-0.004022,-0.004022,-0.184941,True,True,EXPLICIT_SAME_BOOK_CLOSE,PENDING,
2026-08-15|charlisse leger-walker|new york liberty @ connecticut sun|pts|under|2026-08-15T17:58:18.784460+00:00|0.355528,2026-08-15|charlisse leger-walker|new york liberty @ connecticut sun|pts|under,2026-08-15T17:58:18.784460+00:00,2026-08-15,New York Liberty @ Connecticut Sun,Charlisse Leger-Walker,PTS,UNDER,6.5,104.0,Caesars,0.490196,0.355528,dbff0f368defe14fa09af684,2026-08-15T16:50:49.980706+00:00,9.17,6.5,-104.0,FanDuel,fanduel,player_points,0.509804,0.0,0.019608,0.019608,-0.154276,False,True,EXPLICIT_MARKET_CLOSE,PENDING,
2026-08-15|charlisse leger-walker|new york liberty @ connecticut sun|pts|under|2026-08-15T17:58:18.784460+00:00|0.364609,2026-08-15|charlisse leger-walker|new york liberty @ connecticut sun|pts|under,2026-08-15T17:58:18.784460+00:00,2026-08-15,New York Liberty @ Connecticut Sun,Charlisse Leger-Walker,PTS,UNDER,7.5,-124.0,DraftKings,0.553571,0.364609,22f792ab3f8a3b51245c5f58,2026-08-15T16:50:49.980706+00:00,9.17,7.5,-122.0,DraftKings,draftkings,player_points,0.54955,0.0,-0.004022,-0.004022,-0.184941,True,True,EXPLICIT_SAME_BOOK_CLOSE,PENDING,
2026-08-15|charlisse leger-walker|new york liberty @ connecticut sun|pts|under|2026-08-15T18:48:26.623952+00:00|0.355528,2026-08-15|charlisse leger-walker|new york liberty @ connecticut sun|pts|under,2026-08-15T18:48:26.623952+00:00,2026-08-15,New York Liberty @ Connecticut Sun,Charlisse Leger-Walker,PTS,UNDER,6.5,104.0,Caesars,0.490196,0.355528,dbff0f368defe14fa09af684,2026-08-15T16:50:49.980706+00:00,9.17,6.5,-104.0,FanDuel,fanduel,player_points,0.509804,0.0,0.019608,0.019608,-0.154276,False,True,EXPLICIT_MARKET_CLOSE,PENDING,
2026-08-15|charlisse leger-walker|new york liberty @ connecticut sun|pts|under|2026-08-15T18:48:26.623952+00:00|0.364609,2026-08-15|charlisse leger-walker|new york liberty @ connecticut sun|pts|under,2026-08-15T18:48:26.623952+00:00,2026-08-15,New York Liberty @ Connecticut Sun,Charlisse Leger-Walker,PTS,UNDER,7.5,-124.0,DraftKings,0.553571,0.364609,22f792ab3f8a3b51245c5f58,2026-08-15T16:50:49.980706+00:00,9.17,7.5,-122.0,DraftKings,draftkings,player_points,0.54955,0.0,-0.004022,-0.004022,-0.184941,True,True,EXPLICIT_SAME_BOOK_CLOSE,PENDING,
2026-08-15|charlisse leger-walker|new york liberty @ connecticut sun|pts|under|2026-08-15T19:03:50.105082+00:00|0.355528,2026-08-15|charlisse leger-walker|new york liberty @ connecticut sun|pts|under,2026-08-15T19:03:50.105082+00:00,2026-08-15,New York Liberty @ Connecticut Sun,Charlisse Leger-Walker,PTS,UNDER,6.5,104.0,Caesars,0.490196,0.355528,dbff0f368defe14fa09af684,2026-08-15T16:50:49.980706+00:00,9.17,6.5,-104.0,FanDuel,fanduel,player_points,0.509804,0.0,0.019608,0.019608,-0.154276,False,True,EXPLICIT_MARKET_CLOSE,PENDING,
2026-08-15|charlisse leger-walker|new york liberty @ connecticut sun|pts|under|2026-08-15T19:03:50.105082+00:00|0.364609,2026-08-15|charlisse leger-walker|new york liberty @ connecticut sun|pts|under,2026-08-15T19:03:50.105082+00:00,2026-08-15,New York Liberty @ Connecticut Sun,Charlisse Leger-Walker,PTS,UNDER,7.5,-124.0,DraftKings,0.553571,0.364609,22f792ab3f8a3b51245c5f58,2026-08-15T16:50:49.980706+00:00,9.17,7.5,-122.0,DraftKings,draftkings,player_points,0.54955,0.0,-0.004022,-0.004022,-0.184941,True,True,EXPLICIT_SAME_BOOK_CLOSE,PENDING,
2026-08-15|charlisse leger-walker|new york liberty @ connecticut sun|pts|under|2026-08-15T19:42:05.879517+00:00|0.355528,2026-08-15|charlisse leger-walker|new york liberty @ connecticut sun|pts|under,2026-08-15T19:42:05.879517+00:00,2026-08-15,New York Liberty @ Connecticut Sun,Charlisse Leger-Walker,PTS,UNDER,6.5,104.0,Caesars,0.490196,0.355528,dbff0f368defe14fa09af684,2026-08-15T16:50:49.980706+00:00,9.17,6.5,-104.0,FanDuel,fanduel,player_points,0.509804,0.0,0.019608,0.019608,-0.154276,False,True,EXPLICIT_MARKET_CLOSE,PENDING,
2026-08-15|charlisse leger-walker|new york liberty @ connecticut sun|pts|under|2026-08-15T19:42:05.879517+00:00|0.364609,2026-08-15|charlisse leger-walker|new york liberty @ connecticut sun|pts|under,2026-08-15T19:42:05.879517+00:00,2026-08-15,New York Liberty @ Connecticut Sun,Charlisse Leger-Walker,PTS,UNDER,7.5,-124.0,DraftKings,0.553571,0.364609,22f792ab3f8a3b51245c5f58,2026-08-15T16:50:49.980706+00:00,9.17,7.5,-122.0,DraftKings,draftkings,player_points,0.54955,0.0,-0.004022,-0.004022,-0.184941,True,True,EXPLICIT_SAME_BOOK_CLOSE,PENDING,
2026-08-15|charlisse leger-walker|new york liberty @ connecticut sun|pts|under|2026-08-15T19:56:46.104978+00:00|0.355528,2026-08-15|charlisse leger-walker|new york liberty @ connecticut sun|pts|under,2026-08-15T19:56:46.104978+00:00,2026-08-15,New York Liberty @ Connecticut Sun,Charlisse Leger-Walker,PTS,UNDER,6.5,104.0,Caesars,0.490196,0.355528,dbff0f368defe14fa09af684,2026-08-15T16:50:49.980706+00:00,9.17,6.5,-104.0,FanDuel,fanduel,player_points,0.509804,0.0,0.019608,0.019608,-0.154276,False,True,EXPLICIT_MARKET_CLOSE,PENDING,
2026-08-15|charlisse leger-walker|new york liberty @ connecticut sun|pts|under|2026-08-15T19:56:46.104978+00:00|0.364609,2026-08-15|charlisse leger-walker|new york liberty @ connecticut sun|pts|under,2026-08-15T19:56:46.104978+00:00,2026-08-15,New York Liberty @ Connecticut Sun,Charlisse Leger-Walker,PTS,UNDER,7.5,-124.0,DraftKings,0.553571,0.364609,22f792ab3f8a3b51245c5f58,2026-08-15T16:50:49.980706+00:00,9.17,7.5,-122.0,DraftKings,draftkings,player_points,0.54955,0.0,-0.004022,-0.004022,-0.184941,True,True,EXPLICIT_SAME_BOOK_CLOSE,PENDING,
2026-08-15|charlisse leger-walker|new york liberty @ connecticut sun|pts|under|2026-08-15T20:39:13.403881+00:00|0.355528,2026-08-15|charlisse leger-walker|new york liberty @ connecticut sun|pts|under,2026-08-15T20:39:13.403881+00:00,2026-08-15,New York Liberty @ Connecticut Sun,Charlisse Leger-Walker,PTS,UNDER,6.5,104.0,Caesars,0.490196,0.355528,dbff0f368defe14fa09af684,2026-08-15T16:50:49.980706+00:00,9.17,6.5,-104.0,FanDuel,fanduel,player_points,0.509804,0.0,0.019608,0.019608,-0.154276,False,True,EXPLICIT_MARKET_CLOSE,PENDING,
2026-08-15|charlisse leger-walker|new york liberty @ connecticut sun|pts|under|2026-08-15T20:39:13.403881+00:00|0.364609,2026-08-15|charlisse leger-walker|new york liberty @ connecticut sun|pts|under,2026-08-15T20:39:13.403881+00:00,2026-08-15,New York Liberty @ Connecticut Sun,Charlisse Leger-Walker,PTS,UNDER,7.5,-124.0,DraftKings,0.553571,0.364609,22f792ab3f8a3b51245c5f58,2026-08-15T16:50:49.980706+00:00,9.17,7.5,-122.0,DraftKings,draftkings,player_points,0.54955,0.0,-0.004022,-0.004022,-0.184941,True,True,EXPLICIT_SAME_BOOK_CLOSE,PENDING,
2026-08-15|dearica hamby|los angeles sparks @ washington mystics|ra|over|2026-08-15T10:59:30.272276+00:00|0.733402,2026-08-15|dearica hamby|los angeles sparks @ washington mystics|ra|over,2026-08-15T10:59:30.272276+00:00,2026-08-15,Los Angeles Sparks @ Washington Mystics,Dearica Hamby,RA,OVER,8.5,-146.0,FanDuel,0.593496,0.733402,e5a18e82a2e315ca2f5cc447,2026-08-15T23:18:13.480422+00:00,11.78,9.5,-111.0,DraftKings,draftkings,player_rebounds_assists,0.526066,1.0,-0.06743,-0.06743,0.207336,False,False,EXPLICIT_MARKET_CLOSE,PENDING,
2026-08-15|dearica hamby|los angeles sparks @ washington mystics|ra|over|2026-08-15T10:59:30.272276+00:00|0.651747,2026-08-15|dearica hamby|los angeles sparks @ washington mystics|ra|over,2026-08-15T10:59:30.272276+00:00,2026-08-15,Los Angeles Sparks @ Washington Mystics,Dearica Hamby,RA,OVER,9.5,103.0,DraftKings,0.492611,0.651747,e5a18e82a2e315ca2f5cc447,2026-08-15T23:18:13.480422+00:00,11.78,9.5,-111.0,DraftKings,draftkings,player_rebounds_assists,0.526066,0.0,0.033456,0.033456,0.125681,True,True,EXPLICIT_SAME_BOOK_CLOSE,PENDING,
2026-08-15|dearica hamby|los angeles sparks @ washington mystics|ra|over|2026-08-15T11:37:38.316341+00:00|0.733402,2026-08-15|dearica hamby|los angeles sparks @ washington mystics|ra|over,2026-08-15T11:37:38.316341+00:00,2026-08-15,Los Angeles Sparks @ Washington Mystics,Dearica Hamby,RA,OVER,8.5,-146.0,FanDuel,0.593496,0.733402,e5a18e82a2e315ca2f5cc447,2026-08-15T23:18:13.480422+00:00,11.78,9.5,-111.0,DraftKings,draftkings,player_rebounds_assists,0.526066,1.0,-0.06743,-0.06743,0.207336,False,False,EXPLICIT_MARKET_CLOSE,PENDING,
2026-08-15|dearica hamby|los angeles sparks @ washington mystics|ra|over|2026-08-15T11:37:38.316341+00:00|0.651747,2026-08-15|dearica hamby|los angeles sparks @ washington mystics|ra|over,2026-08-15T11:37:38.316341+00:00,2026-08-15,Los Angeles Sparks @ Washington Mystics,Dearica Hamby,RA,OVER,9.5,103.0,DraftKings,0.492611,0.651747,e5a18e82a2e315ca2f5cc447,2026-08-15T23:18:13.480422+00:00,11.78,9.5,-111.0,DraftKings,draftkings,player_rebounds_assists,0.526066,0.0,0.033456,0.033456,0.125681,True,True,EXPLICIT_SAME_BOOK_CLOSE,PENDING,
2026-08-15|dearica hamby|los angeles sparks @ washington mystics|ra|over|2026-08-15T11:57:22.075495+00:00|0.733402,2026-08-15|dearica hamby|los angeles sparks @ washington mystics|ra|over,2026-08-15T11:57:22.075495+00:00,2026-08-15,Los Angeles Sparks @ Washington Mystics,Dearica Hamby,RA,OVER,8.5,-146.0,FanDuel,0.593496,0.733402,e5a18e82a2e315ca2f5cc447,2026-08-15T23:18:13.480422+00:00,11.78,9.5,-111.0,DraftKings,draftkings,player_rebounds_assists,0.526066,1.0,-0.06743,-0.06743,0.207336,False,False,EXPLICIT_MARKET_CLOSE,PENDING,
2026-08-15|dearica hamby|los angeles sparks @ washington mystics|ra|over|2026-08-15T11:57:22.075495+00:00|0.651747,2026-08-15|dearica hamby|los angeles sparks @ washington mystics|ra|over,2026-08-15T11:57:22.075495+00:00,2026-08-15,Los Angeles Sparks @ Washington Mystics,Dearica Hamby,RA,OVER,9.5,103.0,DraftKings,0.492611,0.651747,e5a18e82a2e315ca2f5cc447,2026-08-15T23:18:13.480422+00:00,11.78,9.5,-111.0,DraftKings,draftkings,player_rebounds_assists,0.526066,0.0,0.033456,0.033456,0.125681,True,True,EXPLICIT_SAME_BOOK_CLOSE,PENDING,
2026-08-15|dearica hamby|los angeles sparks @ washington mystics|ra|over|2026-08-15T12:59:45.246898+00:00|0.733402,2026-08-15|dearica hamby|los angeles sparks @ washington mystics|ra|over,2026-08-15T12:59:45.246898+00:00,2026-08-15,Los Angeles Sparks @ Washington Mystics,Dearica Hamby,RA,OVER,8.5,-146.0,FanDuel,0.593496,0.733402,e5a18e82a2e315ca2f5cc447,2026-08-15T23:18:13.480422+00:00,11.78,9.5,-111.0,DraftKings,draftkings,player_rebounds_assists,0.526066,1.0,-0.06743,-0.06743,0.207336,False,False,EXPLICIT_MARKET_CLOSE,PENDING,
2026-08-15|dearica hamby|los angeles sparks @ washington mystics|ra|over|2026-08-15T12:59:45.246898+00:00|0.651747,2026-08-15|dearica hamby|los angeles sparks @ washington mystics|ra|over,2026-08-15T12:59:45.246898+00:00,2026-08-15,Los Angeles Sparks @ Washington Mystics,Dearica Hamby,RA,OVER,9.5,103.0,DraftKings,0.492611,0.651747,e5a18e82a2e315ca2f5cc447,2026-08-15T23:18:13.480422+00:00,11.78,9.5,-111.0,DraftKings,draftkings,player_rebounds_assists,0.526066,0.0,0.033456,0.033456,0.125681,True,True,EXPLICIT_SAME_BOOK_CLOSE,PENDING,
2026-08-15|dearica hamby|los angeles sparks @ washington mystics|ra|over|2026-08-15T13:19:00.048599+00:00|0.730588,2026-08-15|dearica hamby|los angeles sparks @ washington mystics|ra|over,2026-08-15T13:19:00.048599+00:00,2026-08-15,Los Angeles Sparks @ Washington Mystics,Dearica Hamby,RA,OVER,8.5,-152.0,FanDuel,0.603175,0.730588,e5a18e82a2e315ca2f5cc447,2026-08-15T23:18:13.480422+00:00,11.78,9.5,-111.0,DraftKings,draftkings,player_rebounds_assists,0.526066,1.0,-0.077108,-0.077108,0.204522,False,False,EXPLICIT_MARKET_CLOSE,PENDING,
2026-08-15|dearica hamby|los angeles sparks @ washington mystics|ra|over|2026-08-15T13:19:00.048599+00:00|0.651747,2026-08-15|dearica hamby|los angeles sparks @ washington mystics|ra|over,2026-08-15T13:19:00.048599+00:00,2026-08-15,Los Angeles Sparks @ Washington Mystics,Dearica Hamby,RA,OVER,9.5,103.0,DraftKings,0.492611,0.651747,e5a18e82a2e315ca2f5cc447,2026-08-15T23:18:13.480422+00:00,11.78,9.5,-111.0,DraftKings,draftkings,player_rebounds_assists,0.526066,0.0,0.033456,0.033456,0.125681,True,True,EXPLICIT_SAME_BOOK_CLOSE,PENDING,
2026-08-15|dearica hamby|los angeles sparks @ washington mystics|ra|over|2026-08-15T14:00:20.819656+00:00|0.730588,2026-08-15|dearica hamby|los angeles sparks @ washington mystics|ra|over,2026-08-15T14:00:20.819656+00:00,2026-08-15,Los Angeles Sparks @ Washington Mystics,Dearica Hamby,RA,OVER,8.5,-152.0,FanDuel,0.603175,0.730588,e5a18e82a2e315ca2f5cc447,2026-08-15T23:18:13.480422+00:00,11.78,9.5,-111.0,DraftKings,draftkings,player_rebounds_assists,0.526066,1.0,-0.077108,-0.077108,0.204522,False,False,EXPLICIT_MARKET_CLOSE,PENDING,
2026-08-15|dearica hamby|los angeles sparks @ washington mystics|ra|over|2026-08-15T14:00:20.819656+00:00|0.651747,2026-08-15|dearica hamby|los angeles sparks @ washington mystics|ra|over,2026-08-15T14:00:20.819656+00:00,2026-08-15,Los Angeles Sparks @ Washington Mystics,Dearica Hamby,RA,OVER,9.5,103.0,DraftKings,0.492611,0.651747,e5a18e82a2e315ca2f5cc447,2026-08-15T23:18:13.480422+00:00,11.78,9.5,-111.0,DraftKings,draftkings,player_rebounds_assists,0.526066,0.0,0.033456,0.033456,0.125681,True,True,EXPLICIT_SAME_BOOK_CLOSE,PENDING,
2026-08-15|dearica hamby|los angeles sparks @ washington mystics|ra|over|2026-08-15T14:39:33.056630+00:00|0.730588,2026-08-15|dearica hamby|los angeles sparks @ washington mystics|ra|over,2026-08-15T14:39:33.056630+00:00,2026-08-15,Los Angeles Sparks @ Washington Mystics,Dearica Hamby,RA,OVER,8.5,-152.0,FanDuel,0.603175,0.730588,e5a18e82a2e315ca2f5cc447,2026-08-15T23:18:13.480422+00:00,11.78,9.5,-111.0,DraftKings,draftkings,player_rebounds_assists,0.526066,1.0,-0.077108,-0.077108,0.204522,False,False,EXPLICIT_MARKET_CLOSE,PENDING,
2026-08-15|dearica hamby|los angeles sparks @ washington mystics|ra|over|2026-08-15T14:39:33.056630+00:00|0.651747,2026-08-15|dearica hamby|los angeles sparks @ washington mystics|ra|over,2026-08-15T14:39:33.056630+00:00,2026-08-15,Los Angeles Sparks @ Washington Mystics,Dearica Hamby,RA,OVER,9.5,103.0,DraftKings,0.492611,0.651747,e5a18e82a2e315ca2f5cc447,2026-08-15T23:18:13.480422+00:00,11.78,9.5,-111.0,DraftKings,draftkings,player_rebounds_assists,0.526066,0.0,0.033456,0.033456,0.125681,True,True,EXPLICIT_SAME_BOOK_CLOSE,PENDING,
2026-08-15|dearica hamby|los angeles sparks @ washington mystics|ra|over|2026-08-15T15:00:16.446702+00:00|0.73234,2026-08-15|dearica hamby|los angeles sparks @ washington mystics|ra|over,2026-08-15T15:00:16.446702+00:00,2026-08-15,Los Angeles Sparks @ Washington Mystics,Dearica Hamby,RA,OVER,8.5,-148.0,FanDuel,0.596774,0.73234,e5a18e82a2e315ca2f5cc447,2026-08-15T23:18:13.480422+00:00,11.78,9.5,-111.0,DraftKings,draftkings,player_rebounds_assists,0.526066,1.0,-0.070708,-0.070708,0.206274,False,False,EXPLICIT_MARKET_CLOSE,PENDING,
2026-08-15|dearica hamby|los angeles sparks @ washington mystics|ra|over|2026-08-15T15:00:16.446702+00:00|0.652278,2026-08-15|dearica hamby|los angeles sparks @ washington mystics|ra|over,2026-08-15T15:00:16.446702+00:00,2026-08-15,Los Angeles Sparks @ Washington Mystics,Dearica Hamby,RA,OVER,9.5,100.0,DraftKings,0.5,0.652278,e5a18e82a2e315ca2f5cc447,2026-08-15T23:18:13.480422+00:00,11.78,9.5,-111.0,DraftKings,draftkings,player_rebounds_assists,0.526066,0.0,0.026066,0.026066,0.126212,True,True,EXPLICIT_SAME_BOOK_CLOSE,PENDING,
2026-08-15|dearica hamby|los angeles sparks @ washington mystics|ra|over|2026-08-15T15:56:41.397541+00:00|0.652278,2026-08-15|dearica hamby|los angeles sparks @ washington mystics|ra|over,2026-08-15T15:56:41.397541+00:00,2026-08-15,Los Angeles Sparks @ Washington Mystics,Dearica Hamby,RA,OVER,9.5,100.0,DraftKings,0.5,0.652278,e5a18e82a2e315ca2f5cc447,2026-08-15T23:18:13.480422+00:00,11.78,9.5,-111.0,DraftKings,draftkings,player_rebounds_assists,0.526066,0.0,0.026066,0.026066,0.126212,True,True,EXPLICIT_SAME_BOOK_CLOSE,PENDING,
2026-08-15|dearica hamby|los angeles sparks @ washington mystics|ra|over|2026-08-15T16:40:58.435903+00:00|0.652278,2026-08-15|dearica hamby|los angeles sparks @ washington mystics|ra|over,2026-08-15T16:40:58.435903+00:00,2026-08-15,Los Angeles Sparks @ Washington Mystics,Dearica Hamby,RA,OVER,9.5,100.0,DraftKings,0.5,0.652278,e5a18e82a2e315ca2f5cc447,2026-08-15T23:18:13.480422+00:00,11.78,9.5,-111.0,DraftKings,draftkings,player_rebounds_assists,0.526066,0.0,0.026066,0.026066,0.126212,True,True,EXPLICIT_SAME_BOOK_CLOSE,PENDING,
2026-08-15|dearica hamby|los angeles sparks @ washington mystics|ra|over|2026-08-15T16:59:57.449708+00:00|0.651966,2026-08-15|dearica hamby|los angeles sparks @ washington mystics|ra|over,2026-08-15T16:59:57.449708+00:00,2026-08-15,Los Angeles Sparks @ Washington Mystics,Dearica Hamby,RA,OVER,9.5,102.0,DraftKings,0.49505,0.651966,e5a18e82a2e315ca2f5cc447,2026-08-15T23:18:13.480422+00:00,11.78,9.5,-111.0,DraftKings,draftkings,player_rebounds_assists,0.526066,0.0,0.031017,0.031017,0.1259,True,True,EXPLICIT_SAME_BOOK_CLOSE,PENDING,
2026-08-15|dearica hamby|los angeles sparks @ washington mystics|ra|over|2026-08-15T17:36:49.057441+00:00|0.651966,2026-08-15|dearica hamby|los angeles sparks @ washington mystics|ra|over,2026-08-15T17:36:49.057441+00:00,2026-08-15,Los Angeles Sparks @ Washington Mystics,Dearica Hamby,RA,OVER,9.5,102.0,DraftKings,0.49505,0.651966,e5a18e82a2e315ca2f5cc447,2026-08-15T23:18:13.480422+00:00,11.78,9.5,-111.0,DraftKings,draftkings,player_rebounds_assists,0.526066,0.0,0.031017,0.031017,0.1259,True,True,EXPLICIT_SAME_BOOK_CLOSE,PENDING,
2026-08-15|dearica hamby|los angeles sparks @ washington mystics|ra|over|2026-08-15T17:58:18.784460+00:00|0.651966,2026-08-15|dearica hamby|los angeles sparks @ washington mystics|ra|over,2026-08-15T17:58:18.784460+00:00,2026-08-15,Los Angeles Sparks @ Washington Mystics,Dearica Hamby,RA,OVER,9.5,102.0,DraftKings,0.49505,0.651966,e5a18e82a2e315ca2f5cc447,2026-08-15T23:18:13.480422+00:00,11.78,9.5,-111.0,DraftKings,draftkings,player_rebounds_assists,0.526066,0.0,0.031017,0.031017,0.1259,True,True,EXPLICIT_SAME_BOOK_CLOSE,PENDING,
2026-08-15|dearica hamby|los angeles sparks @ washington mystics|ra|over|2026-08-15T18:48:26.623952+00:00|0.651966,2026-08-15|dearica hamby|los angeles sparks @ washington mystics|ra|over,2026-08-15T18:48:26.623952+00:00,2026-08-15,Los Angeles Sparks @ Washington Mystics,Dearica Hamby,RA,OVER,9.5,102.0,DraftKings,0.49505,0.651966,e5a18e82a2e315ca2f5cc447,2026-08-15T23:18:13.480422+00:00,11.78,9.5,-111.0,DraftKings,draftkings,player_rebounds_assists,0.526066,0.0,0.031017,0.031017,0.1259,True,True,EXPLICIT_SAME_BOOK_CLOSE,PENDING,
2026-08-15|dearica hamby|los angeles sparks @ washington mystics|ra|over|2026-08-15T19:03:50.105082+00:00|0.651966,2026-08-15|dearica hamby|los angeles sparks @ washington mystics|ra|over,2026-08-15T19:03:50.105082+00:00,2026-08-15,Los Angeles Sparks @ Washington Mystics,Dearica Hamby,RA,OVER,9.5,102.0,DraftKings,0.49505,0.651966,e5a18e82a2e315ca2f5cc447,2026-08-15T23:18:13.480422+00:00,11.78,9.5,-111.0,DraftKings,draftkings,player_rebounds_assists,0.526066,0.0,0.031017,0.031017,0.1259,True,True,EXPLICIT_SAME_BOOK_CLOSE,PENDING,
2026-08-15|dearica hamby|los angeles sparks @ washington mystics|ra|over|2026-08-15T19:42:05.879517+00:00|0.651966,2026-08-15|dearica hamby|los angeles sparks @ washington mystics|ra|over,2026-08-15T19:42:05.879517+00:00,2026-08-15,Los Angeles Sparks @ Washington Mystics,Dearica Hamby,RA,OVER,9.5,102.0,DraftKings,0.49505,0.651966,e5a18e82a2e315ca2f5cc447,2026-08-15T23:18:13.480422+00:00,11.78,9.5,-111.0,DraftKings,draftkings,player_rebounds_assists,0.526066,0.0,0.031017,0.031017,0.1259,True,True,EXPLICIT_SAME_BOOK_CLOSE,PENDING,
2026-08-15|dearica hamby|los angeles sparks @ washington mystics|ra|over|2026-08-15T19:56:46.104978+00:00|0.651966,2026-08-15|dearica hamby|los angeles sparks @ washington mystics|ra|over,2026-08-15T19:56:46.104978+00:00,2026-08-15,Los Angeles Sparks @ Washington Mystics,Dearica Hamby,RA,OVER,9.5,102.0,DraftKings,0.49505,0.651966,e5a18e82a2e315ca2f5cc447,2026-08-15T23:18:13.480422+00:00,11.78,9.5,-111.0,DraftKings,draftkings,player_rebounds_assists,0.526066,0.0,0.031017,0.031017,0.1259,True,True,EXPLICIT_SAME_BOOK_CLOSE,PENDING,
2026-08-15|dearica hamby|los angeles sparks @ washington mystics|ra|over|2026-08-15T20:39:13.403881+00:00|0.651966,2026-08-15|dearica hamby|los angeles sparks @ washington mystics|ra|over,2026-08-15T20:39:13.403881+00:00,2026-08-15,Los Angeles Sparks @ Washington Mystics,Dearica Hamby,RA,OVER,9.5,102.0,DraftKings,0.49505,0.651966,e5a18e82a2e315ca2f5cc447,2026-08-15T23:18:13.480422+00:00,11.78,9.5,-111.0,DraftKings,draftkings,player_rebounds_assists,0.526066,0.0,0.031017,0.031017,0.1259,True,True,EXPLICIT_SAME_BOOK_CLOSE,PENDING,
2026-08-15|dearica hamby|los angeles sparks @ washington mystics|ra|over|2026-08-15T21:00:13.752588+00:00|0.651966,2026-08-15|dearica hamby|los angeles sparks @ washington mystics|ra|over,2026-08-15T21:00:13.752588+00:00,2026-08-15,Los Angeles Sparks @ Washington Mystics,Dearica Hamby,RA,OVER,9.5,102.0,DraftKings,0.49505,0.651966,e5a18e82a2e315ca2f5cc447,2026-08-15T23:18:13.480422+00:00,11.78,9.5,-111.0,DraftKings,draftkings,player_rebounds_assists,0.526066,0.0,0.031017,0.031017,0.1259,True,True,EXPLICIT_SAME_BOOK_CLOSE,PENDING,
2026-08-15|dearica hamby|los angeles sparks @ washington mystics|ra|over|2026-08-15T21:35:34.997167+00:00|0.651966,2026-08-15|dearica hamby|los angeles sparks @ washington mystics|ra|over,2026-08-15T21:35:34.997167+00:00,2026-08-15,Los Angeles Sparks @ Washington Mystics,Dearica Hamby,RA,OVER,9.5,102.0,DraftKings,0.49505,0.651966,e5a18e82a2e315ca2f5cc447,2026-08-15T23:18:13.480422+00:00,11.78,9.5,-111.0,DraftKings,draftkings,player_rebounds_assists,0.526066,0.0,0.031017,0.031017,0.1259,True,True,EXPLICIT_SAME_BOOK_CLOSE,PENDING,
2026-08-15|dearica hamby|los angeles sparks @ washington mystics|ra|over|2026-08-15T21:58:02.208346+00:00|0.651966,2026-08-15|dearica hamby|los angeles sparks @ washington mystics|ra|over,2026-08-15T21:58:02.208346+00:00,2026-08-15,Los Angeles Sparks @ Washington Mystics,Dearica Hamby,RA,OVER,9.5,102.0,DraftKings,0.49505,0.651966,e5a18e82a2e315ca2f5cc447,2026-08-15T23:18:13.480422+00:00,11.78,9.5,-111.0,DraftKings,draftkings,player_rebounds_assists,0.526066,0.0,0.031017,0.031017,0.1259,True,True,EXPLICIT_SAME_BOOK_CLOSE,PENDING,
2026-08-15|dearica hamby|los angeles sparks @ washington mystics|ra|over|2026-08-15T22:38:43.785968+00:00|0.651966,2026-08-15|dearica hamby|los angeles sparks @ washington mystics|ra|over,2026-08-15T22:38:43.785968+00:00,2026-08-15,Los Angeles Sparks @ Washington Mystics,Dearica Hamby,RA,OVER,9.5,102.0,DraftKings,0.49505,0.651966,e5a18e82a2e315ca2f5cc447,2026-08-15T23:18:13.480422+00:00,11.78,9.5,-111.0,DraftKings,draftkings,player_rebounds_assists,0.526066,0.0,0.031017,0.031017,0.1259,True,True,EXPLICIT_SAME_BOOK_CLOSE,PENDING,
2026-08-15|dearica hamby|los angeles sparks @ washington mystics|ra|over|2026-08-15T22:58:44.786860+00:00|0.651966,2026-08-15|dearica hamby|los angeles sparks @ washington mystics|ra|over,2026-08-15T22:58:44.786860+00:00,2026-08-15,Los Angeles Sparks @ Washington Mystics,Dearica Hamby,RA,OVER,9.5,102.0,DraftKings,0.49505,0.651966,e5a18e82a2e315ca2f5cc447,2026-08-15T23:18:13.480422+00:00,11.78,9.5,-111.0,DraftKings,draftkings,player_rebounds_assists,0.526066,0.0,0.031017,0.031017,0.1259,True,True,EXPLICIT_SAME_BOOK_CLOSE,PENDING,
2026-08-15|dearica hamby|los angeles sparks @ washington mystics|ra|over|2026-08-15T23:40:58.015375+00:00|0.651966,2026-08-15|dearica hamby|los angeles sparks @ washington mystics|ra|over,2026-08-15T23:40:58.015375+00:00,2026-08-15,Los Angeles Sparks @ Washington Mystics,Dearica Hamby,RA,OVER,9.5,102.0,DraftKings,0.49505,0.651966,e5a18e82a2e315ca2f5cc447,2026-08-15T23:18:13.480422+00:00,11.78,9.5,-111.0,DraftKings,draftkings,player_rebounds_assists,0.526066,0.0,0.031017,0.031017,0.1259,True,True,EXPLICIT_SAME_BOOK_CLOSE,PENDING,
2026-08-15|dearica hamby|los angeles sparks @ washington mystics|ra|under|2026-08-15T10:59:30.272276+00:00|0.344726,2026-08-15|dearica hamby|los angeles sparks @ washington mystics|ra|under,2026-08-15T10:59:30.272276+00:00,2026-08-15,Los Angeles Sparks @ Washington Mystics,Dearica Hamby,RA,UNDER,8.5,110.0,FanDuel,0.47619,0.344726,0ec02a66d418b219c284d5b6,2026-08-15T23:18:13.480422+00:00,11.78,9.5,-122.0,DraftKings,draftkings,player_rebounds_assists,0.54955,-1.0,0.073359,0.073359,-0.204824,False,False,EXPLICIT_MARKET_CLOSE,PENDING,
2026-08-15|dearica hamby|los angeles sparks @ washington mystics|ra|under|2026-08-15T10:59:30.272276+00:00|0.40678,2026-08-15|dearica hamby|los angeles sparks @ washington mystics|ra|under,2026-08-15T10:59:30.272276+00:00,2026-08-15,Los Angeles Sparks @ Washington Mystics,Dearica Hamby,RA,UNDER,9.5,-141.0,DraftKings,0.585062,0.40678,0ec02a66d418b219c284d5b6,2026-08-15T23:18:13.480422+00:00,11.78,9.5,-122.0,DraftKings,draftkings,player_rebounds_assists,0.54955,0.0,-0.035513,-0.035513,-0.14277,True,True,EXPLICIT_SAME_BOOK_CLOSE,PENDING,
2026-08-15|dearica hamby|los angeles sparks @ washington mystics|ra|under|2026-08-15T11:37:38.316341+00:00|0.344726,2026-08-15|dearica hamby|los angeles sparks @ washington mystics|ra|under,2026-08-15T11:37:38.316341+00:00,2026-08-15,Los Angeles Sparks @ Washington Mystics,Dearica Hamby,RA,UNDER,8.5,110.0,FanDuel,0.47619,0.344726,0ec02a66d418b219c284d5b6,2026-08-15T23:18:13.480422+00:00,11.78,9.5,-122.0,DraftKings,draftkings,player_rebounds_assists,0.54955,-1.0,0.073359,0.073359,-0.204824,False,False,EXPLICIT_MARKET_CLOSE,PENDING,
2026-08-15|dearica hamby|los angeles sparks @ washington mystics|ra|under|2026-08-15T11:37:38.316341+00:00|0.40678,2026-08-15|dearica hamby|los angeles sparks @ washington mystics|ra|under,2026-08-15T11:37:38.316341+00:00,2026-08-15,Los Angeles Sparks @ Washington Mystics,Dearica Hamby,RA,UNDER,9.5,-141.0,DraftKings,0.585062,0.40678,0ec02a66d418b219c284d5b6,2026-08-15T23:18:13.480422+00:00,11.78,9.5,-122.0,DraftKings,draftkings,player_rebounds_assists,0.54955,0.0,-0.035513,-0.035513,-0.14277,True,True,EXPLICIT_SAME_BOOK_CLOSE,PENDING,
2026-08-15|dearica hamby|los angeles sparks @ washington mystics|ra|under|2026-08-15T11:57:22.075495+00:00|0.344726,2026-08-15|dearica hamby|los angeles sparks @ washington mystics|ra|under,2026-08-15T11:57:22.075495+00:00,2026-08-15,Los Angeles Sparks @ Washington Mystics,Dearica Hamby,RA,UNDER,8.5,110.0,FanDuel,0.47619,0.344726,0ec02a66d418b219c284d5b6,2026-08-15T23:18:13.480422+00:00,11.78,9.5,-122.0,DraftKings,draftkings,player_rebounds_assists,0.54955,-1.0,0.073359,0.073359,-0.204824,False,False,EXPLICIT_MARKET_CLOSE,PENDING,
2026-08-15|dearica hamby|los angeles sparks @ washington mystics|ra|under|2026-08-15T11:57:22.075495+00:00|0.40678,2026-08-15|dearica hamby|los angeles sparks @ washington mystics|ra|under,2026-08-15T11:57:22.075495+00:00,2026-08-15,Los Angeles Sparks @ Washington Mystics,Dearica Hamby,RA,UNDER,9.5,-141.0,DraftKings,0.585062,0.40678,0ec02a66d418b219c284d5b6,2026-08-15T23:18:13.480422+00:00,11.78,9.5,-122.0,DraftKings,draftkings,player_rebounds_assists,0.54955,0.0,-0.035513,-0.035513,-0.14277,True,True,EXPLICIT_SAME_BOOK_CLOSE,PENDING,
2026-08-15|dearica hamby|los angeles sparks @ washington mystics|ra|under|2026-08-15T12:59:45.246898+00:00|0.344726,2026-08-15|dearica hamby|los angeles sparks @ washington mystics|ra|under,2026-08-15T12:59:45.246898+00:00,2026-08-15,Los Angeles Sparks @ Washington Mystics,Dearica Hamby,RA,UNDER,8.5,110.0,FanDuel,0.47619,0.344726,0ec02a66d418b219c284d5b6,2026-08-15T23:18:13.480422+00:00,11.78,9.5,-122.0,DraftKings,draftkings,player_rebounds_assists,0.54955,-1.0,0.073359,0.073359,-0.204824,False,False,EXPLICIT_MARKET_CLOSE,PENDING,
2026-08-15|dearica hamby|los angeles sparks @ washington mystics|ra|under|2026-08-15T12:59:45.246898+00:00|0.40678,2026-08-15|dearica hamby|los angeles sparks @ washington mystics|ra|under,2026-08-15T12:59:45.246898+00:00,2026-08-15,Los Angeles Sparks @ Washington Mystics,Dearica Hamby,RA,UNDER,9.5,-141.0,DraftKings,0.585062,0.40678,0ec02a66d418b219c284d5b6,2026-08-15T23:18:13.480422+00:00,11.78,9.5,-122.0,DraftKings,draftkings,player_rebounds_assists,0.54955,0.0,-0.035513,-0.035513,-0.14277,True,True,EXPLICIT_SAME_BOOK_CLOSE,PENDING,
2026-08-15|dearica hamby|los angeles sparks @ washington mystics|ra|under|2026-08-15T13:19:00.048599+00:00|0.344146,2026-08-15|dearica hamby|los angeles sparks @ washington mystics|ra|under,2026-08-15T13:19:00.048599+00:00,2026-08-15,Los Angeles Sparks @ Washington Mystics,Dearica Hamby,RA,UNDER,8.5,114.0,FanDuel,0.46729,0.344146,0ec02a66d418b219c284d5b6,2026-08-15T23:18:13.480422+00:00,11.78,9.5,-122.0,DraftKings,draftkings,player_rebounds_assists,0.54955,-1.0,0.08226,0.08226,-0.205404,False,False,EXPLICIT_MARKET_CLOSE,PENDING,
2026-08-15|dearica hamby|los angeles sparks @ washington mystics|ra|under|2026-08-15T13:19:00.048599+00:00|0.40678,2026-08-15|dearica hamby|los angeles sparks @ washington mystics|ra|under,2026-08-15T13:19:00.048599+00:00,2026-08-15,Los Angeles Sparks @ Washington Mystics,Dearica Hamby,RA,UNDER,9.5,-141.0,DraftKings,0.585062,0.40678,0ec02a66d418b219c284d5b6,2026-08-15T23:18:13.480422+00:00,11.78,9.5,-122.0,DraftKings,draftkings,player_rebounds_assists,0.54955,0.0,-0.035513,-0.035513,-0.14277,True,True,EXPLICIT_SAME_BOOK_CLOSE,PENDING,
2026-08-15|dearica hamby|los angeles sparks @ washington mystics|ra|under|2026-08-15T14:00:20.819656+00:00|0.344146,2026-08-15|dearica hamby|los angeles sparks @ washington mystics|ra|under,2026-08-15T14:00:20.819656+00:00,2026-08-15,Los Angeles Sparks @ Washington Mystics,Dearica Hamby,RA,UNDER,8.5,114.0,FanDuel,0.46729,0.344146,0ec02a66d418b219c284d5b6,2026-08-15T23:18:13.480422+00:00,11.78,9.5,-122.0,DraftKings,draftkings,player_rebounds_assists,0.54955,-1.0,0.08226,0.08226,-0.205404,False,False,EXPLICIT_MARKET_CLOSE,PENDING,
2026-08-15|dearica hamby|los angeles sparks @ washington mystics|ra|under|2026-08-15T14:00:20.819656+00:00|0.40678,2026-08-15|dearica hamby|los angeles sparks @ washington mystics|ra|under,2026-08-15T14:00:20.819656+00:00,2026-08-15,Los Angeles Sparks @ Washington Mystics,Dearica Hamby,RA,UNDER,9.5,-141.0,DraftKings,0.585062,0.40678,0ec02a66d418b219c284d5b6,2026-08-15T23:18:13.480422+00:00,11.78,9.5,-122.0,DraftKings,draftkings,player_rebounds_assists,0.54955,0.0,-0.035513,-0.035513,-0.14277,True,True,EXPLICIT_SAME_BOOK_CLOSE,PENDING,
2026-08-15|dearica hamby|los angeles sparks @ washington mystics|ra|under|2026-08-15T14:39:33.056630+00:00|0.344146,2026-08-15|dearica hamby|los angeles sparks @ washington mystics|ra|under,2026-08-15T14:39:33.056630+00:00,2026-08-15,Los Angeles Sparks @ Washington Mystics,Dearica Hamby,RA,UNDER,8.5,114.0,FanDuel,0.46729,0.344146,0ec02a66d418b219c284d5b6,2026-08-15T23:18:13.480422+00:00,11.78,9.5,-122.0,DraftKings,draftkings,player_rebounds_assists,0.54955,-1.0,0.08226,0.08226,-0.205404,False,False,EXPLICIT_MARKET_CLOSE,PENDING,
2026-08-15|dearica hamby|los angeles sparks @ washington mystics|ra|under|2026-08-15T14:39:33.056630+00:00|0.40678,2026-08-15|dearica hamby|los angeles sparks @ washington mystics|ra|under,2026-08-15T14:39:33.056630+00:00,2026-08-15,Los Angeles Sparks @ Washington Mystics,Dearica Hamby,RA,UNDER,9.5,-141.0,DraftKings,0.585062,0.40678,0ec02a66d418b219c284d5b6,2026-08-15T23:18:13.480422+00:00,11.78,9.5,-122.0,DraftKings,draftkings,player_rebounds_assists,0.54955,0.0,-0.035513,-0.035513,-0.14277,True,True,EXPLICIT_SAME_BOOK_CLOSE,PENDING,
2026-08-15|dearica hamby|los angeles sparks @ washington mystics|ra|under|2026-08-15T15:00:16.446702+00:00|0.344443,2026-08-15|dearica hamby|los angeles sparks @ washington mystics|ra|under,2026-08-15T15:00:16.446702+00:00,2026-08-15,Los Angeles Sparks @ Washington Mystics,Dearica Hamby,RA,UNDER,8.5,112.0,FanDuel,0.471698,0.344443,0ec02a66d418b219c284d5b6,2026-08-15T23:18:13.480422+00:00,11.78,9.5,-122.0,DraftKings,draftkings,player_rebounds_assists,0.54955,-1.0,0.077851,0.077851,-0.205107,False,False,EXPLICIT_MARKET_CLOSE,PENDING,
2026-08-15|dearica hamby|los angeles sparks @ washington mystics|ra|under|2026-08-15T15:00:16.446702+00:00|0.405836,2026-08-15|dearica hamby|los angeles sparks @ washington mystics|ra|under,2026-08-15T15:00:16.446702+00:00,2026-08-15,Los Angeles Sparks @ Washington Mystics,Dearica Hamby,RA,UNDER,9.5,-135.0,DraftKings,0.574468,0.405836,0ec02a66d418b219c284d5b6,2026-08-15T23:18:13.480422+00:00,11.78,9.5,-122.0,DraftKings,draftkings,player_rebounds_assists,0.54955,0.0,-0.024919,-0.024919,-0.143714,True,True,EXPLICIT_SAME_BOOK_CLOSE,PENDING,
2026-08-15|dearica hamby|los angeles sparks @ washington mystics|ra|under|2026-08-15T15:56:41.397541+00:00|0.405836,2026-08-15|dearica hamby|los angeles sparks @ washington mystics|ra|under,2026-08-15T15:56:41.397541+00:00,2026-08-15,Los Angeles Sparks @ Washington Mystics,Dearica Hamby,RA,UNDER,9.5,-135.0,DraftKings,0.574468,0.405836,0ec02a66d418b219c284d5b6,2026-08-15T23:18:13.480422+00:00,11.78,9.5,-122.0,DraftKings,draftkings,player_rebounds_assists,0.54955,0.0,-0.024919,-0.024919,-0.143714,True,True,EXPLICIT_SAME_BOOK_CLOSE,PENDING,
2026-08-15|dearica hamby|los angeles sparks @ washington mystics|ra|under|2026-08-15T16:40:58.435903+00:00|0.405836,2026-08-15|dearica hamby|los angeles sparks @ washington mystics|ra|under,2026-08-15T16:40:58.435903+00:00,2026-08-15,Los Angeles Sparks @ Washington Mystics,Dearica Hamby,RA,UNDER,9.5,-135.0,DraftKings,0.574468,0.405836,0ec02a66d418b219c284d5b6,2026-08-15T23:18:13.480422+00:00,11.78,9.5,-122.0,DraftKings,draftkings,player_rebounds_assists,0.54955,0.0,-0.024919,-0.024919,-0.143714,True,True,EXPLICIT_SAME_BOOK_CLOSE,PENDING,
2026-08-15|dearica hamby|los angeles sparks @ washington mystics|ra|under|2026-08-15T16:59:57.449708+00:00|0.40623,2026-08-15|dearica hamby|los angeles sparks @ washington mystics|ra|under,2026-08-15T16:59:57.449708+00:00,2026-08-15,Los Angeles Sparks @ Washington Mystics,Dearica Hamby,RA,UNDER,9.5,-138.0,DraftKings,0.579832,0.40623,0ec02a66d418b219c284d5b6,2026-08-15T23:18:13.480422+00:00,11.78,9.5,-122.0,DraftKings,draftkings,player_rebounds_assists,0.54955,0.0,-0.030282,-0.030282,-0.14332,True,True,EXPLICIT_SAME_BOOK_CLOSE,PENDING,
2026-08-15|dearica hamby|los angeles sparks @ washington mystics|ra|under|2026-08-15T17:36:49.057441+00:00|0.40623,2026-08-15|dearica hamby|los angeles sparks @ washington mystics|ra|under,2026-08-15T17:36:49.057441+00:00,2026-08-15,Los Angeles Sparks @ Washington Mystics,Dearica Hamby,RA,UNDER,9.5,-138.0,DraftKings,0.579832,0.40623,0ec02a66d418b219c284d5b6,2026-08-15T23:18:13.480422+00:00,11.78,9.5,-122.0,DraftKings,draftkings,player_rebounds_assists,0.54955,0.0,-0.030282,-0.030282,-0.14332,True,True,EXPLICIT_SAME_BOOK_CLOSE,PENDING,
2026-08-15|dearica hamby|los angeles sparks @ washington mystics|ra|under|2026-08-15T17:58:18.784460+00:00|0.40623,2026-08-15|dearica hamby|los angeles sparks @ washington mystics|ra|under,2026-08-15T17:58:18.784460+00:00,2026-08-15,Los Angeles Sparks @ Washington Mystics,Dearica Hamby,RA,UNDER,9.5,-138.0,DraftKings,0.579832,0.40623,0ec02a66d418b219c284d5b6,2026-08-15T23:18:13.480422+00:00,11.78,9.5,-122.0,DraftKings,draftkings,player_rebounds_assists,0.54955,0.0,-0.030282,-0.030282,-0.14332,True,True,EXPLICIT_SAME_BOOK_CLOSE,PENDING,
2026-08-15|dearica hamby|los angeles sparks @ washington mystics|ra|under|2026-08-15T18:48:26.623952+00:00|0.40623,2026-08-15|dearica hamby|los angeles sparks @ washington mystics|ra|under,2026-08-15T18:48:26.623952+00:00,2026-08-15,Los Angeles Sparks @ Washington Mystics,Dearica Hamby,RA,UNDER,9.5,-138.0,DraftKings,0.579832,0.40623,0ec02a66d418b219c284d5b6,2026-08-15T23:18:13.480422+00:00,11.78,9.5,-122.0,DraftKings,draftkings,player_rebounds_assists,0.54955,0.0,-0.030282,-0.030282,-0.14332,True,True,EXPLICIT_SAME_BOOK_CLOSE,PENDING,
2026-08-15|dearica hamby|los angeles sparks @ washington mystics|ra|under|2026-08-15T19:03:50.105082+00:00|0.40623,2026-08-15|dearica hamby|los angeles sparks @ washington mystics|ra|under,2026-08-15T19:03:50.105082+00:00,2026-08-15,Los Angeles Sparks @ Washington Mystics,Dearica Hamby,RA,UNDER,9.5,-138.0,DraftKings,0.579832,0.40623,0ec02a66d418b219c284d5b6,2026-08-15T23:18:13.480422+00:00,11.78,9.5,-122.0,DraftKings,draftkings,player_rebounds_assists,0.54955,0.0,-0.030282,-0.030282,-0.14332,True,True,EXPLICIT_SAME_BOOK_CLOSE,PENDING,
2026-08-15|dearica hamby|los angeles sparks @ washington mystics|ra|under|2026-08-15T19:42:05.879517+00:00|0.40623,2026-08-15|dearica hamby|los angeles sparks @ washington mystics|ra|under,2026-08-15T19:42:05.879517+00:00,2026-08-15,Los Angeles Sparks @ Washington Mystics,Dearica Hamby,RA,UNDER,9.5,-138.0,DraftKings,0.579832,0.40623,0ec02a66d418b219c284d5b6,2026-08-15T23:18:13.480422+00:00,11.78,9.5,-122.0,DraftKings,draftkings,player_rebounds_assists,0.54955,0.0,-0.030282,-0.030282,-0.14332,True,True,EXPLICIT_SAME_BOOK_CLOSE,PENDING,
2026-08-15|dearica hamby|los angeles sparks @ washington mystics|ra|under|2026-08-15T19:56:46.104978+00:00|0.40623,2026-08-15|dearica hamby|los angeles sparks @ washington mystics|ra|under,2026-08-15T19:56:46.104978+00:00,2026-08-15,Los Angeles Sparks @ Washington Mystics,Dearica Hamby,RA,UNDER,9.5,-138.0,DraftKings,0.579832,0.40623,0ec02a66d418b219c284d5b6,2026-08-15T23:18:13.480422+00:00,11.78,9.5,-122.0,DraftKings,draftkings,player_rebounds_assists,0.54955,0.0,-0.030282,-0.030282,-0.14332,True,True,EXPLICIT_SAME_BOOK_CLOSE,PENDING,
2026-08-15|dearica hamby|los angeles sparks @ washington mystics|ra|under|2026-08-15T20:39:13.403881+00:00|0.40623,2026-08-15|dearica hamby|los angeles sparks @ washington mystics|ra|under,2026-08-15T20:39:13.403881+00:00,2026-08-15,Los Angeles Sparks @ Washington Mystics,Dearica Hamby,RA,UNDER,9.5,-138.0,DraftKings,0.579832,0.40623,0ec02a66d418b219c284d5b6,2026-08-15T23:18:13.480422+00:00,11.78,9.5,-122.0,DraftKings,draftkings,player_rebounds_assists,0.54955,0.0,-0.030282,-0.030282,-0.14332,True,True,EXPLICIT_SAME_BOOK_CLOSE,PENDING,
2026-08-15|dearica hamby|los angeles sparks @ washington mystics|ra|under|2026-08-15T21:00:13.752588+00:00|0.40623,2026-08-15|dearica hamby|los angeles sparks @ washington mystics|ra|under,2026-08-15T21:00:13.752588+00:00,2026-08-15,Los Angeles Sparks @ Washington Mystics,Dearica Hamby,RA,UNDER,9.5,-138.0,DraftKings,0.579832,0.40623,0ec02a66d418b219c284d5b6,2026-08-15T23:18:13.480422+00:00,11.78,9.5,-122.0,DraftKings,draftkings,player_rebounds_assists,0.54955,0.0,-0.030282,-0.030282,-0.14332,True,True,EXPLICIT_SAME_BOOK_CLOSE,PENDING,
2026-08-15|dearica hamby|los angeles sparks @ washington mystics|ra|under|2026-08-15T21:35:34.997167+00:00|0.40623,2026-08-15|dearica hamby|los angeles sparks @ washington mystics|ra|under,2026-08-15T21:35:34.997167+00:00,2026-08-15,Los Angeles Sparks @ Washington Mystics,Dearica Hamby,RA,UNDER,9.5,-138.0,DraftKings,0.579832,0.40623,0ec02a66d418b219c284d5b6,2026-08-15T23:18:13.480422+00:00,11.78,9.5,-122.0,DraftKings,draftkings,player_rebounds_assists,0.54955,0.0,-0.030282,-0.030282,-0.14332,True,True,EXPLICIT_SAME_BOOK_CLOSE,PENDING,
2026-08-15|dearica hamby|los angeles sparks @ washington mystics|ra|under|2026-08-15T21:58:02.208346+00:00|0.40623,2026-08-15|dearica hamby|los angeles sparks @ washington mystics|ra|under,2026-08-15T21:58:02.208346+00:00,2026-08-15,Los Angeles Sparks @ Washington Mystics,Dearica Hamby,RA,UNDER,9.5,-138.0,DraftKings,0.579832,0.40623,0ec02a66d418b219c284d5b6,2026-08-15T23:18:13.480422+00:00,11.78,9.5,-122.0,DraftKings,draftkings,player_rebounds_assists,0.54955,0.0,-0.030282,-0.030282,-0.14332,True,True,EXPLICIT_SAME_BOOK_CLOSE,PENDING,
2026-08-15|dearica hamby|los angeles sparks @ washington mystics|ra|under|2026-08-15T22:38:43.785968+00:00|0.40623,2026-08-15|dearica hamby|los angeles sparks @ washington mystics|ra|under,2026-08-15T22:38:43.785968+00:00,2026-08-15,Los Angeles Sparks @ Washington Mystics,Dearica Hamby,RA,UNDER,9.5,-138.0,DraftKings,0.579832,0.40623,0ec02a66d418b219c284d5b6,2026-08-15T23:18:13.480422+00:00,11.78,9.5,-122.0,DraftKings,draftkings,player_rebounds_assists,0.54955,0.0,-0.030282,-0.030282,-0.14332,True,True,EXPLICIT_SAME_BOOK_CLOSE,PENDING,
2026-08-15|dearica hamby|los angeles sparks @ washington mystics|ra|under|2026-08-15T22:58:44.786860+00:00|0.40623,2026-08-15|dearica hamby|los angeles sparks @ washington mystics|ra|under,2026-08-15T22:58:44.786860+00:00,2026-08-15,Los Angeles Sparks @ Washington Mystics,Dearica Hamby,RA,UNDER,9.5,-138.0,DraftKings,0.579832,0.40623,0ec02a66d418b219c284d5b6,2026-08-15T23:18:13.480422+00:00,11.78,9.5,-122.0,DraftKings,draftkings,player_rebounds_assists,0.54955,0.0,-0.030282,-0.030282,-0.14332,True,True,EXPLICIT_SAME_BOOK_CLOSE,PENDING,
2026-08-15|dearica hamby|los angeles sparks @ washington mystics|ra|under|2026-08-15T23:40:58.015375+00:00|0.40623,2026-08-15|dearica hamby|los angeles sparks @ washington mystics|ra|under,2026-08-15T23:40:58.015375+00:00,2026-08-15,Los Angeles Sparks @ Washington Mystics,Dearica Hamby,RA,UNDER,9.5,-138.0,DraftKings,0.579832,0.40623,0ec02a66d418b219c284d5b6,2026-08-15T23:18:13.480422+00:00,11.78,9.5,-122.0,DraftKings,draftkings,player_rebounds_assists,0.54955,0.0,-0.030282,-0.030282,-0.14332,True,True,EXPLICIT_SAME_BOOK_CLOSE,PENDING,
2026-08-15|jonquel jones|new york liberty @ connecticut sun|ast|over|2026-08-15T10:59:30.272276+00:00|0.446936,2026-08-15|jonquel jones|new york liberty @ connecticut sun|ast|over,2026-08-15T10:59:30.272276+00:00,2026-08-15,New York Liberty @ Connecticut Sun,Jonquel Jones,AST,OVER,2.5,-165.0,BetRivers,0.622642,0.446936,898c9329a41594eed02bdb1f,2026-08-15T16:50:49.980706+00:00,9.17,2.5,-180.0,FanDuel,fanduel,player_assists,0.642857,0.0,0.020216,0.020216,-0.195921,False,True,EXPLICIT_MARKET_CLOSE,PENDING,
2026-08-15|jonquel jones|new york liberty @ connecticut sun|ast|over|2026-08-15T11:37:38.316341+00:00|0.44769,2026-08-15|jonquel jones|new york liberty @ connecticut sun|ast|over,2026-08-15T11:37:38.316341+00:00,2026-08-15,New York Liberty @ Connecticut Sun,Jonquel Jones,AST,OVER,2.5,-159.0,BetRivers,0.6139,0.44769,898c9329a41594eed02bdb1f,2026-08-15T16:50:49.980706+00:00,9.17,2.5,-180.0,FanDuel,fanduel,player_assists,0.642857,0.0,0.028958,0.028958,-0.195167,False,True,EXPLICIT_MARKET_CLOSE,PENDING,
2026-08-15|jonquel jones|new york liberty @ connecticut sun|ast|over|2026-08-15T11:57:22.075495+00:00|0.44769,2026-08-15|jonquel jones|new york liberty @ connecticut sun|ast|over,2026-08-15T11:57:22.075495+00:00,2026-08-15,New York Liberty @ Connecticut Sun,Jonquel Jones,AST,OVER,2.5,-159.0,BetRivers,0.6139,0.44769,898c9329a41594eed02bdb1f,2026-08-15T16:50:49.980706+00:00,9.17,2.5,-180.0,FanDuel,fanduel,player_assists,0.642857,0.0,0.028958,0.028958,-0.195167,False,True,EXPLICIT_MARKET_CLOSE,PENDING,
2026-08-15|jonquel jones|new york liberty @ connecticut sun|ast|over|2026-08-15T12:59:45.246898+00:00|0.44814,2026-08-15|jonquel jones|new york liberty @ connecticut sun|ast|over,2026-08-15T12:59:45.246898+00:00,2026-08-15,New York Liberty @ Connecticut Sun,Jonquel Jones,AST,OVER,2.5,-157.0,BetRivers,0.610895,0.44814,898c9329a41594eed02bdb1f,2026-08-15T16:50:49.980706+00:00,9.17,2.5,-180.0,FanDuel,fanduel,player_assists,0.642857,0.0,0.031962,0.031962,-0.194717,False,True,EXPLICIT_MARKET_CLOSE,PENDING,
2026-08-15|jonquel jones|new york liberty @ connecticut sun|ast|over|2026-08-15T13:19:00.048599+00:00|0.44769,2026-08-15|jonquel jones|new york liberty @ connecticut sun|ast|over,2026-08-15T13:19:00.048599+00:00,2026-08-15,New York Liberty @ Connecticut Sun,Jonquel Jones,AST,OVER,2.5,-159.0,BetRivers,0.6139,0.44769,898c9329a41594eed02bdb1f,2026-08-15T16:50:49.980706+00:00,9.17,2.5,-180.0,FanDuel,fanduel,player_assists,0.642857,0.0,0.028958,0.028958,-0.195167,False,True,EXPLICIT_MARKET_CLOSE,PENDING,
2026-08-15|jonquel jones|new york liberty @ connecticut sun|ast|over|2026-08-15T14:00:20.819656+00:00|0.44814,2026-08-15|jonquel jones|new york liberty @ connecticut sun|ast|over,2026-08-15T14:00:20.819656+00:00,2026-08-15,New York Liberty @ Connecticut Sun,Jonquel Jones,AST,OVER,2.5,-157.0,BetRivers,0.610895,0.44814,898c9329a41594eed02bdb1f,2026-08-15T16:50:49.980706+00:00,9.17,2.5,-180.0,FanDuel,fanduel,player_assists,0.642857,0.0,0.031962,0.031962,-0.194717,False,True,EXPLICIT_MARKET_CLOSE,PENDING,
2026-08-15|jonquel jones|new york liberty @ connecticut sun|ast|over|2026-08-15T14:39:33.056630+00:00|0.44814,2026-08-15|jonquel jones|new york liberty @ connecticut sun|ast|over,2026-08-15T14:39:33.056630+00:00,2026-08-15,New York Liberty @ Connecticut Sun,Jonquel Jones,AST,OVER,2.5,-157.0,BetRivers,0.610895,0.44814,898c9329a41594eed02bdb1f,2026-08-15T16:50:49.980706+00:00,9.17,2.5,-180.0,FanDuel,fanduel,player_assists,0.642857,0.0,0.031962,0.031962,-0.194717,False,True,EXPLICIT_MARKET_CLOSE,PENDING,
2026-08-15|jonquel jones|new york liberty @ connecticut sun|ast|over|2026-08-15T15:00:16.446702+00:00|0.44814,2026-08-15|jonquel jones|new york liberty @ connecticut sun|ast|over,2026-08-15T15:00:16.446702+00:00,2026-08-15,New York Liberty @ Connecticut Sun,Jonquel Jones,AST,OVER,2.5,-157.0,BetRivers,0.610895,0.44814,898c9329a41594eed02bdb1f,2026-08-15T16:50:49.980706+00:00,9.17,2.5,-180.0,FanDuel,fanduel,player_assists,0.642857,0.0,0.031962,0.031962,-0.194717,False,True,EXPLICIT_MARKET_CLOSE,PENDING,
2026-08-15|jonquel jones|new york liberty @ connecticut sun|ast|over|2026-08-15T15:00:16.446702+00:00|0.293627,2026-08-15|jonquel jones|new york liberty @ connecticut sun|ast|over,2026-08-15T15:00:16.446702+00:00,2026-08-15,New York Liberty @ Connecticut Sun,Jonquel Jones,AST,OVER,3.5,134.0,BetOnline.ag,0.42735,0.293627,898c9329a41594eed02bdb1f,2026-08-15T16:50:49.980706+00:00,9.17,2.5,-180.0,FanDuel,fanduel,player_assists,0.642857,-1.0,0.215507,0.215507,-0.34923,False,False,EXPLICIT_MARKET_CLOSE,PENDING,
2026-08-15|jonquel jones|new york liberty @ connecticut sun|ast|over|2026-08-15T15:56:41.397541+00:00|0.447207,2026-08-15|jonquel jones|new york liberty @ connecticut sun|ast|over,2026-08-15T15:56:41.397541+00:00,2026-08-15,New York Liberty @ Connecticut Sun,Jonquel Jones,AST,OVER,2.5,-162.0,BetRivers,0.618321,0.447207,898c9329a41594eed02bdb1f,2026-08-15T16:50:49.980706+00:00,9.17,2.5,-180.0,FanDuel,fanduel,player_assists,0.642857,0.0,0.024537,0.024537,-0.19565,False,True,EXPLICIT_MARKET_CLOSE,PENDING,
2026-08-15|jonquel jones|new york liberty @ connecticut sun|ast|over|2026-08-15T16:40:58.435903+00:00|0.447207,2026-08-15|jonquel jones|new york liberty @ connecticut sun|ast|over,2026-08-15T16:40:58.435903+00:00,2026-08-15,New York Liberty @ Connecticut Sun,Jonquel Jones,AST,OVER,2.5,-162.0,BetRivers,0.618321,0.447207,898c9329a41594eed02bdb1f,2026-08-15T16:50:49.980706+00:00,9.17,2.5,-180.0,FanDuel,fanduel,player_assists,0.642857,0.0,0.024537,0.024537,-0.19565,False,True,EXPLICIT_MARKET_CLOSE,PENDING,
2026-08-15|jonquel jones|new york liberty @ connecticut sun|ast|over|2026-08-15T16:59:57.449708+00:00|0.446868,2026-08-15|jonquel jones|new york liberty @ connecticut sun|ast|over,2026-08-15T16:59:57.449708+00:00,2026-08-15,New York Liberty @ Connecticut Sun,Jonquel Jones,AST,OVER,2.5,-169.0,BetOnline.ag,0.628253,0.446868,898c9329a41594eed02bdb1f,2026-08-15T16:50:49.980706+00:00,9.17,2.5,-180.0,FanDuel,fanduel,player_assists,0.642857,0.0,0.014604,0.014604,-0.195989,False,True,EXPLICIT_MARKET_CLOSE,PENDING,
2026-08-15|jonquel jones|new york liberty @ connecticut sun|ast|over|2026-08-15T17:36:49.057441+00:00|0.446868,2026-08-15|jonquel jones|new york liberty @ connecticut sun|ast|over,2026-08-15T17:36:49.057441+00:00,2026-08-15,New York Liberty @ Connecticut Sun,Jonquel Jones,AST,OVER,2.5,-169.0,BetOnline.ag,0.628253,0.446868,898c9329a41594eed02bdb1f,2026-08-15T16:50:49.980706+00:00,9.17,2.5,-180.0,FanDuel,fanduel,player_assists,0.642857,0.0,0.014604,0.014604,-0.195989,False,True,EXPLICIT_MARKET_CLOSE,PENDING,
2026-08-15|jonquel jones|new york liberty @ connecticut sun|ast|over|2026-08-15T17:58:18.784460+00:00|0.446868,2026-08-15|jonquel jones|new york liberty @ connecticut sun|ast|over,2026-08-15T17:58:18.784460+00:00,2026-08-15,New York Liberty @ Connecticut Sun,Jonquel Jones,AST,OVER,2.5,-169.0,BetOnline.ag,0.628253,0.446868,898c9329a41594eed02bdb1f,2026-08-15T16:50:49.980706+00:00,9.17,2.5,-180.0,FanDuel,fanduel,player_assists,0.642857,0.0,0.014604,0.014604,-0.195989,False,True,EXPLICIT_MARKET_CLOSE,PENDING,
2026-08-15|jonquel jones|new york liberty @ connecticut sun|ast|over|2026-08-15T18:48:26.623952+00:00|0.446868,2026-08-15|jonquel jones|new york liberty @ connecticut sun|ast|over,2026-08-15T18:48:26.623952+00:00,2026-08-15,New York Liberty @ Connecticut Sun,Jonquel Jones,AST,OVER,2.5,-169.0,BetOnline.ag,0.628253,0.446868,898c9329a41594eed02bdb1f,2026-08-15T16:50:49.980706+00:00,9.17,2.5,-180.0,FanDuel,fanduel,player_assists,0.642857,0.0,0.014604,0.014604,-0.195989,False,True,EXPLICIT_MARKET_CLOSE,PENDING,
2026-08-15|jonquel jones|new york liberty @ connecticut sun|ast|over|2026-08-15T19:03:50.105082+00:00|0.446868,2026-08-15|jonquel jones|new york liberty @ connecticut sun|ast|over,2026-08-15T19:03:50.105082+00:00,2026-08-15,New York Liberty @ Connecticut Sun,Jonquel Jones,AST,OVER,2.5,-169.0,BetOnline.ag,0.628253,0.446868,898c9329a41594eed02bdb1f,2026-08-15T16:50:49.980706+00:00,9.17,2.5,-180.0,FanDuel,fanduel,player_assists,0.642857,0.0,0.014604,0.014604,-0.195989,False,True,EXPLICIT_MARKET_CLOSE,PENDING,
2026-08-15|jonquel jones|new york liberty @ connecticut sun|ast|over|2026-08-15T19:42:05.879517+00:00|0.446868,2026-08-15|jonquel jones|new york liberty @ connecticut sun|ast|over,2026-08-15T19:42:05.879517+00:00,2026-08-15,New York Liberty @ Connecticut Sun,Jonquel Jones,AST,OVER,2.5,-169.0,BetOnline.ag,0.628253,0.446868,898c9329a41594eed02bdb1f,2026-08-15T16:50:49.980706+00:00,9.17,2.5,-180.0,FanDuel,fanduel,player_assists,0.642857,0.0,0.014604,0.014604,-0.195989,False,True,EXPLICIT_MARKET_CLOSE,PENDING,
2026-08-15|jonquel jones|new york liberty @ connecticut sun|ast|over|2026-08-15T19:56:46.104978+00:00|0.446868,2026-08-15|jonquel jones|new york liberty @ connecticut sun|ast|over,2026-08-15T19:56:46.104978+00:00,2026-08-15,New York Liberty @ Connecticut Sun,Jonquel Jones,AST,OVER,2.5,-169.0,BetOnline.ag,0.628253,0.446868,898c9329a41594eed02bdb1f,2026-08-15T16:50:49.980706+00:00,9.17,2.5,-180.0,FanDuel,fanduel,player_assists,0.642857,0.0,0.014604,0.014604,-0.195989,False,True,EXPLICIT_MARKET_CLOSE,PENDING,
2026-08-15|jonquel jones|new york liberty @ connecticut sun|ast|over|2026-08-15T20:39:13.403881+00:00|0.446868,2026-08-15|jonquel jones|new york liberty @ connecticut sun|ast|over,2026-08-15T20:39:13.403881+00:00,2026-08-15,New York Liberty @ Connecticut Sun,Jonquel Jones,AST,OVER,2.5,-169.0,BetOnline.ag,0.628253,0.446868,898c9329a41594eed02bdb1f,2026-08-15T16:50:49.980706+00:00,9.17,2.5,-180.0,FanDuel,fanduel,player_assists,0.642857,0.0,0.014604,0.014604,-0.195989,False,True,EXPLICIT_MARKET_CLOSE,PENDING,
2026-08-15|jonquel jones|new york liberty @ connecticut sun|ast|under|2026-08-15T10:59:30.272276+00:00|0.264719,2026-08-15|jonquel jones|new york liberty @ connecticut sun|ast|under,2026-08-15T10:59:30.272276+00:00,2026-08-15,New York Liberty @ Connecticut Sun,Jonquel Jones,AST,UNDER,2.5,134.0,FanDuel,0.42735,0.264719,881c9dab24713eb5be17c409,2026-08-15T16:50:49.980706+00:00,9.17,2.5,134.0,FanDuel,fanduel,player_assists,0.42735,0.0,0.0,0.0,-0.162631,True,True,EXPLICIT_SAME_BOOK_CLOSE,PENDING,
2026-08-15|jonquel jones|new york liberty @ connecticut sun|ast|under|2026-08-15T11:37:38.316341+00:00|0.264719,2026-08-15|jonquel jones|new york liberty @ connecticut sun|ast|under,2026-08-15T11:37:38.316341+00:00,2026-08-15,New York Liberty @ Connecticut Sun,Jonquel Jones,AST,UNDER,2.5,134.0,FanDuel,0.42735,0.264719,881c9dab24713eb5be17c409,2026-08-15T16:50:49.980706+00:00,9.17,2.5,134.0,FanDuel,fanduel,player_assists,0.42735,0.0,0.0,0.0,-0.162631,True,True,EXPLICIT_SAME_BOOK_CLOSE,PENDING,
2026-08-15|jonquel jones|new york liberty @ connecticut sun|ast|under|2026-08-15T11:57:22.075495+00:00|0.264719,2026-08-15|jonquel jones|new york liberty @ connecticut sun|ast|under,2026-08-15T11:57:22.075495+00:00,2026-08-15,New York Liberty @ Connecticut Sun,Jonquel Jones,AST,UNDER,2.5,134.0,FanDuel,0.42735,0.264719,881c9dab24713eb5be17c409,2026-08-15T16:50:49.980706+00:00,9.17,2.5,134.0,FanDuel,fanduel,player_assists,0.42735,0.0,0.0,0.0,-0.162631,True,True,EXPLICIT_SAME_BOOK_CLOSE,PENDING,
2026-08-15|jonquel jones|new york liberty @ connecticut sun|ast|under|2026-08-15T12:59:45.246898+00:00|0.264719,2026-08-15|jonquel jones|new york liberty @ connecticut sun|ast|under,2026-08-15T12:59:45.246898+00:00,2026-08-15,New York Liberty @ Connecticut Sun,Jonquel Jones,AST,UNDER,2.5,134.0,FanDuel,0.42735,0.264719,881c9dab24713eb5be17c409,2026-08-15T16:50:49.980706+00:00,9.17,2.5,134.0,FanDuel,fanduel,player_assists,0.42735,0.0,0.0,0.0,-0.162631,True,True,EXPLICIT_SAME_BOOK_CLOSE,PENDING,
2026-08-15|jonquel jones|new york liberty @ connecticut sun|ast|under|2026-08-15T13:19:00.048599+00:00|0.264719,2026-08-15|jonquel jones|new york liberty @ connecticut sun|ast|under,2026-08-15T13:19:00.048599+00:00,2026-08-15,New York Liberty @ Connecticut Sun,Jonquel Jones,AST,UNDER,2.5,134.0,FanDuel,0.42735,0.264719,881c9dab24713eb5be17c409,2026-08-15T16:50:49.980706+00:00,9.17,2.5,134.0,FanDuel,fanduel,player_assists,0.42735,0.0,0.0,0.0,-0.162631,True,True,EXPLICIT_SAME_BOOK_CLOSE,PENDING,
2026-08-15|jonquel jones|new york liberty @ connecticut sun|ast|under|2026-08-15T14:00:20.819656+00:00|0.264719,2026-08-15|jonquel jones|new york liberty @ connecticut sun|ast|under,2026-08-15T14:00:20.819656+00:00,2026-08-15,New York Liberty @ Connecticut Sun,Jonquel Jones,AST,UNDER,2.5,134.0,FanDuel,0.42735,0.264719,881c9dab24713eb5be17c409,2026-08-15T16:50:49.980706+00:00,9.17,2.5,134.0,FanDuel,fanduel,player_assists,0.42735,0.0,0.0,0.0,-0.162631,True,True,EXPLICIT_SAME_BOOK_CLOSE,PENDING,
2026-08-15|jonquel jones|new york liberty @ connecticut sun|ast|under|2026-08-15T14:39:33.056630+00:00|0.264719,2026-08-15|jonquel jones|new york liberty @ connecticut sun|ast|under,2026-08-15T14:39:33.056630+00:00,2026-08-15,New York Liberty @ Connecticut Sun,Jonquel Jones,AST,UNDER,2.5,134.0,FanDuel,0.42735,0.264719,881c9dab24713eb5be17c409,2026-08-15T16:50:49.980706+00:00,9.17,2.5,134.0,FanDuel,fanduel,player_assists,0.42735,0.0,0.0,0.0,-0.162631,True,True,EXPLICIT_SAME_BOOK_CLOSE,PENDING,
2026-08-15|jonquel jones|new york liberty @ connecticut sun|ast|under|2026-08-15T15:00:16.446702+00:00|0.264719,2026-08-15|jonquel jones|new york liberty @ connecticut sun|ast|under,2026-08-15T15:00:16.446702+00:00,2026-08-15,New York Liberty @ Connecticut Sun,Jonquel Jones,AST,UNDER,2.5,134.0,FanDuel,0.42735,0.264719,881c9dab24713eb5be17c409,2026-08-15T16:50:49.980706+00:00,9.17,2.5,134.0,FanDuel,fanduel,player_assists,0.42735,0.0,0.0,0.0,-0.162631,True,True,EXPLICIT_SAME_BOOK_CLOSE,PENDING,
2026-08-15|jonquel jones|new york liberty @ connecticut sun|ast|under|2026-08-15T15:00:16.446702+00:00|0.386654,2026-08-15|jonquel jones|new york liberty @ connecticut sun|ast|under,2026-08-15T15:00:16.446702+00:00,2026-08-15,New York Liberty @ Connecticut Sun,Jonquel Jones,AST,UNDER,3.5,-170.0,DraftKings,0.62963,0.386654,c0881e0a854522069bcf8ded,2026-08-15T16:50:49.980706+00:00,9.17,2.5,128.0,DraftKings,draftkings,player_assists,0.438596,1.0,-0.191033,-0.191033,-0.051942,True,False,EXPLICIT_SAME_BOOK_CLOSE,PENDING,
2026-08-15|jonquel jones|new york liberty @ connecticut sun|ast|under|2026-08-15T15:56:41.397541+00:00|0.264719,2026-08-15|jonquel jones|new york liberty @ connecticut sun|ast|under,2026-08-15T15:56:41.397541+00:00,2026-08-15,New York Liberty @ Connecticut Sun,Jonquel Jones,AST,UNDER,2.5,134.0,FanDuel,0.42735,0.264719,881c9dab24713eb5be17c409,2026-08-15T16:50:49.980706+00:00,9.17,2.5,134.0,FanDuel,fanduel,player_assists,0.42735,0.0,0.0,0.0,-0.162631,True,True,EXPLICIT_SAME_BOOK_CLOSE,PENDING,
2026-08-15|jonquel jones|new york liberty @ connecticut sun|ast|under|2026-08-15T16:40:58.435903+00:00|0.264719,2026-08-15|jonquel jones|new york liberty @ connecticut sun|ast|under,2026-08-15T16:40:58.435903+00:00,2026-08-15,New York Liberty @ Connecticut Sun,Jonquel Jones,AST,UNDER,2.5,134.0,FanDuel,0.42735,0.264719,881c9dab24713eb5be17c409,2026-08-15T16:50:49.980706+00:00,9.17,2.5,134.0,FanDuel,fanduel,player_assists,0.42735,0.0,0.0,0.0,-0.162631,True,True,EXPLICIT_SAME_BOOK_CLOSE,PENDING,
2026-08-15|jonquel jones|new york liberty @ connecticut sun|ast|under|2026-08-15T16:59:57.449708+00:00|0.264719,2026-08-15|jonquel jones|new york liberty @ connecticut sun|ast|under,2026-08-15T16:59:57.449708+00:00,2026-08-15,New York Liberty @ Connecticut Sun,Jonquel Jones,AST,UNDER,2.5,134.0,FanDuel,0.42735,0.264719,881c9dab24713eb5be17c409,2026-08-15T16:50:49.980706+00:00,9.17,2.5,134.0,FanDuel,fanduel,player_assists,0.42735,0.0,0.0,0.0,-0.162631,True,True,EXPLICIT_SAME_BOOK_CLOSE,PENDING,
2026-08-15|jonquel jones|new york liberty @ connecticut sun|ast|under|2026-08-15T17:36:49.057441+00:00|0.264719,2026-08-15|jonquel jones|new york liberty @ connecticut sun|ast|under,2026-08-15T17:36:49.057441+00:00,2026-08-15,New York Liberty @ Connecticut Sun,Jonquel Jones,AST,UNDER,2.5,134.0,FanDuel,0.42735,0.264719,881c9dab24713eb5be17c409,2026-08-15T16:50:49.980706+00:00,9.17,2.5,134.0,FanDuel,fanduel,player_assists,0.42735,0.0,0.0,0.0,-0.162631,True,True,EXPLICIT_SAME_BOOK_CLOSE,PENDING,
2026-08-15|jonquel jones|new york liberty @ connecticut sun|ast|under|2026-08-15T17:58:18.784460+00:00|0.264719,2026-08-15|jonquel jones|new york liberty @ connecticut sun|ast|under,2026-08-15T17:58:18.784460+00:00,2026-08-15,New York Liberty @ Connecticut Sun,Jonquel Jones,AST,UNDER,2.5,134.0,FanDuel,0.42735,0.264719,881c9dab24713eb5be17c409,2026-08-15T16:50:49.980706+00:00,9.17,2.5,134.0,FanDuel,fanduel,player_assists,0.42735,0.0,0.0,0.0,-0.162631,True,True,EXPLICIT_SAME_BOOK_CLOSE,PENDING,
2026-08-15|jonquel jones|new york liberty @ connecticut sun|ast|under|2026-08-15T18:48:26.623952+00:00|0.264719,2026-08-15|jonquel jones|new york liberty @ connecticut sun|ast|under,2026-08-15T18:48:26.623952+00:00,2026-08-15,New York Liberty @ Connecticut Sun,Jonquel Jones,AST,UNDER,2.5,134.0,FanDuel,0.42735,0.264719,881c9dab24713eb5be17c409,2026-08-15T16:50:49.980706+00:00,9.17,2.5,134.0,FanDuel,fanduel,player_assists,0.42735,0.0,0.0,0.0,-0.162631,True,True,EXPLICIT_SAME_BOOK_CLOSE,PENDING,
2026-08-15|jonquel jones|new york liberty @ connecticut sun|ast|under|2026-08-15T19:03:50.105082+00:00|0.264719,2026-08-15|jonquel jones|new york liberty @ connecticut sun|ast|under,2026-08-15T19:03:50.105082+00:00,2026-08-15,New York Liberty @ Connecticut Sun,Jonquel Jones,AST,UNDER,2.5,134.0,FanDuel,0.42735,0.264719,881c9dab24713eb5be17c409,2026-08-15T16:50:49.980706+00:00,9.17,2.5,134.0,FanDuel,fanduel,player_assists,0.42735,0.0,0.0,0.0,-0.162631,True,True,EXPLICIT_SAME_BOOK_CLOSE,PENDING,
2026-08-15|jonquel jones|new york liberty @ connecticut sun|ast|under|2026-08-15T19:42:05.879517+00:00|0.264719,2026-08-15|jonquel jones|new york liberty @ connecticut sun|ast|under,2026-08-15T19:42:05.879517+00:00,2026-08-15,New York Liberty @ Connecticut Sun,Jonquel Jones,AST,UNDER,2.5,134.0,FanDuel,0.42735,0.264719,881c9dab24713eb5be17c409,2026-08-15T16:50:49.980706+00:00,9.17,2.5,134.0,FanDuel,fanduel,player_assists,0.42735,0.0,0.0,0.0,-0.162631,True,True,EXPLICIT_SAME_BOOK_CLOSE,PENDING,
2026-08-15|jonquel jones|new york liberty @ connecticut sun|ast|under|2026-08-15T19:56:46.104978+00:00|0.264719,2026-08-15|jonquel jones|new york liberty @ connecticut sun|ast|under,2026-08-15T19:56:46.104978+00:00,2026-08-15,New York Liberty @ Connecticut Sun,Jonquel Jones,AST,UNDER,2.5,134.0,FanDuel,0.42735,0.264719,881c9dab24713eb5be17c409,2026-08-15T16:50:49.980706+00:00,9.17,2.5,134.0,FanDuel,fanduel,player_assists,0.42735,0.0,0.0,0.0,-0.162631,True,True,EXPLICIT_SAME_BOOK_CLOSE,PENDING,
2026-08-15|jonquel jones|new york liberty @ connecticut sun|ast|under|2026-08-15T20:39:13.403881+00:00|0.264719,2026-08-15|jonquel jones|new york liberty @ connecticut sun|ast|under,2026-08-15T20:39:13.403881+00:00,2026-08-15,New York Liberty @ Connecticut Sun,Jonquel Jones,AST,UNDER,2.5,134.0,FanDuel,0.42735,0.264719,881c9dab24713eb5be17c409,2026-08-15T16:50:49.980706+00:00,9.17,2.5,134.0,FanDuel,fanduel,player_assists,0.42735,0.0,0.0,0.0,-0.162631,True,True,EXPLICIT_SAME_BOOK_CLOSE,PENDING,
2026-08-15|nneka ogwumike|los angeles sparks @ washington mystics|ast|over|2026-08-15T10:59:30.272276+00:00|0.519987,2026-08-15|nneka ogwumike|los angeles sparks @ washington mystics|ast|over,2026-08-15T10:59:30.272276+00:00,2026-08-15,Los Angeles Sparks @ Washington Mystics,Nneka Ogwumike,AST,OVER,2.5,-177.0,BetRivers,0.638989,0.519987,5d4aee2ac24fa088edae3ad1,2026-08-15T23:18:13.480422+00:00,11.78,3.5,132.0,FanDuel,fanduel,player_assists,0.431034,1.0,-0.207955,-0.207955,0.088953,False,False,EXPLICIT_MARKET_CLOSE,PENDING,
2026-08-15|nneka ogwumike|los angeles sparks @ washington mystics|ast|over|2026-08-15T10:59:30.272276+00:00|0.35629,2026-08-15|nneka ogwumike|los angeles sparks @ washington mystics|ast|over,2026-08-15T10:59:30.272276+00:00,2026-08-15,Los Angeles Sparks @ Washington Mystics,Nneka Ogwumike,AST,OVER,3.5,134.0,FanDuel,0.42735,0.35629,5d4aee2ac24fa088edae3ad1,2026-08-15T23:18:13.480422+00:00,11.78,3.5,132.0,FanDuel,fanduel,player_assists,0.431034,0.0,0.003684,0.003684,-0.074744,True,True,EXPLICIT_SAME_BOOK_CLOSE,PENDING,
2026-08-15|nneka ogwumike|los angeles sparks @ washington mystics|ast|over|2026-08-15T11:37:38.316341+00:00|0.520233,2026-08-15|nneka ogwumike|los angeles sparks @ washington mystics|ast|over,2026-08-15T11:37:38.316341+00:00,2026-08-15,Los Angeles Sparks @ Washington Mystics,Nneka Ogwumike,AST,OVER,2.5,-175.0,BetRivers,0.636364,0.520233,5d4aee2ac24fa088edae3ad1,2026-08-15T23:18:13.480422+00:00,11.78,3.5,132.0,FanDuel,fanduel,player_assists,0.431034,1.0,-0.205329,-0.205329,0.089199,False,False,EXPLICIT_MARKET_CLOSE,PENDING,
2026-08-15|nneka ogwumike|los angeles sparks @ washington mystics|ast|over|2026-08-15T11:37:38.316341+00:00|0.35629,2026-08-15|nneka ogwumike|los angeles sparks @ washington mystics|ast|over,2026-08-15T11:37:38.316341+00:00,2026-08-15,Los Angeles Sparks @ Washington Mystics,Nneka Ogwumike,AST,OVER,3.5,134.0,FanDuel,0.42735,0.35629,5d4aee2ac24fa088edae3ad1,2026-08-15T23:18:13.480422+00:00,11.78,3.5,132.0,FanDuel,fanduel,player_assists,0.431034,0.0,0.003684,0.003684,-0.074744,True,True,EXPLICIT_SAME_BOOK_CLOSE,PENDING,
2026-08-15|nneka ogwumike|los angeles sparks @ washington mystics|ast|over|2026-08-15T11:57:22.075495+00:00|0.520233,2026-08-15|nneka ogwumike|los angeles sparks @ washington mystics|ast|over,2026-08-15T11:57:22.075495+00:00,2026-08-15,Los Angeles Sparks @ Washington Mystics,Nneka Ogwumike,AST,OVER,2.5,-175.0,BetRivers,0.636364,0.520233,5d4aee2ac24fa088edae3ad1,2026-08-15T23:18:13.480422+00:00,11.78,3.5,132.0,FanDuel,fanduel,player_assists,0.431034,1.0,-0.205329,-0.205329,0.089199,False,False,EXPLICIT_MARKET_CLOSE,PENDING,
2026-08-15|nneka ogwumike|los angeles sparks @ washington mystics|ast|over|2026-08-15T11:57:22.075495+00:00|0.35629,2026-08-15|nneka ogwumike|los angeles sparks @ washington mystics|ast|over,2026-08-15T11:57:22.075495+00:00,2026-08-15,Los Angeles Sparks @ Washington Mystics,Nneka Ogwumike,AST,OVER,3.5,134.0,FanDuel,0.42735,0.35629,5d4aee2ac24fa088edae3ad1,2026-08-15T23:18:13.480422+00:00,11.78,3.5,132.0,FanDuel,fanduel,player_assists,0.431034,0.0,0.003684,0.003684,-0.074744,True,True,EXPLICIT_SAME_BOOK_CLOSE,PENDING,
2026-08-15|nneka ogwumike|los angeles sparks @ washington mystics|ast|over|2026-08-15T12:59:45.246898+00:00|0.520233,2026-08-15|nneka ogwumike|los angeles sparks @ washington mystics|ast|over,2026-08-15T12:59:45.246898+00:00,2026-08-15,Los Angeles Sparks @ Washington Mystics,Nneka Ogwumike,AST,OVER,2.5,-175.0,BetRivers,0.636364,0.520233,5d4aee2ac24fa088edae3ad1,2026-08-15T23:18:13.480422+00:00,11.78,3.5,132.0,FanDuel,fanduel,player_assists,0.431034,1.0,-0.205329,-0.205329,0.089199,False,False,EXPLICIT_MARKET_CLOSE,PENDING,
2026-08-15|nneka ogwumike|los angeles sparks @ washington mystics|ast|over|2026-08-15T12:59:45.246898+00:00|0.35629,2026-08-15|nneka ogwumike|los angeles sparks @ washington mystics|ast|over,2026-08-15T12:59:45.246898+00:00,2026-08-15,Los Angeles Sparks @ Washington Mystics,Nneka Ogwumike,AST,OVER,3.5,134.0,FanDuel,0.42735,0.35629,5d4aee2ac24fa088edae3ad1,2026-08-15T23:18:13.480422+00:00,11.78,3.5,132.0,FanDuel,fanduel,player_assists,0.431034,0.0,0.003684,0.003684,-0.074744,True,True,EXPLICIT_SAME_BOOK_CLOSE,PENDING,
2026-08-15|nneka ogwumike|los angeles sparks @ washington mystics|ast|over|2026-08-15T13:19:00.048599+00:00|0.519987,2026-08-15|nneka ogwumike|los angeles sparks @ washington mystics|ast|over,2026-08-15T13:19:00.048599+00:00,2026-08-15,Los Angeles Sparks @ Washington Mystics,Nneka Ogwumike,AST,OVER,2.5,-177.0,BetRivers,0.638989,0.519987,5d4aee2ac24fa088edae3ad1,2026-08-15T23:18:13.480422+00:00,11.78,3.5,132.0,FanDuel,fanduel,player_assists,0.431034,1.0,-0.207955,-0.207955,0.088953,False,False,EXPLICIT_MARKET_CLOSE,PENDING,
2026-08-15|nneka ogwumike|los angeles sparks @ washington mystics|ast|over|2026-08-15T13:19:00.048599+00:00|0.35629,2026-08-15|nneka ogwumike|los angeles sparks @ washington mystics|ast|over,2026-08-15T13:19:00.048599+00:00,2026-08-15,Los Angeles Sparks @ Washington Mystics,Nneka Ogwumike,AST,OVER,3.5,134.0,FanDuel,0.42735,0.35629,5d4aee2ac24fa088edae3ad1,2026-08-15T23:18:13.480422+00:00,11.78,3.5,132.0,FanDuel,fanduel,player_assists,0.431034,0.0,0.003684,0.003684,-0.074744,True,True,EXPLICIT_SAME_BOOK_CLOSE,PENDING,
2026-08-15|nneka ogwumike|los angeles sparks @ washington mystics|ast|over|2026-08-15T14:00:20.819656+00:00|0.520233,2026-08-15|nneka ogwumike|los angeles sparks @ washington mystics|ast|over,2026-08-15T14:00:20.819656+00:00,2026-08-15,Los Angeles Sparks @ Washington Mystics,Nneka Ogwumike,AST,OVER,2.5,-175.0,BetRivers,0.636364,0.520233,5d4aee2ac24fa088edae3ad1,2026-08-15T23:18:13.480422+00:00,11.78,3.5,132.0,FanDuel,fanduel,player_assists,0.431034,1.0,-0.205329,-0.205329,0.089199,False,False,EXPLICIT_MARKET_CLOSE,PENDING,
2026-08-15|nneka ogwumike|los angeles sparks @ washington mystics|ast|over|2026-08-15T14:00:20.819656+00:00|0.35629,2026-08-15|nneka ogwumike|los angeles sparks @ washington mystics|ast|over,2026-08-15T14:00:20.819656+00:00,2026-08-15,Los Angeles Sparks @ Washington Mystics,Nneka Ogwumike,AST,OVER,3.5,134.0,FanDuel,0.42735,0.35629,5d4aee2ac24fa088edae3ad1,2026-08-15T23:18:13.480422+00:00,11.78,3.5,132.0,FanDuel,fanduel,player_assists,0.431034,0.0,0.003684,0.003684,-0.074744,True,True,EXPLICIT_SAME_BOOK_CLOSE,PENDING,
2026-08-15|nneka ogwumike|los angeles sparks @ washington mystics|ast|over|2026-08-15T14:39:33.056630+00:00|0.520233,2026-08-15|nneka ogwumike|los angeles sparks @ washington mystics|ast|over,2026-08-15T14:39:33.056630+00:00,2026-08-15,Los Angeles Sparks @ Washington Mystics,Nneka Ogwumike,AST,OVER,2.5,-175.0,BetRivers,0.636364,0.520233,5d4aee2ac24fa088edae3ad1,2026-08-15T23:18:13.480422+00:00,11.78,3.5,132.0,FanDuel,fanduel,player_assists,0.431034,1.0,-0.205329,-0.205329,0.089199,False,False,EXPLICIT_MARKET_CLOSE,PENDING,
2026-08-15|nneka ogwumike|los angeles sparks @ washington mystics|ast|over|2026-08-15T14:39:33.056630+00:00|0.35629,2026-08-15|nneka ogwumike|los angeles sparks @ washington mystics|ast|over,2026-08-15T14:39:33.056630+00:00,2026-08-15,Los Angeles Sparks @ Washington Mystics,Nneka Ogwumike,AST,OVER,3.5,134.0,FanDuel,0.42735,0.35629,5d4aee2ac24fa088edae3ad1,2026-08-15T23:18:13.480422+00:00,11.78,3.5,132.0,FanDuel,fanduel,player_assists,0.431034,0.0,0.003684,0.003684,-0.074744,True,True,EXPLICIT_SAME_BOOK_CLOSE,PENDING,
2026-08-15|nneka ogwumike|los angeles sparks @ washington mystics|ast|over|2026-08-15T15:00:16.446702+00:00|0.520233,2026-08-15|nneka ogwumike|los angeles sparks @ washington mystics|ast|over,2026-08-15T15:00:16.446702+00:00,2026-08-15,Los Angeles Sparks @ Washington Mystics,Nneka Ogwumike,AST,OVER,2.5,-175.0,BetRivers,0.636364,0.520233,5d4aee2ac24fa088edae3ad1,2026-08-15T23:18:13.480422+00:00,11.78,3.5,132.0,FanDuel,fanduel,player_assists,0.431034,1.0,-0.205329,-0.205329,0.089199,False,False,EXPLICIT_MARKET_CLOSE,PENDING,
2026-08-15|nneka ogwumike|los angeles sparks @ washington mystics|ast|over|2026-08-15T15:00:16.446702+00:00|0.35629,2026-08-15|nneka ogwumike|los angeles sparks @ washington mystics|ast|over,2026-08-15T15:00:16.446702+00:00,2026-08-15,Los Angeles Sparks @ Washington Mystics,Nneka Ogwumike,AST,OVER,3.5,134.0,FanDuel,0.42735,0.35629,5d4aee2ac24fa088edae3ad1,2026-08-15T23:18:13.480422+00:00,11.78,3.5,132.0,FanDuel,fanduel,player_assists,0.431034,0.0,0.003684,0.003684,-0.074744,True,True,EXPLICIT_SAME_BOOK_CLOSE,PENDING,
2026-08-15|nneka ogwumike|los angeles sparks @ washington mystics|ast|over|2026-08-15T15:56:41.397541+00:00|0.520233,2026-08-15|nneka ogwumike|los angeles sparks @ washington mystics|ast|over,2026-08-15T15:56:41.397541+00:00,2026-08-15,Los Angeles Sparks @ Washington Mystics,Nneka Ogwumike,AST,OVER,2.5,-175.0,BetRivers,0.636364,0.520233,5d4aee2ac24fa088edae3ad1,2026-08-15T23:18:13.480422+00:00,11.78,3.5,132.0,FanDuel,fanduel,player_assists,0.431034,1.0,-0.205329,-0.205329,0.089199,False,False,EXPLICIT_MARKET_CLOSE,PENDING,
2026-08-15|nneka ogwumike|los angeles sparks @ washington mystics|ast|over|2026-08-15T15:56:41.397541+00:00|0.35629,2026-08-15|nneka ogwumike|los angeles sparks @ washington mystics|ast|over,2026-08-15T15:56:41.397541+00:00,2026-08-15,Los Angeles Sparks @ Washington Mystics,Nneka Ogwumike,AST,OVER,3.5,134.0,FanDuel,0.42735,0.35629,5d4aee2ac24fa088edae3ad1,2026-08-15T23:18:13.480422+00:00,11.78,3.5,132.0,FanDuel,fanduel,player_assists,0.431034,0.0,0.003684,0.003684,-0.074744,True,True,EXPLICIT_SAME_BOOK_CLOSE,PENDING,
2026-08-15|nneka ogwumike|los angeles sparks @ washington mystics|ast|over|2026-08-15T16:40:58.435903+00:00|0.520233,2026-08-15|nneka ogwumike|los angeles sparks @ washington mystics|ast|over,2026-08-15T16:40:58.435903+00:00,2026-08-15,Los Angeles Sparks @ Washington Mystics,Nneka Ogwumike,AST,OVER,2.5,-175.0,BetRivers,0.636364,0.520233,5d4aee2ac24fa088edae3ad1,2026-08-15T23:18:13.480422+00:00,11.78,3.5,132.0,FanDuel,fanduel,player_assists,0.431034,1.0,-0.205329,-0.205329,0.089199,False,False,EXPLICIT_MARKET_CLOSE,PENDING,
2026-08-15|nneka ogwumike|los angeles sparks @ washington mystics|ast|over|2026-08-15T16:40:58.435903+00:00|0.35629,2026-08-15|nneka ogwumike|los angeles sparks @ washington mystics|ast|over,2026-08-15T16:40:58.435903+00:00,2026-08-15,Los Angeles Sparks @ Washington Mystics,Nneka Ogwumike,AST,OVER,3.5,134.0,FanDuel,0.42735,0.35629,5d4aee2ac24fa088edae3ad1,2026-08-15T23:18:13.480422+00:00,11.78,3.5,132.0,FanDuel,fanduel,player_assists,0.431034,0.0,0.003684,0.003684,-0.074744,True,True,EXPLICIT_SAME_BOOK_CLOSE,PENDING,
2026-08-15|nneka ogwumike|los angeles sparks @ washington mystics|ast|over|2026-08-15T16:59:57.449708+00:00|0.519987,2026-08-15|nneka ogwumike|los angeles sparks @ washington mystics|ast|over,2026-08-15T16:59:57.449708+00:00,2026-08-15,Los Angeles Sparks @ Washington Mystics,Nneka Ogwumike,AST,OVER,2.5,-177.0,BetRivers,0.638989,0.519987,5d4aee2ac24fa088edae3ad1,2026-08-15T23:18:13.480422+00:00,11.78,3.5,132.0,FanDuel,fanduel,player_assists,0.431034,1.0,-0.207955,-0.207955,0.088953,False,False,EXPLICIT_MARKET_CLOSE,PENDING,
2026-08-15|nneka ogwumike|los angeles sparks @ washington mystics|ast|over|2026-08-15T16:59:57.449708+00:00|0.35629,2026-08-15|nneka ogwumike|los angeles sparks @ washington mystics|ast|over,2026-08-15T16:59:57.449708+00:00,2026-08-15,Los Angeles Sparks @ Washington Mystics,Nneka Ogwumike,AST,OVER,3.5,134.0,FanDuel,0.42735,0.35629,5d4aee2ac24fa088edae3ad1,2026-08-15T23:18:13.480422+00:00,11.78,3.5,132.0,FanDuel,fanduel,player_assists,0.431034,0.0,0.003684,0.003684,-0.074744,True,True,EXPLICIT_SAME_BOOK_CLOSE,PENDING,
2026-08-15|nneka ogwumike|los angeles sparks @ washington mystics|ast|over|2026-08-15T17:36:49.057441+00:00|0.519987,2026-08-15|nneka ogwumike|los angeles sparks @ washington mystics|ast|over,2026-08-15T17:36:49.057441+00:00,2026-08-15,Los Angeles Sparks @ Washington Mystics,Nneka Ogwumike,AST,OVER,2.5,-177.0,BetRivers,0.638989,0.519987,5d4aee2ac24fa088edae3ad1,2026-08-15T23:18:13.480422+00:00,11.78,3.5,132.0,FanDuel,fanduel,player_assists,0.431034,1.0,-0.207955,-0.207955,0.088953,False,False,EXPLICIT_MARKET_CLOSE,PENDING,
2026-08-15|nneka ogwumike|los angeles sparks @ washington mystics|ast|over|2026-08-15T17:36:49.057441+00:00|0.35629,2026-08-15|nneka ogwumike|los angeles sparks @ washington mystics|ast|over,2026-08-15T17:36:49.057441+00:00,2026-08-15,Los Angeles Sparks @ Washington Mystics,Nneka Ogwumike,AST,OVER,3.5,134.0,FanDuel,0.42735,0.35629,5d4aee2ac24fa088edae3ad1,2026-08-15T23:18:13.480422+00:00,11.78,3.5,132.0,FanDuel,fanduel,player_assists,0.431034,0.0,0.003684,0.003684,-0.074744,True,True,EXPLICIT_SAME_BOOK_CLOSE,PENDING,
2026-08-15|nneka ogwumike|los angeles sparks @ washington mystics|ast|over|2026-08-15T17:58:18.784460+00:00|0.519987,2026-08-15|nneka ogwumike|los angeles sparks @ washington mystics|ast|over,2026-08-15T17:58:18.784460+00:00,2026-08-15,Los Angeles Sparks @ Washington Mystics,Nneka Ogwumike,AST,OVER,2.5,-177.0,BetRivers,0.638989,0.519987,5d4aee2ac24fa088edae3ad1,2026-08-15T23:18:13.480422+00:00,11.78,3.5,132.0,FanDuel,fanduel,player_assists,0.431034,1.0,-0.207955,-0.207955,0.088953,False,False,EXPLICIT_MARKET_CLOSE,PENDING,
2026-08-15|nneka ogwumike|los angeles sparks @ washington mystics|ast|over|2026-08-15T17:58:18.784460+00:00|0.35629,2026-08-15|nneka ogwumike|los angeles sparks @ washington mystics|ast|over,2026-08-15T17:58:18.784460+00:00,2026-08-15,Los Angeles Sparks @ Washington Mystics,Nneka Ogwumike,AST,OVER,3.5,134.0,FanDuel,0.42735,0.35629,5d4aee2ac24fa088edae3ad1,2026-08-15T23:18:13.480422+00:00,11.78,3.5,132.0,FanDuel,fanduel,player_assists,0.431034,0.0,0.003684,0.003684,-0.074744,True,True,EXPLICIT_SAME_BOOK_CLOSE,PENDING,
2026-08-15|nneka ogwumike|los angeles sparks @ washington mystics|ast|over|2026-08-15T18:48:26.623952+00:00|0.519987,2026-08-15|nneka ogwumike|los angeles sparks @ washington mystics|ast|over,2026-08-15T18:48:26.623952+00:00,2026-08-15,Los Angeles Sparks @ Washington Mystics,Nneka Ogwumike,AST,OVER,2.5,-177.0,BetRivers,0.638989,0.519987,5d4aee2ac24fa088edae3ad1,2026-08-15T23:18:13.480422+00:00,11.78,3.5,132.0,FanDuel,fanduel,player_assists,0.431034,1.0,-0.207955,-0.207955,0.088953,False,False,EXPLICIT_MARKET_CLOSE,PENDING,
2026-08-15|nneka ogwumike|los angeles sparks @ washington mystics|ast|over|2026-08-15T18:48:26.623952+00:00|0.35629,2026-08-15|nneka ogwumike|los angeles sparks @ washington mystics|ast|over,2026-08-15T18:48:26.623952+00:00,2026-08-15,Los Angeles Sparks @ Washington Mystics,Nneka Ogwumike,AST,OVER,3.5,134.0,FanDuel,0.42735,0.35629,5d4aee2ac24fa088edae3ad1,2026-08-15T23:18:13.480422+00:00,11.78,3.5,132.0,FanDuel,fanduel,player_assists,0.431034,0.0,0.003684,0.003684,-0.074744,True,True,EXPLICIT_SAME_BOOK_CLOSE,PENDING,
2026-08-15|nneka ogwumike|los angeles sparks @ washington mystics|ast|over|2026-08-15T19:03:50.105082+00:00|0.519987,2026-08-15|nneka ogwumike|los angeles sparks @ washington mystics|ast|over,2026-08-15T19:03:50.105082+00:00,2026-08-15,Los Angeles Sparks @ Washington Mystics,Nneka Ogwumike,AST,OVER,2.5,-177.0,BetRivers,0.638989,0.519987,5d4aee2ac24fa088edae3ad1,2026-08-15T23:18:13.480422+00:00,11.78,3.5,132.0,FanDuel,fanduel,player_assists,0.431034,1.0,-0.207955,-0.207955,0.088953,False,False,EXPLICIT_MARKET_CLOSE,PENDING,
2026-08-15|nneka ogwumike|los angeles sparks @ washington mystics|ast|over|2026-08-15T19:03:50.105082+00:00|0.35629,2026-08-15|nneka ogwumike|los angeles sparks @ washington mystics|ast|over,2026-08-15T19:03:50.105082+00:00,2026-08-15,Los Angeles Sparks @ Washington Mystics,Nneka Ogwumike,AST,OVER,3.5,134.0,FanDuel,0.42735,0.35629,5d4aee2ac24fa088edae3ad1,2026-08-15T23:18:13.480422+00:00,11.78,3.5,132.0,FanDuel,fanduel,player_assists,0.431034,0.0,0.003684,0.003684,-0.074744,True,True,EXPLICIT_SAME_BOOK_CLOSE,PENDING,
2026-08-15|nneka ogwumike|los angeles sparks @ washington mystics|ast|over|2026-08-15T19:42:05.879517+00:00|0.519987,2026-08-15|nneka ogwumike|los angeles sparks @ washington mystics|ast|over,2026-08-15T19:42:05.879517+00:00,2026-08-15,Los Angeles Sparks @ Washington Mystics,Nneka Ogwumike,AST,OVER,2.5,-177.0,BetRivers,0.638989,0.519987,5d4aee2ac24fa088edae3ad1,2026-08-15T23:18:13.480422+00:00,11.78,3.5,132.0,FanDuel,fanduel,player_assists,0.431034,1.0,-0.207955,-0.207955,0.088953,False,False,EXPLICIT_MARKET_CLOSE,PENDING,
2026-08-15|nneka ogwumike|los angeles sparks @ washington mystics|ast|over|2026-08-15T19:42:05.879517+00:00|0.35629,2026-08-15|nneka ogwumike|los angeles sparks @ washington mystics|ast|over,2026-08-15T19:42:05.879517+00:00,2026-08-15,Los Angeles Sparks @ Washington Mystics,Nneka Ogwumike,AST,OVER,3.5,134.0,FanDuel,0.42735,0.35629,5d4aee2ac24fa088edae3ad1,2026-08-15T23:18:13.480422+00:00,11.78,3.5,132.0,FanDuel,fanduel,player_assists,0.431034,0.0,0.003684,0.003684,-0.074744,True,True,EXPLICIT_SAME_BOOK_CLOSE,PENDING,
2026-08-15|nneka ogwumike|los angeles sparks @ washington mystics|ast|over|2026-08-15T19:56:46.104978+00:00|0.519987,2026-08-15|nneka ogwumike|los angeles sparks @ washington mystics|ast|over,2026-08-15T19:56:46.104978+00:00,2026-08-15,Los Angeles Sparks @ Washington Mystics,Nneka Ogwumike,AST,OVER,2.5,-177.0,BetRivers,0.638989,0.519987,5d4aee2ac24fa088edae3ad1,2026-08-15T23:18:13.480422+00:00,11.78,3.5,132.0,FanDuel,fanduel,player_assists,0.431034,1.0,-0.207955,-0.207955,0.088953,False,False,EXPLICIT_MARKET_CLOSE,PENDING,
2026-08-15|nneka ogwumike|los angeles sparks @ washington mystics|ast|over|2026-08-15T19:56:46.104978+00:00|0.35629,2026-08-15|nneka ogwumike|los angeles sparks @ washington mystics|ast|over,2026-08-15T19:56:46.104978+00:00,2026-08-15,Los Angeles Sparks @ Washington Mystics,Nneka Ogwumike,AST,OVER,3.5,134.0,FanDuel,0.42735,0.35629,5d4aee2ac24fa088edae3ad1,2026-08-15T23:18:13.480422+00:00,11.78,3.5,132.0,FanDuel,fanduel,player_assists,0.431034,0.0,0.003684,0.003684,-0.074744,True,True,EXPLICIT_SAME_BOOK_CLOSE,PENDING,
2026-08-15|nneka ogwumike|los angeles sparks @ washington mystics|ast|over|2026-08-15T20:39:13.403881+00:00|0.519987,2026-08-15|nneka ogwumike|los angeles sparks @ washington mystics|ast|over,2026-08-15T20:39:13.403881+00:00,2026-08-15,Los Angeles Sparks @ Washington Mystics,Nneka Ogwumike,AST,OVER,2.5,-177.0,BetRivers,0.638989,0.519987,5d4aee2ac24fa088edae3ad1,2026-08-15T23:18:13.480422+00:00,11.78,3.5,132.0,FanDuel,fanduel,player_assists,0.431034,1.0,-0.207955,-0.207955,0.088953,False,False,EXPLICIT_MARKET_CLOSE,PENDING,
2026-08-15|nneka ogwumike|los angeles sparks @ washington mystics|ast|over|2026-08-15T20:39:13.403881+00:00|0.35629,2026-08-15|nneka ogwumike|los angeles sparks @ washington mystics|ast|over,2026-08-15T20:39:13.403881+00:00,2026-08-15,Los Angeles Sparks @ Washington Mystics,Nneka Ogwumike,AST,OVER,3.5,134.0,FanDuel,0.42735,0.35629,5d4aee2ac24fa088edae3ad1,2026-08-15T23:18:13.480422+00:00,11.78,3.5,132.0,FanDuel,fanduel,player_assists,0.431034,0.0,0.003684,0.003684,-0.074744,True,True,EXPLICIT_SAME_BOOK_CLOSE,PENDING,
2026-08-15|nneka ogwumike|los angeles sparks @ washington mystics|ast|over|2026-08-15T21:00:13.752588+00:00|0.519987,2026-08-15|nneka ogwumike|los angeles sparks @ washington mystics|ast|over,2026-08-15T21:00:13.752588+00:00,2026-08-15,Los Angeles Sparks @ Washington Mystics,Nneka Ogwumike,AST,OVER,2.5,-177.0,BetRivers,0.638989,0.519987,5d4aee2ac24fa088edae3ad1,2026-08-15T23:18:13.480422+00:00,11.78,3.5,132.0,FanDuel,fanduel,player_assists,0.431034,1.0,-0.207955,-0.207955,0.088953,False,False,EXPLICIT_MARKET_CLOSE,PENDING,
2026-08-15|nneka ogwumike|los angeles sparks @ washington mystics|ast|over|2026-08-15T21:00:13.752588+00:00|0.355839,2026-08-15|nneka ogwumike|los angeles sparks @ washington mystics|ast|over,2026-08-15T21:00:13.752588+00:00,2026-08-15,Los Angeles Sparks @ Washington Mystics,Nneka Ogwumike,AST,OVER,3.5,132.0,FanDuel,0.431034,0.355839,5d4aee2ac24fa088edae3ad1,2026-08-15T23:18:13.480422+00:00,11.78,3.5,132.0,FanDuel,fanduel,player_assists,0.431034,0.0,0.0,0.0,-0.075195,True,True,EXPLICIT_SAME_BOOK_CLOSE,PENDING,
2026-08-15|nneka ogwumike|los angeles sparks @ washington mystics|ast|over|2026-08-15T21:35:34.997167+00:00|0.519987,2026-08-15|nneka ogwumike|los angeles sparks @ washington mystics|ast|over,2026-08-15T21:35:34.997167+00:00,2026-08-15,Los Angeles Sparks @ Washington Mystics,Nneka Ogwumike,AST,OVER,2.5,-177.0,BetRivers,0.638989,0.519987,5d4aee2ac24fa088edae3ad1,2026-08-15T23:18:13.480422+00:00,11.78,3.5,132.0,FanDuel,fanduel,player_assists,0.431034,1.0,-0.207955,-0.207955,0.088953,False,False,EXPLICIT_MARKET_CLOSE,PENDING,
2026-08-15|nneka ogwumike|los angeles sparks @ washington mystics|ast|over|2026-08-15T21:35:34.997167+00:00|0.355839,2026-08-15|nneka ogwumike|los angeles sparks @ washington mystics|ast|over,2026-08-15T21:35:34.997167+00:00,2026-08-15,Los Angeles Sparks @ Washington Mystics,Nneka Ogwumike,AST,OVER,3.5,132.0,FanDuel,0.431034,0.355839,5d4aee2ac24fa088edae3ad1,2026-08-15T23:18:13.480422+00:00,11.78,3.5,132.0,FanDuel,fanduel,player_assists,0.431034,0.0,0.0,0.0,-0.075195,True,True,EXPLICIT_SAME_BOOK_CLOSE,PENDING,
2026-08-15|nneka ogwumike|los angeles sparks @ washington mystics|ast|over|2026-08-15T21:58:02.208346+00:00|0.519987,2026-08-15|nneka ogwumike|los angeles sparks @ washington mystics|ast|over,2026-08-15T21:58:02.208346+00:00,2026-08-15,Los Angeles Sparks @ Washington Mystics,Nneka Ogwumike,AST,OVER,2.5,-177.0,BetRivers,0.638989,0.519987,5d4aee2ac24fa088edae3ad1,2026-08-15T23:18:13.480422+00:00,11.78,3.5,132.0,FanDuel,fanduel,player_assists,0.431034,1.0,-0.207955,-0.207955,0.088953,False,False,EXPLICIT_MARKET_CLOSE,PENDING,
2026-08-15|nneka ogwumike|los angeles sparks @ washington mystics|ast|over|2026-08-15T21:58:02.208346+00:00|0.355839,2026-08-15|nneka ogwumike|los angeles sparks @ washington mystics|ast|over,2026-08-15T21:58:02.208346+00:00,2026-08-15,Los Angeles Sparks @ Washington Mystics,Nneka Ogwumike,AST,OVER,3.5,132.0,FanDuel,0.431034,0.355839,5d4aee2ac24fa088edae3ad1,2026-08-15T23:18:13.480422+00:00,11.78,3.5,132.0,FanDuel,fanduel,player_assists,0.431034,0.0,0.0,0.0,-0.075195,True,True,EXPLICIT_SAME_BOOK_CLOSE,PENDING,
2026-08-15|nneka ogwumike|los angeles sparks @ washington mystics|ast|over|2026-08-15T22:38:43.785968+00:00|0.519987,2026-08-15|nneka ogwumike|los angeles sparks @ washington mystics|ast|over,2026-08-15T22:38:43.785968+00:00,2026-08-15,Los Angeles Sparks @ Washington Mystics,Nneka Ogwumike,AST,OVER,2.5,-177.0,BetRivers,0.638989,0.519987,5d4aee2ac24fa088edae3ad1,2026-08-15T23:18:13.480422+00:00,11.78,3.5,132.0,FanDuel,fanduel,player_assists,0.431034,1.0,-0.207955,-0.207955,0.088953,False,False,EXPLICIT_MARKET_CLOSE,PENDING,
2026-08-15|nneka ogwumike|los angeles sparks @ washington mystics|ast|over|2026-08-15T22:38:43.785968+00:00|0.355839,2026-08-15|nneka ogwumike|los angeles sparks @ washington mystics|ast|over,2026-08-15T22:38:43.785968+00:00,2026-08-15,Los Angeles Sparks @ Washington Mystics,Nneka Ogwumike,AST,OVER,3.5,132.0,FanDuel,0.431034,0.355839,5d4aee2ac24fa088edae3ad1,2026-08-15T23:18:13.480422+00:00,11.78,3.5,132.0,FanDuel,fanduel,player_assists,0.431034,0.0,0.0,0.0,-0.075195,True,True,EXPLICIT_SAME_BOOK_CLOSE,PENDING,
2026-08-15|nneka ogwumike|los angeles sparks @ washington mystics|ast|over|2026-08-15T22:58:44.786860+00:00|0.519987,2026-08-15|nneka ogwumike|los angeles sparks @ washington mystics|ast|over,2026-08-15T22:58:44.786860+00:00,2026-08-15,Los Angeles Sparks @ Washington Mystics,Nneka Ogwumike,AST,OVER,2.5,-177.0,BetRivers,0.638989,0.519987,5d4aee2ac24fa088edae3ad1,2026-08-15T23:18:13.480422+00:00,11.78,3.5,132.0,FanDuel,fanduel,player_assists,0.431034,1.0,-0.207955,-0.207955,0.088953,False,False,EXPLICIT_MARKET_CLOSE,PENDING,
2026-08-15|nneka ogwumike|los angeles sparks @ washington mystics|ast|over|2026-08-15T22:58:44.786860+00:00|0.355839,2026-08-15|nneka ogwumike|los angeles sparks @ washington mystics|ast|over,2026-08-15T22:58:44.786860+00:00,2026-08-15,Los Angeles Sparks @ Washington Mystics,Nneka Ogwumike,AST,OVER,3.5,132.0,FanDuel,0.431034,0.355839,5d4aee2ac24fa088edae3ad1,2026-08-15T23:18:13.480422+00:00,11.78,3.5,132.0,FanDuel,fanduel,player_assists,0.431034,0.0,0.0,0.0,-0.075195,True,True,EXPLICIT_SAME_BOOK_CLOSE,PENDING,
2026-08-15|nneka ogwumike|los angeles sparks @ washington mystics|ast|over|2026-08-15T23:40:58.015375+00:00|0.519987,2026-08-15|nneka ogwumike|los angeles sparks @ washington mystics|ast|over,2026-08-15T23:40:58.015375+00:00,2026-08-15,Los Angeles Sparks @ Washington Mystics,Nneka Ogwumike,AST,OVER,2.5,-177.0,BetRivers,0.638989,0.519987,5d4aee2ac24fa088edae3ad1,2026-08-15T23:18:13.480422+00:00,11.78,3.5,132.0,FanDuel,fanduel,player_assists,0.431034,1.0,-0.207955,-0.207955,0.088953,False,False,EXPLICIT_MARKET_CLOSE,PENDING,
2026-08-15|nneka ogwumike|los angeles sparks @ washington mystics|ast|over|2026-08-15T23:40:58.015375+00:00|0.355839,2026-08-15|nneka ogwumike|los angeles sparks @ washington mystics|ast|over,2026-08-15T23:40:58.015375+00:00,2026-08-15,Los Angeles Sparks @ Washington Mystics,Nneka Ogwumike,AST,OVER,3.5,132.0,FanDuel,0.431034,0.355839,5d4aee2ac24fa088edae3ad1,2026-08-15T23:18:13.480422+00:00,11.78,3.5,132.0,FanDuel,fanduel,player_assists,0.431034,0.0,0.0,0.0,-0.075195,True,True,EXPLICIT_SAME_BOOK_CLOSE,PENDING,
2026-08-15|nneka ogwumike|los angeles sparks @ washington mystics|ast|under|2026-08-15T10:59:30.272276+00:00|0.583562,2026-08-15|nneka ogwumike|los angeles sparks @ washington mystics|ast|under,2026-08-15T10:59:30.272276+00:00,2026-08-15,Los Angeles Sparks @ Washington Mystics,Nneka Ogwumike,AST,UNDER,3.5,-169.0,DraftKings,0.628253,0.583562,c924b0cab70fcf307a8087e0,2026-08-15T23:18:13.480422+00:00,11.78,3.5,-153.0,DraftKings,draftkings,player_assists,0.604743,0.0,-0.02351,-0.02351,-0.021181,True,True,EXPLICIT_SAME_BOOK_CLOSE,PENDING,
2026-08-15|nneka ogwumike|los angeles sparks @ washington mystics|ast|under|2026-08-15T11:37:38.316341+00:00|0.584397,2026-08-15|nneka ogwumike|los angeles sparks @ washington mystics|ast|under,2026-08-15T11:37:38.316341+00:00,2026-08-15,Los Angeles Sparks @ Washington Mystics,Nneka Ogwumike,AST,UNDER,3.5,-164.0,DraftKings,0.621212,0.584397,c924b0cab70fcf307a8087e0,2026-08-15T23:18:13.480422+00:00,11.78,3.5,-153.0,DraftKings,draftkings,player_assists,0.604743,0.0,-0.016469,-0.016469,-0.020346,True,True,EXPLICIT_SAME_BOOK_CLOSE,PENDING,
2026-08-15|nneka ogwumike|los angeles sparks @ washington mystics|ast|under|2026-08-15T11:57:22.075495+00:00|0.584397,2026-08-15|nneka ogwumike|los angeles sparks @ washington mystics|ast|under,2026-08-15T11:57:22.075495+00:00,2026-08-15,Los Angeles Sparks @ Washington Mystics,Nneka Ogwumike,AST,UNDER,3.5,-164.0,DraftKings,0.621212,0.584397,c924b0cab70fcf307a8087e0,2026-08-15T23:18:13.480422+00:00,11.78,3.5,-153.0,DraftKings,draftkings,player_assists,0.604743,0.0,-0.016469,-0.016469,-0.020346,True,True,EXPLICIT_SAME_BOOK_CLOSE,PENDING,
2026-08-15|nneka ogwumike|los angeles sparks @ washington mystics|ast|under|2026-08-15T12:59:45.246898+00:00|0.584397,2026-08-15|nneka ogwumike|los angeles sparks @ washington mystics|ast|under,2026-08-15T12:59:45.246898+00:00,2026-08-15,Los Angeles Sparks @ Washington Mystics,Nneka Ogwumike,AST,UNDER,3.5,-164.0,DraftKings,0.621212,0.584397,c924b0cab70fcf307a8087e0,2026-08-15T23:18:13.480422+00:00,11.78,3.5,-153.0,DraftKings,draftkings,player_assists,0.604743,0.0,-0.016469,-0.016469,-0.020346,True,True,EXPLICIT_SAME_BOOK_CLOSE,PENDING,
2026-08-15|nneka ogwumike|los angeles sparks @ washington mystics|ast|under|2026-08-15T13:19:00.048599+00:00|0.584397,2026-08-15|nneka ogwumike|los angeles sparks @ washington mystics|ast|under,2026-08-15T13:19:00.048599+00:00,2026-08-15,Los Angeles Sparks @ Washington Mystics,Nneka Ogwumike,AST,UNDER,3.5,-164.0,DraftKings,0.621212,0.584397,c924b0cab70fcf307a8087e0,2026-08-15T23:18:13.480422+00:00,11.78,3.5,-153.0,DraftKings,draftkings,player_assists,0.604743,0.0,-0.016469,-0.016469,-0.020346,True,True,EXPLICIT_SAME_BOOK_CLOSE,PENDING,
2026-08-15|nneka ogwumike|los angeles sparks @ washington mystics|ast|under|2026-08-15T14:00:20.819656+00:00|0.584397,2026-08-15|nneka ogwumike|los angeles sparks @ washington mystics|ast|under,2026-08-15T14:00:20.819656+00:00,2026-08-15,Los Angeles Sparks @ Washington Mystics,Nneka Ogwumike,AST,UNDER,3.5,-164.0,DraftKings,0.621212,0.584397,c924b0cab70fcf307a8087e0,2026-08-15T23:18:13.480422+00:00,11.78,3.5,-153.0,DraftKings,draftkings,player_assists,0.604743,0.0,-0.016469,-0.016469,-0.020346,True,True,EXPLICIT_SAME_BOOK_CLOSE,PENDING,
2026-08-15|nneka ogwumike|los angeles sparks @ washington mystics|ast|under|2026-08-15T14:39:33.056630+00:00|0.584397,2026-08-15|nneka ogwumike|los angeles sparks @ washington mystics|ast|under,2026-08-15T14:39:33.056630+00:00,2026-08-15,Los Angeles Sparks @ Washington Mystics,Nneka Ogwumike,AST,UNDER,3.5,-164.0,DraftKings,0.621212,0.584397,c924b0cab70fcf307a8087e0,2026-08-15T23:18:13.480422+00:00,11.78,3.5,-153.0,DraftKings,draftkings,player_assists,0.604743,0.0,-0.016469,-0.016469,-0.020346,True,True,EXPLICIT_SAME_BOOK_CLOSE,PENDING,
2026-08-15|nneka ogwumike|los angeles sparks @ washington mystics|ast|under|2026-08-15T15:00:16.446702+00:00|0.586992,2026-08-15|nneka ogwumike|los angeles sparks @ washington mystics|ast|under,2026-08-15T15:00:16.446702+00:00,2026-08-15,Los Angeles Sparks @ Washington Mystics,Nneka Ogwumike,AST,UNDER,3.5,-153.0,DraftKings,0.604743,0.586992,c924b0cab70fcf307a8087e0,2026-08-15T23:18:13.480422+00:00,11.78,3.5,-153.0,DraftKings,draftkings,player_assists,0.604743,0.0,0.0,0.0,-0.017751,True,True,EXPLICIT_SAME_BOOK_CLOSE,PENDING,
2026-08-15|nneka ogwumike|los angeles sparks @ washington mystics|ast|under|2026-08-15T15:56:41.397541+00:00|0.586992,2026-08-15|nneka ogwumike|los angeles sparks @ washington mystics|ast|under,2026-08-15T15:56:41.397541+00:00,2026-08-15,Los Angeles Sparks @ Washington Mystics,Nneka Ogwumike,AST,UNDER,3.5,-153.0,DraftKings,0.604743,0.586992,c924b0cab70fcf307a8087e0,2026-08-15T23:18:13.480422+00:00,11.78,3.5,-153.0,DraftKings,draftkings,player_assists,0.604743,0.0,0.0,0.0,-0.017751,True,True,EXPLICIT_SAME_BOOK_CLOSE,PENDING,
2026-08-15|nneka ogwumike|los angeles sparks @ washington mystics|ast|under|2026-08-15T16:40:58.435903+00:00|0.586992,2026-08-15|nneka ogwumike|los angeles sparks @ washington mystics|ast|under,2026-08-15T16:40:58.435903+00:00,2026-08-15,Los Angeles Sparks @ Washington Mystics,Nneka Ogwumike,AST,UNDER,3.5,-153.0,DraftKings,0.604743,0.586992,c924b0cab70fcf307a8087e0,2026-08-15T23:18:13.480422+00:00,11.78,3.5,-153.0,DraftKings,draftkings,player_assists,0.604743,0.0,0.0,0.0,-0.017751,True,True,EXPLICIT_SAME_BOOK_CLOSE,PENDING,
2026-08-15|nneka ogwumike|los angeles sparks @ washington mystics|ast|under|2026-08-15T16:59:57.449708+00:00|0.584547,2026-08-15|nneka ogwumike|los angeles sparks @ washington mystics|ast|under,2026-08-15T16:59:57.449708+00:00,2026-08-15,Los Angeles Sparks @ Washington Mystics,Nneka Ogwumike,AST,UNDER,3.5,-163.0,DraftKings,0.619772,0.584547,c924b0cab70fcf307a8087e0,2026-08-15T23:18:13.480422+00:00,11.78,3.5,-153.0,DraftKings,draftkings,player_assists,0.604743,0.0,-0.015029,-0.015029,-0.020196,True,True,EXPLICIT_SAME_BOOK_CLOSE,PENDING,
2026-08-15|nneka ogwumike|los angeles sparks @ washington mystics|ast|under|2026-08-15T17:36:49.057441+00:00|0.584547,2026-08-15|nneka ogwumike|los angeles sparks @ washington mystics|ast|under,2026-08-15T17:36:49.057441+00:00,2026-08-15,Los Angeles Sparks @ Washington Mystics,Nneka Ogwumike,AST,UNDER,3.5,-163.0,DraftKings,0.619772,0.584547,c924b0cab70fcf307a8087e0,2026-08-15T23:18:13.480422+00:00,11.78,3.5,-153.0,DraftKings,draftkings,player_assists,0.604743,0.0,-0.015029,-0.015029,-0.020196,True,True,EXPLICIT_SAME_BOOK_CLOSE,PENDING,
2026-08-15|nneka ogwumike|los angeles sparks @ washington mystics|ast|under|2026-08-15T17:58:18.784460+00:00|0.584547,2026-08-15|nneka ogwumike|los angeles sparks @ washington mystics|ast|under,2026-08-15T17:58:18.784460+00:00,2026-08-15,Los Angeles Sparks @ Washington Mystics,Nneka Ogwumike,AST,UNDER,3.5,-163.0,DraftKings,0.619772,0.584547,c924b0cab70fcf307a8087e0,2026-08-15T23:18:13.480422+00:00,11.78,3.5,-153.0,DraftKings,draftkings,player_assists,0.604743,0.0,-0.015029,-0.015029,-0.020196,True,True,EXPLICIT_SAME_BOOK_CLOSE,PENDING,
2026-08-15|nneka ogwumike|los angeles sparks @ washington mystics|ast|under|2026-08-15T18:48:26.623952+00:00|0.584547,2026-08-15|nneka ogwumike|los angeles sparks @ washington mystics|ast|under,2026-08-15T18:48:26.623952+00:00,2026-08-15,Los Angeles Sparks @ Washington Mystics,Nneka Ogwumike,AST,UNDER,3.5,-163.0,DraftKings,0.619772,0.584547,c924b0cab70fcf307a8087e0,2026-08-15T23:18:13.480422+00:00,11.78,3.5,-153.0,DraftKings,draftkings,player_assists,0.604743,0.0,-0.015029,-0.015029,-0.020196,True,True,EXPLICIT_SAME_BOOK_CLOSE,PENDING,
2026-08-15|nneka ogwumike|los angeles sparks @ washington mystics|ast|under|2026-08-15T19:03:50.105082+00:00|0.584547,2026-08-15|nneka ogwumike|los angeles sparks @ washington mystics|ast|under,2026-08-15T19:03:50.105082+00:00,2026-08-15,Los Angeles Sparks @ Washington Mystics,Nneka Ogwumike,AST,UNDER,3.5,-163.0,DraftKings,0.619772,0.584547,c924b0cab70fcf307a8087e0,2026-08-15T23:18:13.480422+00:00,11.78,3.5,-153.0,DraftKings,draftkings,player_assists,0.604743,0.0,-0.015029,-0.015029,-0.020196,True,True,EXPLICIT_SAME_BOOK_CLOSE,PENDING,
2026-08-15|nneka ogwumike|los angeles sparks @ washington mystics|ast|under|2026-08-15T19:42:05.879517+00:00|0.584547,2026-08-15|nneka ogwumike|los angeles sparks @ washington mystics|ast|under,2026-08-15T19:42:05.879517+00:00,2026-08-15,Los Angeles Sparks @ Washington Mystics,Nneka Ogwumike,AST,UNDER,3.5,-163.0,DraftKings,0.619772,0.584547,c924b0cab70fcf307a8087e0,2026-08-15T23:18:13.480422+00:00,11.78,3.5,-153.0,DraftKings,draftkings,player_assists,0.604743,0.0,-0.015029,-0.015029,-0.020196,True,True,EXPLICIT_SAME_BOOK_CLOSE,PENDING,
2026-08-15|nneka ogwumike|los angeles sparks @ washington mystics|ast|under|2026-08-15T19:56:46.104978+00:00|0.584547,2026-08-15|nneka ogwumike|los angeles sparks @ washington mystics|ast|under,2026-08-15T19:56:46.104978+00:00,2026-08-15,Los Angeles Sparks @ Washington Mystics,Nneka Ogwumike,AST,UNDER,3.5,-163.0,DraftKings,0.619772,0.584547,c924b0cab70fcf307a8087e0,2026-08-15T23:18:13.480422+00:00,11.78,3.5,-153.0,DraftKings,draftkings,player_assists,0.604743,0.0,-0.015029,-0.015029,-0.020196,True,True,EXPLICIT_SAME_BOOK_CLOSE,PENDING,
2026-08-15|nneka ogwumike|los angeles sparks @ washington mystics|ast|under|2026-08-15T20:39:13.403881+00:00|0.584547,2026-08-15|nneka ogwumike|los angeles sparks @ washington mystics|ast|under,2026-08-15T20:39:13.403881+00:00,2026-08-15,Los Angeles Sparks @ Washington Mystics,Nneka Ogwumike,AST,UNDER,3.5,-163.0,DraftKings,0.619772,0.584547,c924b0cab70fcf307a8087e0,2026-08-15T23:18:13.480422+00:00,11.78,3.5,-153.0,DraftKings,draftkings,player_assists,0.604743,0.0,-0.015029,-0.015029,-0.020196,True,True,EXPLICIT_SAME_BOOK_CLOSE,PENDING,
2026-08-15|nneka ogwumike|los angeles sparks @ washington mystics|ast|under|2026-08-15T21:00:13.752588+00:00|0.584547,2026-08-15|nneka ogwumike|los angeles sparks @ washington mystics|ast|under,2026-08-15T21:00:13.752588+00:00,2026-08-15,Los Angeles Sparks @ Washington Mystics,Nneka Ogwumike,AST,UNDER,3.5,-163.0,DraftKings,0.619772,0.584547,c924b0cab70fcf307a8087e0,2026-08-15T23:18:13.480422+00:00,11.78,3.5,-153.0,DraftKings,draftkings,player_assists,0.604743,0.0,-0.015029,-0.015029,-0.020196,True,True,EXPLICIT_SAME_BOOK_CLOSE,PENDING,
2026-08-15|nneka ogwumike|los angeles sparks @ washington mystics|ast|under|2026-08-15T21:35:34.997167+00:00|0.584547,2026-08-15|nneka ogwumike|los angeles sparks @ washington mystics|ast|under,2026-08-15T21:35:34.997167+00:00,2026-08-15,Los Angeles Sparks @ Washington Mystics,Nneka Ogwumike,AST,UNDER,3.5,-163.0,DraftKings,0.619772,0.584547,c924b0cab70fcf307a8087e0,2026-08-15T23:18:13.480422+00:00,11.78,3.5,-153.0,DraftKings,draftkings,player_assists,0.604743,0.0,-0.015029,-0.015029,-0.020196,True,True,EXPLICIT_SAME_BOOK_CLOSE,PENDING,
2026-08-15|nneka ogwumike|los angeles sparks @ washington mystics|ast|under|2026-08-15T21:58:02.208346+00:00|0.584547,2026-08-15|nneka ogwumike|los angeles sparks @ washington mystics|ast|under,2026-08-15T21:58:02.208346+00:00,2026-08-15,Los Angeles Sparks @ Washington Mystics,Nneka Ogwumike,AST,UNDER,3.5,-163.0,DraftKings,0.619772,0.584547,c924b0cab70fcf307a8087e0,2026-08-15T23:18:13.480422+00:00,11.78,3.5,-153.0,DraftKings,draftkings,player_assists,0.604743,0.0,-0.015029,-0.015029,-0.020196,True,True,EXPLICIT_SAME_BOOK_CLOSE,PENDING,
2026-08-15|nneka ogwumike|los angeles sparks @ washington mystics|ast|under|2026-08-15T22:38:43.785968+00:00|0.584547,2026-08-15|nneka ogwumike|los angeles sparks @ washington mystics|ast|under,2026-08-15T22:38:43.785968+00:00,2026-08-15,Los Angeles Sparks @ Washington Mystics,Nneka Ogwumike,AST,UNDER,3.5,-163.0,DraftKings,0.619772,0.584547,c924b0cab70fcf307a8087e0,2026-08-15T23:18:13.480422+00:00,11.78,3.5,-153.0,DraftKings,draftkings,player_assists,0.604743,0.0,-0.015029,-0.015029,-0.020196,True,True,EXPLICIT_SAME_BOOK_CLOSE,PENDING,
2026-08-15|nneka ogwumike|los angeles sparks @ washington mystics|ast|under|2026-08-15T22:58:44.786860+00:00|0.584547,2026-08-15|nneka ogwumike|los angeles sparks @ washington mystics|ast|under,2026-08-15T22:58:44.786860+00:00,2026-08-15,Los Angeles Sparks @ Washington Mystics,Nneka Ogwumike,AST,UNDER,3.5,-163.0,DraftKings,0.619772,0.584547,c924b0cab70fcf307a8087e0,2026-08-15T23:18:13.480422+00:00,11.78,3.5,-153.0,DraftKings,draftkings,player_assists,0.604743,0.0,-0.015029,-0.015029,-0.020196,True,True,EXPLICIT_SAME_BOOK_CLOSE,PENDING,
2026-08-15|nneka ogwumike|los angeles sparks @ washington mystics|ast|under|2026-08-15T23:40:58.015375+00:00|0.584547,2026-08-15|nneka ogwumike|los angeles sparks @ washington mystics|ast|under,2026-08-15T23:40:58.015375+00:00,2026-08-15,Los Angeles Sparks @ Washington Mystics,Nneka Ogwumike,AST,UNDER,3.5,-163.0,DraftKings,0.619772,0.584547,c924b0cab70fcf307a8087e0,2026-08-15T23:18:13.480422+00:00,11.78,3.5,-153.0,DraftKings,draftkings,player_assists,0.604743,0.0,-0.015029,-0.015029,-0.020196,True,True,EXPLICIT_SAME_BOOK_CLOSE,PENDING,
2026-08-15|nneka ogwumike|los angeles sparks @ washington mystics|pa|over|2026-08-15T10:59:30.272276+00:00|0.703973,2026-08-15|nneka ogwumike|los angeles sparks @ washington mystics|pa|over,2026-08-15T10:59:30.272276+00:00,2026-08-15,Los Angeles Sparks @ Washington Mystics,Nneka Ogwumike,PA,OVER,18.5,-106.0,FanDuel,0.514563,0.703973,fb34593d0254499b2271f527,2026-08-15T23:18:13.480422+00:00,11.78,18.5,-110.0,FanDuel,fanduel,player_points_assists,0.52381,0.0,0.009246,0.009246,0.180163,True,True,EXPLICIT_SAME_BOOK_CLOSE,PENDING,
2026-08-15|nneka ogwumike|los angeles sparks @ washington mystics|pa|over|2026-08-15T11:37:38.316341+00:00|0.703973,2026-08-15|nneka ogwumike|los angeles sparks @ washington mystics|pa|over,2026-08-15T11:37:38.316341+00:00,2026-08-15,Los Angeles Sparks @ Washington Mystics,Nneka Ogwumike,PA,OVER,18.5,-106.0,FanDuel,0.514563,0.703973,fb34593d0254499b2271f527,2026-08-15T23:18:13.480422+00:00,11.78,18.5,-110.0,FanDuel,fanduel,player_points_assists,0.52381,0.0,0.009246,0.009246,0.180163,True,True,EXPLICIT_SAME_BOOK_CLOSE,PENDING,
2026-08-15|nneka ogwumike|los angeles sparks @ washington mystics|pa|over|2026-08-15T11:57:22.075495+00:00|0.703973,2026-08-15|nneka ogwumike|los angeles sparks @ washington mystics|pa|over,2026-08-15T11:57:22.075495+00:00,2026-08-15,Los Angeles Sparks @ Washington Mystics,Nneka Ogwumike,PA,OVER,18.5,-106.0,FanDuel,0.514563,0.703973,fb34593d0254499b2271f527,2026-08-15T23:18:13.480422+00:00,11.78,18.5,-110.0,FanDuel,fanduel,player_points_assists,0.52381,0.0,0.009246,0.009246,0.180163,True,True,EXPLICIT_SAME_BOOK_CLOSE,PENDING,
2026-08-15|nneka ogwumike|los angeles sparks @ washington mystics|pa|over|2026-08-15T12:59:45.246898+00:00|0.703973,2026-08-15|nneka ogwumike|los angeles sparks @ washington mystics|pa|over,2026-08-15T12:59:45.246898+00:00,2026-08-15,Los Angeles Sparks @ Washington Mystics,Nneka Ogwumike,PA,OVER,18.5,-106.0,FanDuel,0.514563,0.703973,fb34593d0254499b2271f527,2026-08-15T23:18:13.480422+00:00,11.78,18.5,-110.0,FanDuel,fanduel,player_points_assists,0.52381,0.0,0.009246,0.009246,0.180163,True,True,EXPLICIT_SAME_BOOK_CLOSE,PENDING,
2026-08-15|nneka ogwumike|los angeles sparks @ washington mystics|pa|over|2026-08-15T13:19:00.048599+00:00|0.704501,2026-08-15|nneka ogwumike|los angeles sparks @ washington mystics|pa|over,2026-08-15T13:19:00.048599+00:00,2026-08-15,Los Angeles Sparks @ Washington Mystics,Nneka Ogwumike,PA,OVER,18.5,-104.0,FanDuel,0.509804,0.704501,fb34593d0254499b2271f527,2026-08-15T23:18:13.480422+00:00,11.78,18.5,-110.0,FanDuel,fanduel,player_points_assists,0.52381,0.0,0.014006,0.014006,0.180691,True,True,EXPLICIT_SAME_BOOK_CLOSE,PENDING,
2026-08-15|nneka ogwumike|los angeles sparks @ washington mystics|pa|over|2026-08-15T14:00:20.819656+00:00|0.704501,2026-08-15|nneka ogwumike|los angeles sparks @ washington mystics|pa|over,2026-08-15T14:00:20.819656+00:00,2026-08-15,Los Angeles Sparks @ Washington Mystics,Nneka Ogwumike,PA,OVER,18.5,-104.0,FanDuel,0.509804,0.704501,fb34593d0254499b2271f527,2026-08-15T23:18:13.480422+00:00,11.78,18.5,-110.0,FanDuel,fanduel,player_points_assists,0.52381,0.0,0.014006,0.014006,0.180691,True,True,EXPLICIT_SAME_BOOK_CLOSE,PENDING,
2026-08-15|nneka ogwumike|los angeles sparks @ washington mystics|pa|over|2026-08-15T14:39:33.056630+00:00|0.704501,2026-08-15|nneka ogwumike|los angeles sparks @ washington mystics|pa|over,2026-08-15T14:39:33.056630+00:00,2026-08-15,Los Angeles Sparks @ Washington Mystics,Nneka Ogwumike,PA,OVER,18.5,-104.0,FanDuel,0.509804,0.704501,fb34593d0254499b2271f527,2026-08-15T23:18:13.480422+00:00,11.78,18.5,-110.0,FanDuel,fanduel,player_points_assists,0.52381,0.0,0.014006,0.014006,0.180691,True,True,EXPLICIT_SAME_BOOK_CLOSE,PENDING,
2026-08-15|nneka ogwumike|los angeles sparks @ washington mystics|pa|over|2026-08-15T15:00:16.446702+00:00|0.704501,2026-08-15|nneka ogwumike|los angeles sparks @ washington mystics|pa|over,2026-08-15T15:00:16.446702+00:00,2026-08-15,Los Angeles Sparks @ Washington Mystics,Nneka Ogwumike,PA,OVER,18.5,-104.0,FanDuel,0.509804,0.704501,fb34593d0254499b2271f527,2026-08-15T23:18:13.480422+00:00,11.78,18.5,-110.0,FanDuel,fanduel,player_points_assists,0.52381,0.0,0.014006,0.014006,0.180691,True,True,EXPLICIT_SAME_BOOK_CLOSE,PENDING,
2026-08-15|nneka ogwumike|los angeles sparks @ washington mystics|pa|over|2026-08-15T15:56:41.397541+00:00|0.703973,2026-08-15|nneka ogwumike|los angeles sparks @ washington mystics|pa|over,2026-08-15T15:56:41.397541+00:00,2026-08-15,Los Angeles Sparks @ Washington Mystics,Nneka Ogwumike,PA,OVER,18.5,-106.0,FanDuel,0.514563,0.703973,fb34593d0254499b2271f527,2026-08-15T23:18:13.480422+00:00,11.78,18.5,-110.0,FanDuel,fanduel,player_points_assists,0.52381,0.0,0.009246,0.009246,0.180163,True,True,EXPLICIT_SAME_BOOK_CLOSE,PENDING,
2026-08-15|nneka ogwumike|los angeles sparks @ washington mystics|pa|over|2026-08-15T16:40:58.435903+00:00|0.703973,2026-08-15|nneka ogwumike|los angeles sparks @ washington mystics|pa|over,2026-08-15T16:40:58.435903+00:00,2026-08-15,Los Angeles Sparks @ Washington Mystics,Nneka Ogwumike,PA,OVER,18.5,-106.0,FanDuel,0.514563,0.703973,fb34593d0254499b2271f527,2026-08-15T23:18:13.480422+00:00,11.78,18.5,-110.0,FanDuel,fanduel,player_points_assists,0.52381,0.0,0.009246,0.009246,0.180163,True,True,EXPLICIT_SAME_BOOK_CLOSE,PENDING,
2026-08-15|nneka ogwumike|los angeles sparks @ washington mystics|pa|over|2026-08-15T16:59:57.449708+00:00|0.703973,2026-08-15|nneka ogwumike|los angeles sparks @ washington mystics|pa|over,2026-08-15T16:59:57.449708+00:00,2026-08-15,Los Angeles Sparks @ Washington Mystics,Nneka Ogwumike,PA,OVER,18.5,-106.0,FanDuel,0.514563,0.703973,fb34593d0254499b2271f527,2026-08-15T23:18:13.480422+00:00,11.78,18.5,-110.0,FanDuel,fanduel,player_points_assists,0.52381,0.0,0.009246,0.009246,0.180163,True,True,EXPLICIT_SAME_BOOK_CLOSE,PENDING,
2026-08-15|nneka ogwumike|los angeles sparks @ washington mystics|pa|over|2026-08-15T17:36:49.057441+00:00|0.703973,2026-08-15|nneka ogwumike|los angeles sparks @ washington mystics|pa|over,2026-08-15T17:36:49.057441+00:00,2026-08-15,Los Angeles Sparks @ Washington Mystics,Nneka Ogwumike,PA,OVER,18.5,-106.0,FanDuel,0.514563,0.703973,fb34593d0254499b2271f527,2026-08-15T23:18:13.480422+00:00,11.78,18.5,-110.0,FanDuel,fanduel,player_points_assists,0.52381,0.0,0.009246,0.009246,0.180163,True,True,EXPLICIT_SAME_BOOK_CLOSE,PENDING,
2026-08-15|nneka ogwumike|los angeles sparks @ washington mystics|pa|over|2026-08-15T17:58:18.784460+00:00|0.703973,2026-08-15|nneka ogwumike|los angeles sparks @ washington mystics|pa|over,2026-08-15T17:58:18.784460+00:00,2026-08-15,Los Angeles Sparks @ Washington Mystics,Nneka Ogwumike,PA,OVER,18.5,-106.0,FanDuel,0.514563,0.703973,fb34593d0254499b2271f527,2026-08-15T23:18:13.480422+00:00,11.78,18.5,-110.0,FanDuel,fanduel,player_points_assists,0.52381,0.0,0.009246,0.009246,0.180163,True,True,EXPLICIT_SAME_BOOK_CLOSE,PENDING,
2026-08-15|nneka ogwumike|los angeles sparks @ washington mystics|pa|over|2026-08-15T18:48:26.623952+00:00|0.703973,2026-08-15|nneka ogwumike|los angeles sparks @ washington mystics|pa|over,2026-08-15T18:48:26.623952+00:00,2026-08-15,Los Angeles Sparks @ Washington Mystics,Nneka Ogwumike,PA,OVER,18.5,-106.0,FanDuel,0.514563,0.703973,fb34593d0254499b2271f527,2026-08-15T23:18:13.480422+00:00,11.78,18.5,-110.0,FanDuel,fanduel,player_points_assists,0.52381,0.0,0.009246,0.009246,0.180163,True,True,EXPLICIT_SAME_BOOK_CLOSE,PENDING,
2026-08-15|nneka ogwumike|los angeles sparks @ washington mystics|pa|over|2026-08-15T19:03:50.105082+00:00|0.703973,2026-08-15|nneka ogwumike|los angeles sparks @ washington mystics|pa|over,2026-08-15T19:03:50.105082+00:00,2026-08-15,Los Angeles Sparks @ Washington Mystics,Nneka Ogwumike,PA,OVER,18.5,-106.0,FanDuel,0.514563,0.703973,fb34593d0254499b2271f527,2026-08-15T23:18:13.480422+00:00,11.78,18.5,-110.0,FanDuel,fanduel,player_points_assists,0.52381,0.0,0.009246,0.009246,0.180163,True,True,EXPLICIT_SAME_BOOK_CLOSE,PENDING,
2026-08-15|nneka ogwumike|los angeles sparks @ washington mystics|pa|over|2026-08-15T19:42:05.879517+00:00|0.703973,2026-08-15|nneka ogwumike|los angeles sparks @ washington mystics|pa|over,2026-08-15T19:42:05.879517+00:00,2026-08-15,Los Angeles Sparks @ Washington Mystics,Nneka Ogwumike,PA,OVER,18.5,-106.0,FanDuel,0.514563,0.703973,fb34593d0254499b2271f527,2026-08-15T23:18:13.480422+00:00,11.78,18.5,-110.0,FanDuel,fanduel,player_points_assists,0.52381,0.0,0.009246,0.009246,0.180163,True,True,EXPLICIT_SAME_BOOK_CLOSE,PENDING,
2026-08-15|nneka ogwumike|los angeles sparks @ washington mystics|pa|over|2026-08-15T19:56:46.104978+00:00|0.703973,2026-08-15|nneka ogwumike|los angeles sparks @ washington mystics|pa|over,2026-08-15T19:56:46.104978+00:00,2026-08-15,Los Angeles Sparks @ Washington Mystics,Nneka Ogwumike,PA,OVER,18.5,-106.0,FanDuel,0.514563,0.703973,fb34593d0254499b2271f527,2026-08-15T23:18:13.480422+00:00,11.78,18.5,-110.0,FanDuel,fanduel,player_points_assists,0.52381,0.0,0.009246,0.009246,0.180163,True,True,EXPLICIT_SAME_BOOK_CLOSE,PENDING,
2026-08-15|nneka ogwumike|los angeles sparks @ washington mystics|pa|over|2026-08-15T20:39:13.403881+00:00|0.703973,2026-08-15|nneka ogwumike|los angeles sparks @ washington mystics|pa|over,2026-08-15T20:39:13.403881+00:00,2026-08-15,Los Angeles Sparks @ Washington Mystics,Nneka Ogwumike,PA,OVER,18.5,-106.0,FanDuel,0.514563,0.703973,fb34593d0254499b2271f527,2026-08-15T23:18:13.480422+00:00,11.78,18.5,-110.0,FanDuel,fanduel,player_points_assists,0.52381,0.0,0.009246,0.009246,0.180163,True,True,EXPLICIT_SAME_BOOK_CLOSE,PENDING,
2026-08-15|nneka ogwumike|los angeles sparks @ washington mystics|pa|over|2026-08-15T21:00:13.752588+00:00|0.705104,2026-08-15|nneka ogwumike|los angeles sparks @ washington mystics|pa|over,2026-08-15T21:00:13.752588+00:00,2026-08-15,Los Angeles Sparks @ Washington Mystics,Nneka Ogwumike,PA,OVER,18.5,-102.0,FanDuel,0.50495,0.705104,fb34593d0254499b2271f527,2026-08-15T23:18:13.480422+00:00,11.78,18.5,-110.0,FanDuel,fanduel,player_points_assists,0.52381,0.0,0.018859,0.018859,0.181294,True,True,EXPLICIT_SAME_BOOK_CLOSE,PENDING,
2026-08-15|nneka ogwumike|los angeles sparks @ washington mystics|pa|over|2026-08-15T21:35:34.997167+00:00|0.705104,2026-08-15|nneka ogwumike|los angeles sparks @ washington mystics|pa|over,2026-08-15T21:35:34.997167+00:00,2026-08-15,Los Angeles Sparks @ Washington Mystics,Nneka Ogwumike,PA,OVER,18.5,-102.0,FanDuel,0.50495,0.705104,fb34593d0254499b2271f527,2026-08-15T23:18:13.480422+00:00,11.78,18.5,-110.0,FanDuel,fanduel,player_points_assists,0.52381,0.0,0.018859,0.018859,0.181294,True,True,EXPLICIT_SAME_BOOK_CLOSE,PENDING,
2026-08-15|nneka ogwumike|los angeles sparks @ washington mystics|pa|over|2026-08-15T21:58:02.208346+00:00|0.705104,2026-08-15|nneka ogwumike|los angeles sparks @ washington mystics|pa|over,2026-08-15T21:58:02.208346+00:00,2026-08-15,Los Angeles Sparks @ Washington Mystics,Nneka Ogwumike,PA,OVER,18.5,-102.0,FanDuel,0.50495,0.705104,fb34593d0254499b2271f527,2026-08-15T23:18:13.480422+00:00,11.78,18.5,-110.0,FanDuel,fanduel,player_points_assists,0.52381,0.0,0.018859,0.018859,0.181294,True,True,EXPLICIT_SAME_BOOK_CLOSE,PENDING,
2026-08-15|nneka ogwumike|los angeles sparks @ washington mystics|pa|over|2026-08-15T22:38:43.785968+00:00|0.705104,2026-08-15|nneka ogwumike|los angeles sparks @ washington mystics|pa|over,2026-08-15T22:38:43.785968+00:00,2026-08-15,Los Angeles Sparks @ Washington Mystics,Nneka Ogwumike,PA,OVER,18.5,-102.0,FanDuel,0.50495,0.705104,fb34593d0254499b2271f527,2026-08-15T23:18:13.480422+00:00,11.78,18.5,-110.0,FanDuel,fanduel,player_points_assists,0.52381,0.0,0.018859,0.018859,0.181294,True,True,EXPLICIT_SAME_BOOK_CLOSE,PENDING,
2026-08-15|nneka ogwumike|los angeles sparks @ washington mystics|pa|over|2026-08-15T22:58:44.786860+00:00|0.705104,2026-08-15|nneka ogwumike|los angeles sparks @ washington mystics|pa|over,2026-08-15T22:58:44.786860+00:00,2026-08-15,Los Angeles Sparks @ Washington Mystics,Nneka Ogwumike,PA,OVER,18.5,-102.0,FanDuel,0.50495,0.705104,fb34593d0254499b2271f527,2026-08-15T23:18:13.480422+00:00,11.78,18.5,-110.0,FanDuel,fanduel,player_points_assists,0.52381,0.0,0.018859,0.018859,0.181294,True,True,EXPLICIT_SAME_BOOK_CLOSE,PENDING,
2026-08-15|nneka ogwumike|los angeles sparks @ washington mystics|pa|over|2026-08-15T23:40:58.015375+00:00|0.705104,2026-08-15|nneka ogwumike|los angeles sparks @ washington mystics|pa|over,2026-08-15T23:40:58.015375+00:00,2026-08-15,Los Angeles Sparks @ Washington Mystics,Nneka Ogwumike,PA,OVER,18.5,-102.0,FanDuel,0.50495,0.705104,fb34593d0254499b2271f527,2026-08-15T23:18:13.480422+00:00,11.78,18.5,-110.0,FanDuel,fanduel,player_points_assists,0.52381,0.0,0.018859,0.018859,0.181294,True,True,EXPLICIT_SAME_BOOK_CLOSE,PENDING,
2026-08-15|nneka ogwumike|los angeles sparks @ washington mystics|pa|under|2026-08-15T10:59:30.272276+00:00|0.465232,2026-08-15|nneka ogwumike|los angeles sparks @ washington mystics|pa|under,2026-08-15T10:59:30.272276+00:00,2026-08-15,Los Angeles Sparks @ Washington Mystics,Nneka Ogwumike,PA,UNDER,18.5,-120.0,DraftKings,0.545455,0.465232,ee1f1f1c4c73d7968804e175,2026-08-15T23:18:13.480422+00:00,11.78,19.5,-130.0,DraftKings,draftkings,player_points_assists,0.565217,-1.0,0.019763,0.019763,-0.099985,True,False,EXPLICIT_SAME_BOOK_CLOSE,PENDING,
2026-08-15|nneka ogwumike|los angeles sparks @ washington mystics|pa|under|2026-08-15T11:37:38.316341+00:00|0.465232,2026-08-15|nneka ogwumike|los angeles sparks @ washington mystics|pa|under,2026-08-15T11:37:38.316341+00:00,2026-08-15,Los Angeles Sparks @ Washington Mystics,Nneka Ogwumike,PA,UNDER,18.5,-120.0,DraftKings,0.545455,0.465232,ee1f1f1c4c73d7968804e175,2026-08-15T23:18:13.480422+00:00,11.78,19.5,-130.0,DraftKings,draftkings,player_points_assists,0.565217,-1.0,0.019763,0.019763,-0.099985,True,False,EXPLICIT_SAME_BOOK_CLOSE,PENDING,
2026-08-15|nneka ogwumike|los angeles sparks @ washington mystics|pa|under|2026-08-15T11:57:22.075495+00:00|0.465232,2026-08-15|nneka ogwumike|los angeles sparks @ washington mystics|pa|under,2026-08-15T11:57:22.075495+00:00,2026-08-15,Los Angeles Sparks @ Washington Mystics,Nneka Ogwumike,PA,UNDER,18.5,-120.0,DraftKings,0.545455,0.465232,ee1f1f1c4c73d7968804e175,2026-08-15T23:18:13.480422+00:00,11.78,19.5,-130.0,DraftKings,draftkings,player_points_assists,0.565217,-1.0,0.019763,0.019763,-0.099985,True,False,EXPLICIT_SAME_BOOK_CLOSE,PENDING,
2026-08-15|nneka ogwumike|los angeles sparks @ washington mystics|pa|under|2026-08-15T12:59:45.246898+00:00|0.465232,2026-08-15|nneka ogwumike|los angeles sparks @ washington mystics|pa|under,2026-08-15T12:59:45.246898+00:00,2026-08-15,Los Angeles Sparks @ Washington Mystics,Nneka Ogwumike,PA,UNDER,18.5,-120.0,DraftKings,0.545455,0.465232,ee1f1f1c4c73d7968804e175,2026-08-15T23:18:13.480422+00:00,11.78,19.5,-130.0,DraftKings,draftkings,player_points_assists,0.565217,-1.0,0.019763,0.019763,-0.099985,True,False,EXPLICIT_SAME_BOOK_CLOSE,PENDING,
2026-08-15|nneka ogwumike|los angeles sparks @ washington mystics|pa|under|2026-08-15T13:19:00.048599+00:00|0.465232,2026-08-15|nneka ogwumike|los angeles sparks @ washington mystics|pa|under,2026-08-15T13:19:00.048599+00:00,2026-08-15,Los Angeles Sparks @ Washington Mystics,Nneka Ogwumike,PA,UNDER,18.5,-120.0,DraftKings,0.545455,0.465232,ee1f1f1c4c73d7968804e175,2026-08-15T23:18:13.480422+00:00,11.78,19.5,-130.0,DraftKings,draftkings,player_points_assists,0.565217,-1.0,0.019763,0.019763,-0.099985,True,False,EXPLICIT_SAME_BOOK_CLOSE,PENDING,
2026-08-15|nneka ogwumike|los angeles sparks @ washington mystics|pa|under|2026-08-15T14:00:20.819656+00:00|0.46441,2026-08-15|nneka ogwumike|los angeles sparks @ washington mystics|pa|under,2026-08-15T14:00:20.819656+00:00,2026-08-15,Los Angeles Sparks @ Washington Mystics,Nneka Ogwumike,PA,UNDER,18.5,-113.0,DraftKings,0.530516,0.46441,ee1f1f1c4c73d7968804e175,2026-08-15T23:18:13.480422+00:00,11.78,19.5,-130.0,DraftKings,draftkings,player_points_assists,0.565217,-1.0,0.034701,0.034701,-0.100807,True,False,EXPLICIT_SAME_BOOK_CLOSE,PENDING,
2026-08-15|nneka ogwumike|los angeles sparks @ washington mystics|pa|under|2026-08-15T14:39:33.056630+00:00|0.46441,2026-08-15|nneka ogwumike|los angeles sparks @ washington mystics|pa|under,2026-08-15T14:39:33.056630+00:00,2026-08-15,Los Angeles Sparks @ Washington Mystics,Nneka Ogwumike,PA,UNDER,18.5,-113.0,DraftKings,0.530516,0.46441,ee1f1f1c4c73d7968804e175,2026-08-15T23:18:13.480422+00:00,11.78,19.5,-130.0,DraftKings,draftkings,player_points_assists,0.565217,-1.0,0.034701,0.034701,-0.100807,True,False,EXPLICIT_SAME_BOOK_CLOSE,PENDING,
2026-08-15|nneka ogwumike|los angeles sparks @ washington mystics|pa|under|2026-08-15T15:00:16.446702+00:00|0.46441,2026-08-15|nneka ogwumike|los angeles sparks @ washington mystics|pa|under,2026-08-15T15:00:16.446702+00:00,2026-08-15,Los Angeles Sparks @ Washington Mystics,Nneka Ogwumike,PA,UNDER,18.5,-113.0,DraftKings,0.530516,0.46441,ee1f1f1c4c73d7968804e175,2026-08-15T23:18:13.480422+00:00,11.78,19.5,-130.0,DraftKings,draftkings,player_points_assists,0.565217,-1.0,0.034701,0.034701,-0.100807,True,False,EXPLICIT_SAME_BOOK_CLOSE,PENDING,
2026-08-15|nneka ogwumike|los angeles sparks @ washington mystics|pa|under|2026-08-15T15:56:41.397541+00:00|0.46441,2026-08-15|nneka ogwumike|los angeles sparks @ washington mystics|pa|under,2026-08-15T15:56:41.397541+00:00,2026-08-15,Los Angeles Sparks @ Washington Mystics,Nneka Ogwumike,PA,UNDER,18.5,-113.0,DraftKings,0.530516,0.46441,ee1f1f1c4c73d7968804e175,2026-08-15T23:18:13.480422+00:00,11.78,19.5,-130.0,DraftKings,draftkings,player_points_assists,0.565217,-1.0,0.034701,0.034701,-0.100807,True,False,EXPLICIT_SAME_BOOK_CLOSE,PENDING,
2026-08-15|nneka ogwumike|los angeles sparks @ washington mystics|pa|under|2026-08-15T16:40:58.435903+00:00|0.46441,2026-08-15|nneka ogwumike|los angeles sparks @ washington mystics|pa|under,2026-08-15T16:40:58.435903+00:00,2026-08-15,Los Angeles Sparks @ Washington Mystics,Nneka Ogwumike,PA,UNDER,18.5,-113.0,DraftKings,0.530516,0.46441,ee1f1f1c4c73d7968804e175,2026-08-15T23:18:13.480422+00:00,11.78,19.5,-130.0,DraftKings,draftkings,player_points_assists,0.565217,-1.0,0.034701,0.034701,-0.100807,True,False,EXPLICIT_SAME_BOOK_CLOSE,PENDING,
2026-08-15|nneka ogwumike|los angeles sparks @ washington mystics|pa|under|2026-08-15T16:59:57.449708+00:00|0.465344,2026-08-15|nneka ogwumike|los angeles sparks @ washington mystics|pa|under,2026-08-15T16:59:57.449708+00:00,2026-08-15,Los Angeles Sparks @ Washington Mystics,Nneka Ogwumike,PA,UNDER,18.5,-121.0,DraftKings,0.547511,0.465344,ee1f1f1c4c73d7968804e175,2026-08-15T23:18:13.480422+00:00,11.78,19.5,-130.0,DraftKings,draftkings,player_points_assists,0.565217,-1.0,0.017706,0.017706,-0.099873,True,False,EXPLICIT_SAME_BOOK_CLOSE,PENDING,
2026-08-15|nneka ogwumike|los angeles sparks @ washington mystics|pa|under|2026-08-15T17:36:49.057441+00:00|0.465344,2026-08-15|nneka ogwumike|los angeles sparks @ washington mystics|pa|under,2026-08-15T17:36:49.057441+00:00,2026-08-15,Los Angeles Sparks @ Washington Mystics,Nneka Ogwumike,PA,UNDER,18.5,-121.0,DraftKings,0.547511,0.465344,ee1f1f1c4c73d7968804e175,2026-08-15T23:18:13.480422+00:00,11.78,19.5,-130.0,DraftKings,draftkings,player_points_assists,0.565217,-1.0,0.017706,0.017706,-0.099873,True,False,EXPLICIT_SAME_BOOK_CLOSE,PENDING,
2026-08-15|nneka ogwumike|los angeles sparks @ washington mystics|pa|under|2026-08-15T17:58:18.784460+00:00|0.465344,2026-08-15|nneka ogwumike|los angeles sparks @ washington mystics|pa|under,2026-08-15T17:58:18.784460+00:00,2026-08-15,Los Angeles Sparks @ Washington Mystics,Nneka Ogwumike,PA,UNDER,18.5,-121.0,DraftKings,0.547511,0.465344,ee1f1f1c4c73d7968804e175,2026-08-15T23:18:13.480422+00:00,11.78,19.5,-130.0,DraftKings,draftkings,player_points_assists,0.565217,-1.0,0.017706,0.017706,-0.099873,True,False,EXPLICIT_SAME_BOOK_CLOSE,PENDING,
2026-08-15|nneka ogwumike|los angeles sparks @ washington mystics|pa|under|2026-08-15T18:48:26.623952+00:00|0.465344,2026-08-15|nneka ogwumike|los angeles sparks @ washington mystics|pa|under,2026-08-15T18:48:26.623952+00:00,2026-08-15,Los Angeles Sparks @ Washington Mystics,Nneka Ogwumike,PA,UNDER,18.5,-121.0,DraftKings,0.547511,0.465344,ee1f1f1c4c73d7968804e175,2026-08-15T23:18:13.480422+00:00,11.78,19.5,-130.0,DraftKings,draftkings,player_points_assists,0.565217,-1.0,0.017706,0.017706,-0.099873,True,False,EXPLICIT_SAME_BOOK_CLOSE,PENDING,
2026-08-15|nneka ogwumike|los angeles sparks @ washington mystics|pa|under|2026-08-15T19:03:50.105082+00:00|0.465344,2026-08-15|nneka ogwumike|los angeles sparks @ washington mystics|pa|under,2026-08-15T19:03:50.105082+00:00,2026-08-15,Los Angeles Sparks @ Washington Mystics,Nneka Ogwumike,PA,UNDER,18.5,-121.0,DraftKings,0.547511,0.465344,ee1f1f1c4c73d7968804e175,2026-08-15T23:18:13.480422+00:00,11.78,19.5,-130.0,DraftKings,draftkings,player_points_assists,0.565217,-1.0,0.017706,0.017706,-0.099873,True,False,EXPLICIT_SAME_BOOK_CLOSE,PENDING,
2026-08-15|nneka ogwumike|los angeles sparks @ washington mystics|pa|under|2026-08-15T19:42:05.879517+00:00|0.465344,2026-08-15|nneka ogwumike|los angeles sparks @ washington mystics|pa|under,2026-08-15T19:42:05.879517+00:00,2026-08-15,Los Angeles Sparks @ Washington Mystics,Nneka Ogwumike,PA,UNDER,18.5,-121.0,DraftKings,0.547511,0.465344,ee1f1f1c4c73d7968804e175,2026-08-15T23:18:13.480422+00:00,11.78,19.5,-130.0,DraftKings,draftkings,player_points_assists,0.565217,-1.0,0.017706,0.017706,-0.099873,True,False,EXPLICIT_SAME_BOOK_CLOSE,PENDING,
2026-08-15|nneka ogwumike|los angeles sparks @ washington mystics|pa|under|2026-08-15T19:56:46.104978+00:00|0.465344,2026-08-15|nneka ogwumike|los angeles sparks @ washington mystics|pa|under,2026-08-15T19:56:46.104978+00:00,2026-08-15,Los Angeles Sparks @ Washington Mystics,Nneka Ogwumike,PA,UNDER,18.5,-121.0,DraftKings,0.547511,0.465344,ee1f1f1c4c73d7968804e175,2026-08-15T23:18:13.480422+00:00,11.78,19.5,-130.0,DraftKings,draftkings,player_points_assists,0.565217,-1.0,0.017706,0.017706,-0.099873,True,False,EXPLICIT_SAME_BOOK_CLOSE,PENDING,
2026-08-15|nneka ogwumike|los angeles sparks @ washington mystics|pa|under|2026-08-15T20:39:13.403881+00:00|0.465344,2026-08-15|nneka ogwumike|los angeles sparks @ washington mystics|pa|under,2026-08-15T20:39:13.403881+00:00,2026-08-15,Los Angeles Sparks @ Washington Mystics,Nneka Ogwumike,PA,UNDER,18.5,-121.0,DraftKings,0.547511,0.465344,ee1f1f1c4c73d7968804e175,2026-08-15T23:18:13.480422+00:00,11.78,19.5,-130.0,DraftKings,draftkings,player_points_assists,0.565217,-1.0,0.017706,0.017706,-0.099873,True,False,EXPLICIT_SAME_BOOK_CLOSE,PENDING,
2026-08-15|nneka ogwumike|los angeles sparks @ washington mystics|pa|under|2026-08-15T21:00:13.752588+00:00|0.464284,2026-08-15|nneka ogwumike|los angeles sparks @ washington mystics|pa|under,2026-08-15T21:00:13.752588+00:00,2026-08-15,Los Angeles Sparks @ Washington Mystics,Nneka Ogwumike,PA,UNDER,18.5,-112.0,DraftKings,0.528302,0.464284,ee1f1f1c4c73d7968804e175,2026-08-15T23:18:13.480422+00:00,11.78,19.5,-130.0,DraftKings,draftkings,player_points_assists,0.565217,-1.0,0.036916,0.036916,-0.100933,True,False,EXPLICIT_SAME_BOOK_CLOSE,PENDING,
2026-08-15|nneka ogwumike|los angeles sparks @ washington mystics|pa|under|2026-08-15T21:35:34.997167+00:00|0.464284,2026-08-15|nneka ogwumike|los angeles sparks @ washington mystics|pa|under,2026-08-15T21:35:34.997167+00:00,2026-08-15,Los Angeles Sparks @ Washington Mystics,Nneka Ogwumike,PA,UNDER,18.5,-112.0,DraftKings,0.528302,0.464284,ee1f1f1c4c73d7968804e175,2026-08-15T23:18:13.480422+00:00,11.78,19.5,-130.0,DraftKings,draftkings,player_points_assists,0.565217,-1.0,0.036916,0.036916,-0.100933,True,False,EXPLICIT_SAME_BOOK_CLOSE,PENDING,
2026-08-15|nneka ogwumike|los angeles sparks @ washington mystics|pa|under|2026-08-15T21:58:02.208346+00:00|0.464284,2026-08-15|nneka ogwumike|los angeles sparks @ washington mystics|pa|under,2026-08-15T21:58:02.208346+00:00,2026-08-15,Los Angeles Sparks @ Washington Mystics,Nneka Ogwumike,PA,UNDER,18.5,-112.0,DraftKings,0.528302,0.464284,ee1f1f1c4c73d7968804e175,2026-08-15T23:18:13.480422+00:00,11.78,19.5,-130.0,DraftKings,draftkings,player_points_assists,0.565217,-1.0,0.036916,0.036916,-0.100933,True,False,EXPLICIT_SAME_BOOK_CLOSE,PENDING,
2026-08-15|nneka ogwumike|los angeles sparks @ washington mystics|pa|under|2026-08-15T22:38:43.785968+00:00|0.464284,2026-08-15|nneka ogwumike|los angeles sparks @ washington mystics|pa|under,2026-08-15T22:38:43.785968+00:00,2026-08-15,Los Angeles Sparks @ Washington Mystics,Nneka Ogwumike,PA,UNDER,18.5,-112.0,DraftKings,0.528302,0.464284,ee1f1f1c4c73d7968804e175,2026-08-15T23:18:13.480422+00:00,11.78,19.5,-130.0,DraftKings,draftkings,player_points_assists,0.565217,-1.0,0.036916,0.036916,-0.100933,True,False,EXPLICIT_SAME_BOOK_CLOSE,PENDING,
2026-08-15|nneka ogwumike|los angeles sparks @ washington mystics|pa|under|2026-08-15T22:58:44.786860+00:00|0.464284,2026-08-15|nneka ogwumike|los angeles sparks @ washington mystics|pa|under,2026-08-15T22:58:44.786860+00:00,2026-08-15,Los Angeles Sparks @ Washington Mystics,Nneka Ogwumike,PA,UNDER,18.5,-112.0,DraftKings,0.528302,0.464284,ee1f1f1c4c73d7968804e175,2026-08-15T23:18:13.480422+00:00,11.78,19.5,-130.0,DraftKings,draftkings,player_points_assists,0.565217,-1.0,0.036916,0.036916,-0.100933,True,False,EXPLICIT_SAME_BOOK_CLOSE,PENDING,
2026-08-15|nneka ogwumike|los angeles sparks @ washington mystics|pa|under|2026-08-15T23:40:58.015375+00:00|0.464284,2026-08-15|nneka ogwumike|los angeles sparks @ washington mystics|pa|under,2026-08-15T23:40:58.015375+00:00,2026-08-15,Los Angeles Sparks @ Washington Mystics,Nneka Ogwumike,PA,UNDER,18.5,-112.0,DraftKings,0.528302,0.464284,ee1f1f1c4c73d7968804e175,2026-08-15T23:18:13.480422+00:00,11.78,19.5,-130.0,DraftKings,draftkings,player_points_assists,0.565217,-1.0,0.036916,0.036916,-0.100933,True,False,EXPLICIT_SAME_BOOK_CLOSE,PENDING,
2026-08-15|nneka ogwumike|los angeles sparks @ washington mystics|pra|over|2026-08-15T10:59:30.272276+00:00|0.684791,2026-08-15|nneka ogwumike|los angeles sparks @ washington mystics|pra|over,2026-08-15T10:59:30.272276+00:00,2026-08-15,Los Angeles Sparks @ Washington Mystics,Nneka Ogwumike,PRA,OVER,26.5,-114.0,FanDuel,0.53271,0.684791,e72b8499e48eefe8ac3e95be,2026-08-15T23:18:13.480422+00:00,11.78,27.5,-102.0,FanDuel,fanduel,player_points_rebounds_assists,0.50495,1.0,-0.02776,-0.02776,0.179841,True,False,EXPLICIT_SAME_BOOK_CLOSE,PENDING,
2026-08-15|nneka ogwumike|los angeles sparks @ washington mystics|pra|over|2026-08-15T11:37:38.316341+00:00|0.684791,2026-08-15|nneka ogwumike|los angeles sparks @ washington mystics|pra|over,2026-08-15T11:37:38.316341+00:00,2026-08-15,Los Angeles Sparks @ Washington Mystics,Nneka Ogwumike,PRA,OVER,26.5,-114.0,FanDuel,0.53271,0.684791,e72b8499e48eefe8ac3e95be,2026-08-15T23:18:13.480422+00:00,11.78,27.5,-102.0,FanDuel,fanduel,player_points_rebounds_assists,0.50495,1.0,-0.02776,-0.02776,0.179841,True,False,EXPLICIT_SAME_BOOK_CLOSE,PENDING,
2026-08-15|nneka ogwumike|los angeles sparks @ washington mystics|pra|over|2026-08-15T11:57:22.075495+00:00|0.684791,2026-08-15|nneka ogwumike|los angeles sparks @ washington mystics|pra|over,2026-08-15T11:57:22.075495+00:00,2026-08-15,Los Angeles Sparks @ Washington Mystics,Nneka Ogwumike,PRA,OVER,26.5,-114.0,FanDuel,0.53271,0.684791,e72b8499e48eefe8ac3e95be,2026-08-15T23:18:13.480422+00:00,11.78,27.5,-102.0,FanDuel,fanduel,player_points_rebounds_assists,0.50495,1.0,-0.02776,-0.02776,0.179841,True,False,EXPLICIT_SAME_BOOK_CLOSE,PENDING,
2026-08-15|nneka ogwumike|los angeles sparks @ washington mystics|pra|over|2026-08-15T12:59:45.246898+00:00|0.684791,2026-08-15|nneka ogwumike|los angeles sparks @ washington mystics|pra|over,2026-08-15T12:59:45.246898+00:00,2026-08-15,Los Angeles Sparks @ Washington Mystics,Nneka Ogwumike,PRA,OVER,26.5,-114.0,FanDuel,0.53271,0.684791,e72b8499e48eefe8ac3e95be,2026-08-15T23:18:13.480422+00:00,11.78,27.5,-102.0,FanDuel,fanduel,player_points_rebounds_assists,0.50495,1.0,-0.02776,-0.02776,0.179841,True,False,EXPLICIT_SAME_BOOK_CLOSE,PENDING,
2026-08-15|nneka ogwumike|los angeles sparks @ washington mystics|pra|over|2026-08-15T13:19:00.048599+00:00|0.684502,2026-08-15|nneka ogwumike|los angeles sparks @ washington mystics|pra|over,2026-08-15T13:19:00.048599+00:00,2026-08-15,Los Angeles Sparks @ Washington Mystics,Nneka Ogwumike,PRA,OVER,26.5,-115.0,BetOnline.ag,0.534884,0.684502,e72b8499e48eefe8ac3e95be,2026-08-15T23:18:13.480422+00:00,11.78,27.5,-102.0,FanDuel,fanduel,player_points_rebounds_assists,0.50495,1.0,-0.029933,-0.029933,0.179552,False,False,EXPLICIT_MARKET_CLOSE,PENDING,
2026-08-15|nneka ogwumike|los angeles sparks @ washington mystics|pra|over|2026-08-15T14:00:20.819656+00:00|0.684502,2026-08-15|nneka ogwumike|los angeles sparks @ washington mystics|pra|over,2026-08-15T14:00:20.819656+00:00,2026-08-15,Los Angeles Sparks @ Washington Mystics,Nneka Ogwumike,PRA,OVER,26.5,-115.0,BetOnline.ag,0.534884,0.684502,e72b8499e48eefe8ac3e95be,2026-08-15T23:18:13.480422+00:00,11.78,27.5,-102.0,FanDuel,fanduel,player_points_rebounds_assists,0.50495,1.0,-0.029933,-0.029933,0.179552,False,False,EXPLICIT_MARKET_CLOSE,PENDING,
2026-08-15|nneka ogwumike|los angeles sparks @ washington mystics|pra|over|2026-08-15T14:39:33.056630+00:00|0.684502,2026-08-15|nneka ogwumike|los angeles sparks @ washington mystics|pra|over,2026-08-15T14:39:33.056630+00:00,2026-08-15,Los Angeles Sparks @ Washington Mystics,Nneka Ogwumike,PRA,OVER,26.5,-115.0,BetOnline.ag,0.534884,0.684502,e72b8499e48eefe8ac3e95be,2026-08-15T23:18:13.480422+00:00,11.78,27.5,-102.0,FanDuel,fanduel,player_points_rebounds_assists,0.50495,1.0,-0.029933,-0.029933,0.179552,False,False,EXPLICIT_MARKET_CLOSE,PENDING,
2026-08-15|nneka ogwumike|los angeles sparks @ washington mystics|pra|over|2026-08-15T15:00:16.446702+00:00|0.684502,2026-08-15|nneka ogwumike|los angeles sparks @ washington mystics|pra|over,2026-08-15T15:00:16.446702+00:00,2026-08-15,Los Angeles Sparks @ Washington Mystics,Nneka Ogwumike,PRA,OVER,26.5,-115.0,BetOnline.ag,0.534884,0.684502,e72b8499e48eefe8ac3e95be,2026-08-15T23:18:13.480422+00:00,11.78,27.5,-102.0,FanDuel,fanduel,player_points_rebounds_assists,0.50495,1.0,-0.029933,-0.029933,0.179552,False,False,EXPLICIT_MARKET_CLOSE,PENDING,
2026-08-15|nneka ogwumike|los angeles sparks @ washington mystics|pra|over|2026-08-15T15:56:41.397541+00:00|0.683287,2026-08-15|nneka ogwumike|los angeles sparks @ washington mystics|pra|over,2026-08-15T15:56:41.397541+00:00,2026-08-15,Los Angeles Sparks @ Washington Mystics,Nneka Ogwumike,PRA,OVER,26.5,-120.0,BetRivers,0.545455,0.683287,e72b8499e48eefe8ac3e95be,2026-08-15T23:18:13.480422+00:00,11.78,27.5,-102.0,FanDuel,fanduel,player_points_rebounds_assists,0.50495,1.0,-0.040504,-0.040504,0.178337,False,False,EXPLICIT_MARKET_CLOSE,PENDING,
2026-08-15|nneka ogwumike|los angeles sparks @ washington mystics|pra|over|2026-08-15T16:40:58.435903+00:00|0.683287,2026-08-15|nneka ogwumike|los angeles sparks @ washington mystics|pra|over,2026-08-15T16:40:58.435903+00:00,2026-08-15,Los Angeles Sparks @ Washington Mystics,Nneka Ogwumike,PRA,OVER,26.5,-120.0,BetRivers,0.545455,0.683287,e72b8499e48eefe8ac3e95be,2026-08-15T23:18:13.480422+00:00,11.78,27.5,-102.0,FanDuel,fanduel,player_points_rebounds_assists,0.50495,1.0,-0.040504,-0.040504,0.178337,False,False,EXPLICIT_MARKET_CLOSE,PENDING,
2026-08-15|nneka ogwumike|los angeles sparks @ washington mystics|pra|over|2026-08-15T16:59:57.449708+00:00|0.684791,2026-08-15|nneka ogwumike|los angeles sparks @ washington mystics|pra|over,2026-08-15T16:59:57.449708+00:00,2026-08-15,Los Angeles Sparks @ Washington Mystics,Nneka Ogwumike,PRA,OVER,26.5,-114.0,DraftKings,0.53271,0.684791,3b4ea3f6fe357a0a0cd247a5,2026-08-15T23:18:13.480422+00:00,11.78,27.5,-121.0,DraftKings,draftkings,player_points_rebounds_assists,0.547511,1.0,0.014801,0.014801,0.13728,True,False,EXPLICIT_SAME_BOOK_CLOSE,PENDING,
2026-08-15|nneka ogwumike|los angeles sparks @ washington mystics|pra|over|2026-08-15T17:36:49.057441+00:00|0.684791,2026-08-15|nneka ogwumike|los angeles sparks @ washington mystics|pra|over,2026-08-15T17:36:49.057441+00:00,2026-08-15,Los Angeles Sparks @ Washington Mystics,Nneka Ogwumike,PRA,OVER,26.5,-114.0,DraftKings,0.53271,0.684791,3b4ea3f6fe357a0a0cd247a5,2026-08-15T23:18:13.480422+00:00,11.78,27.5,-121.0,DraftKings,draftkings,player_points_rebounds_assists,0.547511,1.0,0.014801,0.014801,0.13728,True,False,EXPLICIT_SAME_BOOK_CLOSE,PENDING,
2026-08-15|nneka ogwumike|los angeles sparks @ washington mystics|pra|over|2026-08-15T17:58:18.784460+00:00|0.684791,2026-08-15|nneka ogwumike|los angeles sparks @ washington mystics|pra|over,2026-08-15T17:58:18.784460+00:00,2026-08-15,Los Angeles Sparks @ Washington Mystics,Nneka Ogwumike,PRA,OVER,26.5,-114.0,DraftKings,0.53271,0.684791,3b4ea3f6fe357a0a0cd247a5,2026-08-15T23:18:13.480422+00:00,11.78,27.5,-121.0,DraftKings,draftkings,player_points_rebounds_assists,0.547511,1.0,0.014801,0.014801,0.13728,True,False,EXPLICIT_SAME_BOOK_CLOSE,PENDING,
2026-08-15|nneka ogwumike|los angeles sparks @ washington mystics|pra|over|2026-08-15T18:48:26.623952+00:00|0.684791,2026-08-15|nneka ogwumike|los angeles sparks @ washington mystics|pra|over,2026-08-15T18:48:26.623952+00:00,2026-08-15,Los Angeles Sparks @ Washington Mystics,Nneka Ogwumike,PRA,OVER,26.5,-114.0,DraftKings,0.53271,0.684791,3b4ea3f6fe357a0a0cd247a5,2026-08-15T23:18:13.480422+00:00,11.78,27.5,-121.0,DraftKings,draftkings,player_points_rebounds_assists,0.547511,1.0,0.014801,0.014801,0.13728,True,False,EXPLICIT_SAME_BOOK_CLOSE,PENDING,
2026-08-15|nneka ogwumike|los angeles sparks @ washington mystics|pra|over|2026-08-15T19:03:50.105082+00:00|0.684791,2026-08-15|nneka ogwumike|los angeles sparks @ washington mystics|pra|over,2026-08-15T19:03:50.105082+00:00,2026-08-15,Los Angeles Sparks @ Washington Mystics,Nneka Ogwumike,PRA,OVER,26.5,-114.0,DraftKings,0.53271,0.684791,3b4ea3f6fe357a0a0cd247a5,2026-08-15T23:18:13.480422+00:00,11.78,27.5,-121.0,DraftKings,draftkings,player_points_rebounds_assists,0.547511,1.0,0.014801,0.014801,0.13728,True,False,EXPLICIT_SAME_BOOK_CLOSE,PENDING,
2026-08-15|nneka ogwumike|los angeles sparks @ washington mystics|pra|over|2026-08-15T19:42:05.879517+00:00|0.684791,2026-08-15|nneka ogwumike|los angeles sparks @ washington mystics|pra|over,2026-08-15T19:42:05.879517+00:00,2026-08-15,Los Angeles Sparks @ Washington Mystics,Nneka Ogwumike,PRA,OVER,26.5,-114.0,DraftKings,0.53271,0.684791,3b4ea3f6fe357a0a0cd247a5,2026-08-15T23:18:13.480422+00:00,11.78,27.5,-121.0,DraftKings,draftkings,player_points_rebounds_assists,0.547511,1.0,0.014801,0.014801,0.13728,True,False,EXPLICIT_SAME_BOOK_CLOSE,PENDING,
2026-08-15|nneka ogwumike|los angeles sparks @ washington mystics|pra|over|2026-08-15T19:56:46.104978+00:00|0.684791,2026-08-15|nneka ogwumike|los angeles sparks @ washington mystics|pra|over,2026-08-15T19:56:46.104978+00:00,2026-08-15,Los Angeles Sparks @ Washington Mystics,Nneka Ogwumike,PRA,OVER,26.5,-114.0,DraftKings,0.53271,0.684791,3b4ea3f6fe357a0a0cd247a5,2026-08-15T23:18:13.480422+00:00,11.78,27.5,-121.0,DraftKings,draftkings,player_points_rebounds_assists,0.547511,1.0,0.014801,0.014801,0.13728,True,False,EXPLICIT_SAME_BOOK_CLOSE,PENDING,
2026-08-15|nneka ogwumike|los angeles sparks @ washington mystics|pra|over|2026-08-15T20:39:13.403881+00:00|0.684791,2026-08-15|nneka ogwumike|los angeles sparks @ washington mystics|pra|over,2026-08-15T20:39:13.403881+00:00,2026-08-15,Los Angeles Sparks @ Washington Mystics,Nneka Ogwumike,PRA,OVER,26.5,-114.0,DraftKings,0.53271,0.684791,3b4ea3f6fe357a0a0cd247a5,2026-08-15T23:18:13.480422+00:00,11.78,27.5,-121.0,DraftKings,draftkings,player_points_rebounds_assists,0.547511,1.0,0.014801,0.014801,0.13728,True,False,EXPLICIT_SAME_BOOK_CLOSE,PENDING,
2026-08-15|nneka ogwumike|los angeles sparks @ washington mystics|pra|over|2026-08-15T21:00:13.752588+00:00|0.683727,2026-08-15|nneka ogwumike|los angeles sparks @ washington mystics|pra|over,2026-08-15T21:00:13.752588+00:00,2026-08-15,Los Angeles Sparks @ Washington Mystics,Nneka Ogwumike,PRA,OVER,26.5,-118.0,FanDuel,0.541284,0.683727,e72b8499e48eefe8ac3e95be,2026-08-15T23:18:13.480422+00:00,11.78,27.5,-102.0,FanDuel,fanduel,player_points_rebounds_assists,0.50495,1.0,-0.036334,-0.036334,0.178777,True,False,EXPLICIT_SAME_BOOK_CLOSE,PENDING,
2026-08-15|nneka ogwumike|los angeles sparks @ washington mystics|pra|over|2026-08-15T21:35:34.997167+00:00|0.683727,2026-08-15|nneka ogwumike|los angeles sparks @ washington mystics|pra|over,2026-08-15T21:35:34.997167+00:00,2026-08-15,Los Angeles Sparks @ Washington Mystics,Nneka Ogwumike,PRA,OVER,26.5,-118.0,FanDuel,0.541284,0.683727,e72b8499e48eefe8ac3e95be,2026-08-15T23:18:13.480422+00:00,11.78,27.5,-102.0,FanDuel,fanduel,player_points_rebounds_assists,0.50495,1.0,-0.036334,-0.036334,0.178777,True,False,EXPLICIT_SAME_BOOK_CLOSE,PENDING,
2026-08-15|nneka ogwumike|los angeles sparks @ washington mystics|pra|over|2026-08-15T21:58:02.208346+00:00|0.683727,2026-08-15|nneka ogwumike|los angeles sparks @ washington mystics|pra|over,2026-08-15T21:58:02.208346+00:00,2026-08-15,Los Angeles Sparks @ Washington Mystics,Nneka Ogwumike,PRA,OVER,26.5,-118.0,FanDuel,0.541284,0.683727,e72b8499e48eefe8ac3e95be,2026-08-15T23:18:13.480422+00:00,11.78,27.5,-102.0,FanDuel,fanduel,player_points_rebounds_assists,0.50495,1.0,-0.036334,-0.036334,0.178777,True,False,EXPLICIT_SAME_BOOK_CLOSE,PENDING,
2026-08-15|nneka ogwumike|los angeles sparks @ washington mystics|pra|over|2026-08-15T22:38:43.785968+00:00|0.683727,2026-08-15|nneka ogwumike|los angeles sparks @ washington mystics|pra|over,2026-08-15T22:38:43.785968+00:00,2026-08-15,Los Angeles Sparks @ Washington Mystics,Nneka Ogwumike,PRA,OVER,26.5,-118.0,FanDuel,0.541284,0.683727,e72b8499e48eefe8ac3e95be,2026-08-15T23:18:13.480422+00:00,11.78,27.5,-102.0,FanDuel,fanduel,player_points_rebounds_assists,0.50495,1.0,-0.036334,-0.036334,0.178777,True,False,EXPLICIT_SAME_BOOK_CLOSE,PENDING,
2026-08-15|nneka ogwumike|los angeles sparks @ washington mystics|pra|over|2026-08-15T22:58:44.786860+00:00|0.683727,2026-08-15|nneka ogwumike|los angeles sparks @ washington mystics|pra|over,2026-08-15T22:58:44.786860+00:00,2026-08-15,Los Angeles Sparks @ Washington Mystics,Nneka Ogwumike,PRA,OVER,26.5,-118.0,FanDuel,0.541284,0.683727,e72b8499e48eefe8ac3e95be,2026-08-15T23:18:13.480422+00:00,11.78,27.5,-102.0,FanDuel,fanduel,player_points_rebounds_assists,0.50495,1.0,-0.036334,-0.036334,0.178777,True,False,EXPLICIT_SAME_BOOK_CLOSE,PENDING,
2026-08-15|nneka ogwumike|los angeles sparks @ washington mystics|pra|over|2026-08-15T23:40:58.015375+00:00|0.683727,2026-08-15|nneka ogwumike|los angeles sparks @ washington mystics|pra|over,2026-08-15T23:40:58.015375+00:00,2026-08-15,Los Angeles Sparks @ Washington Mystics,Nneka Ogwumike,PRA,OVER,26.5,-118.0,FanDuel,0.541284,0.683727,e72b8499e48eefe8ac3e95be,2026-08-15T23:18:13.480422+00:00,11.78,27.5,-102.0,FanDuel,fanduel,player_points_rebounds_assists,0.50495,1.0,-0.036334,-0.036334,0.178777,True,False,EXPLICIT_SAME_BOOK_CLOSE,PENDING,
2026-08-15|nneka ogwumike|los angeles sparks @ washington mystics|pra|under|2026-08-15T10:59:30.272276+00:00|0.451771,2026-08-15|nneka ogwumike|los angeles sparks @ washington mystics|pra|under,2026-08-15T10:59:30.272276+00:00,2026-08-15,Los Angeles Sparks @ Washington Mystics,Nneka Ogwumike,PRA,UNDER,26.5,-109.0,DraftKings,0.521531,0.451771,42393458a07c16031390c9da,2026-08-15T23:18:13.480422+00:00,11.78,27.5,-112.0,DraftKings,draftkings,player_points_rebounds_assists,0.528302,-1.0,0.006771,0.006771,-0.076531,True,False,EXPLICIT_SAME_BOOK_CLOSE,PENDING,
2026-08-15|nneka ogwumike|los angeles sparks @ washington mystics|pra|under|2026-08-15T11:37:38.316341+00:00|0.451771,2026-08-15|nneka ogwumike|los angeles sparks @ washington mystics|pra|under,2026-08-15T11:37:38.316341+00:00,2026-08-15,Los Angeles Sparks @ Washington Mystics,Nneka Ogwumike,PRA,UNDER,26.5,-109.0,DraftKings,0.521531,0.451771,42393458a07c16031390c9da,2026-08-15T23:18:13.480422+00:00,11.78,27.5,-112.0,DraftKings,draftkings,player_points_rebounds_assists,0.528302,-1.0,0.006771,0.006771,-0.076531,True,False,EXPLICIT_SAME_BOOK_CLOSE,PENDING,
2026-08-15|nneka ogwumike|los angeles sparks @ washington mystics|pra|under|2026-08-15T11:57:22.075495+00:00|0.451771,2026-08-15|nneka ogwumike|los angeles sparks @ washington mystics|pra|under,2026-08-15T11:57:22.075495+00:00,2026-08-15,Los Angeles Sparks @ Washington Mystics,Nneka Ogwumike,PRA,UNDER,26.5,-109.0,DraftKings,0.521531,0.451771,42393458a07c16031390c9da,2026-08-15T23:18:13.480422+00:00,11.78,27.5,-112.0,DraftKings,draftkings,player_points_rebounds_assists,0.528302,-1.0,0.006771,0.006771,-0.076531,True,False,EXPLICIT_SAME_BOOK_CLOSE,PENDING,
2026-08-15|nneka ogwumike|los angeles sparks @ washington mystics|pra|under|2026-08-15T12:59:45.246898+00:00|0.451771,2026-08-15|nneka ogwumike|los angeles sparks @ washington mystics|pra|under,2026-08-15T12:59:45.246898+00:00,2026-08-15,Los Angeles Sparks @ Washington Mystics,Nneka Ogwumike,PRA,UNDER,26.5,-109.0,DraftKings,0.521531,0.451771,42393458a07c16031390c9da,2026-08-15T23:18:13.480422+00:00,11.78,27.5,-112.0,DraftKings,draftkings,player_points_rebounds_assists,0.528302,-1.0,0.006771,0.006771,-0.076531,True,False,EXPLICIT_SAME_BOOK_CLOSE,PENDING,
2026-08-15|nneka ogwumike|los angeles sparks @ washington mystics|pra|under|2026-08-15T13:19:00.048599+00:00|0.451712,2026-08-15|nneka ogwumike|los angeles sparks @ washington mystics|pra|under,2026-08-15T13:19:00.048599+00:00,2026-08-15,Los Angeles Sparks @ Washington Mystics,Nneka Ogwumike,PRA,UNDER,26.5,-108.0,FanDuel,0.519231,0.451712,a1169e2f24a910845072abf6,2026-08-15T23:18:13.480422+00:00,11.78,27.5,-130.0,FanDuel,fanduel,player_points_rebounds_assists,0.565217,-1.0,0.045987,0.045987,-0.113505,True,False,EXPLICIT_SAME_BOOK_CLOSE,PENDING,
2026-08-15|nneka ogwumike|los angeles sparks @ washington mystics|pra|under|2026-08-15T14:00:20.819656+00:00|0.451601,2026-08-15|nneka ogwumike|los angeles sparks @ washington mystics|pra|under,2026-08-15T14:00:20.819656+00:00,2026-08-15,Los Angeles Sparks @ Washington Mystics,Nneka Ogwumike,PRA,UNDER,26.5,-106.0,DraftKings,0.514563,0.451601,42393458a07c16031390c9da,2026-08-15T23:18:13.480422+00:00,11.78,27.5,-112.0,DraftKings,draftkings,player_points_rebounds_assists,0.528302,-1.0,0.013739,0.013739,-0.076701,True,False,EXPLICIT_SAME_BOOK_CLOSE,PENDING,
2026-08-15|nneka ogwumike|los angeles sparks @ washington mystics|pra|under|2026-08-15T14:39:33.056630+00:00|0.451601,2026-08-15|nneka ogwumike|los angeles sparks @ washington mystics|pra|under,2026-08-15T14:39:33.056630+00:00,2026-08-15,Los Angeles Sparks @ Washington Mystics,Nneka Ogwumike,PRA,UNDER,26.5,-106.0,DraftKings,0.514563,0.451601,42393458a07c16031390c9da,2026-08-15T23:18:13.480422+00:00,11.78,27.5,-112.0,DraftKings,draftkings,player_points_rebounds_assists,0.528302,-1.0,0.013739,0.013739,-0.076701,True,False,EXPLICIT_SAME_BOOK_CLOSE,PENDING,
2026-08-15|nneka ogwumike|los angeles sparks @ washington mystics|pra|under|2026-08-15T15:00:16.446702+00:00|0.451601,2026-08-15|nneka ogwumike|los angeles sparks @ washington mystics|pra|under,2026-08-15T15:00:16.446702+00:00,2026-08-15,Los Angeles Sparks @ Washington Mystics,Nneka Ogwumike,PRA,UNDER,26.5,-106.0,DraftKings,0.514563,0.451601,42393458a07c16031390c9da,2026-08-15T23:18:13.480422+00:00,11.78,27.5,-112.0,DraftKings,draftkings,player_points_rebounds_assists,0.528302,-1.0,0.013739,0.013739,-0.076701,True,False,EXPLICIT_SAME_BOOK_CLOSE,PENDING,
2026-08-15|nneka ogwumike|los angeles sparks @ washington mystics|pra|under|2026-08-15T15:56:41.397541+00:00|0.451401,2026-08-15|nneka ogwumike|los angeles sparks @ washington mystics|pra|under,2026-08-15T15:56:41.397541+00:00,2026-08-15,Los Angeles Sparks @ Washington Mystics,Nneka Ogwumike,PRA,UNDER,26.5,-102.0,BetOnline.ag,0.50495,0.451401,a1169e2f24a910845072abf6,2026-08-15T23:18:13.480422+00:00,11.78,27.5,-130.0,FanDuel,fanduel,player_points_rebounds_assists,0.565217,-1.0,0.060267,0.060267,-0.113816,False,False,EXPLICIT_MARKET_CLOSE,PENDING,
2026-08-15|nneka ogwumike|los angeles sparks @ washington mystics|pra|under|2026-08-15T16:40:58.435903+00:00|0.451401,2026-08-15|nneka ogwumike|los angeles sparks @ washington mystics|pra|under,2026-08-15T16:40:58.435903+00:00,2026-08-15,Los Angeles Sparks @ Washington Mystics,Nneka Ogwumike,PRA,UNDER,26.5,-102.0,BetOnline.ag,0.50495,0.451401,a1169e2f24a910845072abf6,2026-08-15T23:18:13.480422+00:00,11.78,27.5,-130.0,FanDuel,fanduel,player_points_rebounds_assists,0.565217,-1.0,0.060267,0.060267,-0.113816,False,False,EXPLICIT_MARKET_CLOSE,PENDING,
2026-08-15|nneka ogwumike|los angeles sparks @ washington mystics|pra|under|2026-08-15T16:59:57.449708+00:00|0.451449,2026-08-15|nneka ogwumike|los angeles sparks @ washington mystics|pra|under,2026-08-15T16:59:57.449708+00:00,2026-08-15,Los Angeles Sparks @ Washington Mystics,Nneka Ogwumike,PRA,UNDER,26.5,-103.0,BetOnline.ag,0.507389,0.451449,a1169e2f24a910845072abf6,2026-08-15T23:18:13.480422+00:00,11.78,27.5,-130.0,FanDuel,fanduel,player_points_rebounds_assists,0.565217,-1.0,0.057828,0.057828,-0.113768,False,False,EXPLICIT_MARKET_CLOSE,PENDING,
2026-08-15|nneka ogwumike|los angeles sparks @ washington mystics|pra|under|2026-08-15T17:36:49.057441+00:00|0.451449,2026-08-15|nneka ogwumike|los angeles sparks @ washington mystics|pra|under,2026-08-15T17:36:49.057441+00:00,2026-08-15,Los Angeles Sparks @ Washington Mystics,Nneka Ogwumike,PRA,UNDER,26.5,-103.0,BetOnline.ag,0.507389,0.451449,a1169e2f24a910845072abf6,2026-08-15T23:18:13.480422+00:00,11.78,27.5,-130.0,FanDuel,fanduel,player_points_rebounds_assists,0.565217,-1.0,0.057828,0.057828,-0.113768,False,False,EXPLICIT_MARKET_CLOSE,PENDING,
2026-08-15|nneka ogwumike|los angeles sparks @ washington mystics|pra|under|2026-08-15T17:58:18.784460+00:00|0.451449,2026-08-15|nneka ogwumike|los angeles sparks @ washington mystics|pra|under,2026-08-15T17:58:18.784460+00:00,2026-08-15,Los Angeles Sparks @ Washington Mystics,Nneka Ogwumike,PRA,UNDER,26.5,-103.0,BetOnline.ag,0.507389,0.451449,a1169e2f24a910845072abf6,2026-08-15T23:18:13.480422+00:00,11.78,27.5,-130.0,FanDuel,fanduel,player_points_rebounds_assists,0.565217,-1.0,0.057828,0.057828,-0.113768,False,False,EXPLICIT_MARKET_CLOSE,PENDING,
2026-08-15|nneka ogwumike|los angeles sparks @ washington mystics|pra|under|2026-08-15T18:48:26.623952+00:00|0.451449,2026-08-15|nneka ogwumike|los angeles sparks @ washington mystics|pra|under,2026-08-15T18:48:26.623952+00:00,2026-08-15,Los Angeles Sparks @ Washington Mystics,Nneka Ogwumike,PRA,UNDER,26.5,-103.0,BetOnline.ag,0.507389,0.451449,a1169e2f24a910845072abf6,2026-08-15T23:18:13.480422+00:00,11.78,27.5,-130.0,FanDuel,fanduel,player_points_rebounds_assists,0.565217,-1.0,0.057828,0.057828,-0.113768,False,False,EXPLICIT_MARKET_CLOSE,PENDING,
2026-08-15|nneka ogwumike|los angeles sparks @ washington mystics|pra|under|2026-08-15T19:03:50.105082+00:00|0.451449,2026-08-15|nneka ogwumike|los angeles sparks @ washington mystics|pra|under,2026-08-15T19:03:50.105082+00:00,2026-08-15,Los Angeles Sparks @ Washington Mystics,Nneka Ogwumike,PRA,UNDER,26.5,-103.0,BetOnline.ag,0.507389,0.451449,a1169e2f24a910845072abf6,2026-08-15T23:18:13.480422+00:00,11.78,27.5,-130.0,FanDuel,fanduel,player_points_rebounds_assists,0.565217,-1.0,0.057828,0.057828,-0.113768,False,False,EXPLICIT_MARKET_CLOSE,PENDING,
2026-08-15|nneka ogwumike|los angeles sparks @ washington mystics|pra|under|2026-08-15T19:42:05.879517+00:00|0.451449,2026-08-15|nneka ogwumike|los angeles sparks @ washington mystics|pra|under,2026-08-15T19:42:05.879517+00:00,2026-08-15,Los Angeles Sparks @ Washington Mystics,Nneka Ogwumike,PRA,UNDER,26.5,-103.0,BetOnline.ag,0.507389,0.451449,a1169e2f24a910845072abf6,2026-08-15T23:18:13.480422+00:00,11.78,27.5,-130.0,FanDuel,fanduel,player_points_rebounds_assists,0.565217,-1.0,0.057828,0.057828,-0.113768,False,False,EXPLICIT_MARKET_CLOSE,PENDING,
2026-08-15|nneka ogwumike|los angeles sparks @ washington mystics|pra|under|2026-08-15T19:56:46.104978+00:00|0.451449,2026-08-15|nneka ogwumike|los angeles sparks @ washington mystics|pra|under,2026-08-15T19:56:46.104978+00:00,2026-08-15,Los Angeles Sparks @ Washington Mystics,Nneka Ogwumike,PRA,UNDER,26.5,-103.0,BetOnline.ag,0.507389,0.451449,a1169e2f24a910845072abf6,2026-08-15T23:18:13.480422+00:00,11.78,27.5,-130.0,FanDuel,fanduel,player_points_rebounds_assists,0.565217,-1.0,0.057828,0.057828,-0.113768,False,False,EXPLICIT_MARKET_CLOSE,PENDING,
2026-08-15|nneka ogwumike|los angeles sparks @ washington mystics|pra|under|2026-08-15T20:39:13.403881+00:00|0.451449,2026-08-15|nneka ogwumike|los angeles sparks @ washington mystics|pra|under,2026-08-15T20:39:13.403881+00:00,2026-08-15,Los Angeles Sparks @ Washington Mystics,Nneka Ogwumike,PRA,UNDER,26.5,-103.0,BetOnline.ag,0.507389,0.451449,a1169e2f24a910845072abf6,2026-08-15T23:18:13.480422+00:00,11.78,27.5,-130.0,FanDuel,fanduel,player_points_rebounds_assists,0.565217,-1.0,0.057828,0.057828,-0.113768,False,False,EXPLICIT_MARKET_CLOSE,PENDING,
2026-08-15|nneka ogwumike|los angeles sparks @ washington mystics|pra|under|2026-08-15T21:00:13.752588+00:00|0.451498,2026-08-15|nneka ogwumike|los angeles sparks @ washington mystics|pra|under,2026-08-15T21:00:13.752588+00:00,2026-08-15,Los Angeles Sparks @ Washington Mystics,Nneka Ogwumike,PRA,UNDER,26.5,-104.0,BetOnline.ag,0.509804,0.451498,a1169e2f24a910845072abf6,2026-08-15T23:18:13.480422+00:00,11.78,27.5,-130.0,FanDuel,fanduel,player_points_rebounds_assists,0.565217,-1.0,0.055413,0.055413,-0.113719,False,False,EXPLICIT_MARKET_CLOSE,PENDING,
2026-08-15|nneka ogwumike|los angeles sparks @ washington mystics|pra|under|2026-08-15T21:35:34.997167+00:00|0.451498,2026-08-15|nneka ogwumike|los angeles sparks @ washington mystics|pra|under,2026-08-15T21:35:34.997167+00:00,2026-08-15,Los Angeles Sparks @ Washington Mystics,Nneka Ogwumike,PRA,UNDER,26.5,-104.0,BetOnline.ag,0.509804,0.451498,a1169e2f24a910845072abf6,2026-08-15T23:18:13.480422+00:00,11.78,27.5,-130.0,FanDuel,fanduel,player_points_rebounds_assists,0.565217,-1.0,0.055413,0.055413,-0.113719,False,False,EXPLICIT_MARKET_CLOSE,PENDING,
2026-08-15|nneka ogwumike|los angeles sparks @ washington mystics|pra|under|2026-08-15T21:58:02.208346+00:00|0.451498,2026-08-15|nneka ogwumike|los angeles sparks @ washington mystics|pra|under,2026-08-15T21:58:02.208346+00:00,2026-08-15,Los Angeles Sparks @ Washington Mystics,Nneka Ogwumike,PRA,UNDER,26.5,-104.0,BetOnline.ag,0.509804,0.451498,a1169e2f24a910845072abf6,2026-08-15T23:18:13.480422+00:00,11.78,27.5,-130.0,FanDuel,fanduel,player_points_rebounds_assists,0.565217,-1.0,0.055413,0.055413,-0.113719,False,False,EXPLICIT_MARKET_CLOSE,PENDING,
2026-08-15|nneka ogwumike|los angeles sparks @ washington mystics|pra|under|2026-08-15T22:38:43.785968+00:00|0.451498,2026-08-15|nneka ogwumike|los angeles sparks @ washington mystics|pra|under,2026-08-15T22:38:43.785968+00:00,2026-08-15,Los Angeles Sparks @ Washington Mystics,Nneka Ogwumike,PRA,UNDER,26.5,-104.0,BetOnline.ag,0.509804,0.451498,a1169e2f24a910845072abf6,2026-08-15T23:18:13.480422+00:00,11.78,27.5,-130.0,FanDuel,fanduel,player_points_rebounds_assists,0.565217,-1.0,0.055413,0.055413,-0.113719,False,False,EXPLICIT_MARKET_CLOSE,PENDING,
2026-08-15|nneka ogwumike|los angeles sparks @ washington mystics|pra|under|2026-08-15T22:58:44.786860+00:00|0.451498,2026-08-15|nneka ogwumike|los angeles sparks @ washington mystics|pra|under,2026-08-15T22:58:44.786860+00:00,2026-08-15,Los Angeles Sparks @ Washington Mystics,Nneka Ogwumike,PRA,UNDER,26.5,-104.0,BetOnline.ag,0.509804,0.451498,a1169e2f24a910845072abf6,2026-08-15T23:18:13.480422+00:00,11.78,27.5,-130.0,FanDuel,fanduel,player_points_rebounds_assists,0.565217,-1.0,0.055413,0.055413,-0.113719,False,False,EXPLICIT_MARKET_CLOSE,PENDING,
2026-08-15|nneka ogwumike|los angeles sparks @ washington mystics|pra|under|2026-08-15T23:40:58.015375+00:00|0.451498,2026-08-15|nneka ogwumike|los angeles sparks @ washington mystics|pra|under,2026-08-15T23:40:58.015375+00:00,2026-08-15,Los Angeles Sparks @ Washington Mystics,Nneka Ogwumike,PRA,UNDER,26.5,-104.0,BetOnline.ag,0.509804,0.451498,a1169e2f24a910845072abf6,2026-08-15T23:18:13.480422+00:00,11.78,27.5,-130.0,FanDuel,fanduel,player_points_rebounds_assists,0.565217,-1.0,0.055413,0.055413,-0.113719,False,False,EXPLICIT_MARKET_CLOSE,PENDING,
2026-08-15|nneka ogwumike|los angeles sparks @ washington mystics|pts|over|2026-08-15T10:59:30.272276+00:00|0.599672,2026-08-15|nneka ogwumike|los angeles sparks @ washington mystics|pts|over,2026-08-15T10:59:30.272276+00:00,2026-08-15,Los Angeles Sparks @ Washington Mystics,Nneka Ogwumike,PTS,OVER,14.5,-139.0,BetRivers,0.58159,0.599672,be885b08a8244d1fc8b2ea77,2026-08-15T23:18:13.480422+00:00,11.78,15.5,-102.0,FanDuel,fanduel,player_points,0.50495,1.0,-0.076639,-0.076639,0.094722,False,False,EXPLICIT_MARKET_CLOSE,PENDING,
2026-08-15|nneka ogwumike|los angeles sparks @ washington mystics|pts|over|2026-08-15T10:59:30.272276+00:00|0.799256,2026-08-15|nneka ogwumike|los angeles sparks @ washington mystics|pts|over,2026-08-15T10:59:30.272276+00:00,2026-08-15,Los Angeles Sparks @ Washington Mystics,Nneka Ogwumike,PTS,OVER,15.5,103.0,BetOnline.ag,0.492611,0.799256,be885b08a8244d1fc8b2ea77,2026-08-15T23:18:13.480422+00:00,11.78,15.5,-102.0,FanDuel,fanduel,player_points,0.50495,0.0,0.01234,0.01234,0.294306,False,True,EXPLICIT_MARKET_CLOSE,PENDING,
2026-08-15|nneka ogwumike|los angeles sparks @ washington mystics|pts|over|2026-08-15T10:59:30.272276+00:00|0.804798,2026-08-15|nneka ogwumike|los angeles sparks @ washington mystics|pts|over,2026-08-15T10:59:30.272276+00:00,2026-08-15,Los Angeles Sparks @ Washington Mystics,Nneka Ogwumike,PTS,OVER,16.5,115.0,BetRivers,0.465116,0.804798,be885b08a8244d1fc8b2ea77,2026-08-15T23:18:13.480422+00:00,11.78,15.5,-102.0,FanDuel,fanduel,player_points,0.50495,-1.0,0.039834,0.039834,0.299848,False,False,EXPLICIT_MARKET_CLOSE,PENDING,
2026-08-15|nneka ogwumike|los angeles sparks @ washington mystics|pts|over|2026-08-15T11:37:38.316341+00:00|0.599684,2026-08-15|nneka ogwumike|los angeles sparks @ washington mystics|pts|over,2026-08-15T11:37:38.316341+00:00,2026-08-15,Los Angeles Sparks @ Washington Mystics,Nneka Ogwumike,PTS,OVER,14.5,-134.0,BetRivers,0.57265,0.599684,be885b08a8244d1fc8b2ea77,2026-08-15T23:18:13.480422+00:00,11.78,15.5,-102.0,FanDuel,fanduel,player_points,0.50495,1.0,-0.067699,-0.067699,0.094734,False,False,EXPLICIT_MARKET_CLOSE,PENDING,
2026-08-15|nneka ogwumike|los angeles sparks @ washington mystics|pts|over|2026-08-15T11:37:38.316341+00:00|0.799256,2026-08-15|nneka ogwumike|los angeles sparks @ washington mystics|pts|over,2026-08-15T11:37:38.316341+00:00,2026-08-15,Los Angeles Sparks @ Washington Mystics,Nneka Ogwumike,PTS,OVER,15.5,103.0,BetOnline.ag,0.492611,0.799256,be885b08a8244d1fc8b2ea77,2026-08-15T23:18:13.480422+00:00,11.78,15.5,-102.0,FanDuel,fanduel,player_points,0.50495,0.0,0.01234,0.01234,0.294306,False,True,EXPLICIT_MARKET_CLOSE,PENDING,
2026-08-15|nneka ogwumike|los angeles sparks @ washington mystics|pts|over|2026-08-15T11:37:38.316341+00:00|0.804494,2026-08-15|nneka ogwumike|los angeles sparks @ washington mystics|pts|over,2026-08-15T11:37:38.316341+00:00,2026-08-15,Los Angeles Sparks @ Washington Mystics,Nneka Ogwumike,PTS,OVER,16.5,120.0,BetRivers,0.454545,0.804494,be885b08a8244d1fc8b2ea77,2026-08-15T23:18:13.480422+00:00,11.78,15.5,-102.0,FanDuel,fanduel,player_points,0.50495,-1.0,0.050405,0.050405,0.299544,False,False,EXPLICIT_MARKET_CLOSE,PENDING,
2026-08-15|nneka ogwumike|los angeles sparks @ washington mystics|pts|over|2026-08-15T11:57:22.075495+00:00|0.599684,2026-08-15|nneka ogwumike|los angeles sparks @ washington mystics|pts|over,2026-08-15T11:57:22.075495+00:00,2026-08-15,Los Angeles Sparks @ Washington Mystics,Nneka Ogwumike,PTS,OVER,14.5,-134.0,BetRivers,0.57265,0.599684,be885b08a8244d1fc8b2ea77,2026-08-15T23:18:13.480422+00:00,11.78,15.5,-102.0,FanDuel,fanduel,player_points,0.50495,1.0,-0.067699,-0.067699,0.094734,False,False,EXPLICIT_MARKET_CLOSE,PENDING,
2026-08-15|nneka ogwumike|los angeles sparks @ washington mystics|pts|over|2026-08-15T11:57:22.075495+00:00|0.799256,2026-08-15|nneka ogwumike|los angeles sparks @ washington mystics|pts|over,2026-08-15T11:57:22.075495+00:00,2026-08-15,Los Angeles Sparks @ Washington Mystics,Nneka Ogwumike,PTS,OVER,15.5,103.0,BetOnline.ag,0.492611,0.799256,be885b08a8244d1fc8b2ea77,2026-08-15T23:18:13.480422+00:00,11.78,15.5,-102.0,FanDuel,fanduel,player_points,0.50495,0.0,0.01234,0.01234,0.294306,False,True,EXPLICIT_MARKET_CLOSE,PENDING,
2026-08-15|nneka ogwumike|los angeles sparks @ washington mystics|pts|over|2026-08-15T11:57:22.075495+00:00|0.804494,2026-08-15|nneka ogwumike|los angeles sparks @ washington mystics|pts|over,2026-08-15T11:57:22.075495+00:00,2026-08-15,Los Angeles Sparks @ Washington Mystics,Nneka Ogwumike,PTS,OVER,16.5,120.0,BetRivers,0.454545,0.804494,be885b08a8244d1fc8b2ea77,2026-08-15T23:18:13.480422+00:00,11.78,15.5,-102.0,FanDuel,fanduel,player_points,0.50495,-1.0,0.050405,0.050405,0.299544,False,False,EXPLICIT_MARKET_CLOSE,PENDING,
2026-08-15|nneka ogwumike|los angeles sparks @ washington mystics|pts|over|2026-08-15T12:59:45.246898+00:00|0.599677,2026-08-15|nneka ogwumike|los angeles sparks @ washington mystics|pts|over,2026-08-15T12:59:45.246898+00:00,2026-08-15,Los Angeles Sparks @ Washington Mystics,Nneka Ogwumike,PTS,OVER,14.5,-136.0,BetRivers,0.576271,0.599677,be885b08a8244d1fc8b2ea77,2026-08-15T23:18:13.480422+00:00,11.78,15.5,-102.0,FanDuel,fanduel,player_points,0.50495,1.0,-0.071321,-0.071321,0.094727,False,False,EXPLICIT_MARKET_CLOSE,PENDING,
2026-08-15|nneka ogwumike|los angeles sparks @ washington mystics|pts|over|2026-08-15T12:59:45.246898+00:00|0.799289,2026-08-15|nneka ogwumike|los angeles sparks @ washington mystics|pts|over,2026-08-15T12:59:45.246898+00:00,2026-08-15,Los Angeles Sparks @ Washington Mystics,Nneka Ogwumike,PTS,OVER,15.5,102.0,FanDuel,0.49505,0.799289,be885b08a8244d1fc8b2ea77,2026-08-15T23:18:13.480422+00:00,11.78,15.5,-102.0,FanDuel,fanduel,player_points,0.50495,0.0,0.009901,0.009901,0.294339,True,True,EXPLICIT_SAME_BOOK_CLOSE,PENDING,
2026-08-15|nneka ogwumike|los angeles sparks @ washington mystics|pts|over|2026-08-15T12:59:45.246898+00:00|0.804494,2026-08-15|nneka ogwumike|los angeles sparks @ washington mystics|pts|over,2026-08-15T12:59:45.246898+00:00,2026-08-15,Los Angeles Sparks @ Washington Mystics,Nneka Ogwumike,PTS,OVER,16.5,120.0,BetRivers,0.454545,0.804494,be885b08a8244d1fc8b2ea77,2026-08-15T23:18:13.480422+00:00,11.78,15.5,-102.0,FanDuel,fanduel,player_points,0.50495,-1.0,0.050405,0.050405,0.299544,False,False,EXPLICIT_MARKET_CLOSE,PENDING,
2026-08-15|nneka ogwumike|los angeles sparks @ washington mystics|pts|over|2026-08-15T13:19:00.048599+00:00|0.599675,2026-08-15|nneka ogwumike|los angeles sparks @ washington mystics|pts|over,2026-08-15T13:19:00.048599+00:00,2026-08-15,Los Angeles Sparks @ Washington Mystics,Nneka Ogwumike,PTS,OVER,14.5,-137.0,BetRivers,0.578059,0.599675,be885b08a8244d1fc8b2ea77,2026-08-15T23:18:13.480422+00:00,11.78,15.5,-102.0,FanDuel,fanduel,player_points,0.50495,1.0,-0.073109,-0.073109,0.094725,False,False,EXPLICIT_MARKET_CLOSE,PENDING,
2026-08-15|nneka ogwumike|los angeles sparks @ washington mystics|pts|over|2026-08-15T13:19:00.048599+00:00|0.799225,2026-08-15|nneka ogwumike|los angeles sparks @ washington mystics|pts|over,2026-08-15T13:19:00.048599+00:00,2026-08-15,Los Angeles Sparks @ Washington Mystics,Nneka Ogwumike,PTS,OVER,15.5,104.0,FanDuel,0.490196,0.799225,be885b08a8244d1fc8b2ea77,2026-08-15T23:18:13.480422+00:00,11.78,15.5,-102.0,FanDuel,fanduel,player_points,0.50495,0.0,0.014754,0.014754,0.294275,True,True,EXPLICIT_SAME_BOOK_CLOSE,PENDING,
2026-08-15|nneka ogwumike|los angeles sparks @ washington mystics|pts|over|2026-08-15T13:19:00.048599+00:00|0.804676,2026-08-15|nneka ogwumike|los angeles sparks @ washington mystics|pts|over,2026-08-15T13:19:00.048599+00:00,2026-08-15,Los Angeles Sparks @ Washington Mystics,Nneka Ogwumike,PTS,OVER,16.5,117.0,BetRivers,0.460829,0.804676,be885b08a8244d1fc8b2ea77,2026-08-15T23:18:13.480422+00:00,11.78,15.5,-102.0,FanDuel,fanduel,player_points,0.50495,-1.0,0.044121,0.044121,0.299726,False,False,EXPLICIT_MARKET_CLOSE,PENDING,
2026-08-15|nneka ogwumike|los angeles sparks @ washington mystics|pts|over|2026-08-15T14:00:20.819656+00:00|0.599675,2026-08-15|nneka ogwumike|los angeles sparks @ washington mystics|pts|over,2026-08-15T14:00:20.819656+00:00,2026-08-15,Los Angeles Sparks @ Washington Mystics,Nneka Ogwumike,PTS,OVER,14.5,-137.0,BetRivers,0.578059,0.599675,be885b08a8244d1fc8b2ea77,2026-08-15T23:18:13.480422+00:00,11.78,15.5,-102.0,FanDuel,fanduel,player_points,0.50495,1.0,-0.073109,-0.073109,0.094725,False,False,EXPLICIT_MARKET_CLOSE,PENDING,
2026-08-15|nneka ogwumike|los angeles sparks @ washington mystics|pts|over|2026-08-15T14:00:20.819656+00:00|0.799225,2026-08-15|nneka ogwumike|los angeles sparks @ washington mystics|pts|over,2026-08-15T14:00:20.819656+00:00,2026-08-15,Los Angeles Sparks @ Washington Mystics,Nneka Ogwumike,PTS,OVER,15.5,104.0,FanDuel,0.490196,0.799225,be885b08a8244d1fc8b2ea77,2026-08-15T23:18:13.480422+00:00,11.78,15.5,-102.0,FanDuel,fanduel,player_points,0.50495,0.0,0.014754,0.014754,0.294275,True,True,EXPLICIT_SAME_BOOK_CLOSE,PENDING,
2026-08-15|nneka ogwumike|los angeles sparks @ washington mystics|pts|over|2026-08-15T14:00:20.819656+00:00|0.804676,2026-08-15|nneka ogwumike|los angeles sparks @ washington mystics|pts|over,2026-08-15T14:00:20.819656+00:00,2026-08-15,Los Angeles Sparks @ Washington Mystics,Nneka Ogwumike,PTS,OVER,16.5,117.0,BetRivers,0.460829,0.804676,be885b08a8244d1fc8b2ea77,2026-08-15T23:18:13.480422+00:00,11.78,15.5,-102.0,FanDuel,fanduel,player_points,0.50495,-1.0,0.044121,0.044121,0.299726,False,False,EXPLICIT_MARKET_CLOSE,PENDING,
2026-08-15|nneka ogwumike|los angeles sparks @ washington mystics|pts|over|2026-08-15T14:39:33.056630+00:00|0.599675,2026-08-15|nneka ogwumike|los angeles sparks @ washington mystics|pts|over,2026-08-15T14:39:33.056630+00:00,2026-08-15,Los Angeles Sparks @ Washington Mystics,Nneka Ogwumike,PTS,OVER,14.5,-137.0,BetRivers,0.578059,0.599675,be885b08a8244d1fc8b2ea77,2026-08-15T23:18:13.480422+00:00,11.78,15.5,-102.0,FanDuel,fanduel,player_points,0.50495,1.0,-0.073109,-0.073109,0.094725,False,False,EXPLICIT_MARKET_CLOSE,PENDING,
2026-08-15|nneka ogwumike|los angeles sparks @ washington mystics|pts|over|2026-08-15T14:39:33.056630+00:00|0.799225,2026-08-15|nneka ogwumike|los angeles sparks @ washington mystics|pts|over,2026-08-15T14:39:33.056630+00:00,2026-08-15,Los Angeles Sparks @ Washington Mystics,Nneka Ogwumike,PTS,OVER,15.5,104.0,FanDuel,0.490196,0.799225,be885b08a8244d1fc8b2ea77,2026-08-15T23:18:13.480422+00:00,11.78,15.5,-102.0,FanDuel,fanduel,player_points,0.50495,0.0,0.014754,0.014754,0.294275,True,True,EXPLICIT_SAME_BOOK_CLOSE,PENDING,
2026-08-15|nneka ogwumike|los angeles sparks @ washington mystics|pts|over|2026-08-15T14:39:33.056630+00:00|0.804676,2026-08-15|nneka ogwumike|los angeles sparks @ washington mystics|pts|over,2026-08-15T14:39:33.056630+00:00,2026-08-15,Los Angeles Sparks @ Washington Mystics,Nneka Ogwumike,PTS,OVER,16.5,117.0,BetRivers,0.460829,0.804676,be885b08a8244d1fc8b2ea77,2026-08-15T23:18:13.480422+00:00,11.78,15.5,-102.0,FanDuel,fanduel,player_points,0.50495,-1.0,0.044121,0.044121,0.299726,False,False,EXPLICIT_MARKET_CLOSE,PENDING,
2026-08-15|nneka ogwumike|los angeles sparks @ washington mystics|pts|over|2026-08-15T15:00:16.446702+00:00|0.599675,2026-08-15|nneka ogwumike|los angeles sparks @ washington mystics|pts|over,2026-08-15T15:00:16.446702+00:00,2026-08-15,Los Angeles Sparks @ Washington Mystics,Nneka Ogwumike,PTS,OVER,14.5,-137.0,BetRivers,0.578059,0.599675,be885b08a8244d1fc8b2ea77,2026-08-15T23:18:13.480422+00:00,11.78,15.5,-102.0,FanDuel,fanduel,player_points,0.50495,1.0,-0.073109,-0.073109,0.094725,False,False,EXPLICIT_MARKET_CLOSE,PENDING,
2026-08-15|nneka ogwumike|los angeles sparks @ washington mystics|pts|over|2026-08-15T15:00:16.446702+00:00|0.799225,2026-08-15|nneka ogwumike|los angeles sparks @ washington mystics|pts|over,2026-08-15T15:00:16.446702+00:00,2026-08-15,Los Angeles Sparks @ Washington Mystics,Nneka Ogwumike,PTS,OVER,15.5,104.0,FanDuel,0.490196,0.799225,be885b08a8244d1fc8b2ea77,2026-08-15T23:18:13.480422+00:00,11.78,15.5,-102.0,FanDuel,fanduel,player_points,0.50495,0.0,0.014754,0.014754,0.294275,True,True,EXPLICIT_SAME_BOOK_CLOSE,PENDING,
2026-08-15|nneka ogwumike|los angeles sparks @ washington mystics|pts|over|2026-08-15T15:00:16.446702+00:00|0.804676,2026-08-15|nneka ogwumike|los angeles sparks @ washington mystics|pts|over,2026-08-15T15:00:16.446702+00:00,2026-08-15,Los Angeles Sparks @ Washington Mystics,Nneka Ogwumike,PTS,OVER,16.5,117.0,BetRivers,0.460829,0.804676,be885b08a8244d1fc8b2ea77,2026-08-15T23:18:13.480422+00:00,11.78,15.5,-102.0,FanDuel,fanduel,player_points,0.50495,-1.0,0.044121,0.044121,0.299726,False,False,EXPLICIT_MARKET_CLOSE,PENDING,
2026-08-15|nneka ogwumike|los angeles sparks @ washington mystics|pts|over|2026-08-15T15:56:41.397541+00:00|0.599675,2026-08-15|nneka ogwumike|los angeles sparks @ washington mystics|pts|over,2026-08-15T15:56:41.397541+00:00,2026-08-15,Los Angeles Sparks @ Washington Mystics,Nneka Ogwumike,PTS,OVER,14.5,-137.0,BetRivers,0.578059,0.599675,be885b08a8244d1fc8b2ea77,2026-08-15T23:18:13.480422+00:00,11.78,15.5,-102.0,FanDuel,fanduel,player_points,0.50495,1.0,-0.073109,-0.073109,0.094725,False,False,EXPLICIT_MARKET_CLOSE,PENDING,
2026-08-15|nneka ogwumike|los angeles sparks @ washington mystics|pts|over|2026-08-15T15:56:41.397541+00:00|0.799225,2026-08-15|nneka ogwumike|los angeles sparks @ washington mystics|pts|over,2026-08-15T15:56:41.397541+00:00,2026-08-15,Los Angeles Sparks @ Washington Mystics,Nneka Ogwumike,PTS,OVER,15.5,104.0,FanDuel,0.490196,0.799225,be885b08a8244d1fc8b2ea77,2026-08-15T23:18:13.480422+00:00,11.78,15.5,-102.0,FanDuel,fanduel,player_points,0.50495,0.0,0.014754,0.014754,0.294275,True,True,EXPLICIT_SAME_BOOK_CLOSE,PENDING,
2026-08-15|nneka ogwumike|los angeles sparks @ washington mystics|pts|over|2026-08-15T15:56:41.397541+00:00|0.804676,2026-08-15|nneka ogwumike|los angeles sparks @ washington mystics|pts|over,2026-08-15T15:56:41.397541+00:00,2026-08-15,Los Angeles Sparks @ Washington Mystics,Nneka Ogwumike,PTS,OVER,16.5,117.0,BetRivers,0.460829,0.804676,be885b08a8244d1fc8b2ea77,2026-08-15T23:18:13.480422+00:00,11.78,15.5,-102.0,FanDuel,fanduel,player_points,0.50495,-1.0,0.044121,0.044121,0.299726,False,False,EXPLICIT_MARKET_CLOSE,PENDING,
2026-08-15|nneka ogwumike|los angeles sparks @ washington mystics|pts|over|2026-08-15T16:40:58.435903+00:00|0.599675,2026-08-15|nneka ogwumike|los angeles sparks @ washington mystics|pts|over,2026-08-15T16:40:58.435903+00:00,2026-08-15,Los Angeles Sparks @ Washington Mystics,Nneka Ogwumike,PTS,OVER,14.5,-137.0,BetRivers,0.578059,0.599675,be885b08a8244d1fc8b2ea77,2026-08-15T23:18:13.480422+00:00,11.78,15.5,-102.0,FanDuel,fanduel,player_points,0.50495,1.0,-0.073109,-0.073109,0.094725,False,False,EXPLICIT_MARKET_CLOSE,PENDING,
2026-08-15|nneka ogwumike|los angeles sparks @ washington mystics|pts|over|2026-08-15T16:40:58.435903+00:00|0.799225,2026-08-15|nneka ogwumike|los angeles sparks @ washington mystics|pts|over,2026-08-15T16:40:58.435903+00:00,2026-08-15,Los Angeles Sparks @ Washington Mystics,Nneka Ogwumike,PTS,OVER,15.5,104.0,FanDuel,0.490196,0.799225,be885b08a8244d1fc8b2ea77,2026-08-15T23:18:13.480422+00:00,11.78,15.5,-102.0,FanDuel,fanduel,player_points,0.50495,0.0,0.014754,0.014754,0.294275,True,True,EXPLICIT_SAME_BOOK_CLOSE,PENDING,
2026-08-15|nneka ogwumike|los angeles sparks @ washington mystics|pts|over|2026-08-15T16:40:58.435903+00:00|0.804676,2026-08-15|nneka ogwumike|los angeles sparks @ washington mystics|pts|over,2026-08-15T16:40:58.435903+00:00,2026-08-15,Los Angeles Sparks @ Washington Mystics,Nneka Ogwumike,PTS,OVER,16.5,117.0,BetRivers,0.460829,0.804676,be885b08a8244d1fc8b2ea77,2026-08-15T23:18:13.480422+00:00,11.78,15.5,-102.0,FanDuel,fanduel,player_points,0.50495,-1.0,0.044121,0.044121,0.299726,False,False,EXPLICIT_MARKET_CLOSE,PENDING,
2026-08-15|nneka ogwumike|los angeles sparks @ washington mystics|pts|over|2026-08-15T16:59:57.449708+00:00|0.599684,2026-08-15|nneka ogwumike|los angeles sparks @ washington mystics|pts|over,2026-08-15T16:59:57.449708+00:00,2026-08-15,Los Angeles Sparks @ Washington Mystics,Nneka Ogwumike,PTS,OVER,14.5,-134.0,BetRivers,0.57265,0.599684,be885b08a8244d1fc8b2ea77,2026-08-15T23:18:13.480422+00:00,11.78,15.5,-102.0,FanDuel,fanduel,player_points,0.50495,1.0,-0.067699,-0.067699,0.094734,False,False,EXPLICIT_MARKET_CLOSE,PENDING,
2026-08-15|nneka ogwumike|los angeles sparks @ washington mystics|pts|over|2026-08-15T16:59:57.449708+00:00|0.799158,2026-08-15|nneka ogwumike|los angeles sparks @ washington mystics|pts|over,2026-08-15T16:59:57.449708+00:00,2026-08-15,Los Angeles Sparks @ Washington Mystics,Nneka Ogwumike,PTS,OVER,15.5,109.0,BetOnline.ag,0.478469,0.799158,be885b08a8244d1fc8b2ea77,2026-08-15T23:18:13.480422+00:00,11.78,15.5,-102.0,FanDuel,fanduel,player_points,0.50495,0.0,0.026482,0.026482,0.294208,False,True,EXPLICIT_MARKET_CLOSE,PENDING,
2026-08-15|nneka ogwumike|los angeles sparks @ washington mystics|pts|over|2026-08-15T16:59:57.449708+00:00|0.804494,2026-08-15|nneka ogwumike|los angeles sparks @ washington mystics|pts|over,2026-08-15T16:59:57.449708+00:00,2026-08-15,Los Angeles Sparks @ Washington Mystics,Nneka Ogwumike,PTS,OVER,16.5,120.0,BetRivers,0.454545,0.804494,be885b08a8244d1fc8b2ea77,2026-08-15T23:18:13.480422+00:00,11.78,15.5,-102.0,FanDuel,fanduel,player_points,0.50495,-1.0,0.050405,0.050405,0.299544,False,False,EXPLICIT_MARKET_CLOSE,PENDING,
2026-08-15|nneka ogwumike|los angeles sparks @ washington mystics|pts|over|2026-08-15T17:36:49.057441+00:00|0.599684,2026-08-15|nneka ogwumike|los angeles sparks @ washington mystics|pts|over,2026-08-15T17:36:49.057441+00:00,2026-08-15,Los Angeles Sparks @ Washington Mystics,Nneka Ogwumike,PTS,OVER,14.5,-134.0,BetRivers,0.57265,0.599684,be885b08a8244d1fc8b2ea77,2026-08-15T23:18:13.480422+00:00,11.78,15.5,-102.0,FanDuel,fanduel,player_points,0.50495,1.0,-0.067699,-0.067699,0.094734,False,False,EXPLICIT_MARKET_CLOSE,PENDING,
2026-08-15|nneka ogwumike|los angeles sparks @ washington mystics|pts|over|2026-08-15T17:36:49.057441+00:00|0.799158,2026-08-15|nneka ogwumike|los angeles sparks @ washington mystics|pts|over,2026-08-15T17:36:49.057441+00:00,2026-08-15,Los Angeles Sparks @ Washington Mystics,Nneka Ogwumike,PTS,OVER,15.5,109.0,BetOnline.ag,0.478469,0.799158,be885b08a8244d1fc8b2ea77,2026-08-15T23:18:13.480422+00:00,11.78,15.5,-102.0,FanDuel,fanduel,player_points,0.50495,0.0,0.026482,0.026482,0.294208,False,True,EXPLICIT_MARKET_CLOSE,PENDING,
2026-08-15|nneka ogwumike|los angeles sparks @ washington mystics|pts|over|2026-08-15T17:36:49.057441+00:00|0.804494,2026-08-15|nneka ogwumike|los angeles sparks @ washington mystics|pts|over,2026-08-15T17:36:49.057441+00:00,2026-08-15,Los Angeles Sparks @ Washington Mystics,Nneka Ogwumike,PTS,OVER,16.5,120.0,BetRivers,0.454545,0.804494,be885b08a8244d1fc8b2ea77,2026-08-15T23:18:13.480422+00:00,11.78,15.5,-102.0,FanDuel,fanduel,player_points,0.50495,-1.0,0.050405,0.050405,0.299544,False,False,EXPLICIT_MARKET_CLOSE,PENDING,
2026-08-15|nneka ogwumike|los angeles sparks @ washington mystics|pts|over|2026-08-15T17:58:18.784460+00:00|0.599684,2026-08-15|nneka ogwumike|los angeles sparks @ washington mystics|pts|over,2026-08-15T17:58:18.784460+00:00,2026-08-15,Los Angeles Sparks @ Washington Mystics,Nneka Ogwumike,PTS,OVER,14.5,-134.0,BetRivers,0.57265,0.599684,be885b08a8244d1fc8b2ea77,2026-08-15T23:18:13.480422+00:00,11.78,15.5,-102.0,FanDuel,fanduel,player_points,0.50495,1.0,-0.067699,-0.067699,0.094734,False,False,EXPLICIT_MARKET_CLOSE,PENDING,
2026-08-15|nneka ogwumike|los angeles sparks @ washington mystics|pts|over|2026-08-15T17:58:18.784460+00:00|0.799158,2026-08-15|nneka ogwumike|los angeles sparks @ washington mystics|pts|over,2026-08-15T17:58:18.784460+00:00,2026-08-15,Los Angeles Sparks @ Washington Mystics,Nneka Ogwumike,PTS,OVER,15.5,109.0,BetOnline.ag,0.478469,0.799158,be885b08a8244d1fc8b2ea77,2026-08-15T23:18:13.480422+00:00,11.78,15.5,-102.0,FanDuel,fanduel,player_points,0.50495,0.0,0.026482,0.026482,0.294208,False,True,EXPLICIT_MARKET_CLOSE,PENDING,
2026-08-15|nneka ogwumike|los angeles sparks @ washington mystics|pts|over|2026-08-15T17:58:18.784460+00:00|0.804494,2026-08-15|nneka ogwumike|los angeles sparks @ washington mystics|pts|over,2026-08-15T17:58:18.784460+00:00,2026-08-15,Los Angeles Sparks @ Washington Mystics,Nneka Ogwumike,PTS,OVER,16.5,120.0,BetRivers,0.454545,0.804494,be885b08a8244d1fc8b2ea77,2026-08-15T23:18:13.480422+00:00,11.78,15.5,-102.0,FanDuel,fanduel,player_points,0.50495,-1.0,0.050405,0.050405,0.299544,False,False,EXPLICIT_MARKET_CLOSE,PENDING,
2026-08-15|nneka ogwumike|los angeles sparks @ washington mystics|pts|over|2026-08-15T18:48:26.623952+00:00|0.599684,2026-08-15|nneka ogwumike|los angeles sparks @ washington mystics|pts|over,2026-08-15T18:48:26.623952+00:00,2026-08-15,Los Angeles Sparks @ Washington Mystics,Nneka Ogwumike,PTS,OVER,14.5,-134.0,BetRivers,0.57265,0.599684,be885b08a8244d1fc8b2ea77,2026-08-15T23:18:13.480422+00:00,11.78,15.5,-102.0,FanDuel,fanduel,player_points,0.50495,1.0,-0.067699,-0.067699,0.094734,False,False,EXPLICIT_MARKET_CLOSE,PENDING,
2026-08-15|nneka ogwumike|los angeles sparks @ washington mystics|pts|over|2026-08-15T18:48:26.623952+00:00|0.799158,2026-08-15|nneka ogwumike|los angeles sparks @ washington mystics|pts|over,2026-08-15T18:48:26.623952+00:00,2026-08-15,Los Angeles Sparks @ Washington Mystics,Nneka Ogwumike,PTS,OVER,15.5,109.0,BetOnline.ag,0.478469,0.799158,be885b08a8244d1fc8b2ea77,2026-08-15T23:18:13.480422+00:00,11.78,15.5,-102.0,FanDuel,fanduel,player_points,0.50495,0.0,0.026482,0.026482,0.294208,False,True,EXPLICIT_MARKET_CLOSE,PENDING,
2026-08-15|nneka ogwumike|los angeles sparks @ washington mystics|pts|over|2026-08-15T18:48:26.623952+00:00|0.804494,2026-08-15|nneka ogwumike|los angeles sparks @ washington mystics|pts|over,2026-08-15T18:48:26.623952+00:00,2026-08-15,Los Angeles Sparks @ Washington Mystics,Nneka Ogwumike,PTS,OVER,16.5,120.0,BetRivers,0.454545,0.804494,be885b08a8244d1fc8b2ea77,2026-08-15T23:18:13.480422+00:00,11.78,15.5,-102.0,FanDuel,fanduel,player_points,0.50495,-1.0,0.050405,0.050405,0.299544,False,False,EXPLICIT_MARKET_CLOSE,PENDING,
2026-08-15|nneka ogwumike|los angeles sparks @ washington mystics|pts|over|2026-08-15T19:03:50.105082+00:00|0.599684,2026-08-15|nneka ogwumike|los angeles sparks @ washington mystics|pts|over,2026-08-15T19:03:50.105082+00:00,2026-08-15,Los Angeles Sparks @ Washington Mystics,Nneka Ogwumike,PTS,OVER,14.5,-134.0,BetRivers,0.57265,0.599684,be885b08a8244d1fc8b2ea77,2026-08-15T23:18:13.480422+00:00,11.78,15.5,-102.0,FanDuel,fanduel,player_points,0.50495,1.0,-0.067699,-0.067699,0.094734,False,False,EXPLICIT_MARKET_CLOSE,PENDING,
2026-08-15|nneka ogwumike|los angeles sparks @ washington mystics|pts|over|2026-08-15T19:03:50.105082+00:00|0.799158,2026-08-15|nneka ogwumike|los angeles sparks @ washington mystics|pts|over,2026-08-15T19:03:50.105082+00:00,2026-08-15,Los Angeles Sparks @ Washington Mystics,Nneka Ogwumike,PTS,OVER,15.5,109.0,BetOnline.ag,0.478469,0.799158,be885b08a8244d1fc8b2ea77,2026-08-15T23:18:13.480422+00:00,11.78,15.5,-102.0,FanDuel,fanduel,player_points,0.50495,0.0,0.026482,0.026482,0.294208,False,True,EXPLICIT_MARKET_CLOSE,PENDING,
2026-08-15|nneka ogwumike|los angeles sparks @ washington mystics|pts|over|2026-08-15T19:03:50.105082+00:00|0.804494,2026-08-15|nneka ogwumike|los angeles sparks @ washington mystics|pts|over,2026-08-15T19:03:50.105082+00:00,2026-08-15,Los Angeles Sparks @ Washington Mystics,Nneka Ogwumike,PTS,OVER,16.5,120.0,BetRivers,0.454545,0.804494,be885b08a8244d1fc8b2ea77,2026-08-15T23:18:13.480422+00:00,11.78,15.5,-102.0,FanDuel,fanduel,player_points,0.50495,-1.0,0.050405,0.050405,0.299544,False,False,EXPLICIT_MARKET_CLOSE,PENDING,
2026-08-15|nneka ogwumike|los angeles sparks @ washington mystics|pts|over|2026-08-15T19:42:05.879517+00:00|0.599684,2026-08-15|nneka ogwumike|los angeles sparks @ washington mystics|pts|over,2026-08-15T19:42:05.879517+00:00,2026-08-15,Los Angeles Sparks @ Washington Mystics,Nneka Ogwumike,PTS,OVER,14.5,-134.0,BetRivers,0.57265,0.599684,be885b08a8244d1fc8b2ea77,2026-08-15T23:18:13.480422+00:00,11.78,15.5,-102.0,FanDuel,fanduel,player_points,0.50495,1.0,-0.067699,-0.067699,0.094734,False,False,EXPLICIT_MARKET_CLOSE,PENDING,
2026-08-15|nneka ogwumike|los angeles sparks @ washington mystics|pts|over|2026-08-15T19:42:05.879517+00:00|0.799158,2026-08-15|nneka ogwumike|los angeles sparks @ washington mystics|pts|over,2026-08-15T19:42:05.879517+00:00,2026-08-15,Los Angeles Sparks @ Washington Mystics,Nneka Ogwumike,PTS,OVER,15.5,109.0,BetOnline.ag,0.478469,0.799158,be885b08a8244d1fc8b2ea77,2026-08-15T23:18:13.480422+00:00,11.78,15.5,-102.0,FanDuel,fanduel,player_points,0.50495,0.0,0.026482,0.026482,0.294208,False,True,EXPLICIT_MARKET_CLOSE,PENDING,
2026-08-15|nneka ogwumike|los angeles sparks @ washington mystics|pts|over|2026-08-15T19:42:05.879517+00:00|0.804494,2026-08-15|nneka ogwumike|los angeles sparks @ washington mystics|pts|over,2026-08-15T19:42:05.879517+00:00,2026-08-15,Los Angeles Sparks @ Washington Mystics,Nneka Ogwumike,PTS,OVER,16.5,120.0,BetRivers,0.454545,0.804494,be885b08a8244d1fc8b2ea77,2026-08-15T23:18:13.480422+00:00,11.78,15.5,-102.0,FanDuel,fanduel,player_points,0.50495,-1.0,0.050405,0.050405,0.299544,False,False,EXPLICIT_MARKET_CLOSE,PENDING,
2026-08-15|nneka ogwumike|los angeles sparks @ washington mystics|pts|over|2026-08-15T19:56:46.104978+00:00|0.599684,2026-08-15|nneka ogwumike|los angeles sparks @ washington mystics|pts|over,2026-08-15T19:56:46.104978+00:00,2026-08-15,Los Angeles Sparks @ Washington Mystics,Nneka Ogwumike,PTS,OVER,14.5,-134.0,BetRivers,0.57265,0.599684,be885b08a8244d1fc8b2ea77,2026-08-15T23:18:13.480422+00:00,11.78,15.5,-102.0,FanDuel,fanduel,player_points,0.50495,1.0,-0.067699,-0.067699,0.094734,False,False,EXPLICIT_MARKET_CLOSE,PENDING,
2026-08-15|nneka ogwumike|los angeles sparks @ washington mystics|pts|over|2026-08-15T19:56:46.104978+00:00|0.799158,2026-08-15|nneka ogwumike|los angeles sparks @ washington mystics|pts|over,2026-08-15T19:56:46.104978+00:00,2026-08-15,Los Angeles Sparks @ Washington Mystics,Nneka Ogwumike,PTS,OVER,15.5,109.0,BetOnline.ag,0.478469,0.799158,be885b08a8244d1fc8b2ea77,2026-08-15T23:18:13.480422+00:00,11.78,15.5,-102.0,FanDuel,fanduel,player_points,0.50495,0.0,0.026482,0.026482,0.294208,False,True,EXPLICIT_MARKET_CLOSE,PENDING,
2026-08-15|nneka ogwumike|los angeles sparks @ washington mystics|pts|over|2026-08-15T19:56:46.104978+00:00|0.804494,2026-08-15|nneka ogwumike|los angeles sparks @ washington mystics|pts|over,2026-08-15T19:56:46.104978+00:00,2026-08-15,Los Angeles Sparks @ Washington Mystics,Nneka Ogwumike,PTS,OVER,16.5,120.0,BetRivers,0.454545,0.804494,be885b08a8244d1fc8b2ea77,2026-08-15T23:18:13.480422+00:00,11.78,15.5,-102.0,FanDuel,fanduel,player_points,0.50495,-1.0,0.050405,0.050405,0.299544,False,False,EXPLICIT_MARKET_CLOSE,PENDING,
2026-08-15|nneka ogwumike|los angeles sparks @ washington mystics|pts|over|2026-08-15T20:39:13.403881+00:00|0.599684,2026-08-15|nneka ogwumike|los angeles sparks @ washington mystics|pts|over,2026-08-15T20:39:13.403881+00:00,2026-08-15,Los Angeles Sparks @ Washington Mystics,Nneka Ogwumike,PTS,OVER,14.5,-134.0,BetRivers,0.57265,0.599684,be885b08a8244d1fc8b2ea77,2026-08-15T23:18:13.480422+00:00,11.78,15.5,-102.0,FanDuel,fanduel,player_points,0.50495,1.0,-0.067699,-0.067699,0.094734,False,False,EXPLICIT_MARKET_CLOSE,PENDING,
2026-08-15|nneka ogwumike|los angeles sparks @ washington mystics|pts|over|2026-08-15T20:39:13.403881+00:00|0.799158,2026-08-15|nneka ogwumike|los angeles sparks @ washington mystics|pts|over,2026-08-15T20:39:13.403881+00:00,2026-08-15,Los Angeles Sparks @ Washington Mystics,Nneka Ogwumike,PTS,OVER,15.5,109.0,BetOnline.ag,0.478469,0.799158,be885b08a8244d1fc8b2ea77,2026-08-15T23:18:13.480422+00:00,11.78,15.5,-102.0,FanDuel,fanduel,player_points,0.50495,0.0,0.026482,0.026482,0.294208,False,True,EXPLICIT_MARKET_CLOSE,PENDING,
2026-08-15|nneka ogwumike|los angeles sparks @ washington mystics|pts|over|2026-08-15T20:39:13.403881+00:00|0.804494,2026-08-15|nneka ogwumike|los angeles sparks @ washington mystics|pts|over,2026-08-15T20:39:13.403881+00:00,2026-08-15,Los Angeles Sparks @ Washington Mystics,Nneka Ogwumike,PTS,OVER,16.5,120.0,BetRivers,0.454545,0.804494,be885b08a8244d1fc8b2ea77,2026-08-15T23:18:13.480422+00:00,11.78,15.5,-102.0,FanDuel,fanduel,player_points,0.50495,-1.0,0.050405,0.050405,0.299544,False,False,EXPLICIT_MARKET_CLOSE,PENDING,
2026-08-15|nneka ogwumike|los angeles sparks @ washington mystics|pts|over|2026-08-15T21:00:13.752588+00:00|0.599677,2026-08-15|nneka ogwumike|los angeles sparks @ washington mystics|pts|over,2026-08-15T21:00:13.752588+00:00,2026-08-15,Los Angeles Sparks @ Washington Mystics,Nneka Ogwumike,PTS,OVER,14.5,-136.0,BetRivers,0.576271,0.599677,be885b08a8244d1fc8b2ea77,2026-08-15T23:18:13.480422+00:00,11.78,15.5,-102.0,FanDuel,fanduel,player_points,0.50495,1.0,-0.071321,-0.071321,0.094727,False,False,EXPLICIT_MARKET_CLOSE,PENDING,
2026-08-15|nneka ogwumike|los angeles sparks @ washington mystics|pts|over|2026-08-15T21:00:13.752588+00:00|0.799195,2026-08-15|nneka ogwumike|los angeles sparks @ washington mystics|pts|over,2026-08-15T21:00:13.752588+00:00,2026-08-15,Los Angeles Sparks @ Washington Mystics,Nneka Ogwumike,PTS,OVER,15.5,106.0,FanDuel,0.485437,0.799195,be885b08a8244d1fc8b2ea77,2026-08-15T23:18:13.480422+00:00,11.78,15.5,-102.0,FanDuel,fanduel,player_points,0.50495,0.0,0.019514,0.019514,0.294245,True,True,EXPLICIT_SAME_BOOK_CLOSE,PENDING,
2026-08-15|nneka ogwumike|los angeles sparks @ washington mystics|pts|over|2026-08-15T21:00:13.752588+00:00|0.804494,2026-08-15|nneka ogwumike|los angeles sparks @ washington mystics|pts|over,2026-08-15T21:00:13.752588+00:00,2026-08-15,Los Angeles Sparks @ Washington Mystics,Nneka Ogwumike,PTS,OVER,16.5,120.0,BetRivers,0.454545,0.804494,be885b08a8244d1fc8b2ea77,2026-08-15T23:18:13.480422+00:00,11.78,15.5,-102.0,FanDuel,fanduel,player_points,0.50495,-1.0,0.050405,0.050405,0.299544,False,False,EXPLICIT_MARKET_CLOSE,PENDING,
2026-08-15|nneka ogwumike|los angeles sparks @ washington mystics|pts|over|2026-08-15T21:35:34.997167+00:00|0.599677,2026-08-15|nneka ogwumike|los angeles sparks @ washington mystics|pts|over,2026-08-15T21:35:34.997167+00:00,2026-08-15,Los Angeles Sparks @ Washington Mystics,Nneka Ogwumike,PTS,OVER,14.5,-136.0,BetRivers,0.576271,0.599677,be885b08a8244d1fc8b2ea77,2026-08-15T23:18:13.480422+00:00,11.78,15.5,-102.0,FanDuel,fanduel,player_points,0.50495,1.0,-0.071321,-0.071321,0.094727,False,False,EXPLICIT_MARKET_CLOSE,PENDING,
2026-08-15|nneka ogwumike|los angeles sparks @ washington mystics|pts|over|2026-08-15T21:35:34.997167+00:00|0.799195,2026-08-15|nneka ogwumike|los angeles sparks @ washington mystics|pts|over,2026-08-15T21:35:34.997167+00:00,2026-08-15,Los Angeles Sparks @ Washington Mystics,Nneka Ogwumike,PTS,OVER,15.5,106.0,FanDuel,0.485437,0.799195,be885b08a8244d1fc8b2ea77,2026-08-15T23:18:13.480422+00:00,11.78,15.5,-102.0,FanDuel,fanduel,player_points,0.50495,0.0,0.019514,0.019514,0.294245,True,True,EXPLICIT_SAME_BOOK_CLOSE,PENDING,
2026-08-15|nneka ogwumike|los angeles sparks @ washington mystics|pts|over|2026-08-15T21:35:34.997167+00:00|0.804494,2026-08-15|nneka ogwumike|los angeles sparks @ washington mystics|pts|over,2026-08-15T21:35:34.997167+00:00,2026-08-15,Los Angeles Sparks @ Washington Mystics,Nneka Ogwumike,PTS,OVER,16.5,120.0,BetRivers,0.454545,0.804494,be885b08a8244d1fc8b2ea77,2026-08-15T23:18:13.480422+00:00,11.78,15.5,-102.0,FanDuel,fanduel,player_points,0.50495,-1.0,0.050405,0.050405,0.299544,False,False,EXPLICIT_MARKET_CLOSE,PENDING,
2026-08-15|nneka ogwumike|los angeles sparks @ washington mystics|pts|over|2026-08-15T21:58:02.208346+00:00|0.599677,2026-08-15|nneka ogwumike|los angeles sparks @ washington mystics|pts|over,2026-08-15T21:58:02.208346+00:00,2026-08-15,Los Angeles Sparks @ Washington Mystics,Nneka Ogwumike,PTS,OVER,14.5,-136.0,BetRivers,0.576271,0.599677,be885b08a8244d1fc8b2ea77,2026-08-15T23:18:13.480422+00:00,11.78,15.5,-102.0,FanDuel,fanduel,player_points,0.50495,1.0,-0.071321,-0.071321,0.094727,False,False,EXPLICIT_MARKET_CLOSE,PENDING,
2026-08-15|nneka ogwumike|los angeles sparks @ washington mystics|pts|over|2026-08-15T21:58:02.208346+00:00|0.799195,2026-08-15|nneka ogwumike|los angeles sparks @ washington mystics|pts|over,2026-08-15T21:58:02.208346+00:00,2026-08-15,Los Angeles Sparks @ Washington Mystics,Nneka Ogwumike,PTS,OVER,15.5,106.0,FanDuel,0.485437,0.799195,be885b08a8244d1fc8b2ea77,2026-08-15T23:18:13.480422+00:00,11.78,15.5,-102.0,FanDuel,fanduel,player_points,0.50495,0.0,0.019514,0.019514,0.294245,True,True,EXPLICIT_SAME_BOOK_CLOSE,PENDING,
2026-08-15|nneka ogwumike|los angeles sparks @ washington mystics|pts|over|2026-08-15T21:58:02.208346+00:00|0.804494,2026-08-15|nneka ogwumike|los angeles sparks @ washington mystics|pts|over,2026-08-15T21:58:02.208346+00:00,2026-08-15,Los Angeles Sparks @ Washington Mystics,Nneka Ogwumike,PTS,OVER,16.5,120.0,BetRivers,0.454545,0.804494,be885b08a8244d1fc8b2ea77,2026-08-15T23:18:13.480422+00:00,11.78,15.5,-102.0,FanDuel,fanduel,player_points,0.50495,-1.0,0.050405,0.050405,0.299544,False,False,EXPLICIT_MARKET_CLOSE,PENDING,
2026-08-15|nneka ogwumike|los angeles sparks @ washington mystics|pts|over|2026-08-15T22:38:43.785968+00:00|0.599677,2026-08-15|nneka ogwumike|los angeles sparks @ washington mystics|pts|over,2026-08-15T22:38:43.785968+00:00,2026-08-15,Los Angeles Sparks @ Washington Mystics,Nneka Ogwumike,PTS,OVER,14.5,-136.0,BetRivers,0.576271,0.599677,be885b08a8244d1fc8b2ea77,2026-08-15T23:18:13.480422+00:00,11.78,15.5,-102.0,FanDuel,fanduel,player_points,0.50495,1.0,-0.071321,-0.071321,0.094727,False,False,EXPLICIT_MARKET_CLOSE,PENDING,
2026-08-15|nneka ogwumike|los angeles sparks @ washington mystics|pts|over|2026-08-15T22:38:43.785968+00:00|0.799195,2026-08-15|nneka ogwumike|los angeles sparks @ washington mystics|pts|over,2026-08-15T22:38:43.785968+00:00,2026-08-15,Los Angeles Sparks @ Washington Mystics,Nneka Ogwumike,PTS,OVER,15.5,106.0,FanDuel,0.485437,0.799195,be885b08a8244d1fc8b2ea77,2026-08-15T23:18:13.480422+00:00,11.78,15.5,-102.0,FanDuel,fanduel,player_points,0.50495,0.0,0.019514,0.019514,0.294245,True,True,EXPLICIT_SAME_BOOK_CLOSE,PENDING,
2026-08-15|nneka ogwumike|los angeles sparks @ washington mystics|pts|over|2026-08-15T22:38:43.785968+00:00|0.804494,2026-08-15|nneka ogwumike|los angeles sparks @ washington mystics|pts|over,2026-08-15T22:38:43.785968+00:00,2026-08-15,Los Angeles Sparks @ Washington Mystics,Nneka Ogwumike,PTS,OVER,16.5,120.0,BetRivers,0.454545,0.804494,be885b08a8244d1fc8b2ea77,2026-08-15T23:18:13.480422+00:00,11.78,15.5,-102.0,FanDuel,fanduel,player_points,0.50495,-1.0,0.050405,0.050405,0.299544,False,False,EXPLICIT_MARKET_CLOSE,PENDING,
2026-08-15|nneka ogwumike|los angeles sparks @ washington mystics|pts|over|2026-08-15T22:58:44.786860+00:00|0.599677,2026-08-15|nneka ogwumike|los angeles sparks @ washington mystics|pts|over,2026-08-15T22:58:44.786860+00:00,2026-08-15,Los Angeles Sparks @ Washington Mystics,Nneka Ogwumike,PTS,OVER,14.5,-136.0,BetRivers,0.576271,0.599677,be885b08a8244d1fc8b2ea77,2026-08-15T23:18:13.480422+00:00,11.78,15.5,-102.0,FanDuel,fanduel,player_points,0.50495,1.0,-0.071321,-0.071321,0.094727,False,False,EXPLICIT_MARKET_CLOSE,PENDING,
2026-08-15|nneka ogwumike|los angeles sparks @ washington mystics|pts|over|2026-08-15T22:58:44.786860+00:00|0.799195,2026-08-15|nneka ogwumike|los angeles sparks @ washington mystics|pts|over,2026-08-15T22:58:44.786860+00:00,2026-08-15,Los Angeles Sparks @ Washington Mystics,Nneka Ogwumike,PTS,OVER,15.5,106.0,FanDuel,0.485437,0.799195,be885b08a8244d1fc8b2ea77,2026-08-15T23:18:13.480422+00:00,11.78,15.5,-102.0,FanDuel,fanduel,player_points,0.50495,0.0,0.019514,0.019514,0.294245,True,True,EXPLICIT_SAME_BOOK_CLOSE,PENDING,
2026-08-15|nneka ogwumike|los angeles sparks @ washington mystics|pts|over|2026-08-15T22:58:44.786860+00:00|0.804494,2026-08-15|nneka ogwumike|los angeles sparks @ washington mystics|pts|over,2026-08-15T22:58:44.786860+00:00,2026-08-15,Los Angeles Sparks @ Washington Mystics,Nneka Ogwumike,PTS,OVER,16.5,120.0,BetRivers,0.454545,0.804494,be885b08a8244d1fc8b2ea77,2026-08-15T23:18:13.480422+00:00,11.78,15.5,-102.0,FanDuel,fanduel,player_points,0.50495,-1.0,0.050405,0.050405,0.299544,False,False,EXPLICIT_MARKET_CLOSE,PENDING,
2026-08-15|nneka ogwumike|los angeles sparks @ washington mystics|pts|over|2026-08-15T23:40:58.015375+00:00|0.599677,2026-08-15|nneka ogwumike|los angeles sparks @ washington mystics|pts|over,2026-08-15T23:40:58.015375+00:00,2026-08-15,Los Angeles Sparks @ Washington Mystics,Nneka Ogwumike,PTS,OVER,14.5,-136.0,BetRivers,0.576271,0.599677,be885b08a8244d1fc8b2ea77,2026-08-15T23:18:13.480422+00:00,11.78,15.5,-102.0,FanDuel,fanduel,player_points,0.50495,1.0,-0.071321,-0.071321,0.094727,False,False,EXPLICIT_MARKET_CLOSE,PENDING,
2026-08-15|nneka ogwumike|los angeles sparks @ washington mystics|pts|over|2026-08-15T23:40:58.015375+00:00|0.799195,2026-08-15|nneka ogwumike|los angeles sparks @ washington mystics|pts|over,2026-08-15T23:40:58.015375+00:00,2026-08-15,Los Angeles Sparks @ Washington Mystics,Nneka Ogwumike,PTS,OVER,15.5,106.0,FanDuel,0.485437,0.799195,be885b08a8244d1fc8b2ea77,2026-08-15T23:18:13.480422+00:00,11.78,15.5,-102.0,FanDuel,fanduel,player_points,0.50495,0.0,0.019514,0.019514,0.294245,True,True,EXPLICIT_SAME_BOOK_CLOSE,PENDING,
2026-08-15|nneka ogwumike|los angeles sparks @ washington mystics|pts|over|2026-08-15T23:40:58.015375+00:00|0.804494,2026-08-15|nneka ogwumike|los angeles sparks @ washington mystics|pts|over,2026-08-15T23:40:58.015375+00:00,2026-08-15,Los Angeles Sparks @ Washington Mystics,Nneka Ogwumike,PTS,OVER,16.5,120.0,BetRivers,0.454545,0.804494,be885b08a8244d1fc8b2ea77,2026-08-15T23:18:13.480422+00:00,11.78,15.5,-102.0,FanDuel,fanduel,player_points,0.50495,-1.0,0.050405,0.050405,0.299544,False,False,EXPLICIT_MARKET_CLOSE,PENDING,
2026-08-15|nneka ogwumike|los angeles sparks @ washington mystics|pts|under|2026-08-15T10:59:30.272276+00:00|0.527445,2026-08-15|nneka ogwumike|los angeles sparks @ washington mystics|pts|under,2026-08-15T10:59:30.272276+00:00,2026-08-15,Los Angeles Sparks @ Washington Mystics,Nneka Ogwumike,PTS,UNDER,15.5,-127.0,Caesars,0.559471,0.527445,37c012e710402ea26edfb57e,2026-08-15T23:18:13.480422+00:00,11.78,15.5,-128.0,FanDuel,fanduel,player_points,0.561404,0.0,0.001932,0.001932,-0.033959,False,True,EXPLICIT_MARKET_CLOSE,PENDING,
2026-08-15|nneka ogwumike|los angeles sparks @ washington mystics|pts|under|2026-08-15T11:37:38.316341+00:00|0.527445,2026-08-15|nneka ogwumike|los angeles sparks @ washington mystics|pts|under,2026-08-15T11:37:38.316341+00:00,2026-08-15,Los Angeles Sparks @ Washington Mystics,Nneka Ogwumike,PTS,UNDER,15.5,-127.0,Caesars,0.559471,0.527445,37c012e710402ea26edfb57e,2026-08-15T23:18:13.480422+00:00,11.78,15.5,-128.0,FanDuel,fanduel,player_points,0.561404,0.0,0.001932,0.001932,-0.033959,False,True,EXPLICIT_MARKET_CLOSE,PENDING,
2026-08-15|nneka ogwumike|los angeles sparks @ washington mystics|pts|under|2026-08-15T11:57:22.075495+00:00|0.527445,2026-08-15|nneka ogwumike|los angeles sparks @ washington mystics|pts|under,2026-08-15T11:57:22.075495+00:00,2026-08-15,Los Angeles Sparks @ Washington Mystics,Nneka Ogwumike,PTS,UNDER,15.5,-127.0,Caesars,0.559471,0.527445,37c012e710402ea26edfb57e,2026-08-15T23:18:13.480422+00:00,11.78,15.5,-128.0,FanDuel,fanduel,player_points,0.561404,0.0,0.001932,0.001932,-0.033959,False,True,EXPLICIT_MARKET_CLOSE,PENDING,
2026-08-15|nneka ogwumike|los angeles sparks @ washington mystics|pts|under|2026-08-15T12:59:45.246898+00:00|0.527095,2026-08-15|nneka ogwumike|los angeles sparks @ washington mystics|pts|under,2026-08-15T12:59:45.246898+00:00,2026-08-15,Los Angeles Sparks @ Washington Mystics,Nneka Ogwumike,PTS,UNDER,15.5,-123.0,DraftKings,0.55157,0.527095,7f8c9c9fc5dcd034e540e4b9,2026-08-15T23:18:13.480422+00:00,11.78,15.5,-110.0,DraftKings,draftkings,player_points,0.52381,0.0,-0.02776,-0.02776,0.003285,True,True,EXPLICIT_SAME_BOOK_CLOSE,PENDING,
2026-08-15|nneka ogwumike|los angeles sparks @ washington mystics|pts|under|2026-08-15T13:19:00.048599+00:00|0.527095,2026-08-15|nneka ogwumike|los angeles sparks @ washington mystics|pts|under,2026-08-15T13:19:00.048599+00:00,2026-08-15,Los Angeles Sparks @ Washington Mystics,Nneka Ogwumike,PTS,UNDER,15.5,-123.0,DraftKings,0.55157,0.527095,7f8c9c9fc5dcd034e540e4b9,2026-08-15T23:18:13.480422+00:00,11.78,15.5,-110.0,DraftKings,draftkings,player_points,0.52381,0.0,-0.02776,-0.02776,0.003285,True,True,EXPLICIT_SAME_BOOK_CLOSE,PENDING,
2026-08-15|nneka ogwumike|los angeles sparks @ washington mystics|pts|under|2026-08-15T14:00:20.819656+00:00|0.527184,2026-08-15|nneka ogwumike|los angeles sparks @ washington mystics|pts|under,2026-08-15T14:00:20.819656+00:00,2026-08-15,Los Angeles Sparks @ Washington Mystics,Nneka Ogwumike,PTS,UNDER,15.5,-124.0,DraftKings,0.553571,0.527184,7f8c9c9fc5dcd034e540e4b9,2026-08-15T23:18:13.480422+00:00,11.78,15.5,-110.0,DraftKings,draftkings,player_points,0.52381,0.0,-0.029762,-0.029762,0.003374,True,True,EXPLICIT_SAME_BOOK_CLOSE,PENDING,
2026-08-15|nneka ogwumike|los angeles sparks @ washington mystics|pts|under|2026-08-15T14:39:33.056630+00:00|0.527184,2026-08-15|nneka ogwumike|los angeles sparks @ washington mystics|pts|under,2026-08-15T14:39:33.056630+00:00,2026-08-15,Los Angeles Sparks @ Washington Mystics,Nneka Ogwumike,PTS,UNDER,15.5,-124.0,DraftKings,0.553571,0.527184,7f8c9c9fc5dcd034e540e4b9,2026-08-15T23:18:13.480422+00:00,11.78,15.5,-110.0,DraftKings,draftkings,player_points,0.52381,0.0,-0.029762,-0.029762,0.003374,True,True,EXPLICIT_SAME_BOOK_CLOSE,PENDING,
2026-08-15|nneka ogwumike|los angeles sparks @ washington mystics|pts|under|2026-08-15T15:00:16.446702+00:00|0.527184,2026-08-15|nneka ogwumike|los angeles sparks @ washington mystics|pts|under,2026-08-15T15:00:16.446702+00:00,2026-08-15,Los Angeles Sparks @ Washington Mystics,Nneka Ogwumike,PTS,UNDER,15.5,-124.0,DraftKings,0.553571,0.527184,7f8c9c9fc5dcd034e540e4b9,2026-08-15T23:18:13.480422+00:00,11.78,15.5,-110.0,DraftKings,draftkings,player_points,0.52381,0.0,-0.029762,-0.029762,0.003374,True,True,EXPLICIT_SAME_BOOK_CLOSE,PENDING,
2026-08-15|nneka ogwumike|los angeles sparks @ washington mystics|pts|under|2026-08-15T15:56:41.397541+00:00|0.527445,2026-08-15|nneka ogwumike|los angeles sparks @ washington mystics|pts|under,2026-08-15T15:56:41.397541+00:00,2026-08-15,Los Angeles Sparks @ Washington Mystics,Nneka Ogwumike,PTS,UNDER,15.5,-127.0,Caesars,0.559471,0.527445,37c012e710402ea26edfb57e,2026-08-15T23:18:13.480422+00:00,11.78,15.5,-128.0,FanDuel,fanduel,player_points,0.561404,0.0,0.001932,0.001932,-0.033959,False,True,EXPLICIT_MARKET_CLOSE,PENDING,
2026-08-15|nneka ogwumike|los angeles sparks @ washington mystics|pts|under|2026-08-15T16:40:58.435903+00:00|0.527445,2026-08-15|nneka ogwumike|los angeles sparks @ washington mystics|pts|under,2026-08-15T16:40:58.435903+00:00,2026-08-15,Los Angeles Sparks @ Washington Mystics,Nneka Ogwumike,PTS,UNDER,15.5,-127.0,Caesars,0.559471,0.527445,37c012e710402ea26edfb57e,2026-08-15T23:18:13.480422+00:00,11.78,15.5,-128.0,FanDuel,fanduel,player_points,0.561404,0.0,0.001932,0.001932,-0.033959,False,True,EXPLICIT_MARKET_CLOSE,PENDING,
2026-08-15|nneka ogwumike|los angeles sparks @ washington mystics|pts|under|2026-08-15T16:59:57.449708+00:00|0.527445,2026-08-15|nneka ogwumike|los angeles sparks @ washington mystics|pts|under,2026-08-15T16:59:57.449708+00:00,2026-08-15,Los Angeles Sparks @ Washington Mystics,Nneka Ogwumike,PTS,UNDER,15.5,-127.0,Caesars,0.559471,0.527445,37c012e710402ea26edfb57e,2026-08-15T23:18:13.480422+00:00,11.78,15.5,-128.0,FanDuel,fanduel,player_points,0.561404,0.0,0.001932,0.001932,-0.033959,False,True,EXPLICIT_MARKET_CLOSE,PENDING,
2026-08-15|nneka ogwumike|los angeles sparks @ washington mystics|pts|under|2026-08-15T17:36:49.057441+00:00|0.527445,2026-08-15|nneka ogwumike|los angeles sparks @ washington mystics|pts|under,2026-08-15T17:36:49.057441+00:00,2026-08-15,Los Angeles Sparks @ Washington Mystics,Nneka Ogwumike,PTS,UNDER,15.5,-127.0,Caesars,0.559471,0.527445,37c012e710402ea26edfb57e,2026-08-15T23:18:13.480422+00:00,11.78,15.5,-128.0,FanDuel,fanduel,player_points,0.561404,0.0,0.001932,0.001932,-0.033959,False,True,EXPLICIT_MARKET_CLOSE,PENDING,
2026-08-15|nneka ogwumike|los angeles sparks @ washington mystics|pts|under|2026-08-15T17:58:18.784460+00:00|0.527445,2026-08-15|nneka ogwumike|los angeles sparks @ washington mystics|pts|under,2026-08-15T17:58:18.784460+00:00,2026-08-15,Los Angeles Sparks @ Washington Mystics,Nneka Ogwumike,PTS,UNDER,15.5,-127.0,Caesars,0.559471,0.527445,37c012e710402ea26edfb57e,2026-08-15T23:18:13.480422+00:00,11.78,15.5,-128.0,FanDuel,fanduel,player_points,0.561404,0.0,0.001932,0.001932,-0.033959,False,True,EXPLICIT_MARKET_CLOSE,PENDING,
2026-08-15|nneka ogwumike|los angeles sparks @ washington mystics|pts|under|2026-08-15T18:48:26.623952+00:00|0.527445,2026-08-15|nneka ogwumike|los angeles sparks @ washington mystics|pts|under,2026-08-15T18:48:26.623952+00:00,2026-08-15,Los Angeles Sparks @ Washington Mystics,Nneka Ogwumike,PTS,UNDER,15.5,-127.0,Caesars,0.559471,0.527445,37c012e710402ea26edfb57e,2026-08-15T23:18:13.480422+00:00,11.78,15.5,-128.0,FanDuel,fanduel,player_points,0.561404,0.0,0.001932,0.001932,-0.033959,False,True,EXPLICIT_MARKET_CLOSE,PENDING,
2026-08-15|nneka ogwumike|los angeles sparks @ washington mystics|pts|under|2026-08-15T19:03:50.105082+00:00|0.527445,2026-08-15|nneka ogwumike|los angeles sparks @ washington mystics|pts|under,2026-08-15T19:03:50.105082+00:00,2026-08-15,Los Angeles Sparks @ Washington Mystics,Nneka Ogwumike,PTS,UNDER,15.5,-127.0,Caesars,0.559471,0.527445,37c012e710402ea26edfb57e,2026-08-15T23:18:13.480422+00:00,11.78,15.5,-128.0,FanDuel,fanduel,player_points,0.561404,0.0,0.001932,0.001932,-0.033959,False,True,EXPLICIT_MARKET_CLOSE,PENDING,
2026-08-15|nneka ogwumike|los angeles sparks @ washington mystics|pts|under|2026-08-15T19:42:05.879517+00:00|0.527445,2026-08-15|nneka ogwumike|los angeles sparks @ washington mystics|pts|under,2026-08-15T19:42:05.879517+00:00,2026-08-15,Los Angeles Sparks @ Washington Mystics,Nneka Ogwumike,PTS,UNDER,15.5,-127.0,Caesars,0.559471,0.527445,37c012e710402ea26edfb57e,2026-08-15T23:18:13.480422+00:00,11.78,15.5,-128.0,FanDuel,fanduel,player_points,0.561404,0.0,0.001932,0.001932,-0.033959,False,True,EXPLICIT_MARKET_CLOSE,PENDING,
2026-08-15|nneka ogwumike|los angeles sparks @ washington mystics|pts|under|2026-08-15T19:56:46.104978+00:00|0.527445,2026-08-15|nneka ogwumike|los angeles sparks @ washington mystics|pts|under,2026-08-15T19:56:46.104978+00:00,2026-08-15,Los Angeles Sparks @ Washington Mystics,Nneka Ogwumike,PTS,UNDER,15.5,-127.0,Caesars,0.559471,0.527445,37c012e710402ea26edfb57e,2026-08-15T23:18:13.480422+00:00,11.78,15.5,-128.0,FanDuel,fanduel,player_points,0.561404,0.0,0.001932,0.001932,-0.033959,False,True,EXPLICIT_MARKET_CLOSE,PENDING,
2026-08-15|nneka ogwumike|los angeles sparks @ washington mystics|pts|under|2026-08-15T20:39:13.403881+00:00|0.527445,2026-08-15|nneka ogwumike|los angeles sparks @ washington mystics|pts|under,2026-08-15T20:39:13.403881+00:00,2026-08-15,Los Angeles Sparks @ Washington Mystics,Nneka Ogwumike,PTS,UNDER,15.5,-127.0,Caesars,0.559471,0.527445,37c012e710402ea26edfb57e,2026-08-15T23:18:13.480422+00:00,11.78,15.5,-128.0,FanDuel,fanduel,player_points,0.561404,0.0,0.001932,0.001932,-0.033959,False,True,EXPLICIT_MARKET_CLOSE,PENDING,
2026-08-15|nneka ogwumike|los angeles sparks @ washington mystics|pts|under|2026-08-15T21:00:13.752588+00:00|0.52682,2026-08-15|nneka ogwumike|los angeles sparks @ washington mystics|pts|under,2026-08-15T21:00:13.752588+00:00,2026-08-15,Los Angeles Sparks @ Washington Mystics,Nneka Ogwumike,PTS,UNDER,15.5,-120.0,DraftKings,0.545455,0.52682,7f8c9c9fc5dcd034e540e4b9,2026-08-15T23:18:13.480422+00:00,11.78,15.5,-110.0,DraftKings,draftkings,player_points,0.52381,0.0,-0.021645,-0.021645,0.00301,True,True,EXPLICIT_SAME_BOOK_CLOSE,PENDING,
2026-08-15|nneka ogwumike|los angeles sparks @ washington mystics|pts|under|2026-08-15T21:35:34.997167+00:00|0.52682,2026-08-15|nneka ogwumike|los angeles sparks @ washington mystics|pts|under,2026-08-15T21:35:34.997167+00:00,2026-08-15,Los Angeles Sparks @ Washington Mystics,Nneka Ogwumike,PTS,UNDER,15.5,-120.0,DraftKings,0.545455,0.52682,7f8c9c9fc5dcd034e540e4b9,2026-08-15T23:18:13.480422+00:00,11.78,15.5,-110.0,DraftKings,draftkings,player_points,0.52381,0.0,-0.021645,-0.021645,0.00301,True,True,EXPLICIT_SAME_BOOK_CLOSE,PENDING,
2026-08-15|nneka ogwumike|los angeles sparks @ washington mystics|pts|under|2026-08-15T21:58:02.208346+00:00|0.52682,2026-08-15|nneka ogwumike|los angeles sparks @ washington mystics|pts|under,2026-08-15T21:58:02.208346+00:00,2026-08-15,Los Angeles Sparks @ Washington Mystics,Nneka Ogwumike,PTS,UNDER,15.5,-120.0,DraftKings,0.545455,0.52682,7f8c9c9fc5dcd034e540e4b9,2026-08-15T23:18:13.480422+00:00,11.78,15.5,-110.0,DraftKings,draftkings,player_points,0.52381,0.0,-0.021645,-0.021645,0.00301,True,True,EXPLICIT_SAME_BOOK_CLOSE,PENDING,
2026-08-15|nneka ogwumike|los angeles sparks @ washington mystics|pts|under|2026-08-15T22:38:43.785968+00:00|0.52682,2026-08-15|nneka ogwumike|los angeles sparks @ washington mystics|pts|under,2026-08-15T22:38:43.785968+00:00,2026-08-15,Los Angeles Sparks @ Washington Mystics,Nneka Ogwumike,PTS,UNDER,15.5,-120.0,DraftKings,0.545455,0.52682,7f8c9c9fc5dcd034e540e4b9,2026-08-15T23:18:13.480422+00:00,11.78,15.5,-110.0,DraftKings,draftkings,player_points,0.52381,0.0,-0.021645,-0.021645,0.00301,True,True,EXPLICIT_SAME_BOOK_CLOSE,PENDING,
2026-08-15|nneka ogwumike|los angeles sparks @ washington mystics|pts|under|2026-08-15T22:58:44.786860+00:00|0.52682,2026-08-15|nneka ogwumike|los angeles sparks @ washington mystics|pts|under,2026-08-15T22:58:44.786860+00:00,2026-08-15,Los Angeles Sparks @ Washington Mystics,Nneka Ogwumike,PTS,UNDER,15.5,-120.0,DraftKings,0.545455,0.52682,7f8c9c9fc5dcd034e540e4b9,2026-08-15T23:18:13.480422+00:00,11.78,15.5,-110.0,DraftKings,draftkings,player_points,0.52381,0.0,-0.021645,-0.021645,0.00301,True,True,EXPLICIT_SAME_BOOK_CLOSE,PENDING,
2026-08-15|nneka ogwumike|los angeles sparks @ washington mystics|pts|under|2026-08-15T23:40:58.015375+00:00|0.52682,2026-08-15|nneka ogwumike|los angeles sparks @ washington mystics|pts|under,2026-08-15T23:40:58.015375+00:00,2026-08-15,Los Angeles Sparks @ Washington Mystics,Nneka Ogwumike,PTS,UNDER,15.5,-120.0,DraftKings,0.545455,0.52682,7f8c9c9fc5dcd034e540e4b9,2026-08-15T23:18:13.480422+00:00,11.78,15.5,-110.0,DraftKings,draftkings,player_points,0.52381,0.0,-0.021645,-0.021645,0.00301,True,True,EXPLICIT_SAME_BOOK_CLOSE,PENDING,
2026-08-15|pauline astier|new york liberty @ connecticut sun|pts|over|2026-08-15T10:59:30.272276+00:00|0.664013,2026-08-15|pauline astier|new york liberty @ connecticut sun|pts|over,2026-08-15T10:59:30.272276+00:00,2026-08-15,New York Liberty @ Connecticut Sun,Pauline Astier,PTS,OVER,7.5,-134.0,DraftKings,0.57265,0.664013,cfd53e46754bd583b618ae87,2026-08-15T16:50:49.980706+00:00,9.17,9.5,100.0,DraftKings,draftkings,player_points,0.5,2.0,-0.07265,-0.07265,0.164013,True,False,EXPLICIT_SAME_BOOK_CLOSE,PENDING,
2026-08-15|pauline astier|new york liberty @ connecticut sun|pts|over|2026-08-15T10:59:30.272276+00:00|0.682681,2026-08-15|pauline astier|new york liberty @ connecticut sun|pts|over,2026-08-15T10:59:30.272276+00:00,2026-08-15,New York Liberty @ Connecticut Sun,Pauline Astier,PTS,OVER,8.5,104.0,BetOnline.ag,0.490196,0.682681,a020ffbf6d6a12af0fa7131c,2026-08-15T16:50:49.980706+00:00,9.17,9.5,100.0,FanDuel,fanduel,player_points,0.5,1.0,0.009804,0.009804,0.182681,False,False,EXPLICIT_MARKET_CLOSE,PENDING,
2026-08-15|pauline astier|new york liberty @ connecticut sun|pts|over|2026-08-15T11:37:38.316341+00:00|0.664013,2026-08-15|pauline astier|new york liberty @ connecticut sun|pts|over,2026-08-15T11:37:38.316341+00:00,2026-08-15,New York Liberty @ Connecticut Sun,Pauline Astier,PTS,OVER,7.5,-134.0,DraftKings,0.57265,0.664013,cfd53e46754bd583b618ae87,2026-08-15T16:50:49.980706+00:00,9.17,9.5,100.0,DraftKings,draftkings,player_points,0.5,2.0,-0.07265,-0.07265,0.164013,True,False,EXPLICIT_SAME_BOOK_CLOSE,PENDING,
2026-08-15|pauline astier|new york liberty @ connecticut sun|pts|over|2026-08-15T11:37:38.316341+00:00|0.682681,2026-08-15|pauline astier|new york liberty @ connecticut sun|pts|over,2026-08-15T11:37:38.316341+00:00,2026-08-15,New York Liberty @ Connecticut Sun,Pauline Astier,PTS,OVER,8.5,104.0,BetOnline.ag,0.490196,0.682681,a020ffbf6d6a12af0fa7131c,2026-08-15T16:50:49.980706+00:00,9.17,9.5,100.0,FanDuel,fanduel,player_points,0.5,1.0,0.009804,0.009804,0.182681,False,False,EXPLICIT_MARKET_CLOSE,PENDING,
2026-08-15|pauline astier|new york liberty @ connecticut sun|pts|over|2026-08-15T11:57:22.075495+00:00|0.664013,2026-08-15|pauline astier|new york liberty @ connecticut sun|pts|over,2026-08-15T11:57:22.075495+00:00,2026-08-15,New York Liberty @ Connecticut Sun,Pauline Astier,PTS,OVER,7.5,-134.0,DraftKings,0.57265,0.664013,cfd53e46754bd583b618ae87,2026-08-15T16:50:49.980706+00:00,9.17,9.5,100.0,DraftKings,draftkings,player_points,0.5,2.0,-0.07265,-0.07265,0.164013,True,False,EXPLICIT_SAME_BOOK_CLOSE,PENDING,
2026-08-15|pauline astier|new york liberty @ connecticut sun|pts|over|2026-08-15T11:57:22.075495+00:00|0.682681,2026-08-15|pauline astier|new york liberty @ connecticut sun|pts|over,2026-08-15T11:57:22.075495+00:00,2026-08-15,New York Liberty @ Connecticut Sun,Pauline Astier,PTS,OVER,8.5,104.0,BetOnline.ag,0.490196,0.682681,a020ffbf6d6a12af0fa7131c,2026-08-15T16:50:49.980706+00:00,9.17,9.5,100.0,FanDuel,fanduel,player_points,0.5,1.0,0.009804,0.009804,0.182681,False,False,EXPLICIT_MARKET_CLOSE,PENDING,
2026-08-15|pauline astier|new york liberty @ connecticut sun|pts|over|2026-08-15T12:59:45.246898+00:00|0.66546,2026-08-15|pauline astier|new york liberty @ connecticut sun|pts|over,2026-08-15T12:59:45.246898+00:00,2026-08-15,New York Liberty @ Connecticut Sun,Pauline Astier,PTS,OVER,7.5,-132.0,BetRivers,0.568966,0.66546,a020ffbf6d6a12af0fa7131c,2026-08-15T16:50:49.980706+00:00,9.17,9.5,100.0,FanDuel,fanduel,player_points,0.5,2.0,-0.068966,-0.068966,0.16546,False,False,EXPLICIT_MARKET_CLOSE,PENDING,
2026-08-15|pauline astier|new york liberty @ connecticut sun|pts|over|2026-08-15T12:59:45.246898+00:00|0.68296,2026-08-15|pauline astier|new york liberty @ connecticut sun|pts|over,2026-08-15T12:59:45.246898+00:00,2026-08-15,New York Liberty @ Connecticut Sun,Pauline Astier,PTS,OVER,8.5,105.0,BetRivers,0.487805,0.68296,a020ffbf6d6a12af0fa7131c,2026-08-15T16:50:49.980706+00:00,9.17,9.5,100.0,FanDuel,fanduel,player_points,0.5,1.0,0.012195,0.012195,0.18296,False,False,EXPLICIT_MARKET_CLOSE,PENDING,
2026-08-15|pauline astier|new york liberty @ connecticut sun|pts|over|2026-08-15T13:19:00.048599+00:00|0.666952,2026-08-15|pauline astier|new york liberty @ connecticut sun|pts|over,2026-08-15T13:19:00.048599+00:00,2026-08-15,New York Liberty @ Connecticut Sun,Pauline Astier,PTS,OVER,7.5,-130.0,BetRivers,0.565217,0.666952,a020ffbf6d6a12af0fa7131c,2026-08-15T16:50:49.980706+00:00,9.17,9.5,100.0,FanDuel,fanduel,player_points,0.5,2.0,-0.065217,-0.065217,0.166952,False,False,EXPLICIT_MARKET_CLOSE,PENDING,
2026-08-15|pauline astier|new york liberty @ connecticut sun|pts|over|2026-08-15T13:19:00.048599+00:00|0.63015,2026-08-15|pauline astier|new york liberty @ connecticut sun|pts|over,2026-08-15T13:19:00.048599+00:00,2026-08-15,New York Liberty @ Connecticut Sun,Pauline Astier,PTS,OVER,8.5,107.0,BetRivers,0.483092,0.63015,a020ffbf6d6a12af0fa7131c,2026-08-15T16:50:49.980706+00:00,9.17,9.5,100.0,FanDuel,fanduel,player_points,0.5,1.0,0.016908,0.016908,0.13015,False,False,EXPLICIT_MARKET_CLOSE,PENDING,
2026-08-15|pauline astier|new york liberty @ connecticut sun|pts|over|2026-08-15T14:00:20.819656+00:00|0.718427,2026-08-15|pauline astier|new york liberty @ connecticut sun|pts|over,2026-08-15T14:00:20.819656+00:00,2026-08-15,New York Liberty @ Connecticut Sun,Pauline Astier,PTS,OVER,7.5,-127.0,BetRivers,0.559471,0.718427,a020ffbf6d6a12af0fa7131c,2026-08-15T16:50:49.980706+00:00,9.17,9.5,100.0,FanDuel,fanduel,player_points,0.5,2.0,-0.059471,-0.059471,0.218427,False,False,EXPLICIT_MARKET_CLOSE,PENDING,
2026-08-15|pauline astier|new york liberty @ connecticut sun|pts|over|2026-08-15T14:00:20.819656+00:00|0.629958,2026-08-15|pauline astier|new york liberty @ connecticut sun|pts|over,2026-08-15T14:00:20.819656+00:00,2026-08-15,New York Liberty @ Connecticut Sun,Pauline Astier,PTS,OVER,8.5,108.0,BetRivers,0.480769,0.629958,a020ffbf6d6a12af0fa7131c,2026-08-15T16:50:49.980706+00:00,9.17,9.5,100.0,FanDuel,fanduel,player_points,0.5,1.0,0.019231,0.019231,0.129958,False,False,EXPLICIT_MARKET_CLOSE,PENDING,
2026-08-15|pauline astier|new york liberty @ connecticut sun|pts|over|2026-08-15T14:39:33.056630+00:00|0.718427,2026-08-15|pauline astier|new york liberty @ connecticut sun|pts|over,2026-08-15T14:39:33.056630+00:00,2026-08-15,New York Liberty @ Connecticut Sun,Pauline Astier,PTS,OVER,7.5,-127.0,BetRivers,0.559471,0.718427,a020ffbf6d6a12af0fa7131c,2026-08-15T16:50:49.980706+00:00,9.17,9.5,100.0,FanDuel,fanduel,player_points,0.5,2.0,-0.059471,-0.059471,0.218427,False,False,EXPLICIT_MARKET_CLOSE,PENDING,
2026-08-15|pauline astier|new york liberty @ connecticut sun|pts|over|2026-08-15T14:39:33.056630+00:00|0.629958,2026-08-15|pauline astier|new york liberty @ connecticut sun|pts|over,2026-08-15T14:39:33.056630+00:00,2026-08-15,New York Liberty @ Connecticut Sun,Pauline Astier,PTS,OVER,8.5,108.0,BetRivers,0.480769,0.629958,a020ffbf6d6a12af0fa7131c,2026-08-15T16:50:49.980706+00:00,9.17,9.5,100.0,FanDuel,fanduel,player_points,0.5,1.0,0.019231,0.019231,0.129958,False,False,EXPLICIT_MARKET_CLOSE,PENDING,
2026-08-15|pauline astier|new york liberty @ connecticut sun|pts|over|2026-08-15T15:00:16.446702+00:00|0.718427,2026-08-15|pauline astier|new york liberty @ connecticut sun|pts|over,2026-08-15T15:00:16.446702+00:00,2026-08-15,New York Liberty @ Connecticut Sun,Pauline Astier,PTS,OVER,7.5,-127.0,BetRivers,0.559471,0.718427,a020ffbf6d6a12af0fa7131c,2026-08-15T16:50:49.980706+00:00,9.17,9.5,100.0,FanDuel,fanduel,player_points,0.5,2.0,-0.059471,-0.059471,0.218427,False,False,EXPLICIT_MARKET_CLOSE,PENDING,
2026-08-15|pauline astier|new york liberty @ connecticut sun|pts|over|2026-08-15T15:00:16.446702+00:00|0.629958,2026-08-15|pauline astier|new york liberty @ connecticut sun|pts|over,2026-08-15T15:00:16.446702+00:00,2026-08-15,New York Liberty @ Connecticut Sun,Pauline Astier,PTS,OVER,8.5,108.0,BetRivers,0.480769,0.629958,a020ffbf6d6a12af0fa7131c,2026-08-15T16:50:49.980706+00:00,9.17,9.5,100.0,FanDuel,fanduel,player_points,0.5,1.0,0.019231,0.019231,0.129958,False,False,EXPLICIT_MARKET_CLOSE,PENDING,
2026-08-15|pauline astier|new york liberty @ connecticut sun|pts|over|2026-08-15T15:56:41.397541+00:00|0.67653,2026-08-15|pauline astier|new york liberty @ connecticut sun|pts|over,2026-08-15T15:56:41.397541+00:00,2026-08-15,New York Liberty @ Connecticut Sun,Pauline Astier,PTS,OVER,8.5,-113.0,DraftKings,0.530516,0.67653,cfd53e46754bd583b618ae87,2026-08-15T16:50:49.980706+00:00,9.17,9.5,100.0,DraftKings,draftkings,player_points,0.5,1.0,-0.030516,-0.030516,0.17653,True,False,EXPLICIT_SAME_BOOK_CLOSE,PENDING,
2026-08-15|pauline astier|new york liberty @ connecticut sun|pts|over|2026-08-15T15:56:41.397541+00:00|0.617988,2026-08-15|pauline astier|new york liberty @ connecticut sun|pts|over,2026-08-15T15:56:41.397541+00:00,2026-08-15,New York Liberty @ Connecticut Sun,Pauline Astier,PTS,OVER,9.5,117.0,BetRivers,0.460829,0.617988,a020ffbf6d6a12af0fa7131c,2026-08-15T16:50:49.980706+00:00,9.17,9.5,100.0,FanDuel,fanduel,player_points,0.5,0.0,0.039171,0.039171,0.117988,False,True,EXPLICIT_MARKET_CLOSE,PENDING,
2026-08-15|pauline astier|new york liberty @ connecticut sun|pts|over|2026-08-15T16:40:58.435903+00:00|0.67653,2026-08-15|pauline astier|new york liberty @ connecticut sun|pts|over,2026-08-15T16:40:58.435903+00:00,2026-08-15,New York Liberty @ Connecticut Sun,Pauline Astier,PTS,OVER,8.5,-113.0,DraftKings,0.530516,0.67653,cfd53e46754bd583b618ae87,2026-08-15T16:50:49.980706+00:00,9.17,9.5,100.0,DraftKings,draftkings,player_points,0.5,1.0,-0.030516,-0.030516,0.17653,True,False,EXPLICIT_SAME_BOOK_CLOSE,PENDING,
2026-08-15|pauline astier|new york liberty @ connecticut sun|pts|over|2026-08-15T16:40:58.435903+00:00|0.617988,2026-08-15|pauline astier|new york liberty @ connecticut sun|pts|over,2026-08-15T16:40:58.435903+00:00,2026-08-15,New York Liberty @ Connecticut Sun,Pauline Astier,PTS,OVER,9.5,117.0,BetRivers,0.460829,0.617988,a020ffbf6d6a12af0fa7131c,2026-08-15T16:50:49.980706+00:00,9.17,9.5,100.0,FanDuel,fanduel,player_points,0.5,0.0,0.039171,0.039171,0.117988,False,True,EXPLICIT_MARKET_CLOSE,PENDING,
2026-08-15|pauline astier|new york liberty @ connecticut sun|pts|over|2026-08-15T16:59:57.449708+00:00|0.671801,2026-08-15|pauline astier|new york liberty @ connecticut sun|pts|over,2026-08-15T16:59:57.449708+00:00,2026-08-15,New York Liberty @ Connecticut Sun,Pauline Astier,PTS,OVER,8.5,-122.0,BetRivers,0.54955,0.671801,a020ffbf6d6a12af0fa7131c,2026-08-15T16:50:49.980706+00:00,9.17,9.5,100.0,FanDuel,fanduel,player_points,0.5,1.0,-0.04955,-0.04955,0.171801,False,False,EXPLICIT_MARKET_CLOSE,PENDING,
2026-08-15|pauline astier|new york liberty @ connecticut sun|pts|over|2026-08-15T16:59:57.449708+00:00|0.619158,2026-08-15|pauline astier|new york liberty @ connecticut sun|pts|over,2026-08-15T16:59:57.449708+00:00,2026-08-15,New York Liberty @ Connecticut Sun,Pauline Astier,PTS,OVER,9.5,113.0,BetOnline.ag,0.469484,0.619158,a020ffbf6d6a12af0fa7131c,2026-08-15T16:50:49.980706+00:00,9.17,9.5,100.0,FanDuel,fanduel,player_points,0.5,0.0,0.030516,0.030516,0.119158,False,True,EXPLICIT_MARKET_CLOSE,PENDING,
2026-08-15|pauline astier|new york liberty @ connecticut sun|pts|over|2026-08-15T17:36:49.057441+00:00|0.671801,2026-08-15|pauline astier|new york liberty @ connecticut sun|pts|over,2026-08-15T17:36:49.057441+00:00,2026-08-15,New York Liberty @ Connecticut Sun,Pauline Astier,PTS,OVER,8.5,-122.0,BetRivers,0.54955,0.671801,a020ffbf6d6a12af0fa7131c,2026-08-15T16:50:49.980706+00:00,9.17,9.5,100.0,FanDuel,fanduel,player_points,0.5,1.0,-0.04955,-0.04955,0.171801,False,False,EXPLICIT_MARKET_CLOSE,PENDING,
2026-08-15|pauline astier|new york liberty @ connecticut sun|pts|over|2026-08-15T17:36:49.057441+00:00|0.619158,2026-08-15|pauline astier|new york liberty @ connecticut sun|pts|over,2026-08-15T17:36:49.057441+00:00,2026-08-15,New York Liberty @ Connecticut Sun,Pauline Astier,PTS,OVER,9.5,113.0,BetOnline.ag,0.469484,0.619158,a020ffbf6d6a12af0fa7131c,2026-08-15T16:50:49.980706+00:00,9.17,9.5,100.0,FanDuel,fanduel,player_points,0.5,0.0,0.030516,0.030516,0.119158,False,True,EXPLICIT_MARKET_CLOSE,PENDING,
2026-08-15|pauline astier|new york liberty @ connecticut sun|pts|over|2026-08-15T17:58:18.784460+00:00|0.671801,2026-08-15|pauline astier|new york liberty @ connecticut sun|pts|over,2026-08-15T17:58:18.784460+00:00,2026-08-15,New York Liberty @ Connecticut Sun,Pauline Astier,PTS,OVER,8.5,-122.0,BetRivers,0.54955,0.671801,a020ffbf6d6a12af0fa7131c,2026-08-15T16:50:49.980706+00:00,9.17,9.5,100.0,FanDuel,fanduel,player_points,0.5,1.0,-0.04955,-0.04955,0.171801,False,False,EXPLICIT_MARKET_CLOSE,PENDING,
2026-08-15|pauline astier|new york liberty @ connecticut sun|pts|over|2026-08-15T17:58:18.784460+00:00|0.619158,2026-08-15|pauline astier|new york liberty @ connecticut sun|pts|over,2026-08-15T17:58:18.784460+00:00,2026-08-15,New York Liberty @ Connecticut Sun,Pauline Astier,PTS,OVER,9.5,113.0,BetOnline.ag,0.469484,0.619158,a020ffbf6d6a12af0fa7131c,2026-08-15T16:50:49.980706+00:00,9.17,9.5,100.0,FanDuel,fanduel,player_points,0.5,0.0,0.030516,0.030516,0.119158,False,True,EXPLICIT_MARKET_CLOSE,PENDING,
2026-08-15|pauline astier|new york liberty @ connecticut sun|pts|over|2026-08-15T18:48:26.623952+00:00|0.671801,2026-08-15|pauline astier|new york liberty @ connecticut sun|pts|over,2026-08-15T18:48:26.623952+00:00,2026-08-15,New York Liberty @ Connecticut Sun,Pauline Astier,PTS,OVER,8.5,-122.0,BetRivers,0.54955,0.671801,a020ffbf6d6a12af0fa7131c,2026-08-15T16:50:49.980706+00:00,9.17,9.5,100.0,FanDuel,fanduel,player_points,0.5,1.0,-0.04955,-0.04955,0.171801,False,False,EXPLICIT_MARKET_CLOSE,PENDING,
2026-08-15|pauline astier|new york liberty @ connecticut sun|pts|over|2026-08-15T18:48:26.623952+00:00|0.619158,2026-08-15|pauline astier|new york liberty @ connecticut sun|pts|over,2026-08-15T18:48:26.623952+00:00,2026-08-15,New York Liberty @ Connecticut Sun,Pauline Astier,PTS,OVER,9.5,113.0,BetOnline.ag,0.469484,0.619158,a020ffbf6d6a12af0fa7131c,2026-08-15T16:50:49.980706+00:00,9.17,9.5,100.0,FanDuel,fanduel,player_points,0.5,0.0,0.030516,0.030516,0.119158,False,True,EXPLICIT_MARKET_CLOSE,PENDING,
2026-08-15|pauline astier|new york liberty @ connecticut sun|pts|over|2026-08-15T19:03:50.105082+00:00|0.671801,2026-08-15|pauline astier|new york liberty @ connecticut sun|pts|over,2026-08-15T19:03:50.105082+00:00,2026-08-15,New York Liberty @ Connecticut Sun,Pauline Astier,PTS,OVER,8.5,-122.0,BetRivers,0.54955,0.671801,a020ffbf6d6a12af0fa7131c,2026-08-15T16:50:49.980706+00:00,9.17,9.5,100.0,FanDuel,fanduel,player_points,0.5,1.0,-0.04955,-0.04955,0.171801,False,False,EXPLICIT_MARKET_CLOSE,PENDING,
2026-08-15|pauline astier|new york liberty @ connecticut sun|pts|over|2026-08-15T19:03:50.105082+00:00|0.619158,2026-08-15|pauline astier|new york liberty @ connecticut sun|pts|over,2026-08-15T19:03:50.105082+00:00,2026-08-15,New York Liberty @ Connecticut Sun,Pauline Astier,PTS,OVER,9.5,113.0,BetOnline.ag,0.469484,0.619158,a020ffbf6d6a12af0fa7131c,2026-08-15T16:50:49.980706+00:00,9.17,9.5,100.0,FanDuel,fanduel,player_points,0.5,0.0,0.030516,0.030516,0.119158,False,True,EXPLICIT_MARKET_CLOSE,PENDING,
2026-08-15|pauline astier|new york liberty @ connecticut sun|pts|over|2026-08-15T19:42:05.879517+00:00|0.671801,2026-08-15|pauline astier|new york liberty @ connecticut sun|pts|over,2026-08-15T19:42:05.879517+00:00,2026-08-15,New York Liberty @ Connecticut Sun,Pauline Astier,PTS,OVER,8.5,-122.0,BetRivers,0.54955,0.671801,a020ffbf6d6a12af0fa7131c,2026-08-15T16:50:49.980706+00:00,9.17,9.5,100.0,FanDuel,fanduel,player_points,0.5,1.0,-0.04955,-0.04955,0.171801,False,False,EXPLICIT_MARKET_CLOSE,PENDING,
2026-08-15|pauline astier|new york liberty @ connecticut sun|pts|over|2026-08-15T19:42:05.879517+00:00|0.619158,2026-08-15|pauline astier|new york liberty @ connecticut sun|pts|over,2026-08-15T19:42:05.879517+00:00,2026-08-15,New York Liberty @ Connecticut Sun,Pauline Astier,PTS,OVER,9.5,113.0,BetOnline.ag,0.469484,0.619158,a020ffbf6d6a12af0fa7131c,2026-08-15T16:50:49.980706+00:00,9.17,9.5,100.0,FanDuel,fanduel,player_points,0.5,0.0,0.030516,0.030516,0.119158,False,True,EXPLICIT_MARKET_CLOSE,PENDING,
2026-08-15|pauline astier|new york liberty @ connecticut sun|pts|over|2026-08-15T19:56:46.104978+00:00|0.671801,2026-08-15|pauline astier|new york liberty @ connecticut sun|pts|over,2026-08-15T19:56:46.104978+00:00,2026-08-15,New York Liberty @ Connecticut Sun,Pauline Astier,PTS,OVER,8.5,-122.0,BetRivers,0.54955,0.671801,a020ffbf6d6a12af0fa7131c,2026-08-15T16:50:49.980706+00:00,9.17,9.5,100.0,FanDuel,fanduel,player_points,0.5,1.0,-0.04955,-0.04955,0.171801,False,False,EXPLICIT_MARKET_CLOSE,PENDING,
2026-08-15|pauline astier|new york liberty @ connecticut sun|pts|over|2026-08-15T19:56:46.104978+00:00|0.619158,2026-08-15|pauline astier|new york liberty @ connecticut sun|pts|over,2026-08-15T19:56:46.104978+00:00,2026-08-15,New York Liberty @ Connecticut Sun,Pauline Astier,PTS,OVER,9.5,113.0,BetOnline.ag,0.469484,0.619158,a020ffbf6d6a12af0fa7131c,2026-08-15T16:50:49.980706+00:00,9.17,9.5,100.0,FanDuel,fanduel,player_points,0.5,0.0,0.030516,0.030516,0.119158,False,True,EXPLICIT_MARKET_CLOSE,PENDING,
2026-08-15|pauline astier|new york liberty @ connecticut sun|pts|over|2026-08-15T20:39:13.403881+00:00|0.671801,2026-08-15|pauline astier|new york liberty @ connecticut sun|pts|over,2026-08-15T20:39:13.403881+00:00,2026-08-15,New York Liberty @ Connecticut Sun,Pauline Astier,PTS,OVER,8.5,-122.0,BetRivers,0.54955,0.671801,a020ffbf6d6a12af0fa7131c,2026-08-15T16:50:49.980706+00:00,9.17,9.5,100.0,FanDuel,fanduel,player_points,0.5,1.0,-0.04955,-0.04955,0.171801,False,False,EXPLICIT_MARKET_CLOSE,PENDING,
2026-08-15|pauline astier|new york liberty @ connecticut sun|pts|over|2026-08-15T20:39:13.403881+00:00|0.619158,2026-08-15|pauline astier|new york liberty @ connecticut sun|pts|over,2026-08-15T20:39:13.403881+00:00,2026-08-15,New York Liberty @ Connecticut Sun,Pauline Astier,PTS,OVER,9.5,113.0,BetOnline.ag,0.469484,0.619158,a020ffbf6d6a12af0fa7131c,2026-08-15T16:50:49.980706+00:00,9.17,9.5,100.0,FanDuel,fanduel,player_points,0.5,0.0,0.030516,0.030516,0.119158,False,True,EXPLICIT_MARKET_CLOSE,PENDING,
2026-08-15|pauline astier|new york liberty @ connecticut sun|pts|under|2026-08-15T10:59:30.272276+00:00|0.402948,2026-08-15|pauline astier|new york liberty @ connecticut sun|pts|under,2026-08-15T10:59:30.272276+00:00,2026-08-15,New York Liberty @ Connecticut Sun,Pauline Astier,PTS,UNDER,7.5,101.0,DraftKings,0.497512,0.402948,49458b06a69d0282f8ff6064,2026-08-15T16:50:49.980706+00:00,9.17,9.5,-132.0,DraftKings,draftkings,player_points,0.568966,-2.0,0.071453,0.071453,-0.166018,True,False,EXPLICIT_SAME_BOOK_CLOSE,PENDING,
2026-08-15|pauline astier|new york liberty @ connecticut sun|pts|under|2026-08-15T10:59:30.272276+00:00|0.385608,2026-08-15|pauline astier|new york liberty @ connecticut sun|pts|under,2026-08-15T10:59:30.272276+00:00,2026-08-15,New York Liberty @ Connecticut Sun,Pauline Astier,PTS,UNDER,8.5,-130.0,FanDuel,0.565217,0.385608,009b5ad002b892875672f314,2026-08-15T16:50:49.980706+00:00,9.17,9.5,-130.0,FanDuel,fanduel,player_points,0.565217,-1.0,0.0,0.0,-0.179609,True,False,EXPLICIT_SAME_BOOK_CLOSE,PENDING,
2026-08-15|pauline astier|new york liberty @ connecticut sun|pts|under|2026-08-15T11:37:38.316341+00:00|0.402948,2026-08-15|pauline astier|new york liberty @ connecticut sun|pts|under,2026-08-15T11:37:38.316341+00:00,2026-08-15,New York Liberty @ Connecticut Sun,Pauline Astier,PTS,UNDER,7.5,101.0,DraftKings,0.497512,0.402948,49458b06a69d0282f8ff6064,2026-08-15T16:50:49.980706+00:00,9.17,9.5,-132.0,DraftKings,draftkings,player_points,0.568966,-2.0,0.071453,0.071453,-0.166018,True,False,EXPLICIT_SAME_BOOK_CLOSE,PENDING,
2026-08-15|pauline astier|new york liberty @ connecticut sun|pts|under|2026-08-15T11:37:38.316341+00:00|0.385608,2026-08-15|pauline astier|new york liberty @ connecticut sun|pts|under,2026-08-15T11:37:38.316341+00:00,2026-08-15,New York Liberty @ Connecticut Sun,Pauline Astier,PTS,UNDER,8.5,-130.0,FanDuel,0.565217,0.385608,009b5ad002b892875672f314,2026-08-15T16:50:49.980706+00:00,9.17,9.5,-130.0,FanDuel,fanduel,player_points,0.565217,-1.0,0.0,0.0,-0.179609,True,False,EXPLICIT_SAME_BOOK_CLOSE,PENDING,
2026-08-15|pauline astier|new york liberty @ connecticut sun|pts|under|2026-08-15T11:57:22.075495+00:00|0.402948,2026-08-15|pauline astier|new york liberty @ connecticut sun|pts|under,2026-08-15T11:57:22.075495+00:00,2026-08-15,New York Liberty @ Connecticut Sun,Pauline Astier,PTS,UNDER,7.5,101.0,DraftKings,0.497512,0.402948,49458b06a69d0282f8ff6064,2026-08-15T16:50:49.980706+00:00,9.17,9.5,-132.0,DraftKings,draftkings,player_points,0.568966,-2.0,0.071453,0.071453,-0.166018,True,False,EXPLICIT_SAME_BOOK_CLOSE,PENDING,
2026-08-15|pauline astier|new york liberty @ connecticut sun|pts|under|2026-08-15T11:57:22.075495+00:00|0.385608,2026-08-15|pauline astier|new york liberty @ connecticut sun|pts|under,2026-08-15T11:57:22.075495+00:00,2026-08-15,New York Liberty @ Connecticut Sun,Pauline Astier,PTS,UNDER,8.5,-130.0,FanDuel,0.565217,0.385608,009b5ad002b892875672f314,2026-08-15T16:50:49.980706+00:00,9.17,9.5,-130.0,FanDuel,fanduel,player_points,0.565217,-1.0,0.0,0.0,-0.179609,True,False,EXPLICIT_SAME_BOOK_CLOSE,PENDING,
2026-08-15|pauline astier|new york liberty @ connecticut sun|pts|under|2026-08-15T12:59:45.246898+00:00|0.459035,2026-08-15|pauline astier|new york liberty @ connecticut sun|pts|under,2026-08-15T12:59:45.246898+00:00,2026-08-15,New York Liberty @ Connecticut Sun,Pauline Astier,PTS,UNDER,7.5,104.0,Caesars,0.490196,0.459035,009b5ad002b892875672f314,2026-08-15T16:50:49.980706+00:00,9.17,9.5,-130.0,FanDuel,fanduel,player_points,0.565217,-2.0,0.075021,0.075021,-0.106182,False,False,EXPLICIT_MARKET_CLOSE,PENDING,
2026-08-15|pauline astier|new york liberty @ connecticut sun|pts|under|2026-08-15T12:59:45.246898+00:00|0.385608,2026-08-15|pauline astier|new york liberty @ connecticut sun|pts|under,2026-08-15T12:59:45.246898+00:00,2026-08-15,New York Liberty @ Connecticut Sun,Pauline Astier,PTS,UNDER,8.5,-130.0,FanDuel,0.565217,0.385608,009b5ad002b892875672f314,2026-08-15T16:50:49.980706+00:00,9.17,9.5,-130.0,FanDuel,fanduel,player_points,0.565217,-1.0,0.0,0.0,-0.179609,True,False,EXPLICIT_SAME_BOOK_CLOSE,PENDING,
2026-08-15|pauline astier|new york liberty @ connecticut sun|pts|under|2026-08-15T13:19:00.048599+00:00|0.459035,2026-08-15|pauline astier|new york liberty @ connecticut sun|pts|under,2026-08-15T13:19:00.048599+00:00,2026-08-15,New York Liberty @ Connecticut Sun,Pauline Astier,PTS,UNDER,7.5,104.0,Caesars,0.490196,0.459035,009b5ad002b892875672f314,2026-08-15T16:50:49.980706+00:00,9.17,9.5,-130.0,FanDuel,fanduel,player_points,0.565217,-2.0,0.075021,0.075021,-0.106182,False,False,EXPLICIT_MARKET_CLOSE,PENDING,
2026-08-15|pauline astier|new york liberty @ connecticut sun|pts|under|2026-08-15T13:19:00.048599+00:00|0.385608,2026-08-15|pauline astier|new york liberty @ connecticut sun|pts|under,2026-08-15T13:19:00.048599+00:00,2026-08-15,New York Liberty @ Connecticut Sun,Pauline Astier,PTS,UNDER,8.5,-130.0,FanDuel,0.565217,0.385608,009b5ad002b892875672f314,2026-08-15T16:50:49.980706+00:00,9.17,9.5,-130.0,FanDuel,fanduel,player_points,0.565217,-1.0,0.0,0.0,-0.179609,True,False,EXPLICIT_SAME_BOOK_CLOSE,PENDING,
2026-08-15|pauline astier|new york liberty @ connecticut sun|pts|under|2026-08-15T14:00:20.819656+00:00|0.385608,2026-08-15|pauline astier|new york liberty @ connecticut sun|pts|under,2026-08-15T14:00:20.819656+00:00,2026-08-15,New York Liberty @ Connecticut Sun,Pauline Astier,PTS,UNDER,8.5,-130.0,FanDuel,0.565217,0.385608,009b5ad002b892875672f314,2026-08-15T16:50:49.980706+00:00,9.17,9.5,-130.0,FanDuel,fanduel,player_points,0.565217,-1.0,0.0,0.0,-0.179609,True,False,EXPLICIT_SAME_BOOK_CLOSE,PENDING,
2026-08-15|pauline astier|new york liberty @ connecticut sun|pts|under|2026-08-15T14:39:33.056630+00:00|0.385608,2026-08-15|pauline astier|new york liberty @ connecticut sun|pts|under,2026-08-15T14:39:33.056630+00:00,2026-08-15,New York Liberty @ Connecticut Sun,Pauline Astier,PTS,UNDER,8.5,-130.0,FanDuel,0.565217,0.385608,009b5ad002b892875672f314,2026-08-15T16:50:49.980706+00:00,9.17,9.5,-130.0,FanDuel,fanduel,player_points,0.565217,-1.0,0.0,0.0,-0.179609,True,False,EXPLICIT_SAME_BOOK_CLOSE,PENDING,
2026-08-15|pauline astier|new york liberty @ connecticut sun|pts|under|2026-08-15T15:00:16.446702+00:00|0.459035,2026-08-15|pauline astier|new york liberty @ connecticut sun|pts|under,2026-08-15T15:00:16.446702+00:00,2026-08-15,New York Liberty @ Connecticut Sun,Pauline Astier,PTS,UNDER,7.5,104.0,DraftKings,0.490196,0.459035,49458b06a69d0282f8ff6064,2026-08-15T16:50:49.980706+00:00,9.17,9.5,-132.0,DraftKings,draftkings,player_points,0.568966,-2.0,0.078769,0.078769,-0.109931,True,False,EXPLICIT_SAME_BOOK_CLOSE,PENDING,
2026-08-15|pauline astier|new york liberty @ connecticut sun|pts|under|2026-08-15T15:00:16.446702+00:00|0.38571,2026-08-15|pauline astier|new york liberty @ connecticut sun|pts|under,2026-08-15T15:00:16.446702+00:00,2026-08-15,New York Liberty @ Connecticut Sun,Pauline Astier,PTS,UNDER,8.5,-127.0,Caesars,0.559471,0.38571,009b5ad002b892875672f314,2026-08-15T16:50:49.980706+00:00,9.17,9.5,-130.0,FanDuel,fanduel,player_points,0.565217,-1.0,0.005746,0.005746,-0.179507,False,False,EXPLICIT_MARKET_CLOSE,PENDING,
2026-08-15|pauline astier|new york liberty @ connecticut sun|pts|under|2026-08-15T15:56:41.397541+00:00|0.40353,2026-08-15|pauline astier|new york liberty @ connecticut sun|pts|under,2026-08-15T15:56:41.397541+00:00,2026-08-15,New York Liberty @ Connecticut Sun,Pauline Astier,PTS,UNDER,8.5,-110.0,FanDuel,0.52381,0.40353,009b5ad002b892875672f314,2026-08-15T16:50:49.980706+00:00,9.17,9.5,-130.0,FanDuel,fanduel,player_points,0.565217,-1.0,0.041408,0.041408,-0.161687,True,False,EXPLICIT_SAME_BOOK_CLOSE,PENDING,
2026-08-15|pauline astier|new york liberty @ connecticut sun|pts|under|2026-08-15T16:40:58.435903+00:00|0.40353,2026-08-15|pauline astier|new york liberty @ connecticut sun|pts|under,2026-08-15T16:40:58.435903+00:00,2026-08-15,New York Liberty @ Connecticut Sun,Pauline Astier,PTS,UNDER,8.5,-110.0,FanDuel,0.52381,0.40353,009b5ad002b892875672f314,2026-08-15T16:50:49.980706+00:00,9.17,9.5,-130.0,FanDuel,fanduel,player_points,0.565217,-1.0,0.041408,0.041408,-0.161687,True,False,EXPLICIT_SAME_BOOK_CLOSE,PENDING,
2026-08-15|pauline astier|new york liberty @ connecticut sun|pts|under|2026-08-15T16:59:57.449708+00:00|0.402615,2026-08-15|pauline astier|new york liberty @ connecticut sun|pts|under,2026-08-15T16:59:57.449708+00:00,2026-08-15,New York Liberty @ Connecticut Sun,Pauline Astier,PTS,UNDER,8.5,111.0,Caesars,0.473934,0.402615,009b5ad002b892875672f314,2026-08-15T16:50:49.980706+00:00,9.17,9.5,-130.0,FanDuel,fanduel,player_points,0.565217,-1.0,0.091284,0.091284,-0.162602,False,False,EXPLICIT_MARKET_CLOSE,PENDING,
2026-08-15|pauline astier|new york liberty @ connecticut sun|pts|under|2026-08-15T16:59:57.449708+00:00|0.765426,2026-08-15|pauline astier|new york liberty @ connecticut sun|pts|under,2026-08-15T16:59:57.449708+00:00,2026-08-15,New York Liberty @ Connecticut Sun,Pauline Astier,PTS,UNDER,9.5,-130.0,FanDuel,0.565217,0.765426,009b5ad002b892875672f314,2026-08-15T16:50:49.980706+00:00,9.17,9.5,-130.0,FanDuel,fanduel,player_points,0.565217,0.0,0.0,0.0,0.200209,True,True,EXPLICIT_SAME_BOOK_CLOSE,PENDING,
2026-08-15|pauline astier|new york liberty @ connecticut sun|pts|under|2026-08-15T17:36:49.057441+00:00|0.402615,2026-08-15|pauline astier|new york liberty @ connecticut sun|pts|under,2026-08-15T17:36:49.057441+00:00,2026-08-15,New York Liberty @ Connecticut Sun,Pauline Astier,PTS,UNDER,8.5,111.0,Caesars,0.473934,0.402615,009b5ad002b892875672f314,2026-08-15T16:50:49.980706+00:00,9.17,9.5,-130.0,FanDuel,fanduel,player_points,0.565217,-1.0,0.091284,0.091284,-0.162602,False,False,EXPLICIT_MARKET_CLOSE,PENDING,
2026-08-15|pauline astier|new york liberty @ connecticut sun|pts|under|2026-08-15T17:36:49.057441+00:00|0.765426,2026-08-15|pauline astier|new york liberty @ connecticut sun|pts|under,2026-08-15T17:36:49.057441+00:00,2026-08-15,New York Liberty @ Connecticut Sun,Pauline Astier,PTS,UNDER,9.5,-130.0,FanDuel,0.565217,0.765426,009b5ad002b892875672f314,2026-08-15T16:50:49.980706+00:00,9.17,9.5,-130.0,FanDuel,fanduel,player_points,0.565217,0.0,0.0,0.0,0.200209,True,True,EXPLICIT_SAME_BOOK_CLOSE,PENDING,
2026-08-15|pauline astier|new york liberty @ connecticut sun|pts|under|2026-08-15T17:58:18.784460+00:00|0.402615,2026-08-15|pauline astier|new york liberty @ connecticut sun|pts|under,2026-08-15T17:58:18.784460+00:00,2026-08-15,New York Liberty @ Connecticut Sun,Pauline Astier,PTS,UNDER,8.5,111.0,Caesars,0.473934,0.402615,009b5ad002b892875672f314,2026-08-15T16:50:49.980706+00:00,9.17,9.5,-130.0,FanDuel,fanduel,player_points,0.565217,-1.0,0.091284,0.091284,-0.162602,False,False,EXPLICIT_MARKET_CLOSE,PENDING,
2026-08-15|pauline astier|new york liberty @ connecticut sun|pts|under|2026-08-15T17:58:18.784460+00:00|0.765426,2026-08-15|pauline astier|new york liberty @ connecticut sun|pts|under,2026-08-15T17:58:18.784460+00:00,2026-08-15,New York Liberty @ Connecticut Sun,Pauline Astier,PTS,UNDER,9.5,-130.0,FanDuel,0.565217,0.765426,009b5ad002b892875672f314,2026-08-15T16:50:49.980706+00:00,9.17,9.5,-130.0,FanDuel,fanduel,player_points,0.565217,0.0,0.0,0.0,0.200209,True,True,EXPLICIT_SAME_BOOK_CLOSE,PENDING,
2026-08-15|pauline astier|new york liberty @ connecticut sun|pts|under|2026-08-15T18:48:26.623952+00:00|0.402615,2026-08-15|pauline astier|new york liberty @ connecticut sun|pts|under,2026-08-15T18:48:26.623952+00:00,2026-08-15,New York Liberty @ Connecticut Sun,Pauline Astier,PTS,UNDER,8.5,111.0,Caesars,0.473934,0.402615,009b5ad002b892875672f314,2026-08-15T16:50:49.980706+00:00,9.17,9.5,-130.0,FanDuel,fanduel,player_points,0.565217,-1.0,0.091284,0.091284,-0.162602,False,False,EXPLICIT_MARKET_CLOSE,PENDING,
2026-08-15|pauline astier|new york liberty @ connecticut sun|pts|under|2026-08-15T18:48:26.623952+00:00|0.765426,2026-08-15|pauline astier|new york liberty @ connecticut sun|pts|under,2026-08-15T18:48:26.623952+00:00,2026-08-15,New York Liberty @ Connecticut Sun,Pauline Astier,PTS,UNDER,9.5,-130.0,FanDuel,0.565217,0.765426,009b5ad002b892875672f314,2026-08-15T16:50:49.980706+00:00,9.17,9.5,-130.0,FanDuel,fanduel,player_points,0.565217,0.0,0.0,0.0,0.200209,True,True,EXPLICIT_SAME_BOOK_CLOSE,PENDING,
2026-08-15|pauline astier|new york liberty @ connecticut sun|pts|under|2026-08-15T19:03:50.105082+00:00|0.402615,2026-08-15|pauline astier|new york liberty @ connecticut sun|pts|under,2026-08-15T19:03:50.105082+00:00,2026-08-15,New York Liberty @ Connecticut Sun,Pauline Astier,PTS,UNDER,8.5,111.0,Caesars,0.473934,0.402615,009b5ad002b892875672f314,2026-08-15T16:50:49.980706+00:00,9.17,9.5,-130.0,FanDuel,fanduel,player_points,0.565217,-1.0,0.091284,0.091284,-0.162602,False,False,EXPLICIT_MARKET_CLOSE,PENDING,
2026-08-15|pauline astier|new york liberty @ connecticut sun|pts|under|2026-08-15T19:03:50.105082+00:00|0.765426,2026-08-15|pauline astier|new york liberty @ connecticut sun|pts|under,2026-08-15T19:03:50.105082+00:00,2026-08-15,New York Liberty @ Connecticut Sun,Pauline Astier,PTS,UNDER,9.5,-130.0,FanDuel,0.565217,0.765426,009b5ad002b892875672f314,2026-08-15T16:50:49.980706+00:00,9.17,9.5,-130.0,FanDuel,fanduel,player_points,0.565217,0.0,0.0,0.0,0.200209,True,True,EXPLICIT_SAME_BOOK_CLOSE,PENDING,
2026-08-15|pauline astier|new york liberty @ connecticut sun|pts|under|2026-08-15T19:42:05.879517+00:00|0.402615,2026-08-15|pauline astier|new york liberty @ connecticut sun|pts|under,2026-08-15T19:42:05.879517+00:00,2026-08-15,New York Liberty @ Connecticut Sun,Pauline Astier,PTS,UNDER,8.5,111.0,Caesars,0.473934,0.402615,009b5ad002b892875672f314,2026-08-15T16:50:49.980706+00:00,9.17,9.5,-130.0,FanDuel,fanduel,player_points,0.565217,-1.0,0.091284,0.091284,-0.162602,False,False,EXPLICIT_MARKET_CLOSE,PENDING,
2026-08-15|pauline astier|new york liberty @ connecticut sun|pts|under|2026-08-15T19:42:05.879517+00:00|0.765426,2026-08-15|pauline astier|new york liberty @ connecticut sun|pts|under,2026-08-15T19:42:05.879517+00:00,2026-08-15,New York Liberty @ Connecticut Sun,Pauline Astier,PTS,UNDER,9.5,-130.0,FanDuel,0.565217,0.765426,009b5ad002b892875672f314,2026-08-15T16:50:49.980706+00:00,9.17,9.5,-130.0,FanDuel,fanduel,player_points,0.565217,0.0,0.0,0.0,0.200209,True,True,EXPLICIT_SAME_BOOK_CLOSE,PENDING,
2026-08-15|pauline astier|new york liberty @ connecticut sun|pts|under|2026-08-15T19:56:46.104978+00:00|0.402615,2026-08-15|pauline astier|new york liberty @ connecticut sun|pts|under,2026-08-15T19:56:46.104978+00:00,2026-08-15,New York Liberty @ Connecticut Sun,Pauline Astier,PTS,UNDER,8.5,111.0,Caesars,0.473934,0.402615,009b5ad002b892875672f314,2026-08-15T16:50:49.980706+00:00,9.17,9.5,-130.0,FanDuel,fanduel,player_points,0.565217,-1.0,0.091284,0.091284,-0.162602,False,False,EXPLICIT_MARKET_CLOSE,PENDING,
2026-08-15|pauline astier|new york liberty @ connecticut sun|pts|under|2026-08-15T19:56:46.104978+00:00|0.765426,2026-08-15|pauline astier|new york liberty @ connecticut sun|pts|under,2026-08-15T19:56:46.104978+00:00,2026-08-15,New York Liberty @ Connecticut Sun,Pauline Astier,PTS,UNDER,9.5,-130.0,FanDuel,0.565217,0.765426,009b5ad002b892875672f314,2026-08-15T16:50:49.980706+00:00,9.17,9.5,-130.0,FanDuel,fanduel,player_points,0.565217,0.0,0.0,0.0,0.200209,True,True,EXPLICIT_SAME_BOOK_CLOSE,PENDING,
2026-08-15|pauline astier|new york liberty @ connecticut sun|pts|under|2026-08-15T20:39:13.403881+00:00|0.402615,2026-08-15|pauline astier|new york liberty @ connecticut sun|pts|under,2026-08-15T20:39:13.403881+00:00,2026-08-15,New York Liberty @ Connecticut Sun,Pauline Astier,PTS,UNDER,8.5,111.0,Caesars,0.473934,0.402615,009b5ad002b892875672f314,2026-08-15T16:50:49.980706+00:00,9.17,9.5,-130.0,FanDuel,fanduel,player_points,0.565217,-1.0,0.091284,0.091284,-0.162602,False,False,EXPLICIT_MARKET_CLOSE,PENDING,
2026-08-15|pauline astier|new york liberty @ connecticut sun|pts|under|2026-08-15T20:39:13.403881+00:00|0.765426,2026-08-15|pauline astier|new york liberty @ connecticut sun|pts|under,2026-08-15T20:39:13.403881+00:00,2026-08-15,New York Liberty @ Connecticut Sun,Pauline Astier,PTS,UNDER,9.5,-130.0,FanDuel,0.565217,0.765426,009b5ad002b892875672f314,2026-08-15T16:50:49.980706+00:00,9.17,9.5,-130.0,FanDuel,fanduel,player_points,0.565217,0.0,0.0,0.0,0.200209,True,True,EXPLICIT_SAME_BOOK_CLOSE,PENDING,
2026-08-15|pauline astier|new york liberty @ connecticut sun|reb|over|2026-08-15T16:59:57.449708+00:00|0.489019,2026-08-15|pauline astier|new york liberty @ connecticut sun|reb|over,2026-08-15T16:59:57.449708+00:00,2026-08-15,New York Liberty @ Connecticut Sun,Pauline Astier,REB,OVER,2.5,-103.0,BetOnline.ag,0.507389,0.489019,1e2af0386e8f1af56f5051a4,2026-08-15T16:50:49.980706+00:00,9.17,2.5,-102.0,DraftKings,draftkings,player_rebounds_alternate,0.50495,0.0,-0.002439,-0.002439,-0.015931,False,True,EXPLICIT_MARKET_CLOSE,PENDING,
2026-08-15|pauline astier|new york liberty @ connecticut sun|reb|over|2026-08-15T17:36:49.057441+00:00|0.489019,2026-08-15|pauline astier|new york liberty @ connecticut sun|reb|over,2026-08-15T17:36:49.057441+00:00,2026-08-15,New York Liberty @ Connecticut Sun,Pauline Astier,REB,OVER,2.5,-103.0,BetOnline.ag,0.507389,0.489019,1e2af0386e8f1af56f5051a4,2026-08-15T16:50:49.980706+00:00,9.17,2.5,-102.0,DraftKings,draftkings,player_rebounds_alternate,0.50495,0.0,-0.002439,-0.002439,-0.015931,False,True,EXPLICIT_MARKET_CLOSE,PENDING,
2026-08-15|pauline astier|new york liberty @ connecticut sun|reb|over|2026-08-15T17:58:18.784460+00:00|0.489019,2026-08-15|pauline astier|new york liberty @ connecticut sun|reb|over,2026-08-15T17:58:18.784460+00:00,2026-08-15,New York Liberty @ Connecticut Sun,Pauline Astier,REB,OVER,2.5,-103.0,BetOnline.ag,0.507389,0.489019,1e2af0386e8f1af56f5051a4,2026-08-15T16:50:49.980706+00:00,9.17,2.5,-102.0,DraftKings,draftkings,player_rebounds_alternate,0.50495,0.0,-0.002439,-0.002439,-0.015931,False,True,EXPLICIT_MARKET_CLOSE,PENDING,
2026-08-15|pauline astier|new york liberty @ connecticut sun|reb|over|2026-08-15T18:48:26.623952+00:00|0.489019,2026-08-15|pauline astier|new york liberty @ connecticut sun|reb|over,2026-08-15T18:48:26.623952+00:00,2026-08-15,New York Liberty @ Connecticut Sun,Pauline Astier,REB,OVER,2.5,-103.0,BetOnline.ag,0.507389,0.489019,1e2af0386e8f1af56f5051a4,2026-08-15T16:50:49.980706+00:00,9.17,2.5,-102.0,DraftKings,draftkings,player_rebounds_alternate,0.50495,0.0,-0.002439,-0.002439,-0.015931,False,True,EXPLICIT_MARKET_CLOSE,PENDING,
2026-08-15|pauline astier|new york liberty @ connecticut sun|reb|over|2026-08-15T19:03:50.105082+00:00|0.489019,2026-08-15|pauline astier|new york liberty @ connecticut sun|reb|over,2026-08-15T19:03:50.105082+00:00,2026-08-15,New York Liberty @ Connecticut Sun,Pauline Astier,REB,OVER,2.5,-103.0,BetOnline.ag,0.507389,0.489019,1e2af0386e8f1af56f5051a4,2026-08-15T16:50:49.980706+00:00,9.17,2.5,-102.0,DraftKings,draftkings,player_rebounds_alternate,0.50495,0.0,-0.002439,-0.002439,-0.015931,False,True,EXPLICIT_MARKET_CLOSE,PENDING,
2026-08-15|pauline astier|new york liberty @ connecticut sun|reb|over|2026-08-15T19:42:05.879517+00:00|0.489019,2026-08-15|pauline astier|new york liberty @ connecticut sun|reb|over,2026-08-15T19:42:05.879517+00:00,2026-08-15,New York Liberty @ Connecticut Sun,Pauline Astier,REB,OVER,2.5,-103.0,BetOnline.ag,0.507389,0.489019,1e2af0386e8f1af56f5051a4,2026-08-15T16:50:49.980706+00:00,9.17,2.5,-102.0,DraftKings,draftkings,player_rebounds_alternate,0.50495,0.0,-0.002439,-0.002439,-0.015931,False,True,EXPLICIT_MARKET_CLOSE,PENDING,
2026-08-15|pauline astier|new york liberty @ connecticut sun|reb|over|2026-08-15T19:56:46.104978+00:00|0.489019,2026-08-15|pauline astier|new york liberty @ connecticut sun|reb|over,2026-08-15T19:56:46.104978+00:00,2026-08-15,New York Liberty @ Connecticut Sun,Pauline Astier,REB,OVER,2.5,-103.0,BetOnline.ag,0.507389,0.489019,1e2af0386e8f1af56f5051a4,2026-08-15T16:50:49.980706+00:00,9.17,2.5,-102.0,DraftKings,draftkings,player_rebounds_alternate,0.50495,0.0,-0.002439,-0.002439,-0.015931,False,True,EXPLICIT_MARKET_CLOSE,PENDING,
2026-08-15|pauline astier|new york liberty @ connecticut sun|reb|over|2026-08-15T20:39:13.403881+00:00|0.489019,2026-08-15|pauline astier|new york liberty @ connecticut sun|reb|over,2026-08-15T20:39:13.403881+00:00,2026-08-15,New York Liberty @ Connecticut Sun,Pauline Astier,REB,OVER,2.5,-103.0,BetOnline.ag,0.507389,0.489019,1e2af0386e8f1af56f5051a4,2026-08-15T16:50:49.980706+00:00,9.17,2.5,-102.0,DraftKings,draftkings,player_rebounds_alternate,0.50495,0.0,-0.002439,-0.002439,-0.015931,False,True,EXPLICIT_MARKET_CLOSE,PENDING,
2026-08-15|shakira austin|los angeles sparks @ washington mystics|pra|over|2026-08-15T10:59:30.272276+00:00|0.62098,2026-08-15|shakira austin|los angeles sparks @ washington mystics|pra|over,2026-08-15T10:59:30.272276+00:00,2026-08-15,Los Angeles Sparks @ Washington Mystics,Shakira Austin,PRA,OVER,31.5,-121.0,BetRivers,0.547511,0.62098,1e6bcf8752abcadc1881cf69,2026-08-15T23:18:13.480422+00:00,11.78,33.5,-104.0,FanDuel,fanduel,player_points_rebounds_assists,0.509804,2.0,-0.037707,-0.037707,0.111176,False,False,EXPLICIT_MARKET_CLOSE,PENDING,
2026-08-15|shakira austin|los angeles sparks @ washington mystics|pra|over|2026-08-15T10:59:30.272276+00:00|0.416752,2026-08-15|shakira austin|los angeles sparks @ washington mystics|pra|over,2026-08-15T10:59:30.272276+00:00,2026-08-15,Los Angeles Sparks @ Washington Mystics,Shakira Austin,PRA,OVER,32.5,-111.0,BetOnline.ag,0.526066,0.416752,1e6bcf8752abcadc1881cf69,2026-08-15T23:18:13.480422+00:00,11.78,33.5,-104.0,FanDuel,fanduel,player_points_rebounds_assists,0.509804,1.0,-0.016262,-0.016262,-0.093052,False,False,EXPLICIT_MARKET_CLOSE,PENDING,
2026-08-15|shakira austin|los angeles sparks @ washington mystics|pra|over|2026-08-15T11:37:38.316341+00:00|0.620036,2026-08-15|shakira austin|los angeles sparks @ washington mystics|pra|over,2026-08-15T11:37:38.316341+00:00,2026-08-15,Los Angeles Sparks @ Washington Mystics,Shakira Austin,PRA,OVER,31.5,-124.0,BetRivers,0.553571,0.620036,1e6bcf8752abcadc1881cf69,2026-08-15T23:18:13.480422+00:00,11.78,33.5,-104.0,FanDuel,fanduel,player_points_rebounds_assists,0.509804,2.0,-0.043768,-0.043768,0.110232,False,False,EXPLICIT_MARKET_CLOSE,PENDING,
2026-08-15|shakira austin|los angeles sparks @ washington mystics|pra|over|2026-08-15T11:37:38.316341+00:00|0.416752,2026-08-15|shakira austin|los angeles sparks @ washington mystics|pra|over,2026-08-15T11:37:38.316341+00:00,2026-08-15,Los Angeles Sparks @ Washington Mystics,Shakira Austin,PRA,OVER,32.5,-111.0,BetOnline.ag,0.526066,0.416752,1e6bcf8752abcadc1881cf69,2026-08-15T23:18:13.480422+00:00,11.78,33.5,-104.0,FanDuel,fanduel,player_points_rebounds_assists,0.509804,1.0,-0.016262,-0.016262,-0.093052,False,False,EXPLICIT_MARKET_CLOSE,PENDING,
2026-08-15|shakira austin|los angeles sparks @ washington mystics|pra|over|2026-08-15T11:57:22.075495+00:00|0.620036,2026-08-15|shakira austin|los angeles sparks @ washington mystics|pra|over,2026-08-15T11:57:22.075495+00:00,2026-08-15,Los Angeles Sparks @ Washington Mystics,Shakira Austin,PRA,OVER,31.5,-124.0,BetRivers,0.553571,0.620036,1e6bcf8752abcadc1881cf69,2026-08-15T23:18:13.480422+00:00,11.78,33.5,-104.0,FanDuel,fanduel,player_points_rebounds_assists,0.509804,2.0,-0.043768,-0.043768,0.110232,False,False,EXPLICIT_MARKET_CLOSE,PENDING,
2026-08-15|shakira austin|los angeles sparks @ washington mystics|pra|over|2026-08-15T11:57:22.075495+00:00|0.416752,2026-08-15|shakira austin|los angeles sparks @ washington mystics|pra|over,2026-08-15T11:57:22.075495+00:00,2026-08-15,Los Angeles Sparks @ Washington Mystics,Shakira Austin,PRA,OVER,32.5,-111.0,BetOnline.ag,0.526066,0.416752,1e6bcf8752abcadc1881cf69,2026-08-15T23:18:13.480422+00:00,11.78,33.5,-104.0,FanDuel,fanduel,player_points_rebounds_assists,0.509804,1.0,-0.016262,-0.016262,-0.093052,False,False,EXPLICIT_MARKET_CLOSE,PENDING,
2026-08-15|shakira austin|los angeles sparks @ washington mystics|pra|over|2026-08-15T12:59:45.246898+00:00|0.620036,2026-08-15|shakira austin|los angeles sparks @ washington mystics|pra|over,2026-08-15T12:59:45.246898+00:00,2026-08-15,Los Angeles Sparks @ Washington Mystics,Shakira Austin,PRA,OVER,31.5,-124.0,BetRivers,0.553571,0.620036,1e6bcf8752abcadc1881cf69,2026-08-15T23:18:13.480422+00:00,11.78,33.5,-104.0,FanDuel,fanduel,player_points_rebounds_assists,0.509804,2.0,-0.043768,-0.043768,0.110232,False,False,EXPLICIT_MARKET_CLOSE,PENDING,
2026-08-15|shakira austin|los angeles sparks @ washington mystics|pra|over|2026-08-15T12:59:45.246898+00:00|0.416752,2026-08-15|shakira austin|los angeles sparks @ washington mystics|pra|over,2026-08-15T12:59:45.246898+00:00,2026-08-15,Los Angeles Sparks @ Washington Mystics,Shakira Austin,PRA,OVER,32.5,-111.0,BetOnline.ag,0.526066,0.416752,1e6bcf8752abcadc1881cf69,2026-08-15T23:18:13.480422+00:00,11.78,33.5,-104.0,FanDuel,fanduel,player_points_rebounds_assists,0.509804,1.0,-0.016262,-0.016262,-0.093052,False,False,EXPLICIT_MARKET_CLOSE,PENDING,
2026-08-15|shakira austin|los angeles sparks @ washington mystics|pra|over|2026-08-15T13:19:00.048599+00:00|0.620036,2026-08-15|shakira austin|los angeles sparks @ washington mystics|pra|over,2026-08-15T13:19:00.048599+00:00,2026-08-15,Los Angeles Sparks @ Washington Mystics,Shakira Austin,PRA,OVER,31.5,-124.0,BetRivers,0.553571,0.620036,1e6bcf8752abcadc1881cf69,2026-08-15T23:18:13.480422+00:00,11.78,33.5,-104.0,FanDuel,fanduel,player_points_rebounds_assists,0.509804,2.0,-0.043768,-0.043768,0.110232,False,False,EXPLICIT_MARKET_CLOSE,PENDING,
2026-08-15|shakira austin|los angeles sparks @ washington mystics|pra|over|2026-08-15T13:19:00.048599+00:00|0.414457,2026-08-15|shakira austin|los angeles sparks @ washington mystics|pra|over,2026-08-15T13:19:00.048599+00:00,2026-08-15,Los Angeles Sparks @ Washington Mystics,Shakira Austin,PRA,OVER,32.5,110.0,BetOnline.ag,0.47619,0.414457,1e6bcf8752abcadc1881cf69,2026-08-15T23:18:13.480422+00:00,11.78,33.5,-104.0,FanDuel,fanduel,player_points_rebounds_assists,0.509804,1.0,0.033613,0.033613,-0.095347,False,False,EXPLICIT_MARKET_CLOSE,PENDING,
2026-08-15|shakira austin|los angeles sparks @ washington mystics|pra|over|2026-08-15T14:00:20.819656+00:00|0.628838,2026-08-15|shakira austin|los angeles sparks @ washington mystics|pra|over,2026-08-15T14:00:20.819656+00:00,2026-08-15,Los Angeles Sparks @ Washington Mystics,Shakira Austin,PRA,OVER,31.5,-152.0,BetRivers,0.603175,0.628838,1e6bcf8752abcadc1881cf69,2026-08-15T23:18:13.480422+00:00,11.78,33.5,-104.0,FanDuel,fanduel,player_points_rebounds_assists,0.509804,2.0,-0.093371,-0.093371,0.119034,False,False,EXPLICIT_MARKET_CLOSE,PENDING,
2026-08-15|shakira austin|los angeles sparks @ washington mystics|pra|over|2026-08-15T14:00:20.819656+00:00|0.416059,2026-08-15|shakira austin|los angeles sparks @ washington mystics|pra|over,2026-08-15T14:00:20.819656+00:00,2026-08-15,Los Angeles Sparks @ Washington Mystics,Shakira Austin,PRA,OVER,32.5,100.0,BetOnline.ag,0.5,0.416059,1e6bcf8752abcadc1881cf69,2026-08-15T23:18:13.480422+00:00,11.78,33.5,-104.0,FanDuel,fanduel,player_points_rebounds_assists,0.509804,1.0,0.009804,0.009804,-0.093745,False,False,EXPLICIT_MARKET_CLOSE,PENDING,
2026-08-15|shakira austin|los angeles sparks @ washington mystics|pra|over|2026-08-15T14:39:33.056630+00:00|0.628838,2026-08-15|shakira austin|los angeles sparks @ washington mystics|pra|over,2026-08-15T14:39:33.056630+00:00,2026-08-15,Los Angeles Sparks @ Washington Mystics,Shakira Austin,PRA,OVER,31.5,-152.0,BetRivers,0.603175,0.628838,1e6bcf8752abcadc1881cf69,2026-08-15T23:18:13.480422+00:00,11.78,33.5,-104.0,FanDuel,fanduel,player_points_rebounds_assists,0.509804,2.0,-0.093371,-0.093371,0.119034,False,False,EXPLICIT_MARKET_CLOSE,PENDING,
2026-08-15|shakira austin|los angeles sparks @ washington mystics|pra|over|2026-08-15T14:39:33.056630+00:00|0.416059,2026-08-15|shakira austin|los angeles sparks @ washington mystics|pra|over,2026-08-15T14:39:33.056630+00:00,2026-08-15,Los Angeles Sparks @ Washington Mystics,Shakira Austin,PRA,OVER,32.5,100.0,BetOnline.ag,0.5,0.416059,1e6bcf8752abcadc1881cf69,2026-08-15T23:18:13.480422+00:00,11.78,33.5,-104.0,FanDuel,fanduel,player_points_rebounds_assists,0.509804,1.0,0.009804,0.009804,-0.093745,False,False,EXPLICIT_MARKET_CLOSE,PENDING,
2026-08-15|shakira austin|los angeles sparks @ washington mystics|pra|over|2026-08-15T15:00:16.446702+00:00|0.628838,2026-08-15|shakira austin|los angeles sparks @ washington mystics|pra|over,2026-08-15T15:00:16.446702+00:00,2026-08-15,Los Angeles Sparks @ Washington Mystics,Shakira Austin,PRA,OVER,31.5,-152.0,BetRivers,0.603175,0.628838,1e6bcf8752abcadc1881cf69,2026-08-15T23:18:13.480422+00:00,11.78,33.5,-104.0,FanDuel,fanduel,player_points_rebounds_assists,0.509804,2.0,-0.093371,-0.093371,0.119034,False,False,EXPLICIT_MARKET_CLOSE,PENDING,
2026-08-15|shakira austin|los angeles sparks @ washington mystics|pra|over|2026-08-15T15:00:16.446702+00:00|0.416059,2026-08-15|shakira austin|los angeles sparks @ washington mystics|pra|over,2026-08-15T15:00:16.446702+00:00,2026-08-15,Los Angeles Sparks @ Washington Mystics,Shakira Austin,PRA,OVER,32.5,100.0,BetOnline.ag,0.5,0.416059,1e6bcf8752abcadc1881cf69,2026-08-15T23:18:13.480422+00:00,11.78,33.5,-104.0,FanDuel,fanduel,player_points_rebounds_assists,0.509804,1.0,0.009804,0.009804,-0.093745,False,False,EXPLICIT_MARKET_CLOSE,PENDING,
2026-08-15|shakira austin|los angeles sparks @ washington mystics|pra|over|2026-08-15T15:56:41.397541+00:00|0.628838,2026-08-15|shakira austin|los angeles sparks @ washington mystics|pra|over,2026-08-15T15:56:41.397541+00:00,2026-08-15,Los Angeles Sparks @ Washington Mystics,Shakira Austin,PRA,OVER,31.5,-152.0,BetRivers,0.603175,0.628838,1e6bcf8752abcadc1881cf69,2026-08-15T23:18:13.480422+00:00,11.78,33.5,-104.0,FanDuel,fanduel,player_points_rebounds_assists,0.509804,2.0,-0.093371,-0.093371,0.119034,False,False,EXPLICIT_MARKET_CLOSE,PENDING,
2026-08-15|shakira austin|los angeles sparks @ washington mystics|pra|over|2026-08-15T15:56:41.397541+00:00|0.416059,2026-08-15|shakira austin|los angeles sparks @ washington mystics|pra|over,2026-08-15T15:56:41.397541+00:00,2026-08-15,Los Angeles Sparks @ Washington Mystics,Shakira Austin,PRA,OVER,32.5,100.0,BetOnline.ag,0.5,0.416059,1e6bcf8752abcadc1881cf69,2026-08-15T23:18:13.480422+00:00,11.78,33.5,-104.0,FanDuel,fanduel,player_points_rebounds_assists,0.509804,1.0,0.009804,0.009804,-0.093745,False,False,EXPLICIT_MARKET_CLOSE,PENDING,
2026-08-15|shakira austin|los angeles sparks @ washington mystics|pra|over|2026-08-15T16:40:58.435903+00:00|0.628838,2026-08-15|shakira austin|los angeles sparks @ washington mystics|pra|over,2026-08-15T16:40:58.435903+00:00,2026-08-15,Los Angeles Sparks @ Washington Mystics,Shakira Austin,PRA,OVER,31.5,-152.0,BetRivers,0.603175,0.628838,1e6bcf8752abcadc1881cf69,2026-08-15T23:18:13.480422+00:00,11.78,33.5,-104.0,FanDuel,fanduel,player_points_rebounds_assists,0.509804,2.0,-0.093371,-0.093371,0.119034,False,False,EXPLICIT_MARKET_CLOSE,PENDING,
2026-08-15|shakira austin|los angeles sparks @ washington mystics|pra|over|2026-08-15T16:40:58.435903+00:00|0.416059,2026-08-15|shakira austin|los angeles sparks @ washington mystics|pra|over,2026-08-15T16:40:58.435903+00:00,2026-08-15,Los Angeles Sparks @ Washington Mystics,Shakira Austin,PRA,OVER,32.5,100.0,BetOnline.ag,0.5,0.416059,1e6bcf8752abcadc1881cf69,2026-08-15T23:18:13.480422+00:00,11.78,33.5,-104.0,FanDuel,fanduel,player_points_rebounds_assists,0.509804,1.0,0.009804,0.009804,-0.093745,False,False,EXPLICIT_MARKET_CLOSE,PENDING,
2026-08-15|shakira austin|los angeles sparks @ washington mystics|pra|over|2026-08-15T16:59:57.449708+00:00|0.416059,2026-08-15|shakira austin|los angeles sparks @ washington mystics|pra|over,2026-08-15T16:59:57.449708+00:00,2026-08-15,Los Angeles Sparks @ Washington Mystics,Shakira Austin,PRA,OVER,32.5,100.0,BetOnline.ag,0.5,0.416059,1e6bcf8752abcadc1881cf69,2026-08-15T23:18:13.480422+00:00,11.78,33.5,-104.0,FanDuel,fanduel,player_points_rebounds_assists,0.509804,1.0,0.009804,0.009804,-0.093745,False,False,EXPLICIT_MARKET_CLOSE,PENDING,
2026-08-15|shakira austin|los angeles sparks @ washington mystics|pra|over|2026-08-15T17:36:49.057441+00:00|0.416059,2026-08-15|shakira austin|los angeles sparks @ washington mystics|pra|over,2026-08-15T17:36:49.057441+00:00,2026-08-15,Los Angeles Sparks @ Washington Mystics,Shakira Austin,PRA,OVER,32.5,100.0,BetOnline.ag,0.5,0.416059,1e6bcf8752abcadc1881cf69,2026-08-15T23:18:13.480422+00:00,11.78,33.5,-104.0,FanDuel,fanduel,player_points_rebounds_assists,0.509804,1.0,0.009804,0.009804,-0.093745,False,False,EXPLICIT_MARKET_CLOSE,PENDING,
2026-08-15|shakira austin|los angeles sparks @ washington mystics|pra|over|2026-08-15T17:58:18.784460+00:00|0.416059,2026-08-15|shakira austin|los angeles sparks @ washington mystics|pra|over,2026-08-15T17:58:18.784460+00:00,2026-08-15,Los Angeles Sparks @ Washington Mystics,Shakira Austin,PRA,OVER,32.5,100.0,BetOnline.ag,0.5,0.416059,1e6bcf8752abcadc1881cf69,2026-08-15T23:18:13.480422+00:00,11.78,33.5,-104.0,FanDuel,fanduel,player_points_rebounds_assists,0.509804,1.0,0.009804,0.009804,-0.093745,False,False,EXPLICIT_MARKET_CLOSE,PENDING,
2026-08-15|shakira austin|los angeles sparks @ washington mystics|pra|over|2026-08-15T18:48:26.623952+00:00|0.416059,2026-08-15|shakira austin|los angeles sparks @ washington mystics|pra|over,2026-08-15T18:48:26.623952+00:00,2026-08-15,Los Angeles Sparks @ Washington Mystics,Shakira Austin,PRA,OVER,32.5,100.0,BetOnline.ag,0.5,0.416059,1e6bcf8752abcadc1881cf69,2026-08-15T23:18:13.480422+00:00,11.78,33.5,-104.0,FanDuel,fanduel,player_points_rebounds_assists,0.509804,1.0,0.009804,0.009804,-0.093745,False,False,EXPLICIT_MARKET_CLOSE,PENDING,
2026-08-15|shakira austin|los angeles sparks @ washington mystics|pra|over|2026-08-15T19:03:50.105082+00:00|0.416059,2026-08-15|shakira austin|los angeles sparks @ washington mystics|pra|over,2026-08-15T19:03:50.105082+00:00,2026-08-15,Los Angeles Sparks @ Washington Mystics,Shakira Austin,PRA,OVER,32.5,100.0,BetOnline.ag,0.5,0.416059,1e6bcf8752abcadc1881cf69,2026-08-15T23:18:13.480422+00:00,11.78,33.5,-104.0,FanDuel,fanduel,player_points_rebounds_assists,0.509804,1.0,0.009804,0.009804,-0.093745,False,False,EXPLICIT_MARKET_CLOSE,PENDING,
2026-08-15|shakira austin|los angeles sparks @ washington mystics|pra|over|2026-08-15T19:42:05.879517+00:00|0.416059,2026-08-15|shakira austin|los angeles sparks @ washington mystics|pra|over,2026-08-15T19:42:05.879517+00:00,2026-08-15,Los Angeles Sparks @ Washington Mystics,Shakira Austin,PRA,OVER,32.5,100.0,BetOnline.ag,0.5,0.416059,1e6bcf8752abcadc1881cf69,2026-08-15T23:18:13.480422+00:00,11.78,33.5,-104.0,FanDuel,fanduel,player_points_rebounds_assists,0.509804,1.0,0.009804,0.009804,-0.093745,False,False,EXPLICIT_MARKET_CLOSE,PENDING,
2026-08-15|shakira austin|los angeles sparks @ washington mystics|pra|over|2026-08-15T19:56:46.104978+00:00|0.416059,2026-08-15|shakira austin|los angeles sparks @ washington mystics|pra|over,2026-08-15T19:56:46.104978+00:00,2026-08-15,Los Angeles Sparks @ Washington Mystics,Shakira Austin,PRA,OVER,32.5,100.0,BetOnline.ag,0.5,0.416059,1e6bcf8752abcadc1881cf69,2026-08-15T23:18:13.480422+00:00,11.78,33.5,-104.0,FanDuel,fanduel,player_points_rebounds_assists,0.509804,1.0,0.009804,0.009804,-0.093745,False,False,EXPLICIT_MARKET_CLOSE,PENDING,
2026-08-15|shakira austin|los angeles sparks @ washington mystics|pra|over|2026-08-15T20:39:13.403881+00:00|0.416059,2026-08-15|shakira austin|los angeles sparks @ washington mystics|pra|over,2026-08-15T20:39:13.403881+00:00,2026-08-15,Los Angeles Sparks @ Washington Mystics,Shakira Austin,PRA,OVER,32.5,100.0,BetOnline.ag,0.5,0.416059,1e6bcf8752abcadc1881cf69,2026-08-15T23:18:13.480422+00:00,11.78,33.5,-104.0,FanDuel,fanduel,player_points_rebounds_assists,0.509804,1.0,0.009804,0.009804,-0.093745,False,False,EXPLICIT_MARKET_CLOSE,PENDING,
2026-08-15|shakira austin|los angeles sparks @ washington mystics|pra|over|2026-08-15T21:00:13.752588+00:00|0.416059,2026-08-15|shakira austin|los angeles sparks @ washington mystics|pra|over,2026-08-15T21:00:13.752588+00:00,2026-08-15,Los Angeles Sparks @ Washington Mystics,Shakira Austin,PRA,OVER,32.5,100.0,BetOnline.ag,0.5,0.416059,1e6bcf8752abcadc1881cf69,2026-08-15T23:18:13.480422+00:00,11.78,33.5,-104.0,FanDuel,fanduel,player_points_rebounds_assists,0.509804,1.0,0.009804,0.009804,-0.093745,False,False,EXPLICIT_MARKET_CLOSE,PENDING,
2026-08-15|shakira austin|los angeles sparks @ washington mystics|pra|over|2026-08-15T21:35:34.997167+00:00|0.416059,2026-08-15|shakira austin|los angeles sparks @ washington mystics|pra|over,2026-08-15T21:35:34.997167+00:00,2026-08-15,Los Angeles Sparks @ Washington Mystics,Shakira Austin,PRA,OVER,32.5,100.0,BetOnline.ag,0.5,0.416059,1e6bcf8752abcadc1881cf69,2026-08-15T23:18:13.480422+00:00,11.78,33.5,-104.0,FanDuel,fanduel,player_points_rebounds_assists,0.509804,1.0,0.009804,0.009804,-0.093745,False,False,EXPLICIT_MARKET_CLOSE,PENDING,
2026-08-15|shakira austin|los angeles sparks @ washington mystics|pra|over|2026-08-15T21:58:02.208346+00:00|0.416059,2026-08-15|shakira austin|los angeles sparks @ washington mystics|pra|over,2026-08-15T21:58:02.208346+00:00,2026-08-15,Los Angeles Sparks @ Washington Mystics,Shakira Austin,PRA,OVER,32.5,100.0,BetOnline.ag,0.5,0.416059,1e6bcf8752abcadc1881cf69,2026-08-15T23:18:13.480422+00:00,11.78,33.5,-104.0,FanDuel,fanduel,player_points_rebounds_assists,0.509804,1.0,0.009804,0.009804,-0.093745,False,False,EXPLICIT_MARKET_CLOSE,PENDING,
2026-08-15|shakira austin|los angeles sparks @ washington mystics|pra|over|2026-08-15T22:38:43.785968+00:00|0.416059,2026-08-15|shakira austin|los angeles sparks @ washington mystics|pra|over,2026-08-15T22:38:43.785968+00:00,2026-08-15,Los Angeles Sparks @ Washington Mystics,Shakira Austin,PRA,OVER,32.5,100.0,BetOnline.ag,0.5,0.416059,1e6bcf8752abcadc1881cf69,2026-08-15T23:18:13.480422+00:00,11.78,33.5,-104.0,FanDuel,fanduel,player_points_rebounds_assists,0.509804,1.0,0.009804,0.009804,-0.093745,False,False,EXPLICIT_MARKET_CLOSE,PENDING,
2026-08-15|shakira austin|los angeles sparks @ washington mystics|pra|over|2026-08-15T22:58:44.786860+00:00|0.416059,2026-08-15|shakira austin|los angeles sparks @ washington mystics|pra|over,2026-08-15T22:58:44.786860+00:00,2026-08-15,Los Angeles Sparks @ Washington Mystics,Shakira Austin,PRA,OVER,32.5,100.0,BetOnline.ag,0.5,0.416059,1e6bcf8752abcadc1881cf69,2026-08-15T23:18:13.480422+00:00,11.78,33.5,-104.0,FanDuel,fanduel,player_points_rebounds_assists,0.509804,1.0,0.009804,0.009804,-0.093745,False,False,EXPLICIT_MARKET_CLOSE,PENDING,
2026-08-15|shakira austin|los angeles sparks @ washington mystics|pra|over|2026-08-15T23:40:58.015375+00:00|0.416059,2026-08-15|shakira austin|los angeles sparks @ washington mystics|pra|over,2026-08-15T23:40:58.015375+00:00,2026-08-15,Los Angeles Sparks @ Washington Mystics,Shakira Austin,PRA,OVER,32.5,100.0,BetOnline.ag,0.5,0.416059,1e6bcf8752abcadc1881cf69,2026-08-15T23:18:13.480422+00:00,11.78,33.5,-104.0,FanDuel,fanduel,player_points_rebounds_assists,0.509804,1.0,0.009804,0.009804,-0.093745,False,False,EXPLICIT_MARKET_CLOSE,PENDING,
2026-08-15|shakira austin|los angeles sparks @ washington mystics|pra|under|2026-08-15T10:59:30.272276+00:00|0.383798,2026-08-15|shakira austin|los angeles sparks @ washington mystics|pra|under,2026-08-15T10:59:30.272276+00:00,2026-08-15,Los Angeles Sparks @ Washington Mystics,Shakira Austin,PRA,UNDER,32.5,-108.0,FanDuel,0.519231,0.383798,312aa070a2044c2048da2fe2,2026-08-15T23:18:13.480422+00:00,11.78,33.5,-128.0,FanDuel,fanduel,player_points_rebounds_assists,0.561404,-1.0,0.042173,0.042173,-0.177606,True,False,EXPLICIT_SAME_BOOK_CLOSE,PENDING,
2026-08-15|shakira austin|los angeles sparks @ washington mystics|pra|under|2026-08-15T11:37:38.316341+00:00|0.383798,2026-08-15|shakira austin|los angeles sparks @ washington mystics|pra|under,2026-08-15T11:37:38.316341+00:00,2026-08-15,Los Angeles Sparks @ Washington Mystics,Shakira Austin,PRA,UNDER,32.5,-108.0,FanDuel,0.519231,0.383798,312aa070a2044c2048da2fe2,2026-08-15T23:18:13.480422+00:00,11.78,33.5,-128.0,FanDuel,fanduel,player_points_rebounds_assists,0.561404,-1.0,0.042173,0.042173,-0.177606,True,False,EXPLICIT_SAME_BOOK_CLOSE,PENDING,
2026-08-15|shakira austin|los angeles sparks @ washington mystics|pra|under|2026-08-15T11:57:22.075495+00:00|0.383798,2026-08-15|shakira austin|los angeles sparks @ washington mystics|pra|under,2026-08-15T11:57:22.075495+00:00,2026-08-15,Los Angeles Sparks @ Washington Mystics,Shakira Austin,PRA,UNDER,32.5,-108.0,FanDuel,0.519231,0.383798,312aa070a2044c2048da2fe2,2026-08-15T23:18:13.480422+00:00,11.78,33.5,-128.0,FanDuel,fanduel,player_points_rebounds_assists,0.561404,-1.0,0.042173,0.042173,-0.177606,True,False,EXPLICIT_SAME_BOOK_CLOSE,PENDING,
2026-08-15|shakira austin|los angeles sparks @ washington mystics|pra|under|2026-08-15T12:59:45.246898+00:00|0.383798,2026-08-15|shakira austin|los angeles sparks @ washington mystics|pra|under,2026-08-15T12:59:45.246898+00:00,2026-08-15,Los Angeles Sparks @ Washington Mystics,Shakira Austin,PRA,UNDER,32.5,-108.0,FanDuel,0.519231,0.383798,312aa070a2044c2048da2fe2,2026-08-15T23:18:13.480422+00:00,11.78,33.5,-128.0,FanDuel,fanduel,player_points_rebounds_assists,0.561404,-1.0,0.042173,0.042173,-0.177606,True,False,EXPLICIT_SAME_BOOK_CLOSE,PENDING,
2026-08-15|shakira austin|los angeles sparks @ washington mystics|pra|under|2026-08-15T13:19:00.048599+00:00|0.383295,2026-08-15|shakira austin|los angeles sparks @ washington mystics|pra|under,2026-08-15T13:19:00.048599+00:00,2026-08-15,Los Angeles Sparks @ Washington Mystics,Shakira Austin,PRA,UNDER,32.5,-111.0,DraftKings,0.526066,0.383295,a30e89c7510bf14dd960fd56,2026-08-15T23:18:13.480422+00:00,11.78,33.5,-121.0,DraftKings,draftkings,player_points_rebounds_assists,0.547511,-1.0,0.021445,0.021445,-0.164216,True,False,EXPLICIT_SAME_BOOK_CLOSE,PENDING,
2026-08-15|shakira austin|los angeles sparks @ washington mystics|pra|under|2026-08-15T14:00:20.819656+00:00|0.383977,2026-08-15|shakira austin|los angeles sparks @ washington mystics|pra|under,2026-08-15T14:00:20.819656+00:00,2026-08-15,Los Angeles Sparks @ Washington Mystics,Shakira Austin,PRA,UNDER,32.5,-107.0,DraftKings,0.516908,0.383977,a30e89c7510bf14dd960fd56,2026-08-15T23:18:13.480422+00:00,11.78,33.5,-121.0,DraftKings,draftkings,player_points_rebounds_assists,0.547511,-1.0,0.030603,0.030603,-0.163534,True,False,EXPLICIT_SAME_BOOK_CLOSE,PENDING,
2026-08-15|shakira austin|los angeles sparks @ washington mystics|pra|under|2026-08-15T14:39:33.056630+00:00|0.383977,2026-08-15|shakira austin|los angeles sparks @ washington mystics|pra|under,2026-08-15T14:39:33.056630+00:00,2026-08-15,Los Angeles Sparks @ Washington Mystics,Shakira Austin,PRA,UNDER,32.5,-107.0,DraftKings,0.516908,0.383977,a30e89c7510bf14dd960fd56,2026-08-15T23:18:13.480422+00:00,11.78,33.5,-121.0,DraftKings,draftkings,player_points_rebounds_assists,0.547511,-1.0,0.030603,0.030603,-0.163534,True,False,EXPLICIT_SAME_BOOK_CLOSE,PENDING,
2026-08-15|shakira austin|los angeles sparks @ washington mystics|pra|under|2026-08-15T15:00:16.446702+00:00|0.383295,2026-08-15|shakira austin|los angeles sparks @ washington mystics|pra|under,2026-08-15T15:00:16.446702+00:00,2026-08-15,Los Angeles Sparks @ Washington Mystics,Shakira Austin,PRA,UNDER,32.5,-111.0,DraftKings,0.526066,0.383295,a30e89c7510bf14dd960fd56,2026-08-15T23:18:13.480422+00:00,11.78,33.5,-121.0,DraftKings,draftkings,player_points_rebounds_assists,0.547511,-1.0,0.021445,0.021445,-0.164216,True,False,EXPLICIT_SAME_BOOK_CLOSE,PENDING,
2026-08-15|shakira austin|los angeles sparks @ washington mystics|pra|under|2026-08-15T15:56:41.397541+00:00|0.383295,2026-08-15|shakira austin|los angeles sparks @ washington mystics|pra|under,2026-08-15T15:56:41.397541+00:00,2026-08-15,Los Angeles Sparks @ Washington Mystics,Shakira Austin,PRA,UNDER,32.5,-111.0,DraftKings,0.526066,0.383295,a30e89c7510bf14dd960fd56,2026-08-15T23:18:13.480422+00:00,11.78,33.5,-121.0,DraftKings,draftkings,player_points_rebounds_assists,0.547511,-1.0,0.021445,0.021445,-0.164216,True,False,EXPLICIT_SAME_BOOK_CLOSE,PENDING,
2026-08-15|shakira austin|los angeles sparks @ washington mystics|pra|under|2026-08-15T16:40:58.435903+00:00|0.383295,2026-08-15|shakira austin|los angeles sparks @ washington mystics|pra|under,2026-08-15T16:40:58.435903+00:00,2026-08-15,Los Angeles Sparks @ Washington Mystics,Shakira Austin,PRA,UNDER,32.5,-111.0,DraftKings,0.526066,0.383295,a30e89c7510bf14dd960fd56,2026-08-15T23:18:13.480422+00:00,11.78,33.5,-121.0,DraftKings,draftkings,player_points_rebounds_assists,0.547511,-1.0,0.021445,0.021445,-0.164216,True,False,EXPLICIT_SAME_BOOK_CLOSE,PENDING,
2026-08-15|shakira austin|los angeles sparks @ washington mystics|pra|under|2026-08-15T16:59:57.449708+00:00|0.383295,2026-08-15|shakira austin|los angeles sparks @ washington mystics|pra|under,2026-08-15T16:59:57.449708+00:00,2026-08-15,Los Angeles Sparks @ Washington Mystics,Shakira Austin,PRA,UNDER,32.5,-111.0,DraftKings,0.526066,0.383295,a30e89c7510bf14dd960fd56,2026-08-15T23:18:13.480422+00:00,11.78,33.5,-121.0,DraftKings,draftkings,player_points_rebounds_assists,0.547511,-1.0,0.021445,0.021445,-0.164216,True,False,EXPLICIT_SAME_BOOK_CLOSE,PENDING,
2026-08-15|shakira austin|los angeles sparks @ washington mystics|pra|under|2026-08-15T17:36:49.057441+00:00|0.383295,2026-08-15|shakira austin|los angeles sparks @ washington mystics|pra|under,2026-08-15T17:36:49.057441+00:00,2026-08-15,Los Angeles Sparks @ Washington Mystics,Shakira Austin,PRA,UNDER,32.5,-111.0,DraftKings,0.526066,0.383295,a30e89c7510bf14dd960fd56,2026-08-15T23:18:13.480422+00:00,11.78,33.5,-121.0,DraftKings,draftkings,player_points_rebounds_assists,0.547511,-1.0,0.021445,0.021445,-0.164216,True,False,EXPLICIT_SAME_BOOK_CLOSE,PENDING,
2026-08-15|shakira austin|los angeles sparks @ washington mystics|pra|under|2026-08-15T17:58:18.784460+00:00|0.383295,2026-08-15|shakira austin|los angeles sparks @ washington mystics|pra|under,2026-08-15T17:58:18.784460+00:00,2026-08-15,Los Angeles Sparks @ Washington Mystics,Shakira Austin,PRA,UNDER,32.5,-111.0,DraftKings,0.526066,0.383295,a30e89c7510bf14dd960fd56,2026-08-15T23:18:13.480422+00:00,11.78,33.5,-121.0,DraftKings,draftkings,player_points_rebounds_assists,0.547511,-1.0,0.021445,0.021445,-0.164216,True,False,EXPLICIT_SAME_BOOK_CLOSE,PENDING,
2026-08-15|shakira austin|los angeles sparks @ washington mystics|pra|under|2026-08-15T18:48:26.623952+00:00|0.383295,2026-08-15|shakira austin|los angeles sparks @ washington mystics|pra|under,2026-08-15T18:48:26.623952+00:00,2026-08-15,Los Angeles Sparks @ Washington Mystics,Shakira Austin,PRA,UNDER,32.5,-111.0,DraftKings,0.526066,0.383295,a30e89c7510bf14dd960fd56,2026-08-15T23:18:13.480422+00:00,11.78,33.5,-121.0,DraftKings,draftkings,player_points_rebounds_assists,0.547511,-1.0,0.021445,0.021445,-0.164216,True,False,EXPLICIT_SAME_BOOK_CLOSE,PENDING,
2026-08-15|shakira austin|los angeles sparks @ washington mystics|pra|under|2026-08-15T19:03:50.105082+00:00|0.383295,2026-08-15|shakira austin|los angeles sparks @ washington mystics|pra|under,2026-08-15T19:03:50.105082+00:00,2026-08-15,Los Angeles Sparks @ Washington Mystics,Shakira Austin,PRA,UNDER,32.5,-111.0,DraftKings,0.526066,0.383295,a30e89c7510bf14dd960fd56,2026-08-15T23:18:13.480422+00:00,11.78,33.5,-121.0,DraftKings,draftkings,player_points_rebounds_assists,0.547511,-1.0,0.021445,0.021445,-0.164216,True,False,EXPLICIT_SAME_BOOK_CLOSE,PENDING,
2026-08-15|shakira austin|los angeles sparks @ washington mystics|pra|under|2026-08-15T19:42:05.879517+00:00|0.383295,2026-08-15|shakira austin|los angeles sparks @ washington mystics|pra|under,2026-08-15T19:42:05.879517+00:00,2026-08-15,Los Angeles Sparks @ Washington Mystics,Shakira Austin,PRA,UNDER,32.5,-111.0,DraftKings,0.526066,0.383295,a30e89c7510bf14dd960fd56,2026-08-15T23:18:13.480422+00:00,11.78,33.5,-121.0,DraftKings,draftkings,player_points_rebounds_assists,0.547511,-1.0,0.021445,0.021445,-0.164216,True,False,EXPLICIT_SAME_BOOK_CLOSE,PENDING,
2026-08-15|shakira austin|los angeles sparks @ washington mystics|pra|under|2026-08-15T19:56:46.104978+00:00|0.383295,2026-08-15|shakira austin|los angeles sparks @ washington mystics|pra|under,2026-08-15T19:56:46.104978+00:00,2026-08-15,Los Angeles Sparks @ Washington Mystics,Shakira Austin,PRA,UNDER,32.5,-111.0,DraftKings,0.526066,0.383295,a30e89c7510bf14dd960fd56,2026-08-15T23:18:13.480422+00:00,11.78,33.5,-121.0,DraftKings,draftkings,player_points_rebounds_assists,0.547511,-1.0,0.021445,0.021445,-0.164216,True,False,EXPLICIT_SAME_BOOK_CLOSE,PENDING,
2026-08-15|shakira austin|los angeles sparks @ washington mystics|pra|under|2026-08-15T20:39:13.403881+00:00|0.383295,2026-08-15|shakira austin|los angeles sparks @ washington mystics|pra|under,2026-08-15T20:39:13.403881+00:00,2026-08-15,Los Angeles Sparks @ Washington Mystics,Shakira Austin,PRA,UNDER,32.5,-111.0,DraftKings,0.526066,0.383295,a30e89c7510bf14dd960fd56,2026-08-15T23:18:13.480422+00:00,11.78,33.5,-121.0,DraftKings,draftkings,player_points_rebounds_assists,0.547511,-1.0,0.021445,0.021445,-0.164216,True,False,EXPLICIT_SAME_BOOK_CLOSE,PENDING,
2026-08-15|shakira austin|los angeles sparks @ washington mystics|pra|under|2026-08-15T21:00:13.752588+00:00|0.383138,2026-08-15|shakira austin|los angeles sparks @ washington mystics|pra|under,2026-08-15T21:00:13.752588+00:00,2026-08-15,Los Angeles Sparks @ Washington Mystics,Shakira Austin,PRA,UNDER,32.5,-112.0,DraftKings,0.528302,0.383138,a30e89c7510bf14dd960fd56,2026-08-15T23:18:13.480422+00:00,11.78,33.5,-121.0,DraftKings,draftkings,player_points_rebounds_assists,0.547511,-1.0,0.019209,0.019209,-0.164373,True,False,EXPLICIT_SAME_BOOK_CLOSE,PENDING,
2026-08-15|shakira austin|los angeles sparks @ washington mystics|pra|under|2026-08-15T21:35:34.997167+00:00|0.383138,2026-08-15|shakira austin|los angeles sparks @ washington mystics|pra|under,2026-08-15T21:35:34.997167+00:00,2026-08-15,Los Angeles Sparks @ Washington Mystics,Shakira Austin,PRA,UNDER,32.5,-112.0,DraftKings,0.528302,0.383138,a30e89c7510bf14dd960fd56,2026-08-15T23:18:13.480422+00:00,11.78,33.5,-121.0,DraftKings,draftkings,player_points_rebounds_assists,0.547511,-1.0,0.019209,0.019209,-0.164373,True,False,EXPLICIT_SAME_BOOK_CLOSE,PENDING,
2026-08-15|shakira austin|los angeles sparks @ washington mystics|pra|under|2026-08-15T21:58:02.208346+00:00|0.383138,2026-08-15|shakira austin|los angeles sparks @ washington mystics|pra|under,2026-08-15T21:58:02.208346+00:00,2026-08-15,Los Angeles Sparks @ Washington Mystics,Shakira Austin,PRA,UNDER,32.5,-112.0,DraftKings,0.528302,0.383138,a30e89c7510bf14dd960fd56,2026-08-15T23:18:13.480422+00:00,11.78,33.5,-121.0,DraftKings,draftkings,player_points_rebounds_assists,0.547511,-1.0,0.019209,0.019209,-0.164373,True,False,EXPLICIT_SAME_BOOK_CLOSE,PENDING,
2026-08-15|shakira austin|los angeles sparks @ washington mystics|pra|under|2026-08-15T22:38:43.785968+00:00|0.383138,2026-08-15|shakira austin|los angeles sparks @ washington mystics|pra|under,2026-08-15T22:38:43.785968+00:00,2026-08-15,Los Angeles Sparks @ Washington Mystics,Shakira Austin,PRA,UNDER,32.5,-112.0,DraftKings,0.528302,0.383138,a30e89c7510bf14dd960fd56,2026-08-15T23:18:13.480422+00:00,11.78,33.5,-121.0,DraftKings,draftkings,player_points_rebounds_assists,0.547511,-1.0,0.019209,0.019209,-0.164373,True,False,EXPLICIT_SAME_BOOK_CLOSE,PENDING,
2026-08-15|shakira austin|los angeles sparks @ washington mystics|pra|under|2026-08-15T22:58:44.786860+00:00|0.383138,2026-08-15|shakira austin|los angeles sparks @ washington mystics|pra|under,2026-08-15T22:58:44.786860+00:00,2026-08-15,Los Angeles Sparks @ Washington Mystics,Shakira Austin,PRA,UNDER,32.5,-112.0,DraftKings,0.528302,0.383138,a30e89c7510bf14dd960fd56,2026-08-15T23:18:13.480422+00:00,11.78,33.5,-121.0,DraftKings,draftkings,player_points_rebounds_assists,0.547511,-1.0,0.019209,0.019209,-0.164373,True,False,EXPLICIT_SAME_BOOK_CLOSE,PENDING,
2026-08-15|shakira austin|los angeles sparks @ washington mystics|pra|under|2026-08-15T23:40:58.015375+00:00|0.383138,2026-08-15|shakira austin|los angeles sparks @ washington mystics|pra|under,2026-08-15T23:40:58.015375+00:00,2026-08-15,Los Angeles Sparks @ Washington Mystics,Shakira Austin,PRA,UNDER,32.5,-112.0,DraftKings,0.528302,0.383138,a30e89c7510bf14dd960fd56,2026-08-15T23:18:13.480422+00:00,11.78,33.5,-121.0,DraftKings,draftkings,player_points_rebounds_assists,0.547511,-1.0,0.019209,0.019209,-0.164373,True,False,EXPLICIT_SAME_BOOK_CLOSE,PENDING,
