game_date,event_id,game,game_time,home_team,away_team,player,team,stat,side,threshold,odds,sportsbook,sportsbook_key,market_key,source,scraped_at
2026-08-19,c162d60ca8c8caf4195c3abf4566747a,Toronto Tempo @ Washington Mystics,2026-08-19T23:30:00Z,Washington Mystics,Toronto Tempo,Kiki Rice,,AST,OVER,1.5,-1400,FanDuel,fanduel,player_assists_alternate,the-odds-api,2026-08-19T21:37:09.759982+00:00
2026-08-19,c162d60ca8c8caf4195c3abf4566747a,Toronto Tempo @ Washington Mystics,2026-08-19T23:30:00Z,Washington Mystics,Toronto Tempo,Georgia Amoore,,AST,OVER,1.5,-700,FanDuel,fanduel,player_assists_alternate,the-odds-api,2026-08-19T21:37:09.759982+00:00
2026-08-19,c162d60ca8c8caf4195c3abf4566747a,Toronto Tempo @ Washington Mystics,2026-08-19T23:30:00Z,Washington Mystics,Toronto Tempo,Shakira Austin,,AST,OVER,1.5,-400,FanDuel,fanduel,player_assists_alternate,the-odds-api,2026-08-19T21:37:09.759982+00:00
2026-08-19,c162d60ca8c8caf4195c3abf4566747a,Toronto Tempo @ Washington Mystics,2026-08-19T23:30:00Z,Washington Mystics,Toronto Tempo,Isabelle Harrison,,AST,OVER,1.5,-250,FanDuel,fanduel,player_assists_alternate,the-odds-api,2026-08-19T21:37:09.759982+00:00
2026-08-19,c162d60ca8c8caf4195c3abf4566747a,Toronto Tempo @ Washington Mystics,2026-08-19T23:30:00Z,Washington Mystics,Toronto Tempo,Cotie McMahon,,AST,OVER,1.5,-245,FanDuel,fanduel,player_assists_alternate,the-odds-api,2026-08-19T21:37:09.759982+00:00
2026-08-19,c162d60ca8c8caf4195c3abf4566747a,Toronto Tempo @ Washington Mystics,2026-08-19T23:30:00Z,Washington Mystics,Toronto Tempo,Kiki Iriafen,,AST,OVER,1.5,-210,FanDuel,fanduel,player_assists_alternate,the-odds-api,2026-08-19T21:37:09.759982+00:00
2026-08-19,c162d60ca8c8caf4195c3abf4566747a,Toronto Tempo @ Washington Mystics,2026-08-19T23:30:00Z,Washington Mystics,Toronto Tempo,Michaela Onyenwere,,AST,OVER,1.5,-188,FanDuel,fanduel,player_assists_alternate,the-odds-api,2026-08-19T21:37:09.759982+00:00
2026-08-19,c162d60ca8c8caf4195c3abf4566747a,Toronto Tempo @ Washington Mystics,2026-08-19T23:30:00Z,Washington Mystics,Toronto Tempo,Sonia Citron,,AST,OVER,7.5,490,FanDuel,fanduel,player_assists_alternate,the-odds-api,2026-08-19T21:37:09.759982+00:00
2026-08-19,c162d60ca8c8caf4195c3abf4566747a,Toronto Tempo @ Washington Mystics,2026-08-19T23:30:00Z,Washington Mystics,Toronto Tempo,Kiki Rice,,AST,OVER,7.5,1280,FanDuel,fanduel,player_assists_alternate,the-odds-api,2026-08-19T21:37:09.759982+00:00
2026-08-19,c162d60ca8c8caf4195c3abf4566747a,Toronto Tempo @ Washington Mystics,2026-08-19T23:30:00Z,Washington Mystics,Toronto Tempo,Sonia Citron,,AST,OVER,9.5,1260,FanDuel,fanduel,player_assists_alternate,the-odds-api,2026-08-19T21:37:09.759982+00:00
2026-08-19,c162d60ca8c8caf4195c3abf4566747a,Toronto Tempo @ Washington Mystics,2026-08-19T23:30:00Z,Washington Mystics,Toronto Tempo,Sonia Citron,,AST,OVER,5.5,134,FanDuel,fanduel,player_assists_alternate,the-odds-api,2026-08-19T21:37:09.759982+00:00
2026-08-19,c162d60ca8c8caf4195c3abf4566747a,Toronto Tempo @ Washington Mystics,2026-08-19T23:30:00Z,Washington Mystics,Toronto Tempo,Kiki Rice,,AST,OVER,5.5,370,FanDuel,fanduel,player_assists_alternate,the-odds-api,2026-08-19T21:37:09.759982+00:00
2026-08-19,c162d60ca8c8caf4195c3abf4566747a,Toronto Tempo @ Washington Mystics,2026-08-19T23:30:00Z,Washington Mystics,Toronto Tempo,Georgia Amoore,,AST,OVER,5.5,550,FanDuel,fanduel,player_assists_alternate,the-odds-api,2026-08-19T21:37:09.759982+00:00
2026-08-19,c162d60ca8c8caf4195c3abf4566747a,Toronto Tempo @ Washington Mystics,2026-08-19T23:30:00Z,Washington Mystics,Toronto Tempo,Sonia Citron,,AST,OVER,3.5,-360,FanDuel,fanduel,player_assists_alternate,the-odds-api,2026-08-19T21:37:09.759982+00:00
2026-08-19,c162d60ca8c8caf4195c3abf4566747a,Toronto Tempo @ Washington Mystics,2026-08-19T23:30:00Z,Washington Mystics,Toronto Tempo,Kiki Rice,,AST,OVER,3.5,-132,FanDuel,fanduel,player_assists_alternate,the-odds-api,2026-08-19T21:37:09.759982+00:00
2026-08-19,c162d60ca8c8caf4195c3abf4566747a,Toronto Tempo @ Washington Mystics,2026-08-19T23:30:00Z,Washington Mystics,Toronto Tempo,Georgia Amoore,,AST,OVER,3.5,120,FanDuel,fanduel,player_assists_alternate,the-odds-api,2026-08-19T21:37:09.759982+00:00
2026-08-19,c162d60ca8c8caf4195c3abf4566747a,Toronto Tempo @ Washington Mystics,2026-08-19T23:30:00Z,Washington Mystics,Toronto Tempo,Shakira Austin,,AST,OVER,3.5,205,FanDuel,fanduel,player_assists_alternate,the-odds-api,2026-08-19T21:37:09.759982+00:00
2026-08-19,c162d60ca8c8caf4195c3abf4566747a,Toronto Tempo @ Washington Mystics,2026-08-19T23:30:00Z,Washington Mystics,Toronto Tempo,Cotie McMahon,,AST,OVER,3.5,280,FanDuel,fanduel,player_assists_alternate,the-odds-api,2026-08-19T21:37:09.759982+00:00
2026-08-19,c162d60ca8c8caf4195c3abf4566747a,Toronto Tempo @ Washington Mystics,2026-08-19T23:30:00Z,Washington Mystics,Toronto Tempo,Isabelle Harrison,,AST,OVER,3.5,310,FanDuel,fanduel,player_assists_alternate,the-odds-api,2026-08-19T21:37:09.759982+00:00
2026-08-19,c162d60ca8c8caf4195c3abf4566747a,Toronto Tempo @ Washington Mystics,2026-08-19T23:30:00Z,Washington Mystics,Toronto Tempo,Kiki Iriafen,,AST,OVER,3.5,400,FanDuel,fanduel,player_assists_alternate,the-odds-api,2026-08-19T21:37:09.759982+00:00
2026-08-19,c162d60ca8c8caf4195c3abf4566747a,Toronto Tempo @ Washington Mystics,2026-08-19T23:30:00Z,Washington Mystics,Toronto Tempo,Michaela Onyenwere,,AST,OVER,3.5,410,FanDuel,fanduel,player_assists_alternate,the-odds-api,2026-08-19T21:37:09.759982+00:00
2026-08-19,c162d60ca8c8caf4195c3abf4566747a,Toronto Tempo @ Washington Mystics,2026-08-19T23:30:00Z,Washington Mystics,Toronto Tempo,Isabelle Harrison,,PTS,OVER,14.5,144,FanDuel,fanduel,player_points_alternate,the-odds-api,2026-08-19T21:37:09.759982+00:00
2026-08-19,c162d60ca8c8caf4195c3abf4566747a,Toronto Tempo @ Washington Mystics,2026-08-19T23:30:00Z,Washington Mystics,Toronto Tempo,Aneesah Morrow,,PTS,OVER,14.5,142,FanDuel,fanduel,player_points_alternate,the-odds-api,2026-08-19T21:37:09.759982+00:00
2026-08-19,c162d60ca8c8caf4195c3abf4566747a,Toronto Tempo @ Washington Mystics,2026-08-19T23:30:00Z,Washington Mystics,Toronto Tempo,Kiki Rice,,PTS,OVER,14.5,175,FanDuel,fanduel,player_points_alternate,the-odds-api,2026-08-19T21:37:09.759982+00:00
2026-08-19,c162d60ca8c8caf4195c3abf4566747a,Toronto Tempo @ Washington Mystics,2026-08-19T23:30:00Z,Washington Mystics,Toronto Tempo,Laura Juskaite,,PTS,OVER,14.5,265,FanDuel,fanduel,player_points_alternate,the-odds-api,2026-08-19T21:37:09.759982+00:00
2026-08-19,c162d60ca8c8caf4195c3abf4566747a,Toronto Tempo @ Washington Mystics,2026-08-19T23:30:00Z,Washington Mystics,Toronto Tempo,Shakira Austin,,PTS,OVER,14.5,-450,FanDuel,fanduel,player_points_alternate,the-odds-api,2026-08-19T21:37:09.759982+00:00
2026-08-19,c162d60ca8c8caf4195c3abf4566747a,Toronto Tempo @ Washington Mystics,2026-08-19T23:30:00Z,Washington Mystics,Toronto Tempo,Sonia Citron,,PTS,OVER,14.5,-310,FanDuel,fanduel,player_points_alternate,the-odds-api,2026-08-19T21:37:09.759982+00:00
2026-08-19,c162d60ca8c8caf4195c3abf4566747a,Toronto Tempo @ Washington Mystics,2026-08-19T23:30:00Z,Washington Mystics,Toronto Tempo,Kiki Iriafen,,PTS,OVER,14.5,-152,FanDuel,fanduel,player_points_alternate,the-odds-api,2026-08-19T21:37:09.759982+00:00
2026-08-19,c162d60ca8c8caf4195c3abf4566747a,Toronto Tempo @ Washington Mystics,2026-08-19T23:30:00Z,Washington Mystics,Toronto Tempo,Michaela Onyenwere,,PTS,OVER,14.5,750,FanDuel,fanduel,player_points_alternate,the-odds-api,2026-08-19T21:37:09.759982+00:00
2026-08-19,c162d60ca8c8caf4195c3abf4566747a,Toronto Tempo @ Washington Mystics,2026-08-19T23:30:00Z,Washington Mystics,Toronto Tempo,Lauren Betts,,PTS,OVER,14.5,750,FanDuel,fanduel,player_points_alternate,the-odds-api,2026-08-19T21:37:09.759982+00:00
2026-08-19,c162d60ca8c8caf4195c3abf4566747a,Toronto Tempo @ Washington Mystics,2026-08-19T23:30:00Z,Washington Mystics,Toronto Tempo,Cotie McMahon,,PTS,OVER,14.5,500,FanDuel,fanduel,player_points_alternate,the-odds-api,2026-08-19T21:37:09.759982+00:00
2026-08-19,c162d60ca8c8caf4195c3abf4566747a,Toronto Tempo @ Washington Mystics,2026-08-19T23:30:00Z,Washington Mystics,Toronto Tempo,Shakira Austin,,PTS,OVER,29.5,980,FanDuel,fanduel,player_points_alternate,the-odds-api,2026-08-19T21:37:09.759982+00:00
2026-08-19,c162d60ca8c8caf4195c3abf4566747a,Toronto Tempo @ Washington Mystics,2026-08-19T23:30:00Z,Washington Mystics,Toronto Tempo,Sonia Citron,,PTS,OVER,29.5,1160,FanDuel,fanduel,player_points_alternate,the-odds-api,2026-08-19T21:37:09.759982+00:00
2026-08-19,c162d60ca8c8caf4195c3abf4566747a,Toronto Tempo @ Washington Mystics,2026-08-19T23:30:00Z,Washington Mystics,Toronto Tempo,Kiki Iriafen,,PTS,OVER,29.5,2200,FanDuel,fanduel,player_points_alternate,the-odds-api,2026-08-19T21:37:09.759982+00:00
2026-08-19,c162d60ca8c8caf4195c3abf4566747a,Toronto Tempo @ Washington Mystics,2026-08-19T23:30:00Z,Washington Mystics,Toronto Tempo,Isabelle Harrison,,PTS,OVER,9.5,-330,FanDuel,fanduel,player_points_alternate,the-odds-api,2026-08-19T21:37:09.759982+00:00
2026-08-19,c162d60ca8c8caf4195c3abf4566747a,Toronto Tempo @ Washington Mystics,2026-08-19T23:30:00Z,Washington Mystics,Toronto Tempo,Aneesah Morrow,,PTS,OVER,9.5,-335,FanDuel,fanduel,player_points_alternate,the-odds-api,2026-08-19T21:37:09.759982+00:00
2026-08-19,c162d60ca8c8caf4195c3abf4566747a,Toronto Tempo @ Washington Mystics,2026-08-19T23:30:00Z,Washington Mystics,Toronto Tempo,Kiki Rice,,PTS,OVER,9.5,-270,FanDuel,fanduel,player_points_alternate,the-odds-api,2026-08-19T21:37:09.759982+00:00
2026-08-19,c162d60ca8c8caf4195c3abf4566747a,Toronto Tempo @ Washington Mystics,2026-08-19T23:30:00Z,Washington Mystics,Toronto Tempo,Laura Juskaite,,PTS,OVER,9.5,-156,FanDuel,fanduel,player_points_alternate,the-odds-api,2026-08-19T21:37:09.759982+00:00
2026-08-19,c162d60ca8c8caf4195c3abf4566747a,Toronto Tempo @ Washington Mystics,2026-08-19T23:30:00Z,Washington Mystics,Toronto Tempo,Sonia Citron,,PTS,OVER,9.5,-2800,FanDuel,fanduel,player_points_alternate,the-odds-api,2026-08-19T21:37:09.759982+00:00
2026-08-19,c162d60ca8c8caf4195c3abf4566747a,Toronto Tempo @ Washington Mystics,2026-08-19T23:30:00Z,Washington Mystics,Toronto Tempo,Kiki Iriafen,,PTS,OVER,9.5,-850,FanDuel,fanduel,player_points_alternate,the-odds-api,2026-08-19T21:37:09.759982+00:00
2026-08-19,c162d60ca8c8caf4195c3abf4566747a,Toronto Tempo @ Washington Mystics,2026-08-19T23:30:00Z,Washington Mystics,Toronto Tempo,Michaela Onyenwere,,PTS,OVER,9.5,172,FanDuel,fanduel,player_points_alternate,the-odds-api,2026-08-19T21:37:09.759982+00:00
2026-08-19,c162d60ca8c8caf4195c3abf4566747a,Toronto Tempo @ Washington Mystics,2026-08-19T23:30:00Z,Washington Mystics,Toronto Tempo,Georgia Amoore,,PTS,OVER,9.5,710,FanDuel,fanduel,player_points_alternate,the-odds-api,2026-08-19T21:37:09.759982+00:00
2026-08-19,c162d60ca8c8caf4195c3abf4566747a,Toronto Tempo @ Washington Mystics,2026-08-19T23:30:00Z,Washington Mystics,Toronto Tempo,Lauren Betts,,PTS,OVER,9.5,165,FanDuel,fanduel,player_points_alternate,the-odds-api,2026-08-19T21:37:09.759982+00:00
2026-08-19,c162d60ca8c8caf4195c3abf4566747a,Toronto Tempo @ Washington Mystics,2026-08-19T23:30:00Z,Washington Mystics,Toronto Tempo,Cotie McMahon,,PTS,OVER,9.5,136,FanDuel,fanduel,player_points_alternate,the-odds-api,2026-08-19T21:37:09.759982+00:00
2026-08-19,c162d60ca8c8caf4195c3abf4566747a,Toronto Tempo @ Washington Mystics,2026-08-19T23:30:00Z,Washington Mystics,Toronto Tempo,Isabelle Harrison,,PTS,OVER,24.5,1600,FanDuel,fanduel,player_points_alternate,the-odds-api,2026-08-19T21:37:09.759982+00:00
2026-08-19,c162d60ca8c8caf4195c3abf4566747a,Toronto Tempo @ Washington Mystics,2026-08-19T23:30:00Z,Washington Mystics,Toronto Tempo,Aneesah Morrow,,PTS,OVER,24.5,1400,FanDuel,fanduel,player_points_alternate,the-odds-api,2026-08-19T21:37:09.759982+00:00
2026-08-19,c162d60ca8c8caf4195c3abf4566747a,Toronto Tempo @ Washington Mystics,2026-08-19T23:30:00Z,Washington Mystics,Toronto Tempo,Shakira Austin,,PTS,OVER,24.5,320,FanDuel,fanduel,player_points_alternate,the-odds-api,2026-08-19T21:37:09.759982+00:00
2026-08-19,c162d60ca8c8caf4195c3abf4566747a,Toronto Tempo @ Washington Mystics,2026-08-19T23:30:00Z,Washington Mystics,Toronto Tempo,Sonia Citron,,PTS,OVER,24.5,415,FanDuel,fanduel,player_points_alternate,the-odds-api,2026-08-19T21:37:09.759982+00:00
2026-08-19,c162d60ca8c8caf4195c3abf4566747a,Toronto Tempo @ Washington Mystics,2026-08-19T23:30:00Z,Washington Mystics,Toronto Tempo,Kiki Iriafen,,PTS,OVER,24.5,830,FanDuel,fanduel,player_points_alternate,the-odds-api,2026-08-19T21:37:09.759982+00:00
2026-08-19,c162d60ca8c8caf4195c3abf4566747a,Toronto Tempo @ Washington Mystics,2026-08-19T23:30:00Z,Washington Mystics,Toronto Tempo,Isabelle Harrison,,PTS,OVER,19.5,530,FanDuel,fanduel,player_points_alternate,the-odds-api,2026-08-19T21:37:09.759982+00:00
2026-08-19,c162d60ca8c8caf4195c3abf4566747a,Toronto Tempo @ Washington Mystics,2026-08-19T23:30:00Z,Washington Mystics,Toronto Tempo,Aneesah Morrow,,PTS,OVER,19.5,490,FanDuel,fanduel,player_points_alternate,the-odds-api,2026-08-19T21:37:09.759982+00:00
2026-08-19,c162d60ca8c8caf4195c3abf4566747a,Toronto Tempo @ Washington Mystics,2026-08-19T23:30:00Z,Washington Mystics,Toronto Tempo,Kiki Rice,,PTS,OVER,19.5,630,FanDuel,fanduel,player_points_alternate,the-odds-api,2026-08-19T21:37:09.759982+00:00
2026-08-19,c162d60ca8c8caf4195c3abf4566747a,Toronto Tempo @ Washington Mystics,2026-08-19T23:30:00Z,Washington Mystics,Toronto Tempo,Laura Juskaite,,PTS,OVER,19.5,830,FanDuel,fanduel,player_points_alternate,the-odds-api,2026-08-19T21:37:09.759982+00:00
2026-08-19,c162d60ca8c8caf4195c3abf4566747a,Toronto Tempo @ Washington Mystics,2026-08-19T23:30:00Z,Washington Mystics,Toronto Tempo,Shakira Austin,,PTS,OVER,19.5,-102,FanDuel,fanduel,player_points_alternate,the-odds-api,2026-08-19T21:37:09.759982+00:00
2026-08-19,c162d60ca8c8caf4195c3abf4566747a,Toronto Tempo @ Washington Mystics,2026-08-19T23:30:00Z,Washington Mystics,Toronto Tempo,Sonia Citron,,PTS,OVER,19.5,130,FanDuel,fanduel,player_points_alternate,the-odds-api,2026-08-19T21:37:09.759982+00:00
2026-08-19,c162d60ca8c8caf4195c3abf4566747a,Toronto Tempo @ Washington Mystics,2026-08-19T23:30:00Z,Washington Mystics,Toronto Tempo,Kiki Iriafen,,PTS,OVER,19.5,255,FanDuel,fanduel,player_points_alternate,the-odds-api,2026-08-19T21:37:09.759982+00:00
2026-08-19,c162d60ca8c8caf4195c3abf4566747a,Toronto Tempo @ Washington Mystics,2026-08-19T23:30:00Z,Washington Mystics,Toronto Tempo,Shakira Austin,,REB,OVER,7.5,-420,FanDuel,fanduel,player_rebounds_alternate,the-odds-api,2026-08-19T21:37:09.759982+00:00
2026-08-19,c162d60ca8c8caf4195c3abf4566747a,Toronto Tempo @ Washington Mystics,2026-08-19T23:30:00Z,Washington Mystics,Toronto Tempo,Aneesah Morrow,,REB,OVER,7.5,-220,FanDuel,fanduel,player_rebounds_alternate,the-odds-api,2026-08-19T21:37:09.759982+00:00
2026-08-19,c162d60ca8c8caf4195c3abf4566747a,Toronto Tempo @ Washington Mystics,2026-08-19T23:30:00Z,Washington Mystics,Toronto Tempo,Kiki Iriafen,,REB,OVER,7.5,-215,FanDuel,fanduel,player_rebounds_alternate,the-odds-api,2026-08-19T21:37:09.759982+00:00
2026-08-19,c162d60ca8c8caf4195c3abf4566747a,Toronto Tempo @ Washington Mystics,2026-08-19T23:30:00Z,Washington Mystics,Toronto Tempo,Isabelle Harrison,,REB,OVER,7.5,210,FanDuel,fanduel,player_rebounds_alternate,the-odds-api,2026-08-19T21:37:09.759982+00:00
2026-08-19,c162d60ca8c8caf4195c3abf4566747a,Toronto Tempo @ Washington Mystics,2026-08-19T23:30:00Z,Washington Mystics,Toronto Tempo,Lauren Betts,,REB,OVER,7.5,390,FanDuel,fanduel,player_rebounds_alternate,the-odds-api,2026-08-19T21:37:09.759982+00:00
2026-08-19,c162d60ca8c8caf4195c3abf4566747a,Toronto Tempo @ Washington Mystics,2026-08-19T23:30:00Z,Washington Mystics,Toronto Tempo,Laura Juskaite,,REB,OVER,7.5,880,FanDuel,fanduel,player_rebounds_alternate,the-odds-api,2026-08-19T21:37:09.759982+00:00
2026-08-19,c162d60ca8c8caf4195c3abf4566747a,Toronto Tempo @ Washington Mystics,2026-08-19T23:30:00Z,Washington Mystics,Toronto Tempo,Sonia Citron,,REB,OVER,7.5,1200,FanDuel,fanduel,player_rebounds_alternate,the-odds-api,2026-08-19T21:37:09.759982+00:00
2026-08-19,c162d60ca8c8caf4195c3abf4566747a,Toronto Tempo @ Washington Mystics,2026-08-19T23:30:00Z,Washington Mystics,Toronto Tempo,Cotie McMahon,,REB,OVER,7.5,1280,FanDuel,fanduel,player_rebounds_alternate,the-odds-api,2026-08-19T21:37:09.759982+00:00
2026-08-19,c162d60ca8c8caf4195c3abf4566747a,Toronto Tempo @ Washington Mystics,2026-08-19T23:30:00Z,Washington Mystics,Toronto Tempo,Shakira Austin,,REB,OVER,5.5,-2500,FanDuel,fanduel,player_rebounds_alternate,the-odds-api,2026-08-19T21:37:09.759982+00:00
2026-08-19,c162d60ca8c8caf4195c3abf4566747a,Toronto Tempo @ Washington Mystics,2026-08-19T23:30:00Z,Washington Mystics,Toronto Tempo,Kiki Iriafen,,REB,OVER,5.5,-900,FanDuel,fanduel,player_rebounds_alternate,the-odds-api,2026-08-19T21:37:09.759982+00:00
2026-08-19,c162d60ca8c8caf4195c3abf4566747a,Toronto Tempo @ Washington Mystics,2026-08-19T23:30:00Z,Washington Mystics,Toronto Tempo,Aneesah Morrow,,REB,OVER,5.5,-800,FanDuel,fanduel,player_rebounds_alternate,the-odds-api,2026-08-19T21:37:09.759982+00:00
2026-08-19,c162d60ca8c8caf4195c3abf4566747a,Toronto Tempo @ Washington Mystics,2026-08-19T23:30:00Z,Washington Mystics,Toronto Tempo,Isabelle Harrison,,REB,OVER,5.5,-166,FanDuel,fanduel,player_rebounds_alternate,the-odds-api,2026-08-19T21:37:09.759982+00:00
2026-08-19,c162d60ca8c8caf4195c3abf4566747a,Toronto Tempo @ Washington Mystics,2026-08-19T23:30:00Z,Washington Mystics,Toronto Tempo,Lauren Betts,,REB,OVER,5.5,122,FanDuel,fanduel,player_rebounds_alternate,the-odds-api,2026-08-19T21:37:09.759982+00:00
2026-08-19,c162d60ca8c8caf4195c3abf4566747a,Toronto Tempo @ Washington Mystics,2026-08-19T23:30:00Z,Washington Mystics,Toronto Tempo,Laura Juskaite,,REB,OVER,5.5,240,FanDuel,fanduel,player_rebounds_alternate,the-odds-api,2026-08-19T21:37:09.759982+00:00
2026-08-19,c162d60ca8c8caf4195c3abf4566747a,Toronto Tempo @ Washington Mystics,2026-08-19T23:30:00Z,Washington Mystics,Toronto Tempo,Sonia Citron,,REB,OVER,5.5,360,FanDuel,fanduel,player_rebounds_alternate,the-odds-api,2026-08-19T21:37:09.759982+00:00
2026-08-19,c162d60ca8c8caf4195c3abf4566747a,Toronto Tempo @ Washington Mystics,2026-08-19T23:30:00Z,Washington Mystics,Toronto Tempo,Cotie McMahon,,REB,OVER,5.5,430,FanDuel,fanduel,player_rebounds_alternate,the-odds-api,2026-08-19T21:37:09.759982+00:00
2026-08-19,c162d60ca8c8caf4195c3abf4566747a,Toronto Tempo @ Washington Mystics,2026-08-19T23:30:00Z,Washington Mystics,Toronto Tempo,Kiki Rice,,REB,OVER,5.5,520,FanDuel,fanduel,player_rebounds_alternate,the-odds-api,2026-08-19T21:37:09.759982+00:00
2026-08-19,c162d60ca8c8caf4195c3abf4566747a,Toronto Tempo @ Washington Mystics,2026-08-19T23:30:00Z,Washington Mystics,Toronto Tempo,Michaela Onyenwere,,REB,OVER,5.5,880,FanDuel,fanduel,player_rebounds_alternate,the-odds-api,2026-08-19T21:37:09.759982+00:00
2026-08-19,c162d60ca8c8caf4195c3abf4566747a,Toronto Tempo @ Washington Mystics,2026-08-19T23:30:00Z,Washington Mystics,Toronto Tempo,Shakira Austin,,REB,OVER,13.5,430,FanDuel,fanduel,player_rebounds_alternate,the-odds-api,2026-08-19T21:37:09.759982+00:00
2026-08-19,c162d60ca8c8caf4195c3abf4566747a,Toronto Tempo @ Washington Mystics,2026-08-19T23:30:00Z,Washington Mystics,Toronto Tempo,Kiki Iriafen,,REB,OVER,13.5,680,FanDuel,fanduel,player_rebounds_alternate,the-odds-api,2026-08-19T21:37:09.759982+00:00
2026-08-19,c162d60ca8c8caf4195c3abf4566747a,Toronto Tempo @ Washington Mystics,2026-08-19T23:30:00Z,Washington Mystics,Toronto Tempo,Aneesah Morrow,,REB,OVER,13.5,680,FanDuel,fanduel,player_rebounds_alternate,the-odds-api,2026-08-19T21:37:09.759982+00:00
2026-08-19,c162d60ca8c8caf4195c3abf4566747a,Toronto Tempo @ Washington Mystics,2026-08-19T23:30:00Z,Washington Mystics,Toronto Tempo,Shakira Austin,,REB,OVER,11.5,182,FanDuel,fanduel,player_rebounds_alternate,the-odds-api,2026-08-19T21:37:09.759982+00:00
2026-08-19,c162d60ca8c8caf4195c3abf4566747a,Toronto Tempo @ Washington Mystics,2026-08-19T23:30:00Z,Washington Mystics,Toronto Tempo,Aneesah Morrow,,REB,OVER,11.5,280,FanDuel,fanduel,player_rebounds_alternate,the-odds-api,2026-08-19T21:37:09.759982+00:00
2026-08-19,c162d60ca8c8caf4195c3abf4566747a,Toronto Tempo @ Washington Mystics,2026-08-19T23:30:00Z,Washington Mystics,Toronto Tempo,Kiki Iriafen,,REB,OVER,11.5,290,FanDuel,fanduel,player_rebounds_alternate,the-odds-api,2026-08-19T21:37:09.759982+00:00
2026-08-19,c162d60ca8c8caf4195c3abf4566747a,Toronto Tempo @ Washington Mystics,2026-08-19T23:30:00Z,Washington Mystics,Toronto Tempo,Isabelle Harrison,,REB,OVER,11.5,1280,FanDuel,fanduel,player_rebounds_alternate,the-odds-api,2026-08-19T21:37:09.759982+00:00
2026-08-19,c162d60ca8c8caf4195c3abf4566747a,Toronto Tempo @ Washington Mystics,2026-08-19T23:30:00Z,Washington Mystics,Toronto Tempo,Shakira Austin,,REB,OVER,15.5,920,FanDuel,fanduel,player_rebounds_alternate,the-odds-api,2026-08-19T21:37:09.759982+00:00
2026-08-19,c162d60ca8c8caf4195c3abf4566747a,Toronto Tempo @ Washington Mystics,2026-08-19T23:30:00Z,Washington Mystics,Toronto Tempo,Aneesah Morrow,,REB,OVER,15.5,1280,FanDuel,fanduel,player_rebounds_alternate,the-odds-api,2026-08-19T21:37:09.759982+00:00
2026-08-19,c162d60ca8c8caf4195c3abf4566747a,Toronto Tempo @ Washington Mystics,2026-08-19T23:30:00Z,Washington Mystics,Toronto Tempo,Kiki Iriafen,,REB,OVER,15.5,1400,FanDuel,fanduel,player_rebounds_alternate,the-odds-api,2026-08-19T21:37:09.759982+00:00
2026-08-19,c162d60ca8c8caf4195c3abf4566747a,Toronto Tempo @ Washington Mystics,2026-08-19T23:30:00Z,Washington Mystics,Toronto Tempo,Shakira Austin,,REB,OVER,9.5,-158,FanDuel,fanduel,player_rebounds_alternate,the-odds-api,2026-08-19T21:37:09.759982+00:00
2026-08-19,c162d60ca8c8caf4195c3abf4566747a,Toronto Tempo @ Washington Mystics,2026-08-19T23:30:00Z,Washington Mystics,Toronto Tempo,Kiki Iriafen,,REB,OVER,9.5,116,FanDuel,fanduel,player_rebounds_alternate,the-odds-api,2026-08-19T21:37:09.759982+00:00
2026-08-19,c162d60ca8c8caf4195c3abf4566747a,Toronto Tempo @ Washington Mystics,2026-08-19T23:30:00Z,Washington Mystics,Toronto Tempo,Aneesah Morrow,,REB,OVER,9.5,112,FanDuel,fanduel,player_rebounds_alternate,the-odds-api,2026-08-19T21:37:09.759982+00:00
2026-08-19,c162d60ca8c8caf4195c3abf4566747a,Toronto Tempo @ Washington Mystics,2026-08-19T23:30:00Z,Washington Mystics,Toronto Tempo,Isabelle Harrison,,REB,OVER,9.5,550,FanDuel,fanduel,player_rebounds_alternate,the-odds-api,2026-08-19T21:37:09.759982+00:00
2026-08-19,c162d60ca8c8caf4195c3abf4566747a,Toronto Tempo @ Washington Mystics,2026-08-19T23:30:00Z,Washington Mystics,Toronto Tempo,Lauren Betts,,REB,OVER,9.5,880,FanDuel,fanduel,player_rebounds_alternate,the-odds-api,2026-08-19T21:37:09.759982+00:00
2026-08-19,c162d60ca8c8caf4195c3abf4566747a,Toronto Tempo @ Washington Mystics,2026-08-19T23:30:00Z,Washington Mystics,Toronto Tempo,Isabelle Harrison,,REB,OVER,3.5,-800,FanDuel,fanduel,player_rebounds_alternate,the-odds-api,2026-08-19T21:37:09.759982+00:00
2026-08-19,c162d60ca8c8caf4195c3abf4566747a,Toronto Tempo @ Washington Mystics,2026-08-19T23:30:00Z,Washington Mystics,Toronto Tempo,Lauren Betts,,REB,OVER,3.5,-320,FanDuel,fanduel,player_rebounds_alternate,the-odds-api,2026-08-19T21:37:09.759982+00:00
2026-08-19,c162d60ca8c8caf4195c3abf4566747a,Toronto Tempo @ Washington Mystics,2026-08-19T23:30:00Z,Washington Mystics,Toronto Tempo,Laura Juskaite,,REB,OVER,3.5,-188,FanDuel,fanduel,player_rebounds_alternate,the-odds-api,2026-08-19T21:37:09.759982+00:00
2026-08-19,c162d60ca8c8caf4195c3abf4566747a,Toronto Tempo @ Washington Mystics,2026-08-19T23:30:00Z,Washington Mystics,Toronto Tempo,Sonia Citron,,REB,OVER,3.5,-130,FanDuel,fanduel,player_rebounds_alternate,the-odds-api,2026-08-19T21:37:09.759982+00:00
2026-08-19,c162d60ca8c8caf4195c3abf4566747a,Toronto Tempo @ Washington Mystics,2026-08-19T23:30:00Z,Washington Mystics,Toronto Tempo,Cotie McMahon,,REB,OVER,3.5,104,FanDuel,fanduel,player_rebounds_alternate,the-odds-api,2026-08-19T21:37:09.759982+00:00
2026-08-19,c162d60ca8c8caf4195c3abf4566747a,Toronto Tempo @ Washington Mystics,2026-08-19T23:30:00Z,Washington Mystics,Toronto Tempo,Kiki Rice,,REB,OVER,3.5,116,FanDuel,fanduel,player_rebounds_alternate,the-odds-api,2026-08-19T21:37:09.759982+00:00
2026-08-19,c162d60ca8c8caf4195c3abf4566747a,Toronto Tempo @ Washington Mystics,2026-08-19T23:30:00Z,Washington Mystics,Toronto Tempo,Michaela Onyenwere,,REB,OVER,3.5,198,FanDuel,fanduel,player_rebounds_alternate,the-odds-api,2026-08-19T21:37:09.759982+00:00
2026-08-19,c162d60ca8c8caf4195c3abf4566747a,Toronto Tempo @ Washington Mystics,2026-08-19T23:30:00Z,Washington Mystics,Toronto Tempo,Sonia Citron,,3PM,OVER,3.5,750,FanDuel,fanduel,player_threes_alternate,the-odds-api,2026-08-19T21:37:09.759982+00:00
2026-08-19,c162d60ca8c8caf4195c3abf4566747a,Toronto Tempo @ Washington Mystics,2026-08-19T23:30:00Z,Washington Mystics,Toronto Tempo,Michaela Onyenwere,,3PM,OVER,3.5,1000,FanDuel,fanduel,player_threes_alternate,the-odds-api,2026-08-19T21:37:09.759982+00:00
2026-08-19,c162d60ca8c8caf4195c3abf4566747a,Toronto Tempo @ Washington Mystics,2026-08-19T23:30:00Z,Washington Mystics,Toronto Tempo,Laura Juskaite,,3PM,OVER,3.5,1200,FanDuel,fanduel,player_threes_alternate,the-odds-api,2026-08-19T21:37:09.759982+00:00
2026-08-19,c162d60ca8c8caf4195c3abf4566747a,Toronto Tempo @ Washington Mystics,2026-08-19T23:30:00Z,Washington Mystics,Toronto Tempo,Sonia Citron,,3PM,OVER,0.5,-580,FanDuel,fanduel,player_threes_alternate,the-odds-api,2026-08-19T21:37:09.759982+00:00
2026-08-19,c162d60ca8c8caf4195c3abf4566747a,Toronto Tempo @ Washington Mystics,2026-08-19T23:30:00Z,Washington Mystics,Toronto Tempo,Michaela Onyenwere,,3PM,OVER,0.5,-420,FanDuel,fanduel,player_threes_alternate,the-odds-api,2026-08-19T21:37:09.759982+00:00
2026-08-19,c162d60ca8c8caf4195c3abf4566747a,Toronto Tempo @ Washington Mystics,2026-08-19T23:30:00Z,Washington Mystics,Toronto Tempo,Laura Juskaite,,3PM,OVER,0.5,-350,FanDuel,fanduel,player_threes_alternate,the-odds-api,2026-08-19T21:37:09.759982+00:00
2026-08-19,c162d60ca8c8caf4195c3abf4566747a,Toronto Tempo @ Washington Mystics,2026-08-19T23:30:00Z,Washington Mystics,Toronto Tempo,Shakira Austin,,3PM,OVER,0.5,-136,FanDuel,fanduel,player_threes_alternate,the-odds-api,2026-08-19T21:37:09.759982+00:00
2026-08-19,c162d60ca8c8caf4195c3abf4566747a,Toronto Tempo @ Washington Mystics,2026-08-19T23:30:00Z,Washington Mystics,Toronto Tempo,Sonia Citron,,3PM,OVER,2.5,280,FanDuel,fanduel,player_threes_alternate,the-odds-api,2026-08-19T21:37:09.759982+00:00
2026-08-19,c162d60ca8c8caf4195c3abf4566747a,Toronto Tempo @ Washington Mystics,2026-08-19T23:30:00Z,Washington Mystics,Toronto Tempo,Michaela Onyenwere,,3PM,OVER,2.5,390,FanDuel,fanduel,player_threes_alternate,the-odds-api,2026-08-19T21:37:09.759982+00:00
2026-08-19,c162d60ca8c8caf4195c3abf4566747a,Toronto Tempo @ Washington Mystics,2026-08-19T23:30:00Z,Washington Mystics,Toronto Tempo,Laura Juskaite,,3PM,OVER,2.5,450,FanDuel,fanduel,player_threes_alternate,the-odds-api,2026-08-19T21:37:09.759982+00:00
2026-08-19,c162d60ca8c8caf4195c3abf4566747a,Toronto Tempo @ Washington Mystics,2026-08-19T23:30:00Z,Washington Mystics,Toronto Tempo,Sonia Citron,,3PM,OVER,1.5,-114,FanDuel,fanduel,player_threes_alternate,the-odds-api,2026-08-19T21:37:09.759982+00:00
2026-08-19,c162d60ca8c8caf4195c3abf4566747a,Toronto Tempo @ Washington Mystics,2026-08-19T23:30:00Z,Washington Mystics,Toronto Tempo,Michaela Onyenwere,,3PM,OVER,1.5,126,FanDuel,fanduel,player_threes_alternate,the-odds-api,2026-08-19T21:37:09.759982+00:00
2026-08-19,c162d60ca8c8caf4195c3abf4566747a,Toronto Tempo @ Washington Mystics,2026-08-19T23:30:00Z,Washington Mystics,Toronto Tempo,Laura Juskaite,,3PM,OVER,1.5,140,FanDuel,fanduel,player_threes_alternate,the-odds-api,2026-08-19T21:37:09.759982+00:00
2026-08-19,c162d60ca8c8caf4195c3abf4566747a,Toronto Tempo @ Washington Mystics,2026-08-19T23:30:00Z,Washington Mystics,Toronto Tempo,Shakira Austin,,3PM,OVER,1.5,390,FanDuel,fanduel,player_threes_alternate,the-odds-api,2026-08-19T21:37:09.759982+00:00
2026-08-19,c162d60ca8c8caf4195c3abf4566747a,Toronto Tempo @ Washington Mystics,2026-08-19T23:30:00Z,Washington Mystics,Toronto Tempo,Shakira Austin,,AST,OVER,1.5,-400,Fanatics,fanatics,player_assists_alternate,the-odds-api,2026-08-19T21:37:09.759982+00:00
2026-08-19,c162d60ca8c8caf4195c3abf4566747a,Toronto Tempo @ Washington Mystics,2026-08-19T23:30:00Z,Washington Mystics,Toronto Tempo,Shakira Austin,,AST,OVER,2.5,-125,Fanatics,fanatics,player_assists_alternate,the-odds-api,2026-08-19T21:37:09.759982+00:00
2026-08-19,c162d60ca8c8caf4195c3abf4566747a,Toronto Tempo @ Washington Mystics,2026-08-19T23:30:00Z,Washington Mystics,Toronto Tempo,Shakira Austin,,AST,OVER,3.5,170,Fanatics,fanatics,player_assists_alternate,the-odds-api,2026-08-19T21:37:09.759982+00:00
2026-08-19,c162d60ca8c8caf4195c3abf4566747a,Toronto Tempo @ Washington Mystics,2026-08-19T23:30:00Z,Washington Mystics,Toronto Tempo,Shakira Austin,,AST,OVER,4.5,350,Fanatics,fanatics,player_assists_alternate,the-odds-api,2026-08-19T21:37:09.759982+00:00
2026-08-19,c162d60ca8c8caf4195c3abf4566747a,Toronto Tempo @ Washington Mystics,2026-08-19T23:30:00Z,Washington Mystics,Toronto Tempo,Shakira Austin,,AST,OVER,5.5,800,Fanatics,fanatics,player_assists_alternate,the-odds-api,2026-08-19T21:37:09.759982+00:00
2026-08-19,c162d60ca8c8caf4195c3abf4566747a,Toronto Tempo @ Washington Mystics,2026-08-19T23:30:00Z,Washington Mystics,Toronto Tempo,Sonia Citron,,AST,OVER,2.5,-1000,Fanatics,fanatics,player_assists_alternate,the-odds-api,2026-08-19T21:37:09.759982+00:00
2026-08-19,c162d60ca8c8caf4195c3abf4566747a,Toronto Tempo @ Washington Mystics,2026-08-19T23:30:00Z,Washington Mystics,Toronto Tempo,Sonia Citron,,AST,OVER,3.5,-400,Fanatics,fanatics,player_assists_alternate,the-odds-api,2026-08-19T21:37:09.759982+00:00
2026-08-19,c162d60ca8c8caf4195c3abf4566747a,Toronto Tempo @ Washington Mystics,2026-08-19T23:30:00Z,Washington Mystics,Toronto Tempo,Sonia Citron,,AST,OVER,4.5,-175,Fanatics,fanatics,player_assists_alternate,the-odds-api,2026-08-19T21:37:09.759982+00:00
2026-08-19,c162d60ca8c8caf4195c3abf4566747a,Toronto Tempo @ Washington Mystics,2026-08-19T23:30:00Z,Washington Mystics,Toronto Tempo,Sonia Citron,,AST,OVER,5.5,120,Fanatics,fanatics,player_assists_alternate,the-odds-api,2026-08-19T21:37:09.759982+00:00
2026-08-19,c162d60ca8c8caf4195c3abf4566747a,Toronto Tempo @ Washington Mystics,2026-08-19T23:30:00Z,Washington Mystics,Toronto Tempo,Sonia Citron,,AST,OVER,6.5,190,Fanatics,fanatics,player_assists_alternate,the-odds-api,2026-08-19T21:37:09.759982+00:00
2026-08-19,c162d60ca8c8caf4195c3abf4566747a,Toronto Tempo @ Washington Mystics,2026-08-19T23:30:00Z,Washington Mystics,Toronto Tempo,Sonia Citron,,AST,OVER,7.5,340,Fanatics,fanatics,player_assists_alternate,the-odds-api,2026-08-19T21:37:09.759982+00:00
2026-08-19,c162d60ca8c8caf4195c3abf4566747a,Toronto Tempo @ Washington Mystics,2026-08-19T23:30:00Z,Washington Mystics,Toronto Tempo,Sonia Citron,,AST,OVER,8.5,600,Fanatics,fanatics,player_assists_alternate,the-odds-api,2026-08-19T21:37:09.759982+00:00
2026-08-19,c162d60ca8c8caf4195c3abf4566747a,Toronto Tempo @ Washington Mystics,2026-08-19T23:30:00Z,Washington Mystics,Toronto Tempo,Cotie McMahon,,AST,OVER,1.5,-275,Fanatics,fanatics,player_assists_alternate,the-odds-api,2026-08-19T21:37:09.759982+00:00
2026-08-19,c162d60ca8c8caf4195c3abf4566747a,Toronto Tempo @ Washington Mystics,2026-08-19T23:30:00Z,Washington Mystics,Toronto Tempo,Cotie McMahon,,AST,OVER,2.5,115,Fanatics,fanatics,player_assists_alternate,the-odds-api,2026-08-19T21:37:09.759982+00:00
2026-08-19,c162d60ca8c8caf4195c3abf4566747a,Toronto Tempo @ Washington Mystics,2026-08-19T23:30:00Z,Washington Mystics,Toronto Tempo,Cotie McMahon,,AST,OVER,3.5,260,Fanatics,fanatics,player_assists_alternate,the-odds-api,2026-08-19T21:37:09.759982+00:00
2026-08-19,c162d60ca8c8caf4195c3abf4566747a,Toronto Tempo @ Washington Mystics,2026-08-19T23:30:00Z,Washington Mystics,Toronto Tempo,Cotie McMahon,,AST,OVER,4.5,550,Fanatics,fanatics,player_assists_alternate,the-odds-api,2026-08-19T21:37:09.759982+00:00
2026-08-19,c162d60ca8c8caf4195c3abf4566747a,Toronto Tempo @ Washington Mystics,2026-08-19T23:30:00Z,Washington Mystics,Toronto Tempo,Kiki Rice,,AST,OVER,1.5,-1200,Fanatics,fanatics,player_assists_alternate,the-odds-api,2026-08-19T21:37:09.759982+00:00
2026-08-19,c162d60ca8c8caf4195c3abf4566747a,Toronto Tempo @ Washington Mystics,2026-08-19T23:30:00Z,Washington Mystics,Toronto Tempo,Kiki Rice,,AST,OVER,2.5,-375,Fanatics,fanatics,player_assists_alternate,the-odds-api,2026-08-19T21:37:09.759982+00:00
2026-08-19,c162d60ca8c8caf4195c3abf4566747a,Toronto Tempo @ Washington Mystics,2026-08-19T23:30:00Z,Washington Mystics,Toronto Tempo,Kiki Rice,,AST,OVER,3.5,-140,Fanatics,fanatics,player_assists_alternate,the-odds-api,2026-08-19T21:37:09.759982+00:00
2026-08-19,c162d60ca8c8caf4195c3abf4566747a,Toronto Tempo @ Washington Mystics,2026-08-19T23:30:00Z,Washington Mystics,Toronto Tempo,Kiki Rice,,AST,OVER,4.5,140,Fanatics,fanatics,player_assists_alternate,the-odds-api,2026-08-19T21:37:09.759982+00:00
2026-08-19,c162d60ca8c8caf4195c3abf4566747a,Toronto Tempo @ Washington Mystics,2026-08-19T23:30:00Z,Washington Mystics,Toronto Tempo,Kiki Rice,,AST,OVER,5.5,270,Fanatics,fanatics,player_assists_alternate,the-odds-api,2026-08-19T21:37:09.759982+00:00
2026-08-19,c162d60ca8c8caf4195c3abf4566747a,Toronto Tempo @ Washington Mystics,2026-08-19T23:30:00Z,Washington Mystics,Toronto Tempo,Kiki Rice,,AST,OVER,6.5,500,Fanatics,fanatics,player_assists_alternate,the-odds-api,2026-08-19T21:37:09.759982+00:00
2026-08-19,c162d60ca8c8caf4195c3abf4566747a,Toronto Tempo @ Washington Mystics,2026-08-19T23:30:00Z,Washington Mystics,Toronto Tempo,Isabelle Harrison,,AST,OVER,1.5,-275,Fanatics,fanatics,player_assists_alternate,the-odds-api,2026-08-19T21:37:09.759982+00:00
2026-08-19,c162d60ca8c8caf4195c3abf4566747a,Toronto Tempo @ Washington Mystics,2026-08-19T23:30:00Z,Washington Mystics,Toronto Tempo,Isabelle Harrison,,AST,OVER,2.5,120,Fanatics,fanatics,player_assists_alternate,the-odds-api,2026-08-19T21:37:09.759982+00:00
2026-08-19,c162d60ca8c8caf4195c3abf4566747a,Toronto Tempo @ Washington Mystics,2026-08-19T23:30:00Z,Washington Mystics,Toronto Tempo,Isabelle Harrison,,AST,OVER,3.5,270,Fanatics,fanatics,player_assists_alternate,the-odds-api,2026-08-19T21:37:09.759982+00:00
2026-08-19,c162d60ca8c8caf4195c3abf4566747a,Toronto Tempo @ Washington Mystics,2026-08-19T23:30:00Z,Washington Mystics,Toronto Tempo,Isabelle Harrison,,AST,OVER,4.5,600,Fanatics,fanatics,player_assists_alternate,the-odds-api,2026-08-19T21:37:09.759982+00:00
2026-08-19,c162d60ca8c8caf4195c3abf4566747a,Toronto Tempo @ Washington Mystics,2026-08-19T23:30:00Z,Washington Mystics,Toronto Tempo,Shakira Austin,,PTS,OVER,9.5,-2000,Fanatics,fanatics,player_points_alternate,the-odds-api,2026-08-19T21:37:09.759982+00:00
2026-08-19,c162d60ca8c8caf4195c3abf4566747a,Toronto Tempo @ Washington Mystics,2026-08-19T23:30:00Z,Washington Mystics,Toronto Tempo,Shakira Austin,,PTS,OVER,10.5,-1400,Fanatics,fanatics,player_points_alternate,the-odds-api,2026-08-19T21:37:09.759982+00:00
2026-08-19,c162d60ca8c8caf4195c3abf4566747a,Toronto Tempo @ Washington Mystics,2026-08-19T23:30:00Z,Washington Mystics,Toronto Tempo,Shakira Austin,,PTS,OVER,11.5,-1000,Fanatics,fanatics,player_points_alternate,the-odds-api,2026-08-19T21:37:09.759982+00:00
2026-08-19,c162d60ca8c8caf4195c3abf4566747a,Toronto Tempo @ Washington Mystics,2026-08-19T23:30:00Z,Washington Mystics,Toronto Tempo,Shakira Austin,,PTS,OVER,12.5,-700,Fanatics,fanatics,player_points_alternate,the-odds-api,2026-08-19T21:37:09.759982+00:00
2026-08-19,c162d60ca8c8caf4195c3abf4566747a,Toronto Tempo @ Washington Mystics,2026-08-19T23:30:00Z,Washington Mystics,Toronto Tempo,Shakira Austin,,PTS,OVER,13.5,-525,Fanatics,fanatics,player_points_alternate,the-odds-api,2026-08-19T21:37:09.759982+00:00
2026-08-19,c162d60ca8c8caf4195c3abf4566747a,Toronto Tempo @ Washington Mystics,2026-08-19T23:30:00Z,Washington Mystics,Toronto Tempo,Shakira Austin,,PTS,OVER,14.5,-375,Fanatics,fanatics,player_points_alternate,the-odds-api,2026-08-19T21:37:09.759982+00:00
2026-08-19,c162d60ca8c8caf4195c3abf4566747a,Toronto Tempo @ Washington Mystics,2026-08-19T23:30:00Z,Washington Mystics,Toronto Tempo,Shakira Austin,,PTS,OVER,15.5,-300,Fanatics,fanatics,player_points_alternate,the-odds-api,2026-08-19T21:37:09.759982+00:00
2026-08-19,c162d60ca8c8caf4195c3abf4566747a,Toronto Tempo @ Washington Mystics,2026-08-19T23:30:00Z,Washington Mystics,Toronto Tempo,Shakira Austin,,PTS,OVER,16.5,-225,Fanatics,fanatics,player_points_alternate,the-odds-api,2026-08-19T21:37:09.759982+00:00
2026-08-19,c162d60ca8c8caf4195c3abf4566747a,Toronto Tempo @ Washington Mystics,2026-08-19T23:30:00Z,Washington Mystics,Toronto Tempo,Shakira Austin,,PTS,OVER,17.5,-165,Fanatics,fanatics,player_points_alternate,the-odds-api,2026-08-19T21:37:09.759982+00:00
2026-08-19,c162d60ca8c8caf4195c3abf4566747a,Toronto Tempo @ Washington Mystics,2026-08-19T23:30:00Z,Washington Mystics,Toronto Tempo,Shakira Austin,,PTS,OVER,18.5,-125,Fanatics,fanatics,player_points_alternate,the-odds-api,2026-08-19T21:37:09.759982+00:00
2026-08-19,c162d60ca8c8caf4195c3abf4566747a,Toronto Tempo @ Washington Mystics,2026-08-19T23:30:00Z,Washington Mystics,Toronto Tempo,Shakira Austin,,PTS,OVER,19.5,100,Fanatics,fanatics,player_points_alternate,the-odds-api,2026-08-19T21:37:09.759982+00:00
2026-08-19,c162d60ca8c8caf4195c3abf4566747a,Toronto Tempo @ Washington Mystics,2026-08-19T23:30:00Z,Washington Mystics,Toronto Tempo,Shakira Austin,,PTS,OVER,20.5,125,Fanatics,fanatics,player_points_alternate,the-odds-api,2026-08-19T21:37:09.759982+00:00
2026-08-19,c162d60ca8c8caf4195c3abf4566747a,Toronto Tempo @ Washington Mystics,2026-08-19T23:30:00Z,Washington Mystics,Toronto Tempo,Shakira Austin,,PTS,OVER,21.5,140,Fanatics,fanatics,player_points_alternate,the-odds-api,2026-08-19T21:37:09.759982+00:00
2026-08-19,c162d60ca8c8caf4195c3abf4566747a,Toronto Tempo @ Washington Mystics,2026-08-19T23:30:00Z,Washington Mystics,Toronto Tempo,Shakira Austin,,PTS,OVER,22.5,175,Fanatics,fanatics,player_points_alternate,the-odds-api,2026-08-19T21:37:09.759982+00:00
2026-08-19,c162d60ca8c8caf4195c3abf4566747a,Toronto Tempo @ Washington Mystics,2026-08-19T23:30:00Z,Washington Mystics,Toronto Tempo,Shakira Austin,,PTS,OVER,23.5,225,Fanatics,fanatics,player_points_alternate,the-odds-api,2026-08-19T21:37:09.759982+00:00
2026-08-19,c162d60ca8c8caf4195c3abf4566747a,Toronto Tempo @ Washington Mystics,2026-08-19T23:30:00Z,Washington Mystics,Toronto Tempo,Shakira Austin,,PTS,OVER,24.5,270,Fanatics,fanatics,player_points_alternate,the-odds-api,2026-08-19T21:37:09.759982+00:00
2026-08-19,c162d60ca8c8caf4195c3abf4566747a,Toronto Tempo @ Washington Mystics,2026-08-19T23:30:00Z,Washington Mystics,Toronto Tempo,Shakira Austin,,PTS,OVER,25.5,340,Fanatics,fanatics,player_points_alternate,the-odds-api,2026-08-19T21:37:09.759982+00:00
2026-08-19,c162d60ca8c8caf4195c3abf4566747a,Toronto Tempo @ Washington Mystics,2026-08-19T23:30:00Z,Washington Mystics,Toronto Tempo,Shakira Austin,,PTS,OVER,26.5,400,Fanatics,fanatics,player_points_alternate,the-odds-api,2026-08-19T21:37:09.759982+00:00
2026-08-19,c162d60ca8c8caf4195c3abf4566747a,Toronto Tempo @ Washington Mystics,2026-08-19T23:30:00Z,Washington Mystics,Toronto Tempo,Shakira Austin,,PTS,OVER,27.5,475,Fanatics,fanatics,player_points_alternate,the-odds-api,2026-08-19T21:37:09.759982+00:00
2026-08-19,c162d60ca8c8caf4195c3abf4566747a,Toronto Tempo @ Washington Mystics,2026-08-19T23:30:00Z,Washington Mystics,Toronto Tempo,Shakira Austin,,PTS,OVER,28.5,600,Fanatics,fanatics,player_points_alternate,the-odds-api,2026-08-19T21:37:09.759982+00:00
2026-08-19,c162d60ca8c8caf4195c3abf4566747a,Toronto Tempo @ Washington Mystics,2026-08-19T23:30:00Z,Washington Mystics,Toronto Tempo,Shakira Austin,,PTS,OVER,29.5,750,Fanatics,fanatics,player_points_alternate,the-odds-api,2026-08-19T21:37:09.759982+00:00
2026-08-19,c162d60ca8c8caf4195c3abf4566747a,Toronto Tempo @ Washington Mystics,2026-08-19T23:30:00Z,Washington Mystics,Toronto Tempo,Shakira Austin,,PTS,OVER,30.5,900,Fanatics,fanatics,player_points_alternate,the-odds-api,2026-08-19T21:37:09.759982+00:00
2026-08-19,c162d60ca8c8caf4195c3abf4566747a,Toronto Tempo @ Washington Mystics,2026-08-19T23:30:00Z,Washington Mystics,Toronto Tempo,Shakira Austin,,PTS,OVER,31.5,1000,Fanatics,fanatics,player_points_alternate,the-odds-api,2026-08-19T21:37:09.759982+00:00
2026-08-19,c162d60ca8c8caf4195c3abf4566747a,Toronto Tempo @ Washington Mystics,2026-08-19T23:30:00Z,Washington Mystics,Toronto Tempo,Shakira Austin,,PTS,OVER,32.5,1200,Fanatics,fanatics,player_points_alternate,the-odds-api,2026-08-19T21:37:09.759982+00:00
2026-08-19,c162d60ca8c8caf4195c3abf4566747a,Toronto Tempo @ Washington Mystics,2026-08-19T23:30:00Z,Washington Mystics,Toronto Tempo,Shakira Austin,,PTS,OVER,33.5,1500,Fanatics,fanatics,player_points_alternate,the-odds-api,2026-08-19T21:37:09.759982+00:00
2026-08-19,c162d60ca8c8caf4195c3abf4566747a,Toronto Tempo @ Washington Mystics,2026-08-19T23:30:00Z,Washington Mystics,Toronto Tempo,Sonia Citron,,PTS,OVER,8.5,-2200,Fanatics,fanatics,player_points_alternate,the-odds-api,2026-08-19T21:37:09.759982+00:00
2026-08-19,c162d60ca8c8caf4195c3abf4566747a,Toronto Tempo @ Washington Mystics,2026-08-19T23:30:00Z,Washington Mystics,Toronto Tempo,Sonia Citron,,PTS,OVER,9.5,-1500,Fanatics,fanatics,player_points_alternate,the-odds-api,2026-08-19T21:37:09.759982+00:00
2026-08-19,c162d60ca8c8caf4195c3abf4566747a,Toronto Tempo @ Washington Mystics,2026-08-19T23:30:00Z,Washington Mystics,Toronto Tempo,Sonia Citron,,PTS,OVER,10.5,-1100,Fanatics,fanatics,player_points_alternate,the-odds-api,2026-08-19T21:37:09.759982+00:00
2026-08-19,c162d60ca8c8caf4195c3abf4566747a,Toronto Tempo @ Washington Mystics,2026-08-19T23:30:00Z,Washington Mystics,Toronto Tempo,Sonia Citron,,PTS,OVER,11.5,-800,Fanatics,fanatics,player_points_alternate,the-odds-api,2026-08-19T21:37:09.759982+00:00
2026-08-19,c162d60ca8c8caf4195c3abf4566747a,Toronto Tempo @ Washington Mystics,2026-08-19T23:30:00Z,Washington Mystics,Toronto Tempo,Sonia Citron,,PTS,OVER,12.5,-550,Fanatics,fanatics,player_points_alternate,the-odds-api,2026-08-19T21:37:09.759982+00:00
2026-08-19,c162d60ca8c8caf4195c3abf4566747a,Toronto Tempo @ Washington Mystics,2026-08-19T23:30:00Z,Washington Mystics,Toronto Tempo,Sonia Citron,,PTS,OVER,13.5,-400,Fanatics,fanatics,player_points_alternate,the-odds-api,2026-08-19T21:37:09.759982+00:00
2026-08-19,c162d60ca8c8caf4195c3abf4566747a,Toronto Tempo @ Washington Mystics,2026-08-19T23:30:00Z,Washington Mystics,Toronto Tempo,Sonia Citron,,PTS,OVER,14.5,-300,Fanatics,fanatics,player_points_alternate,the-odds-api,2026-08-19T21:37:09.759982+00:00
2026-08-19,c162d60ca8c8caf4195c3abf4566747a,Toronto Tempo @ Washington Mystics,2026-08-19T23:30:00Z,Washington Mystics,Toronto Tempo,Sonia Citron,,PTS,OVER,15.5,-225,Fanatics,fanatics,player_points_alternate,the-odds-api,2026-08-19T21:37:09.759982+00:00
2026-08-19,c162d60ca8c8caf4195c3abf4566747a,Toronto Tempo @ Washington Mystics,2026-08-19T23:30:00Z,Washington Mystics,Toronto Tempo,Sonia Citron,,PTS,OVER,16.5,-165,Fanatics,fanatics,player_points_alternate,the-odds-api,2026-08-19T21:37:09.759982+00:00
2026-08-19,c162d60ca8c8caf4195c3abf4566747a,Toronto Tempo @ Washington Mystics,2026-08-19T23:30:00Z,Washington Mystics,Toronto Tempo,Sonia Citron,,PTS,OVER,17.5,-125,Fanatics,fanatics,player_points_alternate,the-odds-api,2026-08-19T21:37:09.759982+00:00
2026-08-19,c162d60ca8c8caf4195c3abf4566747a,Toronto Tempo @ Washington Mystics,2026-08-19T23:30:00Z,Washington Mystics,Toronto Tempo,Sonia Citron,,PTS,OVER,18.5,100,Fanatics,fanatics,player_points_alternate,the-odds-api,2026-08-19T21:37:09.759982+00:00
2026-08-19,c162d60ca8c8caf4195c3abf4566747a,Toronto Tempo @ Washington Mystics,2026-08-19T23:30:00Z,Washington Mystics,Toronto Tempo,Sonia Citron,,PTS,OVER,19.5,125,Fanatics,fanatics,player_points_alternate,the-odds-api,2026-08-19T21:37:09.759982+00:00
2026-08-19,c162d60ca8c8caf4195c3abf4566747a,Toronto Tempo @ Washington Mystics,2026-08-19T23:30:00Z,Washington Mystics,Toronto Tempo,Sonia Citron,,PTS,OVER,20.5,150,Fanatics,fanatics,player_points_alternate,the-odds-api,2026-08-19T21:37:09.759982+00:00
2026-08-19,c162d60ca8c8caf4195c3abf4566747a,Toronto Tempo @ Washington Mystics,2026-08-19T23:30:00Z,Washington Mystics,Toronto Tempo,Sonia Citron,,PTS,OVER,21.5,185,Fanatics,fanatics,player_points_alternate,the-odds-api,2026-08-19T21:37:09.759982+00:00
2026-08-19,c162d60ca8c8caf4195c3abf4566747a,Toronto Tempo @ Washington Mystics,2026-08-19T23:30:00Z,Washington Mystics,Toronto Tempo,Sonia Citron,,PTS,OVER,22.5,230,Fanatics,fanatics,player_points_alternate,the-odds-api,2026-08-19T21:37:09.759982+00:00
2026-08-19,c162d60ca8c8caf4195c3abf4566747a,Toronto Tempo @ Washington Mystics,2026-08-19T23:30:00Z,Washington Mystics,Toronto Tempo,Sonia Citron,,PTS,OVER,23.5,270,Fanatics,fanatics,player_points_alternate,the-odds-api,2026-08-19T21:37:09.759982+00:00
2026-08-19,c162d60ca8c8caf4195c3abf4566747a,Toronto Tempo @ Washington Mystics,2026-08-19T23:30:00Z,Washington Mystics,Toronto Tempo,Sonia Citron,,PTS,OVER,24.5,320,Fanatics,fanatics,player_points_alternate,the-odds-api,2026-08-19T21:37:09.759982+00:00
2026-08-19,c162d60ca8c8caf4195c3abf4566747a,Toronto Tempo @ Washington Mystics,2026-08-19T23:30:00Z,Washington Mystics,Toronto Tempo,Sonia Citron,,PTS,OVER,25.5,400,Fanatics,fanatics,player_points_alternate,the-odds-api,2026-08-19T21:37:09.759982+00:00
2026-08-19,c162d60ca8c8caf4195c3abf4566747a,Toronto Tempo @ Washington Mystics,2026-08-19T23:30:00Z,Washington Mystics,Toronto Tempo,Sonia Citron,,PTS,OVER,26.5,475,Fanatics,fanatics,player_points_alternate,the-odds-api,2026-08-19T21:37:09.759982+00:00
2026-08-19,c162d60ca8c8caf4195c3abf4566747a,Toronto Tempo @ Washington Mystics,2026-08-19T23:30:00Z,Washington Mystics,Toronto Tempo,Sonia Citron,,PTS,OVER,27.5,600,Fanatics,fanatics,player_points_alternate,the-odds-api,2026-08-19T21:37:09.759982+00:00
2026-08-19,c162d60ca8c8caf4195c3abf4566747a,Toronto Tempo @ Washington Mystics,2026-08-19T23:30:00Z,Washington Mystics,Toronto Tempo,Sonia Citron,,PTS,OVER,28.5,800,Fanatics,fanatics,player_points_alternate,the-odds-api,2026-08-19T21:37:09.759982+00:00
2026-08-19,c162d60ca8c8caf4195c3abf4566747a,Toronto Tempo @ Washington Mystics,2026-08-19T23:30:00Z,Washington Mystics,Toronto Tempo,Sonia Citron,,PTS,OVER,29.5,900,Fanatics,fanatics,player_points_alternate,the-odds-api,2026-08-19T21:37:09.759982+00:00
2026-08-19,c162d60ca8c8caf4195c3abf4566747a,Toronto Tempo @ Washington Mystics,2026-08-19T23:30:00Z,Washington Mystics,Toronto Tempo,Sonia Citron,,PTS,OVER,30.5,1100,Fanatics,fanatics,player_points_alternate,the-odds-api,2026-08-19T21:37:09.759982+00:00
2026-08-19,c162d60ca8c8caf4195c3abf4566747a,Toronto Tempo @ Washington Mystics,2026-08-19T23:30:00Z,Washington Mystics,Toronto Tempo,Sonia Citron,,PTS,OVER,31.5,1200,Fanatics,fanatics,player_points_alternate,the-odds-api,2026-08-19T21:37:09.759982+00:00
2026-08-19,c162d60ca8c8caf4195c3abf4566747a,Toronto Tempo @ Washington Mystics,2026-08-19T23:30:00Z,Washington Mystics,Toronto Tempo,Sonia Citron,,PTS,OVER,32.5,1500,Fanatics,fanatics,player_points_alternate,the-odds-api,2026-08-19T21:37:09.759982+00:00
2026-08-19,c162d60ca8c8caf4195c3abf4566747a,Toronto Tempo @ Washington Mystics,2026-08-19T23:30:00Z,Washington Mystics,Toronto Tempo,Kiki Iriafen,,PTS,OVER,7.5,-1800,Fanatics,fanatics,player_points_alternate,the-odds-api,2026-08-19T21:37:09.759982+00:00
2026-08-19,c162d60ca8c8caf4195c3abf4566747a,Toronto Tempo @ Washington Mystics,2026-08-19T23:30:00Z,Washington Mystics,Toronto Tempo,Kiki Iriafen,,PTS,OVER,8.5,-1200,Fanatics,fanatics,player_points_alternate,the-odds-api,2026-08-19T21:37:09.759982+00:00
2026-08-19,c162d60ca8c8caf4195c3abf4566747a,Toronto Tempo @ Washington Mystics,2026-08-19T23:30:00Z,Washington Mystics,Toronto Tempo,Kiki Iriafen,,PTS,OVER,9.5,-800,Fanatics,fanatics,player_points_alternate,the-odds-api,2026-08-19T21:37:09.759982+00:00
2026-08-19,c162d60ca8c8caf4195c3abf4566747a,Toronto Tempo @ Washington Mystics,2026-08-19T23:30:00Z,Washington Mystics,Toronto Tempo,Kiki Iriafen,,PTS,OVER,10.5,-550,Fanatics,fanatics,player_points_alternate,the-odds-api,2026-08-19T21:37:09.759982+00:00
2026-08-19,c162d60ca8c8caf4195c3abf4566747a,Toronto Tempo @ Washington Mystics,2026-08-19T23:30:00Z,Washington Mystics,Toronto Tempo,Kiki Iriafen,,PTS,OVER,11.5,-400,Fanatics,fanatics,player_points_alternate,the-odds-api,2026-08-19T21:37:09.759982+00:00
2026-08-19,c162d60ca8c8caf4195c3abf4566747a,Toronto Tempo @ Washington Mystics,2026-08-19T23:30:00Z,Washington Mystics,Toronto Tempo,Kiki Iriafen,,PTS,OVER,12.5,-300,Fanatics,fanatics,player_points_alternate,the-odds-api,2026-08-19T21:37:09.759982+00:00
2026-08-19,c162d60ca8c8caf4195c3abf4566747a,Toronto Tempo @ Washington Mystics,2026-08-19T23:30:00Z,Washington Mystics,Toronto Tempo,Kiki Iriafen,,PTS,OVER,13.5,-210,Fanatics,fanatics,player_points_alternate,the-odds-api,2026-08-19T21:37:09.759982+00:00
2026-08-19,c162d60ca8c8caf4195c3abf4566747a,Toronto Tempo @ Washington Mystics,2026-08-19T23:30:00Z,Washington Mystics,Toronto Tempo,Kiki Iriafen,,PTS,OVER,14.5,-145,Fanatics,fanatics,player_points_alternate,the-odds-api,2026-08-19T21:37:09.759982+00:00
2026-08-19,c162d60ca8c8caf4195c3abf4566747a,Toronto Tempo @ Washington Mystics,2026-08-19T23:30:00Z,Washington Mystics,Toronto Tempo,Kiki Iriafen,,PTS,OVER,15.5,-115,Fanatics,fanatics,player_points_alternate,the-odds-api,2026-08-19T21:37:09.759982+00:00
2026-08-19,c162d60ca8c8caf4195c3abf4566747a,Toronto Tempo @ Washington Mystics,2026-08-19T23:30:00Z,Washington Mystics,Toronto Tempo,Kiki Iriafen,,PTS,OVER,16.5,115,Fanatics,fanatics,player_points_alternate,the-odds-api,2026-08-19T21:37:09.759982+00:00
2026-08-19,c162d60ca8c8caf4195c3abf4566747a,Toronto Tempo @ Washington Mystics,2026-08-19T23:30:00Z,Washington Mystics,Toronto Tempo,Kiki Iriafen,,PTS,OVER,17.5,135,Fanatics,fanatics,player_points_alternate,the-odds-api,2026-08-19T21:37:09.759982+00:00
2026-08-19,c162d60ca8c8caf4195c3abf4566747a,Toronto Tempo @ Washington Mystics,2026-08-19T23:30:00Z,Washington Mystics,Toronto Tempo,Kiki Iriafen,,PTS,OVER,18.5,170,Fanatics,fanatics,player_points_alternate,the-odds-api,2026-08-19T21:37:09.759982+00:00
2026-08-19,c162d60ca8c8caf4195c3abf4566747a,Toronto Tempo @ Washington Mystics,2026-08-19T23:30:00Z,Washington Mystics,Toronto Tempo,Kiki Iriafen,,PTS,OVER,19.5,210,Fanatics,fanatics,player_points_alternate,the-odds-api,2026-08-19T21:37:09.759982+00:00
2026-08-19,c162d60ca8c8caf4195c3abf4566747a,Toronto Tempo @ Washington Mystics,2026-08-19T23:30:00Z,Washington Mystics,Toronto Tempo,Kiki Iriafen,,PTS,OVER,20.5,260,Fanatics,fanatics,player_points_alternate,the-odds-api,2026-08-19T21:37:09.759982+00:00
2026-08-19,c162d60ca8c8caf4195c3abf4566747a,Toronto Tempo @ Washington Mystics,2026-08-19T23:30:00Z,Washington Mystics,Toronto Tempo,Kiki Iriafen,,PTS,OVER,21.5,320,Fanatics,fanatics,player_points_alternate,the-odds-api,2026-08-19T21:37:09.759982+00:00
2026-08-19,c162d60ca8c8caf4195c3abf4566747a,Toronto Tempo @ Washington Mystics,2026-08-19T23:30:00Z,Washington Mystics,Toronto Tempo,Kiki Iriafen,,PTS,OVER,22.5,375,Fanatics,fanatics,player_points_alternate,the-odds-api,2026-08-19T21:37:09.759982+00:00
2026-08-19,c162d60ca8c8caf4195c3abf4566747a,Toronto Tempo @ Washington Mystics,2026-08-19T23:30:00Z,Washington Mystics,Toronto Tempo,Kiki Iriafen,,PTS,OVER,23.5,475,Fanatics,fanatics,player_points_alternate,the-odds-api,2026-08-19T21:37:09.759982+00:00
2026-08-19,c162d60ca8c8caf4195c3abf4566747a,Toronto Tempo @ Washington Mystics,2026-08-19T23:30:00Z,Washington Mystics,Toronto Tempo,Kiki Iriafen,,PTS,OVER,24.5,650,Fanatics,fanatics,player_points_alternate,the-odds-api,2026-08-19T21:37:09.759982+00:00
2026-08-19,c162d60ca8c8caf4195c3abf4566747a,Toronto Tempo @ Washington Mystics,2026-08-19T23:30:00Z,Washington Mystics,Toronto Tempo,Kiki Iriafen,,PTS,OVER,25.5,800,Fanatics,fanatics,player_points_alternate,the-odds-api,2026-08-19T21:37:09.759982+00:00
2026-08-19,c162d60ca8c8caf4195c3abf4566747a,Toronto Tempo @ Washington Mystics,2026-08-19T23:30:00Z,Washington Mystics,Toronto Tempo,Kiki Iriafen,,PTS,OVER,26.5,950,Fanatics,fanatics,player_points_alternate,the-odds-api,2026-08-19T21:37:09.759982+00:00
2026-08-19,c162d60ca8c8caf4195c3abf4566747a,Toronto Tempo @ Washington Mystics,2026-08-19T23:30:00Z,Washington Mystics,Toronto Tempo,Kiki Iriafen,,PTS,OVER,27.5,1100,Fanatics,fanatics,player_points_alternate,the-odds-api,2026-08-19T21:37:09.759982+00:00
2026-08-19,c162d60ca8c8caf4195c3abf4566747a,Toronto Tempo @ Washington Mystics,2026-08-19T23:30:00Z,Washington Mystics,Toronto Tempo,Kiki Iriafen,,PTS,OVER,28.5,1400,Fanatics,fanatics,player_points_alternate,the-odds-api,2026-08-19T21:37:09.759982+00:00
2026-08-19,c162d60ca8c8caf4195c3abf4566747a,Toronto Tempo @ Washington Mystics,2026-08-19T23:30:00Z,Washington Mystics,Toronto Tempo,Michaela Onyenwere,,PTS,OVER,4.5,-450,Fanatics,fanatics,player_points_alternate,the-odds-api,2026-08-19T21:37:09.759982+00:00
2026-08-19,c162d60ca8c8caf4195c3abf4566747a,Toronto Tempo @ Washington Mystics,2026-08-19T23:30:00Z,Washington Mystics,Toronto Tempo,Michaela Onyenwere,,PTS,OVER,5.5,-275,Fanatics,fanatics,player_points_alternate,the-odds-api,2026-08-19T21:37:09.759982+00:00
2026-08-19,c162d60ca8c8caf4195c3abf4566747a,Toronto Tempo @ Washington Mystics,2026-08-19T23:30:00Z,Washington Mystics,Toronto Tempo,Michaela Onyenwere,,PTS,OVER,6.5,-190,Fanatics,fanatics,player_points_alternate,the-odds-api,2026-08-19T21:37:09.759982+00:00
2026-08-19,c162d60ca8c8caf4195c3abf4566747a,Toronto Tempo @ Washington Mystics,2026-08-19T23:30:00Z,Washington Mystics,Toronto Tempo,Michaela Onyenwere,,PTS,OVER,7.5,-125,Fanatics,fanatics,player_points_alternate,the-odds-api,2026-08-19T21:37:09.759982+00:00
2026-08-19,c162d60ca8c8caf4195c3abf4566747a,Toronto Tempo @ Washington Mystics,2026-08-19T23:30:00Z,Washington Mystics,Toronto Tempo,Michaela Onyenwere,,PTS,OVER,8.5,115,Fanatics,fanatics,player_points_alternate,the-odds-api,2026-08-19T21:37:09.759982+00:00
2026-08-19,c162d60ca8c8caf4195c3abf4566747a,Toronto Tempo @ Washington Mystics,2026-08-19T23:30:00Z,Washington Mystics,Toronto Tempo,Michaela Onyenwere,,PTS,OVER,9.5,140,Fanatics,fanatics,player_points_alternate,the-odds-api,2026-08-19T21:37:09.759982+00:00
2026-08-19,c162d60ca8c8caf4195c3abf4566747a,Toronto Tempo @ Washington Mystics,2026-08-19T23:30:00Z,Washington Mystics,Toronto Tempo,Michaela Onyenwere,,PTS,OVER,10.5,190,Fanatics,fanatics,player_points_alternate,the-odds-api,2026-08-19T21:37:09.759982+00:00
2026-08-19,c162d60ca8c8caf4195c3abf4566747a,Toronto Tempo @ Washington Mystics,2026-08-19T23:30:00Z,Washington Mystics,Toronto Tempo,Michaela Onyenwere,,PTS,OVER,11.5,260,Fanatics,fanatics,player_points_alternate,the-odds-api,2026-08-19T21:37:09.759982+00:00
2026-08-19,c162d60ca8c8caf4195c3abf4566747a,Toronto Tempo @ Washington Mystics,2026-08-19T23:30:00Z,Washington Mystics,Toronto Tempo,Michaela Onyenwere,,PTS,OVER,12.5,340,Fanatics,fanatics,player_points_alternate,the-odds-api,2026-08-19T21:37:09.759982+00:00
2026-08-19,c162d60ca8c8caf4195c3abf4566747a,Toronto Tempo @ Washington Mystics,2026-08-19T23:30:00Z,Washington Mystics,Toronto Tempo,Michaela Onyenwere,,PTS,OVER,13.5,425,Fanatics,fanatics,player_points_alternate,the-odds-api,2026-08-19T21:37:09.759982+00:00
2026-08-19,c162d60ca8c8caf4195c3abf4566747a,Toronto Tempo @ Washington Mystics,2026-08-19T23:30:00Z,Washington Mystics,Toronto Tempo,Michaela Onyenwere,,PTS,OVER,14.5,600,Fanatics,fanatics,player_points_alternate,the-odds-api,2026-08-19T21:37:09.759982+00:00
2026-08-19,c162d60ca8c8caf4195c3abf4566747a,Toronto Tempo @ Washington Mystics,2026-08-19T23:30:00Z,Washington Mystics,Toronto Tempo,Michaela Onyenwere,,PTS,OVER,15.5,800,Fanatics,fanatics,player_points_alternate,the-odds-api,2026-08-19T21:37:09.759982+00:00
2026-08-19,c162d60ca8c8caf4195c3abf4566747a,Toronto Tempo @ Washington Mystics,2026-08-19T23:30:00Z,Washington Mystics,Toronto Tempo,Michaela Onyenwere,,PTS,OVER,16.5,1000,Fanatics,fanatics,player_points_alternate,the-odds-api,2026-08-19T21:37:09.759982+00:00
2026-08-19,c162d60ca8c8caf4195c3abf4566747a,Toronto Tempo @ Washington Mystics,2026-08-19T23:30:00Z,Washington Mystics,Toronto Tempo,Michaela Onyenwere,,PTS,OVER,17.5,1200,Fanatics,fanatics,player_points_alternate,the-odds-api,2026-08-19T21:37:09.759982+00:00
2026-08-19,c162d60ca8c8caf4195c3abf4566747a,Toronto Tempo @ Washington Mystics,2026-08-19T23:30:00Z,Washington Mystics,Toronto Tempo,Lauren Betts,,PTS,OVER,4.5,-475,Fanatics,fanatics,player_points_alternate,the-odds-api,2026-08-19T21:37:09.759982+00:00
2026-08-19,c162d60ca8c8caf4195c3abf4566747a,Toronto Tempo @ Washington Mystics,2026-08-19T23:30:00Z,Washington Mystics,Toronto Tempo,Lauren Betts,,PTS,OVER,5.5,-325,Fanatics,fanatics,player_points_alternate,the-odds-api,2026-08-19T21:37:09.759982+00:00
2026-08-19,c162d60ca8c8caf4195c3abf4566747a,Toronto Tempo @ Washington Mystics,2026-08-19T23:30:00Z,Washington Mystics,Toronto Tempo,Lauren Betts,,PTS,OVER,6.5,-210,Fanatics,fanatics,player_points_alternate,the-odds-api,2026-08-19T21:37:09.759982+00:00
2026-08-19,c162d60ca8c8caf4195c3abf4566747a,Toronto Tempo @ Washington Mystics,2026-08-19T23:30:00Z,Washington Mystics,Toronto Tempo,Lauren Betts,,PTS,OVER,7.5,-130,Fanatics,fanatics,player_points_alternate,the-odds-api,2026-08-19T21:37:09.759982+00:00
2026-08-19,c162d60ca8c8caf4195c3abf4566747a,Toronto Tempo @ Washington Mystics,2026-08-19T23:30:00Z,Washington Mystics,Toronto Tempo,Lauren Betts,,PTS,OVER,8.5,110,Fanatics,fanatics,player_points_alternate,the-odds-api,2026-08-19T21:37:09.759982+00:00
2026-08-19,c162d60ca8c8caf4195c3abf4566747a,Toronto Tempo @ Washington Mystics,2026-08-19T23:30:00Z,Washington Mystics,Toronto Tempo,Lauren Betts,,PTS,OVER,9.5,135,Fanatics,fanatics,player_points_alternate,the-odds-api,2026-08-19T21:37:09.759982+00:00
2026-08-19,c162d60ca8c8caf4195c3abf4566747a,Toronto Tempo @ Washington Mystics,2026-08-19T23:30:00Z,Washington Mystics,Toronto Tempo,Lauren Betts,,PTS,OVER,10.5,190,Fanatics,fanatics,player_points_alternate,the-odds-api,2026-08-19T21:37:09.759982+00:00
2026-08-19,c162d60ca8c8caf4195c3abf4566747a,Toronto Tempo @ Washington Mystics,2026-08-19T23:30:00Z,Washington Mystics,Toronto Tempo,Lauren Betts,,PTS,OVER,11.5,260,Fanatics,fanatics,player_points_alternate,the-odds-api,2026-08-19T21:37:09.759982+00:00
2026-08-19,c162d60ca8c8caf4195c3abf4566747a,Toronto Tempo @ Washington Mystics,2026-08-19T23:30:00Z,Washington Mystics,Toronto Tempo,Lauren Betts,,PTS,OVER,12.5,340,Fanatics,fanatics,player_points_alternate,the-odds-api,2026-08-19T21:37:09.759982+00:00
2026-08-19,c162d60ca8c8caf4195c3abf4566747a,Toronto Tempo @ Washington Mystics,2026-08-19T23:30:00Z,Washington Mystics,Toronto Tempo,Lauren Betts,,PTS,OVER,13.5,425,Fanatics,fanatics,player_points_alternate,the-odds-api,2026-08-19T21:37:09.759982+00:00
2026-08-19,c162d60ca8c8caf4195c3abf4566747a,Toronto Tempo @ Washington Mystics,2026-08-19T23:30:00Z,Washington Mystics,Toronto Tempo,Lauren Betts,,PTS,OVER,14.5,650,Fanatics,fanatics,player_points_alternate,the-odds-api,2026-08-19T21:37:09.759982+00:00
2026-08-19,c162d60ca8c8caf4195c3abf4566747a,Toronto Tempo @ Washington Mystics,2026-08-19T23:30:00Z,Washington Mystics,Toronto Tempo,Lauren Betts,,PTS,OVER,15.5,850,Fanatics,fanatics,player_points_alternate,the-odds-api,2026-08-19T21:37:09.759982+00:00
2026-08-19,c162d60ca8c8caf4195c3abf4566747a,Toronto Tempo @ Washington Mystics,2026-08-19T23:30:00Z,Washington Mystics,Toronto Tempo,Lauren Betts,,PTS,OVER,16.5,1000,Fanatics,fanatics,player_points_alternate,the-odds-api,2026-08-19T21:37:09.759982+00:00
2026-08-19,c162d60ca8c8caf4195c3abf4566747a,Toronto Tempo @ Washington Mystics,2026-08-19T23:30:00Z,Washington Mystics,Toronto Tempo,Lauren Betts,,PTS,OVER,17.5,1400,Fanatics,fanatics,player_points_alternate,the-odds-api,2026-08-19T21:37:09.759982+00:00
2026-08-19,c162d60ca8c8caf4195c3abf4566747a,Toronto Tempo @ Washington Mystics,2026-08-19T23:30:00Z,Washington Mystics,Toronto Tempo,Isabelle Harrison,,PTS,OVER,5.5,-2000,Fanatics,fanatics,player_points_alternate,the-odds-api,2026-08-19T21:37:09.759982+00:00
2026-08-19,c162d60ca8c8caf4195c3abf4566747a,Toronto Tempo @ Washington Mystics,2026-08-19T23:30:00Z,Washington Mystics,Toronto Tempo,Isabelle Harrison,,PTS,OVER,6.5,-1200,Fanatics,fanatics,player_points_alternate,the-odds-api,2026-08-19T21:37:09.759982+00:00
2026-08-19,c162d60ca8c8caf4195c3abf4566747a,Toronto Tempo @ Washington Mystics,2026-08-19T23:30:00Z,Washington Mystics,Toronto Tempo,Isabelle Harrison,,PTS,OVER,7.5,-800,Fanatics,fanatics,player_points_alternate,the-odds-api,2026-08-19T21:37:09.759982+00:00
2026-08-19,c162d60ca8c8caf4195c3abf4566747a,Toronto Tempo @ Washington Mystics,2026-08-19T23:30:00Z,Washington Mystics,Toronto Tempo,Isabelle Harrison,,PTS,OVER,8.5,-525,Fanatics,fanatics,player_points_alternate,the-odds-api,2026-08-19T21:37:09.759982+00:00
2026-08-19,c162d60ca8c8caf4195c3abf4566747a,Toronto Tempo @ Washington Mystics,2026-08-19T23:30:00Z,Washington Mystics,Toronto Tempo,Isabelle Harrison,,PTS,OVER,9.5,-350,Fanatics,fanatics,player_points_alternate,the-odds-api,2026-08-19T21:37:09.759982+00:00
2026-08-19,c162d60ca8c8caf4195c3abf4566747a,Toronto Tempo @ Washington Mystics,2026-08-19T23:30:00Z,Washington Mystics,Toronto Tempo,Isabelle Harrison,,PTS,OVER,10.5,-240,Fanatics,fanatics,player_points_alternate,the-odds-api,2026-08-19T21:37:09.759982+00:00
2026-08-19,c162d60ca8c8caf4195c3abf4566747a,Toronto Tempo @ Washington Mystics,2026-08-19T23:30:00Z,Washington Mystics,Toronto Tempo,Isabelle Harrison,,PTS,OVER,11.5,-165,Fanatics,fanatics,player_points_alternate,the-odds-api,2026-08-19T21:37:09.759982+00:00
2026-08-19,c162d60ca8c8caf4195c3abf4566747a,Toronto Tempo @ Washington Mystics,2026-08-19T23:30:00Z,Washington Mystics,Toronto Tempo,Isabelle Harrison,,PTS,OVER,12.5,-115,Fanatics,fanatics,player_points_alternate,the-odds-api,2026-08-19T21:37:09.759982+00:00
2026-08-19,c162d60ca8c8caf4195c3abf4566747a,Toronto Tempo @ Washington Mystics,2026-08-19T23:30:00Z,Washington Mystics,Toronto Tempo,Isabelle Harrison,,PTS,OVER,13.5,115,Fanatics,fanatics,player_points_alternate,the-odds-api,2026-08-19T21:37:09.759982+00:00
2026-08-19,c162d60ca8c8caf4195c3abf4566747a,Toronto Tempo @ Washington Mystics,2026-08-19T23:30:00Z,Washington Mystics,Toronto Tempo,Isabelle Harrison,,PTS,OVER,14.5,140,Fanatics,fanatics,player_points_alternate,the-odds-api,2026-08-19T21:37:09.759982+00:00
2026-08-19,c162d60ca8c8caf4195c3abf4566747a,Toronto Tempo @ Washington Mystics,2026-08-19T23:30:00Z,Washington Mystics,Toronto Tempo,Isabelle Harrison,,PTS,OVER,15.5,175,Fanatics,fanatics,player_points_alternate,the-odds-api,2026-08-19T21:37:09.759982+00:00
2026-08-19,c162d60ca8c8caf4195c3abf4566747a,Toronto Tempo @ Washington Mystics,2026-08-19T23:30:00Z,Washington Mystics,Toronto Tempo,Isabelle Harrison,,PTS,OVER,16.5,230,Fanatics,fanatics,player_points_alternate,the-odds-api,2026-08-19T21:37:09.759982+00:00
2026-08-19,c162d60ca8c8caf4195c3abf4566747a,Toronto Tempo @ Washington Mystics,2026-08-19T23:30:00Z,Washington Mystics,Toronto Tempo,Isabelle Harrison,,PTS,OVER,17.5,300,Fanatics,fanatics,player_points_alternate,the-odds-api,2026-08-19T21:37:09.759982+00:00
2026-08-19,c162d60ca8c8caf4195c3abf4566747a,Toronto Tempo @ Washington Mystics,2026-08-19T23:30:00Z,Washington Mystics,Toronto Tempo,Isabelle Harrison,,PTS,OVER,18.5,375,Fanatics,fanatics,player_points_alternate,the-odds-api,2026-08-19T21:37:09.759982+00:00
2026-08-19,c162d60ca8c8caf4195c3abf4566747a,Toronto Tempo @ Washington Mystics,2026-08-19T23:30:00Z,Washington Mystics,Toronto Tempo,Isabelle Harrison,,PTS,OVER,19.5,475,Fanatics,fanatics,player_points_alternate,the-odds-api,2026-08-19T21:37:09.759982+00:00
2026-08-19,c162d60ca8c8caf4195c3abf4566747a,Toronto Tempo @ Washington Mystics,2026-08-19T23:30:00Z,Washington Mystics,Toronto Tempo,Isabelle Harrison,,PTS,OVER,20.5,600,Fanatics,fanatics,player_points_alternate,the-odds-api,2026-08-19T21:37:09.759982+00:00
2026-08-19,c162d60ca8c8caf4195c3abf4566747a,Toronto Tempo @ Washington Mystics,2026-08-19T23:30:00Z,Washington Mystics,Toronto Tempo,Isabelle Harrison,,PTS,OVER,21.5,800,Fanatics,fanatics,player_points_alternate,the-odds-api,2026-08-19T21:37:09.759982+00:00
2026-08-19,c162d60ca8c8caf4195c3abf4566747a,Toronto Tempo @ Washington Mystics,2026-08-19T23:30:00Z,Washington Mystics,Toronto Tempo,Isabelle Harrison,,PTS,OVER,22.5,950,Fanatics,fanatics,player_points_alternate,the-odds-api,2026-08-19T21:37:09.759982+00:00
2026-08-19,c162d60ca8c8caf4195c3abf4566747a,Toronto Tempo @ Washington Mystics,2026-08-19T23:30:00Z,Washington Mystics,Toronto Tempo,Isabelle Harrison,,PTS,OVER,23.5,1200,Fanatics,fanatics,player_points_alternate,the-odds-api,2026-08-19T21:37:09.759982+00:00
2026-08-19,c162d60ca8c8caf4195c3abf4566747a,Toronto Tempo @ Washington Mystics,2026-08-19T23:30:00Z,Washington Mystics,Toronto Tempo,Isabelle Harrison,,PTS,OVER,24.5,1500,Fanatics,fanatics,player_points_alternate,the-odds-api,2026-08-19T21:37:09.759982+00:00
2026-08-19,c162d60ca8c8caf4195c3abf4566747a,Toronto Tempo @ Washington Mystics,2026-08-19T23:30:00Z,Washington Mystics,Toronto Tempo,Cotie McMahon,,PTS,OVER,4.5,-630,Fanatics,fanatics,player_points_alternate,the-odds-api,2026-08-19T21:37:09.759982+00:00
2026-08-19,c162d60ca8c8caf4195c3abf4566747a,Toronto Tempo @ Washington Mystics,2026-08-19T23:30:00Z,Washington Mystics,Toronto Tempo,Cotie McMahon,,PTS,OVER,5.5,-350,Fanatics,fanatics,player_points_alternate,the-odds-api,2026-08-19T21:37:09.759982+00:00
2026-08-19,c162d60ca8c8caf4195c3abf4566747a,Toronto Tempo @ Washington Mystics,2026-08-19T23:30:00Z,Washington Mystics,Toronto Tempo,Cotie McMahon,,PTS,OVER,6.5,-225,Fanatics,fanatics,player_points_alternate,the-odds-api,2026-08-19T21:37:09.759982+00:00
2026-08-19,c162d60ca8c8caf4195c3abf4566747a,Toronto Tempo @ Washington Mystics,2026-08-19T23:30:00Z,Washington Mystics,Toronto Tempo,Cotie McMahon,,PTS,OVER,7.5,-145,Fanatics,fanatics,player_points_alternate,the-odds-api,2026-08-19T21:37:09.759982+00:00
2026-08-19,c162d60ca8c8caf4195c3abf4566747a,Toronto Tempo @ Washington Mystics,2026-08-19T23:30:00Z,Washington Mystics,Toronto Tempo,Cotie McMahon,,PTS,OVER,8.5,100,Fanatics,fanatics,player_points_alternate,the-odds-api,2026-08-19T21:37:09.759982+00:00
2026-08-19,c162d60ca8c8caf4195c3abf4566747a,Toronto Tempo @ Washington Mystics,2026-08-19T23:30:00Z,Washington Mystics,Toronto Tempo,Cotie McMahon,,PTS,OVER,9.5,130,Fanatics,fanatics,player_points_alternate,the-odds-api,2026-08-19T21:37:09.759982+00:00
2026-08-19,c162d60ca8c8caf4195c3abf4566747a,Toronto Tempo @ Washington Mystics,2026-08-19T23:30:00Z,Washington Mystics,Toronto Tempo,Cotie McMahon,,PTS,OVER,10.5,170,Fanatics,fanatics,player_points_alternate,the-odds-api,2026-08-19T21:37:09.759982+00:00
2026-08-19,c162d60ca8c8caf4195c3abf4566747a,Toronto Tempo @ Washington Mystics,2026-08-19T23:30:00Z,Washington Mystics,Toronto Tempo,Cotie McMahon,,PTS,OVER,11.5,230,Fanatics,fanatics,player_points_alternate,the-odds-api,2026-08-19T21:37:09.759982+00:00
2026-08-19,c162d60ca8c8caf4195c3abf4566747a,Toronto Tempo @ Washington Mystics,2026-08-19T23:30:00Z,Washington Mystics,Toronto Tempo,Cotie McMahon,,PTS,OVER,12.5,300,Fanatics,fanatics,player_points_alternate,the-odds-api,2026-08-19T21:37:09.759982+00:00
2026-08-19,c162d60ca8c8caf4195c3abf4566747a,Toronto Tempo @ Washington Mystics,2026-08-19T23:30:00Z,Washington Mystics,Toronto Tempo,Cotie McMahon,,PTS,OVER,13.5,375,Fanatics,fanatics,player_points_alternate,the-odds-api,2026-08-19T21:37:09.759982+00:00
2026-08-19,c162d60ca8c8caf4195c3abf4566747a,Toronto Tempo @ Washington Mystics,2026-08-19T23:30:00Z,Washington Mystics,Toronto Tempo,Cotie McMahon,,PTS,OVER,14.5,500,Fanatics,fanatics,player_points_alternate,the-odds-api,2026-08-19T21:37:09.759982+00:00
2026-08-19,c162d60ca8c8caf4195c3abf4566747a,Toronto Tempo @ Washington Mystics,2026-08-19T23:30:00Z,Washington Mystics,Toronto Tempo,Cotie McMahon,,PTS,OVER,15.5,750,Fanatics,fanatics,player_points_alternate,the-odds-api,2026-08-19T21:37:09.759982+00:00
2026-08-19,c162d60ca8c8caf4195c3abf4566747a,Toronto Tempo @ Washington Mystics,2026-08-19T23:30:00Z,Washington Mystics,Toronto Tempo,Cotie McMahon,,PTS,OVER,16.5,950,Fanatics,fanatics,player_points_alternate,the-odds-api,2026-08-19T21:37:09.759982+00:00
2026-08-19,c162d60ca8c8caf4195c3abf4566747a,Toronto Tempo @ Washington Mystics,2026-08-19T23:30:00Z,Washington Mystics,Toronto Tempo,Cotie McMahon,,PTS,OVER,17.5,1200,Fanatics,fanatics,player_points_alternate,the-odds-api,2026-08-19T21:37:09.759982+00:00
2026-08-19,c162d60ca8c8caf4195c3abf4566747a,Toronto Tempo @ Washington Mystics,2026-08-19T23:30:00Z,Washington Mystics,Toronto Tempo,Cotie McMahon,,PTS,OVER,18.5,1600,Fanatics,fanatics,player_points_alternate,the-odds-api,2026-08-19T21:37:09.759982+00:00
2026-08-19,c162d60ca8c8caf4195c3abf4566747a,Toronto Tempo @ Washington Mystics,2026-08-19T23:30:00Z,Washington Mystics,Toronto Tempo,Aneesah Morrow,,PTS,OVER,5.5,-2000,Fanatics,fanatics,player_points_alternate,the-odds-api,2026-08-19T21:37:09.759982+00:00
2026-08-19,c162d60ca8c8caf4195c3abf4566747a,Toronto Tempo @ Washington Mystics,2026-08-19T23:30:00Z,Washington Mystics,Toronto Tempo,Aneesah Morrow,,PTS,OVER,6.5,-1200,Fanatics,fanatics,player_points_alternate,the-odds-api,2026-08-19T21:37:09.759982+00:00
2026-08-19,c162d60ca8c8caf4195c3abf4566747a,Toronto Tempo @ Washington Mystics,2026-08-19T23:30:00Z,Washington Mystics,Toronto Tempo,Aneesah Morrow,,PTS,OVER,7.5,-800,Fanatics,fanatics,player_points_alternate,the-odds-api,2026-08-19T21:37:09.759982+00:00
2026-08-19,c162d60ca8c8caf4195c3abf4566747a,Toronto Tempo @ Washington Mystics,2026-08-19T23:30:00Z,Washington Mystics,Toronto Tempo,Aneesah Morrow,,PTS,OVER,8.5,-525,Fanatics,fanatics,player_points_alternate,the-odds-api,2026-08-19T21:37:09.759982+00:00
2026-08-19,c162d60ca8c8caf4195c3abf4566747a,Toronto Tempo @ Washington Mystics,2026-08-19T23:30:00Z,Washington Mystics,Toronto Tempo,Aneesah Morrow,,PTS,OVER,9.5,-350,Fanatics,fanatics,player_points_alternate,the-odds-api,2026-08-19T21:37:09.759982+00:00
2026-08-19,c162d60ca8c8caf4195c3abf4566747a,Toronto Tempo @ Washington Mystics,2026-08-19T23:30:00Z,Washington Mystics,Toronto Tempo,Aneesah Morrow,,PTS,OVER,10.5,-240,Fanatics,fanatics,player_points_alternate,the-odds-api,2026-08-19T21:37:09.759982+00:00
2026-08-19,c162d60ca8c8caf4195c3abf4566747a,Toronto Tempo @ Washington Mystics,2026-08-19T23:30:00Z,Washington Mystics,Toronto Tempo,Aneesah Morrow,,PTS,OVER,11.5,-175,Fanatics,fanatics,player_points_alternate,the-odds-api,2026-08-19T21:37:09.759982+00:00
2026-08-19,c162d60ca8c8caf4195c3abf4566747a,Toronto Tempo @ Washington Mystics,2026-08-19T23:30:00Z,Washington Mystics,Toronto Tempo,Aneesah Morrow,,PTS,OVER,12.5,-125,Fanatics,fanatics,player_points_alternate,the-odds-api,2026-08-19T21:37:09.759982+00:00
2026-08-19,c162d60ca8c8caf4195c3abf4566747a,Toronto Tempo @ Washington Mystics,2026-08-19T23:30:00Z,Washington Mystics,Toronto Tempo,Aneesah Morrow,,PTS,OVER,13.5,105,Fanatics,fanatics,player_points_alternate,the-odds-api,2026-08-19T21:37:09.759982+00:00
2026-08-19,c162d60ca8c8caf4195c3abf4566747a,Toronto Tempo @ Washington Mystics,2026-08-19T23:30:00Z,Washington Mystics,Toronto Tempo,Aneesah Morrow,,PTS,OVER,14.5,130,Fanatics,fanatics,player_points_alternate,the-odds-api,2026-08-19T21:37:09.759982+00:00
2026-08-19,c162d60ca8c8caf4195c3abf4566747a,Toronto Tempo @ Washington Mystics,2026-08-19T23:30:00Z,Washington Mystics,Toronto Tempo,Aneesah Morrow,,PTS,OVER,15.5,170,Fanatics,fanatics,player_points_alternate,the-odds-api,2026-08-19T21:37:09.759982+00:00
2026-08-19,c162d60ca8c8caf4195c3abf4566747a,Toronto Tempo @ Washington Mystics,2026-08-19T23:30:00Z,Washington Mystics,Toronto Tempo,Aneesah Morrow,,PTS,OVER,16.5,225,Fanatics,fanatics,player_points_alternate,the-odds-api,2026-08-19T21:37:09.759982+00:00
2026-08-19,c162d60ca8c8caf4195c3abf4566747a,Toronto Tempo @ Washington Mystics,2026-08-19T23:30:00Z,Washington Mystics,Toronto Tempo,Aneesah Morrow,,PTS,OVER,17.5,270,Fanatics,fanatics,player_points_alternate,the-odds-api,2026-08-19T21:37:09.759982+00:00
2026-08-19,c162d60ca8c8caf4195c3abf4566747a,Toronto Tempo @ Washington Mystics,2026-08-19T23:30:00Z,Washington Mystics,Toronto Tempo,Aneesah Morrow,,PTS,OVER,18.5,350,Fanatics,fanatics,player_points_alternate,the-odds-api,2026-08-19T21:37:09.759982+00:00
2026-08-19,c162d60ca8c8caf4195c3abf4566747a,Toronto Tempo @ Washington Mystics,2026-08-19T23:30:00Z,Washington Mystics,Toronto Tempo,Aneesah Morrow,,PTS,OVER,19.5,425,Fanatics,fanatics,player_points_alternate,the-odds-api,2026-08-19T21:37:09.759982+00:00
2026-08-19,c162d60ca8c8caf4195c3abf4566747a,Toronto Tempo @ Washington Mystics,2026-08-19T23:30:00Z,Washington Mystics,Toronto Tempo,Aneesah Morrow,,PTS,OVER,20.5,550,Fanatics,fanatics,player_points_alternate,the-odds-api,2026-08-19T21:37:09.759982+00:00
2026-08-19,c162d60ca8c8caf4195c3abf4566747a,Toronto Tempo @ Washington Mystics,2026-08-19T23:30:00Z,Washington Mystics,Toronto Tempo,Aneesah Morrow,,PTS,OVER,21.5,700,Fanatics,fanatics,player_points_alternate,the-odds-api,2026-08-19T21:37:09.759982+00:00
2026-08-19,c162d60ca8c8caf4195c3abf4566747a,Toronto Tempo @ Washington Mystics,2026-08-19T23:30:00Z,Washington Mystics,Toronto Tempo,Aneesah Morrow,,PTS,OVER,22.5,900,Fanatics,fanatics,player_points_alternate,the-odds-api,2026-08-19T21:37:09.759982+00:00
2026-08-19,c162d60ca8c8caf4195c3abf4566747a,Toronto Tempo @ Washington Mystics,2026-08-19T23:30:00Z,Washington Mystics,Toronto Tempo,Aneesah Morrow,,PTS,OVER,23.5,1000,Fanatics,fanatics,player_points_alternate,the-odds-api,2026-08-19T21:37:09.759982+00:00
2026-08-19,c162d60ca8c8caf4195c3abf4566747a,Toronto Tempo @ Washington Mystics,2026-08-19T23:30:00Z,Washington Mystics,Toronto Tempo,Aneesah Morrow,,PTS,OVER,24.5,1400,Fanatics,fanatics,player_points_alternate,the-odds-api,2026-08-19T21:37:09.759982+00:00
2026-08-19,c162d60ca8c8caf4195c3abf4566747a,Toronto Tempo @ Washington Mystics,2026-08-19T23:30:00Z,Washington Mystics,Toronto Tempo,Laura Juskaite,,PTS,OVER,4.5,-1300,Fanatics,fanatics,player_points_alternate,the-odds-api,2026-08-19T21:37:09.759982+00:00
2026-08-19,c162d60ca8c8caf4195c3abf4566747a,Toronto Tempo @ Washington Mystics,2026-08-19T23:30:00Z,Washington Mystics,Toronto Tempo,Laura Juskaite,,PTS,OVER,5.5,-800,Fanatics,fanatics,player_points_alternate,the-odds-api,2026-08-19T21:37:09.759982+00:00
2026-08-19,c162d60ca8c8caf4195c3abf4566747a,Toronto Tempo @ Washington Mystics,2026-08-19T23:30:00Z,Washington Mystics,Toronto Tempo,Laura Juskaite,,PTS,OVER,6.5,-525,Fanatics,fanatics,player_points_alternate,the-odds-api,2026-08-19T21:37:09.759982+00:00
2026-08-19,c162d60ca8c8caf4195c3abf4566747a,Toronto Tempo @ Washington Mystics,2026-08-19T23:30:00Z,Washington Mystics,Toronto Tempo,Laura Juskaite,,PTS,OVER,7.5,-350,Fanatics,fanatics,player_points_alternate,the-odds-api,2026-08-19T21:37:09.759982+00:00
2026-08-19,c162d60ca8c8caf4195c3abf4566747a,Toronto Tempo @ Washington Mystics,2026-08-19T23:30:00Z,Washington Mystics,Toronto Tempo,Laura Juskaite,,PTS,OVER,8.5,-240,Fanatics,fanatics,player_points_alternate,the-odds-api,2026-08-19T21:37:09.759982+00:00
2026-08-19,c162d60ca8c8caf4195c3abf4566747a,Toronto Tempo @ Washington Mystics,2026-08-19T23:30:00Z,Washington Mystics,Toronto Tempo,Laura Juskaite,,PTS,OVER,9.5,-165,Fanatics,fanatics,player_points_alternate,the-odds-api,2026-08-19T21:37:09.759982+00:00
2026-08-19,c162d60ca8c8caf4195c3abf4566747a,Toronto Tempo @ Washington Mystics,2026-08-19T23:30:00Z,Washington Mystics,Toronto Tempo,Laura Juskaite,,PTS,OVER,10.5,-115,Fanatics,fanatics,player_points_alternate,the-odds-api,2026-08-19T21:37:09.759982+00:00
2026-08-19,c162d60ca8c8caf4195c3abf4566747a,Toronto Tempo @ Washington Mystics,2026-08-19T23:30:00Z,Washington Mystics,Toronto Tempo,Laura Juskaite,,PTS,OVER,11.5,120,Fanatics,fanatics,player_points_alternate,the-odds-api,2026-08-19T21:37:09.759982+00:00
2026-08-19,c162d60ca8c8caf4195c3abf4566747a,Toronto Tempo @ Washington Mystics,2026-08-19T23:30:00Z,Washington Mystics,Toronto Tempo,Laura Juskaite,,PTS,OVER,12.5,150,Fanatics,fanatics,player_points_alternate,the-odds-api,2026-08-19T21:37:09.759982+00:00
2026-08-19,c162d60ca8c8caf4195c3abf4566747a,Toronto Tempo @ Washington Mystics,2026-08-19T23:30:00Z,Washington Mystics,Toronto Tempo,Laura Juskaite,,PTS,OVER,13.5,190,Fanatics,fanatics,player_points_alternate,the-odds-api,2026-08-19T21:37:09.759982+00:00
2026-08-19,c162d60ca8c8caf4195c3abf4566747a,Toronto Tempo @ Washington Mystics,2026-08-19T23:30:00Z,Washington Mystics,Toronto Tempo,Laura Juskaite,,PTS,OVER,14.5,240,Fanatics,fanatics,player_points_alternate,the-odds-api,2026-08-19T21:37:09.759982+00:00
2026-08-19,c162d60ca8c8caf4195c3abf4566747a,Toronto Tempo @ Washington Mystics,2026-08-19T23:30:00Z,Washington Mystics,Toronto Tempo,Laura Juskaite,,PTS,OVER,15.5,320,Fanatics,fanatics,player_points_alternate,the-odds-api,2026-08-19T21:37:09.759982+00:00
2026-08-19,c162d60ca8c8caf4195c3abf4566747a,Toronto Tempo @ Washington Mystics,2026-08-19T23:30:00Z,Washington Mystics,Toronto Tempo,Laura Juskaite,,PTS,OVER,16.5,400,Fanatics,fanatics,player_points_alternate,the-odds-api,2026-08-19T21:37:09.759982+00:00
2026-08-19,c162d60ca8c8caf4195c3abf4566747a,Toronto Tempo @ Washington Mystics,2026-08-19T23:30:00Z,Washington Mystics,Toronto Tempo,Laura Juskaite,,PTS,OVER,17.5,550,Fanatics,fanatics,player_points_alternate,the-odds-api,2026-08-19T21:37:09.759982+00:00
2026-08-19,c162d60ca8c8caf4195c3abf4566747a,Toronto Tempo @ Washington Mystics,2026-08-19T23:30:00Z,Washington Mystics,Toronto Tempo,Laura Juskaite,,PTS,OVER,18.5,750,Fanatics,fanatics,player_points_alternate,the-odds-api,2026-08-19T21:37:09.759982+00:00
2026-08-19,c162d60ca8c8caf4195c3abf4566747a,Toronto Tempo @ Washington Mystics,2026-08-19T23:30:00Z,Washington Mystics,Toronto Tempo,Laura Juskaite,,PTS,OVER,19.5,900,Fanatics,fanatics,player_points_alternate,the-odds-api,2026-08-19T21:37:09.759982+00:00
2026-08-19,c162d60ca8c8caf4195c3abf4566747a,Toronto Tempo @ Washington Mystics,2026-08-19T23:30:00Z,Washington Mystics,Toronto Tempo,Laura Juskaite,,PTS,OVER,20.5,1100,Fanatics,fanatics,player_points_alternate,the-odds-api,2026-08-19T21:37:09.759982+00:00
2026-08-19,c162d60ca8c8caf4195c3abf4566747a,Toronto Tempo @ Washington Mystics,2026-08-19T23:30:00Z,Washington Mystics,Toronto Tempo,Laura Juskaite,,PTS,OVER,21.5,1400,Fanatics,fanatics,player_points_alternate,the-odds-api,2026-08-19T21:37:09.759982+00:00
2026-08-19,c162d60ca8c8caf4195c3abf4566747a,Toronto Tempo @ Washington Mystics,2026-08-19T23:30:00Z,Washington Mystics,Toronto Tempo,Kiki Rice,,PTS,OVER,5.5,-1500,Fanatics,fanatics,player_points_alternate,the-odds-api,2026-08-19T21:37:09.759982+00:00
2026-08-19,c162d60ca8c8caf4195c3abf4566747a,Toronto Tempo @ Washington Mystics,2026-08-19T23:30:00Z,Washington Mystics,Toronto Tempo,Kiki Rice,,PTS,OVER,6.5,-1000,Fanatics,fanatics,player_points_alternate,the-odds-api,2026-08-19T21:37:09.759982+00:00
2026-08-19,c162d60ca8c8caf4195c3abf4566747a,Toronto Tempo @ Washington Mystics,2026-08-19T23:30:00Z,Washington Mystics,Toronto Tempo,Kiki Rice,,PTS,OVER,7.5,-650,Fanatics,fanatics,player_points_alternate,the-odds-api,2026-08-19T21:37:09.759982+00:00
2026-08-19,c162d60ca8c8caf4195c3abf4566747a,Toronto Tempo @ Washington Mystics,2026-08-19T23:30:00Z,Washington Mystics,Toronto Tempo,Kiki Rice,,PTS,OVER,8.5,-425,Fanatics,fanatics,player_points_alternate,the-odds-api,2026-08-19T21:37:09.759982+00:00
2026-08-19,c162d60ca8c8caf4195c3abf4566747a,Toronto Tempo @ Washington Mystics,2026-08-19T23:30:00Z,Washington Mystics,Toronto Tempo,Kiki Rice,,PTS,OVER,9.5,-300,Fanatics,fanatics,player_points_alternate,the-odds-api,2026-08-19T21:37:09.759982+00:00
2026-08-19,c162d60ca8c8caf4195c3abf4566747a,Toronto Tempo @ Washington Mystics,2026-08-19T23:30:00Z,Washington Mystics,Toronto Tempo,Kiki Rice,,PTS,OVER,10.5,-210,Fanatics,fanatics,player_points_alternate,the-odds-api,2026-08-19T21:37:09.759982+00:00
2026-08-19,c162d60ca8c8caf4195c3abf4566747a,Toronto Tempo @ Washington Mystics,2026-08-19T23:30:00Z,Washington Mystics,Toronto Tempo,Kiki Rice,,PTS,OVER,11.5,-150,Fanatics,fanatics,player_points_alternate,the-odds-api,2026-08-19T21:37:09.759982+00:00
2026-08-19,c162d60ca8c8caf4195c3abf4566747a,Toronto Tempo @ Washington Mystics,2026-08-19T23:30:00Z,Washington Mystics,Toronto Tempo,Kiki Rice,,PTS,OVER,12.5,-110,Fanatics,fanatics,player_points_alternate,the-odds-api,2026-08-19T21:37:09.759982+00:00
2026-08-19,c162d60ca8c8caf4195c3abf4566747a,Toronto Tempo @ Washington Mystics,2026-08-19T23:30:00Z,Washington Mystics,Toronto Tempo,Kiki Rice,,PTS,OVER,13.5,120,Fanatics,fanatics,player_points_alternate,the-odds-api,2026-08-19T21:37:09.759982+00:00
2026-08-19,c162d60ca8c8caf4195c3abf4566747a,Toronto Tempo @ Washington Mystics,2026-08-19T23:30:00Z,Washington Mystics,Toronto Tempo,Kiki Rice,,PTS,OVER,14.5,150,Fanatics,fanatics,player_points_alternate,the-odds-api,2026-08-19T21:37:09.759982+00:00
2026-08-19,c162d60ca8c8caf4195c3abf4566747a,Toronto Tempo @ Washington Mystics,2026-08-19T23:30:00Z,Washington Mystics,Toronto Tempo,Kiki Rice,,PTS,OVER,15.5,190,Fanatics,fanatics,player_points_alternate,the-odds-api,2026-08-19T21:37:09.759982+00:00
2026-08-19,c162d60ca8c8caf4195c3abf4566747a,Toronto Tempo @ Washington Mystics,2026-08-19T23:30:00Z,Washington Mystics,Toronto Tempo,Kiki Rice,,PTS,OVER,16.5,240,Fanatics,fanatics,player_points_alternate,the-odds-api,2026-08-19T21:37:09.759982+00:00
2026-08-19,c162d60ca8c8caf4195c3abf4566747a,Toronto Tempo @ Washington Mystics,2026-08-19T23:30:00Z,Washington Mystics,Toronto Tempo,Kiki Rice,,PTS,OVER,17.5,300,Fanatics,fanatics,player_points_alternate,the-odds-api,2026-08-19T21:37:09.759982+00:00
2026-08-19,c162d60ca8c8caf4195c3abf4566747a,Toronto Tempo @ Washington Mystics,2026-08-19T23:30:00Z,Washington Mystics,Toronto Tempo,Kiki Rice,,PTS,OVER,18.5,375,Fanatics,fanatics,player_points_alternate,the-odds-api,2026-08-19T21:37:09.759982+00:00
2026-08-19,c162d60ca8c8caf4195c3abf4566747a,Toronto Tempo @ Washington Mystics,2026-08-19T23:30:00Z,Washington Mystics,Toronto Tempo,Kiki Rice,,PTS,OVER,19.5,475,Fanatics,fanatics,player_points_alternate,the-odds-api,2026-08-19T21:37:09.759982+00:00
2026-08-19,c162d60ca8c8caf4195c3abf4566747a,Toronto Tempo @ Washington Mystics,2026-08-19T23:30:00Z,Washington Mystics,Toronto Tempo,Kiki Rice,,PTS,OVER,20.5,650,Fanatics,fanatics,player_points_alternate,the-odds-api,2026-08-19T21:37:09.759982+00:00
2026-08-19,c162d60ca8c8caf4195c3abf4566747a,Toronto Tempo @ Washington Mystics,2026-08-19T23:30:00Z,Washington Mystics,Toronto Tempo,Kiki Rice,,PTS,OVER,21.5,800,Fanatics,fanatics,player_points_alternate,the-odds-api,2026-08-19T21:37:09.759982+00:00
2026-08-19,c162d60ca8c8caf4195c3abf4566747a,Toronto Tempo @ Washington Mystics,2026-08-19T23:30:00Z,Washington Mystics,Toronto Tempo,Kiki Rice,,PTS,OVER,22.5,950,Fanatics,fanatics,player_points_alternate,the-odds-api,2026-08-19T21:37:09.759982+00:00
2026-08-19,c162d60ca8c8caf4195c3abf4566747a,Toronto Tempo @ Washington Mystics,2026-08-19T23:30:00Z,Washington Mystics,Toronto Tempo,Kiki Rice,,PTS,OVER,23.5,1100,Fanatics,fanatics,player_points_alternate,the-odds-api,2026-08-19T21:37:09.759982+00:00
2026-08-19,c162d60ca8c8caf4195c3abf4566747a,Toronto Tempo @ Washington Mystics,2026-08-19T23:30:00Z,Washington Mystics,Toronto Tempo,Kiki Rice,,PTS,OVER,24.5,1500,Fanatics,fanatics,player_points_alternate,the-odds-api,2026-08-19T21:37:09.759982+00:00
2026-08-19,c162d60ca8c8caf4195c3abf4566747a,Toronto Tempo @ Washington Mystics,2026-08-19T23:30:00Z,Washington Mystics,Toronto Tempo,Shakira Austin,,REB,OVER,5.5,-1500,Fanatics,fanatics,player_rebounds_alternate,the-odds-api,2026-08-19T21:37:09.759982+00:00
2026-08-19,c162d60ca8c8caf4195c3abf4566747a,Toronto Tempo @ Washington Mystics,2026-08-19T23:30:00Z,Washington Mystics,Toronto Tempo,Shakira Austin,,REB,OVER,6.5,-800,Fanatics,fanatics,player_rebounds_alternate,the-odds-api,2026-08-19T21:37:09.759982+00:00
2026-08-19,c162d60ca8c8caf4195c3abf4566747a,Toronto Tempo @ Washington Mystics,2026-08-19T23:30:00Z,Washington Mystics,Toronto Tempo,Shakira Austin,,REB,OVER,7.5,-450,Fanatics,fanatics,player_rebounds_alternate,the-odds-api,2026-08-19T21:37:09.759982+00:00
2026-08-19,c162d60ca8c8caf4195c3abf4566747a,Toronto Tempo @ Washington Mystics,2026-08-19T23:30:00Z,Washington Mystics,Toronto Tempo,Shakira Austin,,REB,OVER,8.5,-275,Fanatics,fanatics,player_rebounds_alternate,the-odds-api,2026-08-19T21:37:09.759982+00:00
2026-08-19,c162d60ca8c8caf4195c3abf4566747a,Toronto Tempo @ Washington Mystics,2026-08-19T23:30:00Z,Washington Mystics,Toronto Tempo,Shakira Austin,,REB,OVER,9.5,-150,Fanatics,fanatics,player_rebounds_alternate,the-odds-api,2026-08-19T21:37:09.759982+00:00
2026-08-19,c162d60ca8c8caf4195c3abf4566747a,Toronto Tempo @ Washington Mystics,2026-08-19T23:30:00Z,Washington Mystics,Toronto Tempo,Shakira Austin,,REB,OVER,10.5,110,Fanatics,fanatics,player_rebounds_alternate,the-odds-api,2026-08-19T21:37:09.759982+00:00
2026-08-19,c162d60ca8c8caf4195c3abf4566747a,Toronto Tempo @ Washington Mystics,2026-08-19T23:30:00Z,Washington Mystics,Toronto Tempo,Shakira Austin,,REB,OVER,11.5,150,Fanatics,fanatics,player_rebounds_alternate,the-odds-api,2026-08-19T21:37:09.759982+00:00
2026-08-19,c162d60ca8c8caf4195c3abf4566747a,Toronto Tempo @ Washington Mystics,2026-08-19T23:30:00Z,Washington Mystics,Toronto Tempo,Shakira Austin,,REB,OVER,12.5,230,Fanatics,fanatics,player_rebounds_alternate,the-odds-api,2026-08-19T21:37:09.759982+00:00
2026-08-19,c162d60ca8c8caf4195c3abf4566747a,Toronto Tempo @ Washington Mystics,2026-08-19T23:30:00Z,Washington Mystics,Toronto Tempo,Shakira Austin,,REB,OVER,13.5,340,Fanatics,fanatics,player_rebounds_alternate,the-odds-api,2026-08-19T21:37:09.759982+00:00
2026-08-19,c162d60ca8c8caf4195c3abf4566747a,Toronto Tempo @ Washington Mystics,2026-08-19T23:30:00Z,Washington Mystics,Toronto Tempo,Shakira Austin,,REB,OVER,14.5,475,Fanatics,fanatics,player_rebounds_alternate,the-odds-api,2026-08-19T21:37:09.759982+00:00
2026-08-19,c162d60ca8c8caf4195c3abf4566747a,Toronto Tempo @ Washington Mystics,2026-08-19T23:30:00Z,Washington Mystics,Toronto Tempo,Shakira Austin,,REB,OVER,15.5,750,Fanatics,fanatics,player_rebounds_alternate,the-odds-api,2026-08-19T21:37:09.759982+00:00
2026-08-19,c162d60ca8c8caf4195c3abf4566747a,Toronto Tempo @ Washington Mystics,2026-08-19T23:30:00Z,Washington Mystics,Toronto Tempo,Sonia Citron,,REB,OVER,1.5,-900,Fanatics,fanatics,player_rebounds_alternate,the-odds-api,2026-08-19T21:37:09.759982+00:00
2026-08-19,c162d60ca8c8caf4195c3abf4566747a,Toronto Tempo @ Washington Mystics,2026-08-19T23:30:00Z,Washington Mystics,Toronto Tempo,Sonia Citron,,REB,OVER,2.5,-300,Fanatics,fanatics,player_rebounds_alternate,the-odds-api,2026-08-19T21:37:09.759982+00:00
2026-08-19,c162d60ca8c8caf4195c3abf4566747a,Toronto Tempo @ Washington Mystics,2026-08-19T23:30:00Z,Washington Mystics,Toronto Tempo,Sonia Citron,,REB,OVER,3.5,-115,Fanatics,fanatics,player_rebounds_alternate,the-odds-api,2026-08-19T21:37:09.759982+00:00
2026-08-19,c162d60ca8c8caf4195c3abf4566747a,Toronto Tempo @ Washington Mystics,2026-08-19T23:30:00Z,Washington Mystics,Toronto Tempo,Sonia Citron,,REB,OVER,4.5,170,Fanatics,fanatics,player_rebounds_alternate,the-odds-api,2026-08-19T21:37:09.759982+00:00
2026-08-19,c162d60ca8c8caf4195c3abf4566747a,Toronto Tempo @ Washington Mystics,2026-08-19T23:30:00Z,Washington Mystics,Toronto Tempo,Sonia Citron,,REB,OVER,5.5,320,Fanatics,fanatics,player_rebounds_alternate,the-odds-api,2026-08-19T21:37:09.759982+00:00
2026-08-19,c162d60ca8c8caf4195c3abf4566747a,Toronto Tempo @ Washington Mystics,2026-08-19T23:30:00Z,Washington Mystics,Toronto Tempo,Sonia Citron,,REB,OVER,6.5,600,Fanatics,fanatics,player_rebounds_alternate,the-odds-api,2026-08-19T21:37:09.759982+00:00
2026-08-19,c162d60ca8c8caf4195c3abf4566747a,Toronto Tempo @ Washington Mystics,2026-08-19T23:30:00Z,Washington Mystics,Toronto Tempo,Kiki Iriafen,,REB,OVER,4.5,-1800,Fanatics,fanatics,player_rebounds_alternate,the-odds-api,2026-08-19T21:37:09.759982+00:00
2026-08-19,c162d60ca8c8caf4195c3abf4566747a,Toronto Tempo @ Washington Mystics,2026-08-19T23:30:00Z,Washington Mystics,Toronto Tempo,Kiki Iriafen,,REB,OVER,5.5,-900,Fanatics,fanatics,player_rebounds_alternate,the-odds-api,2026-08-19T21:37:09.759982+00:00
2026-08-19,c162d60ca8c8caf4195c3abf4566747a,Toronto Tempo @ Washington Mystics,2026-08-19T23:30:00Z,Washington Mystics,Toronto Tempo,Kiki Iriafen,,REB,OVER,6.5,-450,Fanatics,fanatics,player_rebounds_alternate,the-odds-api,2026-08-19T21:37:09.759982+00:00
2026-08-19,c162d60ca8c8caf4195c3abf4566747a,Toronto Tempo @ Washington Mystics,2026-08-19T23:30:00Z,Washington Mystics,Toronto Tempo,Kiki Iriafen,,REB,OVER,7.5,-275,Fanatics,fanatics,player_rebounds_alternate,the-odds-api,2026-08-19T21:37:09.759982+00:00
2026-08-19,c162d60ca8c8caf4195c3abf4566747a,Toronto Tempo @ Washington Mystics,2026-08-19T23:30:00Z,Washington Mystics,Toronto Tempo,Kiki Iriafen,,REB,OVER,8.5,-145,Fanatics,fanatics,player_rebounds_alternate,the-odds-api,2026-08-19T21:37:09.759982+00:00
2026-08-19,c162d60ca8c8caf4195c3abf4566747a,Toronto Tempo @ Washington Mystics,2026-08-19T23:30:00Z,Washington Mystics,Toronto Tempo,Kiki Iriafen,,REB,OVER,9.5,115,Fanatics,fanatics,player_rebounds_alternate,the-odds-api,2026-08-19T21:37:09.759982+00:00
2026-08-19,c162d60ca8c8caf4195c3abf4566747a,Toronto Tempo @ Washington Mystics,2026-08-19T23:30:00Z,Washington Mystics,Toronto Tempo,Kiki Iriafen,,REB,OVER,10.5,170,Fanatics,fanatics,player_rebounds_alternate,the-odds-api,2026-08-19T21:37:09.759982+00:00
2026-08-19,c162d60ca8c8caf4195c3abf4566747a,Toronto Tempo @ Washington Mystics,2026-08-19T23:30:00Z,Washington Mystics,Toronto Tempo,Kiki Iriafen,,REB,OVER,11.5,260,Fanatics,fanatics,player_rebounds_alternate,the-odds-api,2026-08-19T21:37:09.759982+00:00
2026-08-19,c162d60ca8c8caf4195c3abf4566747a,Toronto Tempo @ Washington Mystics,2026-08-19T23:30:00Z,Washington Mystics,Toronto Tempo,Kiki Iriafen,,REB,OVER,12.5,375,Fanatics,fanatics,player_rebounds_alternate,the-odds-api,2026-08-19T21:37:09.759982+00:00
2026-08-19,c162d60ca8c8caf4195c3abf4566747a,Toronto Tempo @ Washington Mystics,2026-08-19T23:30:00Z,Washington Mystics,Toronto Tempo,Kiki Iriafen,,REB,OVER,13.5,600,Fanatics,fanatics,player_rebounds_alternate,the-odds-api,2026-08-19T21:37:09.759982+00:00
2026-08-19,c162d60ca8c8caf4195c3abf4566747a,Toronto Tempo @ Washington Mystics,2026-08-19T23:30:00Z,Washington Mystics,Toronto Tempo,Kiki Iriafen,,REB,OVER,14.5,900,Fanatics,fanatics,player_rebounds_alternate,the-odds-api,2026-08-19T21:37:09.759982+00:00
2026-08-19,c162d60ca8c8caf4195c3abf4566747a,Toronto Tempo @ Washington Mystics,2026-08-19T23:30:00Z,Washington Mystics,Toronto Tempo,Michaela Onyenwere,,REB,OVER,1.5,-375,Fanatics,fanatics,player_rebounds_alternate,the-odds-api,2026-08-19T21:37:09.759982+00:00
2026-08-19,c162d60ca8c8caf4195c3abf4566747a,Toronto Tempo @ Washington Mystics,2026-08-19T23:30:00Z,Washington Mystics,Toronto Tempo,Michaela Onyenwere,,REB,OVER,2.5,-115,Fanatics,fanatics,player_rebounds_alternate,the-odds-api,2026-08-19T21:37:09.759982+00:00
2026-08-19,c162d60ca8c8caf4195c3abf4566747a,Toronto Tempo @ Washington Mystics,2026-08-19T23:30:00Z,Washington Mystics,Toronto Tempo,Michaela Onyenwere,,REB,OVER,3.5,185,Fanatics,fanatics,player_rebounds_alternate,the-odds-api,2026-08-19T21:37:09.759982+00:00
2026-08-19,c162d60ca8c8caf4195c3abf4566747a,Toronto Tempo @ Washington Mystics,2026-08-19T23:30:00Z,Washington Mystics,Toronto Tempo,Michaela Onyenwere,,REB,OVER,4.5,375,Fanatics,fanatics,player_rebounds_alternate,the-odds-api,2026-08-19T21:37:09.759982+00:00
2026-08-19,c162d60ca8c8caf4195c3abf4566747a,Toronto Tempo @ Washington Mystics,2026-08-19T23:30:00Z,Washington Mystics,Toronto Tempo,Michaela Onyenwere,,REB,OVER,5.5,800,Fanatics,fanatics,player_rebounds_alternate,the-odds-api,2026-08-19T21:37:09.759982+00:00
2026-08-19,c162d60ca8c8caf4195c3abf4566747a,Toronto Tempo @ Washington Mystics,2026-08-19T23:30:00Z,Washington Mystics,Toronto Tempo,Lauren Betts,,REB,OVER,2.5,-900,Fanatics,fanatics,player_rebounds_alternate,the-odds-api,2026-08-19T21:37:09.759982+00:00
2026-08-19,c162d60ca8c8caf4195c3abf4566747a,Toronto Tempo @ Washington Mystics,2026-08-19T23:30:00Z,Washington Mystics,Toronto Tempo,Lauren Betts,,REB,OVER,3.5,-350,Fanatics,fanatics,player_rebounds_alternate,the-odds-api,2026-08-19T21:37:09.759982+00:00
2026-08-19,c162d60ca8c8caf4195c3abf4566747a,Toronto Tempo @ Washington Mystics,2026-08-19T23:30:00Z,Washington Mystics,Toronto Tempo,Lauren Betts,,REB,OVER,4.5,-150,Fanatics,fanatics,player_rebounds_alternate,the-odds-api,2026-08-19T21:37:09.759982+00:00
2026-08-19,c162d60ca8c8caf4195c3abf4566747a,Toronto Tempo @ Washington Mystics,2026-08-19T23:30:00Z,Washington Mystics,Toronto Tempo,Lauren Betts,,REB,OVER,5.5,120,Fanatics,fanatics,player_rebounds_alternate,the-odds-api,2026-08-19T21:37:09.759982+00:00
2026-08-19,c162d60ca8c8caf4195c3abf4566747a,Toronto Tempo @ Washington Mystics,2026-08-19T23:30:00Z,Washington Mystics,Toronto Tempo,Lauren Betts,,REB,OVER,6.5,210,Fanatics,fanatics,player_rebounds_alternate,the-odds-api,2026-08-19T21:37:09.759982+00:00
2026-08-19,c162d60ca8c8caf4195c3abf4566747a,Toronto Tempo @ Washington Mystics,2026-08-19T23:30:00Z,Washington Mystics,Toronto Tempo,Lauren Betts,,REB,OVER,7.5,350,Fanatics,fanatics,player_rebounds_alternate,the-odds-api,2026-08-19T21:37:09.759982+00:00
2026-08-19,c162d60ca8c8caf4195c3abf4566747a,Toronto Tempo @ Washington Mystics,2026-08-19T23:30:00Z,Washington Mystics,Toronto Tempo,Lauren Betts,,REB,OVER,8.5,650,Fanatics,fanatics,player_rebounds_alternate,the-odds-api,2026-08-19T21:37:09.759982+00:00
2026-08-19,c162d60ca8c8caf4195c3abf4566747a,Toronto Tempo @ Washington Mystics,2026-08-19T23:30:00Z,Washington Mystics,Toronto Tempo,Isabelle Harrison,,REB,OVER,2.5,-2000,Fanatics,fanatics,player_rebounds_alternate,the-odds-api,2026-08-19T21:37:09.759982+00:00
2026-08-19,c162d60ca8c8caf4195c3abf4566747a,Toronto Tempo @ Washington Mystics,2026-08-19T23:30:00Z,Washington Mystics,Toronto Tempo,Isabelle Harrison,,REB,OVER,3.5,-800,Fanatics,fanatics,player_rebounds_alternate,the-odds-api,2026-08-19T21:37:09.759982+00:00
2026-08-19,c162d60ca8c8caf4195c3abf4566747a,Toronto Tempo @ Washington Mystics,2026-08-19T23:30:00Z,Washington Mystics,Toronto Tempo,Isabelle Harrison,,REB,OVER,4.5,-350,Fanatics,fanatics,player_rebounds_alternate,the-odds-api,2026-08-19T21:37:09.759982+00:00
2026-08-19,c162d60ca8c8caf4195c3abf4566747a,Toronto Tempo @ Washington Mystics,2026-08-19T23:30:00Z,Washington Mystics,Toronto Tempo,Isabelle Harrison,,REB,OVER,5.5,-165,Fanatics,fanatics,player_rebounds_alternate,the-odds-api,2026-08-19T21:37:09.759982+00:00
2026-08-19,c162d60ca8c8caf4195c3abf4566747a,Toronto Tempo @ Washington Mystics,2026-08-19T23:30:00Z,Washington Mystics,Toronto Tempo,Isabelle Harrison,,REB,OVER,6.5,115,Fanatics,fanatics,player_rebounds_alternate,the-odds-api,2026-08-19T21:37:09.759982+00:00
2026-08-19,c162d60ca8c8caf4195c3abf4566747a,Toronto Tempo @ Washington Mystics,2026-08-19T23:30:00Z,Washington Mystics,Toronto Tempo,Isabelle Harrison,,REB,OVER,7.5,175,Fanatics,fanatics,player_rebounds_alternate,the-odds-api,2026-08-19T21:37:09.759982+00:00
2026-08-19,c162d60ca8c8caf4195c3abf4566747a,Toronto Tempo @ Washington Mystics,2026-08-19T23:30:00Z,Washington Mystics,Toronto Tempo,Isabelle Harrison,,REB,OVER,8.5,300,Fanatics,fanatics,player_rebounds_alternate,the-odds-api,2026-08-19T21:37:09.759982+00:00
2026-08-19,c162d60ca8c8caf4195c3abf4566747a,Toronto Tempo @ Washington Mystics,2026-08-19T23:30:00Z,Washington Mystics,Toronto Tempo,Isabelle Harrison,,REB,OVER,9.5,475,Fanatics,fanatics,player_rebounds_alternate,the-odds-api,2026-08-19T21:37:09.759982+00:00
2026-08-19,c162d60ca8c8caf4195c3abf4566747a,Toronto Tempo @ Washington Mystics,2026-08-19T23:30:00Z,Washington Mystics,Toronto Tempo,Isabelle Harrison,,REB,OVER,10.5,800,Fanatics,fanatics,player_rebounds_alternate,the-odds-api,2026-08-19T21:37:09.759982+00:00
2026-08-19,c162d60ca8c8caf4195c3abf4566747a,Toronto Tempo @ Washington Mystics,2026-08-19T23:30:00Z,Washington Mystics,Toronto Tempo,Cotie McMahon,,REB,OVER,1.5,-700,Fanatics,fanatics,player_rebounds_alternate,the-odds-api,2026-08-19T21:37:09.759982+00:00
2026-08-19,c162d60ca8c8caf4195c3abf4566747a,Toronto Tempo @ Washington Mystics,2026-08-19T23:30:00Z,Washington Mystics,Toronto Tempo,Cotie McMahon,,REB,OVER,2.5,-240,Fanatics,fanatics,player_rebounds_alternate,the-odds-api,2026-08-19T21:37:09.759982+00:00
2026-08-19,c162d60ca8c8caf4195c3abf4566747a,Toronto Tempo @ Washington Mystics,2026-08-19T23:30:00Z,Washington Mystics,Toronto Tempo,Cotie McMahon,,REB,OVER,3.5,110,Fanatics,fanatics,player_rebounds_alternate,the-odds-api,2026-08-19T21:37:09.759982+00:00
2026-08-19,c162d60ca8c8caf4195c3abf4566747a,Toronto Tempo @ Washington Mystics,2026-08-19T23:30:00Z,Washington Mystics,Toronto Tempo,Cotie McMahon,,REB,OVER,4.5,210,Fanatics,fanatics,player_rebounds_alternate,the-odds-api,2026-08-19T21:37:09.759982+00:00
2026-08-19,c162d60ca8c8caf4195c3abf4566747a,Toronto Tempo @ Washington Mystics,2026-08-19T23:30:00Z,Washington Mystics,Toronto Tempo,Cotie McMahon,,REB,OVER,5.5,400,Fanatics,fanatics,player_rebounds_alternate,the-odds-api,2026-08-19T21:37:09.759982+00:00
2026-08-19,c162d60ca8c8caf4195c3abf4566747a,Toronto Tempo @ Washington Mystics,2026-08-19T23:30:00Z,Washington Mystics,Toronto Tempo,Cotie McMahon,,REB,OVER,6.5,800,Fanatics,fanatics,player_rebounds_alternate,the-odds-api,2026-08-19T21:37:09.759982+00:00
2026-08-19,c162d60ca8c8caf4195c3abf4566747a,Toronto Tempo @ Washington Mystics,2026-08-19T23:30:00Z,Washington Mystics,Toronto Tempo,Aneesah Morrow,,REB,OVER,4.5,-1400,Fanatics,fanatics,player_rebounds_alternate,the-odds-api,2026-08-19T21:37:09.759982+00:00
2026-08-19,c162d60ca8c8caf4195c3abf4566747a,Toronto Tempo @ Washington Mystics,2026-08-19T23:30:00Z,Washington Mystics,Toronto Tempo,Aneesah Morrow,,REB,OVER,5.5,-700,Fanatics,fanatics,player_rebounds_alternate,the-odds-api,2026-08-19T21:37:09.759982+00:00
2026-08-19,c162d60ca8c8caf4195c3abf4566747a,Toronto Tempo @ Washington Mystics,2026-08-19T23:30:00Z,Washington Mystics,Toronto Tempo,Aneesah Morrow,,REB,OVER,6.5,-350,Fanatics,fanatics,player_rebounds_alternate,the-odds-api,2026-08-19T21:37:09.759982+00:00
2026-08-19,c162d60ca8c8caf4195c3abf4566747a,Toronto Tempo @ Washington Mystics,2026-08-19T23:30:00Z,Washington Mystics,Toronto Tempo,Aneesah Morrow,,REB,OVER,7.5,-210,Fanatics,fanatics,player_rebounds_alternate,the-odds-api,2026-08-19T21:37:09.759982+00:00
2026-08-19,c162d60ca8c8caf4195c3abf4566747a,Toronto Tempo @ Washington Mystics,2026-08-19T23:30:00Z,Washington Mystics,Toronto Tempo,Aneesah Morrow,,REB,OVER,8.5,-115,Fanatics,fanatics,player_rebounds_alternate,the-odds-api,2026-08-19T21:37:09.759982+00:00
2026-08-19,c162d60ca8c8caf4195c3abf4566747a,Toronto Tempo @ Washington Mystics,2026-08-19T23:30:00Z,Washington Mystics,Toronto Tempo,Aneesah Morrow,,REB,OVER,9.5,130,Fanatics,fanatics,player_rebounds_alternate,the-odds-api,2026-08-19T21:37:09.759982+00:00
2026-08-19,c162d60ca8c8caf4195c3abf4566747a,Toronto Tempo @ Washington Mystics,2026-08-19T23:30:00Z,Washington Mystics,Toronto Tempo,Aneesah Morrow,,REB,OVER,10.5,190,Fanatics,fanatics,player_rebounds_alternate,the-odds-api,2026-08-19T21:37:09.759982+00:00
2026-08-19,c162d60ca8c8caf4195c3abf4566747a,Toronto Tempo @ Washington Mystics,2026-08-19T23:30:00Z,Washington Mystics,Toronto Tempo,Aneesah Morrow,,REB,OVER,11.5,320,Fanatics,fanatics,player_rebounds_alternate,the-odds-api,2026-08-19T21:37:09.759982+00:00
2026-08-19,c162d60ca8c8caf4195c3abf4566747a,Toronto Tempo @ Washington Mystics,2026-08-19T23:30:00Z,Washington Mystics,Toronto Tempo,Aneesah Morrow,,REB,OVER,12.5,475,Fanatics,fanatics,player_rebounds_alternate,the-odds-api,2026-08-19T21:37:09.759982+00:00
2026-08-19,c162d60ca8c8caf4195c3abf4566747a,Toronto Tempo @ Washington Mystics,2026-08-19T23:30:00Z,Washington Mystics,Toronto Tempo,Aneesah Morrow,,REB,OVER,13.5,750,Fanatics,fanatics,player_rebounds_alternate,the-odds-api,2026-08-19T21:37:09.759982+00:00
2026-08-19,c162d60ca8c8caf4195c3abf4566747a,Toronto Tempo @ Washington Mystics,2026-08-19T23:30:00Z,Washington Mystics,Toronto Tempo,Kiki Rice,,REB,OVER,1.5,-700,Fanatics,fanatics,player_rebounds_alternate,the-odds-api,2026-08-19T21:37:09.759982+00:00
2026-08-19,c162d60ca8c8caf4195c3abf4566747a,Toronto Tempo @ Washington Mystics,2026-08-19T23:30:00Z,Washington Mystics,Toronto Tempo,Kiki Rice,,REB,OVER,2.5,-225,Fanatics,fanatics,player_rebounds_alternate,the-odds-api,2026-08-19T21:37:09.759982+00:00
2026-08-19,c162d60ca8c8caf4195c3abf4566747a,Toronto Tempo @ Washington Mystics,2026-08-19T23:30:00Z,Washington Mystics,Toronto Tempo,Kiki Rice,,REB,OVER,3.5,110,Fanatics,fanatics,player_rebounds_alternate,the-odds-api,2026-08-19T21:37:09.759982+00:00
2026-08-19,c162d60ca8c8caf4195c3abf4566747a,Toronto Tempo @ Washington Mystics,2026-08-19T23:30:00Z,Washington Mystics,Toronto Tempo,Kiki Rice,,REB,OVER,4.5,225,Fanatics,fanatics,player_rebounds_alternate,the-odds-api,2026-08-19T21:37:09.759982+00:00
2026-08-19,c162d60ca8c8caf4195c3abf4566747a,Toronto Tempo @ Washington Mystics,2026-08-19T23:30:00Z,Washington Mystics,Toronto Tempo,Kiki Rice,,REB,OVER,5.5,400,Fanatics,fanatics,player_rebounds_alternate,the-odds-api,2026-08-19T21:37:09.759982+00:00
2026-08-19,c162d60ca8c8caf4195c3abf4566747a,Toronto Tempo @ Washington Mystics,2026-08-19T23:30:00Z,Washington Mystics,Toronto Tempo,Kiki Rice,,REB,OVER,6.5,850,Fanatics,fanatics,player_rebounds_alternate,the-odds-api,2026-08-19T21:37:09.759982+00:00
2026-08-19,c162d60ca8c8caf4195c3abf4566747a,Toronto Tempo @ Washington Mystics,2026-08-19T23:30:00Z,Washington Mystics,Toronto Tempo,Laura Juskaite,,REB,OVER,1.5,-1400,Fanatics,fanatics,player_rebounds_alternate,the-odds-api,2026-08-19T21:37:09.759982+00:00
2026-08-19,c162d60ca8c8caf4195c3abf4566747a,Toronto Tempo @ Washington Mystics,2026-08-19T23:30:00Z,Washington Mystics,Toronto Tempo,Laura Juskaite,,REB,OVER,2.5,-425,Fanatics,fanatics,player_rebounds_alternate,the-odds-api,2026-08-19T21:37:09.759982+00:00
2026-08-19,c162d60ca8c8caf4195c3abf4566747a,Toronto Tempo @ Washington Mystics,2026-08-19T23:30:00Z,Washington Mystics,Toronto Tempo,Laura Juskaite,,REB,OVER,3.5,-175,Fanatics,fanatics,player_rebounds_alternate,the-odds-api,2026-08-19T21:37:09.759982+00:00
2026-08-19,c162d60ca8c8caf4195c3abf4566747a,Toronto Tempo @ Washington Mystics,2026-08-19T23:30:00Z,Washington Mystics,Toronto Tempo,Laura Juskaite,,REB,OVER,4.5,125,Fanatics,fanatics,player_rebounds_alternate,the-odds-api,2026-08-19T21:37:09.759982+00:00
2026-08-19,c162d60ca8c8caf4195c3abf4566747a,Toronto Tempo @ Washington Mystics,2026-08-19T23:30:00Z,Washington Mystics,Toronto Tempo,Laura Juskaite,,REB,OVER,5.5,230,Fanatics,fanatics,player_rebounds_alternate,the-odds-api,2026-08-19T21:37:09.759982+00:00
2026-08-19,c162d60ca8c8caf4195c3abf4566747a,Toronto Tempo @ Washington Mystics,2026-08-19T23:30:00Z,Washington Mystics,Toronto Tempo,Laura Juskaite,,REB,OVER,6.5,400,Fanatics,fanatics,player_rebounds_alternate,the-odds-api,2026-08-19T21:37:09.759982+00:00
2026-08-19,c162d60ca8c8caf4195c3abf4566747a,Toronto Tempo @ Washington Mystics,2026-08-19T23:30:00Z,Washington Mystics,Toronto Tempo,Laura Juskaite,,REB,OVER,7.5,750,Fanatics,fanatics,player_rebounds_alternate,the-odds-api,2026-08-19T21:37:09.759982+00:00
2026-08-19,c162d60ca8c8caf4195c3abf4566747a,Toronto Tempo @ Washington Mystics,2026-08-19T23:30:00Z,Washington Mystics,Toronto Tempo,Sonia Citron,,3PM,OVER,0.5,-525,Fanatics,fanatics,player_threes_alternate,the-odds-api,2026-08-19T21:37:09.759982+00:00
2026-08-19,c162d60ca8c8caf4195c3abf4566747a,Toronto Tempo @ Washington Mystics,2026-08-19T23:30:00Z,Washington Mystics,Toronto Tempo,Sonia Citron,,3PM,OVER,1.5,-105,Fanatics,fanatics,player_threes_alternate,the-odds-api,2026-08-19T21:37:09.759982+00:00
2026-08-19,c162d60ca8c8caf4195c3abf4566747a,Toronto Tempo @ Washington Mystics,2026-08-19T23:30:00Z,Washington Mystics,Toronto Tempo,Sonia Citron,,3PM,OVER,2.5,260,Fanatics,fanatics,player_threes_alternate,the-odds-api,2026-08-19T21:37:09.759982+00:00
2026-08-19,c162d60ca8c8caf4195c3abf4566747a,Toronto Tempo @ Washington Mystics,2026-08-19T23:30:00Z,Washington Mystics,Toronto Tempo,Sonia Citron,,3PM,OVER,3.5,650,Fanatics,fanatics,player_threes_alternate,the-odds-api,2026-08-19T21:37:09.759982+00:00
2026-08-19,c162d60ca8c8caf4195c3abf4566747a,Toronto Tempo @ Washington Mystics,2026-08-19T23:30:00Z,Washington Mystics,Toronto Tempo,Sonia Citron,,3PM,OVER,4.5,1400,Fanatics,fanatics,player_threes_alternate,the-odds-api,2026-08-19T21:37:09.759982+00:00
2026-08-19,c162d60ca8c8caf4195c3abf4566747a,Toronto Tempo @ Washington Mystics,2026-08-19T23:30:00Z,Washington Mystics,Toronto Tempo,Michaela Onyenwere,,3PM,OVER,0.5,-350,Fanatics,fanatics,player_threes_alternate,the-odds-api,2026-08-19T21:37:09.759982+00:00
2026-08-19,c162d60ca8c8caf4195c3abf4566747a,Toronto Tempo @ Washington Mystics,2026-08-19T23:30:00Z,Washington Mystics,Toronto Tempo,Michaela Onyenwere,,3PM,OVER,1.5,130,Fanatics,fanatics,player_threes_alternate,the-odds-api,2026-08-19T21:37:09.759982+00:00
2026-08-19,c162d60ca8c8caf4195c3abf4566747a,Toronto Tempo @ Washington Mystics,2026-08-19T23:30:00Z,Washington Mystics,Toronto Tempo,Michaela Onyenwere,,3PM,OVER,2.5,350,Fanatics,fanatics,player_threes_alternate,the-odds-api,2026-08-19T21:37:09.759982+00:00
2026-08-19,c162d60ca8c8caf4195c3abf4566747a,Toronto Tempo @ Washington Mystics,2026-08-19T23:30:00Z,Washington Mystics,Toronto Tempo,Michaela Onyenwere,,3PM,OVER,3.5,950,Fanatics,fanatics,player_threes_alternate,the-odds-api,2026-08-19T21:37:09.759982+00:00
2026-08-19,c162d60ca8c8caf4195c3abf4566747a,Toronto Tempo @ Washington Mystics,2026-08-19T23:30:00Z,Washington Mystics,Toronto Tempo,Laura Juskaite,,3PM,OVER,0.5,-325,Fanatics,fanatics,player_threes_alternate,the-odds-api,2026-08-19T21:37:09.759982+00:00
2026-08-19,c162d60ca8c8caf4195c3abf4566747a,Toronto Tempo @ Washington Mystics,2026-08-19T23:30:00Z,Washington Mystics,Toronto Tempo,Laura Juskaite,,3PM,OVER,1.5,135,Fanatics,fanatics,player_threes_alternate,the-odds-api,2026-08-19T21:37:09.759982+00:00
2026-08-19,c162d60ca8c8caf4195c3abf4566747a,Toronto Tempo @ Washington Mystics,2026-08-19T23:30:00Z,Washington Mystics,Toronto Tempo,Laura Juskaite,,3PM,OVER,2.5,375,Fanatics,fanatics,player_threes_alternate,the-odds-api,2026-08-19T21:37:09.759982+00:00
2026-08-19,c162d60ca8c8caf4195c3abf4566747a,Toronto Tempo @ Washington Mystics,2026-08-19T23:30:00Z,Washington Mystics,Toronto Tempo,Laura Juskaite,,3PM,OVER,3.5,1000,Fanatics,fanatics,player_threes_alternate,the-odds-api,2026-08-19T21:37:09.759982+00:00
2026-08-19,c162d60ca8c8caf4195c3abf4566747a,Toronto Tempo @ Washington Mystics,2026-08-19T23:30:00Z,Washington Mystics,Toronto Tempo,Sonia Citron,,AST,OVER,2.5,-870,DraftKings,draftkings,player_assists_alternate,the-odds-api,2026-08-19T21:37:09.759982+00:00
2026-08-19,c162d60ca8c8caf4195c3abf4566747a,Toronto Tempo @ Washington Mystics,2026-08-19T23:30:00Z,Washington Mystics,Toronto Tempo,Sonia Citron,,AST,OVER,3.5,-336,DraftKings,draftkings,player_assists_alternate,the-odds-api,2026-08-19T21:37:09.759982+00:00
2026-08-19,c162d60ca8c8caf4195c3abf4566747a,Toronto Tempo @ Washington Mystics,2026-08-19T23:30:00Z,Washington Mystics,Toronto Tempo,Sonia Citron,,AST,OVER,4.5,-162,DraftKings,draftkings,player_assists_alternate,the-odds-api,2026-08-19T21:37:09.759982+00:00
2026-08-19,c162d60ca8c8caf4195c3abf4566747a,Toronto Tempo @ Washington Mystics,2026-08-19T23:30:00Z,Washington Mystics,Toronto Tempo,Sonia Citron,,AST,OVER,5.5,118,DraftKings,draftkings,player_assists_alternate,the-odds-api,2026-08-19T21:37:09.759982+00:00
2026-08-19,c162d60ca8c8caf4195c3abf4566747a,Toronto Tempo @ Washington Mystics,2026-08-19T23:30:00Z,Washington Mystics,Toronto Tempo,Sonia Citron,,AST,OVER,6.5,215,DraftKings,draftkings,player_assists_alternate,the-odds-api,2026-08-19T21:37:09.759982+00:00
2026-08-19,c162d60ca8c8caf4195c3abf4566747a,Toronto Tempo @ Washington Mystics,2026-08-19T23:30:00Z,Washington Mystics,Toronto Tempo,Sonia Citron,,AST,OVER,7.5,384,DraftKings,draftkings,player_assists_alternate,the-odds-api,2026-08-19T21:37:09.759982+00:00
2026-08-19,c162d60ca8c8caf4195c3abf4566747a,Toronto Tempo @ Washington Mystics,2026-08-19T23:30:00Z,Washington Mystics,Toronto Tempo,Sonia Citron,,AST,OVER,8.5,660,DraftKings,draftkings,player_assists_alternate,the-odds-api,2026-08-19T21:37:09.759982+00:00
2026-08-19,c162d60ca8c8caf4195c3abf4566747a,Toronto Tempo @ Washington Mystics,2026-08-19T23:30:00Z,Washington Mystics,Toronto Tempo,Sonia Citron,,AST,OVER,9.5,1160,DraftKings,draftkings,player_assists_alternate,the-odds-api,2026-08-19T21:37:09.759982+00:00
2026-08-19,c162d60ca8c8caf4195c3abf4566747a,Toronto Tempo @ Washington Mystics,2026-08-19T23:30:00Z,Washington Mystics,Toronto Tempo,Kiki Rice,,AST,OVER,2.5,-279,DraftKings,draftkings,player_assists_alternate,the-odds-api,2026-08-19T21:37:09.759982+00:00
2026-08-19,c162d60ca8c8caf4195c3abf4566747a,Toronto Tempo @ Washington Mystics,2026-08-19T23:30:00Z,Washington Mystics,Toronto Tempo,Kiki Rice,,AST,OVER,3.5,-133,DraftKings,draftkings,player_assists_alternate,the-odds-api,2026-08-19T21:37:09.759982+00:00
2026-08-19,c162d60ca8c8caf4195c3abf4566747a,Toronto Tempo @ Washington Mystics,2026-08-19T23:30:00Z,Washington Mystics,Toronto Tempo,Kiki Rice,,AST,OVER,4.5,143,DraftKings,draftkings,player_assists_alternate,the-odds-api,2026-08-19T21:37:09.759982+00:00
2026-08-19,c162d60ca8c8caf4195c3abf4566747a,Toronto Tempo @ Washington Mystics,2026-08-19T23:30:00Z,Washington Mystics,Toronto Tempo,Kiki Rice,,AST,OVER,5.5,266,DraftKings,draftkings,player_assists_alternate,the-odds-api,2026-08-19T21:37:09.759982+00:00
2026-08-19,c162d60ca8c8caf4195c3abf4566747a,Toronto Tempo @ Washington Mystics,2026-08-19T23:30:00Z,Washington Mystics,Toronto Tempo,Kiki Rice,,AST,OVER,6.5,473,DraftKings,draftkings,player_assists_alternate,the-odds-api,2026-08-19T21:37:09.759982+00:00
2026-08-19,c162d60ca8c8caf4195c3abf4566747a,Toronto Tempo @ Washington Mystics,2026-08-19T23:30:00Z,Washington Mystics,Toronto Tempo,Kiki Rice,,AST,OVER,7.5,820,DraftKings,draftkings,player_assists_alternate,the-odds-api,2026-08-19T21:37:09.759982+00:00
2026-08-19,c162d60ca8c8caf4195c3abf4566747a,Toronto Tempo @ Washington Mystics,2026-08-19T23:30:00Z,Washington Mystics,Toronto Tempo,Kiki Rice,,AST,OVER,8.5,1340,DraftKings,draftkings,player_assists_alternate,the-odds-api,2026-08-19T21:37:09.759982+00:00
2026-08-19,c162d60ca8c8caf4195c3abf4566747a,Toronto Tempo @ Washington Mystics,2026-08-19T23:30:00Z,Washington Mystics,Toronto Tempo,Georgia Amoore,,AST,OVER,2.5,-201,DraftKings,draftkings,player_assists_alternate,the-odds-api,2026-08-19T21:37:09.759982+00:00
2026-08-19,c162d60ca8c8caf4195c3abf4566747a,Toronto Tempo @ Washington Mystics,2026-08-19T23:30:00Z,Washington Mystics,Toronto Tempo,Georgia Amoore,,AST,OVER,3.5,126,DraftKings,draftkings,player_assists_alternate,the-odds-api,2026-08-19T21:37:09.759982+00:00
2026-08-19,c162d60ca8c8caf4195c3abf4566747a,Toronto Tempo @ Washington Mystics,2026-08-19T23:30:00Z,Washington Mystics,Toronto Tempo,Georgia Amoore,,AST,OVER,4.5,285,DraftKings,draftkings,player_assists_alternate,the-odds-api,2026-08-19T21:37:09.759982+00:00
2026-08-19,c162d60ca8c8caf4195c3abf4566747a,Toronto Tempo @ Washington Mystics,2026-08-19T23:30:00Z,Washington Mystics,Toronto Tempo,Georgia Amoore,,AST,OVER,5.5,610,DraftKings,draftkings,player_assists_alternate,the-odds-api,2026-08-19T21:37:09.759982+00:00
2026-08-19,c162d60ca8c8caf4195c3abf4566747a,Toronto Tempo @ Washington Mystics,2026-08-19T23:30:00Z,Washington Mystics,Toronto Tempo,Georgia Amoore,,AST,OVER,6.5,1240,DraftKings,draftkings,player_assists_alternate,the-odds-api,2026-08-19T21:37:09.759982+00:00
2026-08-19,c162d60ca8c8caf4195c3abf4566747a,Toronto Tempo @ Washington Mystics,2026-08-19T23:30:00Z,Washington Mystics,Toronto Tempo,Shakira Austin,,AST,OVER,2.5,-132,DraftKings,draftkings,player_assists_alternate,the-odds-api,2026-08-19T21:37:09.759982+00:00
2026-08-19,c162d60ca8c8caf4195c3abf4566747a,Toronto Tempo @ Washington Mystics,2026-08-19T23:30:00Z,Washington Mystics,Toronto Tempo,Shakira Austin,,AST,OVER,3.5,193,DraftKings,draftkings,player_assists_alternate,the-odds-api,2026-08-19T21:37:09.759982+00:00
2026-08-19,c162d60ca8c8caf4195c3abf4566747a,Toronto Tempo @ Washington Mystics,2026-08-19T23:30:00Z,Washington Mystics,Toronto Tempo,Shakira Austin,,AST,OVER,4.5,450,DraftKings,draftkings,player_assists_alternate,the-odds-api,2026-08-19T21:37:09.759982+00:00
2026-08-19,c162d60ca8c8caf4195c3abf4566747a,Toronto Tempo @ Washington Mystics,2026-08-19T23:30:00Z,Washington Mystics,Toronto Tempo,Shakira Austin,,AST,OVER,5.5,990,DraftKings,draftkings,player_assists_alternate,the-odds-api,2026-08-19T21:37:09.759982+00:00
2026-08-19,c162d60ca8c8caf4195c3abf4566747a,Toronto Tempo @ Washington Mystics,2026-08-19T23:30:00Z,Washington Mystics,Toronto Tempo,Isabelle Harrison,,AST,OVER,2.5,129,DraftKings,draftkings,player_assists_alternate,the-odds-api,2026-08-19T21:37:09.759982+00:00
2026-08-19,c162d60ca8c8caf4195c3abf4566747a,Toronto Tempo @ Washington Mystics,2026-08-19T23:30:00Z,Washington Mystics,Toronto Tempo,Isabelle Harrison,,AST,OVER,3.5,270,DraftKings,draftkings,player_assists_alternate,the-odds-api,2026-08-19T21:37:09.759982+00:00
2026-08-19,c162d60ca8c8caf4195c3abf4566747a,Toronto Tempo @ Washington Mystics,2026-08-19T23:30:00Z,Washington Mystics,Toronto Tempo,Isabelle Harrison,,AST,OVER,4.5,531,DraftKings,draftkings,player_assists_alternate,the-odds-api,2026-08-19T21:37:09.759982+00:00
2026-08-19,c162d60ca8c8caf4195c3abf4566747a,Toronto Tempo @ Washington Mystics,2026-08-19T23:30:00Z,Washington Mystics,Toronto Tempo,Isabelle Harrison,,AST,OVER,5.5,1000,DraftKings,draftkings,player_assists_alternate,the-odds-api,2026-08-19T21:37:09.759982+00:00
2026-08-19,c162d60ca8c8caf4195c3abf4566747a,Toronto Tempo @ Washington Mystics,2026-08-19T23:30:00Z,Washington Mystics,Toronto Tempo,Cotie McMahon,,AST,OVER,2.5,115,DraftKings,draftkings,player_assists_alternate,the-odds-api,2026-08-19T21:37:09.759982+00:00
2026-08-19,c162d60ca8c8caf4195c3abf4566747a,Toronto Tempo @ Washington Mystics,2026-08-19T23:30:00Z,Washington Mystics,Toronto Tempo,Cotie McMahon,,AST,OVER,3.5,290,DraftKings,draftkings,player_assists_alternate,the-odds-api,2026-08-19T21:37:09.759982+00:00
2026-08-19,c162d60ca8c8caf4195c3abf4566747a,Toronto Tempo @ Washington Mystics,2026-08-19T23:30:00Z,Washington Mystics,Toronto Tempo,Cotie McMahon,,AST,OVER,4.5,700,DraftKings,draftkings,player_assists_alternate,the-odds-api,2026-08-19T21:37:09.759982+00:00
2026-08-19,c162d60ca8c8caf4195c3abf4566747a,Toronto Tempo @ Washington Mystics,2026-08-19T23:30:00Z,Washington Mystics,Toronto Tempo,Cotie McMahon,,AST,OVER,5.5,1500,DraftKings,draftkings,player_assists_alternate,the-odds-api,2026-08-19T21:37:09.759982+00:00
2026-08-19,c162d60ca8c8caf4195c3abf4566747a,Toronto Tempo @ Washington Mystics,2026-08-19T23:30:00Z,Washington Mystics,Toronto Tempo,Kiki Iriafen,,AST,OVER,1.5,-188,DraftKings,draftkings,player_assists_alternate,the-odds-api,2026-08-19T21:37:09.759982+00:00
2026-08-19,c162d60ca8c8caf4195c3abf4566747a,Toronto Tempo @ Washington Mystics,2026-08-19T23:30:00Z,Washington Mystics,Toronto Tempo,Kiki Iriafen,,AST,OVER,2.5,161,DraftKings,draftkings,player_assists_alternate,the-odds-api,2026-08-19T21:37:09.759982+00:00
2026-08-19,c162d60ca8c8caf4195c3abf4566747a,Toronto Tempo @ Washington Mystics,2026-08-19T23:30:00Z,Washington Mystics,Toronto Tempo,Kiki Iriafen,,AST,OVER,3.5,433,DraftKings,draftkings,player_assists_alternate,the-odds-api,2026-08-19T21:37:09.759982+00:00
2026-08-19,c162d60ca8c8caf4195c3abf4566747a,Toronto Tempo @ Washington Mystics,2026-08-19T23:30:00Z,Washington Mystics,Toronto Tempo,Kiki Iriafen,,AST,OVER,4.5,1060,DraftKings,draftkings,player_assists_alternate,the-odds-api,2026-08-19T21:37:09.759982+00:00
2026-08-19,c162d60ca8c8caf4195c3abf4566747a,Toronto Tempo @ Washington Mystics,2026-08-19T23:30:00Z,Washington Mystics,Toronto Tempo,Shakira Austin,,PTS,OVER,11.5,-1200,DraftKings,draftkings,player_points_alternate,the-odds-api,2026-08-19T21:37:09.759982+00:00
2026-08-19,c162d60ca8c8caf4195c3abf4566747a,Toronto Tempo @ Washington Mystics,2026-08-19T23:30:00Z,Washington Mystics,Toronto Tempo,Shakira Austin,,PTS,OVER,14.5,-403,DraftKings,draftkings,player_points_alternate,the-odds-api,2026-08-19T21:37:09.759982+00:00
2026-08-19,c162d60ca8c8caf4195c3abf4566747a,Toronto Tempo @ Washington Mystics,2026-08-19T23:30:00Z,Washington Mystics,Toronto Tempo,Shakira Austin,,PTS,OVER,17.5,-172,DraftKings,draftkings,player_points_alternate,the-odds-api,2026-08-19T21:37:09.759982+00:00
2026-08-19,c162d60ca8c8caf4195c3abf4566747a,Toronto Tempo @ Washington Mystics,2026-08-19T23:30:00Z,Washington Mystics,Toronto Tempo,Shakira Austin,,PTS,OVER,19.5,-105,DraftKings,draftkings,player_points_alternate,the-odds-api,2026-08-19T21:37:09.759982+00:00
2026-08-19,c162d60ca8c8caf4195c3abf4566747a,Toronto Tempo @ Washington Mystics,2026-08-19T23:30:00Z,Washington Mystics,Toronto Tempo,Shakira Austin,,PTS,OVER,24.5,311,DraftKings,draftkings,player_points_alternate,the-odds-api,2026-08-19T21:37:09.759982+00:00
2026-08-19,c162d60ca8c8caf4195c3abf4566747a,Toronto Tempo @ Washington Mystics,2026-08-19T23:30:00Z,Washington Mystics,Toronto Tempo,Shakira Austin,,PTS,OVER,29.5,960,DraftKings,draftkings,player_points_alternate,the-odds-api,2026-08-19T21:37:09.759982+00:00
2026-08-19,c162d60ca8c8caf4195c3abf4566747a,Toronto Tempo @ Washington Mystics,2026-08-19T23:30:00Z,Washington Mystics,Toronto Tempo,Sonia Citron,,PTS,OVER,9.5,-1940,DraftKings,draftkings,player_points_alternate,the-odds-api,2026-08-19T21:37:09.759982+00:00
2026-08-19,c162d60ca8c8caf4195c3abf4566747a,Toronto Tempo @ Washington Mystics,2026-08-19T23:30:00Z,Washington Mystics,Toronto Tempo,Sonia Citron,,PTS,OVER,11.5,-790,DraftKings,draftkings,player_points_alternate,the-odds-api,2026-08-19T21:37:09.759982+00:00
2026-08-19,c162d60ca8c8caf4195c3abf4566747a,Toronto Tempo @ Washington Mystics,2026-08-19T23:30:00Z,Washington Mystics,Toronto Tempo,Sonia Citron,,PTS,OVER,14.5,-300,DraftKings,draftkings,player_points_alternate,the-odds-api,2026-08-19T21:37:09.759982+00:00
2026-08-19,c162d60ca8c8caf4195c3abf4566747a,Toronto Tempo @ Washington Mystics,2026-08-19T23:30:00Z,Washington Mystics,Toronto Tempo,Sonia Citron,,PTS,OVER,17.5,-140,DraftKings,draftkings,player_points_alternate,the-odds-api,2026-08-19T21:37:09.759982+00:00
2026-08-19,c162d60ca8c8caf4195c3abf4566747a,Toronto Tempo @ Washington Mystics,2026-08-19T23:30:00Z,Washington Mystics,Toronto Tempo,Sonia Citron,,PTS,OVER,18.5,-110,DraftKings,draftkings,player_points_alternate,the-odds-api,2026-08-19T21:37:09.759982+00:00
2026-08-19,c162d60ca8c8caf4195c3abf4566747a,Toronto Tempo @ Washington Mystics,2026-08-19T23:30:00Z,Washington Mystics,Toronto Tempo,Sonia Citron,,PTS,OVER,19.5,115,DraftKings,draftkings,player_points_alternate,the-odds-api,2026-08-19T21:37:09.759982+00:00
2026-08-19,c162d60ca8c8caf4195c3abf4566747a,Toronto Tempo @ Washington Mystics,2026-08-19T23:30:00Z,Washington Mystics,Toronto Tempo,Sonia Citron,,PTS,OVER,24.5,353,DraftKings,draftkings,player_points_alternate,the-odds-api,2026-08-19T21:37:09.759982+00:00
2026-08-19,c162d60ca8c8caf4195c3abf4566747a,Toronto Tempo @ Washington Mystics,2026-08-19T23:30:00Z,Washington Mystics,Toronto Tempo,Sonia Citron,,PTS,OVER,29.5,1080,DraftKings,draftkings,player_points_alternate,the-odds-api,2026-08-19T21:37:09.759982+00:00
2026-08-19,c162d60ca8c8caf4195c3abf4566747a,Toronto Tempo @ Washington Mystics,2026-08-19T23:30:00Z,Washington Mystics,Toronto Tempo,Kiki Iriafen,,PTS,OVER,9.5,-990,DraftKings,draftkings,player_points_alternate,the-odds-api,2026-08-19T21:37:09.759982+00:00
2026-08-19,c162d60ca8c8caf4195c3abf4566747a,Toronto Tempo @ Washington Mystics,2026-08-19T23:30:00Z,Washington Mystics,Toronto Tempo,Kiki Iriafen,,PTS,OVER,11.5,-441,DraftKings,draftkings,player_points_alternate,the-odds-api,2026-08-19T21:37:09.759982+00:00
2026-08-19,c162d60ca8c8caf4195c3abf4566747a,Toronto Tempo @ Washington Mystics,2026-08-19T23:30:00Z,Washington Mystics,Toronto Tempo,Kiki Iriafen,,PTS,OVER,14.5,-159,DraftKings,draftkings,player_points_alternate,the-odds-api,2026-08-19T21:37:09.759982+00:00
2026-08-19,c162d60ca8c8caf4195c3abf4566747a,Toronto Tempo @ Washington Mystics,2026-08-19T23:30:00Z,Washington Mystics,Toronto Tempo,Kiki Iriafen,,PTS,OVER,15.5,-122,DraftKings,draftkings,player_points_alternate,the-odds-api,2026-08-19T21:37:09.759982+00:00
2026-08-19,c162d60ca8c8caf4195c3abf4566747a,Toronto Tempo @ Washington Mystics,2026-08-19T23:30:00Z,Washington Mystics,Toronto Tempo,Kiki Iriafen,,PTS,OVER,17.5,141,DraftKings,draftkings,player_points_alternate,the-odds-api,2026-08-19T21:37:09.759982+00:00
2026-08-19,c162d60ca8c8caf4195c3abf4566747a,Toronto Tempo @ Washington Mystics,2026-08-19T23:30:00Z,Washington Mystics,Toronto Tempo,Kiki Iriafen,,PTS,OVER,19.5,237,DraftKings,draftkings,player_points_alternate,the-odds-api,2026-08-19T21:37:09.759982+00:00
2026-08-19,c162d60ca8c8caf4195c3abf4566747a,Toronto Tempo @ Washington Mystics,2026-08-19T23:30:00Z,Washington Mystics,Toronto Tempo,Kiki Iriafen,,PTS,OVER,24.5,850,DraftKings,draftkings,player_points_alternate,the-odds-api,2026-08-19T21:37:09.759982+00:00
2026-08-19,c162d60ca8c8caf4195c3abf4566747a,Toronto Tempo @ Washington Mystics,2026-08-19T23:30:00Z,Washington Mystics,Toronto Tempo,Aneesah Morrow,,PTS,OVER,5.5,-1220,DraftKings,draftkings,player_points_alternate,the-odds-api,2026-08-19T21:37:09.759982+00:00
2026-08-19,c162d60ca8c8caf4195c3abf4566747a,Toronto Tempo @ Washington Mystics,2026-08-19T23:30:00Z,Washington Mystics,Toronto Tempo,Aneesah Morrow,,PTS,OVER,7.5,-530,DraftKings,draftkings,player_points_alternate,the-odds-api,2026-08-19T21:37:09.759982+00:00
2026-08-19,c162d60ca8c8caf4195c3abf4566747a,Toronto Tempo @ Washington Mystics,2026-08-19T23:30:00Z,Washington Mystics,Toronto Tempo,Aneesah Morrow,,PTS,OVER,9.5,-275,DraftKings,draftkings,player_points_alternate,the-odds-api,2026-08-19T21:37:09.759982+00:00
2026-08-19,c162d60ca8c8caf4195c3abf4566747a,Toronto Tempo @ Washington Mystics,2026-08-19T23:30:00Z,Washington Mystics,Toronto Tempo,Aneesah Morrow,,PTS,OVER,11.5,-160,DraftKings,draftkings,player_points_alternate,the-odds-api,2026-08-19T21:37:09.759982+00:00
2026-08-19,c162d60ca8c8caf4195c3abf4566747a,Toronto Tempo @ Washington Mystics,2026-08-19T23:30:00Z,Washington Mystics,Toronto Tempo,Aneesah Morrow,,PTS,OVER,12.5,-125,DraftKings,draftkings,player_points_alternate,the-odds-api,2026-08-19T21:37:09.759982+00:00
2026-08-19,c162d60ca8c8caf4195c3abf4566747a,Toronto Tempo @ Washington Mystics,2026-08-19T23:30:00Z,Washington Mystics,Toronto Tempo,Aneesah Morrow,,PTS,OVER,14.5,128,DraftKings,draftkings,player_points_alternate,the-odds-api,2026-08-19T21:37:09.759982+00:00
2026-08-19,c162d60ca8c8caf4195c3abf4566747a,Toronto Tempo @ Washington Mystics,2026-08-19T23:30:00Z,Washington Mystics,Toronto Tempo,Aneesah Morrow,,PTS,OVER,17.5,240,DraftKings,draftkings,player_points_alternate,the-odds-api,2026-08-19T21:37:09.759982+00:00
2026-08-19,c162d60ca8c8caf4195c3abf4566747a,Toronto Tempo @ Washington Mystics,2026-08-19T23:30:00Z,Washington Mystics,Toronto Tempo,Aneesah Morrow,,PTS,OVER,19.5,359,DraftKings,draftkings,player_points_alternate,the-odds-api,2026-08-19T21:37:09.759982+00:00
2026-08-19,c162d60ca8c8caf4195c3abf4566747a,Toronto Tempo @ Washington Mystics,2026-08-19T23:30:00Z,Washington Mystics,Toronto Tempo,Aneesah Morrow,,PTS,OVER,24.5,910,DraftKings,draftkings,player_points_alternate,the-odds-api,2026-08-19T21:37:09.759982+00:00
2026-08-19,c162d60ca8c8caf4195c3abf4566747a,Toronto Tempo @ Washington Mystics,2026-08-19T23:30:00Z,Washington Mystics,Toronto Tempo,Isabelle Harrison,,PTS,OVER,5.5,-1160,DraftKings,draftkings,player_points_alternate,the-odds-api,2026-08-19T21:37:09.759982+00:00
2026-08-19,c162d60ca8c8caf4195c3abf4566747a,Toronto Tempo @ Washington Mystics,2026-08-19T23:30:00Z,Washington Mystics,Toronto Tempo,Isabelle Harrison,,PTS,OVER,7.5,-498,DraftKings,draftkings,player_points_alternate,the-odds-api,2026-08-19T21:37:09.759982+00:00
2026-08-19,c162d60ca8c8caf4195c3abf4566747a,Toronto Tempo @ Washington Mystics,2026-08-19T23:30:00Z,Washington Mystics,Toronto Tempo,Isabelle Harrison,,PTS,OVER,9.5,-266,DraftKings,draftkings,player_points_alternate,the-odds-api,2026-08-19T21:37:09.759982+00:00
2026-08-19,c162d60ca8c8caf4195c3abf4566747a,Toronto Tempo @ Washington Mystics,2026-08-19T23:30:00Z,Washington Mystics,Toronto Tempo,Isabelle Harrison,,PTS,OVER,11.5,-158,DraftKings,draftkings,player_points_alternate,the-odds-api,2026-08-19T21:37:09.759982+00:00
2026-08-19,c162d60ca8c8caf4195c3abf4566747a,Toronto Tempo @ Washington Mystics,2026-08-19T23:30:00Z,Washington Mystics,Toronto Tempo,Isabelle Harrison,,PTS,OVER,12.5,-123,DraftKings,draftkings,player_points_alternate,the-odds-api,2026-08-19T21:37:09.759982+00:00
2026-08-19,c162d60ca8c8caf4195c3abf4566747a,Toronto Tempo @ Washington Mystics,2026-08-19T23:30:00Z,Washington Mystics,Toronto Tempo,Isabelle Harrison,,PTS,OVER,14.5,131,DraftKings,draftkings,player_points_alternate,the-odds-api,2026-08-19T21:37:09.759982+00:00
2026-08-19,c162d60ca8c8caf4195c3abf4566747a,Toronto Tempo @ Washington Mystics,2026-08-19T23:30:00Z,Washington Mystics,Toronto Tempo,Isabelle Harrison,,PTS,OVER,17.5,253,DraftKings,draftkings,player_points_alternate,the-odds-api,2026-08-19T21:37:09.759982+00:00
2026-08-19,c162d60ca8c8caf4195c3abf4566747a,Toronto Tempo @ Washington Mystics,2026-08-19T23:30:00Z,Washington Mystics,Toronto Tempo,Isabelle Harrison,,PTS,OVER,19.5,391,DraftKings,draftkings,player_points_alternate,the-odds-api,2026-08-19T21:37:09.759982+00:00
2026-08-19,c162d60ca8c8caf4195c3abf4566747a,Toronto Tempo @ Washington Mystics,2026-08-19T23:30:00Z,Washington Mystics,Toronto Tempo,Isabelle Harrison,,PTS,OVER,24.5,1120,DraftKings,draftkings,player_points_alternate,the-odds-api,2026-08-19T21:37:09.759982+00:00
2026-08-19,c162d60ca8c8caf4195c3abf4566747a,Toronto Tempo @ Washington Mystics,2026-08-19T23:30:00Z,Washington Mystics,Toronto Tempo,Kiki Rice,,PTS,OVER,5.5,-1080,DraftKings,draftkings,player_points_alternate,the-odds-api,2026-08-19T21:37:09.759982+00:00
2026-08-19,c162d60ca8c8caf4195c3abf4566747a,Toronto Tempo @ Washington Mystics,2026-08-19T23:30:00Z,Washington Mystics,Toronto Tempo,Kiki Rice,,PTS,OVER,7.5,-478,DraftKings,draftkings,player_points_alternate,the-odds-api,2026-08-19T21:37:09.759982+00:00
2026-08-19,c162d60ca8c8caf4195c3abf4566747a,Toronto Tempo @ Washington Mystics,2026-08-19T23:30:00Z,Washington Mystics,Toronto Tempo,Kiki Rice,,PTS,OVER,9.5,-251,DraftKings,draftkings,player_points_alternate,the-odds-api,2026-08-19T21:37:09.759982+00:00
2026-08-19,c162d60ca8c8caf4195c3abf4566747a,Toronto Tempo @ Washington Mystics,2026-08-19T23:30:00Z,Washington Mystics,Toronto Tempo,Kiki Rice,,PTS,OVER,11.5,-144,DraftKings,draftkings,player_points_alternate,the-odds-api,2026-08-19T21:37:09.759982+00:00
2026-08-19,c162d60ca8c8caf4195c3abf4566747a,Toronto Tempo @ Washington Mystics,2026-08-19T23:30:00Z,Washington Mystics,Toronto Tempo,Kiki Rice,,PTS,OVER,12.5,-113,DraftKings,draftkings,player_points_alternate,the-odds-api,2026-08-19T21:37:09.759982+00:00
2026-08-19,c162d60ca8c8caf4195c3abf4566747a,Toronto Tempo @ Washington Mystics,2026-08-19T23:30:00Z,Washington Mystics,Toronto Tempo,Kiki Rice,,PTS,OVER,14.5,142,DraftKings,draftkings,player_points_alternate,the-odds-api,2026-08-19T21:37:09.759982+00:00
2026-08-19,c162d60ca8c8caf4195c3abf4566747a,Toronto Tempo @ Washington Mystics,2026-08-19T23:30:00Z,Washington Mystics,Toronto Tempo,Kiki Rice,,PTS,OVER,17.5,274,DraftKings,draftkings,player_points_alternate,the-odds-api,2026-08-19T21:37:09.759982+00:00
2026-08-19,c162d60ca8c8caf4195c3abf4566747a,Toronto Tempo @ Washington Mystics,2026-08-19T23:30:00Z,Washington Mystics,Toronto Tempo,Kiki Rice,,PTS,OVER,19.5,418,DraftKings,draftkings,player_points_alternate,the-odds-api,2026-08-19T21:37:09.759982+00:00
2026-08-19,c162d60ca8c8caf4195c3abf4566747a,Toronto Tempo @ Washington Mystics,2026-08-19T23:30:00Z,Washington Mystics,Toronto Tempo,Kiki Rice,,PTS,OVER,24.5,1140,DraftKings,draftkings,player_points_alternate,the-odds-api,2026-08-19T21:37:09.759982+00:00
2026-08-19,c162d60ca8c8caf4195c3abf4566747a,Toronto Tempo @ Washington Mystics,2026-08-19T23:30:00Z,Washington Mystics,Toronto Tempo,Laura Juskaite,,PTS,OVER,5.5,-660,DraftKings,draftkings,player_points_alternate,the-odds-api,2026-08-19T21:37:09.759982+00:00
2026-08-19,c162d60ca8c8caf4195c3abf4566747a,Toronto Tempo @ Washington Mystics,2026-08-19T23:30:00Z,Washington Mystics,Toronto Tempo,Laura Juskaite,,PTS,OVER,7.5,-309,DraftKings,draftkings,player_points_alternate,the-odds-api,2026-08-19T21:37:09.759982+00:00
2026-08-19,c162d60ca8c8caf4195c3abf4566747a,Toronto Tempo @ Washington Mystics,2026-08-19T23:30:00Z,Washington Mystics,Toronto Tempo,Laura Juskaite,,PTS,OVER,9.5,-170,DraftKings,draftkings,player_points_alternate,the-odds-api,2026-08-19T21:37:09.759982+00:00
2026-08-19,c162d60ca8c8caf4195c3abf4566747a,Toronto Tempo @ Washington Mystics,2026-08-19T23:30:00Z,Washington Mystics,Toronto Tempo,Laura Juskaite,,PTS,OVER,10.5,-131,DraftKings,draftkings,player_points_alternate,the-odds-api,2026-08-19T21:37:09.759982+00:00
2026-08-19,c162d60ca8c8caf4195c3abf4566747a,Toronto Tempo @ Washington Mystics,2026-08-19T23:30:00Z,Washington Mystics,Toronto Tempo,Laura Juskaite,,PTS,OVER,11.5,101,DraftKings,draftkings,player_points_alternate,the-odds-api,2026-08-19T21:37:09.759982+00:00
2026-08-19,c162d60ca8c8caf4195c3abf4566747a,Toronto Tempo @ Washington Mystics,2026-08-19T23:30:00Z,Washington Mystics,Toronto Tempo,Laura Juskaite,,PTS,OVER,14.5,208,DraftKings,draftkings,player_points_alternate,the-odds-api,2026-08-19T21:37:09.759982+00:00
2026-08-19,c162d60ca8c8caf4195c3abf4566747a,Toronto Tempo @ Washington Mystics,2026-08-19T23:30:00Z,Washington Mystics,Toronto Tempo,Laura Juskaite,,PTS,OVER,17.5,413,DraftKings,draftkings,player_points_alternate,the-odds-api,2026-08-19T21:37:09.759982+00:00
2026-08-19,c162d60ca8c8caf4195c3abf4566747a,Toronto Tempo @ Washington Mystics,2026-08-19T23:30:00Z,Washington Mystics,Toronto Tempo,Laura Juskaite,,PTS,OVER,19.5,650,DraftKings,draftkings,player_points_alternate,the-odds-api,2026-08-19T21:37:09.759982+00:00
2026-08-19,c162d60ca8c8caf4195c3abf4566747a,Toronto Tempo @ Washington Mystics,2026-08-19T23:30:00Z,Washington Mystics,Toronto Tempo,Lauren Betts,,PTS,OVER,5.5,-276,DraftKings,draftkings,player_points_alternate,the-odds-api,2026-08-19T21:37:09.759982+00:00
2026-08-19,c162d60ca8c8caf4195c3abf4566747a,Toronto Tempo @ Washington Mystics,2026-08-19T23:30:00Z,Washington Mystics,Toronto Tempo,Lauren Betts,,PTS,OVER,7.5,-134,DraftKings,draftkings,player_points_alternate,the-odds-api,2026-08-19T21:37:09.759982+00:00
2026-08-19,c162d60ca8c8caf4195c3abf4566747a,Toronto Tempo @ Washington Mystics,2026-08-19T23:30:00Z,Washington Mystics,Toronto Tempo,Lauren Betts,,PTS,OVER,9.5,137,DraftKings,draftkings,player_points_alternate,the-odds-api,2026-08-19T21:37:09.759982+00:00
2026-08-19,c162d60ca8c8caf4195c3abf4566747a,Toronto Tempo @ Washington Mystics,2026-08-19T23:30:00Z,Washington Mystics,Toronto Tempo,Lauren Betts,,PTS,OVER,11.5,241,DraftKings,draftkings,player_points_alternate,the-odds-api,2026-08-19T21:37:09.759982+00:00
2026-08-19,c162d60ca8c8caf4195c3abf4566747a,Toronto Tempo @ Washington Mystics,2026-08-19T23:30:00Z,Washington Mystics,Toronto Tempo,Lauren Betts,,PTS,OVER,14.5,553,DraftKings,draftkings,player_points_alternate,the-odds-api,2026-08-19T21:37:09.759982+00:00
2026-08-19,c162d60ca8c8caf4195c3abf4566747a,Toronto Tempo @ Washington Mystics,2026-08-19T23:30:00Z,Washington Mystics,Toronto Tempo,Lauren Betts,,PTS,OVER,17.5,1100,DraftKings,draftkings,player_points_alternate,the-odds-api,2026-08-19T21:37:09.759982+00:00
2026-08-19,c162d60ca8c8caf4195c3abf4566747a,Toronto Tempo @ Washington Mystics,2026-08-19T23:30:00Z,Washington Mystics,Toronto Tempo,Lauren Betts,,PTS,OVER,19.5,1660,DraftKings,draftkings,player_points_alternate,the-odds-api,2026-08-19T21:37:09.759982+00:00
2026-08-19,c162d60ca8c8caf4195c3abf4566747a,Toronto Tempo @ Washington Mystics,2026-08-19T23:30:00Z,Washington Mystics,Toronto Tempo,Cotie McMahon,,PTS,OVER,5.5,-333,DraftKings,draftkings,player_points_alternate,the-odds-api,2026-08-19T21:37:09.759982+00:00
2026-08-19,c162d60ca8c8caf4195c3abf4566747a,Toronto Tempo @ Washington Mystics,2026-08-19T23:30:00Z,Washington Mystics,Toronto Tempo,Cotie McMahon,,PTS,OVER,7.5,-143,DraftKings,draftkings,player_points_alternate,the-odds-api,2026-08-19T21:37:09.759982+00:00
2026-08-19,c162d60ca8c8caf4195c3abf4566747a,Toronto Tempo @ Washington Mystics,2026-08-19T23:30:00Z,Washington Mystics,Toronto Tempo,Cotie McMahon,,PTS,OVER,8.5,100,DraftKings,draftkings,player_points_alternate,the-odds-api,2026-08-19T21:37:09.759982+00:00
2026-08-19,c162d60ca8c8caf4195c3abf4566747a,Toronto Tempo @ Washington Mystics,2026-08-19T23:30:00Z,Washington Mystics,Toronto Tempo,Cotie McMahon,,PTS,OVER,9.5,142,DraftKings,draftkings,player_points_alternate,the-odds-api,2026-08-19T21:37:09.759982+00:00
2026-08-19,c162d60ca8c8caf4195c3abf4566747a,Toronto Tempo @ Washington Mystics,2026-08-19T23:30:00Z,Washington Mystics,Toronto Tempo,Cotie McMahon,,PTS,OVER,11.5,270,DraftKings,draftkings,player_points_alternate,the-odds-api,2026-08-19T21:37:09.759982+00:00
2026-08-19,c162d60ca8c8caf4195c3abf4566747a,Toronto Tempo @ Washington Mystics,2026-08-19T23:30:00Z,Washington Mystics,Toronto Tempo,Cotie McMahon,,PTS,OVER,14.5,650,DraftKings,draftkings,player_points_alternate,the-odds-api,2026-08-19T21:37:09.759982+00:00
2026-08-19,c162d60ca8c8caf4195c3abf4566747a,Toronto Tempo @ Washington Mystics,2026-08-19T23:30:00Z,Washington Mystics,Toronto Tempo,Cotie McMahon,,PTS,OVER,17.5,1520,DraftKings,draftkings,player_points_alternate,the-odds-api,2026-08-19T21:37:09.759982+00:00
2026-08-19,c162d60ca8c8caf4195c3abf4566747a,Toronto Tempo @ Washington Mystics,2026-08-19T23:30:00Z,Washington Mystics,Toronto Tempo,Michaela Onyenwere,,PTS,OVER,5.5,-256,DraftKings,draftkings,player_points_alternate,the-odds-api,2026-08-19T21:37:09.759982+00:00
2026-08-19,c162d60ca8c8caf4195c3abf4566747a,Toronto Tempo @ Washington Mystics,2026-08-19T23:30:00Z,Washington Mystics,Toronto Tempo,Michaela Onyenwere,,PTS,OVER,7.5,-124,DraftKings,draftkings,player_points_alternate,the-odds-api,2026-08-19T21:37:09.759982+00:00
2026-08-19,c162d60ca8c8caf4195c3abf4566747a,Toronto Tempo @ Washington Mystics,2026-08-19T23:30:00Z,Washington Mystics,Toronto Tempo,Michaela Onyenwere,,PTS,OVER,9.5,160,DraftKings,draftkings,player_points_alternate,the-odds-api,2026-08-19T21:37:09.759982+00:00
2026-08-19,c162d60ca8c8caf4195c3abf4566747a,Toronto Tempo @ Washington Mystics,2026-08-19T23:30:00Z,Washington Mystics,Toronto Tempo,Michaela Onyenwere,,PTS,OVER,11.5,307,DraftKings,draftkings,player_points_alternate,the-odds-api,2026-08-19T21:37:09.759982+00:00
2026-08-19,c162d60ca8c8caf4195c3abf4566747a,Toronto Tempo @ Washington Mystics,2026-08-19T23:30:00Z,Washington Mystics,Toronto Tempo,Michaela Onyenwere,,PTS,OVER,14.5,770,DraftKings,draftkings,player_points_alternate,the-odds-api,2026-08-19T21:37:09.759982+00:00
2026-08-19,c162d60ca8c8caf4195c3abf4566747a,Toronto Tempo @ Washington Mystics,2026-08-19T23:30:00Z,Washington Mystics,Toronto Tempo,Michaela Onyenwere,,PTS,OVER,17.5,1700,DraftKings,draftkings,player_points_alternate,the-odds-api,2026-08-19T21:37:09.759982+00:00
2026-08-19,c162d60ca8c8caf4195c3abf4566747a,Toronto Tempo @ Washington Mystics,2026-08-19T23:30:00Z,Washington Mystics,Toronto Tempo,Georgia Amoore,,PTS,OVER,4.5,-114,DraftKings,draftkings,player_points_alternate,the-odds-api,2026-08-19T21:37:09.759982+00:00
2026-08-19,c162d60ca8c8caf4195c3abf4566747a,Toronto Tempo @ Washington Mystics,2026-08-19T23:30:00Z,Washington Mystics,Toronto Tempo,Georgia Amoore,,PTS,OVER,5.5,146,DraftKings,draftkings,player_points_alternate,the-odds-api,2026-08-19T21:37:09.759982+00:00
2026-08-19,c162d60ca8c8caf4195c3abf4566747a,Toronto Tempo @ Washington Mystics,2026-08-19T23:30:00Z,Washington Mystics,Toronto Tempo,Georgia Amoore,,PTS,OVER,7.5,303,DraftKings,draftkings,player_points_alternate,the-odds-api,2026-08-19T21:37:09.759982+00:00
2026-08-19,c162d60ca8c8caf4195c3abf4566747a,Toronto Tempo @ Washington Mystics,2026-08-19T23:30:00Z,Washington Mystics,Toronto Tempo,Georgia Amoore,,PTS,OVER,9.5,650,DraftKings,draftkings,player_points_alternate,the-odds-api,2026-08-19T21:37:09.759982+00:00
2026-08-19,c162d60ca8c8caf4195c3abf4566747a,Toronto Tempo @ Washington Mystics,2026-08-19T23:30:00Z,Washington Mystics,Toronto Tempo,Georgia Amoore,,PTS,OVER,11.5,1260,DraftKings,draftkings,player_points_alternate,the-odds-api,2026-08-19T21:37:09.759982+00:00
2026-08-19,c162d60ca8c8caf4195c3abf4566747a,Toronto Tempo @ Washington Mystics,2026-08-19T23:30:00Z,Washington Mystics,Toronto Tempo,Sonia Citron,,PA,OVER,14.5,-1580,DraftKings,draftkings,player_points_assists_alternate,the-odds-api,2026-08-19T21:37:09.759982+00:00
2026-08-19,c162d60ca8c8caf4195c3abf4566747a,Toronto Tempo @ Washington Mystics,2026-08-19T23:30:00Z,Washington Mystics,Toronto Tempo,Sonia Citron,,PA,OVER,19.5,-316,DraftKings,draftkings,player_points_assists_alternate,the-odds-api,2026-08-19T21:37:09.759982+00:00
2026-08-19,c162d60ca8c8caf4195c3abf4566747a,Toronto Tempo @ Washington Mystics,2026-08-19T23:30:00Z,Washington Mystics,Toronto Tempo,Sonia Citron,,PA,OVER,23.5,-120,DraftKings,draftkings,player_points_assists_alternate,the-odds-api,2026-08-19T21:37:09.759982+00:00
2026-08-19,c162d60ca8c8caf4195c3abf4566747a,Toronto Tempo @ Washington Mystics,2026-08-19T23:30:00Z,Washington Mystics,Toronto Tempo,Sonia Citron,,PA,OVER,24.5,104,DraftKings,draftkings,player_points_assists_alternate,the-odds-api,2026-08-19T21:37:09.759982+00:00
2026-08-19,c162d60ca8c8caf4195c3abf4566747a,Toronto Tempo @ Washington Mystics,2026-08-19T23:30:00Z,Washington Mystics,Toronto Tempo,Sonia Citron,,PA,OVER,29.5,314,DraftKings,draftkings,player_points_assists_alternate,the-odds-api,2026-08-19T21:37:09.759982+00:00
2026-08-19,c162d60ca8c8caf4195c3abf4566747a,Toronto Tempo @ Washington Mystics,2026-08-19T23:30:00Z,Washington Mystics,Toronto Tempo,Sonia Citron,,PA,OVER,34.5,940,DraftKings,draftkings,player_points_assists_alternate,the-odds-api,2026-08-19T21:37:09.759982+00:00
2026-08-19,c162d60ca8c8caf4195c3abf4566747a,Toronto Tempo @ Washington Mystics,2026-08-19T23:30:00Z,Washington Mystics,Toronto Tempo,Shakira Austin,,PA,OVER,14.5,-1020,DraftKings,draftkings,player_points_assists_alternate,the-odds-api,2026-08-19T21:37:09.759982+00:00
2026-08-19,c162d60ca8c8caf4195c3abf4566747a,Toronto Tempo @ Washington Mystics,2026-08-19T23:30:00Z,Washington Mystics,Toronto Tempo,Shakira Austin,,PA,OVER,19.5,-212,DraftKings,draftkings,player_points_assists_alternate,the-odds-api,2026-08-19T21:37:09.759982+00:00
2026-08-19,c162d60ca8c8caf4195c3abf4566747a,Toronto Tempo @ Washington Mystics,2026-08-19T23:30:00Z,Washington Mystics,Toronto Tempo,Shakira Austin,,PA,OVER,21.5,-130,DraftKings,draftkings,player_points_assists_alternate,the-odds-api,2026-08-19T21:37:09.759982+00:00
2026-08-19,c162d60ca8c8caf4195c3abf4566747a,Toronto Tempo @ Washington Mystics,2026-08-19T23:30:00Z,Washington Mystics,Toronto Tempo,Shakira Austin,,PA,OVER,24.5,155,DraftKings,draftkings,player_points_assists_alternate,the-odds-api,2026-08-19T21:37:09.759982+00:00
2026-08-19,c162d60ca8c8caf4195c3abf4566747a,Toronto Tempo @ Washington Mystics,2026-08-19T23:30:00Z,Washington Mystics,Toronto Tempo,Shakira Austin,,PA,OVER,29.5,488,DraftKings,draftkings,player_points_assists_alternate,the-odds-api,2026-08-19T21:37:09.759982+00:00
2026-08-19,c162d60ca8c8caf4195c3abf4566747a,Toronto Tempo @ Washington Mystics,2026-08-19T23:30:00Z,Washington Mystics,Toronto Tempo,Shakira Austin,,PA,OVER,34.5,1360,DraftKings,draftkings,player_points_assists_alternate,the-odds-api,2026-08-19T21:37:09.759982+00:00
2026-08-19,c162d60ca8c8caf4195c3abf4566747a,Toronto Tempo @ Washington Mystics,2026-08-19T23:30:00Z,Washington Mystics,Toronto Tempo,Kiki Rice,,PA,OVER,9.5,-870,DraftKings,draftkings,player_points_assists_alternate,the-odds-api,2026-08-19T21:37:09.759982+00:00
2026-08-19,c162d60ca8c8caf4195c3abf4566747a,Toronto Tempo @ Washington Mystics,2026-08-19T23:30:00Z,Washington Mystics,Toronto Tempo,Kiki Rice,,PA,OVER,14.5,-190,DraftKings,draftkings,player_points_assists_alternate,the-odds-api,2026-08-19T21:37:09.759982+00:00
2026-08-19,c162d60ca8c8caf4195c3abf4566747a,Toronto Tempo @ Washington Mystics,2026-08-19T23:30:00Z,Washington Mystics,Toronto Tempo,Kiki Rice,,PA,OVER,16.5,-116,DraftKings,draftkings,player_points_assists_alternate,the-odds-api,2026-08-19T21:37:09.759982+00:00
2026-08-19,c162d60ca8c8caf4195c3abf4566747a,Toronto Tempo @ Washington Mystics,2026-08-19T23:30:00Z,Washington Mystics,Toronto Tempo,Kiki Rice,,PA,OVER,19.5,168,DraftKings,draftkings,player_points_assists_alternate,the-odds-api,2026-08-19T21:37:09.759982+00:00
2026-08-19,c162d60ca8c8caf4195c3abf4566747a,Toronto Tempo @ Washington Mystics,2026-08-19T23:30:00Z,Washington Mystics,Toronto Tempo,Kiki Rice,,PA,OVER,24.5,474,DraftKings,draftkings,player_points_assists_alternate,the-odds-api,2026-08-19T21:37:09.759982+00:00
2026-08-19,c162d60ca8c8caf4195c3abf4566747a,Toronto Tempo @ Washington Mystics,2026-08-19T23:30:00Z,Washington Mystics,Toronto Tempo,Kiki Rice,,PA,OVER,29.5,1220,DraftKings,draftkings,player_points_assists_alternate,the-odds-api,2026-08-19T21:37:09.759982+00:00
2026-08-19,c162d60ca8c8caf4195c3abf4566747a,Toronto Tempo @ Washington Mystics,2026-08-19T23:30:00Z,Washington Mystics,Toronto Tempo,Kiki Iriafen,,PA,OVER,9.5,-2800,DraftKings,draftkings,player_points_assists_alternate,the-odds-api,2026-08-19T21:37:09.759982+00:00
2026-08-19,c162d60ca8c8caf4195c3abf4566747a,Toronto Tempo @ Washington Mystics,2026-08-19T23:30:00Z,Washington Mystics,Toronto Tempo,Kiki Iriafen,,PA,OVER,14.5,-312,DraftKings,draftkings,player_points_assists_alternate,the-odds-api,2026-08-19T21:37:09.759982+00:00
2026-08-19,c162d60ca8c8caf4195c3abf4566747a,Toronto Tempo @ Washington Mystics,2026-08-19T23:30:00Z,Washington Mystics,Toronto Tempo,Kiki Iriafen,,PA,OVER,17.5,-127,DraftKings,draftkings,player_points_assists_alternate,the-odds-api,2026-08-19T21:37:09.759982+00:00
2026-08-19,c162d60ca8c8caf4195c3abf4566747a,Toronto Tempo @ Washington Mystics,2026-08-19T23:30:00Z,Washington Mystics,Toronto Tempo,Kiki Iriafen,,PA,OVER,19.5,134,DraftKings,draftkings,player_points_assists_alternate,the-odds-api,2026-08-19T21:37:09.759982+00:00
2026-08-19,c162d60ca8c8caf4195c3abf4566747a,Toronto Tempo @ Washington Mystics,2026-08-19T23:30:00Z,Washington Mystics,Toronto Tempo,Kiki Iriafen,,PA,OVER,24.5,474,DraftKings,draftkings,player_points_assists_alternate,the-odds-api,2026-08-19T21:37:09.759982+00:00
2026-08-19,c162d60ca8c8caf4195c3abf4566747a,Toronto Tempo @ Washington Mystics,2026-08-19T23:30:00Z,Washington Mystics,Toronto Tempo,Kiki Iriafen,,PA,OVER,29.5,1600,DraftKings,draftkings,player_points_assists_alternate,the-odds-api,2026-08-19T21:37:09.759982+00:00
2026-08-19,c162d60ca8c8caf4195c3abf4566747a,Toronto Tempo @ Washington Mystics,2026-08-19T23:30:00Z,Washington Mystics,Toronto Tempo,Isabelle Harrison,,PA,OVER,9.5,-547,DraftKings,draftkings,player_points_assists_alternate,the-odds-api,2026-08-19T21:37:09.759982+00:00
2026-08-19,c162d60ca8c8caf4195c3abf4566747a,Toronto Tempo @ Washington Mystics,2026-08-19T23:30:00Z,Washington Mystics,Toronto Tempo,Isabelle Harrison,,PA,OVER,14.5,-136,DraftKings,draftkings,player_points_assists_alternate,the-odds-api,2026-08-19T21:37:09.759982+00:00
2026-08-19,c162d60ca8c8caf4195c3abf4566747a,Toronto Tempo @ Washington Mystics,2026-08-19T23:30:00Z,Washington Mystics,Toronto Tempo,Isabelle Harrison,,PA,OVER,15.5,-108,DraftKings,draftkings,player_points_assists_alternate,the-odds-api,2026-08-19T21:37:09.759982+00:00
2026-08-19,c162d60ca8c8caf4195c3abf4566747a,Toronto Tempo @ Washington Mystics,2026-08-19T23:30:00Z,Washington Mystics,Toronto Tempo,Isabelle Harrison,,PA,OVER,19.5,223,DraftKings,draftkings,player_points_assists_alternate,the-odds-api,2026-08-19T21:37:09.759982+00:00
2026-08-19,c162d60ca8c8caf4195c3abf4566747a,Toronto Tempo @ Washington Mystics,2026-08-19T23:30:00Z,Washington Mystics,Toronto Tempo,Isabelle Harrison,,PA,OVER,24.5,630,DraftKings,draftkings,player_points_assists_alternate,the-odds-api,2026-08-19T21:37:09.759982+00:00
2026-08-19,c162d60ca8c8caf4195c3abf4566747a,Toronto Tempo @ Washington Mystics,2026-08-19T23:30:00Z,Washington Mystics,Toronto Tempo,Isabelle Harrison,,PA,OVER,29.5,1700,DraftKings,draftkings,player_points_assists_alternate,the-odds-api,2026-08-19T21:37:09.759982+00:00
2026-08-19,c162d60ca8c8caf4195c3abf4566747a,Toronto Tempo @ Washington Mystics,2026-08-19T23:30:00Z,Washington Mystics,Toronto Tempo,Cotie McMahon,,PA,OVER,4.5,-2300,DraftKings,draftkings,player_points_assists_alternate,the-odds-api,2026-08-19T21:37:09.759982+00:00
2026-08-19,c162d60ca8c8caf4195c3abf4566747a,Toronto Tempo @ Washington Mystics,2026-08-19T23:30:00Z,Washington Mystics,Toronto Tempo,Cotie McMahon,,PA,OVER,9.5,-166,DraftKings,draftkings,player_points_assists_alternate,the-odds-api,2026-08-19T21:37:09.759982+00:00
2026-08-19,c162d60ca8c8caf4195c3abf4566747a,Toronto Tempo @ Washington Mystics,2026-08-19T23:30:00Z,Washington Mystics,Toronto Tempo,Cotie McMahon,,PA,OVER,10.5,-117,DraftKings,draftkings,player_points_assists_alternate,the-odds-api,2026-08-19T21:37:09.759982+00:00
2026-08-19,c162d60ca8c8caf4195c3abf4566747a,Toronto Tempo @ Washington Mystics,2026-08-19T23:30:00Z,Washington Mystics,Toronto Tempo,Cotie McMahon,,PA,OVER,14.5,302,DraftKings,draftkings,player_points_assists_alternate,the-odds-api,2026-08-19T21:37:09.759982+00:00
2026-08-19,c162d60ca8c8caf4195c3abf4566747a,Toronto Tempo @ Washington Mystics,2026-08-19T23:30:00Z,Washington Mystics,Toronto Tempo,Cotie McMahon,,PA,OVER,19.5,1240,DraftKings,draftkings,player_points_assists_alternate,the-odds-api,2026-08-19T21:37:09.759982+00:00
2026-08-19,c162d60ca8c8caf4195c3abf4566747a,Toronto Tempo @ Washington Mystics,2026-08-19T23:30:00Z,Washington Mystics,Toronto Tempo,Georgia Amoore,,PA,OVER,4.5,-548,DraftKings,draftkings,player_points_assists_alternate,the-odds-api,2026-08-19T21:37:09.759982+00:00
2026-08-19,c162d60ca8c8caf4195c3abf4566747a,Toronto Tempo @ Washington Mystics,2026-08-19T23:30:00Z,Washington Mystics,Toronto Tempo,Georgia Amoore,,PA,OVER,7.5,-123,DraftKings,draftkings,player_points_assists_alternate,the-odds-api,2026-08-19T21:37:09.759982+00:00
2026-08-19,c162d60ca8c8caf4195c3abf4566747a,Toronto Tempo @ Washington Mystics,2026-08-19T23:30:00Z,Washington Mystics,Toronto Tempo,Georgia Amoore,,PA,OVER,9.5,176,DraftKings,draftkings,player_points_assists_alternate,the-odds-api,2026-08-19T21:37:09.759982+00:00
2026-08-19,c162d60ca8c8caf4195c3abf4566747a,Toronto Tempo @ Washington Mystics,2026-08-19T23:30:00Z,Washington Mystics,Toronto Tempo,Georgia Amoore,,PA,OVER,14.5,990,DraftKings,draftkings,player_points_assists_alternate,the-odds-api,2026-08-19T21:37:09.759982+00:00
2026-08-19,c162d60ca8c8caf4195c3abf4566747a,Toronto Tempo @ Washington Mystics,2026-08-19T23:30:00Z,Washington Mystics,Toronto Tempo,Shakira Austin,,PR,OVER,19.5,-1580,DraftKings,draftkings,player_points_rebounds_alternate,the-odds-api,2026-08-19T21:37:09.759982+00:00
2026-08-19,c162d60ca8c8caf4195c3abf4566747a,Toronto Tempo @ Washington Mystics,2026-08-19T23:30:00Z,Washington Mystics,Toronto Tempo,Shakira Austin,,PR,OVER,24.5,-354,DraftKings,draftkings,player_points_rebounds_alternate,the-odds-api,2026-08-19T21:37:09.759982+00:00
2026-08-19,c162d60ca8c8caf4195c3abf4566747a,Toronto Tempo @ Washington Mystics,2026-08-19T23:30:00Z,Washington Mystics,Toronto Tempo,Shakira Austin,,PR,OVER,29.5,-113,DraftKings,draftkings,player_points_rebounds_alternate,the-odds-api,2026-08-19T21:37:09.759982+00:00
2026-08-19,c162d60ca8c8caf4195c3abf4566747a,Toronto Tempo @ Washington Mystics,2026-08-19T23:30:00Z,Washington Mystics,Toronto Tempo,Shakira Austin,,PR,OVER,34.5,246,DraftKings,draftkings,player_points_rebounds_alternate,the-odds-api,2026-08-19T21:37:09.759982+00:00
2026-08-19,c162d60ca8c8caf4195c3abf4566747a,Toronto Tempo @ Washington Mystics,2026-08-19T23:30:00Z,Washington Mystics,Toronto Tempo,Shakira Austin,,PR,OVER,39.5,680,DraftKings,draftkings,player_points_rebounds_alternate,the-odds-api,2026-08-19T21:37:09.759982+00:00
2026-08-19,c162d60ca8c8caf4195c3abf4566747a,Toronto Tempo @ Washington Mystics,2026-08-19T23:30:00Z,Washington Mystics,Toronto Tempo,Shakira Austin,,PR,OVER,44.5,1660,DraftKings,draftkings,player_points_rebounds_alternate,the-odds-api,2026-08-19T21:37:09.759982+00:00
2026-08-19,c162d60ca8c8caf4195c3abf4566747a,Toronto Tempo @ Washington Mystics,2026-08-19T23:30:00Z,Washington Mystics,Toronto Tempo,Aneesah Morrow,,PR,OVER,14.5,-670,DraftKings,draftkings,player_points_rebounds_alternate,the-odds-api,2026-08-19T21:37:09.759982+00:00
2026-08-19,c162d60ca8c8caf4195c3abf4566747a,Toronto Tempo @ Washington Mystics,2026-08-19T23:30:00Z,Washington Mystics,Toronto Tempo,Aneesah Morrow,,PR,OVER,19.5,-189,DraftKings,draftkings,player_points_rebounds_alternate,the-odds-api,2026-08-19T21:37:09.759982+00:00
2026-08-19,c162d60ca8c8caf4195c3abf4566747a,Toronto Tempo @ Washington Mystics,2026-08-19T23:30:00Z,Washington Mystics,Toronto Tempo,Aneesah Morrow,,PR,OVER,21.5,-126,DraftKings,draftkings,player_points_rebounds_alternate,the-odds-api,2026-08-19T21:37:09.759982+00:00
2026-08-19,c162d60ca8c8caf4195c3abf4566747a,Toronto Tempo @ Washington Mystics,2026-08-19T23:30:00Z,Washington Mystics,Toronto Tempo,Aneesah Morrow,,PR,OVER,24.5,140,DraftKings,draftkings,player_points_rebounds_alternate,the-odds-api,2026-08-19T21:37:09.759982+00:00
2026-08-19,c162d60ca8c8caf4195c3abf4566747a,Toronto Tempo @ Washington Mystics,2026-08-19T23:30:00Z,Washington Mystics,Toronto Tempo,Aneesah Morrow,,PR,OVER,29.5,329,DraftKings,draftkings,player_points_rebounds_alternate,the-odds-api,2026-08-19T21:37:09.759982+00:00
2026-08-19,c162d60ca8c8caf4195c3abf4566747a,Toronto Tempo @ Washington Mystics,2026-08-19T23:30:00Z,Washington Mystics,Toronto Tempo,Aneesah Morrow,,PR,OVER,34.5,740,DraftKings,draftkings,player_points_rebounds_alternate,the-odds-api,2026-08-19T21:37:09.759982+00:00
2026-08-19,c162d60ca8c8caf4195c3abf4566747a,Toronto Tempo @ Washington Mystics,2026-08-19T23:30:00Z,Washington Mystics,Toronto Tempo,Aneesah Morrow,,PR,OVER,39.5,1580,DraftKings,draftkings,player_points_rebounds_alternate,the-odds-api,2026-08-19T21:37:09.759982+00:00
2026-08-19,c162d60ca8c8caf4195c3abf4566747a,Toronto Tempo @ Washington Mystics,2026-08-19T23:30:00Z,Washington Mystics,Toronto Tempo,Kiki Iriafen,,PR,OVER,19.5,-494,DraftKings,draftkings,player_points_rebounds_alternate,the-odds-api,2026-08-19T21:37:09.759982+00:00
2026-08-19,c162d60ca8c8caf4195c3abf4566747a,Toronto Tempo @ Washington Mystics,2026-08-19T23:30:00Z,Washington Mystics,Toronto Tempo,Kiki Iriafen,,PR,OVER,24.5,-129,DraftKings,draftkings,player_points_rebounds_alternate,the-odds-api,2026-08-19T21:37:09.759982+00:00
2026-08-19,c162d60ca8c8caf4195c3abf4566747a,Toronto Tempo @ Washington Mystics,2026-08-19T23:30:00Z,Washington Mystics,Toronto Tempo,Kiki Iriafen,,PR,OVER,29.5,250,DraftKings,draftkings,player_points_rebounds_alternate,the-odds-api,2026-08-19T21:37:09.759982+00:00
2026-08-19,c162d60ca8c8caf4195c3abf4566747a,Toronto Tempo @ Washington Mystics,2026-08-19T23:30:00Z,Washington Mystics,Toronto Tempo,Kiki Iriafen,,PR,OVER,34.5,760,DraftKings,draftkings,player_points_rebounds_alternate,the-odds-api,2026-08-19T21:37:09.759982+00:00
2026-08-19,c162d60ca8c8caf4195c3abf4566747a,Toronto Tempo @ Washington Mystics,2026-08-19T23:30:00Z,Washington Mystics,Toronto Tempo,Sonia Citron,,PR,OVER,14.5,-880,DraftKings,draftkings,player_points_rebounds_alternate,the-odds-api,2026-08-19T21:37:09.759982+00:00
2026-08-19,c162d60ca8c8caf4195c3abf4566747a,Toronto Tempo @ Washington Mystics,2026-08-19T23:30:00Z,Washington Mystics,Toronto Tempo,Sonia Citron,,PR,OVER,19.5,-213,DraftKings,draftkings,player_points_rebounds_alternate,the-odds-api,2026-08-19T21:37:09.759982+00:00
2026-08-19,c162d60ca8c8caf4195c3abf4566747a,Toronto Tempo @ Washington Mystics,2026-08-19T23:30:00Z,Washington Mystics,Toronto Tempo,Sonia Citron,,PR,OVER,22.5,-107,DraftKings,draftkings,player_points_rebounds_alternate,the-odds-api,2026-08-19T21:37:09.759982+00:00
2026-08-19,c162d60ca8c8caf4195c3abf4566747a,Toronto Tempo @ Washington Mystics,2026-08-19T23:30:00Z,Washington Mystics,Toronto Tempo,Sonia Citron,,PR,OVER,24.5,146,DraftKings,draftkings,player_points_rebounds_alternate,the-odds-api,2026-08-19T21:37:09.759982+00:00
2026-08-19,c162d60ca8c8caf4195c3abf4566747a,Toronto Tempo @ Washington Mystics,2026-08-19T23:30:00Z,Washington Mystics,Toronto Tempo,Sonia Citron,,PR,OVER,29.5,427,DraftKings,draftkings,player_points_rebounds_alternate,the-odds-api,2026-08-19T21:37:09.759982+00:00
2026-08-19,c162d60ca8c8caf4195c3abf4566747a,Toronto Tempo @ Washington Mystics,2026-08-19T23:30:00Z,Washington Mystics,Toronto Tempo,Sonia Citron,,PR,OVER,34.5,1140,DraftKings,draftkings,player_points_rebounds_alternate,the-odds-api,2026-08-19T21:37:09.759982+00:00
2026-08-19,c162d60ca8c8caf4195c3abf4566747a,Toronto Tempo @ Washington Mystics,2026-08-19T23:30:00Z,Washington Mystics,Toronto Tempo,Isabelle Harrison,,PR,OVER,9.5,-2100,DraftKings,draftkings,player_points_rebounds_alternate,the-odds-api,2026-08-19T21:37:09.759982+00:00
2026-08-19,c162d60ca8c8caf4195c3abf4566747a,Toronto Tempo @ Washington Mystics,2026-08-19T23:30:00Z,Washington Mystics,Toronto Tempo,Isabelle Harrison,,PR,OVER,14.5,-351,DraftKings,draftkings,player_points_rebounds_alternate,the-odds-api,2026-08-19T21:37:09.759982+00:00
2026-08-19,c162d60ca8c8caf4195c3abf4566747a,Toronto Tempo @ Washington Mystics,2026-08-19T23:30:00Z,Washington Mystics,Toronto Tempo,Isabelle Harrison,,PR,OVER,19.5,-109,DraftKings,draftkings,player_points_rebounds_alternate,the-odds-api,2026-08-19T21:37:09.759982+00:00
2026-08-19,c162d60ca8c8caf4195c3abf4566747a,Toronto Tempo @ Washington Mystics,2026-08-19T23:30:00Z,Washington Mystics,Toronto Tempo,Isabelle Harrison,,PR,OVER,24.5,252,DraftKings,draftkings,player_points_rebounds_alternate,the-odds-api,2026-08-19T21:37:09.759982+00:00
2026-08-19,c162d60ca8c8caf4195c3abf4566747a,Toronto Tempo @ Washington Mystics,2026-08-19T23:30:00Z,Washington Mystics,Toronto Tempo,Isabelle Harrison,,PR,OVER,29.5,650,DraftKings,draftkings,player_points_rebounds_alternate,the-odds-api,2026-08-19T21:37:09.759982+00:00
2026-08-19,c162d60ca8c8caf4195c3abf4566747a,Toronto Tempo @ Washington Mystics,2026-08-19T23:30:00Z,Washington Mystics,Toronto Tempo,Isabelle Harrison,,PR,OVER,34.5,1600,DraftKings,draftkings,player_points_rebounds_alternate,the-odds-api,2026-08-19T21:37:09.759982+00:00
2026-08-19,c162d60ca8c8caf4195c3abf4566747a,Toronto Tempo @ Washington Mystics,2026-08-19T23:30:00Z,Washington Mystics,Toronto Tempo,Kiki Rice,,PR,OVER,9.5,-760,DraftKings,draftkings,player_points_rebounds_alternate,the-odds-api,2026-08-19T21:37:09.759982+00:00
2026-08-19,c162d60ca8c8caf4195c3abf4566747a,Toronto Tempo @ Washington Mystics,2026-08-19T23:30:00Z,Washington Mystics,Toronto Tempo,Kiki Rice,,PR,OVER,14.5,-169,DraftKings,draftkings,player_points_rebounds_alternate,the-odds-api,2026-08-19T21:37:09.759982+00:00
2026-08-19,c162d60ca8c8caf4195c3abf4566747a,Toronto Tempo @ Washington Mystics,2026-08-19T23:30:00Z,Washington Mystics,Toronto Tempo,Kiki Rice,,PR,OVER,16.5,-106,DraftKings,draftkings,player_points_rebounds_alternate,the-odds-api,2026-08-19T21:37:09.759982+00:00
2026-08-19,c162d60ca8c8caf4195c3abf4566747a,Toronto Tempo @ Washington Mystics,2026-08-19T23:30:00Z,Washington Mystics,Toronto Tempo,Kiki Rice,,PR,OVER,19.5,178,DraftKings,draftkings,player_points_rebounds_alternate,the-odds-api,2026-08-19T21:37:09.759982+00:00
2026-08-19,c162d60ca8c8caf4195c3abf4566747a,Toronto Tempo @ Washington Mystics,2026-08-19T23:30:00Z,Washington Mystics,Toronto Tempo,Kiki Rice,,PR,OVER,24.5,483,DraftKings,draftkings,player_points_rebounds_alternate,the-odds-api,2026-08-19T21:37:09.759982+00:00
2026-08-19,c162d60ca8c8caf4195c3abf4566747a,Toronto Tempo @ Washington Mystics,2026-08-19T23:30:00Z,Washington Mystics,Toronto Tempo,Kiki Rice,,PR,OVER,29.5,1200,DraftKings,draftkings,player_points_rebounds_alternate,the-odds-api,2026-08-19T21:37:09.759982+00:00
2026-08-19,c162d60ca8c8caf4195c3abf4566747a,Toronto Tempo @ Washington Mystics,2026-08-19T23:30:00Z,Washington Mystics,Toronto Tempo,Laura Juskaite,,PR,OVER,9.5,-660,DraftKings,draftkings,player_points_rebounds_alternate,the-odds-api,2026-08-19T21:37:09.759982+00:00
2026-08-19,c162d60ca8c8caf4195c3abf4566747a,Toronto Tempo @ Washington Mystics,2026-08-19T23:30:00Z,Washington Mystics,Toronto Tempo,Laura Juskaite,,PR,OVER,14.5,-152,DraftKings,draftkings,player_points_rebounds_alternate,the-odds-api,2026-08-19T21:37:09.759982+00:00
2026-08-19,c162d60ca8c8caf4195c3abf4566747a,Toronto Tempo @ Washington Mystics,2026-08-19T23:30:00Z,Washington Mystics,Toronto Tempo,Laura Juskaite,,PR,OVER,15.5,-118,DraftKings,draftkings,player_points_rebounds_alternate,the-odds-api,2026-08-19T21:37:09.759982+00:00
2026-08-19,c162d60ca8c8caf4195c3abf4566747a,Toronto Tempo @ Washington Mystics,2026-08-19T23:30:00Z,Washington Mystics,Toronto Tempo,Laura Juskaite,,PR,OVER,19.5,208,DraftKings,draftkings,player_points_rebounds_alternate,the-odds-api,2026-08-19T21:37:09.759982+00:00
2026-08-19,c162d60ca8c8caf4195c3abf4566747a,Toronto Tempo @ Washington Mystics,2026-08-19T23:30:00Z,Washington Mystics,Toronto Tempo,Laura Juskaite,,PR,OVER,24.5,599,DraftKings,draftkings,player_points_rebounds_alternate,the-odds-api,2026-08-19T21:37:09.759982+00:00
2026-08-19,c162d60ca8c8caf4195c3abf4566747a,Toronto Tempo @ Washington Mystics,2026-08-19T23:30:00Z,Washington Mystics,Toronto Tempo,Laura Juskaite,,PR,OVER,29.5,1560,DraftKings,draftkings,player_points_rebounds_alternate,the-odds-api,2026-08-19T21:37:09.759982+00:00
2026-08-19,c162d60ca8c8caf4195c3abf4566747a,Toronto Tempo @ Washington Mystics,2026-08-19T23:30:00Z,Washington Mystics,Toronto Tempo,Lauren Betts,,PR,OVER,9.5,-351,DraftKings,draftkings,player_points_rebounds_alternate,the-odds-api,2026-08-19T21:37:09.759982+00:00
2026-08-19,c162d60ca8c8caf4195c3abf4566747a,Toronto Tempo @ Washington Mystics,2026-08-19T23:30:00Z,Washington Mystics,Toronto Tempo,Lauren Betts,,PR,OVER,13.5,-106,DraftKings,draftkings,player_points_rebounds_alternate,the-odds-api,2026-08-19T21:37:09.759982+00:00
2026-08-19,c162d60ca8c8caf4195c3abf4566747a,Toronto Tempo @ Washington Mystics,2026-08-19T23:30:00Z,Washington Mystics,Toronto Tempo,Lauren Betts,,PR,OVER,14.5,122,DraftKings,draftkings,player_points_rebounds_alternate,the-odds-api,2026-08-19T21:37:09.759982+00:00
2026-08-19,c162d60ca8c8caf4195c3abf4566747a,Toronto Tempo @ Washington Mystics,2026-08-19T23:30:00Z,Washington Mystics,Toronto Tempo,Lauren Betts,,PR,OVER,19.5,410,DraftKings,draftkings,player_points_rebounds_alternate,the-odds-api,2026-08-19T21:37:09.759982+00:00
2026-08-19,c162d60ca8c8caf4195c3abf4566747a,Toronto Tempo @ Washington Mystics,2026-08-19T23:30:00Z,Washington Mystics,Toronto Tempo,Lauren Betts,,PR,OVER,24.5,1200,DraftKings,draftkings,player_points_rebounds_alternate,the-odds-api,2026-08-19T21:37:09.759982+00:00
2026-08-19,c162d60ca8c8caf4195c3abf4566747a,Toronto Tempo @ Washington Mystics,2026-08-19T23:30:00Z,Washington Mystics,Toronto Tempo,Cotie McMahon,,PR,OVER,9.5,-239,DraftKings,draftkings,player_points_rebounds_alternate,the-odds-api,2026-08-19T21:37:09.759982+00:00
2026-08-19,c162d60ca8c8caf4195c3abf4566747a,Toronto Tempo @ Washington Mystics,2026-08-19T23:30:00Z,Washington Mystics,Toronto Tempo,Cotie McMahon,,PR,OVER,11.5,-120,DraftKings,draftkings,player_points_rebounds_alternate,the-odds-api,2026-08-19T21:37:09.759982+00:00
2026-08-19,c162d60ca8c8caf4195c3abf4566747a,Toronto Tempo @ Washington Mystics,2026-08-19T23:30:00Z,Washington Mystics,Toronto Tempo,Cotie McMahon,,PR,OVER,14.5,206,DraftKings,draftkings,player_points_rebounds_alternate,the-odds-api,2026-08-19T21:37:09.759982+00:00
2026-08-19,c162d60ca8c8caf4195c3abf4566747a,Toronto Tempo @ Washington Mystics,2026-08-19T23:30:00Z,Washington Mystics,Toronto Tempo,Cotie McMahon,,PR,OVER,19.5,820,DraftKings,draftkings,player_points_rebounds_alternate,the-odds-api,2026-08-19T21:37:09.759982+00:00
2026-08-19,c162d60ca8c8caf4195c3abf4566747a,Toronto Tempo @ Washington Mystics,2026-08-19T23:30:00Z,Washington Mystics,Toronto Tempo,Michaela Onyenwere,,PR,OVER,4.5,-1800,DraftKings,draftkings,player_points_rebounds_alternate,the-odds-api,2026-08-19T21:37:09.759982+00:00
2026-08-19,c162d60ca8c8caf4195c3abf4566747a,Toronto Tempo @ Washington Mystics,2026-08-19T23:30:00Z,Washington Mystics,Toronto Tempo,Michaela Onyenwere,,PR,OVER,9.5,-165,DraftKings,draftkings,player_points_rebounds_alternate,the-odds-api,2026-08-19T21:37:09.759982+00:00
2026-08-19,c162d60ca8c8caf4195c3abf4566747a,Toronto Tempo @ Washington Mystics,2026-08-19T23:30:00Z,Washington Mystics,Toronto Tempo,Michaela Onyenwere,,PR,OVER,10.5,-117,DraftKings,draftkings,player_points_rebounds_alternate,the-odds-api,2026-08-19T21:37:09.759982+00:00
2026-08-19,c162d60ca8c8caf4195c3abf4566747a,Toronto Tempo @ Washington Mystics,2026-08-19T23:30:00Z,Washington Mystics,Toronto Tempo,Michaela Onyenwere,,PR,OVER,14.5,286,DraftKings,draftkings,player_points_rebounds_alternate,the-odds-api,2026-08-19T21:37:09.759982+00:00
2026-08-19,c162d60ca8c8caf4195c3abf4566747a,Toronto Tempo @ Washington Mystics,2026-08-19T23:30:00Z,Washington Mystics,Toronto Tempo,Michaela Onyenwere,,PR,OVER,19.5,1140,DraftKings,draftkings,player_points_rebounds_alternate,the-odds-api,2026-08-19T21:37:09.759982+00:00
2026-08-19,c162d60ca8c8caf4195c3abf4566747a,Toronto Tempo @ Washington Mystics,2026-08-19T23:30:00Z,Washington Mystics,Toronto Tempo,Georgia Amoore,,PR,OVER,4.5,-186,DraftKings,draftkings,player_points_rebounds_alternate,the-odds-api,2026-08-19T21:37:09.759982+00:00
2026-08-19,c162d60ca8c8caf4195c3abf4566747a,Toronto Tempo @ Washington Mystics,2026-08-19T23:30:00Z,Washington Mystics,Toronto Tempo,Georgia Amoore,,PR,OVER,5.5,-119,DraftKings,draftkings,player_points_rebounds_alternate,the-odds-api,2026-08-19T21:37:09.759982+00:00
2026-08-19,c162d60ca8c8caf4195c3abf4566747a,Toronto Tempo @ Washington Mystics,2026-08-19T23:30:00Z,Washington Mystics,Toronto Tempo,Georgia Amoore,,PR,OVER,9.5,395,DraftKings,draftkings,player_points_rebounds_alternate,the-odds-api,2026-08-19T21:37:09.759982+00:00
2026-08-19,c162d60ca8c8caf4195c3abf4566747a,Toronto Tempo @ Washington Mystics,2026-08-19T23:30:00Z,Washington Mystics,Toronto Tempo,Shakira Austin,,PRA,OVER,24.5,-730,DraftKings,draftkings,player_points_rebounds_assists_alternate,the-odds-api,2026-08-19T21:37:09.759982+00:00
2026-08-19,c162d60ca8c8caf4195c3abf4566747a,Toronto Tempo @ Washington Mystics,2026-08-19T23:30:00Z,Washington Mystics,Toronto Tempo,Shakira Austin,,PRA,OVER,29.5,-211,DraftKings,draftkings,player_points_rebounds_assists_alternate,the-odds-api,2026-08-19T21:37:09.759982+00:00
2026-08-19,c162d60ca8c8caf4195c3abf4566747a,Toronto Tempo @ Washington Mystics,2026-08-19T23:30:00Z,Washington Mystics,Toronto Tempo,Shakira Austin,,PRA,OVER,32.5,-111,DraftKings,draftkings,player_points_rebounds_assists_alternate,the-odds-api,2026-08-19T21:37:09.759982+00:00
2026-08-19,c162d60ca8c8caf4195c3abf4566747a,Toronto Tempo @ Washington Mystics,2026-08-19T23:30:00Z,Washington Mystics,Toronto Tempo,Shakira Austin,,PRA,OVER,34.5,136,DraftKings,draftkings,player_points_rebounds_assists_alternate,the-odds-api,2026-08-19T21:37:09.759982+00:00
2026-08-19,c162d60ca8c8caf4195c3abf4566747a,Toronto Tempo @ Washington Mystics,2026-08-19T23:30:00Z,Washington Mystics,Toronto Tempo,Shakira Austin,,PRA,OVER,39.5,375,DraftKings,draftkings,player_points_rebounds_assists_alternate,the-odds-api,2026-08-19T21:37:09.759982+00:00
2026-08-19,c162d60ca8c8caf4195c3abf4566747a,Toronto Tempo @ Washington Mystics,2026-08-19T23:30:00Z,Washington Mystics,Toronto Tempo,Shakira Austin,,PRA,OVER,44.5,980,DraftKings,draftkings,player_points_rebounds_assists_alternate,the-odds-api,2026-08-19T21:37:09.759982+00:00
2026-08-19,c162d60ca8c8caf4195c3abf4566747a,Toronto Tempo @ Washington Mystics,2026-08-19T23:30:00Z,Washington Mystics,Toronto Tempo,Sonia Citron,,PRA,OVER,19.5,-800,DraftKings,draftkings,player_points_rebounds_assists_alternate,the-odds-api,2026-08-19T21:37:09.759982+00:00
2026-08-19,c162d60ca8c8caf4195c3abf4566747a,Toronto Tempo @ Washington Mystics,2026-08-19T23:30:00Z,Washington Mystics,Toronto Tempo,Sonia Citron,,PRA,OVER,24.5,-221,DraftKings,draftkings,player_points_rebounds_assists_alternate,the-odds-api,2026-08-19T21:37:09.759982+00:00
2026-08-19,c162d60ca8c8caf4195c3abf4566747a,Toronto Tempo @ Washington Mystics,2026-08-19T23:30:00Z,Washington Mystics,Toronto Tempo,Sonia Citron,,PRA,OVER,27.5,-114,DraftKings,draftkings,player_points_rebounds_assists_alternate,the-odds-api,2026-08-19T21:37:09.759982+00:00
2026-08-19,c162d60ca8c8caf4195c3abf4566747a,Toronto Tempo @ Washington Mystics,2026-08-19T23:30:00Z,Washington Mystics,Toronto Tempo,Sonia Citron,,PRA,OVER,29.5,134,DraftKings,draftkings,player_points_rebounds_assists_alternate,the-odds-api,2026-08-19T21:37:09.759982+00:00
2026-08-19,c162d60ca8c8caf4195c3abf4566747a,Toronto Tempo @ Washington Mystics,2026-08-19T23:30:00Z,Washington Mystics,Toronto Tempo,Sonia Citron,,PRA,OVER,34.5,388,DraftKings,draftkings,player_points_rebounds_assists_alternate,the-odds-api,2026-08-19T21:37:09.759982+00:00
2026-08-19,c162d60ca8c8caf4195c3abf4566747a,Toronto Tempo @ Washington Mystics,2026-08-19T23:30:00Z,Washington Mystics,Toronto Tempo,Sonia Citron,,PRA,OVER,39.5,1040,DraftKings,draftkings,player_points_rebounds_assists_alternate,the-odds-api,2026-08-19T21:37:09.759982+00:00
2026-08-19,c162d60ca8c8caf4195c3abf4566747a,Toronto Tempo @ Washington Mystics,2026-08-19T23:30:00Z,Washington Mystics,Toronto Tempo,Kiki Iriafen,,PRA,OVER,19.5,-980,DraftKings,draftkings,player_points_rebounds_assists_alternate,the-odds-api,2026-08-19T21:37:09.759982+00:00
2026-08-19,c162d60ca8c8caf4195c3abf4566747a,Toronto Tempo @ Washington Mystics,2026-08-19T23:30:00Z,Washington Mystics,Toronto Tempo,Kiki Iriafen,,PRA,OVER,24.5,-216,DraftKings,draftkings,player_points_rebounds_assists_alternate,the-odds-api,2026-08-19T21:37:09.759982+00:00
2026-08-19,c162d60ca8c8caf4195c3abf4566747a,Toronto Tempo @ Washington Mystics,2026-08-19T23:30:00Z,Washington Mystics,Toronto Tempo,Kiki Iriafen,,PRA,OVER,27.5,-105,DraftKings,draftkings,player_points_rebounds_assists_alternate,the-odds-api,2026-08-19T21:37:09.759982+00:00
2026-08-19,c162d60ca8c8caf4195c3abf4566747a,Toronto Tempo @ Washington Mystics,2026-08-19T23:30:00Z,Washington Mystics,Toronto Tempo,Kiki Iriafen,,PRA,OVER,29.5,152,DraftKings,draftkings,player_points_rebounds_assists_alternate,the-odds-api,2026-08-19T21:37:09.759982+00:00
2026-08-19,c162d60ca8c8caf4195c3abf4566747a,Toronto Tempo @ Washington Mystics,2026-08-19T23:30:00Z,Washington Mystics,Toronto Tempo,Kiki Iriafen,,PRA,OVER,34.5,456,DraftKings,draftkings,player_points_rebounds_assists_alternate,the-odds-api,2026-08-19T21:37:09.759982+00:00
2026-08-19,c162d60ca8c8caf4195c3abf4566747a,Toronto Tempo @ Washington Mystics,2026-08-19T23:30:00Z,Washington Mystics,Toronto Tempo,Kiki Iriafen,,PRA,OVER,39.5,1380,DraftKings,draftkings,player_points_rebounds_assists_alternate,the-odds-api,2026-08-19T21:37:09.759982+00:00
2026-08-19,c162d60ca8c8caf4195c3abf4566747a,Toronto Tempo @ Washington Mystics,2026-08-19T23:30:00Z,Washington Mystics,Toronto Tempo,Isabelle Harrison,,PRA,OVER,14.5,-660,DraftKings,draftkings,player_points_rebounds_assists_alternate,the-odds-api,2026-08-19T21:37:09.759982+00:00
2026-08-19,c162d60ca8c8caf4195c3abf4566747a,Toronto Tempo @ Washington Mystics,2026-08-19T23:30:00Z,Washington Mystics,Toronto Tempo,Isabelle Harrison,,PRA,OVER,19.5,-182,DraftKings,draftkings,player_points_rebounds_assists_alternate,the-odds-api,2026-08-19T21:37:09.759982+00:00
2026-08-19,c162d60ca8c8caf4195c3abf4566747a,Toronto Tempo @ Washington Mystics,2026-08-19T23:30:00Z,Washington Mystics,Toronto Tempo,Isabelle Harrison,,PRA,OVER,21.5,-119,DraftKings,draftkings,player_points_rebounds_assists_alternate,the-odds-api,2026-08-19T21:37:09.759982+00:00
2026-08-19,c162d60ca8c8caf4195c3abf4566747a,Toronto Tempo @ Washington Mystics,2026-08-19T23:30:00Z,Washington Mystics,Toronto Tempo,Isabelle Harrison,,PRA,OVER,24.5,154,DraftKings,draftkings,player_points_rebounds_assists_alternate,the-odds-api,2026-08-19T21:37:09.759982+00:00
2026-08-19,c162d60ca8c8caf4195c3abf4566747a,Toronto Tempo @ Washington Mystics,2026-08-19T23:30:00Z,Washington Mystics,Toronto Tempo,Isabelle Harrison,,PRA,OVER,29.5,403,DraftKings,draftkings,player_points_rebounds_assists_alternate,the-odds-api,2026-08-19T21:37:09.759982+00:00
2026-08-19,c162d60ca8c8caf4195c3abf4566747a,Toronto Tempo @ Washington Mystics,2026-08-19T23:30:00Z,Washington Mystics,Toronto Tempo,Isabelle Harrison,,PRA,OVER,34.5,1000,DraftKings,draftkings,player_points_rebounds_assists_alternate,the-odds-api,2026-08-19T21:37:09.759982+00:00
2026-08-19,c162d60ca8c8caf4195c3abf4566747a,Toronto Tempo @ Washington Mystics,2026-08-19T23:30:00Z,Washington Mystics,Toronto Tempo,Kiki Rice,,PRA,OVER,14.5,-469,DraftKings,draftkings,player_points_rebounds_assists_alternate,the-odds-api,2026-08-19T21:37:09.759982+00:00
2026-08-19,c162d60ca8c8caf4195c3abf4566747a,Toronto Tempo @ Washington Mystics,2026-08-19T23:30:00Z,Washington Mystics,Toronto Tempo,Kiki Rice,,PRA,OVER,19.5,-135,DraftKings,draftkings,player_points_rebounds_assists_alternate,the-odds-api,2026-08-19T21:37:09.759982+00:00
2026-08-19,c162d60ca8c8caf4195c3abf4566747a,Toronto Tempo @ Washington Mystics,2026-08-19T23:30:00Z,Washington Mystics,Toronto Tempo,Kiki Rice,,PRA,OVER,20.5,-108,DraftKings,draftkings,player_points_rebounds_assists_alternate,the-odds-api,2026-08-19T21:37:09.759982+00:00
2026-08-19,c162d60ca8c8caf4195c3abf4566747a,Toronto Tempo @ Washington Mystics,2026-08-19T23:30:00Z,Washington Mystics,Toronto Tempo,Kiki Rice,,PRA,OVER,24.5,209,DraftKings,draftkings,player_points_rebounds_assists_alternate,the-odds-api,2026-08-19T21:37:09.759982+00:00
2026-08-19,c162d60ca8c8caf4195c3abf4566747a,Toronto Tempo @ Washington Mystics,2026-08-19T23:30:00Z,Washington Mystics,Toronto Tempo,Kiki Rice,,PRA,OVER,29.5,548,DraftKings,draftkings,player_points_rebounds_assists_alternate,the-odds-api,2026-08-19T21:37:09.759982+00:00
2026-08-19,c162d60ca8c8caf4195c3abf4566747a,Toronto Tempo @ Washington Mystics,2026-08-19T23:30:00Z,Washington Mystics,Toronto Tempo,Kiki Rice,,PRA,OVER,34.5,1320,DraftKings,draftkings,player_points_rebounds_assists_alternate,the-odds-api,2026-08-19T21:37:09.759982+00:00
2026-08-19,c162d60ca8c8caf4195c3abf4566747a,Toronto Tempo @ Washington Mystics,2026-08-19T23:30:00Z,Washington Mystics,Toronto Tempo,Cotie McMahon,,PRA,OVER,9.5,-620,DraftKings,draftkings,player_points_rebounds_assists_alternate,the-odds-api,2026-08-19T21:37:09.759982+00:00
2026-08-19,c162d60ca8c8caf4195c3abf4566747a,Toronto Tempo @ Washington Mystics,2026-08-19T23:30:00Z,Washington Mystics,Toronto Tempo,Cotie McMahon,,PRA,OVER,14.5,100,DraftKings,draftkings,player_points_rebounds_assists_alternate,the-odds-api,2026-08-19T21:37:09.759982+00:00
2026-08-19,c162d60ca8c8caf4195c3abf4566747a,Toronto Tempo @ Washington Mystics,2026-08-19T23:30:00Z,Washington Mystics,Toronto Tempo,Cotie McMahon,,PRA,OVER,19.5,407,DraftKings,draftkings,player_points_rebounds_assists_alternate,the-odds-api,2026-08-19T21:37:09.759982+00:00
2026-08-19,c162d60ca8c8caf4195c3abf4566747a,Toronto Tempo @ Washington Mystics,2026-08-19T23:30:00Z,Washington Mystics,Toronto Tempo,Cotie McMahon,,PRA,OVER,24.5,1460,DraftKings,draftkings,player_points_rebounds_assists_alternate,the-odds-api,2026-08-19T21:37:09.759982+00:00
2026-08-19,c162d60ca8c8caf4195c3abf4566747a,Toronto Tempo @ Washington Mystics,2026-08-19T23:30:00Z,Washington Mystics,Toronto Tempo,Michaela Onyenwere,,PRA,OVER,9.5,-317,DraftKings,draftkings,player_points_rebounds_assists_alternate,the-odds-api,2026-08-19T21:37:09.759982+00:00
2026-08-19,c162d60ca8c8caf4195c3abf4566747a,Toronto Tempo @ Washington Mystics,2026-08-19T23:30:00Z,Washington Mystics,Toronto Tempo,Michaela Onyenwere,,PRA,OVER,12.5,-112,DraftKings,draftkings,player_points_rebounds_assists_alternate,the-odds-api,2026-08-19T21:37:09.759982+00:00
2026-08-19,c162d60ca8c8caf4195c3abf4566747a,Toronto Tempo @ Washington Mystics,2026-08-19T23:30:00Z,Washington Mystics,Toronto Tempo,Michaela Onyenwere,,PRA,OVER,14.5,164,DraftKings,draftkings,player_points_rebounds_assists_alternate,the-odds-api,2026-08-19T21:37:09.759982+00:00
2026-08-19,c162d60ca8c8caf4195c3abf4566747a,Toronto Tempo @ Washington Mystics,2026-08-19T23:30:00Z,Washington Mystics,Toronto Tempo,Michaela Onyenwere,,PRA,OVER,19.5,670,DraftKings,draftkings,player_points_rebounds_assists_alternate,the-odds-api,2026-08-19T21:37:09.759982+00:00
2026-08-19,c162d60ca8c8caf4195c3abf4566747a,Toronto Tempo @ Washington Mystics,2026-08-19T23:30:00Z,Washington Mystics,Toronto Tempo,Georgia Amoore,,PRA,OVER,4.5,-1080,DraftKings,draftkings,player_points_rebounds_assists_alternate,the-odds-api,2026-08-19T21:37:09.759982+00:00
2026-08-19,c162d60ca8c8caf4195c3abf4566747a,Toronto Tempo @ Washington Mystics,2026-08-19T23:30:00Z,Washington Mystics,Toronto Tempo,Georgia Amoore,,PRA,OVER,8.5,-135,DraftKings,draftkings,player_points_rebounds_assists_alternate,the-odds-api,2026-08-19T21:37:09.759982+00:00
2026-08-19,c162d60ca8c8caf4195c3abf4566747a,Toronto Tempo @ Washington Mystics,2026-08-19T23:30:00Z,Washington Mystics,Toronto Tempo,Georgia Amoore,,PRA,OVER,9.5,109,DraftKings,draftkings,player_points_rebounds_assists_alternate,the-odds-api,2026-08-19T21:37:09.759982+00:00
2026-08-19,c162d60ca8c8caf4195c3abf4566747a,Toronto Tempo @ Washington Mystics,2026-08-19T23:30:00Z,Washington Mystics,Toronto Tempo,Georgia Amoore,,PRA,OVER,14.5,630,DraftKings,draftkings,player_points_rebounds_assists_alternate,the-odds-api,2026-08-19T21:37:09.759982+00:00
2026-08-19,c162d60ca8c8caf4195c3abf4566747a,Toronto Tempo @ Washington Mystics,2026-08-19T23:30:00Z,Washington Mystics,Toronto Tempo,Aneesah Morrow,,REB,OVER,4.5,-1280,DraftKings,draftkings,player_rebounds_alternate,the-odds-api,2026-08-19T21:37:09.759982+00:00
2026-08-19,c162d60ca8c8caf4195c3abf4566747a,Toronto Tempo @ Washington Mystics,2026-08-19T23:30:00Z,Washington Mystics,Toronto Tempo,Aneesah Morrow,,REB,OVER,5.5,-610,DraftKings,draftkings,player_rebounds_alternate,the-odds-api,2026-08-19T21:37:09.759982+00:00
2026-08-19,c162d60ca8c8caf4195c3abf4566747a,Toronto Tempo @ Washington Mystics,2026-08-19T23:30:00Z,Washington Mystics,Toronto Tempo,Aneesah Morrow,,REB,OVER,6.5,-339,DraftKings,draftkings,player_rebounds_alternate,the-odds-api,2026-08-19T21:37:09.759982+00:00
2026-08-19,c162d60ca8c8caf4195c3abf4566747a,Toronto Tempo @ Washington Mystics,2026-08-19T23:30:00Z,Washington Mystics,Toronto Tempo,Aneesah Morrow,,REB,OVER,7.5,-206,DraftKings,draftkings,player_rebounds_alternate,the-odds-api,2026-08-19T21:37:09.759982+00:00
2026-08-19,c162d60ca8c8caf4195c3abf4566747a,Toronto Tempo @ Washington Mystics,2026-08-19T23:30:00Z,Washington Mystics,Toronto Tempo,Aneesah Morrow,,REB,OVER,8.5,-130,DraftKings,draftkings,player_rebounds_alternate,the-odds-api,2026-08-19T21:37:09.759982+00:00
2026-08-19,c162d60ca8c8caf4195c3abf4566747a,Toronto Tempo @ Washington Mystics,2026-08-19T23:30:00Z,Washington Mystics,Toronto Tempo,Aneesah Morrow,,REB,OVER,9.5,118,DraftKings,draftkings,player_rebounds_alternate,the-odds-api,2026-08-19T21:37:09.759982+00:00
2026-08-19,c162d60ca8c8caf4195c3abf4566747a,Toronto Tempo @ Washington Mystics,2026-08-19T23:30:00Z,Washington Mystics,Toronto Tempo,Aneesah Morrow,,REB,OVER,10.5,175,DraftKings,draftkings,player_rebounds_alternate,the-odds-api,2026-08-19T21:37:09.759982+00:00
2026-08-19,c162d60ca8c8caf4195c3abf4566747a,Toronto Tempo @ Washington Mystics,2026-08-19T23:30:00Z,Washington Mystics,Toronto Tempo,Aneesah Morrow,,REB,OVER,11.5,259,DraftKings,draftkings,player_rebounds_alternate,the-odds-api,2026-08-19T21:37:09.759982+00:00
2026-08-19,c162d60ca8c8caf4195c3abf4566747a,Toronto Tempo @ Washington Mystics,2026-08-19T23:30:00Z,Washington Mystics,Toronto Tempo,Aneesah Morrow,,REB,OVER,12.5,383,DraftKings,draftkings,player_rebounds_alternate,the-odds-api,2026-08-19T21:37:09.759982+00:00
2026-08-19,c162d60ca8c8caf4195c3abf4566747a,Toronto Tempo @ Washington Mystics,2026-08-19T23:30:00Z,Washington Mystics,Toronto Tempo,Aneesah Morrow,,REB,OVER,13.5,557,DraftKings,draftkings,player_rebounds_alternate,the-odds-api,2026-08-19T21:37:09.759982+00:00
2026-08-19,c162d60ca8c8caf4195c3abf4566747a,Toronto Tempo @ Washington Mystics,2026-08-19T23:30:00Z,Washington Mystics,Toronto Tempo,Aneesah Morrow,,REB,OVER,14.5,790,DraftKings,draftkings,player_rebounds_alternate,the-odds-api,2026-08-19T21:37:09.759982+00:00
2026-08-19,c162d60ca8c8caf4195c3abf4566747a,Toronto Tempo @ Washington Mystics,2026-08-19T23:30:00Z,Washington Mystics,Toronto Tempo,Aneesah Morrow,,REB,OVER,15.5,1120,DraftKings,draftkings,player_rebounds_alternate,the-odds-api,2026-08-19T21:37:09.759982+00:00
2026-08-19,c162d60ca8c8caf4195c3abf4566747a,Toronto Tempo @ Washington Mystics,2026-08-19T23:30:00Z,Washington Mystics,Toronto Tempo,Aneesah Morrow,,REB,OVER,16.5,1540,DraftKings,draftkings,player_rebounds_alternate,the-odds-api,2026-08-19T21:37:09.759982+00:00
2026-08-19,c162d60ca8c8caf4195c3abf4566747a,Toronto Tempo @ Washington Mystics,2026-08-19T23:30:00Z,Washington Mystics,Toronto Tempo,Shakira Austin,,REB,OVER,5.5,-2400,DraftKings,draftkings,player_rebounds_alternate,the-odds-api,2026-08-19T21:37:09.759982+00:00
2026-08-19,c162d60ca8c8caf4195c3abf4566747a,Toronto Tempo @ Washington Mystics,2026-08-19T23:30:00Z,Washington Mystics,Toronto Tempo,Shakira Austin,,REB,OVER,6.5,-920,DraftKings,draftkings,player_rebounds_alternate,the-odds-api,2026-08-19T21:37:09.759982+00:00
2026-08-19,c162d60ca8c8caf4195c3abf4566747a,Toronto Tempo @ Washington Mystics,2026-08-19T23:30:00Z,Washington Mystics,Toronto Tempo,Shakira Austin,,REB,OVER,7.5,-467,DraftKings,draftkings,player_rebounds_alternate,the-odds-api,2026-08-19T21:37:09.759982+00:00
2026-08-19,c162d60ca8c8caf4195c3abf4566747a,Toronto Tempo @ Washington Mystics,2026-08-19T23:30:00Z,Washington Mystics,Toronto Tempo,Shakira Austin,,REB,OVER,8.5,-258,DraftKings,draftkings,player_rebounds_alternate,the-odds-api,2026-08-19T21:37:09.759982+00:00
2026-08-19,c162d60ca8c8caf4195c3abf4566747a,Toronto Tempo @ Washington Mystics,2026-08-19T23:30:00Z,Washington Mystics,Toronto Tempo,Shakira Austin,,REB,OVER,9.5,-154,DraftKings,draftkings,player_rebounds_alternate,the-odds-api,2026-08-19T21:37:09.759982+00:00
2026-08-19,c162d60ca8c8caf4195c3abf4566747a,Toronto Tempo @ Washington Mystics,2026-08-19T23:30:00Z,Washington Mystics,Toronto Tempo,Shakira Austin,,REB,OVER,10.5,107,DraftKings,draftkings,player_rebounds_alternate,the-odds-api,2026-08-19T21:37:09.759982+00:00
2026-08-19,c162d60ca8c8caf4195c3abf4566747a,Toronto Tempo @ Washington Mystics,2026-08-19T23:30:00Z,Washington Mystics,Toronto Tempo,Shakira Austin,,REB,OVER,11.5,173,DraftKings,draftkings,player_rebounds_alternate,the-odds-api,2026-08-19T21:37:09.759982+00:00
2026-08-19,c162d60ca8c8caf4195c3abf4566747a,Toronto Tempo @ Washington Mystics,2026-08-19T23:30:00Z,Washington Mystics,Toronto Tempo,Shakira Austin,,REB,OVER,12.5,277,DraftKings,draftkings,player_rebounds_alternate,the-odds-api,2026-08-19T21:37:09.759982+00:00
2026-08-19,c162d60ca8c8caf4195c3abf4566747a,Toronto Tempo @ Washington Mystics,2026-08-19T23:30:00Z,Washington Mystics,Toronto Tempo,Shakira Austin,,REB,OVER,13.5,438,DraftKings,draftkings,player_rebounds_alternate,the-odds-api,2026-08-19T21:37:09.759982+00:00
2026-08-19,c162d60ca8c8caf4195c3abf4566747a,Toronto Tempo @ Washington Mystics,2026-08-19T23:30:00Z,Washington Mystics,Toronto Tempo,Shakira Austin,,REB,OVER,14.5,690,DraftKings,draftkings,player_rebounds_alternate,the-odds-api,2026-08-19T21:37:09.759982+00:00
2026-08-19,c162d60ca8c8caf4195c3abf4566747a,Toronto Tempo @ Washington Mystics,2026-08-19T23:30:00Z,Washington Mystics,Toronto Tempo,Shakira Austin,,REB,OVER,15.5,1100,DraftKings,draftkings,player_rebounds_alternate,the-odds-api,2026-08-19T21:37:09.759982+00:00
2026-08-19,c162d60ca8c8caf4195c3abf4566747a,Toronto Tempo @ Washington Mystics,2026-08-19T23:30:00Z,Washington Mystics,Toronto Tempo,Shakira Austin,,REB,OVER,16.5,1620,DraftKings,draftkings,player_rebounds_alternate,the-odds-api,2026-08-19T21:37:09.759982+00:00
2026-08-19,c162d60ca8c8caf4195c3abf4566747a,Toronto Tempo @ Washington Mystics,2026-08-19T23:30:00Z,Washington Mystics,Toronto Tempo,Kiki Iriafen,,REB,OVER,5.5,-1200,DraftKings,draftkings,player_rebounds_alternate,the-odds-api,2026-08-19T21:37:09.759982+00:00
2026-08-19,c162d60ca8c8caf4195c3abf4566747a,Toronto Tempo @ Washington Mystics,2026-08-19T23:30:00Z,Washington Mystics,Toronto Tempo,Kiki Iriafen,,REB,OVER,6.5,-528,DraftKings,draftkings,player_rebounds_alternate,the-odds-api,2026-08-19T21:37:09.759982+00:00
2026-08-19,c162d60ca8c8caf4195c3abf4566747a,Toronto Tempo @ Washington Mystics,2026-08-19T23:30:00Z,Washington Mystics,Toronto Tempo,Kiki Iriafen,,REB,OVER,7.5,-274,DraftKings,draftkings,player_rebounds_alternate,the-odds-api,2026-08-19T21:37:09.759982+00:00
2026-08-19,c162d60ca8c8caf4195c3abf4566747a,Toronto Tempo @ Washington Mystics,2026-08-19T23:30:00Z,Washington Mystics,Toronto Tempo,Kiki Iriafen,,REB,OVER,8.5,-152,DraftKings,draftkings,player_rebounds_alternate,the-odds-api,2026-08-19T21:37:09.759982+00:00
2026-08-19,c162d60ca8c8caf4195c3abf4566747a,Toronto Tempo @ Washington Mystics,2026-08-19T23:30:00Z,Washington Mystics,Toronto Tempo,Kiki Iriafen,,REB,OVER,9.5,114,DraftKings,draftkings,player_rebounds_alternate,the-odds-api,2026-08-19T21:37:09.759982+00:00
2026-08-19,c162d60ca8c8caf4195c3abf4566747a,Toronto Tempo @ Washington Mystics,2026-08-19T23:30:00Z,Washington Mystics,Toronto Tempo,Kiki Iriafen,,REB,OVER,10.5,191,DraftKings,draftkings,player_rebounds_alternate,the-odds-api,2026-08-19T21:37:09.759982+00:00
2026-08-19,c162d60ca8c8caf4195c3abf4566747a,Toronto Tempo @ Washington Mystics,2026-08-19T23:30:00Z,Washington Mystics,Toronto Tempo,Kiki Iriafen,,REB,OVER,11.5,313,DraftKings,draftkings,player_rebounds_alternate,the-odds-api,2026-08-19T21:37:09.759982+00:00
2026-08-19,c162d60ca8c8caf4195c3abf4566747a,Toronto Tempo @ Washington Mystics,2026-08-19T23:30:00Z,Washington Mystics,Toronto Tempo,Kiki Iriafen,,REB,OVER,12.5,497,DraftKings,draftkings,player_rebounds_alternate,the-odds-api,2026-08-19T21:37:09.759982+00:00
2026-08-19,c162d60ca8c8caf4195c3abf4566747a,Toronto Tempo @ Washington Mystics,2026-08-19T23:30:00Z,Washington Mystics,Toronto Tempo,Kiki Iriafen,,REB,OVER,13.5,790,DraftKings,draftkings,player_rebounds_alternate,the-odds-api,2026-08-19T21:37:09.759982+00:00
2026-08-19,c162d60ca8c8caf4195c3abf4566747a,Toronto Tempo @ Washington Mystics,2026-08-19T23:30:00Z,Washington Mystics,Toronto Tempo,Kiki Iriafen,,REB,OVER,14.5,1260,DraftKings,draftkings,player_rebounds_alternate,the-odds-api,2026-08-19T21:37:09.759982+00:00
2026-08-19,c162d60ca8c8caf4195c3abf4566747a,Toronto Tempo @ Washington Mystics,2026-08-19T23:30:00Z,Washington Mystics,Toronto Tempo,Isabelle Harrison,,REB,OVER,2.5,-2300,DraftKings,draftkings,player_rebounds_alternate,the-odds-api,2026-08-19T21:37:09.759982+00:00
2026-08-19,c162d60ca8c8caf4195c3abf4566747a,Toronto Tempo @ Washington Mystics,2026-08-19T23:30:00Z,Washington Mystics,Toronto Tempo,Isabelle Harrison,,REB,OVER,3.5,-700,DraftKings,draftkings,player_rebounds_alternate,the-odds-api,2026-08-19T21:37:09.759982+00:00
2026-08-19,c162d60ca8c8caf4195c3abf4566747a,Toronto Tempo @ Washington Mystics,2026-08-19T23:30:00Z,Washington Mystics,Toronto Tempo,Isabelle Harrison,,REB,OVER,4.5,-324,DraftKings,draftkings,player_rebounds_alternate,the-odds-api,2026-08-19T21:37:09.759982+00:00
2026-08-19,c162d60ca8c8caf4195c3abf4566747a,Toronto Tempo @ Washington Mystics,2026-08-19T23:30:00Z,Washington Mystics,Toronto Tempo,Isabelle Harrison,,REB,OVER,5.5,-173,DraftKings,draftkings,player_rebounds_alternate,the-odds-api,2026-08-19T21:37:09.759982+00:00
2026-08-19,c162d60ca8c8caf4195c3abf4566747a,Toronto Tempo @ Washington Mystics,2026-08-19T23:30:00Z,Washington Mystics,Toronto Tempo,Isabelle Harrison,,REB,OVER,6.5,102,DraftKings,draftkings,player_rebounds_alternate,the-odds-api,2026-08-19T21:37:09.759982+00:00
2026-08-19,c162d60ca8c8caf4195c3abf4566747a,Toronto Tempo @ Washington Mystics,2026-08-19T23:30:00Z,Washington Mystics,Toronto Tempo,Isabelle Harrison,,REB,OVER,7.5,172,DraftKings,draftkings,player_rebounds_alternate,the-odds-api,2026-08-19T21:37:09.759982+00:00
2026-08-19,c162d60ca8c8caf4195c3abf4566747a,Toronto Tempo @ Washington Mystics,2026-08-19T23:30:00Z,Washington Mystics,Toronto Tempo,Isabelle Harrison,,REB,OVER,8.5,287,DraftKings,draftkings,player_rebounds_alternate,the-odds-api,2026-08-19T21:37:09.759982+00:00
2026-08-19,c162d60ca8c8caf4195c3abf4566747a,Toronto Tempo @ Washington Mystics,2026-08-19T23:30:00Z,Washington Mystics,Toronto Tempo,Isabelle Harrison,,REB,OVER,9.5,467,DraftKings,draftkings,player_rebounds_alternate,the-odds-api,2026-08-19T21:37:09.759982+00:00
2026-08-19,c162d60ca8c8caf4195c3abf4566747a,Toronto Tempo @ Washington Mystics,2026-08-19T23:30:00Z,Washington Mystics,Toronto Tempo,Isabelle Harrison,,REB,OVER,10.5,760,DraftKings,draftkings,player_rebounds_alternate,the-odds-api,2026-08-19T21:37:09.759982+00:00
2026-08-19,c162d60ca8c8caf4195c3abf4566747a,Toronto Tempo @ Washington Mystics,2026-08-19T23:30:00Z,Washington Mystics,Toronto Tempo,Isabelle Harrison,,REB,OVER,11.5,1220,DraftKings,draftkings,player_rebounds_alternate,the-odds-api,2026-08-19T21:37:09.759982+00:00
2026-08-19,c162d60ca8c8caf4195c3abf4566747a,Toronto Tempo @ Washington Mystics,2026-08-19T23:30:00Z,Washington Mystics,Toronto Tempo,Lauren Betts,,REB,OVER,2.5,-950,DraftKings,draftkings,player_rebounds_alternate,the-odds-api,2026-08-19T21:37:09.759982+00:00
2026-08-19,c162d60ca8c8caf4195c3abf4566747a,Toronto Tempo @ Washington Mystics,2026-08-19T23:30:00Z,Washington Mystics,Toronto Tempo,Lauren Betts,,REB,OVER,3.5,-361,DraftKings,draftkings,player_rebounds_alternate,the-odds-api,2026-08-19T21:37:09.759982+00:00
2026-08-19,c162d60ca8c8caf4195c3abf4566747a,Toronto Tempo @ Washington Mystics,2026-08-19T23:30:00Z,Washington Mystics,Toronto Tempo,Lauren Betts,,REB,OVER,4.5,-169,DraftKings,draftkings,player_rebounds_alternate,the-odds-api,2026-08-19T21:37:09.759982+00:00
2026-08-19,c162d60ca8c8caf4195c3abf4566747a,Toronto Tempo @ Washington Mystics,2026-08-19T23:30:00Z,Washington Mystics,Toronto Tempo,Lauren Betts,,REB,OVER,5.5,113,DraftKings,draftkings,player_rebounds_alternate,the-odds-api,2026-08-19T21:37:09.759982+00:00
2026-08-19,c162d60ca8c8caf4195c3abf4566747a,Toronto Tempo @ Washington Mystics,2026-08-19T23:30:00Z,Washington Mystics,Toronto Tempo,Lauren Betts,,REB,OVER,6.5,205,DraftKings,draftkings,player_rebounds_alternate,the-odds-api,2026-08-19T21:37:09.759982+00:00
2026-08-19,c162d60ca8c8caf4195c3abf4566747a,Toronto Tempo @ Washington Mystics,2026-08-19T23:30:00Z,Washington Mystics,Toronto Tempo,Lauren Betts,,REB,OVER,7.5,363,DraftKings,draftkings,player_rebounds_alternate,the-odds-api,2026-08-19T21:37:09.759982+00:00
2026-08-19,c162d60ca8c8caf4195c3abf4566747a,Toronto Tempo @ Washington Mystics,2026-08-19T23:30:00Z,Washington Mystics,Toronto Tempo,Lauren Betts,,REB,OVER,8.5,620,DraftKings,draftkings,player_rebounds_alternate,the-odds-api,2026-08-19T21:37:09.759982+00:00
2026-08-19,c162d60ca8c8caf4195c3abf4566747a,Toronto Tempo @ Washington Mystics,2026-08-19T23:30:00Z,Washington Mystics,Toronto Tempo,Lauren Betts,,REB,OVER,9.5,1040,DraftKings,draftkings,player_rebounds_alternate,the-odds-api,2026-08-19T21:37:09.759982+00:00
2026-08-19,c162d60ca8c8caf4195c3abf4566747a,Toronto Tempo @ Washington Mystics,2026-08-19T23:30:00Z,Washington Mystics,Toronto Tempo,Lauren Betts,,REB,OVER,10.5,1660,DraftKings,draftkings,player_rebounds_alternate,the-odds-api,2026-08-19T21:37:09.759982+00:00
2026-08-19,c162d60ca8c8caf4195c3abf4566747a,Toronto Tempo @ Washington Mystics,2026-08-19T23:30:00Z,Washington Mystics,Toronto Tempo,Laura Juskaite,,REB,OVER,2.5,-558,DraftKings,draftkings,player_rebounds_alternate,the-odds-api,2026-08-19T21:37:09.759982+00:00
2026-08-19,c162d60ca8c8caf4195c3abf4566747a,Toronto Tempo @ Washington Mystics,2026-08-19T23:30:00Z,Washington Mystics,Toronto Tempo,Laura Juskaite,,REB,OVER,3.5,-221,DraftKings,draftkings,player_rebounds_alternate,the-odds-api,2026-08-19T21:37:09.759982+00:00
2026-08-19,c162d60ca8c8caf4195c3abf4566747a,Toronto Tempo @ Washington Mystics,2026-08-19T23:30:00Z,Washington Mystics,Toronto Tempo,Laura Juskaite,,REB,OVER,4.5,-106,DraftKings,draftkings,player_rebounds_alternate,the-odds-api,2026-08-19T21:37:09.759982+00:00
2026-08-19,c162d60ca8c8caf4195c3abf4566747a,Toronto Tempo @ Washington Mystics,2026-08-19T23:30:00Z,Washington Mystics,Toronto Tempo,Laura Juskaite,,REB,OVER,5.5,182,DraftKings,draftkings,player_rebounds_alternate,the-odds-api,2026-08-19T21:37:09.759982+00:00
2026-08-19,c162d60ca8c8caf4195c3abf4566747a,Toronto Tempo @ Washington Mystics,2026-08-19T23:30:00Z,Washington Mystics,Toronto Tempo,Laura Juskaite,,REB,OVER,6.5,336,DraftKings,draftkings,player_rebounds_alternate,the-odds-api,2026-08-19T21:37:09.759982+00:00
2026-08-19,c162d60ca8c8caf4195c3abf4566747a,Toronto Tempo @ Washington Mystics,2026-08-19T23:30:00Z,Washington Mystics,Toronto Tempo,Laura Juskaite,,REB,OVER,7.5,610,DraftKings,draftkings,player_rebounds_alternate,the-odds-api,2026-08-19T21:37:09.759982+00:00
2026-08-19,c162d60ca8c8caf4195c3abf4566747a,Toronto Tempo @ Washington Mystics,2026-08-19T23:30:00Z,Washington Mystics,Toronto Tempo,Laura Juskaite,,REB,OVER,8.5,1100,DraftKings,draftkings,player_rebounds_alternate,the-odds-api,2026-08-19T21:37:09.759982+00:00
2026-08-19,c162d60ca8c8caf4195c3abf4566747a,Toronto Tempo @ Washington Mystics,2026-08-19T23:30:00Z,Washington Mystics,Toronto Tempo,Sonia Citron,,REB,OVER,2.5,-293,DraftKings,draftkings,player_rebounds_alternate,the-odds-api,2026-08-19T21:37:09.759982+00:00
2026-08-19,c162d60ca8c8caf4195c3abf4566747a,Toronto Tempo @ Washington Mystics,2026-08-19T23:30:00Z,Washington Mystics,Toronto Tempo,Sonia Citron,,REB,OVER,3.5,-122,DraftKings,draftkings,player_rebounds_alternate,the-odds-api,2026-08-19T21:37:09.759982+00:00
2026-08-19,c162d60ca8c8caf4195c3abf4566747a,Toronto Tempo @ Washington Mystics,2026-08-19T23:30:00Z,Washington Mystics,Toronto Tempo,Sonia Citron,,REB,OVER,4.5,177,DraftKings,draftkings,player_rebounds_alternate,the-odds-api,2026-08-19T21:37:09.759982+00:00
2026-08-19,c162d60ca8c8caf4195c3abf4566747a,Toronto Tempo @ Washington Mystics,2026-08-19T23:30:00Z,Washington Mystics,Toronto Tempo,Sonia Citron,,REB,OVER,5.5,362,DraftKings,draftkings,player_rebounds_alternate,the-odds-api,2026-08-19T21:37:09.759982+00:00
2026-08-19,c162d60ca8c8caf4195c3abf4566747a,Toronto Tempo @ Washington Mystics,2026-08-19T23:30:00Z,Washington Mystics,Toronto Tempo,Sonia Citron,,REB,OVER,6.5,720,DraftKings,draftkings,player_rebounds_alternate,the-odds-api,2026-08-19T21:37:09.759982+00:00
2026-08-19,c162d60ca8c8caf4195c3abf4566747a,Toronto Tempo @ Washington Mystics,2026-08-19T23:30:00Z,Washington Mystics,Toronto Tempo,Sonia Citron,,REB,OVER,7.5,1300,DraftKings,draftkings,player_rebounds_alternate,the-odds-api,2026-08-19T21:37:09.759982+00:00
2026-08-19,c162d60ca8c8caf4195c3abf4566747a,Toronto Tempo @ Washington Mystics,2026-08-19T23:30:00Z,Washington Mystics,Toronto Tempo,Kiki Rice,,REB,OVER,2.5,-270,DraftKings,draftkings,player_rebounds_alternate,the-odds-api,2026-08-19T21:37:09.759982+00:00
2026-08-19,c162d60ca8c8caf4195c3abf4566747a,Toronto Tempo @ Washington Mystics,2026-08-19T23:30:00Z,Washington Mystics,Toronto Tempo,Kiki Rice,,REB,OVER,3.5,-113,DraftKings,draftkings,player_rebounds_alternate,the-odds-api,2026-08-19T21:37:09.759982+00:00
2026-08-19,c162d60ca8c8caf4195c3abf4566747a,Toronto Tempo @ Washington Mystics,2026-08-19T23:30:00Z,Washington Mystics,Toronto Tempo,Kiki Rice,,REB,OVER,4.5,192,DraftKings,draftkings,player_rebounds_alternate,the-odds-api,2026-08-19T21:37:09.759982+00:00
2026-08-19,c162d60ca8c8caf4195c3abf4566747a,Toronto Tempo @ Washington Mystics,2026-08-19T23:30:00Z,Washington Mystics,Toronto Tempo,Kiki Rice,,REB,OVER,5.5,378,DraftKings,draftkings,player_rebounds_alternate,the-odds-api,2026-08-19T21:37:09.759982+00:00
2026-08-19,c162d60ca8c8caf4195c3abf4566747a,Toronto Tempo @ Washington Mystics,2026-08-19T23:30:00Z,Washington Mystics,Toronto Tempo,Kiki Rice,,REB,OVER,6.5,730,DraftKings,draftkings,player_rebounds_alternate,the-odds-api,2026-08-19T21:37:09.759982+00:00
2026-08-19,c162d60ca8c8caf4195c3abf4566747a,Toronto Tempo @ Washington Mystics,2026-08-19T23:30:00Z,Washington Mystics,Toronto Tempo,Kiki Rice,,REB,OVER,7.5,1340,DraftKings,draftkings,player_rebounds_alternate,the-odds-api,2026-08-19T21:37:09.759982+00:00
2026-08-19,c162d60ca8c8caf4195c3abf4566747a,Toronto Tempo @ Washington Mystics,2026-08-19T23:30:00Z,Washington Mystics,Toronto Tempo,Cotie McMahon,,REB,OVER,2.5,-245,DraftKings,draftkings,player_rebounds_alternate,the-odds-api,2026-08-19T21:37:09.759982+00:00
2026-08-19,c162d60ca8c8caf4195c3abf4566747a,Toronto Tempo @ Washington Mystics,2026-08-19T23:30:00Z,Washington Mystics,Toronto Tempo,Cotie McMahon,,REB,OVER,3.5,101,DraftKings,draftkings,player_rebounds_alternate,the-odds-api,2026-08-19T21:37:09.759982+00:00
2026-08-19,c162d60ca8c8caf4195c3abf4566747a,Toronto Tempo @ Washington Mystics,2026-08-19T23:30:00Z,Washington Mystics,Toronto Tempo,Cotie McMahon,,REB,OVER,4.5,219,DraftKings,draftkings,player_rebounds_alternate,the-odds-api,2026-08-19T21:37:09.759982+00:00
2026-08-19,c162d60ca8c8caf4195c3abf4566747a,Toronto Tempo @ Washington Mystics,2026-08-19T23:30:00Z,Washington Mystics,Toronto Tempo,Cotie McMahon,,REB,OVER,5.5,468,DraftKings,draftkings,player_rebounds_alternate,the-odds-api,2026-08-19T21:37:09.759982+00:00
2026-08-19,c162d60ca8c8caf4195c3abf4566747a,Toronto Tempo @ Washington Mystics,2026-08-19T23:30:00Z,Washington Mystics,Toronto Tempo,Cotie McMahon,,REB,OVER,6.5,930,DraftKings,draftkings,player_rebounds_alternate,the-odds-api,2026-08-19T21:37:09.759982+00:00
2026-08-19,c162d60ca8c8caf4195c3abf4566747a,Toronto Tempo @ Washington Mystics,2026-08-19T23:30:00Z,Washington Mystics,Toronto Tempo,Cotie McMahon,,REB,OVER,7.5,1680,DraftKings,draftkings,player_rebounds_alternate,the-odds-api,2026-08-19T21:37:09.759982+00:00
2026-08-19,c162d60ca8c8caf4195c3abf4566747a,Toronto Tempo @ Washington Mystics,2026-08-19T23:30:00Z,Washington Mystics,Toronto Tempo,Michaela Onyenwere,,REB,OVER,2.5,-132,DraftKings,draftkings,player_rebounds_alternate,the-odds-api,2026-08-19T21:37:09.759982+00:00
2026-08-19,c162d60ca8c8caf4195c3abf4566747a,Toronto Tempo @ Washington Mystics,2026-08-19T23:30:00Z,Washington Mystics,Toronto Tempo,Michaela Onyenwere,,REB,OVER,3.5,184,DraftKings,draftkings,player_rebounds_alternate,the-odds-api,2026-08-19T21:37:09.759982+00:00
2026-08-19,c162d60ca8c8caf4195c3abf4566747a,Toronto Tempo @ Washington Mystics,2026-08-19T23:30:00Z,Washington Mystics,Toronto Tempo,Michaela Onyenwere,,REB,OVER,4.5,414,DraftKings,draftkings,player_rebounds_alternate,the-odds-api,2026-08-19T21:37:09.759982+00:00
2026-08-19,c162d60ca8c8caf4195c3abf4566747a,Toronto Tempo @ Washington Mystics,2026-08-19T23:30:00Z,Washington Mystics,Toronto Tempo,Michaela Onyenwere,,REB,OVER,5.5,890,DraftKings,draftkings,player_rebounds_alternate,the-odds-api,2026-08-19T21:37:09.759982+00:00
2026-08-19,c162d60ca8c8caf4195c3abf4566747a,Toronto Tempo @ Washington Mystics,2026-08-19T23:30:00Z,Washington Mystics,Toronto Tempo,Sonia Citron,,3PM,OVER,0.5,-537,DraftKings,draftkings,player_threes_alternate,the-odds-api,2026-08-19T21:37:09.759982+00:00
2026-08-19,c162d60ca8c8caf4195c3abf4566747a,Toronto Tempo @ Washington Mystics,2026-08-19T23:30:00Z,Washington Mystics,Toronto Tempo,Sonia Citron,,3PM,OVER,1.5,-121,DraftKings,draftkings,player_threes_alternate,the-odds-api,2026-08-19T21:37:09.759982+00:00
2026-08-19,c162d60ca8c8caf4195c3abf4566747a,Toronto Tempo @ Washington Mystics,2026-08-19T23:30:00Z,Washington Mystics,Toronto Tempo,Sonia Citron,,3PM,OVER,2.5,255,DraftKings,draftkings,player_threes_alternate,the-odds-api,2026-08-19T21:37:09.759982+00:00
2026-08-19,c162d60ca8c8caf4195c3abf4566747a,Toronto Tempo @ Washington Mystics,2026-08-19T23:30:00Z,Washington Mystics,Toronto Tempo,Sonia Citron,,3PM,OVER,3.5,660,DraftKings,draftkings,player_threes_alternate,the-odds-api,2026-08-19T21:37:09.759982+00:00
2026-08-19,c162d60ca8c8caf4195c3abf4566747a,Toronto Tempo @ Washington Mystics,2026-08-19T23:30:00Z,Washington Mystics,Toronto Tempo,Sonia Citron,,3PM,OVER,4.5,1520,DraftKings,draftkings,player_threes_alternate,the-odds-api,2026-08-19T21:37:09.759982+00:00
2026-08-19,c162d60ca8c8caf4195c3abf4566747a,Toronto Tempo @ Washington Mystics,2026-08-19T23:30:00Z,Washington Mystics,Toronto Tempo,Sonia Citron,,3PM,OVER,5.5,2800,DraftKings,draftkings,player_threes_alternate,the-odds-api,2026-08-19T21:37:09.759982+00:00
2026-08-19,c162d60ca8c8caf4195c3abf4566747a,Toronto Tempo @ Washington Mystics,2026-08-19T23:30:00Z,Washington Mystics,Toronto Tempo,Michaela Onyenwere,,3PM,OVER,0.5,-358,DraftKings,draftkings,player_threes_alternate,the-odds-api,2026-08-19T21:37:09.759982+00:00
2026-08-19,c162d60ca8c8caf4195c3abf4566747a,Toronto Tempo @ Washington Mystics,2026-08-19T23:30:00Z,Washington Mystics,Toronto Tempo,Michaela Onyenwere,,3PM,OVER,1.5,128,DraftKings,draftkings,player_threes_alternate,the-odds-api,2026-08-19T21:37:09.759982+00:00
2026-08-19,c162d60ca8c8caf4195c3abf4566747a,Toronto Tempo @ Washington Mystics,2026-08-19T23:30:00Z,Washington Mystics,Toronto Tempo,Michaela Onyenwere,,3PM,OVER,2.5,407,DraftKings,draftkings,player_threes_alternate,the-odds-api,2026-08-19T21:37:09.759982+00:00
2026-08-19,c162d60ca8c8caf4195c3abf4566747a,Toronto Tempo @ Washington Mystics,2026-08-19T23:30:00Z,Washington Mystics,Toronto Tempo,Michaela Onyenwere,,3PM,OVER,3.5,1140,DraftKings,draftkings,player_threes_alternate,the-odds-api,2026-08-19T21:37:09.759982+00:00
2026-08-19,c162d60ca8c8caf4195c3abf4566747a,Toronto Tempo @ Washington Mystics,2026-08-19T23:30:00Z,Washington Mystics,Toronto Tempo,Michaela Onyenwere,,3PM,OVER,4.5,2400,DraftKings,draftkings,player_threes_alternate,the-odds-api,2026-08-19T21:37:09.759982+00:00
2026-08-19,c162d60ca8c8caf4195c3abf4566747a,Toronto Tempo @ Washington Mystics,2026-08-19T23:30:00Z,Washington Mystics,Toronto Tempo,Laura Juskaite,,3PM,OVER,0.5,-317,DraftKings,draftkings,player_threes_alternate,the-odds-api,2026-08-19T21:37:09.759982+00:00
2026-08-19,c162d60ca8c8caf4195c3abf4566747a,Toronto Tempo @ Washington Mystics,2026-08-19T23:30:00Z,Washington Mystics,Toronto Tempo,Laura Juskaite,,3PM,OVER,1.5,140,DraftKings,draftkings,player_threes_alternate,the-odds-api,2026-08-19T21:37:09.759982+00:00
2026-08-19,c162d60ca8c8caf4195c3abf4566747a,Toronto Tempo @ Washington Mystics,2026-08-19T23:30:00Z,Washington Mystics,Toronto Tempo,Laura Juskaite,,3PM,OVER,2.5,457,DraftKings,draftkings,player_threes_alternate,the-odds-api,2026-08-19T21:37:09.759982+00:00
2026-08-19,c162d60ca8c8caf4195c3abf4566747a,Toronto Tempo @ Washington Mystics,2026-08-19T23:30:00Z,Washington Mystics,Toronto Tempo,Laura Juskaite,,3PM,OVER,3.5,1220,DraftKings,draftkings,player_threes_alternate,the-odds-api,2026-08-19T21:37:09.759982+00:00
2026-08-19,c162d60ca8c8caf4195c3abf4566747a,Toronto Tempo @ Washington Mystics,2026-08-19T23:30:00Z,Washington Mystics,Toronto Tempo,Laura Juskaite,,3PM,OVER,4.5,2700,DraftKings,draftkings,player_threes_alternate,the-odds-api,2026-08-19T21:37:09.759982+00:00
2026-08-19,c162d60ca8c8caf4195c3abf4566747a,Toronto Tempo @ Washington Mystics,2026-08-19T23:30:00Z,Washington Mystics,Toronto Tempo,Isabelle Harrison,,3PM,OVER,0.5,-234,DraftKings,draftkings,player_threes_alternate,the-odds-api,2026-08-19T21:37:09.759982+00:00
2026-08-19,c162d60ca8c8caf4195c3abf4566747a,Toronto Tempo @ Washington Mystics,2026-08-19T23:30:00Z,Washington Mystics,Toronto Tempo,Isabelle Harrison,,3PM,OVER,1.5,196,DraftKings,draftkings,player_threes_alternate,the-odds-api,2026-08-19T21:37:09.759982+00:00
2026-08-19,c162d60ca8c8caf4195c3abf4566747a,Toronto Tempo @ Washington Mystics,2026-08-19T23:30:00Z,Washington Mystics,Toronto Tempo,Isabelle Harrison,,3PM,OVER,2.5,650,DraftKings,draftkings,player_threes_alternate,the-odds-api,2026-08-19T21:37:09.759982+00:00
2026-08-19,c162d60ca8c8caf4195c3abf4566747a,Toronto Tempo @ Washington Mystics,2026-08-19T23:30:00Z,Washington Mystics,Toronto Tempo,Isabelle Harrison,,3PM,OVER,3.5,1800,DraftKings,draftkings,player_threes_alternate,the-odds-api,2026-08-19T21:37:09.759982+00:00
2026-08-19,c162d60ca8c8caf4195c3abf4566747a,Toronto Tempo @ Washington Mystics,2026-08-19T23:30:00Z,Washington Mystics,Toronto Tempo,Georgia Amoore,,3PM,OVER,0.5,-186,DraftKings,draftkings,player_threes_alternate,the-odds-api,2026-08-19T21:37:09.759982+00:00
2026-08-19,c162d60ca8c8caf4195c3abf4566747a,Toronto Tempo @ Washington Mystics,2026-08-19T23:30:00Z,Washington Mystics,Toronto Tempo,Georgia Amoore,,3PM,OVER,1.5,261,DraftKings,draftkings,player_threes_alternate,the-odds-api,2026-08-19T21:37:09.759982+00:00
2026-08-19,c162d60ca8c8caf4195c3abf4566747a,Toronto Tempo @ Washington Mystics,2026-08-19T23:30:00Z,Washington Mystics,Toronto Tempo,Georgia Amoore,,3PM,OVER,2.5,870,DraftKings,draftkings,player_threes_alternate,the-odds-api,2026-08-19T21:37:09.759982+00:00
2026-08-19,c162d60ca8c8caf4195c3abf4566747a,Toronto Tempo @ Washington Mystics,2026-08-19T23:30:00Z,Washington Mystics,Toronto Tempo,Georgia Amoore,,3PM,OVER,3.5,2300,DraftKings,draftkings,player_threes_alternate,the-odds-api,2026-08-19T21:37:09.759982+00:00
2026-08-19,09563bab4edf9cf2073ee946ad95d61b,Minnesota Lynx @ Golden State Valkyries,2026-08-20T02:10:00Z,Golden State Valkyries,Minnesota Lynx,Olivia Miles,,AST,OVER,3.5,-870,DraftKings,draftkings,player_assists_alternate,the-odds-api,2026-08-19T21:37:11.263300+00:00
2026-08-19,09563bab4edf9cf2073ee946ad95d61b,Minnesota Lynx @ Golden State Valkyries,2026-08-20T02:10:00Z,Golden State Valkyries,Minnesota Lynx,Olivia Miles,,AST,OVER,4.5,-362,DraftKings,draftkings,player_assists_alternate,the-odds-api,2026-08-19T21:37:11.263300+00:00
2026-08-19,09563bab4edf9cf2073ee946ad95d61b,Minnesota Lynx @ Golden State Valkyries,2026-08-20T02:10:00Z,Golden State Valkyries,Minnesota Lynx,Olivia Miles,,AST,OVER,5.5,-174,DraftKings,draftkings,player_assists_alternate,the-odds-api,2026-08-19T21:37:11.263300+00:00
2026-08-19,09563bab4edf9cf2073ee946ad95d61b,Minnesota Lynx @ Golden State Valkyries,2026-08-20T02:10:00Z,Golden State Valkyries,Minnesota Lynx,Olivia Miles,,AST,OVER,6.5,110,DraftKings,draftkings,player_assists_alternate,the-odds-api,2026-08-19T21:37:11.263300+00:00
2026-08-19,09563bab4edf9cf2073ee946ad95d61b,Minnesota Lynx @ Golden State Valkyries,2026-08-20T02:10:00Z,Golden State Valkyries,Minnesota Lynx,Olivia Miles,,AST,OVER,7.5,202,DraftKings,draftkings,player_assists_alternate,the-odds-api,2026-08-19T21:37:11.263300+00:00
2026-08-19,09563bab4edf9cf2073ee946ad95d61b,Minnesota Lynx @ Golden State Valkyries,2026-08-20T02:10:00Z,Golden State Valkyries,Minnesota Lynx,Olivia Miles,,AST,OVER,8.5,356,DraftKings,draftkings,player_assists_alternate,the-odds-api,2026-08-19T21:37:11.263300+00:00
2026-08-19,09563bab4edf9cf2073ee946ad95d61b,Minnesota Lynx @ Golden State Valkyries,2026-08-20T02:10:00Z,Golden State Valkyries,Minnesota Lynx,Olivia Miles,,AST,OVER,9.5,640,DraftKings,draftkings,player_assists_alternate,the-odds-api,2026-08-19T21:37:11.263300+00:00
2026-08-19,09563bab4edf9cf2073ee946ad95d61b,Minnesota Lynx @ Golden State Valkyries,2026-08-20T02:10:00Z,Golden State Valkyries,Minnesota Lynx,Olivia Miles,,AST,OVER,10.5,1080,DraftKings,draftkings,player_assists_alternate,the-odds-api,2026-08-19T21:37:11.263300+00:00
2026-08-19,09563bab4edf9cf2073ee946ad95d61b,Minnesota Lynx @ Golden State Valkyries,2026-08-20T02:10:00Z,Golden State Valkyries,Minnesota Lynx,Veronica Burton,,AST,OVER,2.5,-2800,DraftKings,draftkings,player_assists_alternate,the-odds-api,2026-08-19T21:37:11.263300+00:00
2026-08-19,09563bab4edf9cf2073ee946ad95d61b,Minnesota Lynx @ Golden State Valkyries,2026-08-20T02:10:00Z,Golden State Valkyries,Minnesota Lynx,Veronica Burton,,AST,OVER,3.5,-770,DraftKings,draftkings,player_assists_alternate,the-odds-api,2026-08-19T21:37:11.263300+00:00
2026-08-19,09563bab4edf9cf2073ee946ad95d61b,Minnesota Lynx @ Golden State Valkyries,2026-08-20T02:10:00Z,Golden State Valkyries,Minnesota Lynx,Veronica Burton,,AST,OVER,4.5,-314,DraftKings,draftkings,player_assists_alternate,the-odds-api,2026-08-19T21:37:11.263300+00:00
2026-08-19,09563bab4edf9cf2073ee946ad95d61b,Minnesota Lynx @ Golden State Valkyries,2026-08-20T02:10:00Z,Golden State Valkyries,Minnesota Lynx,Veronica Burton,,AST,OVER,5.5,-155,DraftKings,draftkings,player_assists_alternate,the-odds-api,2026-08-19T21:37:11.263300+00:00
2026-08-19,09563bab4edf9cf2073ee946ad95d61b,Minnesota Lynx @ Golden State Valkyries,2026-08-20T02:10:00Z,Golden State Valkyries,Minnesota Lynx,Veronica Burton,,AST,OVER,6.5,124,DraftKings,draftkings,player_assists_alternate,the-odds-api,2026-08-19T21:37:11.263300+00:00
2026-08-19,09563bab4edf9cf2073ee946ad95d61b,Minnesota Lynx @ Golden State Valkyries,2026-08-20T02:10:00Z,Golden State Valkyries,Minnesota Lynx,Veronica Burton,,AST,OVER,7.5,228,DraftKings,draftkings,player_assists_alternate,the-odds-api,2026-08-19T21:37:11.263300+00:00
2026-08-19,09563bab4edf9cf2073ee946ad95d61b,Minnesota Lynx @ Golden State Valkyries,2026-08-20T02:10:00Z,Golden State Valkyries,Minnesota Lynx,Veronica Burton,,AST,OVER,8.5,413,DraftKings,draftkings,player_assists_alternate,the-odds-api,2026-08-19T21:37:11.263300+00:00
2026-08-19,09563bab4edf9cf2073ee946ad95d61b,Minnesota Lynx @ Golden State Valkyries,2026-08-20T02:10:00Z,Golden State Valkyries,Minnesota Lynx,Veronica Burton,,AST,OVER,9.5,750,DraftKings,draftkings,player_assists_alternate,the-odds-api,2026-08-19T21:37:11.263300+00:00
2026-08-19,09563bab4edf9cf2073ee946ad95d61b,Minnesota Lynx @ Golden State Valkyries,2026-08-20T02:10:00Z,Golden State Valkyries,Minnesota Lynx,Veronica Burton,,AST,OVER,10.5,1320,DraftKings,draftkings,player_assists_alternate,the-odds-api,2026-08-19T21:37:11.263300+00:00
2026-08-19,09563bab4edf9cf2073ee946ad95d61b,Minnesota Lynx @ Golden State Valkyries,2026-08-20T02:10:00Z,Golden State Valkyries,Minnesota Lynx,Courtney Williams,,AST,OVER,2.5,-360,DraftKings,draftkings,player_assists_alternate,the-odds-api,2026-08-19T21:37:11.263300+00:00
2026-08-19,09563bab4edf9cf2073ee946ad95d61b,Minnesota Lynx @ Golden State Valkyries,2026-08-20T02:10:00Z,Golden State Valkyries,Minnesota Lynx,Courtney Williams,,AST,OVER,3.5,-153,DraftKings,draftkings,player_assists_alternate,the-odds-api,2026-08-19T21:37:11.263300+00:00
2026-08-19,09563bab4edf9cf2073ee946ad95d61b,Minnesota Lynx @ Golden State Valkyries,2026-08-20T02:10:00Z,Golden State Valkyries,Minnesota Lynx,Courtney Williams,,AST,OVER,4.5,136,DraftKings,draftkings,player_assists_alternate,the-odds-api,2026-08-19T21:37:11.263300+00:00
2026-08-19,09563bab4edf9cf2073ee946ad95d61b,Minnesota Lynx @ Golden State Valkyries,2026-08-20T02:10:00Z,Golden State Valkyries,Minnesota Lynx,Courtney Williams,,AST,OVER,5.5,273,DraftKings,draftkings,player_assists_alternate,the-odds-api,2026-08-19T21:37:11.263300+00:00
2026-08-19,09563bab4edf9cf2073ee946ad95d61b,Minnesota Lynx @ Golden State Valkyries,2026-08-20T02:10:00Z,Golden State Valkyries,Minnesota Lynx,Courtney Williams,,AST,OVER,6.5,519,DraftKings,draftkings,player_assists_alternate,the-odds-api,2026-08-19T21:37:11.263300+00:00
2026-08-19,09563bab4edf9cf2073ee946ad95d61b,Minnesota Lynx @ Golden State Valkyries,2026-08-20T02:10:00Z,Golden State Valkyries,Minnesota Lynx,Courtney Williams,,AST,OVER,7.5,990,DraftKings,draftkings,player_assists_alternate,the-odds-api,2026-08-19T21:37:11.263300+00:00
2026-08-19,09563bab4edf9cf2073ee946ad95d61b,Minnesota Lynx @ Golden State Valkyries,2026-08-20T02:10:00Z,Golden State Valkyries,Minnesota Lynx,Gabby Williams,,AST,OVER,2.5,-104,DraftKings,draftkings,player_assists_alternate,the-odds-api,2026-08-19T21:37:11.263300+00:00
2026-08-19,09563bab4edf9cf2073ee946ad95d61b,Minnesota Lynx @ Golden State Valkyries,2026-08-20T02:10:00Z,Golden State Valkyries,Minnesota Lynx,Gabby Williams,,AST,OVER,3.5,205,DraftKings,draftkings,player_assists_alternate,the-odds-api,2026-08-19T21:37:11.263300+00:00
2026-08-19,09563bab4edf9cf2073ee946ad95d61b,Minnesota Lynx @ Golden State Valkyries,2026-08-20T02:10:00Z,Golden State Valkyries,Minnesota Lynx,Gabby Williams,,AST,OVER,4.5,404,DraftKings,draftkings,player_assists_alternate,the-odds-api,2026-08-19T21:37:11.263300+00:00
2026-08-19,09563bab4edf9cf2073ee946ad95d61b,Minnesota Lynx @ Golden State Valkyries,2026-08-20T02:10:00Z,Golden State Valkyries,Minnesota Lynx,Gabby Williams,,AST,OVER,5.5,760,DraftKings,draftkings,player_assists_alternate,the-odds-api,2026-08-19T21:37:11.263300+00:00
2026-08-19,09563bab4edf9cf2073ee946ad95d61b,Minnesota Lynx @ Golden State Valkyries,2026-08-20T02:10:00Z,Golden State Valkyries,Minnesota Lynx,Gabby Williams,,AST,OVER,6.5,1400,DraftKings,draftkings,player_assists_alternate,the-odds-api,2026-08-19T21:37:11.263300+00:00
2026-08-19,09563bab4edf9cf2073ee946ad95d61b,Minnesota Lynx @ Golden State Valkyries,2026-08-20T02:10:00Z,Golden State Valkyries,Minnesota Lynx,Natasha Howard,,AST,OVER,2.5,-160,DraftKings,draftkings,player_assists_alternate,the-odds-api,2026-08-19T21:37:11.263300+00:00
2026-08-19,09563bab4edf9cf2073ee946ad95d61b,Minnesota Lynx @ Golden State Valkyries,2026-08-20T02:10:00Z,Golden State Valkyries,Minnesota Lynx,Natasha Howard,,AST,OVER,3.5,151,DraftKings,draftkings,player_assists_alternate,the-odds-api,2026-08-19T21:37:11.263300+00:00
2026-08-19,09563bab4edf9cf2073ee946ad95d61b,Minnesota Lynx @ Golden State Valkyries,2026-08-20T02:10:00Z,Golden State Valkyries,Minnesota Lynx,Natasha Howard,,AST,OVER,4.5,340,DraftKings,draftkings,player_assists_alternate,the-odds-api,2026-08-19T21:37:11.263300+00:00
2026-08-19,09563bab4edf9cf2073ee946ad95d61b,Minnesota Lynx @ Golden State Valkyries,2026-08-20T02:10:00Z,Golden State Valkyries,Minnesota Lynx,Natasha Howard,,AST,OVER,5.5,730,DraftKings,draftkings,player_assists_alternate,the-odds-api,2026-08-19T21:37:11.263300+00:00
2026-08-19,09563bab4edf9cf2073ee946ad95d61b,Minnesota Lynx @ Golden State Valkyries,2026-08-20T02:10:00Z,Golden State Valkyries,Minnesota Lynx,Natasha Howard,,AST,OVER,6.5,1440,DraftKings,draftkings,player_assists_alternate,the-odds-api,2026-08-19T21:37:11.263300+00:00
2026-08-19,09563bab4edf9cf2073ee946ad95d61b,Minnesota Lynx @ Golden State Valkyries,2026-08-20T02:10:00Z,Golden State Valkyries,Minnesota Lynx,Napheesa Collier,,AST,OVER,2.5,-137,DraftKings,draftkings,player_assists_alternate,the-odds-api,2026-08-19T21:37:11.263300+00:00
2026-08-19,09563bab4edf9cf2073ee946ad95d61b,Minnesota Lynx @ Golden State Valkyries,2026-08-20T02:10:00Z,Golden State Valkyries,Minnesota Lynx,Napheesa Collier,,AST,OVER,3.5,170,DraftKings,draftkings,player_assists_alternate,the-odds-api,2026-08-19T21:37:11.263300+00:00
2026-08-19,09563bab4edf9cf2073ee946ad95d61b,Minnesota Lynx @ Golden State Valkyries,2026-08-20T02:10:00Z,Golden State Valkyries,Minnesota Lynx,Napheesa Collier,,AST,OVER,4.5,373,DraftKings,draftkings,player_assists_alternate,the-odds-api,2026-08-19T21:37:11.263300+00:00
2026-08-19,09563bab4edf9cf2073ee946ad95d61b,Minnesota Lynx @ Golden State Valkyries,2026-08-20T02:10:00Z,Golden State Valkyries,Minnesota Lynx,Napheesa Collier,,AST,OVER,5.5,770,DraftKings,draftkings,player_assists_alternate,the-odds-api,2026-08-19T21:37:11.263300+00:00
2026-08-19,09563bab4edf9cf2073ee946ad95d61b,Minnesota Lynx @ Golden State Valkyries,2026-08-20T02:10:00Z,Golden State Valkyries,Minnesota Lynx,Napheesa Collier,,AST,OVER,6.5,1460,DraftKings,draftkings,player_assists_alternate,the-odds-api,2026-08-19T21:37:11.263300+00:00
2026-08-19,09563bab4edf9cf2073ee946ad95d61b,Minnesota Lynx @ Golden State Valkyries,2026-08-20T02:10:00Z,Golden State Valkyries,Minnesota Lynx,Kayla McBride,,AST,OVER,2.5,141,DraftKings,draftkings,player_assists_alternate,the-odds-api,2026-08-19T21:37:11.263300+00:00
2026-08-19,09563bab4edf9cf2073ee946ad95d61b,Minnesota Lynx @ Golden State Valkyries,2026-08-20T02:10:00Z,Golden State Valkyries,Minnesota Lynx,Kayla McBride,,AST,OVER,3.5,359,DraftKings,draftkings,player_assists_alternate,the-odds-api,2026-08-19T21:37:11.263300+00:00
2026-08-19,09563bab4edf9cf2073ee946ad95d61b,Minnesota Lynx @ Golden State Valkyries,2026-08-20T02:10:00Z,Golden State Valkyries,Minnesota Lynx,Kayla McBride,,AST,OVER,4.5,880,DraftKings,draftkings,player_assists_alternate,the-odds-api,2026-08-19T21:37:11.263300+00:00
2026-08-19,09563bab4edf9cf2073ee946ad95d61b,Minnesota Lynx @ Golden State Valkyries,2026-08-20T02:10:00Z,Golden State Valkyries,Minnesota Lynx,Cecilia Zandalasini,,AST,OVER,1.5,-198,DraftKings,draftkings,player_assists_alternate,the-odds-api,2026-08-19T21:37:11.263300+00:00
2026-08-19,09563bab4edf9cf2073ee946ad95d61b,Minnesota Lynx @ Golden State Valkyries,2026-08-20T02:10:00Z,Golden State Valkyries,Minnesota Lynx,Cecilia Zandalasini,,AST,OVER,2.5,152,DraftKings,draftkings,player_assists_alternate,the-odds-api,2026-08-19T21:37:11.263300+00:00
2026-08-19,09563bab4edf9cf2073ee946ad95d61b,Minnesota Lynx @ Golden State Valkyries,2026-08-20T02:10:00Z,Golden State Valkyries,Minnesota Lynx,Cecilia Zandalasini,,AST,OVER,3.5,391,DraftKings,draftkings,player_assists_alternate,the-odds-api,2026-08-19T21:37:11.263300+00:00
2026-08-19,09563bab4edf9cf2073ee946ad95d61b,Minnesota Lynx @ Golden State Valkyries,2026-08-20T02:10:00Z,Golden State Valkyries,Minnesota Lynx,Cecilia Zandalasini,,AST,OVER,4.5,930,DraftKings,draftkings,player_assists_alternate,the-odds-api,2026-08-19T21:37:11.263300+00:00
2026-08-19,09563bab4edf9cf2073ee946ad95d61b,Minnesota Lynx @ Golden State Valkyries,2026-08-20T02:10:00Z,Golden State Valkyries,Minnesota Lynx,Janelle Salaun,,AST,OVER,0.5,-247,DraftKings,draftkings,player_assists_alternate,the-odds-api,2026-08-19T21:37:11.263300+00:00
2026-08-19,09563bab4edf9cf2073ee946ad95d61b,Minnesota Lynx @ Golden State Valkyries,2026-08-20T02:10:00Z,Golden State Valkyries,Minnesota Lynx,Janelle Salaun,,AST,OVER,2.5,620,DraftKings,draftkings,player_assists_alternate,the-odds-api,2026-08-19T21:37:11.263300+00:00
2026-08-19,09563bab4edf9cf2073ee946ad95d61b,Minnesota Lynx @ Golden State Valkyries,2026-08-20T02:10:00Z,Golden State Valkyries,Minnesota Lynx,Olivia Miles,,PTS,OVER,9.5,-1820,DraftKings,draftkings,player_points_alternate,the-odds-api,2026-08-19T21:37:11.263300+00:00
2026-08-19,09563bab4edf9cf2073ee946ad95d61b,Minnesota Lynx @ Golden State Valkyries,2026-08-20T02:10:00Z,Golden State Valkyries,Minnesota Lynx,Olivia Miles,,PTS,OVER,11.5,-810,DraftKings,draftkings,player_points_alternate,the-odds-api,2026-08-19T21:37:11.263300+00:00
2026-08-19,09563bab4edf9cf2073ee946ad95d61b,Minnesota Lynx @ Golden State Valkyries,2026-08-20T02:10:00Z,Golden State Valkyries,Minnesota Lynx,Olivia Miles,,PTS,OVER,14.5,-336,DraftKings,draftkings,player_points_alternate,the-odds-api,2026-08-19T21:37:11.263300+00:00
2026-08-19,09563bab4edf9cf2073ee946ad95d61b,Minnesota Lynx @ Golden State Valkyries,2026-08-20T02:10:00Z,Golden State Valkyries,Minnesota Lynx,Olivia Miles,,PTS,OVER,17.5,-154,DraftKings,draftkings,player_points_alternate,the-odds-api,2026-08-19T21:37:11.263300+00:00
2026-08-19,09563bab4edf9cf2073ee946ad95d61b,Minnesota Lynx @ Golden State Valkyries,2026-08-20T02:10:00Z,Golden State Valkyries,Minnesota Lynx,Olivia Miles,,PTS,OVER,18.5,-123,DraftKings,draftkings,player_points_alternate,the-odds-api,2026-08-19T21:37:11.263300+00:00
2026-08-19,09563bab4edf9cf2073ee946ad95d61b,Minnesota Lynx @ Golden State Valkyries,2026-08-20T02:10:00Z,Golden State Valkyries,Minnesota Lynx,Olivia Miles,,PTS,OVER,19.5,102,DraftKings,draftkings,player_points_alternate,the-odds-api,2026-08-19T21:37:11.263300+00:00
2026-08-19,09563bab4edf9cf2073ee946ad95d61b,Minnesota Lynx @ Golden State Valkyries,2026-08-20T02:10:00Z,Golden State Valkyries,Minnesota Lynx,Olivia Miles,,PTS,OVER,24.5,306,DraftKings,draftkings,player_points_alternate,the-odds-api,2026-08-19T21:37:11.263300+00:00
2026-08-19,09563bab4edf9cf2073ee946ad95d61b,Minnesota Lynx @ Golden State Valkyries,2026-08-20T02:10:00Z,Golden State Valkyries,Minnesota Lynx,Olivia Miles,,PTS,OVER,29.5,880,DraftKings,draftkings,player_points_alternate,the-odds-api,2026-08-19T21:37:11.263300+00:00
2026-08-19,09563bab4edf9cf2073ee946ad95d61b,Minnesota Lynx @ Golden State Valkyries,2026-08-20T02:10:00Z,Golden State Valkyries,Minnesota Lynx,Napheesa Collier,,PTS,OVER,9.5,-1600,DraftKings,draftkings,player_points_alternate,the-odds-api,2026-08-19T21:37:11.263300+00:00
2026-08-19,09563bab4edf9cf2073ee946ad95d61b,Minnesota Lynx @ Golden State Valkyries,2026-08-20T02:10:00Z,Golden State Valkyries,Minnesota Lynx,Napheesa Collier,,PTS,OVER,11.5,-700,DraftKings,draftkings,player_points_alternate,the-odds-api,2026-08-19T21:37:11.263300+00:00
2026-08-19,09563bab4edf9cf2073ee946ad95d61b,Minnesota Lynx @ Golden State Valkyries,2026-08-20T02:10:00Z,Golden State Valkyries,Minnesota Lynx,Napheesa Collier,,PTS,OVER,14.5,-276,DraftKings,draftkings,player_points_alternate,the-odds-api,2026-08-19T21:37:11.263300+00:00
2026-08-19,09563bab4edf9cf2073ee946ad95d61b,Minnesota Lynx @ Golden State Valkyries,2026-08-20T02:10:00Z,Golden State Valkyries,Minnesota Lynx,Napheesa Collier,,PTS,OVER,17.5,-131,DraftKings,draftkings,player_points_alternate,the-odds-api,2026-08-19T21:37:11.263300+00:00
2026-08-19,09563bab4edf9cf2073ee946ad95d61b,Minnesota Lynx @ Golden State Valkyries,2026-08-20T02:10:00Z,Golden State Valkyries,Minnesota Lynx,Napheesa Collier,,PTS,OVER,18.5,-103,DraftKings,draftkings,player_points_alternate,the-odds-api,2026-08-19T21:37:11.263300+00:00
2026-08-19,09563bab4edf9cf2073ee946ad95d61b,Minnesota Lynx @ Golden State Valkyries,2026-08-20T02:10:00Z,Golden State Valkyries,Minnesota Lynx,Napheesa Collier,,PTS,OVER,19.5,123,DraftKings,draftkings,player_points_alternate,the-odds-api,2026-08-19T21:37:11.263300+00:00
2026-08-19,09563bab4edf9cf2073ee946ad95d61b,Minnesota Lynx @ Golden State Valkyries,2026-08-20T02:10:00Z,Golden State Valkyries,Minnesota Lynx,Napheesa Collier,,PTS,OVER,24.5,369,DraftKings,draftkings,player_points_alternate,the-odds-api,2026-08-19T21:37:11.263300+00:00
2026-08-19,09563bab4edf9cf2073ee946ad95d61b,Minnesota Lynx @ Golden State Valkyries,2026-08-20T02:10:00Z,Golden State Valkyries,Minnesota Lynx,Napheesa Collier,,PTS,OVER,29.5,1100,DraftKings,draftkings,player_points_alternate,the-odds-api,2026-08-19T21:37:11.263300+00:00
2026-08-19,09563bab4edf9cf2073ee946ad95d61b,Minnesota Lynx @ Golden State Valkyries,2026-08-20T02:10:00Z,Golden State Valkyries,Minnesota Lynx,Kayla McBride,,PTS,OVER,5.5,-3000,DraftKings,draftkings,player_points_alternate,the-odds-api,2026-08-19T21:37:11.263300+00:00
2026-08-19,09563bab4edf9cf2073ee946ad95d61b,Minnesota Lynx @ Golden State Valkyries,2026-08-20T02:10:00Z,Golden State Valkyries,Minnesota Lynx,Kayla McBride,,PTS,OVER,7.5,-1000,DraftKings,draftkings,player_points_alternate,the-odds-api,2026-08-19T21:37:11.263300+00:00
2026-08-19,09563bab4edf9cf2073ee946ad95d61b,Minnesota Lynx @ Golden State Valkyries,2026-08-20T02:10:00Z,Golden State Valkyries,Minnesota Lynx,Kayla McBride,,PTS,OVER,9.5,-450,DraftKings,draftkings,player_points_alternate,the-odds-api,2026-08-19T21:37:11.263300+00:00
2026-08-19,09563bab4edf9cf2073ee946ad95d61b,Minnesota Lynx @ Golden State Valkyries,2026-08-20T02:10:00Z,Golden State Valkyries,Minnesota Lynx,Kayla McBride,,PTS,OVER,11.5,-241,DraftKings,draftkings,player_points_alternate,the-odds-api,2026-08-19T21:37:11.263300+00:00
2026-08-19,09563bab4edf9cf2073ee946ad95d61b,Minnesota Lynx @ Golden State Valkyries,2026-08-20T02:10:00Z,Golden State Valkyries,Minnesota Lynx,Kayla McBride,,PTS,OVER,14.5,-109,DraftKings,draftkings,player_points_alternate,the-odds-api,2026-08-19T21:37:11.263300+00:00
2026-08-19,09563bab4edf9cf2073ee946ad95d61b,Minnesota Lynx @ Golden State Valkyries,2026-08-20T02:10:00Z,Golden State Valkyries,Minnesota Lynx,Kayla McBride,,PTS,OVER,17.5,191,DraftKings,draftkings,player_points_alternate,the-odds-api,2026-08-19T21:37:11.263300+00:00
2026-08-19,09563bab4edf9cf2073ee946ad95d61b,Minnesota Lynx @ Golden State Valkyries,2026-08-20T02:10:00Z,Golden State Valkyries,Minnesota Lynx,Kayla McBride,,PTS,OVER,19.5,309,DraftKings,draftkings,player_points_alternate,the-odds-api,2026-08-19T21:37:11.263300+00:00
2026-08-19,09563bab4edf9cf2073ee946ad95d61b,Minnesota Lynx @ Golden State Valkyries,2026-08-20T02:10:00Z,Golden State Valkyries,Minnesota Lynx,Kayla McBride,,PTS,OVER,24.5,950,DraftKings,draftkings,player_points_alternate,the-odds-api,2026-08-19T21:37:11.263300+00:00
2026-08-19,09563bab4edf9cf2073ee946ad95d61b,Minnesota Lynx @ Golden State Valkyries,2026-08-20T02:10:00Z,Golden State Valkyries,Minnesota Lynx,Gabby Williams,,PTS,OVER,7.5,-1120,DraftKings,draftkings,player_points_alternate,the-odds-api,2026-08-19T21:37:11.263300+00:00
2026-08-19,09563bab4edf9cf2073ee946ad95d61b,Minnesota Lynx @ Golden State Valkyries,2026-08-20T02:10:00Z,Golden State Valkyries,Minnesota Lynx,Gabby Williams,,PTS,OVER,9.5,-491,DraftKings,draftkings,player_points_alternate,the-odds-api,2026-08-19T21:37:11.263300+00:00
2026-08-19,09563bab4edf9cf2073ee946ad95d61b,Minnesota Lynx @ Golden State Valkyries,2026-08-20T02:10:00Z,Golden State Valkyries,Minnesota Lynx,Gabby Williams,,PTS,OVER,11.5,-248,DraftKings,draftkings,player_points_alternate,the-odds-api,2026-08-19T21:37:11.263300+00:00
2026-08-19,09563bab4edf9cf2073ee946ad95d61b,Minnesota Lynx @ Golden State Valkyries,2026-08-20T02:10:00Z,Golden State Valkyries,Minnesota Lynx,Gabby Williams,,PTS,OVER,14.5,-107,DraftKings,draftkings,player_points_alternate,the-odds-api,2026-08-19T21:37:11.263300+00:00
2026-08-19,09563bab4edf9cf2073ee946ad95d61b,Minnesota Lynx @ Golden State Valkyries,2026-08-20T02:10:00Z,Golden State Valkyries,Minnesota Lynx,Gabby Williams,,PTS,OVER,17.5,198,DraftKings,draftkings,player_points_alternate,the-odds-api,2026-08-19T21:37:11.263300+00:00
2026-08-19,09563bab4edf9cf2073ee946ad95d61b,Minnesota Lynx @ Golden State Valkyries,2026-08-20T02:10:00Z,Golden State Valkyries,Minnesota Lynx,Gabby Williams,,PTS,OVER,19.5,325,DraftKings,draftkings,player_points_alternate,the-odds-api,2026-08-19T21:37:11.263300+00:00
2026-08-19,09563bab4edf9cf2073ee946ad95d61b,Minnesota Lynx @ Golden State Valkyries,2026-08-20T02:10:00Z,Golden State Valkyries,Minnesota Lynx,Gabby Williams,,PTS,OVER,24.5,1040,DraftKings,draftkings,player_points_alternate,the-odds-api,2026-08-19T21:37:11.263300+00:00
2026-08-19,09563bab4edf9cf2073ee946ad95d61b,Minnesota Lynx @ Golden State Valkyries,2026-08-20T02:10:00Z,Golden State Valkyries,Minnesota Lynx,Veronica Burton,,PTS,OVER,5.5,-1640,DraftKings,draftkings,player_points_alternate,the-odds-api,2026-08-19T21:37:11.263300+00:00
2026-08-19,09563bab4edf9cf2073ee946ad95d61b,Minnesota Lynx @ Golden State Valkyries,2026-08-20T02:10:00Z,Golden State Valkyries,Minnesota Lynx,Veronica Burton,,PTS,OVER,7.5,-577,DraftKings,draftkings,player_points_alternate,the-odds-api,2026-08-19T21:37:11.263300+00:00
2026-08-19,09563bab4edf9cf2073ee946ad95d61b,Minnesota Lynx @ Golden State Valkyries,2026-08-20T02:10:00Z,Golden State Valkyries,Minnesota Lynx,Veronica Burton,,PTS,OVER,9.5,-268,DraftKings,draftkings,player_points_alternate,the-odds-api,2026-08-19T21:37:11.263300+00:00
2026-08-19,09563bab4edf9cf2073ee946ad95d61b,Minnesota Lynx @ Golden State Valkyries,2026-08-20T02:10:00Z,Golden State Valkyries,Minnesota Lynx,Veronica Burton,,PTS,OVER,11.5,-142,DraftKings,draftkings,player_points_alternate,the-odds-api,2026-08-19T21:37:11.263300+00:00
2026-08-19,09563bab4edf9cf2073ee946ad95d61b,Minnesota Lynx @ Golden State Valkyries,2026-08-20T02:10:00Z,Golden State Valkyries,Minnesota Lynx,Veronica Burton,,PTS,OVER,12.5,-106,DraftKings,draftkings,player_points_alternate,the-odds-api,2026-08-19T21:37:11.263300+00:00
2026-08-19,09563bab4edf9cf2073ee946ad95d61b,Minnesota Lynx @ Golden State Valkyries,2026-08-20T02:10:00Z,Golden State Valkyries,Minnesota Lynx,Veronica Burton,,PTS,OVER,14.5,164,DraftKings,draftkings,player_points_alternate,the-odds-api,2026-08-19T21:37:11.263300+00:00
2026-08-19,09563bab4edf9cf2073ee946ad95d61b,Minnesota Lynx @ Golden State Valkyries,2026-08-20T02:10:00Z,Golden State Valkyries,Minnesota Lynx,Veronica Burton,,PTS,OVER,17.5,368,DraftKings,draftkings,player_points_alternate,the-odds-api,2026-08-19T21:37:11.263300+00:00
2026-08-19,09563bab4edf9cf2073ee946ad95d61b,Minnesota Lynx @ Golden State Valkyries,2026-08-20T02:10:00Z,Golden State Valkyries,Minnesota Lynx,Veronica Burton,,PTS,OVER,19.5,610,DraftKings,draftkings,player_points_alternate,the-odds-api,2026-08-19T21:37:11.263300+00:00
2026-08-19,09563bab4edf9cf2073ee946ad95d61b,Minnesota Lynx @ Golden State Valkyries,2026-08-20T02:10:00Z,Golden State Valkyries,Minnesota Lynx,Courtney Williams,,PTS,OVER,5.5,-970,DraftKings,draftkings,player_points_alternate,the-odds-api,2026-08-19T21:37:11.263300+00:00
2026-08-19,09563bab4edf9cf2073ee946ad95d61b,Minnesota Lynx @ Golden State Valkyries,2026-08-20T02:10:00Z,Golden State Valkyries,Minnesota Lynx,Courtney Williams,,PTS,OVER,7.5,-389,DraftKings,draftkings,player_points_alternate,the-odds-api,2026-08-19T21:37:11.263300+00:00
2026-08-19,09563bab4edf9cf2073ee946ad95d61b,Minnesota Lynx @ Golden State Valkyries,2026-08-20T02:10:00Z,Golden State Valkyries,Minnesota Lynx,Courtney Williams,,PTS,OVER,9.5,-190,DraftKings,draftkings,player_points_alternate,the-odds-api,2026-08-19T21:37:11.263300+00:00
2026-08-19,09563bab4edf9cf2073ee946ad95d61b,Minnesota Lynx @ Golden State Valkyries,2026-08-20T02:10:00Z,Golden State Valkyries,Minnesota Lynx,Courtney Williams,,PTS,OVER,11.5,-102,DraftKings,draftkings,player_points_alternate,the-odds-api,2026-08-19T21:37:11.263300+00:00
2026-08-19,09563bab4edf9cf2073ee946ad95d61b,Minnesota Lynx @ Golden State Valkyries,2026-08-20T02:10:00Z,Golden State Valkyries,Minnesota Lynx,Courtney Williams,,PTS,OVER,14.5,233,DraftKings,draftkings,player_points_alternate,the-odds-api,2026-08-19T21:37:11.263300+00:00
2026-08-19,09563bab4edf9cf2073ee946ad95d61b,Minnesota Lynx @ Golden State Valkyries,2026-08-20T02:10:00Z,Golden State Valkyries,Minnesota Lynx,Courtney Williams,,PTS,OVER,17.5,524,DraftKings,draftkings,player_points_alternate,the-odds-api,2026-08-19T21:37:11.263300+00:00
2026-08-19,09563bab4edf9cf2073ee946ad95d61b,Minnesota Lynx @ Golden State Valkyries,2026-08-20T02:10:00Z,Golden State Valkyries,Minnesota Lynx,Courtney Williams,,PTS,OVER,19.5,880,DraftKings,draftkings,player_points_alternate,the-odds-api,2026-08-19T21:37:11.263300+00:00
2026-08-19,09563bab4edf9cf2073ee946ad95d61b,Minnesota Lynx @ Golden State Valkyries,2026-08-20T02:10:00Z,Golden State Valkyries,Minnesota Lynx,Janelle Salaun,,PTS,OVER,5.5,-790,DraftKings,draftkings,player_points_alternate,the-odds-api,2026-08-19T21:37:11.263300+00:00
2026-08-19,09563bab4edf9cf2073ee946ad95d61b,Minnesota Lynx @ Golden State Valkyries,2026-08-20T02:10:00Z,Golden State Valkyries,Minnesota Lynx,Janelle Salaun,,PTS,OVER,7.5,-337,DraftKings,draftkings,player_points_alternate,the-odds-api,2026-08-19T21:37:11.263300+00:00
2026-08-19,09563bab4edf9cf2073ee946ad95d61b,Minnesota Lynx @ Golden State Valkyries,2026-08-20T02:10:00Z,Golden State Valkyries,Minnesota Lynx,Janelle Salaun,,PTS,OVER,9.5,-165,DraftKings,draftkings,player_points_alternate,the-odds-api,2026-08-19T21:37:11.263300+00:00
2026-08-19,09563bab4edf9cf2073ee946ad95d61b,Minnesota Lynx @ Golden State Valkyries,2026-08-20T02:10:00Z,Golden State Valkyries,Minnesota Lynx,Janelle Salaun,,PTS,OVER,10.5,-122,DraftKings,draftkings,player_points_alternate,the-odds-api,2026-08-19T21:37:11.263300+00:00
2026-08-19,09563bab4edf9cf2073ee946ad95d61b,Minnesota Lynx @ Golden State Valkyries,2026-08-20T02:10:00Z,Golden State Valkyries,Minnesota Lynx,Janelle Salaun,,PTS,OVER,11.5,112,DraftKings,draftkings,player_points_alternate,the-odds-api,2026-08-19T21:37:11.263300+00:00
2026-08-19,09563bab4edf9cf2073ee946ad95d61b,Minnesota Lynx @ Golden State Valkyries,2026-08-20T02:10:00Z,Golden State Valkyries,Minnesota Lynx,Janelle Salaun,,PTS,OVER,14.5,265,DraftKings,draftkings,player_points_alternate,the-odds-api,2026-08-19T21:37:11.263300+00:00
2026-08-19,09563bab4edf9cf2073ee946ad95d61b,Minnesota Lynx @ Golden State Valkyries,2026-08-20T02:10:00Z,Golden State Valkyries,Minnesota Lynx,Janelle Salaun,,PTS,OVER,17.5,588,DraftKings,draftkings,player_points_alternate,the-odds-api,2026-08-19T21:37:11.263300+00:00
2026-08-19,09563bab4edf9cf2073ee946ad95d61b,Minnesota Lynx @ Golden State Valkyries,2026-08-20T02:10:00Z,Golden State Valkyries,Minnesota Lynx,Janelle Salaun,,PTS,OVER,19.5,970,DraftKings,draftkings,player_points_alternate,the-odds-api,2026-08-19T21:37:11.263300+00:00
2026-08-19,09563bab4edf9cf2073ee946ad95d61b,Minnesota Lynx @ Golden State Valkyries,2026-08-20T02:10:00Z,Golden State Valkyries,Minnesota Lynx,Natasha Howard,,PTS,OVER,5.5,-1020,DraftKings,draftkings,player_points_alternate,the-odds-api,2026-08-19T21:37:11.263300+00:00
2026-08-19,09563bab4edf9cf2073ee946ad95d61b,Minnesota Lynx @ Golden State Valkyries,2026-08-20T02:10:00Z,Golden State Valkyries,Minnesota Lynx,Natasha Howard,,PTS,OVER,7.5,-375,DraftKings,draftkings,player_points_alternate,the-odds-api,2026-08-19T21:37:11.263300+00:00
2026-08-19,09563bab4edf9cf2073ee946ad95d61b,Minnesota Lynx @ Golden State Valkyries,2026-08-20T02:10:00Z,Golden State Valkyries,Minnesota Lynx,Natasha Howard,,PTS,OVER,9.5,-174,DraftKings,draftkings,player_points_alternate,the-odds-api,2026-08-19T21:37:11.263300+00:00
2026-08-19,09563bab4edf9cf2073ee946ad95d61b,Minnesota Lynx @ Golden State Valkyries,2026-08-20T02:10:00Z,Golden State Valkyries,Minnesota Lynx,Natasha Howard,,PTS,OVER,10.5,-118,DraftKings,draftkings,player_points_alternate,the-odds-api,2026-08-19T21:37:11.263300+00:00
2026-08-19,09563bab4edf9cf2073ee946ad95d61b,Minnesota Lynx @ Golden State Valkyries,2026-08-20T02:10:00Z,Golden State Valkyries,Minnesota Lynx,Natasha Howard,,PTS,OVER,11.5,111,DraftKings,draftkings,player_points_alternate,the-odds-api,2026-08-19T21:37:11.263300+00:00
2026-08-19,09563bab4edf9cf2073ee946ad95d61b,Minnesota Lynx @ Golden State Valkyries,2026-08-20T02:10:00Z,Golden State Valkyries,Minnesota Lynx,Natasha Howard,,PTS,OVER,14.5,282,DraftKings,draftkings,player_points_alternate,the-odds-api,2026-08-19T21:37:11.263300+00:00
2026-08-19,09563bab4edf9cf2073ee946ad95d61b,Minnesota Lynx @ Golden State Valkyries,2026-08-20T02:10:00Z,Golden State Valkyries,Minnesota Lynx,Natasha Howard,,PTS,OVER,17.5,630,DraftKings,draftkings,player_points_alternate,the-odds-api,2026-08-19T21:37:11.263300+00:00
2026-08-19,09563bab4edf9cf2073ee946ad95d61b,Minnesota Lynx @ Golden State Valkyries,2026-08-20T02:10:00Z,Golden State Valkyries,Minnesota Lynx,Natasha Howard,,PTS,OVER,19.5,1060,DraftKings,draftkings,player_points_alternate,the-odds-api,2026-08-19T21:37:11.263300+00:00
2026-08-19,09563bab4edf9cf2073ee946ad95d61b,Minnesota Lynx @ Golden State Valkyries,2026-08-20T02:10:00Z,Golden State Valkyries,Minnesota Lynx,Cecilia Zandalasini,,PTS,OVER,5.5,-434,DraftKings,draftkings,player_points_alternate,the-odds-api,2026-08-19T21:37:11.263300+00:00
2026-08-19,09563bab4edf9cf2073ee946ad95d61b,Minnesota Lynx @ Golden State Valkyries,2026-08-20T02:10:00Z,Golden State Valkyries,Minnesota Lynx,Cecilia Zandalasini,,PTS,OVER,7.5,-195,DraftKings,draftkings,player_points_alternate,the-odds-api,2026-08-19T21:37:11.263300+00:00
2026-08-19,09563bab4edf9cf2073ee946ad95d61b,Minnesota Lynx @ Golden State Valkyries,2026-08-20T02:10:00Z,Golden State Valkyries,Minnesota Lynx,Cecilia Zandalasini,,PTS,OVER,9.5,-101,DraftKings,draftkings,player_points_alternate,the-odds-api,2026-08-19T21:37:11.263300+00:00
2026-08-19,09563bab4edf9cf2073ee946ad95d61b,Minnesota Lynx @ Golden State Valkyries,2026-08-20T02:10:00Z,Golden State Valkyries,Minnesota Lynx,Cecilia Zandalasini,,PTS,OVER,11.5,181,DraftKings,draftkings,player_points_alternate,the-odds-api,2026-08-19T21:37:11.263300+00:00
2026-08-19,09563bab4edf9cf2073ee946ad95d61b,Minnesota Lynx @ Golden State Valkyries,2026-08-20T02:10:00Z,Golden State Valkyries,Minnesota Lynx,Cecilia Zandalasini,,PTS,OVER,14.5,423,DraftKings,draftkings,player_points_alternate,the-odds-api,2026-08-19T21:37:11.263300+00:00
2026-08-19,09563bab4edf9cf2073ee946ad95d61b,Minnesota Lynx @ Golden State Valkyries,2026-08-20T02:10:00Z,Golden State Valkyries,Minnesota Lynx,Cecilia Zandalasini,,PTS,OVER,17.5,970,DraftKings,draftkings,player_points_alternate,the-odds-api,2026-08-19T21:37:11.263300+00:00
2026-08-19,09563bab4edf9cf2073ee946ad95d61b,Minnesota Lynx @ Golden State Valkyries,2026-08-20T02:10:00Z,Golden State Valkyries,Minnesota Lynx,Cecilia Zandalasini,,PTS,OVER,19.5,1620,DraftKings,draftkings,player_points_alternate,the-odds-api,2026-08-19T21:37:11.263300+00:00
2026-08-19,09563bab4edf9cf2073ee946ad95d61b,Minnesota Lynx @ Golden State Valkyries,2026-08-20T02:10:00Z,Golden State Valkyries,Minnesota Lynx,Kayla Thornton,,PTS,OVER,5.5,-365,DraftKings,draftkings,player_points_alternate,the-odds-api,2026-08-19T21:37:11.263300+00:00
2026-08-19,09563bab4edf9cf2073ee946ad95d61b,Minnesota Lynx @ Golden State Valkyries,2026-08-20T02:10:00Z,Golden State Valkyries,Minnesota Lynx,Kayla Thornton,,PTS,OVER,7.5,-175,DraftKings,draftkings,player_points_alternate,the-odds-api,2026-08-19T21:37:11.263300+00:00
2026-08-19,09563bab4edf9cf2073ee946ad95d61b,Minnesota Lynx @ Golden State Valkyries,2026-08-20T02:10:00Z,Golden State Valkyries,Minnesota Lynx,Kayla Thornton,,PTS,OVER,8.5,-122,DraftKings,draftkings,player_points_alternate,the-odds-api,2026-08-19T21:37:11.263300+00:00
2026-08-19,09563bab4edf9cf2073ee946ad95d61b,Minnesota Lynx @ Golden State Valkyries,2026-08-20T02:10:00Z,Golden State Valkyries,Minnesota Lynx,Kayla Thornton,,PTS,OVER,9.5,114,DraftKings,draftkings,player_points_alternate,the-odds-api,2026-08-19T21:37:11.263300+00:00
2026-08-19,09563bab4edf9cf2073ee946ad95d61b,Minnesota Lynx @ Golden State Valkyries,2026-08-20T02:10:00Z,Golden State Valkyries,Minnesota Lynx,Kayla Thornton,,PTS,OVER,11.5,213,DraftKings,draftkings,player_points_alternate,the-odds-api,2026-08-19T21:37:11.263300+00:00
2026-08-19,09563bab4edf9cf2073ee946ad95d61b,Minnesota Lynx @ Golden State Valkyries,2026-08-20T02:10:00Z,Golden State Valkyries,Minnesota Lynx,Kayla Thornton,,PTS,OVER,14.5,515,DraftKings,draftkings,player_points_alternate,the-odds-api,2026-08-19T21:37:11.263300+00:00
2026-08-19,09563bab4edf9cf2073ee946ad95d61b,Minnesota Lynx @ Golden State Valkyries,2026-08-20T02:10:00Z,Golden State Valkyries,Minnesota Lynx,Kayla Thornton,,PTS,OVER,17.5,1160,DraftKings,draftkings,player_points_alternate,the-odds-api,2026-08-19T21:37:11.263300+00:00
2026-08-19,09563bab4edf9cf2073ee946ad95d61b,Minnesota Lynx @ Golden State Valkyries,2026-08-20T02:10:00Z,Golden State Valkyries,Minnesota Lynx,Tiffany Hayes,,PTS,OVER,5.5,-391,DraftKings,draftkings,player_points_alternate,the-odds-api,2026-08-19T21:37:11.263300+00:00
2026-08-19,09563bab4edf9cf2073ee946ad95d61b,Minnesota Lynx @ Golden State Valkyries,2026-08-20T02:10:00Z,Golden State Valkyries,Minnesota Lynx,Tiffany Hayes,,PTS,OVER,7.5,-158,DraftKings,draftkings,player_points_alternate,the-odds-api,2026-08-19T21:37:11.263300+00:00
2026-08-19,09563bab4edf9cf2073ee946ad95d61b,Minnesota Lynx @ Golden State Valkyries,2026-08-20T02:10:00Z,Golden State Valkyries,Minnesota Lynx,Tiffany Hayes,,PTS,OVER,8.5,-109,DraftKings,draftkings,player_points_alternate,the-odds-api,2026-08-19T21:37:11.263300+00:00
2026-08-19,09563bab4edf9cf2073ee946ad95d61b,Minnesota Lynx @ Golden State Valkyries,2026-08-20T02:10:00Z,Golden State Valkyries,Minnesota Lynx,Tiffany Hayes,,PTS,OVER,9.5,132,DraftKings,draftkings,player_points_alternate,the-odds-api,2026-08-19T21:37:11.263300+00:00
2026-08-19,09563bab4edf9cf2073ee946ad95d61b,Minnesota Lynx @ Golden State Valkyries,2026-08-20T02:10:00Z,Golden State Valkyries,Minnesota Lynx,Tiffany Hayes,,PTS,OVER,11.5,258,DraftKings,draftkings,player_points_alternate,the-odds-api,2026-08-19T21:37:11.263300+00:00
2026-08-19,09563bab4edf9cf2073ee946ad95d61b,Minnesota Lynx @ Golden State Valkyries,2026-08-20T02:10:00Z,Golden State Valkyries,Minnesota Lynx,Tiffany Hayes,,PTS,OVER,14.5,650,DraftKings,draftkings,player_points_alternate,the-odds-api,2026-08-19T21:37:11.263300+00:00
2026-08-19,09563bab4edf9cf2073ee946ad95d61b,Minnesota Lynx @ Golden State Valkyries,2026-08-20T02:10:00Z,Golden State Valkyries,Minnesota Lynx,Tiffany Hayes,,PTS,OVER,17.5,1500,DraftKings,draftkings,player_points_alternate,the-odds-api,2026-08-19T21:37:11.263300+00:00
2026-08-19,09563bab4edf9cf2073ee946ad95d61b,Minnesota Lynx @ Golden State Valkyries,2026-08-20T02:10:00Z,Golden State Valkyries,Minnesota Lynx,Nia Coffey,,PTS,OVER,4.5,-112,DraftKings,draftkings,player_points_alternate,the-odds-api,2026-08-19T21:37:11.263300+00:00
2026-08-19,09563bab4edf9cf2073ee946ad95d61b,Minnesota Lynx @ Golden State Valkyries,2026-08-20T02:10:00Z,Golden State Valkyries,Minnesota Lynx,Nia Coffey,,PTS,OVER,5.5,143,DraftKings,draftkings,player_points_alternate,the-odds-api,2026-08-19T21:37:11.263300+00:00
2026-08-19,09563bab4edf9cf2073ee946ad95d61b,Minnesota Lynx @ Golden State Valkyries,2026-08-20T02:10:00Z,Golden State Valkyries,Minnesota Lynx,Nia Coffey,,PTS,OVER,7.5,296,DraftKings,draftkings,player_points_alternate,the-odds-api,2026-08-19T21:37:11.263300+00:00
2026-08-19,09563bab4edf9cf2073ee946ad95d61b,Minnesota Lynx @ Golden State Valkyries,2026-08-20T02:10:00Z,Golden State Valkyries,Minnesota Lynx,Nia Coffey,,PTS,OVER,9.5,640,DraftKings,draftkings,player_points_alternate,the-odds-api,2026-08-19T21:37:11.263300+00:00
2026-08-19,09563bab4edf9cf2073ee946ad95d61b,Minnesota Lynx @ Golden State Valkyries,2026-08-20T02:10:00Z,Golden State Valkyries,Minnesota Lynx,Nia Coffey,,PTS,OVER,11.5,1180,DraftKings,draftkings,player_points_alternate,the-odds-api,2026-08-19T21:37:11.263300+00:00
2026-08-19,09563bab4edf9cf2073ee946ad95d61b,Minnesota Lynx @ Golden State Valkyries,2026-08-20T02:10:00Z,Golden State Valkyries,Minnesota Lynx,Olivia Miles,,PA,OVER,14.5,-2200,DraftKings,draftkings,player_points_assists_alternate,the-odds-api,2026-08-19T21:37:11.263300+00:00
2026-08-19,09563bab4edf9cf2073ee946ad95d61b,Minnesota Lynx @ Golden State Valkyries,2026-08-20T02:10:00Z,Golden State Valkyries,Minnesota Lynx,Olivia Miles,,PA,OVER,19.5,-445,DraftKings,draftkings,player_points_assists_alternate,the-odds-api,2026-08-19T21:37:11.263300+00:00
2026-08-19,09563bab4edf9cf2073ee946ad95d61b,Minnesota Lynx @ Golden State Valkyries,2026-08-20T02:10:00Z,Golden State Valkyries,Minnesota Lynx,Olivia Miles,,PA,OVER,24.5,-135,DraftKings,draftkings,player_points_assists_alternate,the-odds-api,2026-08-19T21:37:11.263300+00:00
2026-08-19,09563bab4edf9cf2073ee946ad95d61b,Minnesota Lynx @ Golden State Valkyries,2026-08-20T02:10:00Z,Golden State Valkyries,Minnesota Lynx,Olivia Miles,,PA,OVER,25.5,-110,DraftKings,draftkings,player_points_assists_alternate,the-odds-api,2026-08-19T21:37:11.263300+00:00
2026-08-19,09563bab4edf9cf2073ee946ad95d61b,Minnesota Lynx @ Golden State Valkyries,2026-08-20T02:10:00Z,Golden State Valkyries,Minnesota Lynx,Olivia Miles,,PA,OVER,29.5,209,DraftKings,draftkings,player_points_assists_alternate,the-odds-api,2026-08-19T21:37:11.263300+00:00
2026-08-19,09563bab4edf9cf2073ee946ad95d61b,Minnesota Lynx @ Golden State Valkyries,2026-08-20T02:10:00Z,Golden State Valkyries,Minnesota Lynx,Olivia Miles,,PA,OVER,34.5,600,DraftKings,draftkings,player_points_assists_alternate,the-odds-api,2026-08-19T21:37:11.263300+00:00
2026-08-19,09563bab4edf9cf2073ee946ad95d61b,Minnesota Lynx @ Golden State Valkyries,2026-08-20T02:10:00Z,Golden State Valkyries,Minnesota Lynx,Olivia Miles,,PA,OVER,39.5,1540,DraftKings,draftkings,player_points_assists_alternate,the-odds-api,2026-08-19T21:37:11.263300+00:00
2026-08-19,09563bab4edf9cf2073ee946ad95d61b,Minnesota Lynx @ Golden State Valkyries,2026-08-20T02:10:00Z,Golden State Valkyries,Minnesota Lynx,Napheesa Collier,,PA,OVER,14.5,-620,DraftKings,draftkings,player_points_assists_alternate,the-odds-api,2026-08-19T21:37:11.263300+00:00
2026-08-19,09563bab4edf9cf2073ee946ad95d61b,Minnesota Lynx @ Golden State Valkyries,2026-08-20T02:10:00Z,Golden State Valkyries,Minnesota Lynx,Napheesa Collier,,PA,OVER,19.5,-164,DraftKings,draftkings,player_points_assists_alternate,the-odds-api,2026-08-19T21:37:11.263300+00:00
2026-08-19,09563bab4edf9cf2073ee946ad95d61b,Minnesota Lynx @ Golden State Valkyries,2026-08-20T02:10:00Z,Golden State Valkyries,Minnesota Lynx,Napheesa Collier,,PA,OVER,20.5,-130,DraftKings,draftkings,player_points_assists_alternate,the-odds-api,2026-08-19T21:37:11.263300+00:00
2026-08-19,09563bab4edf9cf2073ee946ad95d61b,Minnesota Lynx @ Golden State Valkyries,2026-08-20T02:10:00Z,Golden State Valkyries,Minnesota Lynx,Napheesa Collier,,PA,OVER,24.5,189,DraftKings,draftkings,player_points_assists_alternate,the-odds-api,2026-08-19T21:37:11.263300+00:00
2026-08-19,09563bab4edf9cf2073ee946ad95d61b,Minnesota Lynx @ Golden State Valkyries,2026-08-20T02:10:00Z,Golden State Valkyries,Minnesota Lynx,Napheesa Collier,,PA,OVER,29.5,560,DraftKings,draftkings,player_points_assists_alternate,the-odds-api,2026-08-19T21:37:11.263300+00:00
2026-08-19,09563bab4edf9cf2073ee946ad95d61b,Minnesota Lynx @ Golden State Valkyries,2026-08-20T02:10:00Z,Golden State Valkyries,Minnesota Lynx,Napheesa Collier,,PA,OVER,34.5,1520,DraftKings,draftkings,player_points_assists_alternate,the-odds-api,2026-08-19T21:37:11.263300+00:00
2026-08-19,09563bab4edf9cf2073ee946ad95d61b,Minnesota Lynx @ Golden State Valkyries,2026-08-20T02:10:00Z,Golden State Valkyries,Minnesota Lynx,Veronica Burton,,PA,OVER,14.5,-369,DraftKings,draftkings,player_points_assists_alternate,the-odds-api,2026-08-19T21:37:11.263300+00:00
2026-08-19,09563bab4edf9cf2073ee946ad95d61b,Minnesota Lynx @ Golden State Valkyries,2026-08-20T02:10:00Z,Golden State Valkyries,Minnesota Lynx,Veronica Burton,,PA,OVER,18.5,-113,DraftKings,draftkings,player_points_assists_alternate,the-odds-api,2026-08-19T21:37:11.263300+00:00
2026-08-19,09563bab4edf9cf2073ee946ad95d61b,Minnesota Lynx @ Golden State Valkyries,2026-08-20T02:10:00Z,Golden State Valkyries,Minnesota Lynx,Veronica Burton,,PA,OVER,19.5,115,DraftKings,draftkings,player_points_assists_alternate,the-odds-api,2026-08-19T21:37:11.263300+00:00
2026-08-19,09563bab4edf9cf2073ee946ad95d61b,Minnesota Lynx @ Golden State Valkyries,2026-08-20T02:10:00Z,Golden State Valkyries,Minnesota Lynx,Veronica Burton,,PA,OVER,24.5,401,DraftKings,draftkings,player_points_assists_alternate,the-odds-api,2026-08-19T21:37:11.263300+00:00
2026-08-19,09563bab4edf9cf2073ee946ad95d61b,Minnesota Lynx @ Golden State Valkyries,2026-08-20T02:10:00Z,Golden State Valkyries,Minnesota Lynx,Veronica Burton,,PA,OVER,29.5,1300,DraftKings,draftkings,player_points_assists_alternate,the-odds-api,2026-08-19T21:37:11.263300+00:00
2026-08-19,09563bab4edf9cf2073ee946ad95d61b,Minnesota Lynx @ Golden State Valkyries,2026-08-20T02:10:00Z,Golden State Valkyries,Minnesota Lynx,Gabby Williams,,PA,OVER,9.5,-1340,DraftKings,draftkings,player_points_assists_alternate,the-odds-api,2026-08-19T21:37:11.263300+00:00
2026-08-19,09563bab4edf9cf2073ee946ad95d61b,Minnesota Lynx @ Golden State Valkyries,2026-08-20T02:10:00Z,Golden State Valkyries,Minnesota Lynx,Gabby Williams,,PA,OVER,14.5,-222,DraftKings,draftkings,player_points_assists_alternate,the-odds-api,2026-08-19T21:37:11.263300+00:00
2026-08-19,09563bab4edf9cf2073ee946ad95d61b,Minnesota Lynx @ Golden State Valkyries,2026-08-20T02:10:00Z,Golden State Valkyries,Minnesota Lynx,Gabby Williams,,PA,OVER,16.5,-129,DraftKings,draftkings,player_points_assists_alternate,the-odds-api,2026-08-19T21:37:11.263300+00:00
2026-08-19,09563bab4edf9cf2073ee946ad95d61b,Minnesota Lynx @ Golden State Valkyries,2026-08-20T02:10:00Z,Golden State Valkyries,Minnesota Lynx,Gabby Williams,,PA,OVER,19.5,163,DraftKings,draftkings,player_points_assists_alternate,the-odds-api,2026-08-19T21:37:11.263300+00:00
2026-08-19,09563bab4edf9cf2073ee946ad95d61b,Minnesota Lynx @ Golden State Valkyries,2026-08-20T02:10:00Z,Golden State Valkyries,Minnesota Lynx,Gabby Williams,,PA,OVER,24.5,532,DraftKings,draftkings,player_points_assists_alternate,the-odds-api,2026-08-19T21:37:11.263300+00:00
2026-08-19,09563bab4edf9cf2073ee946ad95d61b,Minnesota Lynx @ Golden State Valkyries,2026-08-20T02:10:00Z,Golden State Valkyries,Minnesota Lynx,Gabby Williams,,PA,OVER,29.5,1540,DraftKings,draftkings,player_points_assists_alternate,the-odds-api,2026-08-19T21:37:11.263300+00:00
2026-08-19,09563bab4edf9cf2073ee946ad95d61b,Minnesota Lynx @ Golden State Valkyries,2026-08-20T02:10:00Z,Golden State Valkyries,Minnesota Lynx,Kayla McBride,,PA,OVER,9.5,-1000,DraftKings,draftkings,player_points_assists_alternate,the-odds-api,2026-08-19T21:37:11.263300+00:00
2026-08-19,09563bab4edf9cf2073ee946ad95d61b,Minnesota Lynx @ Golden State Valkyries,2026-08-20T02:10:00Z,Golden State Valkyries,Minnesota Lynx,Kayla McBride,,PA,OVER,14.5,-195,DraftKings,draftkings,player_points_assists_alternate,the-odds-api,2026-08-19T21:37:11.263300+00:00
2026-08-19,09563bab4edf9cf2073ee946ad95d61b,Minnesota Lynx @ Golden State Valkyries,2026-08-20T02:10:00Z,Golden State Valkyries,Minnesota Lynx,Kayla McBride,,PA,OVER,16.5,-117,DraftKings,draftkings,player_points_assists_alternate,the-odds-api,2026-08-19T21:37:11.263300+00:00
2026-08-19,09563bab4edf9cf2073ee946ad95d61b,Minnesota Lynx @ Golden State Valkyries,2026-08-20T02:10:00Z,Golden State Valkyries,Minnesota Lynx,Kayla McBride,,PA,OVER,19.5,176,DraftKings,draftkings,player_points_assists_alternate,the-odds-api,2026-08-19T21:37:11.263300+00:00
2026-08-19,09563bab4edf9cf2073ee946ad95d61b,Minnesota Lynx @ Golden State Valkyries,2026-08-20T02:10:00Z,Golden State Valkyries,Minnesota Lynx,Kayla McBride,,PA,OVER,24.5,557,DraftKings,draftkings,player_points_assists_alternate,the-odds-api,2026-08-19T21:37:11.263300+00:00
2026-08-19,09563bab4edf9cf2073ee946ad95d61b,Minnesota Lynx @ Golden State Valkyries,2026-08-20T02:10:00Z,Golden State Valkyries,Minnesota Lynx,Kayla McBride,,PA,OVER,29.5,1620,DraftKings,draftkings,player_points_assists_alternate,the-odds-api,2026-08-19T21:37:11.263300+00:00
2026-08-19,09563bab4edf9cf2073ee946ad95d61b,Minnesota Lynx @ Golden State Valkyries,2026-08-20T02:10:00Z,Golden State Valkyries,Minnesota Lynx,Courtney Williams,,PA,OVER,9.5,-830,DraftKings,draftkings,player_points_assists_alternate,the-odds-api,2026-08-19T21:37:11.263300+00:00
2026-08-19,09563bab4edf9cf2073ee946ad95d61b,Minnesota Lynx @ Golden State Valkyries,2026-08-20T02:10:00Z,Golden State Valkyries,Minnesota Lynx,Courtney Williams,,PA,OVER,14.5,-141,DraftKings,draftkings,player_points_assists_alternate,the-odds-api,2026-08-19T21:37:11.263300+00:00
2026-08-19,09563bab4edf9cf2073ee946ad95d61b,Minnesota Lynx @ Golden State Valkyries,2026-08-20T02:10:00Z,Golden State Valkyries,Minnesota Lynx,Courtney Williams,,PA,OVER,15.5,-106,DraftKings,draftkings,player_points_assists_alternate,the-odds-api,2026-08-19T21:37:11.263300+00:00
2026-08-19,09563bab4edf9cf2073ee946ad95d61b,Minnesota Lynx @ Golden State Valkyries,2026-08-20T02:10:00Z,Golden State Valkyries,Minnesota Lynx,Courtney Williams,,PA,OVER,19.5,278,DraftKings,draftkings,player_points_assists_alternate,the-odds-api,2026-08-19T21:37:11.263300+00:00
2026-08-19,09563bab4edf9cf2073ee946ad95d61b,Minnesota Lynx @ Golden State Valkyries,2026-08-20T02:10:00Z,Golden State Valkyries,Minnesota Lynx,Courtney Williams,,PA,OVER,24.5,960,DraftKings,draftkings,player_points_assists_alternate,the-odds-api,2026-08-19T21:37:11.263300+00:00
2026-08-19,09563bab4edf9cf2073ee946ad95d61b,Minnesota Lynx @ Golden State Valkyries,2026-08-20T02:10:00Z,Golden State Valkyries,Minnesota Lynx,Natasha Howard,,PA,OVER,9.5,-497,DraftKings,draftkings,player_points_assists_alternate,the-odds-api,2026-08-19T21:37:11.263300+00:00
2026-08-19,09563bab4edf9cf2073ee946ad95d61b,Minnesota Lynx @ Golden State Valkyries,2026-08-20T02:10:00Z,Golden State Valkyries,Minnesota Lynx,Natasha Howard,,PA,OVER,13.5,-125,DraftKings,draftkings,player_points_assists_alternate,the-odds-api,2026-08-19T21:37:11.263300+00:00
2026-08-19,09563bab4edf9cf2073ee946ad95d61b,Minnesota Lynx @ Golden State Valkyries,2026-08-20T02:10:00Z,Golden State Valkyries,Minnesota Lynx,Natasha Howard,,PA,OVER,14.5,108,DraftKings,draftkings,player_points_assists_alternate,the-odds-api,2026-08-19T21:37:11.263300+00:00
2026-08-19,09563bab4edf9cf2073ee946ad95d61b,Minnesota Lynx @ Golden State Valkyries,2026-08-20T02:10:00Z,Golden State Valkyries,Minnesota Lynx,Natasha Howard,,PA,OVER,19.5,431,DraftKings,draftkings,player_points_assists_alternate,the-odds-api,2026-08-19T21:37:11.263300+00:00
2026-08-19,09563bab4edf9cf2073ee946ad95d61b,Minnesota Lynx @ Golden State Valkyries,2026-08-20T02:10:00Z,Golden State Valkyries,Minnesota Lynx,Natasha Howard,,PA,OVER,24.5,1460,DraftKings,draftkings,player_points_assists_alternate,the-odds-api,2026-08-19T21:37:11.263300+00:00
2026-08-19,09563bab4edf9cf2073ee946ad95d61b,Minnesota Lynx @ Golden State Valkyries,2026-08-20T02:10:00Z,Golden State Valkyries,Minnesota Lynx,Janelle Salaun,,PA,OVER,9.5,-241,DraftKings,draftkings,player_points_assists_alternate,the-odds-api,2026-08-19T21:37:11.263300+00:00
2026-08-19,09563bab4edf9cf2073ee946ad95d61b,Minnesota Lynx @ Golden State Valkyries,2026-08-20T02:10:00Z,Golden State Valkyries,Minnesota Lynx,Janelle Salaun,,PA,OVER,11.5,-127,DraftKings,draftkings,player_points_assists_alternate,the-odds-api,2026-08-19T21:37:11.263300+00:00
2026-08-19,09563bab4edf9cf2073ee946ad95d61b,Minnesota Lynx @ Golden State Valkyries,2026-08-20T02:10:00Z,Golden State Valkyries,Minnesota Lynx,Janelle Salaun,,PA,OVER,14.5,187,DraftKings,draftkings,player_points_assists_alternate,the-odds-api,2026-08-19T21:37:11.263300+00:00
2026-08-19,09563bab4edf9cf2073ee946ad95d61b,Minnesota Lynx @ Golden State Valkyries,2026-08-20T02:10:00Z,Golden State Valkyries,Minnesota Lynx,Janelle Salaun,,PA,OVER,19.5,710,DraftKings,draftkings,player_points_assists_alternate,the-odds-api,2026-08-19T21:37:11.263300+00:00
2026-08-19,09563bab4edf9cf2073ee946ad95d61b,Minnesota Lynx @ Golden State Valkyries,2026-08-20T02:10:00Z,Golden State Valkyries,Minnesota Lynx,Cecilia Zandalasini,,PA,OVER,4.5,-2600,DraftKings,draftkings,player_points_assists_alternate,the-odds-api,2026-08-19T21:37:11.263300+00:00
2026-08-19,09563bab4edf9cf2073ee946ad95d61b,Minnesota Lynx @ Golden State Valkyries,2026-08-20T02:10:00Z,Golden State Valkyries,Minnesota Lynx,Cecilia Zandalasini,,PA,OVER,9.5,-208,DraftKings,draftkings,player_points_assists_alternate,the-odds-api,2026-08-19T21:37:11.263300+00:00
2026-08-19,09563bab4edf9cf2073ee946ad95d61b,Minnesota Lynx @ Golden State Valkyries,2026-08-20T02:10:00Z,Golden State Valkyries,Minnesota Lynx,Cecilia Zandalasini,,PA,OVER,11.5,-108,DraftKings,draftkings,player_points_assists_alternate,the-odds-api,2026-08-19T21:37:11.263300+00:00
2026-08-19,09563bab4edf9cf2073ee946ad95d61b,Minnesota Lynx @ Golden State Valkyries,2026-08-20T02:10:00Z,Golden State Valkyries,Minnesota Lynx,Cecilia Zandalasini,,PA,OVER,14.5,221,DraftKings,draftkings,player_points_assists_alternate,the-odds-api,2026-08-19T21:37:11.263300+00:00
2026-08-19,09563bab4edf9cf2073ee946ad95d61b,Minnesota Lynx @ Golden State Valkyries,2026-08-20T02:10:00Z,Golden State Valkyries,Minnesota Lynx,Cecilia Zandalasini,,PA,OVER,19.5,830,DraftKings,draftkings,player_points_assists_alternate,the-odds-api,2026-08-19T21:37:11.263300+00:00
2026-08-19,09563bab4edf9cf2073ee946ad95d61b,Minnesota Lynx @ Golden State Valkyries,2026-08-20T02:10:00Z,Golden State Valkyries,Minnesota Lynx,Napheesa Collier,,PR,OVER,14.5,-2500,DraftKings,draftkings,player_points_rebounds_alternate,the-odds-api,2026-08-19T21:37:11.263300+00:00
2026-08-19,09563bab4edf9cf2073ee946ad95d61b,Minnesota Lynx @ Golden State Valkyries,2026-08-20T02:10:00Z,Golden State Valkyries,Minnesota Lynx,Napheesa Collier,,PR,OVER,19.5,-464,DraftKings,draftkings,player_points_rebounds_alternate,the-odds-api,2026-08-19T21:37:11.263300+00:00
2026-08-19,09563bab4edf9cf2073ee946ad95d61b,Minnesota Lynx @ Golden State Valkyries,2026-08-20T02:10:00Z,Golden State Valkyries,Minnesota Lynx,Napheesa Collier,,PR,OVER,24.5,-147,DraftKings,draftkings,player_points_rebounds_alternate,the-odds-api,2026-08-19T21:37:11.263300+00:00
2026-08-19,09563bab4edf9cf2073ee946ad95d61b,Minnesota Lynx @ Golden State Valkyries,2026-08-20T02:10:00Z,Golden State Valkyries,Minnesota Lynx,Napheesa Collier,,PR,OVER,25.5,-119,DraftKings,draftkings,player_points_rebounds_alternate,the-odds-api,2026-08-19T21:37:11.263300+00:00
2026-08-19,09563bab4edf9cf2073ee946ad95d61b,Minnesota Lynx @ Golden State Valkyries,2026-08-20T02:10:00Z,Golden State Valkyries,Minnesota Lynx,Napheesa Collier,,PR,OVER,29.5,185,DraftKings,draftkings,player_points_rebounds_alternate,the-odds-api,2026-08-19T21:37:11.263300+00:00
2026-08-19,09563bab4edf9cf2073ee946ad95d61b,Minnesota Lynx @ Golden State Valkyries,2026-08-20T02:10:00Z,Golden State Valkyries,Minnesota Lynx,Napheesa Collier,,PR,OVER,34.5,497,DraftKings,draftkings,player_points_rebounds_alternate,the-odds-api,2026-08-19T21:37:11.263300+00:00
2026-08-19,09563bab4edf9cf2073ee946ad95d61b,Minnesota Lynx @ Golden State Valkyries,2026-08-20T02:10:00Z,Golden State Valkyries,Minnesota Lynx,Napheesa Collier,,PR,OVER,39.5,1280,DraftKings,draftkings,player_points_rebounds_alternate,the-odds-api,2026-08-19T21:37:11.263300+00:00
2026-08-19,09563bab4edf9cf2073ee946ad95d61b,Minnesota Lynx @ Golden State Valkyries,2026-08-20T02:10:00Z,Golden State Valkyries,Minnesota Lynx,Olivia Miles,,PR,OVER,14.5,-1040,DraftKings,draftkings,player_points_rebounds_alternate,the-odds-api,2026-08-19T21:37:11.263300+00:00
2026-08-19,09563bab4edf9cf2073ee946ad95d61b,Minnesota Lynx @ Golden State Valkyries,2026-08-20T02:10:00Z,Golden State Valkyries,Minnesota Lynx,Olivia Miles,,PR,OVER,19.5,-258,DraftKings,draftkings,player_points_rebounds_alternate,the-odds-api,2026-08-19T21:37:11.263300+00:00
2026-08-19,09563bab4edf9cf2073ee946ad95d61b,Minnesota Lynx @ Golden State Valkyries,2026-08-20T02:10:00Z,Golden State Valkyries,Minnesota Lynx,Olivia Miles,,PR,OVER,23.5,-109,DraftKings,draftkings,player_points_rebounds_alternate,the-odds-api,2026-08-19T21:37:11.263300+00:00
2026-08-19,09563bab4edf9cf2073ee946ad95d61b,Minnesota Lynx @ Golden State Valkyries,2026-08-20T02:10:00Z,Golden State Valkyries,Minnesota Lynx,Olivia Miles,,PR,OVER,24.5,112,DraftKings,draftkings,player_points_rebounds_alternate,the-odds-api,2026-08-19T21:37:11.263300+00:00
2026-08-19,09563bab4edf9cf2073ee946ad95d61b,Minnesota Lynx @ Golden State Valkyries,2026-08-20T02:10:00Z,Golden State Valkyries,Minnesota Lynx,Olivia Miles,,PR,OVER,29.5,309,DraftKings,draftkings,player_points_rebounds_alternate,the-odds-api,2026-08-19T21:37:11.263300+00:00
2026-08-19,09563bab4edf9cf2073ee946ad95d61b,Minnesota Lynx @ Golden State Valkyries,2026-08-20T02:10:00Z,Golden State Valkyries,Minnesota Lynx,Olivia Miles,,PR,OVER,34.5,840,DraftKings,draftkings,player_points_rebounds_alternate,the-odds-api,2026-08-19T21:37:11.263300+00:00
2026-08-19,09563bab4edf9cf2073ee946ad95d61b,Minnesota Lynx @ Golden State Valkyries,2026-08-20T02:10:00Z,Golden State Valkyries,Minnesota Lynx,Gabby Williams,,PR,OVER,9.5,-1660,DraftKings,draftkings,player_points_rebounds_alternate,the-odds-api,2026-08-19T21:37:11.263300+00:00
2026-08-19,09563bab4edf9cf2073ee946ad95d61b,Minnesota Lynx @ Golden State Valkyries,2026-08-20T02:10:00Z,Golden State Valkyries,Minnesota Lynx,Gabby Williams,,PR,OVER,14.5,-270,DraftKings,draftkings,player_points_rebounds_alternate,the-odds-api,2026-08-19T21:37:11.263300+00:00
2026-08-19,09563bab4edf9cf2073ee946ad95d61b,Minnesota Lynx @ Golden State Valkyries,2026-08-20T02:10:00Z,Golden State Valkyries,Minnesota Lynx,Gabby Williams,,PR,OVER,17.5,-122,DraftKings,draftkings,player_points_rebounds_alternate,the-odds-api,2026-08-19T21:37:11.263300+00:00
2026-08-19,09563bab4edf9cf2073ee946ad95d61b,Minnesota Lynx @ Golden State Valkyries,2026-08-20T02:10:00Z,Golden State Valkyries,Minnesota Lynx,Gabby Williams,,PR,OVER,19.5,133,DraftKings,draftkings,player_points_rebounds_alternate,the-odds-api,2026-08-19T21:37:11.263300+00:00
2026-08-19,09563bab4edf9cf2073ee946ad95d61b,Minnesota Lynx @ Golden State Valkyries,2026-08-20T02:10:00Z,Golden State Valkyries,Minnesota Lynx,Gabby Williams,,PR,OVER,24.5,414,DraftKings,draftkings,player_points_rebounds_alternate,the-odds-api,2026-08-19T21:37:11.263300+00:00
2026-08-19,09563bab4edf9cf2073ee946ad95d61b,Minnesota Lynx @ Golden State Valkyries,2026-08-20T02:10:00Z,Golden State Valkyries,Minnesota Lynx,Gabby Williams,,PR,OVER,29.5,1160,DraftKings,draftkings,player_points_rebounds_alternate,the-odds-api,2026-08-19T21:37:11.263300+00:00
2026-08-19,09563bab4edf9cf2073ee946ad95d61b,Minnesota Lynx @ Golden State Valkyries,2026-08-20T02:10:00Z,Golden State Valkyries,Minnesota Lynx,Natasha Howard,,PR,OVER,9.5,-2100,DraftKings,draftkings,player_points_rebounds_alternate,the-odds-api,2026-08-19T21:37:11.263300+00:00
2026-08-19,09563bab4edf9cf2073ee946ad95d61b,Minnesota Lynx @ Golden State Valkyries,2026-08-20T02:10:00Z,Golden State Valkyries,Minnesota Lynx,Natasha Howard,,PR,OVER,14.5,-275,DraftKings,draftkings,player_points_rebounds_alternate,the-odds-api,2026-08-19T21:37:11.263300+00:00
2026-08-19,09563bab4edf9cf2073ee946ad95d61b,Minnesota Lynx @ Golden State Valkyries,2026-08-20T02:10:00Z,Golden State Valkyries,Minnesota Lynx,Natasha Howard,,PR,OVER,17.5,-120,DraftKings,draftkings,player_points_rebounds_alternate,the-odds-api,2026-08-19T21:37:11.263300+00:00
2026-08-19,09563bab4edf9cf2073ee946ad95d61b,Minnesota Lynx @ Golden State Valkyries,2026-08-20T02:10:00Z,Golden State Valkyries,Minnesota Lynx,Natasha Howard,,PR,OVER,19.5,137,DraftKings,draftkings,player_points_rebounds_alternate,the-odds-api,2026-08-19T21:37:11.263300+00:00
2026-08-19,09563bab4edf9cf2073ee946ad95d61b,Minnesota Lynx @ Golden State Valkyries,2026-08-20T02:10:00Z,Golden State Valkyries,Minnesota Lynx,Natasha Howard,,PR,OVER,24.5,450,DraftKings,draftkings,player_points_rebounds_alternate,the-odds-api,2026-08-19T21:37:11.263300+00:00
2026-08-19,09563bab4edf9cf2073ee946ad95d61b,Minnesota Lynx @ Golden State Valkyries,2026-08-20T02:10:00Z,Golden State Valkyries,Minnesota Lynx,Natasha Howard,,PR,OVER,29.5,1300,DraftKings,draftkings,player_points_rebounds_alternate,the-odds-api,2026-08-19T21:37:11.263300+00:00
2026-08-19,09563bab4edf9cf2073ee946ad95d61b,Minnesota Lynx @ Golden State Valkyries,2026-08-20T02:10:00Z,Golden State Valkyries,Minnesota Lynx,Kayla McBride,,PR,OVER,9.5,-1060,DraftKings,draftkings,player_points_rebounds_alternate,the-odds-api,2026-08-19T21:37:11.263300+00:00
2026-08-19,09563bab4edf9cf2073ee946ad95d61b,Minnesota Lynx @ Golden State Valkyries,2026-08-20T02:10:00Z,Golden State Valkyries,Minnesota Lynx,Kayla McBride,,PR,OVER,14.5,-211,DraftKings,draftkings,player_points_rebounds_alternate,the-odds-api,2026-08-19T21:37:11.263300+00:00
2026-08-19,09563bab4edf9cf2073ee946ad95d61b,Minnesota Lynx @ Golden State Valkyries,2026-08-20T02:10:00Z,Golden State Valkyries,Minnesota Lynx,Kayla McBride,,PR,OVER,16.5,-126,DraftKings,draftkings,player_points_rebounds_alternate,the-odds-api,2026-08-19T21:37:11.263300+00:00
2026-08-19,09563bab4edf9cf2073ee946ad95d61b,Minnesota Lynx @ Golden State Valkyries,2026-08-20T02:10:00Z,Golden State Valkyries,Minnesota Lynx,Kayla McBride,,PR,OVER,19.5,161,DraftKings,draftkings,player_points_rebounds_alternate,the-odds-api,2026-08-19T21:37:11.263300+00:00
2026-08-19,09563bab4edf9cf2073ee946ad95d61b,Minnesota Lynx @ Golden State Valkyries,2026-08-20T02:10:00Z,Golden State Valkyries,Minnesota Lynx,Kayla McBride,,PR,OVER,24.5,492,DraftKings,draftkings,player_points_rebounds_alternate,the-odds-api,2026-08-19T21:37:11.263300+00:00
2026-08-19,09563bab4edf9cf2073ee946ad95d61b,Minnesota Lynx @ Golden State Valkyries,2026-08-20T02:10:00Z,Golden State Valkyries,Minnesota Lynx,Kayla McBride,,PR,OVER,29.5,1440,DraftKings,draftkings,player_points_rebounds_alternate,the-odds-api,2026-08-19T21:37:11.263300+00:00
2026-08-19,09563bab4edf9cf2073ee946ad95d61b,Minnesota Lynx @ Golden State Valkyries,2026-08-20T02:10:00Z,Golden State Valkyries,Minnesota Lynx,Veronica Burton,,PR,OVER,9.5,-1060,DraftKings,draftkings,player_points_rebounds_alternate,the-odds-api,2026-08-19T21:37:11.263300+00:00
2026-08-19,09563bab4edf9cf2073ee946ad95d61b,Minnesota Lynx @ Golden State Valkyries,2026-08-20T02:10:00Z,Golden State Valkyries,Minnesota Lynx,Veronica Burton,,PR,OVER,14.5,-178,DraftKings,draftkings,player_points_rebounds_alternate,the-odds-api,2026-08-19T21:37:11.263300+00:00
2026-08-19,09563bab4edf9cf2073ee946ad95d61b,Minnesota Lynx @ Golden State Valkyries,2026-08-20T02:10:00Z,Golden State Valkyries,Minnesota Lynx,Veronica Burton,,PR,OVER,16.5,-105,DraftKings,draftkings,player_points_rebounds_alternate,the-odds-api,2026-08-19T21:37:11.263300+00:00
2026-08-19,09563bab4edf9cf2073ee946ad95d61b,Minnesota Lynx @ Golden State Valkyries,2026-08-20T02:10:00Z,Golden State Valkyries,Minnesota Lynx,Veronica Burton,,PR,OVER,19.5,208,DraftKings,draftkings,player_points_rebounds_alternate,the-odds-api,2026-08-19T21:37:11.263300+00:00
2026-08-19,09563bab4edf9cf2073ee946ad95d61b,Minnesota Lynx @ Golden State Valkyries,2026-08-20T02:10:00Z,Golden State Valkyries,Minnesota Lynx,Veronica Burton,,PR,OVER,24.5,690,DraftKings,draftkings,player_points_rebounds_alternate,the-odds-api,2026-08-19T21:37:11.263300+00:00
2026-08-19,09563bab4edf9cf2073ee946ad95d61b,Minnesota Lynx @ Golden State Valkyries,2026-08-20T02:10:00Z,Golden State Valkyries,Minnesota Lynx,Courtney Williams,,PR,OVER,9.5,-890,DraftKings,draftkings,player_points_rebounds_alternate,the-odds-api,2026-08-19T21:37:11.263300+00:00
2026-08-19,09563bab4edf9cf2073ee946ad95d61b,Minnesota Lynx @ Golden State Valkyries,2026-08-20T02:10:00Z,Golden State Valkyries,Minnesota Lynx,Courtney Williams,,PR,OVER,14.5,-159,DraftKings,draftkings,player_points_rebounds_alternate,the-odds-api,2026-08-19T21:37:11.263300+00:00
2026-08-19,09563bab4edf9cf2073ee946ad95d61b,Minnesota Lynx @ Golden State Valkyries,2026-08-20T02:10:00Z,Golden State Valkyries,Minnesota Lynx,Courtney Williams,,PR,OVER,15.5,-120,DraftKings,draftkings,player_points_rebounds_alternate,the-odds-api,2026-08-19T21:37:11.263300+00:00
2026-08-19,09563bab4edf9cf2073ee946ad95d61b,Minnesota Lynx @ Golden State Valkyries,2026-08-20T02:10:00Z,Golden State Valkyries,Minnesota Lynx,Courtney Williams,,PR,OVER,19.5,237,DraftKings,draftkings,player_points_rebounds_alternate,the-odds-api,2026-08-19T21:37:11.263300+00:00
2026-08-19,09563bab4edf9cf2073ee946ad95d61b,Minnesota Lynx @ Golden State Valkyries,2026-08-20T02:10:00Z,Golden State Valkyries,Minnesota Lynx,Courtney Williams,,PR,OVER,24.5,810,DraftKings,draftkings,player_points_rebounds_alternate,the-odds-api,2026-08-19T21:37:11.263300+00:00
2026-08-19,09563bab4edf9cf2073ee946ad95d61b,Minnesota Lynx @ Golden State Valkyries,2026-08-20T02:10:00Z,Golden State Valkyries,Minnesota Lynx,Janelle Salaun,,PR,OVER,9.5,-548,DraftKings,draftkings,player_points_rebounds_alternate,the-odds-api,2026-08-19T21:37:11.263300+00:00
2026-08-19,09563bab4edf9cf2073ee946ad95d61b,Minnesota Lynx @ Golden State Valkyries,2026-08-20T02:10:00Z,Golden State Valkyries,Minnesota Lynx,Janelle Salaun,,PR,OVER,14.5,-108,DraftKings,draftkings,player_points_rebounds_alternate,the-odds-api,2026-08-19T21:37:11.263300+00:00
2026-08-19,09563bab4edf9cf2073ee946ad95d61b,Minnesota Lynx @ Golden State Valkyries,2026-08-20T02:10:00Z,Golden State Valkyries,Minnesota Lynx,Janelle Salaun,,PR,OVER,19.5,349,DraftKings,draftkings,player_points_rebounds_alternate,the-odds-api,2026-08-19T21:37:11.263300+00:00
2026-08-19,09563bab4edf9cf2073ee946ad95d61b,Minnesota Lynx @ Golden State Valkyries,2026-08-20T02:10:00Z,Golden State Valkyries,Minnesota Lynx,Janelle Salaun,,PR,OVER,24.5,1140,DraftKings,draftkings,player_points_rebounds_alternate,the-odds-api,2026-08-19T21:37:11.263300+00:00
2026-08-19,09563bab4edf9cf2073ee946ad95d61b,Minnesota Lynx @ Golden State Valkyries,2026-08-20T02:10:00Z,Golden State Valkyries,Minnesota Lynx,Kayla Thornton,,PR,OVER,9.5,-560,DraftKings,draftkings,player_points_rebounds_alternate,the-odds-api,2026-08-19T21:37:11.263300+00:00
2026-08-19,09563bab4edf9cf2073ee946ad95d61b,Minnesota Lynx @ Golden State Valkyries,2026-08-20T02:10:00Z,Golden State Valkyries,Minnesota Lynx,Kayla Thornton,,PR,OVER,14.5,-104,DraftKings,draftkings,player_points_rebounds_alternate,the-odds-api,2026-08-19T21:37:11.263300+00:00
2026-08-19,09563bab4edf9cf2073ee946ad95d61b,Minnesota Lynx @ Golden State Valkyries,2026-08-20T02:10:00Z,Golden State Valkyries,Minnesota Lynx,Kayla Thornton,,PR,OVER,19.5,377,DraftKings,draftkings,player_points_rebounds_alternate,the-odds-api,2026-08-19T21:37:11.263300+00:00
2026-08-19,09563bab4edf9cf2073ee946ad95d61b,Minnesota Lynx @ Golden State Valkyries,2026-08-20T02:10:00Z,Golden State Valkyries,Minnesota Lynx,Kayla Thornton,,PR,OVER,24.5,1300,DraftKings,draftkings,player_points_rebounds_alternate,the-odds-api,2026-08-19T21:37:11.263300+00:00
2026-08-19,09563bab4edf9cf2073ee946ad95d61b,Minnesota Lynx @ Golden State Valkyries,2026-08-20T02:10:00Z,Golden State Valkyries,Minnesota Lynx,Cecilia Zandalasini,,PR,OVER,4.5,-2700,DraftKings,draftkings,player_points_rebounds_alternate,the-odds-api,2026-08-19T21:37:11.263300+00:00
2026-08-19,09563bab4edf9cf2073ee946ad95d61b,Minnesota Lynx @ Golden State Valkyries,2026-08-20T02:10:00Z,Golden State Valkyries,Minnesota Lynx,Cecilia Zandalasini,,PR,OVER,9.5,-213,DraftKings,draftkings,player_points_rebounds_alternate,the-odds-api,2026-08-19T21:37:11.263300+00:00
2026-08-19,09563bab4edf9cf2073ee946ad95d61b,Minnesota Lynx @ Golden State Valkyries,2026-08-20T02:10:00Z,Golden State Valkyries,Minnesota Lynx,Cecilia Zandalasini,,PR,OVER,11.5,-110,DraftKings,draftkings,player_points_rebounds_alternate,the-odds-api,2026-08-19T21:37:11.263300+00:00
2026-08-19,09563bab4edf9cf2073ee946ad95d61b,Minnesota Lynx @ Golden State Valkyries,2026-08-20T02:10:00Z,Golden State Valkyries,Minnesota Lynx,Cecilia Zandalasini,,PR,OVER,14.5,213,DraftKings,draftkings,player_points_rebounds_alternate,the-odds-api,2026-08-19T21:37:11.263300+00:00
2026-08-19,09563bab4edf9cf2073ee946ad95d61b,Minnesota Lynx @ Golden State Valkyries,2026-08-20T02:10:00Z,Golden State Valkyries,Minnesota Lynx,Cecilia Zandalasini,,PR,OVER,19.5,800,DraftKings,draftkings,player_points_rebounds_alternate,the-odds-api,2026-08-19T21:37:11.263300+00:00
2026-08-19,09563bab4edf9cf2073ee946ad95d61b,Minnesota Lynx @ Golden State Valkyries,2026-08-20T02:10:00Z,Golden State Valkyries,Minnesota Lynx,Olivia Miles,,PRA,OVER,19.5,-1200,DraftKings,draftkings,player_points_rebounds_assists_alternate,the-odds-api,2026-08-19T21:37:11.263300+00:00
2026-08-19,09563bab4edf9cf2073ee946ad95d61b,Minnesota Lynx @ Golden State Valkyries,2026-08-20T02:10:00Z,Golden State Valkyries,Minnesota Lynx,Olivia Miles,,PRA,OVER,24.5,-338,DraftKings,draftkings,player_points_rebounds_assists_alternate,the-odds-api,2026-08-19T21:37:11.263300+00:00
2026-08-19,09563bab4edf9cf2073ee946ad95d61b,Minnesota Lynx @ Golden State Valkyries,2026-08-20T02:10:00Z,Golden State Valkyries,Minnesota Lynx,Olivia Miles,,PRA,OVER,29.5,-120,DraftKings,draftkings,player_points_rebounds_assists_alternate,the-odds-api,2026-08-19T21:37:11.263300+00:00
2026-08-19,09563bab4edf9cf2073ee946ad95d61b,Minnesota Lynx @ Golden State Valkyries,2026-08-20T02:10:00Z,Golden State Valkyries,Minnesota Lynx,Olivia Miles,,PRA,OVER,34.5,222,DraftKings,draftkings,player_points_rebounds_assists_alternate,the-odds-api,2026-08-19T21:37:11.263300+00:00
2026-08-19,09563bab4edf9cf2073ee946ad95d61b,Minnesota Lynx @ Golden State Valkyries,2026-08-20T02:10:00Z,Golden State Valkyries,Minnesota Lynx,Olivia Miles,,PRA,OVER,39.5,600,DraftKings,draftkings,player_points_rebounds_assists_alternate,the-odds-api,2026-08-19T21:37:11.263300+00:00
2026-08-19,09563bab4edf9cf2073ee946ad95d61b,Minnesota Lynx @ Golden State Valkyries,2026-08-20T02:10:00Z,Golden State Valkyries,Minnesota Lynx,Olivia Miles,,PRA,OVER,44.5,1520,DraftKings,draftkings,player_points_rebounds_assists_alternate,the-odds-api,2026-08-19T21:37:11.263300+00:00
2026-08-19,09563bab4edf9cf2073ee946ad95d61b,Minnesota Lynx @ Golden State Valkyries,2026-08-20T02:10:00Z,Golden State Valkyries,Minnesota Lynx,Napheesa Collier,,PRA,OVER,19.5,-990,DraftKings,draftkings,player_points_rebounds_assists_alternate,the-odds-api,2026-08-19T21:37:11.263300+00:00
2026-08-19,09563bab4edf9cf2073ee946ad95d61b,Minnesota Lynx @ Golden State Valkyries,2026-08-20T02:10:00Z,Golden State Valkyries,Minnesota Lynx,Napheesa Collier,,PRA,OVER,24.5,-273,DraftKings,draftkings,player_points_rebounds_assists_alternate,the-odds-api,2026-08-19T21:37:11.263300+00:00
2026-08-19,09563bab4edf9cf2073ee946ad95d61b,Minnesota Lynx @ Golden State Valkyries,2026-08-20T02:10:00Z,Golden State Valkyries,Minnesota Lynx,Napheesa Collier,,PRA,OVER,28.5,-119,DraftKings,draftkings,player_points_rebounds_assists_alternate,the-odds-api,2026-08-19T21:37:11.263300+00:00
2026-08-19,09563bab4edf9cf2073ee946ad95d61b,Minnesota Lynx @ Golden State Valkyries,2026-08-20T02:10:00Z,Golden State Valkyries,Minnesota Lynx,Napheesa Collier,,PRA,OVER,29.5,102,DraftKings,draftkings,player_points_rebounds_assists_alternate,the-odds-api,2026-08-19T21:37:11.263300+00:00
2026-08-19,09563bab4edf9cf2073ee946ad95d61b,Minnesota Lynx @ Golden State Valkyries,2026-08-20T02:10:00Z,Golden State Valkyries,Minnesota Lynx,Napheesa Collier,,PRA,OVER,34.5,269,DraftKings,draftkings,player_points_rebounds_assists_alternate,the-odds-api,2026-08-19T21:37:11.263300+00:00
2026-08-19,09563bab4edf9cf2073ee946ad95d61b,Minnesota Lynx @ Golden State Valkyries,2026-08-20T02:10:00Z,Golden State Valkyries,Minnesota Lynx,Napheesa Collier,,PRA,OVER,39.5,710,DraftKings,draftkings,player_points_rebounds_assists_alternate,the-odds-api,2026-08-19T21:37:11.263300+00:00
2026-08-19,09563bab4edf9cf2073ee946ad95d61b,Minnesota Lynx @ Golden State Valkyries,2026-08-20T02:10:00Z,Golden State Valkyries,Minnesota Lynx,Napheesa Collier,,PRA,OVER,44.5,1680,DraftKings,draftkings,player_points_rebounds_assists_alternate,the-odds-api,2026-08-19T21:37:11.263300+00:00
2026-08-19,09563bab4edf9cf2073ee946ad95d61b,Minnesota Lynx @ Golden State Valkyries,2026-08-20T02:10:00Z,Golden State Valkyries,Minnesota Lynx,Veronica Burton,,PRA,OVER,14.5,-1220,DraftKings,draftkings,player_points_rebounds_assists_alternate,the-odds-api,2026-08-19T21:37:11.263300+00:00
2026-08-19,09563bab4edf9cf2073ee946ad95d61b,Minnesota Lynx @ Golden State Valkyries,2026-08-20T02:10:00Z,Golden State Valkyries,Minnesota Lynx,Veronica Burton,,PRA,OVER,19.5,-241,DraftKings,draftkings,player_points_rebounds_assists_alternate,the-odds-api,2026-08-19T21:37:11.263300+00:00
2026-08-19,09563bab4edf9cf2073ee946ad95d61b,Minnesota Lynx @ Golden State Valkyries,2026-08-20T02:10:00Z,Golden State Valkyries,Minnesota Lynx,Veronica Burton,,PRA,OVER,22.5,-110,DraftKings,draftkings,player_points_rebounds_assists_alternate,the-odds-api,2026-08-19T21:37:11.263300+00:00
2026-08-19,09563bab4edf9cf2073ee946ad95d61b,Minnesota Lynx @ Golden State Valkyries,2026-08-20T02:10:00Z,Golden State Valkyries,Minnesota Lynx,Veronica Burton,,PRA,OVER,24.5,147,DraftKings,draftkings,player_points_rebounds_assists_alternate,the-odds-api,2026-08-19T21:37:11.263300+00:00
2026-08-19,09563bab4edf9cf2073ee946ad95d61b,Minnesota Lynx @ Golden State Valkyries,2026-08-20T02:10:00Z,Golden State Valkyries,Minnesota Lynx,Veronica Burton,,PRA,OVER,29.5,472,DraftKings,draftkings,player_points_rebounds_assists_alternate,the-odds-api,2026-08-19T21:37:11.263300+00:00
2026-08-19,09563bab4edf9cf2073ee946ad95d61b,Minnesota Lynx @ Golden State Valkyries,2026-08-20T02:10:00Z,Golden State Valkyries,Minnesota Lynx,Veronica Burton,,PRA,OVER,34.5,1400,DraftKings,draftkings,player_points_rebounds_assists_alternate,the-odds-api,2026-08-19T21:37:11.263300+00:00
2026-08-19,09563bab4edf9cf2073ee946ad95d61b,Minnesota Lynx @ Golden State Valkyries,2026-08-20T02:10:00Z,Golden State Valkyries,Minnesota Lynx,Natasha Howard,,PRA,OVER,14.5,-700,DraftKings,draftkings,player_points_rebounds_assists_alternate,the-odds-api,2026-08-19T21:37:11.263300+00:00
2026-08-19,09563bab4edf9cf2073ee946ad95d61b,Minnesota Lynx @ Golden State Valkyries,2026-08-20T02:10:00Z,Golden State Valkyries,Minnesota Lynx,Natasha Howard,,PRA,OVER,19.5,-161,DraftKings,draftkings,player_points_rebounds_assists_alternate,the-odds-api,2026-08-19T21:37:11.263300+00:00
2026-08-19,09563bab4edf9cf2073ee946ad95d61b,Minnesota Lynx @ Golden State Valkyries,2026-08-20T02:10:00Z,Golden State Valkyries,Minnesota Lynx,Natasha Howard,,PRA,OVER,20.5,-125,DraftKings,draftkings,player_points_rebounds_assists_alternate,the-odds-api,2026-08-19T21:37:11.263300+00:00
2026-08-19,09563bab4edf9cf2073ee946ad95d61b,Minnesota Lynx @ Golden State Valkyries,2026-08-20T02:10:00Z,Golden State Valkyries,Minnesota Lynx,Natasha Howard,,PRA,OVER,24.5,206,DraftKings,draftkings,player_points_rebounds_assists_alternate,the-odds-api,2026-08-19T21:37:11.263300+00:00
2026-08-19,09563bab4edf9cf2073ee946ad95d61b,Minnesota Lynx @ Golden State Valkyries,2026-08-20T02:10:00Z,Golden State Valkyries,Minnesota Lynx,Natasha Howard,,PRA,OVER,29.5,620,DraftKings,draftkings,player_points_rebounds_assists_alternate,the-odds-api,2026-08-19T21:37:11.263300+00:00
2026-08-19,09563bab4edf9cf2073ee946ad95d61b,Minnesota Lynx @ Golden State Valkyries,2026-08-20T02:10:00Z,Golden State Valkyries,Minnesota Lynx,Natasha Howard,,PRA,OVER,34.5,1660,DraftKings,draftkings,player_points_rebounds_assists_alternate,the-odds-api,2026-08-19T21:37:11.263300+00:00
2026-08-19,09563bab4edf9cf2073ee946ad95d61b,Minnesota Lynx @ Golden State Valkyries,2026-08-20T02:10:00Z,Golden State Valkyries,Minnesota Lynx,Gabby Williams,,PRA,OVER,14.5,-575,DraftKings,draftkings,player_points_rebounds_assists_alternate,the-odds-api,2026-08-19T21:37:11.263300+00:00
2026-08-19,09563bab4edf9cf2073ee946ad95d61b,Minnesota Lynx @ Golden State Valkyries,2026-08-20T02:10:00Z,Golden State Valkyries,Minnesota Lynx,Gabby Williams,,PRA,OVER,19.5,-145,DraftKings,draftkings,player_points_rebounds_assists_alternate,the-odds-api,2026-08-19T21:37:11.263300+00:00
2026-08-19,09563bab4edf9cf2073ee946ad95d61b,Minnesota Lynx @ Golden State Valkyries,2026-08-20T02:10:00Z,Golden State Valkyries,Minnesota Lynx,Gabby Williams,,PRA,OVER,20.5,-114,DraftKings,draftkings,player_points_rebounds_assists_alternate,the-odds-api,2026-08-19T21:37:11.263300+00:00
2026-08-19,09563bab4edf9cf2073ee946ad95d61b,Minnesota Lynx @ Golden State Valkyries,2026-08-20T02:10:00Z,Golden State Valkyries,Minnesota Lynx,Gabby Williams,,PRA,OVER,24.5,217,DraftKings,draftkings,player_points_rebounds_assists_alternate,the-odds-api,2026-08-19T21:37:11.263300+00:00
2026-08-19,09563bab4edf9cf2073ee946ad95d61b,Minnesota Lynx @ Golden State Valkyries,2026-08-20T02:10:00Z,Golden State Valkyries,Minnesota Lynx,Gabby Williams,,PRA,OVER,29.5,650,DraftKings,draftkings,player_points_rebounds_assists_alternate,the-odds-api,2026-08-19T21:37:11.263300+00:00
2026-08-19,09563bab4edf9cf2073ee946ad95d61b,Minnesota Lynx @ Golden State Valkyries,2026-08-20T02:10:00Z,Golden State Valkyries,Minnesota Lynx,Kayla McBride,,PRA,OVER,9.5,-2900,DraftKings,draftkings,player_points_rebounds_assists_alternate,the-odds-api,2026-08-19T21:37:11.263300+00:00
2026-08-19,09563bab4edf9cf2073ee946ad95d61b,Minnesota Lynx @ Golden State Valkyries,2026-08-20T02:10:00Z,Golden State Valkyries,Minnesota Lynx,Kayla McBride,,PRA,OVER,14.5,-377,DraftKings,draftkings,player_points_rebounds_assists_alternate,the-odds-api,2026-08-19T21:37:11.263300+00:00
2026-08-19,09563bab4edf9cf2073ee946ad95d61b,Minnesota Lynx @ Golden State Valkyries,2026-08-20T02:10:00Z,Golden State Valkyries,Minnesota Lynx,Kayla McBride,,PRA,OVER,19.5,-105,DraftKings,draftkings,player_points_rebounds_assists_alternate,the-odds-api,2026-08-19T21:37:11.263300+00:00
2026-08-19,09563bab4edf9cf2073ee946ad95d61b,Minnesota Lynx @ Golden State Valkyries,2026-08-20T02:10:00Z,Golden State Valkyries,Minnesota Lynx,Kayla McBride,,PRA,OVER,24.5,289,DraftKings,draftkings,player_points_rebounds_assists_alternate,the-odds-api,2026-08-19T21:37:11.263300+00:00
2026-08-19,09563bab4edf9cf2073ee946ad95d61b,Minnesota Lynx @ Golden State Valkyries,2026-08-20T02:10:00Z,Golden State Valkyries,Minnesota Lynx,Kayla McBride,,PRA,OVER,29.5,830,DraftKings,draftkings,player_points_rebounds_assists_alternate,the-odds-api,2026-08-19T21:37:11.263300+00:00
2026-08-19,09563bab4edf9cf2073ee946ad95d61b,Minnesota Lynx @ Golden State Valkyries,2026-08-20T02:10:00Z,Golden State Valkyries,Minnesota Lynx,Courtney Williams,,PRA,OVER,14.5,-548,DraftKings,draftkings,player_points_rebounds_assists_alternate,the-odds-api,2026-08-19T21:37:11.263300+00:00
2026-08-19,09563bab4edf9cf2073ee946ad95d61b,Minnesota Lynx @ Golden State Valkyries,2026-08-20T02:10:00Z,Golden State Valkyries,Minnesota Lynx,Courtney Williams,,PRA,OVER,19.5,-125,DraftKings,draftkings,player_points_rebounds_assists_alternate,the-odds-api,2026-08-19T21:37:11.263300+00:00
2026-08-19,09563bab4edf9cf2073ee946ad95d61b,Minnesota Lynx @ Golden State Valkyries,2026-08-20T02:10:00Z,Golden State Valkyries,Minnesota Lynx,Courtney Williams,,PRA,OVER,24.5,281,DraftKings,draftkings,player_points_rebounds_assists_alternate,the-odds-api,2026-08-19T21:37:11.263300+00:00
2026-08-19,09563bab4edf9cf2073ee946ad95d61b,Minnesota Lynx @ Golden State Valkyries,2026-08-20T02:10:00Z,Golden State Valkyries,Minnesota Lynx,Courtney Williams,,PRA,OVER,29.5,890,DraftKings,draftkings,player_points_rebounds_assists_alternate,the-odds-api,2026-08-19T21:37:11.263300+00:00
2026-08-19,09563bab4edf9cf2073ee946ad95d61b,Minnesota Lynx @ Golden State Valkyries,2026-08-20T02:10:00Z,Golden State Valkyries,Minnesota Lynx,Janelle Salaun,,PRA,OVER,9.5,-880,DraftKings,draftkings,player_points_rebounds_assists_alternate,the-odds-api,2026-08-19T21:37:11.263300+00:00
2026-08-19,09563bab4edf9cf2073ee946ad95d61b,Minnesota Lynx @ Golden State Valkyries,2026-08-20T02:10:00Z,Golden State Valkyries,Minnesota Lynx,Janelle Salaun,,PRA,OVER,14.5,-149,DraftKings,draftkings,player_points_rebounds_assists_alternate,the-odds-api,2026-08-19T21:37:11.263300+00:00
2026-08-19,09563bab4edf9cf2073ee946ad95d61b,Minnesota Lynx @ Golden State Valkyries,2026-08-20T02:10:00Z,Golden State Valkyries,Minnesota Lynx,Janelle Salaun,,PRA,OVER,15.5,-112,DraftKings,draftkings,player_points_rebounds_assists_alternate,the-odds-api,2026-08-19T21:37:11.263300+00:00
2026-08-19,09563bab4edf9cf2073ee946ad95d61b,Minnesota Lynx @ Golden State Valkyries,2026-08-20T02:10:00Z,Golden State Valkyries,Minnesota Lynx,Janelle Salaun,,PRA,OVER,19.5,260,DraftKings,draftkings,player_points_rebounds_assists_alternate,the-odds-api,2026-08-19T21:37:11.263300+00:00
2026-08-19,09563bab4edf9cf2073ee946ad95d61b,Minnesota Lynx @ Golden State Valkyries,2026-08-20T02:10:00Z,Golden State Valkyries,Minnesota Lynx,Janelle Salaun,,PRA,OVER,24.5,870,DraftKings,draftkings,player_points_rebounds_assists_alternate,the-odds-api,2026-08-19T21:37:11.263300+00:00
2026-08-19,09563bab4edf9cf2073ee946ad95d61b,Minnesota Lynx @ Golden State Valkyries,2026-08-20T02:10:00Z,Golden State Valkyries,Minnesota Lynx,Cecilia Zandalasini,,PRA,OVER,9.5,-453,DraftKings,draftkings,player_points_rebounds_assists_alternate,the-odds-api,2026-08-19T21:37:11.263300+00:00
2026-08-19,09563bab4edf9cf2073ee946ad95d61b,Minnesota Lynx @ Golden State Valkyries,2026-08-20T02:10:00Z,Golden State Valkyries,Minnesota Lynx,Cecilia Zandalasini,,PRA,OVER,13.5,-118,DraftKings,draftkings,player_points_rebounds_assists_alternate,the-odds-api,2026-08-19T21:37:11.263300+00:00
2026-08-19,09563bab4edf9cf2073ee946ad95d61b,Minnesota Lynx @ Golden State Valkyries,2026-08-20T02:10:00Z,Golden State Valkyries,Minnesota Lynx,Cecilia Zandalasini,,PRA,OVER,14.5,113,DraftKings,draftkings,player_points_rebounds_assists_alternate,the-odds-api,2026-08-19T21:37:11.263300+00:00
2026-08-19,09563bab4edf9cf2073ee946ad95d61b,Minnesota Lynx @ Golden State Valkyries,2026-08-20T02:10:00Z,Golden State Valkyries,Minnesota Lynx,Cecilia Zandalasini,,PRA,OVER,19.5,417,DraftKings,draftkings,player_points_rebounds_assists_alternate,the-odds-api,2026-08-19T21:37:11.263300+00:00
2026-08-19,09563bab4edf9cf2073ee946ad95d61b,Minnesota Lynx @ Golden State Valkyries,2026-08-20T02:10:00Z,Golden State Valkyries,Minnesota Lynx,Cecilia Zandalasini,,PRA,OVER,24.5,1400,DraftKings,draftkings,player_points_rebounds_assists_alternate,the-odds-api,2026-08-19T21:37:11.263300+00:00
2026-08-19,09563bab4edf9cf2073ee946ad95d61b,Minnesota Lynx @ Golden State Valkyries,2026-08-20T02:10:00Z,Golden State Valkyries,Minnesota Lynx,Napheesa Collier,,REB,OVER,3.5,-2100,DraftKings,draftkings,player_rebounds_alternate,the-odds-api,2026-08-19T21:37:11.263300+00:00
2026-08-19,09563bab4edf9cf2073ee946ad95d61b,Minnesota Lynx @ Golden State Valkyries,2026-08-20T02:10:00Z,Golden State Valkyries,Minnesota Lynx,Napheesa Collier,,REB,OVER,4.5,-730,DraftKings,draftkings,player_rebounds_alternate,the-odds-api,2026-08-19T21:37:11.263300+00:00
2026-08-19,09563bab4edf9cf2073ee946ad95d61b,Minnesota Lynx @ Golden State Valkyries,2026-08-20T02:10:00Z,Golden State Valkyries,Minnesota Lynx,Napheesa Collier,,REB,OVER,5.5,-339,DraftKings,draftkings,player_rebounds_alternate,the-odds-api,2026-08-19T21:37:11.263300+00:00
2026-08-19,09563bab4edf9cf2073ee946ad95d61b,Minnesota Lynx @ Golden State Valkyries,2026-08-20T02:10:00Z,Golden State Valkyries,Minnesota Lynx,Napheesa Collier,,REB,OVER,6.5,-181,DraftKings,draftkings,player_rebounds_alternate,the-odds-api,2026-08-19T21:37:11.263300+00:00
2026-08-19,09563bab4edf9cf2073ee946ad95d61b,Minnesota Lynx @ Golden State Valkyries,2026-08-20T02:10:00Z,Golden State Valkyries,Minnesota Lynx,Napheesa Collier,,REB,OVER,7.5,-105,DraftKings,draftkings,player_rebounds_alternate,the-odds-api,2026-08-19T21:37:11.263300+00:00
2026-08-19,09563bab4edf9cf2073ee946ad95d61b,Minnesota Lynx @ Golden State Valkyries,2026-08-20T02:10:00Z,Golden State Valkyries,Minnesota Lynx,Napheesa Collier,,REB,OVER,8.5,160,DraftKings,draftkings,player_rebounds_alternate,the-odds-api,2026-08-19T21:37:11.263300+00:00
2026-08-19,09563bab4edf9cf2073ee946ad95d61b,Minnesota Lynx @ Golden State Valkyries,2026-08-20T02:10:00Z,Golden State Valkyries,Minnesota Lynx,Napheesa Collier,,REB,OVER,9.5,263,DraftKings,draftkings,player_rebounds_alternate,the-odds-api,2026-08-19T21:37:11.263300+00:00
2026-08-19,09563bab4edf9cf2073ee946ad95d61b,Minnesota Lynx @ Golden State Valkyries,2026-08-20T02:10:00Z,Golden State Valkyries,Minnesota Lynx,Napheesa Collier,,REB,OVER,10.5,423,DraftKings,draftkings,player_rebounds_alternate,the-odds-api,2026-08-19T21:37:11.263300+00:00
2026-08-19,09563bab4edf9cf2073ee946ad95d61b,Minnesota Lynx @ Golden State Valkyries,2026-08-20T02:10:00Z,Golden State Valkyries,Minnesota Lynx,Napheesa Collier,,REB,OVER,11.5,670,DraftKings,draftkings,player_rebounds_alternate,the-odds-api,2026-08-19T21:37:11.263300+00:00
2026-08-19,09563bab4edf9cf2073ee946ad95d61b,Minnesota Lynx @ Golden State Valkyries,2026-08-20T02:10:00Z,Golden State Valkyries,Minnesota Lynx,Napheesa Collier,,REB,OVER,12.5,1040,DraftKings,draftkings,player_rebounds_alternate,the-odds-api,2026-08-19T21:37:11.263300+00:00
2026-08-19,09563bab4edf9cf2073ee946ad95d61b,Minnesota Lynx @ Golden State Valkyries,2026-08-20T02:10:00Z,Golden State Valkyries,Minnesota Lynx,Napheesa Collier,,REB,OVER,13.5,1580,DraftKings,draftkings,player_rebounds_alternate,the-odds-api,2026-08-19T21:37:11.263300+00:00
2026-08-19,09563bab4edf9cf2073ee946ad95d61b,Minnesota Lynx @ Golden State Valkyries,2026-08-20T02:10:00Z,Golden State Valkyries,Minnesota Lynx,Natasha Howard,,REB,OVER,3.5,-980,DraftKings,draftkings,player_rebounds_alternate,the-odds-api,2026-08-19T21:37:11.263300+00:00
2026-08-19,09563bab4edf9cf2073ee946ad95d61b,Minnesota Lynx @ Golden State Valkyries,2026-08-20T02:10:00Z,Golden State Valkyries,Minnesota Lynx,Natasha Howard,,REB,OVER,4.5,-438,DraftKings,draftkings,player_rebounds_alternate,the-odds-api,2026-08-19T21:37:11.263300+00:00
2026-08-19,09563bab4edf9cf2073ee946ad95d61b,Minnesota Lynx @ Golden State Valkyries,2026-08-20T02:10:00Z,Golden State Valkyries,Minnesota Lynx,Natasha Howard,,REB,OVER,5.5,-225,DraftKings,draftkings,player_rebounds_alternate,the-odds-api,2026-08-19T21:37:11.263300+00:00
2026-08-19,09563bab4edf9cf2073ee946ad95d61b,Minnesota Lynx @ Golden State Valkyries,2026-08-20T02:10:00Z,Golden State Valkyries,Minnesota Lynx,Natasha Howard,,REB,OVER,6.5,-127,DraftKings,draftkings,player_rebounds_alternate,the-odds-api,2026-08-19T21:37:11.263300+00:00
2026-08-19,09563bab4edf9cf2073ee946ad95d61b,Minnesota Lynx @ Golden State Valkyries,2026-08-20T02:10:00Z,Golden State Valkyries,Minnesota Lynx,Natasha Howard,,REB,OVER,7.5,130,DraftKings,draftkings,player_rebounds_alternate,the-odds-api,2026-08-19T21:37:11.263300+00:00
2026-08-19,09563bab4edf9cf2073ee946ad95d61b,Minnesota Lynx @ Golden State Valkyries,2026-08-20T02:10:00Z,Golden State Valkyries,Minnesota Lynx,Natasha Howard,,REB,OVER,8.5,209,DraftKings,draftkings,player_rebounds_alternate,the-odds-api,2026-08-19T21:37:11.263300+00:00
2026-08-19,09563bab4edf9cf2073ee946ad95d61b,Minnesota Lynx @ Golden State Valkyries,2026-08-20T02:10:00Z,Golden State Valkyries,Minnesota Lynx,Natasha Howard,,REB,OVER,9.5,329,DraftKings,draftkings,player_rebounds_alternate,the-odds-api,2026-08-19T21:37:11.263300+00:00
2026-08-19,09563bab4edf9cf2073ee946ad95d61b,Minnesota Lynx @ Golden State Valkyries,2026-08-20T02:10:00Z,Golden State Valkyries,Minnesota Lynx,Natasha Howard,,REB,OVER,10.5,522,DraftKings,draftkings,player_rebounds_alternate,the-odds-api,2026-08-19T21:37:11.263300+00:00
2026-08-19,09563bab4edf9cf2073ee946ad95d61b,Minnesota Lynx @ Golden State Valkyries,2026-08-20T02:10:00Z,Golden State Valkyries,Minnesota Lynx,Natasha Howard,,REB,OVER,11.5,810,DraftKings,draftkings,player_rebounds_alternate,the-odds-api,2026-08-19T21:37:11.263300+00:00
2026-08-19,09563bab4edf9cf2073ee946ad95d61b,Minnesota Lynx @ Golden State Valkyries,2026-08-20T02:10:00Z,Golden State Valkyries,Minnesota Lynx,Natasha Howard,,REB,OVER,12.5,1220,DraftKings,draftkings,player_rebounds_alternate,the-odds-api,2026-08-19T21:37:11.263300+00:00
2026-08-19,09563bab4edf9cf2073ee946ad95d61b,Minnesota Lynx @ Golden State Valkyries,2026-08-20T02:10:00Z,Golden State Valkyries,Minnesota Lynx,Kayla Thornton,,REB,OVER,2.5,-1300,DraftKings,draftkings,player_rebounds_alternate,the-odds-api,2026-08-19T21:37:11.263300+00:00
2026-08-19,09563bab4edf9cf2073ee946ad95d61b,Minnesota Lynx @ Golden State Valkyries,2026-08-20T02:10:00Z,Golden State Valkyries,Minnesota Lynx,Kayla Thornton,,REB,OVER,3.5,-434,DraftKings,draftkings,player_rebounds_alternate,the-odds-api,2026-08-19T21:37:11.263300+00:00
2026-08-19,09563bab4edf9cf2073ee946ad95d61b,Minnesota Lynx @ Golden State Valkyries,2026-08-20T02:10:00Z,Golden State Valkyries,Minnesota Lynx,Kayla Thornton,,REB,OVER,4.5,-194,DraftKings,draftkings,player_rebounds_alternate,the-odds-api,2026-08-19T21:37:11.263300+00:00
2026-08-19,09563bab4edf9cf2073ee946ad95d61b,Minnesota Lynx @ Golden State Valkyries,2026-08-20T02:10:00Z,Golden State Valkyries,Minnesota Lynx,Kayla Thornton,,REB,OVER,5.5,104,DraftKings,draftkings,player_rebounds_alternate,the-odds-api,2026-08-19T21:37:11.263300+00:00
2026-08-19,09563bab4edf9cf2073ee946ad95d61b,Minnesota Lynx @ Golden State Valkyries,2026-08-20T02:10:00Z,Golden State Valkyries,Minnesota Lynx,Kayla Thornton,,REB,OVER,6.5,195,DraftKings,draftkings,player_rebounds_alternate,the-odds-api,2026-08-19T21:37:11.263300+00:00
2026-08-19,09563bab4edf9cf2073ee946ad95d61b,Minnesota Lynx @ Golden State Valkyries,2026-08-20T02:10:00Z,Golden State Valkyries,Minnesota Lynx,Kayla Thornton,,REB,OVER,7.5,359,DraftKings,draftkings,player_rebounds_alternate,the-odds-api,2026-08-19T21:37:11.263300+00:00
2026-08-19,09563bab4edf9cf2073ee946ad95d61b,Minnesota Lynx @ Golden State Valkyries,2026-08-20T02:10:00Z,Golden State Valkyries,Minnesota Lynx,Kayla Thornton,,REB,OVER,8.5,630,DraftKings,draftkings,player_rebounds_alternate,the-odds-api,2026-08-19T21:37:11.263300+00:00
2026-08-19,09563bab4edf9cf2073ee946ad95d61b,Minnesota Lynx @ Golden State Valkyries,2026-08-20T02:10:00Z,Golden State Valkyries,Minnesota Lynx,Kayla Thornton,,REB,OVER,9.5,1080,DraftKings,draftkings,player_rebounds_alternate,the-odds-api,2026-08-19T21:37:11.263300+00:00
2026-08-19,09563bab4edf9cf2073ee946ad95d61b,Minnesota Lynx @ Golden State Valkyries,2026-08-20T02:10:00Z,Golden State Valkyries,Minnesota Lynx,Olivia Miles,,REB,OVER,2.5,-361,DraftKings,draftkings,player_rebounds_alternate,the-odds-api,2026-08-19T21:37:11.263300+00:00
2026-08-19,09563bab4edf9cf2073ee946ad95d61b,Minnesota Lynx @ Golden State Valkyries,2026-08-20T02:10:00Z,Golden State Valkyries,Minnesota Lynx,Olivia Miles,,REB,OVER,3.5,-163,DraftKings,draftkings,player_rebounds_alternate,the-odds-api,2026-08-19T21:37:11.263300+00:00
2026-08-19,09563bab4edf9cf2073ee946ad95d61b,Minnesota Lynx @ Golden State Valkyries,2026-08-20T02:10:00Z,Golden State Valkyries,Minnesota Lynx,Olivia Miles,,REB,OVER,4.5,117,DraftKings,draftkings,player_rebounds_alternate,the-odds-api,2026-08-19T21:37:11.263300+00:00
2026-08-19,09563bab4edf9cf2073ee946ad95d61b,Minnesota Lynx @ Golden State Valkyries,2026-08-20T02:10:00Z,Golden State Valkyries,Minnesota Lynx,Olivia Miles,,REB,OVER,5.5,211,DraftKings,draftkings,player_rebounds_alternate,the-odds-api,2026-08-19T21:37:11.263300+00:00
2026-08-19,09563bab4edf9cf2073ee946ad95d61b,Minnesota Lynx @ Golden State Valkyries,2026-08-20T02:10:00Z,Golden State Valkyries,Minnesota Lynx,Olivia Miles,,REB,OVER,6.5,371,DraftKings,draftkings,player_rebounds_alternate,the-odds-api,2026-08-19T21:37:11.263300+00:00
2026-08-19,09563bab4edf9cf2073ee946ad95d61b,Minnesota Lynx @ Golden State Valkyries,2026-08-20T02:10:00Z,Golden State Valkyries,Minnesota Lynx,Olivia Miles,,REB,OVER,7.5,620,DraftKings,draftkings,player_rebounds_alternate,the-odds-api,2026-08-19T21:37:11.263300+00:00
2026-08-19,09563bab4edf9cf2073ee946ad95d61b,Minnesota Lynx @ Golden State Valkyries,2026-08-20T02:10:00Z,Golden State Valkyries,Minnesota Lynx,Olivia Miles,,REB,OVER,8.5,1060,DraftKings,draftkings,player_rebounds_alternate,the-odds-api,2026-08-19T21:37:11.263300+00:00
2026-08-19,09563bab4edf9cf2073ee946ad95d61b,Minnesota Lynx @ Golden State Valkyries,2026-08-20T02:10:00Z,Golden State Valkyries,Minnesota Lynx,Olivia Miles,,REB,OVER,9.5,1620,DraftKings,draftkings,player_rebounds_alternate,the-odds-api,2026-08-19T21:37:11.263300+00:00
2026-08-19,09563bab4edf9cf2073ee946ad95d61b,Minnesota Lynx @ Golden State Valkyries,2026-08-20T02:10:00Z,Golden State Valkyries,Minnesota Lynx,Courtney Williams,,REB,OVER,2.5,-562,DraftKings,draftkings,player_rebounds_alternate,the-odds-api,2026-08-19T21:37:11.263300+00:00
2026-08-19,09563bab4edf9cf2073ee946ad95d61b,Minnesota Lynx @ Golden State Valkyries,2026-08-20T02:10:00Z,Golden State Valkyries,Minnesota Lynx,Courtney Williams,,REB,OVER,3.5,-221,DraftKings,draftkings,player_rebounds_alternate,the-odds-api,2026-08-19T21:37:11.263300+00:00
2026-08-19,09563bab4edf9cf2073ee946ad95d61b,Minnesota Lynx @ Golden State Valkyries,2026-08-20T02:10:00Z,Golden State Valkyries,Minnesota Lynx,Courtney Williams,,REB,OVER,4.5,-101,DraftKings,draftkings,player_rebounds_alternate,the-odds-api,2026-08-19T21:37:11.263300+00:00
2026-08-19,09563bab4edf9cf2073ee946ad95d61b,Minnesota Lynx @ Golden State Valkyries,2026-08-20T02:10:00Z,Golden State Valkyries,Minnesota Lynx,Courtney Williams,,REB,OVER,5.5,195,DraftKings,draftkings,player_rebounds_alternate,the-odds-api,2026-08-19T21:37:11.263300+00:00
2026-08-19,09563bab4edf9cf2073ee946ad95d61b,Minnesota Lynx @ Golden State Valkyries,2026-08-20T02:10:00Z,Golden State Valkyries,Minnesota Lynx,Courtney Williams,,REB,OVER,6.5,381,DraftKings,draftkings,player_rebounds_alternate,the-odds-api,2026-08-19T21:37:11.263300+00:00
2026-08-19,09563bab4edf9cf2073ee946ad95d61b,Minnesota Lynx @ Golden State Valkyries,2026-08-20T02:10:00Z,Golden State Valkyries,Minnesota Lynx,Courtney Williams,,REB,OVER,7.5,700,DraftKings,draftkings,player_rebounds_alternate,the-odds-api,2026-08-19T21:37:11.263300+00:00
2026-08-19,09563bab4edf9cf2073ee946ad95d61b,Minnesota Lynx @ Golden State Valkyries,2026-08-20T02:10:00Z,Golden State Valkyries,Minnesota Lynx,Courtney Williams,,REB,OVER,8.5,1260,DraftKings,draftkings,player_rebounds_alternate,the-odds-api,2026-08-19T21:37:11.263300+00:00
2026-08-19,09563bab4edf9cf2073ee946ad95d61b,Minnesota Lynx @ Golden State Valkyries,2026-08-20T02:10:00Z,Golden State Valkyries,Minnesota Lynx,Veronica Burton,,REB,OVER,2.5,-327,DraftKings,draftkings,player_rebounds_alternate,the-odds-api,2026-08-19T21:37:11.263300+00:00
2026-08-19,09563bab4edf9cf2073ee946ad95d61b,Minnesota Lynx @ Golden State Valkyries,2026-08-20T02:10:00Z,Golden State Valkyries,Minnesota Lynx,Veronica Burton,,REB,OVER,3.5,-130,DraftKings,draftkings,player_rebounds_alternate,the-odds-api,2026-08-19T21:37:11.263300+00:00
2026-08-19,09563bab4edf9cf2073ee946ad95d61b,Minnesota Lynx @ Golden State Valkyries,2026-08-20T02:10:00Z,Golden State Valkyries,Minnesota Lynx,Veronica Burton,,REB,OVER,4.5,166,DraftKings,draftkings,player_rebounds_alternate,the-odds-api,2026-08-19T21:37:11.263300+00:00
2026-08-19,09563bab4edf9cf2073ee946ad95d61b,Minnesota Lynx @ Golden State Valkyries,2026-08-20T02:10:00Z,Golden State Valkyries,Minnesota Lynx,Veronica Burton,,REB,OVER,5.5,343,DraftKings,draftkings,player_rebounds_alternate,the-odds-api,2026-08-19T21:37:11.263300+00:00
2026-08-19,09563bab4edf9cf2073ee946ad95d61b,Minnesota Lynx @ Golden State Valkyries,2026-08-20T02:10:00Z,Golden State Valkyries,Minnesota Lynx,Veronica Burton,,REB,OVER,6.5,680,DraftKings,draftkings,player_rebounds_alternate,the-odds-api,2026-08-19T21:37:11.263300+00:00
2026-08-19,09563bab4edf9cf2073ee946ad95d61b,Minnesota Lynx @ Golden State Valkyries,2026-08-20T02:10:00Z,Golden State Valkyries,Minnesota Lynx,Veronica Burton,,REB,OVER,7.5,1260,DraftKings,draftkings,player_rebounds_alternate,the-odds-api,2026-08-19T21:37:11.263300+00:00
2026-08-19,09563bab4edf9cf2073ee946ad95d61b,Minnesota Lynx @ Golden State Valkyries,2026-08-20T02:10:00Z,Golden State Valkyries,Minnesota Lynx,Gabby Williams,,REB,OVER,2.5,-231,DraftKings,draftkings,player_rebounds_alternate,the-odds-api,2026-08-19T21:37:11.263300+00:00
2026-08-19,09563bab4edf9cf2073ee946ad95d61b,Minnesota Lynx @ Golden State Valkyries,2026-08-20T02:10:00Z,Golden State Valkyries,Minnesota Lynx,Gabby Williams,,REB,OVER,3.5,104,DraftKings,draftkings,player_rebounds_alternate,the-odds-api,2026-08-19T21:37:11.263300+00:00
2026-08-19,09563bab4edf9cf2073ee946ad95d61b,Minnesota Lynx @ Golden State Valkyries,2026-08-20T02:10:00Z,Golden State Valkyries,Minnesota Lynx,Gabby Williams,,REB,OVER,4.5,223,DraftKings,draftkings,player_rebounds_alternate,the-odds-api,2026-08-19T21:37:11.263300+00:00
2026-08-19,09563bab4edf9cf2073ee946ad95d61b,Minnesota Lynx @ Golden State Valkyries,2026-08-20T02:10:00Z,Golden State Valkyries,Minnesota Lynx,Gabby Williams,,REB,OVER,5.5,465,DraftKings,draftkings,player_rebounds_alternate,the-odds-api,2026-08-19T21:37:11.263300+00:00
2026-08-19,09563bab4edf9cf2073ee946ad95d61b,Minnesota Lynx @ Golden State Valkyries,2026-08-20T02:10:00Z,Golden State Valkyries,Minnesota Lynx,Gabby Williams,,REB,OVER,6.5,900,DraftKings,draftkings,player_rebounds_alternate,the-odds-api,2026-08-19T21:37:11.263300+00:00
2026-08-19,09563bab4edf9cf2073ee946ad95d61b,Minnesota Lynx @ Golden State Valkyries,2026-08-20T02:10:00Z,Golden State Valkyries,Minnesota Lynx,Gabby Williams,,REB,OVER,7.5,1580,DraftKings,draftkings,player_rebounds_alternate,the-odds-api,2026-08-19T21:37:11.263300+00:00
2026-08-19,09563bab4edf9cf2073ee946ad95d61b,Minnesota Lynx @ Golden State Valkyries,2026-08-20T02:10:00Z,Golden State Valkyries,Minnesota Lynx,Janelle Salaun,,REB,OVER,2.5,-256,DraftKings,draftkings,player_rebounds_alternate,the-odds-api,2026-08-19T21:37:11.263300+00:00
2026-08-19,09563bab4edf9cf2073ee946ad95d61b,Minnesota Lynx @ Golden State Valkyries,2026-08-20T02:10:00Z,Golden State Valkyries,Minnesota Lynx,Janelle Salaun,,REB,OVER,3.5,-102,DraftKings,draftkings,player_rebounds_alternate,the-odds-api,2026-08-19T21:37:11.263300+00:00
2026-08-19,09563bab4edf9cf2073ee946ad95d61b,Minnesota Lynx @ Golden State Valkyries,2026-08-20T02:10:00Z,Golden State Valkyries,Minnesota Lynx,Janelle Salaun,,REB,OVER,4.5,214,DraftKings,draftkings,player_rebounds_alternate,the-odds-api,2026-08-19T21:37:11.263300+00:00
2026-08-19,09563bab4edf9cf2073ee946ad95d61b,Minnesota Lynx @ Golden State Valkyries,2026-08-20T02:10:00Z,Golden State Valkyries,Minnesota Lynx,Janelle Salaun,,REB,OVER,5.5,436,DraftKings,draftkings,player_rebounds_alternate,the-odds-api,2026-08-19T21:37:11.263300+00:00
2026-08-19,09563bab4edf9cf2073ee946ad95d61b,Minnesota Lynx @ Golden State Valkyries,2026-08-20T02:10:00Z,Golden State Valkyries,Minnesota Lynx,Janelle Salaun,,REB,OVER,6.5,880,DraftKings,draftkings,player_rebounds_alternate,the-odds-api,2026-08-19T21:37:11.263300+00:00
2026-08-19,09563bab4edf9cf2073ee946ad95d61b,Minnesota Lynx @ Golden State Valkyries,2026-08-20T02:10:00Z,Golden State Valkyries,Minnesota Lynx,Janelle Salaun,,REB,OVER,7.5,1680,DraftKings,draftkings,player_rebounds_alternate,the-odds-api,2026-08-19T21:37:11.263300+00:00
2026-08-19,09563bab4edf9cf2073ee946ad95d61b,Minnesota Lynx @ Golden State Valkyries,2026-08-20T02:10:00Z,Golden State Valkyries,Minnesota Lynx,Kayla McBride,,REB,OVER,2.5,101,DraftKings,draftkings,player_rebounds_alternate,the-odds-api,2026-08-19T21:37:11.263300+00:00
2026-08-19,09563bab4edf9cf2073ee946ad95d61b,Minnesota Lynx @ Golden State Valkyries,2026-08-20T02:10:00Z,Golden State Valkyries,Minnesota Lynx,Kayla McBride,,REB,OVER,3.5,249,DraftKings,draftkings,player_rebounds_alternate,the-odds-api,2026-08-19T21:37:11.263300+00:00
2026-08-19,09563bab4edf9cf2073ee946ad95d61b,Minnesota Lynx @ Golden State Valkyries,2026-08-20T02:10:00Z,Golden State Valkyries,Minnesota Lynx,Kayla McBride,,REB,OVER,4.5,562,DraftKings,draftkings,player_rebounds_alternate,the-odds-api,2026-08-19T21:37:11.263300+00:00
2026-08-19,09563bab4edf9cf2073ee946ad95d61b,Minnesota Lynx @ Golden State Valkyries,2026-08-20T02:10:00Z,Golden State Valkyries,Minnesota Lynx,Kayla McBride,,REB,OVER,5.5,1180,DraftKings,draftkings,player_rebounds_alternate,the-odds-api,2026-08-19T21:37:11.263300+00:00
2026-08-19,09563bab4edf9cf2073ee946ad95d61b,Minnesota Lynx @ Golden State Valkyries,2026-08-20T02:10:00Z,Golden State Valkyries,Minnesota Lynx,Cecilia Zandalasini,,REB,OVER,2.5,134,DraftKings,draftkings,player_rebounds_alternate,the-odds-api,2026-08-19T21:37:11.263300+00:00
2026-08-19,09563bab4edf9cf2073ee946ad95d61b,Minnesota Lynx @ Golden State Valkyries,2026-08-20T02:10:00Z,Golden State Valkyries,Minnesota Lynx,Cecilia Zandalasini,,REB,OVER,3.5,339,DraftKings,draftkings,player_rebounds_alternate,the-odds-api,2026-08-19T21:37:11.263300+00:00
2026-08-19,09563bab4edf9cf2073ee946ad95d61b,Minnesota Lynx @ Golden State Valkyries,2026-08-20T02:10:00Z,Golden State Valkyries,Minnesota Lynx,Cecilia Zandalasini,,REB,OVER,4.5,800,DraftKings,draftkings,player_rebounds_alternate,the-odds-api,2026-08-19T21:37:11.263300+00:00
2026-08-19,09563bab4edf9cf2073ee946ad95d61b,Minnesota Lynx @ Golden State Valkyries,2026-08-20T02:10:00Z,Golden State Valkyries,Minnesota Lynx,Cecilia Zandalasini,,REB,OVER,5.5,1680,DraftKings,draftkings,player_rebounds_alternate,the-odds-api,2026-08-19T21:37:11.263300+00:00
2026-08-19,09563bab4edf9cf2073ee946ad95d61b,Minnesota Lynx @ Golden State Valkyries,2026-08-20T02:10:00Z,Golden State Valkyries,Minnesota Lynx,Kayla McBride,,3PM,OVER,0.5,-1800,DraftKings,draftkings,player_threes_alternate,the-odds-api,2026-08-19T21:37:11.263300+00:00
2026-08-19,09563bab4edf9cf2073ee946ad95d61b,Minnesota Lynx @ Golden State Valkyries,2026-08-20T02:10:00Z,Golden State Valkyries,Minnesota Lynx,Kayla McBride,,3PM,OVER,1.5,-308,DraftKings,draftkings,player_threes_alternate,the-odds-api,2026-08-19T21:37:11.263300+00:00
2026-08-19,09563bab4edf9cf2073ee946ad95d61b,Minnesota Lynx @ Golden State Valkyries,2026-08-20T02:10:00Z,Golden State Valkyries,Minnesota Lynx,Kayla McBride,,3PM,OVER,2.5,-101,DraftKings,draftkings,player_threes_alternate,the-odds-api,2026-08-19T21:37:11.263300+00:00
2026-08-19,09563bab4edf9cf2073ee946ad95d61b,Minnesota Lynx @ Golden State Valkyries,2026-08-20T02:10:00Z,Golden State Valkyries,Minnesota Lynx,Kayla McBride,,3PM,OVER,3.5,241,DraftKings,draftkings,player_threes_alternate,the-odds-api,2026-08-19T21:37:11.263300+00:00
2026-08-19,09563bab4edf9cf2073ee946ad95d61b,Minnesota Lynx @ Golden State Valkyries,2026-08-20T02:10:00Z,Golden State Valkyries,Minnesota Lynx,Kayla McBride,,3PM,OVER,4.5,564,DraftKings,draftkings,player_threes_alternate,the-odds-api,2026-08-19T21:37:11.263300+00:00
2026-08-19,09563bab4edf9cf2073ee946ad95d61b,Minnesota Lynx @ Golden State Valkyries,2026-08-20T02:10:00Z,Golden State Valkyries,Minnesota Lynx,Kayla McBride,,3PM,OVER,5.5,1280,DraftKings,draftkings,player_threes_alternate,the-odds-api,2026-08-19T21:37:11.263300+00:00
2026-08-19,09563bab4edf9cf2073ee946ad95d61b,Minnesota Lynx @ Golden State Valkyries,2026-08-20T02:10:00Z,Golden State Valkyries,Minnesota Lynx,Kayla McBride,,3PM,OVER,6.5,2400,DraftKings,draftkings,player_threes_alternate,the-odds-api,2026-08-19T21:37:11.263300+00:00
2026-08-19,09563bab4edf9cf2073ee946ad95d61b,Minnesota Lynx @ Golden State Valkyries,2026-08-20T02:10:00Z,Golden State Valkyries,Minnesota Lynx,Janelle Salaun,,3PM,OVER,0.5,-1040,DraftKings,draftkings,player_threes_alternate,the-odds-api,2026-08-19T21:37:11.263300+00:00
2026-08-19,09563bab4edf9cf2073ee946ad95d61b,Minnesota Lynx @ Golden State Valkyries,2026-08-20T02:10:00Z,Golden State Valkyries,Minnesota Lynx,Janelle Salaun,,3PM,OVER,1.5,-197,DraftKings,draftkings,player_threes_alternate,the-odds-api,2026-08-19T21:37:11.263300+00:00
2026-08-19,09563bab4edf9cf2073ee946ad95d61b,Minnesota Lynx @ Golden State Valkyries,2026-08-20T02:10:00Z,Golden State Valkyries,Minnesota Lynx,Janelle Salaun,,3PM,OVER,2.5,155,DraftKings,draftkings,player_threes_alternate,the-odds-api,2026-08-19T21:37:11.263300+00:00
2026-08-19,09563bab4edf9cf2073ee946ad95d61b,Minnesota Lynx @ Golden State Valkyries,2026-08-20T02:10:00Z,Golden State Valkyries,Minnesota Lynx,Janelle Salaun,,3PM,OVER,3.5,410,DraftKings,draftkings,player_threes_alternate,the-odds-api,2026-08-19T21:37:11.263300+00:00
2026-08-19,09563bab4edf9cf2073ee946ad95d61b,Minnesota Lynx @ Golden State Valkyries,2026-08-20T02:10:00Z,Golden State Valkyries,Minnesota Lynx,Janelle Salaun,,3PM,OVER,4.5,980,DraftKings,draftkings,player_threes_alternate,the-odds-api,2026-08-19T21:37:11.263300+00:00
2026-08-19,09563bab4edf9cf2073ee946ad95d61b,Minnesota Lynx @ Golden State Valkyries,2026-08-20T02:10:00Z,Golden State Valkyries,Minnesota Lynx,Janelle Salaun,,3PM,OVER,5.5,2000,DraftKings,draftkings,player_threes_alternate,the-odds-api,2026-08-19T21:37:11.263300+00:00
2026-08-19,09563bab4edf9cf2073ee946ad95d61b,Minnesota Lynx @ Golden State Valkyries,2026-08-20T02:10:00Z,Golden State Valkyries,Minnesota Lynx,Kayla Thornton,,3PM,OVER,0.5,-478,DraftKings,draftkings,player_threes_alternate,the-odds-api,2026-08-19T21:37:11.263300+00:00
2026-08-19,09563bab4edf9cf2073ee946ad95d61b,Minnesota Lynx @ Golden State Valkyries,2026-08-20T02:10:00Z,Golden State Valkyries,Minnesota Lynx,Kayla Thornton,,3PM,OVER,1.5,-105,DraftKings,draftkings,player_threes_alternate,the-odds-api,2026-08-19T21:37:11.263300+00:00
2026-08-19,09563bab4edf9cf2073ee946ad95d61b,Minnesota Lynx @ Golden State Valkyries,2026-08-20T02:10:00Z,Golden State Valkyries,Minnesota Lynx,Kayla Thornton,,3PM,OVER,2.5,296,DraftKings,draftkings,player_threes_alternate,the-odds-api,2026-08-19T21:37:11.263300+00:00
2026-08-19,09563bab4edf9cf2073ee946ad95d61b,Minnesota Lynx @ Golden State Valkyries,2026-08-20T02:10:00Z,Golden State Valkyries,Minnesota Lynx,Kayla Thornton,,3PM,OVER,3.5,820,DraftKings,draftkings,player_threes_alternate,the-odds-api,2026-08-19T21:37:11.263300+00:00
2026-08-19,09563bab4edf9cf2073ee946ad95d61b,Minnesota Lynx @ Golden State Valkyries,2026-08-20T02:10:00Z,Golden State Valkyries,Minnesota Lynx,Kayla Thornton,,3PM,OVER,4.5,1880,DraftKings,draftkings,player_threes_alternate,the-odds-api,2026-08-19T21:37:11.263300+00:00
2026-08-19,09563bab4edf9cf2073ee946ad95d61b,Minnesota Lynx @ Golden State Valkyries,2026-08-20T02:10:00Z,Golden State Valkyries,Minnesota Lynx,Olivia Miles,,3PM,OVER,0.5,-442,DraftKings,draftkings,player_threes_alternate,the-odds-api,2026-08-19T21:37:11.263300+00:00
2026-08-19,09563bab4edf9cf2073ee946ad95d61b,Minnesota Lynx @ Golden State Valkyries,2026-08-20T02:10:00Z,Golden State Valkyries,Minnesota Lynx,Olivia Miles,,3PM,OVER,1.5,101,DraftKings,draftkings,player_threes_alternate,the-odds-api,2026-08-19T21:37:11.263300+00:00
2026-08-19,09563bab4edf9cf2073ee946ad95d61b,Minnesota Lynx @ Golden State Valkyries,2026-08-20T02:10:00Z,Golden State Valkyries,Minnesota Lynx,Olivia Miles,,3PM,OVER,2.5,312,DraftKings,draftkings,player_threes_alternate,the-odds-api,2026-08-19T21:37:11.263300+00:00
2026-08-19,09563bab4edf9cf2073ee946ad95d61b,Minnesota Lynx @ Golden State Valkyries,2026-08-20T02:10:00Z,Golden State Valkyries,Minnesota Lynx,Olivia Miles,,3PM,OVER,3.5,860,DraftKings,draftkings,player_threes_alternate,the-odds-api,2026-08-19T21:37:11.263300+00:00
2026-08-19,09563bab4edf9cf2073ee946ad95d61b,Minnesota Lynx @ Golden State Valkyries,2026-08-20T02:10:00Z,Golden State Valkyries,Minnesota Lynx,Olivia Miles,,3PM,OVER,4.5,1920,DraftKings,draftkings,player_threes_alternate,the-odds-api,2026-08-19T21:37:11.263300+00:00
2026-08-19,09563bab4edf9cf2073ee946ad95d61b,Minnesota Lynx @ Golden State Valkyries,2026-08-20T02:10:00Z,Golden State Valkyries,Minnesota Lynx,Gabby Williams,,3PM,OVER,0.5,-464,DraftKings,draftkings,player_threes_alternate,the-odds-api,2026-08-19T21:37:11.263300+00:00
2026-08-19,09563bab4edf9cf2073ee946ad95d61b,Minnesota Lynx @ Golden State Valkyries,2026-08-20T02:10:00Z,Golden State Valkyries,Minnesota Lynx,Gabby Williams,,3PM,OVER,1.5,-102,DraftKings,draftkings,player_threes_alternate,the-odds-api,2026-08-19T21:37:11.263300+00:00
2026-08-19,09563bab4edf9cf2073ee946ad95d61b,Minnesota Lynx @ Golden State Valkyries,2026-08-20T02:10:00Z,Golden State Valkyries,Minnesota Lynx,Gabby Williams,,3PM,OVER,2.5,307,DraftKings,draftkings,player_threes_alternate,the-odds-api,2026-08-19T21:37:11.263300+00:00
2026-08-19,09563bab4edf9cf2073ee946ad95d61b,Minnesota Lynx @ Golden State Valkyries,2026-08-20T02:10:00Z,Golden State Valkyries,Minnesota Lynx,Gabby Williams,,3PM,OVER,3.5,840,DraftKings,draftkings,player_threes_alternate,the-odds-api,2026-08-19T21:37:11.263300+00:00
2026-08-19,09563bab4edf9cf2073ee946ad95d61b,Minnesota Lynx @ Golden State Valkyries,2026-08-20T02:10:00Z,Golden State Valkyries,Minnesota Lynx,Gabby Williams,,3PM,OVER,4.5,1940,DraftKings,draftkings,player_threes_alternate,the-odds-api,2026-08-19T21:37:11.263300+00:00
2026-08-19,09563bab4edf9cf2073ee946ad95d61b,Minnesota Lynx @ Golden State Valkyries,2026-08-20T02:10:00Z,Golden State Valkyries,Minnesota Lynx,Napheesa Collier,,3PM,OVER,0.5,-419,DraftKings,draftkings,player_threes_alternate,the-odds-api,2026-08-19T21:37:11.263300+00:00
2026-08-19,09563bab4edf9cf2073ee946ad95d61b,Minnesota Lynx @ Golden State Valkyries,2026-08-20T02:10:00Z,Golden State Valkyries,Minnesota Lynx,Napheesa Collier,,3PM,OVER,1.5,108,DraftKings,draftkings,player_threes_alternate,the-odds-api,2026-08-19T21:37:11.263300+00:00
2026-08-19,09563bab4edf9cf2073ee946ad95d61b,Minnesota Lynx @ Golden State Valkyries,2026-08-20T02:10:00Z,Golden State Valkyries,Minnesota Lynx,Napheesa Collier,,3PM,OVER,2.5,325,DraftKings,draftkings,player_threes_alternate,the-odds-api,2026-08-19T21:37:11.263300+00:00
2026-08-19,09563bab4edf9cf2073ee946ad95d61b,Minnesota Lynx @ Golden State Valkyries,2026-08-20T02:10:00Z,Golden State Valkyries,Minnesota Lynx,Napheesa Collier,,3PM,OVER,3.5,860,DraftKings,draftkings,player_threes_alternate,the-odds-api,2026-08-19T21:37:11.263300+00:00
2026-08-19,09563bab4edf9cf2073ee946ad95d61b,Minnesota Lynx @ Golden State Valkyries,2026-08-20T02:10:00Z,Golden State Valkyries,Minnesota Lynx,Napheesa Collier,,3PM,OVER,4.5,2100,DraftKings,draftkings,player_threes_alternate,the-odds-api,2026-08-19T21:37:11.263300+00:00
2026-08-19,09563bab4edf9cf2073ee946ad95d61b,Minnesota Lynx @ Golden State Valkyries,2026-08-20T02:10:00Z,Golden State Valkyries,Minnesota Lynx,Cecilia Zandalasini,,3PM,OVER,0.5,-337,DraftKings,draftkings,player_threes_alternate,the-odds-api,2026-08-19T21:37:11.263300+00:00
2026-08-19,09563bab4edf9cf2073ee946ad95d61b,Minnesota Lynx @ Golden State Valkyries,2026-08-20T02:10:00Z,Golden State Valkyries,Minnesota Lynx,Cecilia Zandalasini,,3PM,OVER,1.5,134,DraftKings,draftkings,player_threes_alternate,the-odds-api,2026-08-19T21:37:11.263300+00:00
2026-08-19,09563bab4edf9cf2073ee946ad95d61b,Minnesota Lynx @ Golden State Valkyries,2026-08-20T02:10:00Z,Golden State Valkyries,Minnesota Lynx,Cecilia Zandalasini,,3PM,OVER,2.5,435,DraftKings,draftkings,player_threes_alternate,the-odds-api,2026-08-19T21:37:11.263300+00:00
2026-08-19,09563bab4edf9cf2073ee946ad95d61b,Minnesota Lynx @ Golden State Valkyries,2026-08-20T02:10:00Z,Golden State Valkyries,Minnesota Lynx,Cecilia Zandalasini,,3PM,OVER,3.5,1160,DraftKings,draftkings,player_threes_alternate,the-odds-api,2026-08-19T21:37:11.263300+00:00
2026-08-19,09563bab4edf9cf2073ee946ad95d61b,Minnesota Lynx @ Golden State Valkyries,2026-08-20T02:10:00Z,Golden State Valkyries,Minnesota Lynx,Cecilia Zandalasini,,3PM,OVER,4.5,2500,DraftKings,draftkings,player_threes_alternate,the-odds-api,2026-08-19T21:37:11.263300+00:00
2026-08-19,09563bab4edf9cf2073ee946ad95d61b,Minnesota Lynx @ Golden State Valkyries,2026-08-20T02:10:00Z,Golden State Valkyries,Minnesota Lynx,Veronica Burton,,3PM,OVER,0.5,-354,DraftKings,draftkings,player_threes_alternate,the-odds-api,2026-08-19T21:37:11.263300+00:00
2026-08-19,09563bab4edf9cf2073ee946ad95d61b,Minnesota Lynx @ Golden State Valkyries,2026-08-20T02:10:00Z,Golden State Valkyries,Minnesota Lynx,Veronica Burton,,3PM,OVER,1.5,132,DraftKings,draftkings,player_threes_alternate,the-odds-api,2026-08-19T21:37:11.263300+00:00
2026-08-19,09563bab4edf9cf2073ee946ad95d61b,Minnesota Lynx @ Golden State Valkyries,2026-08-20T02:10:00Z,Golden State Valkyries,Minnesota Lynx,Veronica Burton,,3PM,OVER,2.5,414,DraftKings,draftkings,player_threes_alternate,the-odds-api,2026-08-19T21:37:11.263300+00:00
2026-08-19,09563bab4edf9cf2073ee946ad95d61b,Minnesota Lynx @ Golden State Valkyries,2026-08-20T02:10:00Z,Golden State Valkyries,Minnesota Lynx,Veronica Burton,,3PM,OVER,3.5,1140,DraftKings,draftkings,player_threes_alternate,the-odds-api,2026-08-19T21:37:11.263300+00:00
2026-08-19,09563bab4edf9cf2073ee946ad95d61b,Minnesota Lynx @ Golden State Valkyries,2026-08-20T02:10:00Z,Golden State Valkyries,Minnesota Lynx,Veronica Burton,,3PM,OVER,4.5,2500,DraftKings,draftkings,player_threes_alternate,the-odds-api,2026-08-19T21:37:11.263300+00:00
2026-08-19,09563bab4edf9cf2073ee946ad95d61b,Minnesota Lynx @ Golden State Valkyries,2026-08-20T02:10:00Z,Golden State Valkyries,Minnesota Lynx,Courtney Williams,,3PM,OVER,0.5,-276,DraftKings,draftkings,player_threes_alternate,the-odds-api,2026-08-19T21:37:11.263300+00:00
2026-08-19,09563bab4edf9cf2073ee946ad95d61b,Minnesota Lynx @ Golden State Valkyries,2026-08-20T02:10:00Z,Golden State Valkyries,Minnesota Lynx,Courtney Williams,,3PM,OVER,1.5,169,DraftKings,draftkings,player_threes_alternate,the-odds-api,2026-08-19T21:37:11.263300+00:00
2026-08-19,09563bab4edf9cf2073ee946ad95d61b,Minnesota Lynx @ Golden State Valkyries,2026-08-20T02:10:00Z,Golden State Valkyries,Minnesota Lynx,Courtney Williams,,3PM,OVER,2.5,557,DraftKings,draftkings,player_threes_alternate,the-odds-api,2026-08-19T21:37:11.263300+00:00
2026-08-19,09563bab4edf9cf2073ee946ad95d61b,Minnesota Lynx @ Golden State Valkyries,2026-08-20T02:10:00Z,Golden State Valkyries,Minnesota Lynx,Courtney Williams,,3PM,OVER,3.5,1540,DraftKings,draftkings,player_threes_alternate,the-odds-api,2026-08-19T21:37:11.263300+00:00
2026-08-19,09563bab4edf9cf2073ee946ad95d61b,Minnesota Lynx @ Golden State Valkyries,2026-08-20T02:10:00Z,Golden State Valkyries,Minnesota Lynx,Nia Coffey,,3PM,OVER,0.5,-193,DraftKings,draftkings,player_threes_alternate,the-odds-api,2026-08-19T21:37:11.263300+00:00
2026-08-19,09563bab4edf9cf2073ee946ad95d61b,Minnesota Lynx @ Golden State Valkyries,2026-08-20T02:10:00Z,Golden State Valkyries,Minnesota Lynx,Nia Coffey,,3PM,OVER,1.5,235,DraftKings,draftkings,player_threes_alternate,the-odds-api,2026-08-19T21:37:11.263300+00:00
2026-08-19,09563bab4edf9cf2073ee946ad95d61b,Minnesota Lynx @ Golden State Valkyries,2026-08-20T02:10:00Z,Golden State Valkyries,Minnesota Lynx,Nia Coffey,,3PM,OVER,2.5,780,DraftKings,draftkings,player_threes_alternate,the-odds-api,2026-08-19T21:37:11.263300+00:00
2026-08-19,09563bab4edf9cf2073ee946ad95d61b,Minnesota Lynx @ Golden State Valkyries,2026-08-20T02:10:00Z,Golden State Valkyries,Minnesota Lynx,Nia Coffey,,3PM,OVER,3.5,2000,DraftKings,draftkings,player_threes_alternate,the-odds-api,2026-08-19T21:37:11.263300+00:00
2026-08-19,09563bab4edf9cf2073ee946ad95d61b,Minnesota Lynx @ Golden State Valkyries,2026-08-20T02:10:00Z,Golden State Valkyries,Minnesota Lynx,Courtney Williams,,AST,OVER,1.5,-1400,Fanatics,fanatics,player_assists_alternate,the-odds-api,2026-08-19T21:37:11.263300+00:00
2026-08-19,09563bab4edf9cf2073ee946ad95d61b,Minnesota Lynx @ Golden State Valkyries,2026-08-20T02:10:00Z,Golden State Valkyries,Minnesota Lynx,Courtney Williams,,AST,OVER,2.5,-400,Fanatics,fanatics,player_assists_alternate,the-odds-api,2026-08-19T21:37:11.263300+00:00
2026-08-19,09563bab4edf9cf2073ee946ad95d61b,Minnesota Lynx @ Golden State Valkyries,2026-08-20T02:10:00Z,Golden State Valkyries,Minnesota Lynx,Courtney Williams,,AST,OVER,3.5,-150,Fanatics,fanatics,player_assists_alternate,the-odds-api,2026-08-19T21:37:11.263300+00:00
2026-08-19,09563bab4edf9cf2073ee946ad95d61b,Minnesota Lynx @ Golden State Valkyries,2026-08-20T02:10:00Z,Golden State Valkyries,Minnesota Lynx,Courtney Williams,,AST,OVER,4.5,130,Fanatics,fanatics,player_assists_alternate,the-odds-api,2026-08-19T21:37:11.263300+00:00
2026-08-19,09563bab4edf9cf2073ee946ad95d61b,Minnesota Lynx @ Golden State Valkyries,2026-08-20T02:10:00Z,Golden State Valkyries,Minnesota Lynx,Courtney Williams,,AST,OVER,5.5,240,Fanatics,fanatics,player_assists_alternate,the-odds-api,2026-08-19T21:37:11.263300+00:00
2026-08-19,09563bab4edf9cf2073ee946ad95d61b,Minnesota Lynx @ Golden State Valkyries,2026-08-20T02:10:00Z,Golden State Valkyries,Minnesota Lynx,Courtney Williams,,AST,OVER,6.5,425,Fanatics,fanatics,player_assists_alternate,the-odds-api,2026-08-19T21:37:11.263300+00:00
2026-08-19,09563bab4edf9cf2073ee946ad95d61b,Minnesota Lynx @ Golden State Valkyries,2026-08-20T02:10:00Z,Golden State Valkyries,Minnesota Lynx,Courtney Williams,,AST,OVER,7.5,850,Fanatics,fanatics,player_assists_alternate,the-odds-api,2026-08-19T21:37:11.263300+00:00
2026-08-19,09563bab4edf9cf2073ee946ad95d61b,Minnesota Lynx @ Golden State Valkyries,2026-08-20T02:10:00Z,Golden State Valkyries,Minnesota Lynx,Napheesa Collier,,AST,OVER,1.5,-450,Fanatics,fanatics,player_assists_alternate,the-odds-api,2026-08-19T21:37:11.263300+00:00
2026-08-19,09563bab4edf9cf2073ee946ad95d61b,Minnesota Lynx @ Golden State Valkyries,2026-08-20T02:10:00Z,Golden State Valkyries,Minnesota Lynx,Napheesa Collier,,AST,OVER,2.5,-145,Fanatics,fanatics,player_assists_alternate,the-odds-api,2026-08-19T21:37:11.263300+00:00
2026-08-19,09563bab4edf9cf2073ee946ad95d61b,Minnesota Lynx @ Golden State Valkyries,2026-08-20T02:10:00Z,Golden State Valkyries,Minnesota Lynx,Napheesa Collier,,AST,OVER,3.5,155,Fanatics,fanatics,player_assists_alternate,the-odds-api,2026-08-19T21:37:11.263300+00:00
2026-08-19,09563bab4edf9cf2073ee946ad95d61b,Minnesota Lynx @ Golden State Valkyries,2026-08-20T02:10:00Z,Golden State Valkyries,Minnesota Lynx,Napheesa Collier,,AST,OVER,4.5,320,Fanatics,fanatics,player_assists_alternate,the-odds-api,2026-08-19T21:37:11.263300+00:00
2026-08-19,09563bab4edf9cf2073ee946ad95d61b,Minnesota Lynx @ Golden State Valkyries,2026-08-20T02:10:00Z,Golden State Valkyries,Minnesota Lynx,Napheesa Collier,,AST,OVER,5.5,700,Fanatics,fanatics,player_assists_alternate,the-odds-api,2026-08-19T21:37:11.263300+00:00
2026-08-19,09563bab4edf9cf2073ee946ad95d61b,Minnesota Lynx @ Golden State Valkyries,2026-08-20T02:10:00Z,Golden State Valkyries,Minnesota Lynx,Olivia Miles,,AST,OVER,2.5,-2000,Fanatics,fanatics,player_assists_alternate,the-odds-api,2026-08-19T21:37:11.263300+00:00
2026-08-19,09563bab4edf9cf2073ee946ad95d61b,Minnesota Lynx @ Golden State Valkyries,2026-08-20T02:10:00Z,Golden State Valkyries,Minnesota Lynx,Olivia Miles,,AST,OVER,3.5,-900,Fanatics,fanatics,player_assists_alternate,the-odds-api,2026-08-19T21:37:11.263300+00:00
2026-08-19,09563bab4edf9cf2073ee946ad95d61b,Minnesota Lynx @ Golden State Valkyries,2026-08-20T02:10:00Z,Golden State Valkyries,Minnesota Lynx,Olivia Miles,,AST,OVER,4.5,-375,Fanatics,fanatics,player_assists_alternate,the-odds-api,2026-08-19T21:37:11.263300+00:00
2026-08-19,09563bab4edf9cf2073ee946ad95d61b,Minnesota Lynx @ Golden State Valkyries,2026-08-20T02:10:00Z,Golden State Valkyries,Minnesota Lynx,Olivia Miles,,AST,OVER,5.5,-175,Fanatics,fanatics,player_assists_alternate,the-odds-api,2026-08-19T21:37:11.263300+00:00
2026-08-19,09563bab4edf9cf2073ee946ad95d61b,Minnesota Lynx @ Golden State Valkyries,2026-08-20T02:10:00Z,Golden State Valkyries,Minnesota Lynx,Olivia Miles,,AST,OVER,6.5,105,Fanatics,fanatics,player_assists_alternate,the-odds-api,2026-08-19T21:37:11.263300+00:00
2026-08-19,09563bab4edf9cf2073ee946ad95d61b,Minnesota Lynx @ Golden State Valkyries,2026-08-20T02:10:00Z,Golden State Valkyries,Minnesota Lynx,Olivia Miles,,AST,OVER,7.5,170,Fanatics,fanatics,player_assists_alternate,the-odds-api,2026-08-19T21:37:11.263300+00:00
2026-08-19,09563bab4edf9cf2073ee946ad95d61b,Minnesota Lynx @ Golden State Valkyries,2026-08-20T02:10:00Z,Golden State Valkyries,Minnesota Lynx,Olivia Miles,,AST,OVER,8.5,290,Fanatics,fanatics,player_assists_alternate,the-odds-api,2026-08-19T21:37:11.263300+00:00
2026-08-19,09563bab4edf9cf2073ee946ad95d61b,Minnesota Lynx @ Golden State Valkyries,2026-08-20T02:10:00Z,Golden State Valkyries,Minnesota Lynx,Olivia Miles,,AST,OVER,9.5,475,Fanatics,fanatics,player_assists_alternate,the-odds-api,2026-08-19T21:37:11.263300+00:00
2026-08-19,09563bab4edf9cf2073ee946ad95d61b,Minnesota Lynx @ Golden State Valkyries,2026-08-20T02:10:00Z,Golden State Valkyries,Minnesota Lynx,Olivia Miles,,AST,OVER,10.5,800,Fanatics,fanatics,player_assists_alternate,the-odds-api,2026-08-19T21:37:11.263300+00:00
2026-08-19,09563bab4edf9cf2073ee946ad95d61b,Minnesota Lynx @ Golden State Valkyries,2026-08-20T02:10:00Z,Golden State Valkyries,Minnesota Lynx,Veronica Burton,,AST,OVER,2.5,-1800,Fanatics,fanatics,player_assists_alternate,the-odds-api,2026-08-19T21:37:11.263300+00:00
2026-08-19,09563bab4edf9cf2073ee946ad95d61b,Minnesota Lynx @ Golden State Valkyries,2026-08-20T02:10:00Z,Golden State Valkyries,Minnesota Lynx,Veronica Burton,,AST,OVER,3.5,-700,Fanatics,fanatics,player_assists_alternate,the-odds-api,2026-08-19T21:37:11.263300+00:00
2026-08-19,09563bab4edf9cf2073ee946ad95d61b,Minnesota Lynx @ Golden State Valkyries,2026-08-20T02:10:00Z,Golden State Valkyries,Minnesota Lynx,Veronica Burton,,AST,OVER,4.5,-325,Fanatics,fanatics,player_assists_alternate,the-odds-api,2026-08-19T21:37:11.263300+00:00
2026-08-19,09563bab4edf9cf2073ee946ad95d61b,Minnesota Lynx @ Golden State Valkyries,2026-08-20T02:10:00Z,Golden State Valkyries,Minnesota Lynx,Veronica Burton,,AST,OVER,5.5,-150,Fanatics,fanatics,player_assists_alternate,the-odds-api,2026-08-19T21:37:11.263300+00:00
2026-08-19,09563bab4edf9cf2073ee946ad95d61b,Minnesota Lynx @ Golden State Valkyries,2026-08-20T02:10:00Z,Golden State Valkyries,Minnesota Lynx,Veronica Burton,,AST,OVER,6.5,125,Fanatics,fanatics,player_assists_alternate,the-odds-api,2026-08-19T21:37:11.263300+00:00
2026-08-19,09563bab4edf9cf2073ee946ad95d61b,Minnesota Lynx @ Golden State Valkyries,2026-08-20T02:10:00Z,Golden State Valkyries,Minnesota Lynx,Veronica Burton,,AST,OVER,7.5,200,Fanatics,fanatics,player_assists_alternate,the-odds-api,2026-08-19T21:37:11.263300+00:00
2026-08-19,09563bab4edf9cf2073ee946ad95d61b,Minnesota Lynx @ Golden State Valkyries,2026-08-20T02:10:00Z,Golden State Valkyries,Minnesota Lynx,Veronica Burton,,AST,OVER,8.5,340,Fanatics,fanatics,player_assists_alternate,the-odds-api,2026-08-19T21:37:11.263300+00:00
2026-08-19,09563bab4edf9cf2073ee946ad95d61b,Minnesota Lynx @ Golden State Valkyries,2026-08-20T02:10:00Z,Golden State Valkyries,Minnesota Lynx,Veronica Burton,,AST,OVER,9.5,500,Fanatics,fanatics,player_assists_alternate,the-odds-api,2026-08-19T21:37:11.263300+00:00
2026-08-19,09563bab4edf9cf2073ee946ad95d61b,Minnesota Lynx @ Golden State Valkyries,2026-08-20T02:10:00Z,Golden State Valkyries,Minnesota Lynx,Veronica Burton,,AST,OVER,10.5,900,Fanatics,fanatics,player_assists_alternate,the-odds-api,2026-08-19T21:37:11.263300+00:00
2026-08-19,09563bab4edf9cf2073ee946ad95d61b,Minnesota Lynx @ Golden State Valkyries,2026-08-20T02:10:00Z,Golden State Valkyries,Minnesota Lynx,Natasha Howard,,AST,OVER,1.5,-525,Fanatics,fanatics,player_assists_alternate,the-odds-api,2026-08-19T21:37:11.263300+00:00
2026-08-19,09563bab4edf9cf2073ee946ad95d61b,Minnesota Lynx @ Golden State Valkyries,2026-08-20T02:10:00Z,Golden State Valkyries,Minnesota Lynx,Natasha Howard,,AST,OVER,2.5,-175,Fanatics,fanatics,player_assists_alternate,the-odds-api,2026-08-19T21:37:11.263300+00:00
2026-08-19,09563bab4edf9cf2073ee946ad95d61b,Minnesota Lynx @ Golden State Valkyries,2026-08-20T02:10:00Z,Golden State Valkyries,Minnesota Lynx,Natasha Howard,,AST,OVER,3.5,135,Fanatics,fanatics,player_assists_alternate,the-odds-api,2026-08-19T21:37:11.263300+00:00
2026-08-19,09563bab4edf9cf2073ee946ad95d61b,Minnesota Lynx @ Golden State Valkyries,2026-08-20T02:10:00Z,Golden State Valkyries,Minnesota Lynx,Natasha Howard,,AST,OVER,4.5,290,Fanatics,fanatics,player_assists_alternate,the-odds-api,2026-08-19T21:37:11.263300+00:00
2026-08-19,09563bab4edf9cf2073ee946ad95d61b,Minnesota Lynx @ Golden State Valkyries,2026-08-20T02:10:00Z,Golden State Valkyries,Minnesota Lynx,Natasha Howard,,AST,OVER,5.5,550,Fanatics,fanatics,player_assists_alternate,the-odds-api,2026-08-19T21:37:11.263300+00:00
2026-08-19,09563bab4edf9cf2073ee946ad95d61b,Minnesota Lynx @ Golden State Valkyries,2026-08-20T02:10:00Z,Golden State Valkyries,Minnesota Lynx,Cecilia Zandalasini,,AST,OVER,1.5,-190,Fanatics,fanatics,player_assists_alternate,the-odds-api,2026-08-19T21:37:11.263300+00:00
2026-08-19,09563bab4edf9cf2073ee946ad95d61b,Minnesota Lynx @ Golden State Valkyries,2026-08-20T02:10:00Z,Golden State Valkyries,Minnesota Lynx,Cecilia Zandalasini,,AST,OVER,2.5,140,Fanatics,fanatics,player_assists_alternate,the-odds-api,2026-08-19T21:37:11.263300+00:00
2026-08-19,09563bab4edf9cf2073ee946ad95d61b,Minnesota Lynx @ Golden State Valkyries,2026-08-20T02:10:00Z,Golden State Valkyries,Minnesota Lynx,Cecilia Zandalasini,,AST,OVER,3.5,340,Fanatics,fanatics,player_assists_alternate,the-odds-api,2026-08-19T21:37:11.263300+00:00
2026-08-19,09563bab4edf9cf2073ee946ad95d61b,Minnesota Lynx @ Golden State Valkyries,2026-08-20T02:10:00Z,Golden State Valkyries,Minnesota Lynx,Cecilia Zandalasini,,AST,OVER,4.5,800,Fanatics,fanatics,player_assists_alternate,the-odds-api,2026-08-19T21:37:11.263300+00:00
2026-08-19,09563bab4edf9cf2073ee946ad95d61b,Minnesota Lynx @ Golden State Valkyries,2026-08-20T02:10:00Z,Golden State Valkyries,Minnesota Lynx,Gabby Williams,,AST,OVER,1.5,-350,Fanatics,fanatics,player_assists_alternate,the-odds-api,2026-08-19T21:37:11.263300+00:00
2026-08-19,09563bab4edf9cf2073ee946ad95d61b,Minnesota Lynx @ Golden State Valkyries,2026-08-20T02:10:00Z,Golden State Valkyries,Minnesota Lynx,Gabby Williams,,AST,OVER,2.5,-105,Fanatics,fanatics,player_assists_alternate,the-odds-api,2026-08-19T21:37:11.263300+00:00
2026-08-19,09563bab4edf9cf2073ee946ad95d61b,Minnesota Lynx @ Golden State Valkyries,2026-08-20T02:10:00Z,Golden State Valkyries,Minnesota Lynx,Gabby Williams,,AST,OVER,3.5,210,Fanatics,fanatics,player_assists_alternate,the-odds-api,2026-08-19T21:37:11.263300+00:00
2026-08-19,09563bab4edf9cf2073ee946ad95d61b,Minnesota Lynx @ Golden State Valkyries,2026-08-20T02:10:00Z,Golden State Valkyries,Minnesota Lynx,Gabby Williams,,AST,OVER,4.5,425,Fanatics,fanatics,player_assists_alternate,the-odds-api,2026-08-19T21:37:11.263300+00:00
2026-08-19,09563bab4edf9cf2073ee946ad95d61b,Minnesota Lynx @ Golden State Valkyries,2026-08-20T02:10:00Z,Golden State Valkyries,Minnesota Lynx,Tiffany Hayes,,AST,OVER,1.5,-425,Fanatics,fanatics,player_assists_alternate,the-odds-api,2026-08-19T21:37:11.263300+00:00
2026-08-19,09563bab4edf9cf2073ee946ad95d61b,Minnesota Lynx @ Golden State Valkyries,2026-08-20T02:10:00Z,Golden State Valkyries,Minnesota Lynx,Tiffany Hayes,,AST,OVER,2.5,-130,Fanatics,fanatics,player_assists_alternate,the-odds-api,2026-08-19T21:37:11.263300+00:00
2026-08-19,09563bab4edf9cf2073ee946ad95d61b,Minnesota Lynx @ Golden State Valkyries,2026-08-20T02:10:00Z,Golden State Valkyries,Minnesota Lynx,Tiffany Hayes,,AST,OVER,3.5,160,Fanatics,fanatics,player_assists_alternate,the-odds-api,2026-08-19T21:37:11.263300+00:00
2026-08-19,09563bab4edf9cf2073ee946ad95d61b,Minnesota Lynx @ Golden State Valkyries,2026-08-20T02:10:00Z,Golden State Valkyries,Minnesota Lynx,Tiffany Hayes,,AST,OVER,4.5,350,Fanatics,fanatics,player_assists_alternate,the-odds-api,2026-08-19T21:37:11.263300+00:00
2026-08-19,09563bab4edf9cf2073ee946ad95d61b,Minnesota Lynx @ Golden State Valkyries,2026-08-20T02:10:00Z,Golden State Valkyries,Minnesota Lynx,Tiffany Hayes,,AST,OVER,5.5,750,Fanatics,fanatics,player_assists_alternate,the-odds-api,2026-08-19T21:37:11.263300+00:00
2026-08-19,09563bab4edf9cf2073ee946ad95d61b,Minnesota Lynx @ Golden State Valkyries,2026-08-20T02:10:00Z,Golden State Valkyries,Minnesota Lynx,Natasha Howard,,PTS,OVER,4.5,-1500,Fanatics,fanatics,player_points_alternate,the-odds-api,2026-08-19T21:37:11.263300+00:00
2026-08-19,09563bab4edf9cf2073ee946ad95d61b,Minnesota Lynx @ Golden State Valkyries,2026-08-20T02:10:00Z,Golden State Valkyries,Minnesota Lynx,Natasha Howard,,PTS,OVER,5.5,-900,Fanatics,fanatics,player_points_alternate,the-odds-api,2026-08-19T21:37:11.263300+00:00
2026-08-19,09563bab4edf9cf2073ee946ad95d61b,Minnesota Lynx @ Golden State Valkyries,2026-08-20T02:10:00Z,Golden State Valkyries,Minnesota Lynx,Natasha Howard,,PTS,OVER,6.5,-550,Fanatics,fanatics,player_points_alternate,the-odds-api,2026-08-19T21:37:11.263300+00:00
2026-08-19,09563bab4edf9cf2073ee946ad95d61b,Minnesota Lynx @ Golden State Valkyries,2026-08-20T02:10:00Z,Golden State Valkyries,Minnesota Lynx,Natasha Howard,,PTS,OVER,7.5,-350,Fanatics,fanatics,player_points_alternate,the-odds-api,2026-08-19T21:37:11.263300+00:00
2026-08-19,09563bab4edf9cf2073ee946ad95d61b,Minnesota Lynx @ Golden State Valkyries,2026-08-20T02:10:00Z,Golden State Valkyries,Minnesota Lynx,Natasha Howard,,PTS,OVER,8.5,-250,Fanatics,fanatics,player_points_alternate,the-odds-api,2026-08-19T21:37:11.263300+00:00
2026-08-19,09563bab4edf9cf2073ee946ad95d61b,Minnesota Lynx @ Golden State Valkyries,2026-08-20T02:10:00Z,Golden State Valkyries,Minnesota Lynx,Natasha Howard,,PTS,OVER,9.5,-165,Fanatics,fanatics,player_points_alternate,the-odds-api,2026-08-19T21:37:11.263300+00:00
2026-08-19,09563bab4edf9cf2073ee946ad95d61b,Minnesota Lynx @ Golden State Valkyries,2026-08-20T02:10:00Z,Golden State Valkyries,Minnesota Lynx,Natasha Howard,,PTS,OVER,10.5,-115,Fanatics,fanatics,player_points_alternate,the-odds-api,2026-08-19T21:37:11.263300+00:00
2026-08-19,09563bab4edf9cf2073ee946ad95d61b,Minnesota Lynx @ Golden State Valkyries,2026-08-20T02:10:00Z,Golden State Valkyries,Minnesota Lynx,Natasha Howard,,PTS,OVER,11.5,120,Fanatics,fanatics,player_points_alternate,the-odds-api,2026-08-19T21:37:11.263300+00:00
2026-08-19,09563bab4edf9cf2073ee946ad95d61b,Minnesota Lynx @ Golden State Valkyries,2026-08-20T02:10:00Z,Golden State Valkyries,Minnesota Lynx,Natasha Howard,,PTS,OVER,12.5,140,Fanatics,fanatics,player_points_alternate,the-odds-api,2026-08-19T21:37:11.263300+00:00
2026-08-19,09563bab4edf9cf2073ee946ad95d61b,Minnesota Lynx @ Golden State Valkyries,2026-08-20T02:10:00Z,Golden State Valkyries,Minnesota Lynx,Natasha Howard,,PTS,OVER,13.5,190,Fanatics,fanatics,player_points_alternate,the-odds-api,2026-08-19T21:37:11.263300+00:00
2026-08-19,09563bab4edf9cf2073ee946ad95d61b,Minnesota Lynx @ Golden State Valkyries,2026-08-20T02:10:00Z,Golden State Valkyries,Minnesota Lynx,Natasha Howard,,PTS,OVER,14.5,260,Fanatics,fanatics,player_points_alternate,the-odds-api,2026-08-19T21:37:11.263300+00:00
2026-08-19,09563bab4edf9cf2073ee946ad95d61b,Minnesota Lynx @ Golden State Valkyries,2026-08-20T02:10:00Z,Golden State Valkyries,Minnesota Lynx,Natasha Howard,,PTS,OVER,15.5,320,Fanatics,fanatics,player_points_alternate,the-odds-api,2026-08-19T21:37:11.263300+00:00
2026-08-19,09563bab4edf9cf2073ee946ad95d61b,Minnesota Lynx @ Golden State Valkyries,2026-08-20T02:10:00Z,Golden State Valkyries,Minnesota Lynx,Natasha Howard,,PTS,OVER,16.5,400,Fanatics,fanatics,player_points_alternate,the-odds-api,2026-08-19T21:37:11.263300+00:00
2026-08-19,09563bab4edf9cf2073ee946ad95d61b,Minnesota Lynx @ Golden State Valkyries,2026-08-20T02:10:00Z,Golden State Valkyries,Minnesota Lynx,Natasha Howard,,PTS,OVER,17.5,500,Fanatics,fanatics,player_points_alternate,the-odds-api,2026-08-19T21:37:11.263300+00:00
2026-08-19,09563bab4edf9cf2073ee946ad95d61b,Minnesota Lynx @ Golden State Valkyries,2026-08-20T02:10:00Z,Golden State Valkyries,Minnesota Lynx,Natasha Howard,,PTS,OVER,18.5,750,Fanatics,fanatics,player_points_alternate,the-odds-api,2026-08-19T21:37:11.263300+00:00
2026-08-19,09563bab4edf9cf2073ee946ad95d61b,Minnesota Lynx @ Golden State Valkyries,2026-08-20T02:10:00Z,Golden State Valkyries,Minnesota Lynx,Natasha Howard,,PTS,OVER,19.5,900,Fanatics,fanatics,player_points_alternate,the-odds-api,2026-08-19T21:37:11.263300+00:00
2026-08-19,09563bab4edf9cf2073ee946ad95d61b,Minnesota Lynx @ Golden State Valkyries,2026-08-20T02:10:00Z,Golden State Valkyries,Minnesota Lynx,Natasha Howard,,PTS,OVER,20.5,1100,Fanatics,fanatics,player_points_alternate,the-odds-api,2026-08-19T21:37:11.263300+00:00
2026-08-19,09563bab4edf9cf2073ee946ad95d61b,Minnesota Lynx @ Golden State Valkyries,2026-08-20T02:10:00Z,Golden State Valkyries,Minnesota Lynx,Natasha Howard,,PTS,OVER,21.5,1400,Fanatics,fanatics,player_points_alternate,the-odds-api,2026-08-19T21:37:11.263300+00:00
2026-08-19,09563bab4edf9cf2073ee946ad95d61b,Minnesota Lynx @ Golden State Valkyries,2026-08-20T02:10:00Z,Golden State Valkyries,Minnesota Lynx,Olivia Miles,,PTS,OVER,9.5,-1800,Fanatics,fanatics,player_points_alternate,the-odds-api,2026-08-19T21:37:11.263300+00:00
2026-08-19,09563bab4edf9cf2073ee946ad95d61b,Minnesota Lynx @ Golden State Valkyries,2026-08-20T02:10:00Z,Golden State Valkyries,Minnesota Lynx,Olivia Miles,,PTS,OVER,10.5,-1300,Fanatics,fanatics,player_points_alternate,the-odds-api,2026-08-19T21:37:11.263300+00:00
2026-08-19,09563bab4edf9cf2073ee946ad95d61b,Minnesota Lynx @ Golden State Valkyries,2026-08-20T02:10:00Z,Golden State Valkyries,Minnesota Lynx,Olivia Miles,,PTS,OVER,11.5,-900,Fanatics,fanatics,player_points_alternate,the-odds-api,2026-08-19T21:37:11.263300+00:00
2026-08-19,09563bab4edf9cf2073ee946ad95d61b,Minnesota Lynx @ Golden State Valkyries,2026-08-20T02:10:00Z,Golden State Valkyries,Minnesota Lynx,Olivia Miles,,PTS,OVER,12.5,-650,Fanatics,fanatics,player_points_alternate,the-odds-api,2026-08-19T21:37:11.263300+00:00
2026-08-19,09563bab4edf9cf2073ee946ad95d61b,Minnesota Lynx @ Golden State Valkyries,2026-08-20T02:10:00Z,Golden State Valkyries,Minnesota Lynx,Olivia Miles,,PTS,OVER,13.5,-475,Fanatics,fanatics,player_points_alternate,the-odds-api,2026-08-19T21:37:11.263300+00:00
2026-08-19,09563bab4edf9cf2073ee946ad95d61b,Minnesota Lynx @ Golden State Valkyries,2026-08-20T02:10:00Z,Golden State Valkyries,Minnesota Lynx,Olivia Miles,,PTS,OVER,14.5,-350,Fanatics,fanatics,player_points_alternate,the-odds-api,2026-08-19T21:37:11.263300+00:00
2026-08-19,09563bab4edf9cf2073ee946ad95d61b,Minnesota Lynx @ Golden State Valkyries,2026-08-20T02:10:00Z,Golden State Valkyries,Minnesota Lynx,Olivia Miles,,PTS,OVER,15.5,-275,Fanatics,fanatics,player_points_alternate,the-odds-api,2026-08-19T21:37:11.263300+00:00
2026-08-19,09563bab4edf9cf2073ee946ad95d61b,Minnesota Lynx @ Golden State Valkyries,2026-08-20T02:10:00Z,Golden State Valkyries,Minnesota Lynx,Olivia Miles,,PTS,OVER,16.5,-190,Fanatics,fanatics,player_points_alternate,the-odds-api,2026-08-19T21:37:11.263300+00:00
2026-08-19,09563bab4edf9cf2073ee946ad95d61b,Minnesota Lynx @ Golden State Valkyries,2026-08-20T02:10:00Z,Golden State Valkyries,Minnesota Lynx,Olivia Miles,,PTS,OVER,17.5,-150,Fanatics,fanatics,player_points_alternate,the-odds-api,2026-08-19T21:37:11.263300+00:00
2026-08-19,09563bab4edf9cf2073ee946ad95d61b,Minnesota Lynx @ Golden State Valkyries,2026-08-20T02:10:00Z,Golden State Valkyries,Minnesota Lynx,Olivia Miles,,PTS,OVER,18.5,-115,Fanatics,fanatics,player_points_alternate,the-odds-api,2026-08-19T21:37:11.263300+00:00
2026-08-19,09563bab4edf9cf2073ee946ad95d61b,Minnesota Lynx @ Golden State Valkyries,2026-08-20T02:10:00Z,Golden State Valkyries,Minnesota Lynx,Olivia Miles,,PTS,OVER,19.5,110,Fanatics,fanatics,player_points_alternate,the-odds-api,2026-08-19T21:37:11.263300+00:00
2026-08-19,09563bab4edf9cf2073ee946ad95d61b,Minnesota Lynx @ Golden State Valkyries,2026-08-20T02:10:00Z,Golden State Valkyries,Minnesota Lynx,Olivia Miles,,PTS,OVER,20.5,130,Fanatics,fanatics,player_points_alternate,the-odds-api,2026-08-19T21:37:11.263300+00:00
2026-08-19,09563bab4edf9cf2073ee946ad95d61b,Minnesota Lynx @ Golden State Valkyries,2026-08-20T02:10:00Z,Golden State Valkyries,Minnesota Lynx,Olivia Miles,,PTS,OVER,21.5,155,Fanatics,fanatics,player_points_alternate,the-odds-api,2026-08-19T21:37:11.263300+00:00
2026-08-19,09563bab4edf9cf2073ee946ad95d61b,Minnesota Lynx @ Golden State Valkyries,2026-08-20T02:10:00Z,Golden State Valkyries,Minnesota Lynx,Olivia Miles,,PTS,OVER,22.5,190,Fanatics,fanatics,player_points_alternate,the-odds-api,2026-08-19T21:37:11.263300+00:00
2026-08-19,09563bab4edf9cf2073ee946ad95d61b,Minnesota Lynx @ Golden State Valkyries,2026-08-20T02:10:00Z,Golden State Valkyries,Minnesota Lynx,Olivia Miles,,PTS,OVER,23.5,240,Fanatics,fanatics,player_points_alternate,the-odds-api,2026-08-19T21:37:11.263300+00:00
2026-08-19,09563bab4edf9cf2073ee946ad95d61b,Minnesota Lynx @ Golden State Valkyries,2026-08-20T02:10:00Z,Golden State Valkyries,Minnesota Lynx,Olivia Miles,,PTS,OVER,24.5,300,Fanatics,fanatics,player_points_alternate,the-odds-api,2026-08-19T21:37:11.263300+00:00
2026-08-19,09563bab4edf9cf2073ee946ad95d61b,Minnesota Lynx @ Golden State Valkyries,2026-08-20T02:10:00Z,Golden State Valkyries,Minnesota Lynx,Olivia Miles,,PTS,OVER,25.5,350,Fanatics,fanatics,player_points_alternate,the-odds-api,2026-08-19T21:37:11.263300+00:00
2026-08-19,09563bab4edf9cf2073ee946ad95d61b,Minnesota Lynx @ Golden State Valkyries,2026-08-20T02:10:00Z,Golden State Valkyries,Minnesota Lynx,Olivia Miles,,PTS,OVER,26.5,425,Fanatics,fanatics,player_points_alternate,the-odds-api,2026-08-19T21:37:11.263300+00:00
2026-08-19,09563bab4edf9cf2073ee946ad95d61b,Minnesota Lynx @ Golden State Valkyries,2026-08-20T02:10:00Z,Golden State Valkyries,Minnesota Lynx,Olivia Miles,,PTS,OVER,27.5,550,Fanatics,fanatics,player_points_alternate,the-odds-api,2026-08-19T21:37:11.263300+00:00
2026-08-19,09563bab4edf9cf2073ee946ad95d61b,Minnesota Lynx @ Golden State Valkyries,2026-08-20T02:10:00Z,Golden State Valkyries,Minnesota Lynx,Olivia Miles,,PTS,OVER,28.5,700,Fanatics,fanatics,player_points_alternate,the-odds-api,2026-08-19T21:37:11.263300+00:00
2026-08-19,09563bab4edf9cf2073ee946ad95d61b,Minnesota Lynx @ Golden State Valkyries,2026-08-20T02:10:00Z,Golden State Valkyries,Minnesota Lynx,Olivia Miles,,PTS,OVER,29.5,850,Fanatics,fanatics,player_points_alternate,the-odds-api,2026-08-19T21:37:11.263300+00:00
2026-08-19,09563bab4edf9cf2073ee946ad95d61b,Minnesota Lynx @ Golden State Valkyries,2026-08-20T02:10:00Z,Golden State Valkyries,Minnesota Lynx,Olivia Miles,,PTS,OVER,30.5,1000,Fanatics,fanatics,player_points_alternate,the-odds-api,2026-08-19T21:37:11.263300+00:00
2026-08-19,09563bab4edf9cf2073ee946ad95d61b,Minnesota Lynx @ Golden State Valkyries,2026-08-20T02:10:00Z,Golden State Valkyries,Minnesota Lynx,Olivia Miles,,PTS,OVER,31.5,1100,Fanatics,fanatics,player_points_alternate,the-odds-api,2026-08-19T21:37:11.263300+00:00
2026-08-19,09563bab4edf9cf2073ee946ad95d61b,Minnesota Lynx @ Golden State Valkyries,2026-08-20T02:10:00Z,Golden State Valkyries,Minnesota Lynx,Olivia Miles,,PTS,OVER,32.5,1400,Fanatics,fanatics,player_points_alternate,the-odds-api,2026-08-19T21:37:11.263300+00:00
2026-08-19,09563bab4edf9cf2073ee946ad95d61b,Minnesota Lynx @ Golden State Valkyries,2026-08-20T02:10:00Z,Golden State Valkyries,Minnesota Lynx,Napheesa Collier,,PTS,OVER,9.5,-1800,Fanatics,fanatics,player_points_alternate,the-odds-api,2026-08-19T21:37:11.263300+00:00
2026-08-19,09563bab4edf9cf2073ee946ad95d61b,Minnesota Lynx @ Golden State Valkyries,2026-08-20T02:10:00Z,Golden State Valkyries,Minnesota Lynx,Napheesa Collier,,PTS,OVER,10.5,-1200,Fanatics,fanatics,player_points_alternate,the-odds-api,2026-08-19T21:37:11.263300+00:00
2026-08-19,09563bab4edf9cf2073ee946ad95d61b,Minnesota Lynx @ Golden State Valkyries,2026-08-20T02:10:00Z,Golden State Valkyries,Minnesota Lynx,Napheesa Collier,,PTS,OVER,11.5,-800,Fanatics,fanatics,player_points_alternate,the-odds-api,2026-08-19T21:37:11.263300+00:00
2026-08-19,09563bab4edf9cf2073ee946ad95d61b,Minnesota Lynx @ Golden State Valkyries,2026-08-20T02:10:00Z,Golden State Valkyries,Minnesota Lynx,Napheesa Collier,,PTS,OVER,12.5,-630,Fanatics,fanatics,player_points_alternate,the-odds-api,2026-08-19T21:37:11.263300+00:00
2026-08-19,09563bab4edf9cf2073ee946ad95d61b,Minnesota Lynx @ Golden State Valkyries,2026-08-20T02:10:00Z,Golden State Valkyries,Minnesota Lynx,Napheesa Collier,,PTS,OVER,13.5,-425,Fanatics,fanatics,player_points_alternate,the-odds-api,2026-08-19T21:37:11.263300+00:00
2026-08-19,09563bab4edf9cf2073ee946ad95d61b,Minnesota Lynx @ Golden State Valkyries,2026-08-20T02:10:00Z,Golden State Valkyries,Minnesota Lynx,Napheesa Collier,,PTS,OVER,14.5,-325,Fanatics,fanatics,player_points_alternate,the-odds-api,2026-08-19T21:37:11.263300+00:00
2026-08-19,09563bab4edf9cf2073ee946ad95d61b,Minnesota Lynx @ Golden State Valkyries,2026-08-20T02:10:00Z,Golden State Valkyries,Minnesota Lynx,Napheesa Collier,,PTS,OVER,15.5,-240,Fanatics,fanatics,player_points_alternate,the-odds-api,2026-08-19T21:37:11.263300+00:00
2026-08-19,09563bab4edf9cf2073ee946ad95d61b,Minnesota Lynx @ Golden State Valkyries,2026-08-20T02:10:00Z,Golden State Valkyries,Minnesota Lynx,Napheesa Collier,,PTS,OVER,16.5,-175,Fanatics,fanatics,player_points_alternate,the-odds-api,2026-08-19T21:37:11.263300+00:00
2026-08-19,09563bab4edf9cf2073ee946ad95d61b,Minnesota Lynx @ Golden State Valkyries,2026-08-20T02:10:00Z,Golden State Valkyries,Minnesota Lynx,Napheesa Collier,,PTS,OVER,17.5,-130,Fanatics,fanatics,player_points_alternate,the-odds-api,2026-08-19T21:37:11.263300+00:00
2026-08-19,09563bab4edf9cf2073ee946ad95d61b,Minnesota Lynx @ Golden State Valkyries,2026-08-20T02:10:00Z,Golden State Valkyries,Minnesota Lynx,Napheesa Collier,,PTS,OVER,18.5,-105,Fanatics,fanatics,player_points_alternate,the-odds-api,2026-08-19T21:37:11.263300+00:00
2026-08-19,09563bab4edf9cf2073ee946ad95d61b,Minnesota Lynx @ Golden State Valkyries,2026-08-20T02:10:00Z,Golden State Valkyries,Minnesota Lynx,Napheesa Collier,,PTS,OVER,19.5,120,Fanatics,fanatics,player_points_alternate,the-odds-api,2026-08-19T21:37:11.263300+00:00
2026-08-19,09563bab4edf9cf2073ee946ad95d61b,Minnesota Lynx @ Golden State Valkyries,2026-08-20T02:10:00Z,Golden State Valkyries,Minnesota Lynx,Napheesa Collier,,PTS,OVER,20.5,140,Fanatics,fanatics,player_points_alternate,the-odds-api,2026-08-19T21:37:11.263300+00:00
2026-08-19,09563bab4edf9cf2073ee946ad95d61b,Minnesota Lynx @ Golden State Valkyries,2026-08-20T02:10:00Z,Golden State Valkyries,Minnesota Lynx,Napheesa Collier,,PTS,OVER,21.5,175,Fanatics,fanatics,player_points_alternate,the-odds-api,2026-08-19T21:37:11.263300+00:00
2026-08-19,09563bab4edf9cf2073ee946ad95d61b,Minnesota Lynx @ Golden State Valkyries,2026-08-20T02:10:00Z,Golden State Valkyries,Minnesota Lynx,Napheesa Collier,,PTS,OVER,22.5,225,Fanatics,fanatics,player_points_alternate,the-odds-api,2026-08-19T21:37:11.263300+00:00
2026-08-19,09563bab4edf9cf2073ee946ad95d61b,Minnesota Lynx @ Golden State Valkyries,2026-08-20T02:10:00Z,Golden State Valkyries,Minnesota Lynx,Napheesa Collier,,PTS,OVER,23.5,270,Fanatics,fanatics,player_points_alternate,the-odds-api,2026-08-19T21:37:11.263300+00:00
2026-08-19,09563bab4edf9cf2073ee946ad95d61b,Minnesota Lynx @ Golden State Valkyries,2026-08-20T02:10:00Z,Golden State Valkyries,Minnesota Lynx,Napheesa Collier,,PTS,OVER,24.5,340,Fanatics,fanatics,player_points_alternate,the-odds-api,2026-08-19T21:37:11.263300+00:00
2026-08-19,09563bab4edf9cf2073ee946ad95d61b,Minnesota Lynx @ Golden State Valkyries,2026-08-20T02:10:00Z,Golden State Valkyries,Minnesota Lynx,Napheesa Collier,,PTS,OVER,25.5,400,Fanatics,fanatics,player_points_alternate,the-odds-api,2026-08-19T21:37:11.263300+00:00
2026-08-19,09563bab4edf9cf2073ee946ad95d61b,Minnesota Lynx @ Golden State Valkyries,2026-08-20T02:10:00Z,Golden State Valkyries,Minnesota Lynx,Napheesa Collier,,PTS,OVER,26.5,500,Fanatics,fanatics,player_points_alternate,the-odds-api,2026-08-19T21:37:11.263300+00:00
2026-08-19,09563bab4edf9cf2073ee946ad95d61b,Minnesota Lynx @ Golden State Valkyries,2026-08-20T02:10:00Z,Golden State Valkyries,Minnesota Lynx,Napheesa Collier,,PTS,OVER,27.5,700,Fanatics,fanatics,player_points_alternate,the-odds-api,2026-08-19T21:37:11.263300+00:00
2026-08-19,09563bab4edf9cf2073ee946ad95d61b,Minnesota Lynx @ Golden State Valkyries,2026-08-20T02:10:00Z,Golden State Valkyries,Minnesota Lynx,Napheesa Collier,,PTS,OVER,28.5,800,Fanatics,fanatics,player_points_alternate,the-odds-api,2026-08-19T21:37:11.263300+00:00
2026-08-19,09563bab4edf9cf2073ee946ad95d61b,Minnesota Lynx @ Golden State Valkyries,2026-08-20T02:10:00Z,Golden State Valkyries,Minnesota Lynx,Napheesa Collier,,PTS,OVER,29.5,950,Fanatics,fanatics,player_points_alternate,the-odds-api,2026-08-19T21:37:11.263300+00:00
2026-08-19,09563bab4edf9cf2073ee946ad95d61b,Minnesota Lynx @ Golden State Valkyries,2026-08-20T02:10:00Z,Golden State Valkyries,Minnesota Lynx,Napheesa Collier,,PTS,OVER,30.5,1100,Fanatics,fanatics,player_points_alternate,the-odds-api,2026-08-19T21:37:11.263300+00:00
2026-08-19,09563bab4edf9cf2073ee946ad95d61b,Minnesota Lynx @ Golden State Valkyries,2026-08-20T02:10:00Z,Golden State Valkyries,Minnesota Lynx,Napheesa Collier,,PTS,OVER,31.5,1400,Fanatics,fanatics,player_points_alternate,the-odds-api,2026-08-19T21:37:11.263300+00:00
2026-08-19,09563bab4edf9cf2073ee946ad95d61b,Minnesota Lynx @ Golden State Valkyries,2026-08-20T02:10:00Z,Golden State Valkyries,Minnesota Lynx,Courtney Williams,,PTS,OVER,4.5,-1700,Fanatics,fanatics,player_points_alternate,the-odds-api,2026-08-19T21:37:11.263300+00:00
2026-08-19,09563bab4edf9cf2073ee946ad95d61b,Minnesota Lynx @ Golden State Valkyries,2026-08-20T02:10:00Z,Golden State Valkyries,Minnesota Lynx,Courtney Williams,,PTS,OVER,5.5,-1000,Fanatics,fanatics,player_points_alternate,the-odds-api,2026-08-19T21:37:11.263300+00:00
2026-08-19,09563bab4edf9cf2073ee946ad95d61b,Minnesota Lynx @ Golden State Valkyries,2026-08-20T02:10:00Z,Golden State Valkyries,Minnesota Lynx,Courtney Williams,,PTS,OVER,6.5,-630,Fanatics,fanatics,player_points_alternate,the-odds-api,2026-08-19T21:37:11.263300+00:00
2026-08-19,09563bab4edf9cf2073ee946ad95d61b,Minnesota Lynx @ Golden State Valkyries,2026-08-20T02:10:00Z,Golden State Valkyries,Minnesota Lynx,Courtney Williams,,PTS,OVER,7.5,-400,Fanatics,fanatics,player_points_alternate,the-odds-api,2026-08-19T21:37:11.263300+00:00
2026-08-19,09563bab4edf9cf2073ee946ad95d61b,Minnesota Lynx @ Golden State Valkyries,2026-08-20T02:10:00Z,Golden State Valkyries,Minnesota Lynx,Courtney Williams,,PTS,OVER,8.5,-275,Fanatics,fanatics,player_points_alternate,the-odds-api,2026-08-19T21:37:11.263300+00:00
2026-08-19,09563bab4edf9cf2073ee946ad95d61b,Minnesota Lynx @ Golden State Valkyries,2026-08-20T02:10:00Z,Golden State Valkyries,Minnesota Lynx,Courtney Williams,,PTS,OVER,9.5,-190,Fanatics,fanatics,player_points_alternate,the-odds-api,2026-08-19T21:37:11.263300+00:00
2026-08-19,09563bab4edf9cf2073ee946ad95d61b,Minnesota Lynx @ Golden State Valkyries,2026-08-20T02:10:00Z,Golden State Valkyries,Minnesota Lynx,Courtney Williams,,PTS,OVER,10.5,-130,Fanatics,fanatics,player_points_alternate,the-odds-api,2026-08-19T21:37:11.263300+00:00
2026-08-19,09563bab4edf9cf2073ee946ad95d61b,Minnesota Lynx @ Golden State Valkyries,2026-08-20T02:10:00Z,Golden State Valkyries,Minnesota Lynx,Courtney Williams,,PTS,OVER,11.5,105,Fanatics,fanatics,player_points_alternate,the-odds-api,2026-08-19T21:37:11.263300+00:00
2026-08-19,09563bab4edf9cf2073ee946ad95d61b,Minnesota Lynx @ Golden State Valkyries,2026-08-20T02:10:00Z,Golden State Valkyries,Minnesota Lynx,Courtney Williams,,PTS,OVER,12.5,130,Fanatics,fanatics,player_points_alternate,the-odds-api,2026-08-19T21:37:11.263300+00:00
2026-08-19,09563bab4edf9cf2073ee946ad95d61b,Minnesota Lynx @ Golden State Valkyries,2026-08-20T02:10:00Z,Golden State Valkyries,Minnesota Lynx,Courtney Williams,,PTS,OVER,13.5,170,Fanatics,fanatics,player_points_alternate,the-odds-api,2026-08-19T21:37:11.263300+00:00
2026-08-19,09563bab4edf9cf2073ee946ad95d61b,Minnesota Lynx @ Golden State Valkyries,2026-08-20T02:10:00Z,Golden State Valkyries,Minnesota Lynx,Courtney Williams,,PTS,OVER,14.5,225,Fanatics,fanatics,player_points_alternate,the-odds-api,2026-08-19T21:37:11.263300+00:00
2026-08-19,09563bab4edf9cf2073ee946ad95d61b,Minnesota Lynx @ Golden State Valkyries,2026-08-20T02:10:00Z,Golden State Valkyries,Minnesota Lynx,Courtney Williams,,PTS,OVER,15.5,290,Fanatics,fanatics,player_points_alternate,the-odds-api,2026-08-19T21:37:11.263300+00:00
2026-08-19,09563bab4edf9cf2073ee946ad95d61b,Minnesota Lynx @ Golden State Valkyries,2026-08-20T02:10:00Z,Golden State Valkyries,Minnesota Lynx,Courtney Williams,,PTS,OVER,16.5,350,Fanatics,fanatics,player_points_alternate,the-odds-api,2026-08-19T21:37:11.263300+00:00
2026-08-19,09563bab4edf9cf2073ee946ad95d61b,Minnesota Lynx @ Golden State Valkyries,2026-08-20T02:10:00Z,Golden State Valkyries,Minnesota Lynx,Courtney Williams,,PTS,OVER,17.5,425,Fanatics,fanatics,player_points_alternate,the-odds-api,2026-08-19T21:37:11.263300+00:00
2026-08-19,09563bab4edf9cf2073ee946ad95d61b,Minnesota Lynx @ Golden State Valkyries,2026-08-20T02:10:00Z,Golden State Valkyries,Minnesota Lynx,Courtney Williams,,PTS,OVER,18.5,600,Fanatics,fanatics,player_points_alternate,the-odds-api,2026-08-19T21:37:11.263300+00:00
2026-08-19,09563bab4edf9cf2073ee946ad95d61b,Minnesota Lynx @ Golden State Valkyries,2026-08-20T02:10:00Z,Golden State Valkyries,Minnesota Lynx,Courtney Williams,,PTS,OVER,19.5,800,Fanatics,fanatics,player_points_alternate,the-odds-api,2026-08-19T21:37:11.263300+00:00
2026-08-19,09563bab4edf9cf2073ee946ad95d61b,Minnesota Lynx @ Golden State Valkyries,2026-08-20T02:10:00Z,Golden State Valkyries,Minnesota Lynx,Courtney Williams,,PTS,OVER,20.5,950,Fanatics,fanatics,player_points_alternate,the-odds-api,2026-08-19T21:37:11.263300+00:00
2026-08-19,09563bab4edf9cf2073ee946ad95d61b,Minnesota Lynx @ Golden State Valkyries,2026-08-20T02:10:00Z,Golden State Valkyries,Minnesota Lynx,Courtney Williams,,PTS,OVER,21.5,1100,Fanatics,fanatics,player_points_alternate,the-odds-api,2026-08-19T21:37:11.263300+00:00
2026-08-19,09563bab4edf9cf2073ee946ad95d61b,Minnesota Lynx @ Golden State Valkyries,2026-08-20T02:10:00Z,Golden State Valkyries,Minnesota Lynx,Courtney Williams,,PTS,OVER,22.5,1500,Fanatics,fanatics,player_points_alternate,the-odds-api,2026-08-19T21:37:11.263300+00:00
2026-08-19,09563bab4edf9cf2073ee946ad95d61b,Minnesota Lynx @ Golden State Valkyries,2026-08-20T02:10:00Z,Golden State Valkyries,Minnesota Lynx,Kayla McBride,,PTS,OVER,5.5,-2500,Fanatics,fanatics,player_points_alternate,the-odds-api,2026-08-19T21:37:11.263300+00:00
2026-08-19,09563bab4edf9cf2073ee946ad95d61b,Minnesota Lynx @ Golden State Valkyries,2026-08-20T02:10:00Z,Golden State Valkyries,Minnesota Lynx,Kayla McBride,,PTS,OVER,6.5,-1500,Fanatics,fanatics,player_points_alternate,the-odds-api,2026-08-19T21:37:11.263300+00:00
2026-08-19,09563bab4edf9cf2073ee946ad95d61b,Minnesota Lynx @ Golden State Valkyries,2026-08-20T02:10:00Z,Golden State Valkyries,Minnesota Lynx,Kayla McBride,,PTS,OVER,7.5,-1100,Fanatics,fanatics,player_points_alternate,the-odds-api,2026-08-19T21:37:11.263300+00:00
2026-08-19,09563bab4edf9cf2073ee946ad95d61b,Minnesota Lynx @ Golden State Valkyries,2026-08-20T02:10:00Z,Golden State Valkyries,Minnesota Lynx,Kayla McBride,,PTS,OVER,8.5,-700,Fanatics,fanatics,player_points_alternate,the-odds-api,2026-08-19T21:37:11.263300+00:00
2026-08-19,09563bab4edf9cf2073ee946ad95d61b,Minnesota Lynx @ Golden State Valkyries,2026-08-20T02:10:00Z,Golden State Valkyries,Minnesota Lynx,Kayla McBride,,PTS,OVER,9.5,-475,Fanatics,fanatics,player_points_alternate,the-odds-api,2026-08-19T21:37:11.263300+00:00
2026-08-19,09563bab4edf9cf2073ee946ad95d61b,Minnesota Lynx @ Golden State Valkyries,2026-08-20T02:10:00Z,Golden State Valkyries,Minnesota Lynx,Kayla McBride,,PTS,OVER,10.5,-350,Fanatics,fanatics,player_points_alternate,the-odds-api,2026-08-19T21:37:11.263300+00:00
2026-08-19,09563bab4edf9cf2073ee946ad95d61b,Minnesota Lynx @ Golden State Valkyries,2026-08-20T02:10:00Z,Golden State Valkyries,Minnesota Lynx,Kayla McBride,,PTS,OVER,11.5,-275,Fanatics,fanatics,player_points_alternate,the-odds-api,2026-08-19T21:37:11.263300+00:00
2026-08-19,09563bab4edf9cf2073ee946ad95d61b,Minnesota Lynx @ Golden State Valkyries,2026-08-20T02:10:00Z,Golden State Valkyries,Minnesota Lynx,Kayla McBride,,PTS,OVER,12.5,-190,Fanatics,fanatics,player_points_alternate,the-odds-api,2026-08-19T21:37:11.263300+00:00
2026-08-19,09563bab4edf9cf2073ee946ad95d61b,Minnesota Lynx @ Golden State Valkyries,2026-08-20T02:10:00Z,Golden State Valkyries,Minnesota Lynx,Kayla McBride,,PTS,OVER,13.5,-140,Fanatics,fanatics,player_points_alternate,the-odds-api,2026-08-19T21:37:11.263300+00:00
2026-08-19,09563bab4edf9cf2073ee946ad95d61b,Minnesota Lynx @ Golden State Valkyries,2026-08-20T02:10:00Z,Golden State Valkyries,Minnesota Lynx,Kayla McBride,,PTS,OVER,14.5,-105,Fanatics,fanatics,player_points_alternate,the-odds-api,2026-08-19T21:37:11.263300+00:00
2026-08-19,09563bab4edf9cf2073ee946ad95d61b,Minnesota Lynx @ Golden State Valkyries,2026-08-20T02:10:00Z,Golden State Valkyries,Minnesota Lynx,Kayla McBride,,PTS,OVER,15.5,120,Fanatics,fanatics,player_points_alternate,the-odds-api,2026-08-19T21:37:11.263300+00:00
2026-08-19,09563bab4edf9cf2073ee946ad95d61b,Minnesota Lynx @ Golden State Valkyries,2026-08-20T02:10:00Z,Golden State Valkyries,Minnesota Lynx,Kayla McBride,,PTS,OVER,16.5,140,Fanatics,fanatics,player_points_alternate,the-odds-api,2026-08-19T21:37:11.263300+00:00
2026-08-19,09563bab4edf9cf2073ee946ad95d61b,Minnesota Lynx @ Golden State Valkyries,2026-08-20T02:10:00Z,Golden State Valkyries,Minnesota Lynx,Kayla McBride,,PTS,OVER,17.5,175,Fanatics,fanatics,player_points_alternate,the-odds-api,2026-08-19T21:37:11.263300+00:00
2026-08-19,09563bab4edf9cf2073ee946ad95d61b,Minnesota Lynx @ Golden State Valkyries,2026-08-20T02:10:00Z,Golden State Valkyries,Minnesota Lynx,Kayla McBride,,PTS,OVER,18.5,225,Fanatics,fanatics,player_points_alternate,the-odds-api,2026-08-19T21:37:11.263300+00:00
2026-08-19,09563bab4edf9cf2073ee946ad95d61b,Minnesota Lynx @ Golden State Valkyries,2026-08-20T02:10:00Z,Golden State Valkyries,Minnesota Lynx,Kayla McBride,,PTS,OVER,19.5,290,Fanatics,fanatics,player_points_alternate,the-odds-api,2026-08-19T21:37:11.263300+00:00
2026-08-19,09563bab4edf9cf2073ee946ad95d61b,Minnesota Lynx @ Golden State Valkyries,2026-08-20T02:10:00Z,Golden State Valkyries,Minnesota Lynx,Kayla McBride,,PTS,OVER,20.5,340,Fanatics,fanatics,player_points_alternate,the-odds-api,2026-08-19T21:37:11.263300+00:00
2026-08-19,09563bab4edf9cf2073ee946ad95d61b,Minnesota Lynx @ Golden State Valkyries,2026-08-20T02:10:00Z,Golden State Valkyries,Minnesota Lynx,Kayla McBride,,PTS,OVER,21.5,400,Fanatics,fanatics,player_points_alternate,the-odds-api,2026-08-19T21:37:11.263300+00:00
2026-08-19,09563bab4edf9cf2073ee946ad95d61b,Minnesota Lynx @ Golden State Valkyries,2026-08-20T02:10:00Z,Golden State Valkyries,Minnesota Lynx,Kayla McBride,,PTS,OVER,22.5,500,Fanatics,fanatics,player_points_alternate,the-odds-api,2026-08-19T21:37:11.263300+00:00
2026-08-19,09563bab4edf9cf2073ee946ad95d61b,Minnesota Lynx @ Golden State Valkyries,2026-08-20T02:10:00Z,Golden State Valkyries,Minnesota Lynx,Kayla McBride,,PTS,OVER,23.5,650,Fanatics,fanatics,player_points_alternate,the-odds-api,2026-08-19T21:37:11.263300+00:00
2026-08-19,09563bab4edf9cf2073ee946ad95d61b,Minnesota Lynx @ Golden State Valkyries,2026-08-20T02:10:00Z,Golden State Valkyries,Minnesota Lynx,Kayla McBride,,PTS,OVER,24.5,850,Fanatics,fanatics,player_points_alternate,the-odds-api,2026-08-19T21:37:11.263300+00:00
2026-08-19,09563bab4edf9cf2073ee946ad95d61b,Minnesota Lynx @ Golden State Valkyries,2026-08-20T02:10:00Z,Golden State Valkyries,Minnesota Lynx,Kayla McBride,,PTS,OVER,25.5,950,Fanatics,fanatics,player_points_alternate,the-odds-api,2026-08-19T21:37:11.263300+00:00
2026-08-19,09563bab4edf9cf2073ee946ad95d61b,Minnesota Lynx @ Golden State Valkyries,2026-08-20T02:10:00Z,Golden State Valkyries,Minnesota Lynx,Kayla McBride,,PTS,OVER,26.5,1100,Fanatics,fanatics,player_points_alternate,the-odds-api,2026-08-19T21:37:11.263300+00:00
2026-08-19,09563bab4edf9cf2073ee946ad95d61b,Minnesota Lynx @ Golden State Valkyries,2026-08-20T02:10:00Z,Golden State Valkyries,Minnesota Lynx,Kayla McBride,,PTS,OVER,27.5,1400,Fanatics,fanatics,player_points_alternate,the-odds-api,2026-08-19T21:37:11.263300+00:00
2026-08-19,09563bab4edf9cf2073ee946ad95d61b,Minnesota Lynx @ Golden State Valkyries,2026-08-20T02:10:00Z,Golden State Valkyries,Minnesota Lynx,Cecilia Zandalasini,,PTS,OVER,4.5,-800,Fanatics,fanatics,player_points_alternate,the-odds-api,2026-08-19T21:37:11.263300+00:00
2026-08-19,09563bab4edf9cf2073ee946ad95d61b,Minnesota Lynx @ Golden State Valkyries,2026-08-20T02:10:00Z,Golden State Valkyries,Minnesota Lynx,Cecilia Zandalasini,,PTS,OVER,5.5,-475,Fanatics,fanatics,player_points_alternate,the-odds-api,2026-08-19T21:37:11.263300+00:00
2026-08-19,09563bab4edf9cf2073ee946ad95d61b,Minnesota Lynx @ Golden State Valkyries,2026-08-20T02:10:00Z,Golden State Valkyries,Minnesota Lynx,Cecilia Zandalasini,,PTS,OVER,6.5,-325,Fanatics,fanatics,player_points_alternate,the-odds-api,2026-08-19T21:37:11.263300+00:00
2026-08-19,09563bab4edf9cf2073ee946ad95d61b,Minnesota Lynx @ Golden State Valkyries,2026-08-20T02:10:00Z,Golden State Valkyries,Minnesota Lynx,Cecilia Zandalasini,,PTS,OVER,7.5,-225,Fanatics,fanatics,player_points_alternate,the-odds-api,2026-08-19T21:37:11.263300+00:00
2026-08-19,09563bab4edf9cf2073ee946ad95d61b,Minnesota Lynx @ Golden State Valkyries,2026-08-20T02:10:00Z,Golden State Valkyries,Minnesota Lynx,Cecilia Zandalasini,,PTS,OVER,8.5,-140,Fanatics,fanatics,player_points_alternate,the-odds-api,2026-08-19T21:37:11.263300+00:00
2026-08-19,09563bab4edf9cf2073ee946ad95d61b,Minnesota Lynx @ Golden State Valkyries,2026-08-20T02:10:00Z,Golden State Valkyries,Minnesota Lynx,Cecilia Zandalasini,,PTS,OVER,9.5,105,Fanatics,fanatics,player_points_alternate,the-odds-api,2026-08-19T21:37:11.263300+00:00
2026-08-19,09563bab4edf9cf2073ee946ad95d61b,Minnesota Lynx @ Golden State Valkyries,2026-08-20T02:10:00Z,Golden State Valkyries,Minnesota Lynx,Cecilia Zandalasini,,PTS,OVER,10.5,135,Fanatics,fanatics,player_points_alternate,the-odds-api,2026-08-19T21:37:11.263300+00:00
2026-08-19,09563bab4edf9cf2073ee946ad95d61b,Minnesota Lynx @ Golden State Valkyries,2026-08-20T02:10:00Z,Golden State Valkyries,Minnesota Lynx,Cecilia Zandalasini,,PTS,OVER,11.5,175,Fanatics,fanatics,player_points_alternate,the-odds-api,2026-08-19T21:37:11.263300+00:00
2026-08-19,09563bab4edf9cf2073ee946ad95d61b,Minnesota Lynx @ Golden State Valkyries,2026-08-20T02:10:00Z,Golden State Valkyries,Minnesota Lynx,Cecilia Zandalasini,,PTS,OVER,12.5,230,Fanatics,fanatics,player_points_alternate,the-odds-api,2026-08-19T21:37:11.263300+00:00
2026-08-19,09563bab4edf9cf2073ee946ad95d61b,Minnesota Lynx @ Golden State Valkyries,2026-08-20T02:10:00Z,Golden State Valkyries,Minnesota Lynx,Cecilia Zandalasini,,PTS,OVER,13.5,320,Fanatics,fanatics,player_points_alternate,the-odds-api,2026-08-19T21:37:11.263300+00:00
2026-08-19,09563bab4edf9cf2073ee946ad95d61b,Minnesota Lynx @ Golden State Valkyries,2026-08-20T02:10:00Z,Golden State Valkyries,Minnesota Lynx,Cecilia Zandalasini,,PTS,OVER,14.5,400,Fanatics,fanatics,player_points_alternate,the-odds-api,2026-08-19T21:37:11.263300+00:00
2026-08-19,09563bab4edf9cf2073ee946ad95d61b,Minnesota Lynx @ Golden State Valkyries,2026-08-20T02:10:00Z,Golden State Valkyries,Minnesota Lynx,Cecilia Zandalasini,,PTS,OVER,15.5,550,Fanatics,fanatics,player_points_alternate,the-odds-api,2026-08-19T21:37:11.263300+00:00
2026-08-19,09563bab4edf9cf2073ee946ad95d61b,Minnesota Lynx @ Golden State Valkyries,2026-08-20T02:10:00Z,Golden State Valkyries,Minnesota Lynx,Cecilia Zandalasini,,PTS,OVER,16.5,750,Fanatics,fanatics,player_points_alternate,the-odds-api,2026-08-19T21:37:11.263300+00:00
2026-08-19,09563bab4edf9cf2073ee946ad95d61b,Minnesota Lynx @ Golden State Valkyries,2026-08-20T02:10:00Z,Golden State Valkyries,Minnesota Lynx,Cecilia Zandalasini,,PTS,OVER,17.5,950,Fanatics,fanatics,player_points_alternate,the-odds-api,2026-08-19T21:37:11.263300+00:00
2026-08-19,09563bab4edf9cf2073ee946ad95d61b,Minnesota Lynx @ Golden State Valkyries,2026-08-20T02:10:00Z,Golden State Valkyries,Minnesota Lynx,Cecilia Zandalasini,,PTS,OVER,18.5,1100,Fanatics,fanatics,player_points_alternate,the-odds-api,2026-08-19T21:37:11.263300+00:00
2026-08-19,09563bab4edf9cf2073ee946ad95d61b,Minnesota Lynx @ Golden State Valkyries,2026-08-20T02:10:00Z,Golden State Valkyries,Minnesota Lynx,Cecilia Zandalasini,,PTS,OVER,19.5,1500,Fanatics,fanatics,player_points_alternate,the-odds-api,2026-08-19T21:37:11.263300+00:00
2026-08-19,09563bab4edf9cf2073ee946ad95d61b,Minnesota Lynx @ Golden State Valkyries,2026-08-20T02:10:00Z,Golden State Valkyries,Minnesota Lynx,Veronica Burton,,PTS,OVER,5.5,-1700,Fanatics,fanatics,player_points_alternate,the-odds-api,2026-08-19T21:37:11.263300+00:00
2026-08-19,09563bab4edf9cf2073ee946ad95d61b,Minnesota Lynx @ Golden State Valkyries,2026-08-20T02:10:00Z,Golden State Valkyries,Minnesota Lynx,Veronica Burton,,PTS,OVER,6.5,-1000,Fanatics,fanatics,player_points_alternate,the-odds-api,2026-08-19T21:37:11.263300+00:00
2026-08-19,09563bab4edf9cf2073ee946ad95d61b,Minnesota Lynx @ Golden State Valkyries,2026-08-20T02:10:00Z,Golden State Valkyries,Minnesota Lynx,Veronica Burton,,PTS,OVER,7.5,-630,Fanatics,fanatics,player_points_alternate,the-odds-api,2026-08-19T21:37:11.263300+00:00
2026-08-19,09563bab4edf9cf2073ee946ad95d61b,Minnesota Lynx @ Golden State Valkyries,2026-08-20T02:10:00Z,Golden State Valkyries,Minnesota Lynx,Veronica Burton,,PTS,OVER,8.5,-425,Fanatics,fanatics,player_points_alternate,the-odds-api,2026-08-19T21:37:11.263300+00:00
2026-08-19,09563bab4edf9cf2073ee946ad95d61b,Minnesota Lynx @ Golden State Valkyries,2026-08-20T02:10:00Z,Golden State Valkyries,Minnesota Lynx,Veronica Burton,,PTS,OVER,9.5,-300,Fanatics,fanatics,player_points_alternate,the-odds-api,2026-08-19T21:37:11.263300+00:00
2026-08-19,09563bab4edf9cf2073ee946ad95d61b,Minnesota Lynx @ Golden State Valkyries,2026-08-20T02:10:00Z,Golden State Valkyries,Minnesota Lynx,Veronica Burton,,PTS,OVER,10.5,-225,Fanatics,fanatics,player_points_alternate,the-odds-api,2026-08-19T21:37:11.263300+00:00
2026-08-19,09563bab4edf9cf2073ee946ad95d61b,Minnesota Lynx @ Golden State Valkyries,2026-08-20T02:10:00Z,Golden State Valkyries,Minnesota Lynx,Veronica Burton,,PTS,OVER,11.5,-145,Fanatics,fanatics,player_points_alternate,the-odds-api,2026-08-19T21:37:11.263300+00:00
2026-08-19,09563bab4edf9cf2073ee946ad95d61b,Minnesota Lynx @ Golden State Valkyries,2026-08-20T02:10:00Z,Golden State Valkyries,Minnesota Lynx,Veronica Burton,,PTS,OVER,12.5,-110,Fanatics,fanatics,player_points_alternate,the-odds-api,2026-08-19T21:37:11.263300+00:00
2026-08-19,09563bab4edf9cf2073ee946ad95d61b,Minnesota Lynx @ Golden State Valkyries,2026-08-20T02:10:00Z,Golden State Valkyries,Minnesota Lynx,Veronica Burton,,PTS,OVER,13.5,120,Fanatics,fanatics,player_points_alternate,the-odds-api,2026-08-19T21:37:11.263300+00:00
2026-08-19,09563bab4edf9cf2073ee946ad95d61b,Minnesota Lynx @ Golden State Valkyries,2026-08-20T02:10:00Z,Golden State Valkyries,Minnesota Lynx,Veronica Burton,,PTS,OVER,14.5,150,Fanatics,fanatics,player_points_alternate,the-odds-api,2026-08-19T21:37:11.263300+00:00
2026-08-19,09563bab4edf9cf2073ee946ad95d61b,Minnesota Lynx @ Golden State Valkyries,2026-08-20T02:10:00Z,Golden State Valkyries,Minnesota Lynx,Veronica Burton,,PTS,OVER,15.5,185,Fanatics,fanatics,player_points_alternate,the-odds-api,2026-08-19T21:37:11.263300+00:00
2026-08-19,09563bab4edf9cf2073ee946ad95d61b,Minnesota Lynx @ Golden State Valkyries,2026-08-20T02:10:00Z,Golden State Valkyries,Minnesota Lynx,Veronica Burton,,PTS,OVER,16.5,240,Fanatics,fanatics,player_points_alternate,the-odds-api,2026-08-19T21:37:11.263300+00:00
2026-08-19,09563bab4edf9cf2073ee946ad95d61b,Minnesota Lynx @ Golden State Valkyries,2026-08-20T02:10:00Z,Golden State Valkyries,Minnesota Lynx,Veronica Burton,,PTS,OVER,17.5,300,Fanatics,fanatics,player_points_alternate,the-odds-api,2026-08-19T21:37:11.263300+00:00
2026-08-19,09563bab4edf9cf2073ee946ad95d61b,Minnesota Lynx @ Golden State Valkyries,2026-08-20T02:10:00Z,Golden State Valkyries,Minnesota Lynx,Veronica Burton,,PTS,OVER,18.5,375,Fanatics,fanatics,player_points_alternate,the-odds-api,2026-08-19T21:37:11.263300+00:00
2026-08-19,09563bab4edf9cf2073ee946ad95d61b,Minnesota Lynx @ Golden State Valkyries,2026-08-20T02:10:00Z,Golden State Valkyries,Minnesota Lynx,Veronica Burton,,PTS,OVER,19.5,475,Fanatics,fanatics,player_points_alternate,the-odds-api,2026-08-19T21:37:11.263300+00:00
2026-08-19,09563bab4edf9cf2073ee946ad95d61b,Minnesota Lynx @ Golden State Valkyries,2026-08-20T02:10:00Z,Golden State Valkyries,Minnesota Lynx,Veronica Burton,,PTS,OVER,20.5,650,Fanatics,fanatics,player_points_alternate,the-odds-api,2026-08-19T21:37:11.263300+00:00
2026-08-19,09563bab4edf9cf2073ee946ad95d61b,Minnesota Lynx @ Golden State Valkyries,2026-08-20T02:10:00Z,Golden State Valkyries,Minnesota Lynx,Veronica Burton,,PTS,OVER,21.5,800,Fanatics,fanatics,player_points_alternate,the-odds-api,2026-08-19T21:37:11.263300+00:00
2026-08-19,09563bab4edf9cf2073ee946ad95d61b,Minnesota Lynx @ Golden State Valkyries,2026-08-20T02:10:00Z,Golden State Valkyries,Minnesota Lynx,Veronica Burton,,PTS,OVER,22.5,1000,Fanatics,fanatics,player_points_alternate,the-odds-api,2026-08-19T21:37:11.263300+00:00
2026-08-19,09563bab4edf9cf2073ee946ad95d61b,Minnesota Lynx @ Golden State Valkyries,2026-08-20T02:10:00Z,Golden State Valkyries,Minnesota Lynx,Veronica Burton,,PTS,OVER,23.5,1100,Fanatics,fanatics,player_points_alternate,the-odds-api,2026-08-19T21:37:11.263300+00:00
2026-08-19,09563bab4edf9cf2073ee946ad95d61b,Minnesota Lynx @ Golden State Valkyries,2026-08-20T02:10:00Z,Golden State Valkyries,Minnesota Lynx,Veronica Burton,,PTS,OVER,24.5,1500,Fanatics,fanatics,player_points_alternate,the-odds-api,2026-08-19T21:37:11.263300+00:00
2026-08-19,09563bab4edf9cf2073ee946ad95d61b,Minnesota Lynx @ Golden State Valkyries,2026-08-20T02:10:00Z,Golden State Valkyries,Minnesota Lynx,Gabby Williams,,PTS,OVER,6.5,-1800,Fanatics,fanatics,player_points_alternate,the-odds-api,2026-08-19T21:37:11.263300+00:00
2026-08-19,09563bab4edf9cf2073ee946ad95d61b,Minnesota Lynx @ Golden State Valkyries,2026-08-20T02:10:00Z,Golden State Valkyries,Minnesota Lynx,Gabby Williams,,PTS,OVER,7.5,-1100,Fanatics,fanatics,player_points_alternate,the-odds-api,2026-08-19T21:37:11.263300+00:00
2026-08-19,09563bab4edf9cf2073ee946ad95d61b,Minnesota Lynx @ Golden State Valkyries,2026-08-20T02:10:00Z,Golden State Valkyries,Minnesota Lynx,Gabby Williams,,PTS,OVER,8.5,-700,Fanatics,fanatics,player_points_alternate,the-odds-api,2026-08-19T21:37:11.263300+00:00
2026-08-19,09563bab4edf9cf2073ee946ad95d61b,Minnesota Lynx @ Golden State Valkyries,2026-08-20T02:10:00Z,Golden State Valkyries,Minnesota Lynx,Gabby Williams,,PTS,OVER,9.5,-475,Fanatics,fanatics,player_points_alternate,the-odds-api,2026-08-19T21:37:11.263300+00:00
2026-08-19,09563bab4edf9cf2073ee946ad95d61b,Minnesota Lynx @ Golden State Valkyries,2026-08-20T02:10:00Z,Golden State Valkyries,Minnesota Lynx,Gabby Williams,,PTS,OVER,10.5,-350,Fanatics,fanatics,player_points_alternate,the-odds-api,2026-08-19T21:37:11.263300+00:00
2026-08-19,09563bab4edf9cf2073ee946ad95d61b,Minnesota Lynx @ Golden State Valkyries,2026-08-20T02:10:00Z,Golden State Valkyries,Minnesota Lynx,Gabby Williams,,PTS,OVER,11.5,-275,Fanatics,fanatics,player_points_alternate,the-odds-api,2026-08-19T21:37:11.263300+00:00
2026-08-19,09563bab4edf9cf2073ee946ad95d61b,Minnesota Lynx @ Golden State Valkyries,2026-08-20T02:10:00Z,Golden State Valkyries,Minnesota Lynx,Gabby Williams,,PTS,OVER,12.5,-190,Fanatics,fanatics,player_points_alternate,the-odds-api,2026-08-19T21:37:11.263300+00:00
2026-08-19,09563bab4edf9cf2073ee946ad95d61b,Minnesota Lynx @ Golden State Valkyries,2026-08-20T02:10:00Z,Golden State Valkyries,Minnesota Lynx,Gabby Williams,,PTS,OVER,13.5,-140,Fanatics,fanatics,player_points_alternate,the-odds-api,2026-08-19T21:37:11.263300+00:00
2026-08-19,09563bab4edf9cf2073ee946ad95d61b,Minnesota Lynx @ Golden State Valkyries,2026-08-20T02:10:00Z,Golden State Valkyries,Minnesota Lynx,Gabby Williams,,PTS,OVER,14.5,-105,Fanatics,fanatics,player_points_alternate,the-odds-api,2026-08-19T21:37:11.263300+00:00
2026-08-19,09563bab4edf9cf2073ee946ad95d61b,Minnesota Lynx @ Golden State Valkyries,2026-08-20T02:10:00Z,Golden State Valkyries,Minnesota Lynx,Gabby Williams,,PTS,OVER,15.5,125,Fanatics,fanatics,player_points_alternate,the-odds-api,2026-08-19T21:37:11.263300+00:00
2026-08-19,09563bab4edf9cf2073ee946ad95d61b,Minnesota Lynx @ Golden State Valkyries,2026-08-20T02:10:00Z,Golden State Valkyries,Minnesota Lynx,Gabby Williams,,PTS,OVER,16.5,150,Fanatics,fanatics,player_points_alternate,the-odds-api,2026-08-19T21:37:11.263300+00:00
2026-08-19,09563bab4edf9cf2073ee946ad95d61b,Minnesota Lynx @ Golden State Valkyries,2026-08-20T02:10:00Z,Golden State Valkyries,Minnesota Lynx,Gabby Williams,,PTS,OVER,17.5,185,Fanatics,fanatics,player_points_alternate,the-odds-api,2026-08-19T21:37:11.263300+00:00
2026-08-19,09563bab4edf9cf2073ee946ad95d61b,Minnesota Lynx @ Golden State Valkyries,2026-08-20T02:10:00Z,Golden State Valkyries,Minnesota Lynx,Gabby Williams,,PTS,OVER,18.5,240,Fanatics,fanatics,player_points_alternate,the-odds-api,2026-08-19T21:37:11.263300+00:00
2026-08-19,09563bab4edf9cf2073ee946ad95d61b,Minnesota Lynx @ Golden State Valkyries,2026-08-20T02:10:00Z,Golden State Valkyries,Minnesota Lynx,Gabby Williams,,PTS,OVER,19.5,300,Fanatics,fanatics,player_points_alternate,the-odds-api,2026-08-19T21:37:11.263300+00:00
2026-08-19,09563bab4edf9cf2073ee946ad95d61b,Minnesota Lynx @ Golden State Valkyries,2026-08-20T02:10:00Z,Golden State Valkyries,Minnesota Lynx,Gabby Williams,,PTS,OVER,20.5,350,Fanatics,fanatics,player_points_alternate,the-odds-api,2026-08-19T21:37:11.263300+00:00
2026-08-19,09563bab4edf9cf2073ee946ad95d61b,Minnesota Lynx @ Golden State Valkyries,2026-08-20T02:10:00Z,Golden State Valkyries,Minnesota Lynx,Gabby Williams,,PTS,OVER,21.5,425,Fanatics,fanatics,player_points_alternate,the-odds-api,2026-08-19T21:37:11.263300+00:00
2026-08-19,09563bab4edf9cf2073ee946ad95d61b,Minnesota Lynx @ Golden State Valkyries,2026-08-20T02:10:00Z,Golden State Valkyries,Minnesota Lynx,Gabby Williams,,PTS,OVER,22.5,600,Fanatics,fanatics,player_points_alternate,the-odds-api,2026-08-19T21:37:11.263300+00:00
2026-08-19,09563bab4edf9cf2073ee946ad95d61b,Minnesota Lynx @ Golden State Valkyries,2026-08-20T02:10:00Z,Golden State Valkyries,Minnesota Lynx,Gabby Williams,,PTS,OVER,23.5,750,Fanatics,fanatics,player_points_alternate,the-odds-api,2026-08-19T21:37:11.263300+00:00
2026-08-19,09563bab4edf9cf2073ee946ad95d61b,Minnesota Lynx @ Golden State Valkyries,2026-08-20T02:10:00Z,Golden State Valkyries,Minnesota Lynx,Gabby Williams,,PTS,OVER,24.5,900,Fanatics,fanatics,player_points_alternate,the-odds-api,2026-08-19T21:37:11.263300+00:00
2026-08-19,09563bab4edf9cf2073ee946ad95d61b,Minnesota Lynx @ Golden State Valkyries,2026-08-20T02:10:00Z,Golden State Valkyries,Minnesota Lynx,Gabby Williams,,PTS,OVER,25.5,1000,Fanatics,fanatics,player_points_alternate,the-odds-api,2026-08-19T21:37:11.263300+00:00
2026-08-19,09563bab4edf9cf2073ee946ad95d61b,Minnesota Lynx @ Golden State Valkyries,2026-08-20T02:10:00Z,Golden State Valkyries,Minnesota Lynx,Gabby Williams,,PTS,OVER,26.5,1200,Fanatics,fanatics,player_points_alternate,the-odds-api,2026-08-19T21:37:11.263300+00:00
2026-08-19,09563bab4edf9cf2073ee946ad95d61b,Minnesota Lynx @ Golden State Valkyries,2026-08-20T02:10:00Z,Golden State Valkyries,Minnesota Lynx,Gabby Williams,,PTS,OVER,27.5,1500,Fanatics,fanatics,player_points_alternate,the-odds-api,2026-08-19T21:37:11.263300+00:00
2026-08-19,09563bab4edf9cf2073ee946ad95d61b,Minnesota Lynx @ Golden State Valkyries,2026-08-20T02:10:00Z,Golden State Valkyries,Minnesota Lynx,Kayla Thornton,,PTS,OVER,4.5,-630,Fanatics,fanatics,player_points_alternate,the-odds-api,2026-08-19T21:37:11.263300+00:00
2026-08-19,09563bab4edf9cf2073ee946ad95d61b,Minnesota Lynx @ Golden State Valkyries,2026-08-20T02:10:00Z,Golden State Valkyries,Minnesota Lynx,Kayla Thornton,,PTS,OVER,5.5,-400,Fanatics,fanatics,player_points_alternate,the-odds-api,2026-08-19T21:37:11.263300+00:00
2026-08-19,09563bab4edf9cf2073ee946ad95d61b,Minnesota Lynx @ Golden State Valkyries,2026-08-20T02:10:00Z,Golden State Valkyries,Minnesota Lynx,Kayla Thornton,,PTS,OVER,6.5,-275,Fanatics,fanatics,player_points_alternate,the-odds-api,2026-08-19T21:37:11.263300+00:00
2026-08-19,09563bab4edf9cf2073ee946ad95d61b,Minnesota Lynx @ Golden State Valkyries,2026-08-20T02:10:00Z,Golden State Valkyries,Minnesota Lynx,Kayla Thornton,,PTS,OVER,7.5,-175,Fanatics,fanatics,player_points_alternate,the-odds-api,2026-08-19T21:37:11.263300+00:00
2026-08-19,09563bab4edf9cf2073ee946ad95d61b,Minnesota Lynx @ Golden State Valkyries,2026-08-20T02:10:00Z,Golden State Valkyries,Minnesota Lynx,Kayla Thornton,,PTS,OVER,8.5,-115,Fanatics,fanatics,player_points_alternate,the-odds-api,2026-08-19T21:37:11.263300+00:00
2026-08-19,09563bab4edf9cf2073ee946ad95d61b,Minnesota Lynx @ Golden State Valkyries,2026-08-20T02:10:00Z,Golden State Valkyries,Minnesota Lynx,Kayla Thornton,,PTS,OVER,9.5,115,Fanatics,fanatics,player_points_alternate,the-odds-api,2026-08-19T21:37:11.263300+00:00
2026-08-19,09563bab4edf9cf2073ee946ad95d61b,Minnesota Lynx @ Golden State Valkyries,2026-08-20T02:10:00Z,Golden State Valkyries,Minnesota Lynx,Kayla Thornton,,PTS,OVER,10.5,140,Fanatics,fanatics,player_points_alternate,the-odds-api,2026-08-19T21:37:11.263300+00:00
2026-08-19,09563bab4edf9cf2073ee946ad95d61b,Minnesota Lynx @ Golden State Valkyries,2026-08-20T02:10:00Z,Golden State Valkyries,Minnesota Lynx,Kayla Thornton,,PTS,OVER,11.5,190,Fanatics,fanatics,player_points_alternate,the-odds-api,2026-08-19T21:37:11.263300+00:00
2026-08-19,09563bab4edf9cf2073ee946ad95d61b,Minnesota Lynx @ Golden State Valkyries,2026-08-20T02:10:00Z,Golden State Valkyries,Minnesota Lynx,Kayla Thornton,,PTS,OVER,12.5,260,Fanatics,fanatics,player_points_alternate,the-odds-api,2026-08-19T21:37:11.263300+00:00
2026-08-19,09563bab4edf9cf2073ee946ad95d61b,Minnesota Lynx @ Golden State Valkyries,2026-08-20T02:10:00Z,Golden State Valkyries,Minnesota Lynx,Kayla Thornton,,PTS,OVER,13.5,320,Fanatics,fanatics,player_points_alternate,the-odds-api,2026-08-19T21:37:11.263300+00:00
2026-08-19,09563bab4edf9cf2073ee946ad95d61b,Minnesota Lynx @ Golden State Valkyries,2026-08-20T02:10:00Z,Golden State Valkyries,Minnesota Lynx,Kayla Thornton,,PTS,OVER,14.5,400,Fanatics,fanatics,player_points_alternate,the-odds-api,2026-08-19T21:37:11.263300+00:00
2026-08-19,09563bab4edf9cf2073ee946ad95d61b,Minnesota Lynx @ Golden State Valkyries,2026-08-20T02:10:00Z,Golden State Valkyries,Minnesota Lynx,Kayla Thornton,,PTS,OVER,15.5,550,Fanatics,fanatics,player_points_alternate,the-odds-api,2026-08-19T21:37:11.263300+00:00
2026-08-19,09563bab4edf9cf2073ee946ad95d61b,Minnesota Lynx @ Golden State Valkyries,2026-08-20T02:10:00Z,Golden State Valkyries,Minnesota Lynx,Kayla Thornton,,PTS,OVER,16.5,750,Fanatics,fanatics,player_points_alternate,the-odds-api,2026-08-19T21:37:11.263300+00:00
2026-08-19,09563bab4edf9cf2073ee946ad95d61b,Minnesota Lynx @ Golden State Valkyries,2026-08-20T02:10:00Z,Golden State Valkyries,Minnesota Lynx,Kayla Thornton,,PTS,OVER,17.5,900,Fanatics,fanatics,player_points_alternate,the-odds-api,2026-08-19T21:37:11.263300+00:00
2026-08-19,09563bab4edf9cf2073ee946ad95d61b,Minnesota Lynx @ Golden State Valkyries,2026-08-20T02:10:00Z,Golden State Valkyries,Minnesota Lynx,Kayla Thornton,,PTS,OVER,18.5,1100,Fanatics,fanatics,player_points_alternate,the-odds-api,2026-08-19T21:37:11.263300+00:00
2026-08-19,09563bab4edf9cf2073ee946ad95d61b,Minnesota Lynx @ Golden State Valkyries,2026-08-20T02:10:00Z,Golden State Valkyries,Minnesota Lynx,Kayla Thornton,,PTS,OVER,19.5,1400,Fanatics,fanatics,player_points_alternate,the-odds-api,2026-08-19T21:37:11.263300+00:00
2026-08-19,09563bab4edf9cf2073ee946ad95d61b,Minnesota Lynx @ Golden State Valkyries,2026-08-20T02:10:00Z,Golden State Valkyries,Minnesota Lynx,Janelle Salaun,,PTS,OVER,4.5,-1300,Fanatics,fanatics,player_points_alternate,the-odds-api,2026-08-19T21:37:11.263300+00:00
2026-08-19,09563bab4edf9cf2073ee946ad95d61b,Minnesota Lynx @ Golden State Valkyries,2026-08-20T02:10:00Z,Golden State Valkyries,Minnesota Lynx,Janelle Salaun,,PTS,OVER,5.5,-800,Fanatics,fanatics,player_points_alternate,the-odds-api,2026-08-19T21:37:11.263300+00:00
2026-08-19,09563bab4edf9cf2073ee946ad95d61b,Minnesota Lynx @ Golden State Valkyries,2026-08-20T02:10:00Z,Golden State Valkyries,Minnesota Lynx,Janelle Salaun,,PTS,OVER,6.5,-475,Fanatics,fanatics,player_points_alternate,the-odds-api,2026-08-19T21:37:11.263300+00:00
2026-08-19,09563bab4edf9cf2073ee946ad95d61b,Minnesota Lynx @ Golden State Valkyries,2026-08-20T02:10:00Z,Golden State Valkyries,Minnesota Lynx,Janelle Salaun,,PTS,OVER,7.5,-350,Fanatics,fanatics,player_points_alternate,the-odds-api,2026-08-19T21:37:11.263300+00:00
2026-08-19,09563bab4edf9cf2073ee946ad95d61b,Minnesota Lynx @ Golden State Valkyries,2026-08-20T02:10:00Z,Golden State Valkyries,Minnesota Lynx,Janelle Salaun,,PTS,OVER,8.5,-250,Fanatics,fanatics,player_points_alternate,the-odds-api,2026-08-19T21:37:11.263300+00:00
2026-08-19,09563bab4edf9cf2073ee946ad95d61b,Minnesota Lynx @ Golden State Valkyries,2026-08-20T02:10:00Z,Golden State Valkyries,Minnesota Lynx,Janelle Salaun,,PTS,OVER,9.5,-165,Fanatics,fanatics,player_points_alternate,the-odds-api,2026-08-19T21:37:11.263300+00:00
2026-08-19,09563bab4edf9cf2073ee946ad95d61b,Minnesota Lynx @ Golden State Valkyries,2026-08-20T02:10:00Z,Golden State Valkyries,Minnesota Lynx,Janelle Salaun,,PTS,OVER,10.5,-125,Fanatics,fanatics,player_points_alternate,the-odds-api,2026-08-19T21:37:11.263300+00:00
2026-08-19,09563bab4edf9cf2073ee946ad95d61b,Minnesota Lynx @ Golden State Valkyries,2026-08-20T02:10:00Z,Golden State Valkyries,Minnesota Lynx,Janelle Salaun,,PTS,OVER,11.5,110,Fanatics,fanatics,player_points_alternate,the-odds-api,2026-08-19T21:37:11.263300+00:00
2026-08-19,09563bab4edf9cf2073ee946ad95d61b,Minnesota Lynx @ Golden State Valkyries,2026-08-20T02:10:00Z,Golden State Valkyries,Minnesota Lynx,Janelle Salaun,,PTS,OVER,12.5,135,Fanatics,fanatics,player_points_alternate,the-odds-api,2026-08-19T21:37:11.263300+00:00
2026-08-19,09563bab4edf9cf2073ee946ad95d61b,Minnesota Lynx @ Golden State Valkyries,2026-08-20T02:10:00Z,Golden State Valkyries,Minnesota Lynx,Janelle Salaun,,PTS,OVER,13.5,175,Fanatics,fanatics,player_points_alternate,the-odds-api,2026-08-19T21:37:11.263300+00:00
2026-08-19,09563bab4edf9cf2073ee946ad95d61b,Minnesota Lynx @ Golden State Valkyries,2026-08-20T02:10:00Z,Golden State Valkyries,Minnesota Lynx,Janelle Salaun,,PTS,OVER,14.5,225,Fanatics,fanatics,player_points_alternate,the-odds-api,2026-08-19T21:37:11.263300+00:00
2026-08-19,09563bab4edf9cf2073ee946ad95d61b,Minnesota Lynx @ Golden State Valkyries,2026-08-20T02:10:00Z,Golden State Valkyries,Minnesota Lynx,Janelle Salaun,,PTS,OVER,15.5,290,Fanatics,fanatics,player_points_alternate,the-odds-api,2026-08-19T21:37:11.263300+00:00
2026-08-19,09563bab4edf9cf2073ee946ad95d61b,Minnesota Lynx @ Golden State Valkyries,2026-08-20T02:10:00Z,Golden State Valkyries,Minnesota Lynx,Janelle Salaun,,PTS,OVER,16.5,350,Fanatics,fanatics,player_points_alternate,the-odds-api,2026-08-19T21:37:11.263300+00:00
2026-08-19,09563bab4edf9cf2073ee946ad95d61b,Minnesota Lynx @ Golden State Valkyries,2026-08-20T02:10:00Z,Golden State Valkyries,Minnesota Lynx,Janelle Salaun,,PTS,OVER,17.5,425,Fanatics,fanatics,player_points_alternate,the-odds-api,2026-08-19T21:37:11.263300+00:00
2026-08-19,09563bab4edf9cf2073ee946ad95d61b,Minnesota Lynx @ Golden State Valkyries,2026-08-20T02:10:00Z,Golden State Valkyries,Minnesota Lynx,Janelle Salaun,,PTS,OVER,18.5,550,Fanatics,fanatics,player_points_alternate,the-odds-api,2026-08-19T21:37:11.263300+00:00
2026-08-19,09563bab4edf9cf2073ee946ad95d61b,Minnesota Lynx @ Golden State Valkyries,2026-08-20T02:10:00Z,Golden State Valkyries,Minnesota Lynx,Janelle Salaun,,PTS,OVER,19.5,750,Fanatics,fanatics,player_points_alternate,the-odds-api,2026-08-19T21:37:11.263300+00:00
2026-08-19,09563bab4edf9cf2073ee946ad95d61b,Minnesota Lynx @ Golden State Valkyries,2026-08-20T02:10:00Z,Golden State Valkyries,Minnesota Lynx,Janelle Salaun,,PTS,OVER,20.5,900,Fanatics,fanatics,player_points_alternate,the-odds-api,2026-08-19T21:37:11.263300+00:00
2026-08-19,09563bab4edf9cf2073ee946ad95d61b,Minnesota Lynx @ Golden State Valkyries,2026-08-20T02:10:00Z,Golden State Valkyries,Minnesota Lynx,Janelle Salaun,,PTS,OVER,21.5,1100,Fanatics,fanatics,player_points_alternate,the-odds-api,2026-08-19T21:37:11.263300+00:00
2026-08-19,09563bab4edf9cf2073ee946ad95d61b,Minnesota Lynx @ Golden State Valkyries,2026-08-20T02:10:00Z,Golden State Valkyries,Minnesota Lynx,Janelle Salaun,,PTS,OVER,22.5,1400,Fanatics,fanatics,player_points_alternate,the-odds-api,2026-08-19T21:37:11.263300+00:00
2026-08-19,09563bab4edf9cf2073ee946ad95d61b,Minnesota Lynx @ Golden State Valkyries,2026-08-20T02:10:00Z,Golden State Valkyries,Minnesota Lynx,Tiffany Hayes,,PTS,OVER,4.5,-650,Fanatics,fanatics,player_points_alternate,the-odds-api,2026-08-19T21:37:11.263300+00:00
2026-08-19,09563bab4edf9cf2073ee946ad95d61b,Minnesota Lynx @ Golden State Valkyries,2026-08-20T02:10:00Z,Golden State Valkyries,Minnesota Lynx,Tiffany Hayes,,PTS,OVER,5.5,-400,Fanatics,fanatics,player_points_alternate,the-odds-api,2026-08-19T21:37:11.263300+00:00
2026-08-19,09563bab4edf9cf2073ee946ad95d61b,Minnesota Lynx @ Golden State Valkyries,2026-08-20T02:10:00Z,Golden State Valkyries,Minnesota Lynx,Tiffany Hayes,,PTS,OVER,6.5,-250,Fanatics,fanatics,player_points_alternate,the-odds-api,2026-08-19T21:37:11.263300+00:00
2026-08-19,09563bab4edf9cf2073ee946ad95d61b,Minnesota Lynx @ Golden State Valkyries,2026-08-20T02:10:00Z,Golden State Valkyries,Minnesota Lynx,Tiffany Hayes,,PTS,OVER,7.5,-165,Fanatics,fanatics,player_points_alternate,the-odds-api,2026-08-19T21:37:11.263300+00:00
2026-08-19,09563bab4edf9cf2073ee946ad95d61b,Minnesota Lynx @ Golden State Valkyries,2026-08-20T02:10:00Z,Golden State Valkyries,Minnesota Lynx,Tiffany Hayes,,PTS,OVER,8.5,-110,Fanatics,fanatics,player_points_alternate,the-odds-api,2026-08-19T21:37:11.263300+00:00
2026-08-19,09563bab4edf9cf2073ee946ad95d61b,Minnesota Lynx @ Golden State Valkyries,2026-08-20T02:10:00Z,Golden State Valkyries,Minnesota Lynx,Tiffany Hayes,,PTS,OVER,9.5,125,Fanatics,fanatics,player_points_alternate,the-odds-api,2026-08-19T21:37:11.263300+00:00
2026-08-19,09563bab4edf9cf2073ee946ad95d61b,Minnesota Lynx @ Golden State Valkyries,2026-08-20T02:10:00Z,Golden State Valkyries,Minnesota Lynx,Tiffany Hayes,,PTS,OVER,10.5,155,Fanatics,fanatics,player_points_alternate,the-odds-api,2026-08-19T21:37:11.263300+00:00
2026-08-19,09563bab4edf9cf2073ee946ad95d61b,Minnesota Lynx @ Golden State Valkyries,2026-08-20T02:10:00Z,Golden State Valkyries,Minnesota Lynx,Tiffany Hayes,,PTS,OVER,11.5,210,Fanatics,fanatics,player_points_alternate,the-odds-api,2026-08-19T21:37:11.263300+00:00
2026-08-19,09563bab4edf9cf2073ee946ad95d61b,Minnesota Lynx @ Golden State Valkyries,2026-08-20T02:10:00Z,Golden State Valkyries,Minnesota Lynx,Tiffany Hayes,,PTS,OVER,12.5,270,Fanatics,fanatics,player_points_alternate,the-odds-api,2026-08-19T21:37:11.263300+00:00
2026-08-19,09563bab4edf9cf2073ee946ad95d61b,Minnesota Lynx @ Golden State Valkyries,2026-08-20T02:10:00Z,Golden State Valkyries,Minnesota Lynx,Tiffany Hayes,,PTS,OVER,13.5,375,Fanatics,fanatics,player_points_alternate,the-odds-api,2026-08-19T21:37:11.263300+00:00
2026-08-19,09563bab4edf9cf2073ee946ad95d61b,Minnesota Lynx @ Golden State Valkyries,2026-08-20T02:10:00Z,Golden State Valkyries,Minnesota Lynx,Tiffany Hayes,,PTS,OVER,14.5,475,Fanatics,fanatics,player_points_alternate,the-odds-api,2026-08-19T21:37:11.263300+00:00
2026-08-19,09563bab4edf9cf2073ee946ad95d61b,Minnesota Lynx @ Golden State Valkyries,2026-08-20T02:10:00Z,Golden State Valkyries,Minnesota Lynx,Tiffany Hayes,,PTS,OVER,15.5,650,Fanatics,fanatics,player_points_alternate,the-odds-api,2026-08-19T21:37:11.263300+00:00
2026-08-19,09563bab4edf9cf2073ee946ad95d61b,Minnesota Lynx @ Golden State Valkyries,2026-08-20T02:10:00Z,Golden State Valkyries,Minnesota Lynx,Tiffany Hayes,,PTS,OVER,16.5,900,Fanatics,fanatics,player_points_alternate,the-odds-api,2026-08-19T21:37:11.263300+00:00
2026-08-19,09563bab4edf9cf2073ee946ad95d61b,Minnesota Lynx @ Golden State Valkyries,2026-08-20T02:10:00Z,Golden State Valkyries,Minnesota Lynx,Tiffany Hayes,,PTS,OVER,17.5,1100,Fanatics,fanatics,player_points_alternate,the-odds-api,2026-08-19T21:37:11.263300+00:00
2026-08-19,09563bab4edf9cf2073ee946ad95d61b,Minnesota Lynx @ Golden State Valkyries,2026-08-20T02:10:00Z,Golden State Valkyries,Minnesota Lynx,Tiffany Hayes,,PTS,OVER,18.5,1400,Fanatics,fanatics,player_points_alternate,the-odds-api,2026-08-19T21:37:11.263300+00:00
2026-08-19,09563bab4edf9cf2073ee946ad95d61b,Minnesota Lynx @ Golden State Valkyries,2026-08-20T02:10:00Z,Golden State Valkyries,Minnesota Lynx,Natasha Howard,,REB,OVER,3.5,-1100,Fanatics,fanatics,player_rebounds_alternate,the-odds-api,2026-08-19T21:37:11.263300+00:00
2026-08-19,09563bab4edf9cf2073ee946ad95d61b,Minnesota Lynx @ Golden State Valkyries,2026-08-20T02:10:00Z,Golden State Valkyries,Minnesota Lynx,Natasha Howard,,REB,OVER,4.5,-475,Fanatics,fanatics,player_rebounds_alternate,the-odds-api,2026-08-19T21:37:11.263300+00:00
2026-08-19,09563bab4edf9cf2073ee946ad95d61b,Minnesota Lynx @ Golden State Valkyries,2026-08-20T02:10:00Z,Golden State Valkyries,Minnesota Lynx,Natasha Howard,,REB,OVER,5.5,-250,Fanatics,fanatics,player_rebounds_alternate,the-odds-api,2026-08-19T21:37:11.263300+00:00
2026-08-19,09563bab4edf9cf2073ee946ad95d61b,Minnesota Lynx @ Golden State Valkyries,2026-08-20T02:10:00Z,Golden State Valkyries,Minnesota Lynx,Natasha Howard,,REB,OVER,6.5,-125,Fanatics,fanatics,player_rebounds_alternate,the-odds-api,2026-08-19T21:37:11.263300+00:00
2026-08-19,09563bab4edf9cf2073ee946ad95d61b,Minnesota Lynx @ Golden State Valkyries,2026-08-20T02:10:00Z,Golden State Valkyries,Minnesota Lynx,Natasha Howard,,REB,OVER,7.5,130,Fanatics,fanatics,player_rebounds_alternate,the-odds-api,2026-08-19T21:37:11.263300+00:00
2026-08-19,09563bab4edf9cf2073ee946ad95d61b,Minnesota Lynx @ Golden State Valkyries,2026-08-20T02:10:00Z,Golden State Valkyries,Minnesota Lynx,Natasha Howard,,REB,OVER,8.5,200,Fanatics,fanatics,player_rebounds_alternate,the-odds-api,2026-08-19T21:37:11.263300+00:00
2026-08-19,09563bab4edf9cf2073ee946ad95d61b,Minnesota Lynx @ Golden State Valkyries,2026-08-20T02:10:00Z,Golden State Valkyries,Minnesota Lynx,Natasha Howard,,REB,OVER,9.5,320,Fanatics,fanatics,player_rebounds_alternate,the-odds-api,2026-08-19T21:37:11.263300+00:00
2026-08-19,09563bab4edf9cf2073ee946ad95d61b,Minnesota Lynx @ Golden State Valkyries,2026-08-20T02:10:00Z,Golden State Valkyries,Minnesota Lynx,Natasha Howard,,REB,OVER,10.5,500,Fanatics,fanatics,player_rebounds_alternate,the-odds-api,2026-08-19T21:37:11.263300+00:00
2026-08-19,09563bab4edf9cf2073ee946ad95d61b,Minnesota Lynx @ Golden State Valkyries,2026-08-20T02:10:00Z,Golden State Valkyries,Minnesota Lynx,Natasha Howard,,REB,OVER,11.5,850,Fanatics,fanatics,player_rebounds_alternate,the-odds-api,2026-08-19T21:37:11.263300+00:00
2026-08-19,09563bab4edf9cf2073ee946ad95d61b,Minnesota Lynx @ Golden State Valkyries,2026-08-20T02:10:00Z,Golden State Valkyries,Minnesota Lynx,Courtney Williams,,REB,OVER,1.5,-1500,Fanatics,fanatics,player_rebounds_alternate,the-odds-api,2026-08-19T21:37:11.263300+00:00
2026-08-19,09563bab4edf9cf2073ee946ad95d61b,Minnesota Lynx @ Golden State Valkyries,2026-08-20T02:10:00Z,Golden State Valkyries,Minnesota Lynx,Courtney Williams,,REB,OVER,2.5,-475,Fanatics,fanatics,player_rebounds_alternate,the-odds-api,2026-08-19T21:37:11.263300+00:00
2026-08-19,09563bab4edf9cf2073ee946ad95d61b,Minnesota Lynx @ Golden State Valkyries,2026-08-20T02:10:00Z,Golden State Valkyries,Minnesota Lynx,Courtney Williams,,REB,OVER,3.5,-190,Fanatics,fanatics,player_rebounds_alternate,the-odds-api,2026-08-19T21:37:11.263300+00:00
2026-08-19,09563bab4edf9cf2073ee946ad95d61b,Minnesota Lynx @ Golden State Valkyries,2026-08-20T02:10:00Z,Golden State Valkyries,Minnesota Lynx,Courtney Williams,,REB,OVER,4.5,110,Fanatics,fanatics,player_rebounds_alternate,the-odds-api,2026-08-19T21:37:11.263300+00:00
2026-08-19,09563bab4edf9cf2073ee946ad95d61b,Minnesota Lynx @ Golden State Valkyries,2026-08-20T02:10:00Z,Golden State Valkyries,Minnesota Lynx,Courtney Williams,,REB,OVER,5.5,190,Fanatics,fanatics,player_rebounds_alternate,the-odds-api,2026-08-19T21:37:11.263300+00:00
2026-08-19,09563bab4edf9cf2073ee946ad95d61b,Minnesota Lynx @ Golden State Valkyries,2026-08-20T02:10:00Z,Golden State Valkyries,Minnesota Lynx,Courtney Williams,,REB,OVER,6.5,350,Fanatics,fanatics,player_rebounds_alternate,the-odds-api,2026-08-19T21:37:11.263300+00:00
2026-08-19,09563bab4edf9cf2073ee946ad95d61b,Minnesota Lynx @ Golden State Valkyries,2026-08-20T02:10:00Z,Golden State Valkyries,Minnesota Lynx,Courtney Williams,,REB,OVER,7.5,650,Fanatics,fanatics,player_rebounds_alternate,the-odds-api,2026-08-19T21:37:11.263300+00:00
2026-08-19,09563bab4edf9cf2073ee946ad95d61b,Minnesota Lynx @ Golden State Valkyries,2026-08-20T02:10:00Z,Golden State Valkyries,Minnesota Lynx,Napheesa Collier,,REB,OVER,3.5,-1700,Fanatics,fanatics,player_rebounds_alternate,the-odds-api,2026-08-19T21:37:11.263300+00:00
2026-08-19,09563bab4edf9cf2073ee946ad95d61b,Minnesota Lynx @ Golden State Valkyries,2026-08-20T02:10:00Z,Golden State Valkyries,Minnesota Lynx,Napheesa Collier,,REB,OVER,4.5,-700,Fanatics,fanatics,player_rebounds_alternate,the-odds-api,2026-08-19T21:37:11.263300+00:00
2026-08-19,09563bab4edf9cf2073ee946ad95d61b,Minnesota Lynx @ Golden State Valkyries,2026-08-20T02:10:00Z,Golden State Valkyries,Minnesota Lynx,Napheesa Collier,,REB,OVER,5.5,-350,Fanatics,fanatics,player_rebounds_alternate,the-odds-api,2026-08-19T21:37:11.263300+00:00
2026-08-19,09563bab4edf9cf2073ee946ad95d61b,Minnesota Lynx @ Golden State Valkyries,2026-08-20T02:10:00Z,Golden State Valkyries,Minnesota Lynx,Napheesa Collier,,REB,OVER,6.5,-175,Fanatics,fanatics,player_rebounds_alternate,the-odds-api,2026-08-19T21:37:11.263300+00:00
2026-08-19,09563bab4edf9cf2073ee946ad95d61b,Minnesota Lynx @ Golden State Valkyries,2026-08-20T02:10:00Z,Golden State Valkyries,Minnesota Lynx,Napheesa Collier,,REB,OVER,7.5,100,Fanatics,fanatics,player_rebounds_alternate,the-odds-api,2026-08-19T21:37:11.263300+00:00
2026-08-19,09563bab4edf9cf2073ee946ad95d61b,Minnesota Lynx @ Golden State Valkyries,2026-08-20T02:10:00Z,Golden State Valkyries,Minnesota Lynx,Napheesa Collier,,REB,OVER,8.5,155,Fanatics,fanatics,player_rebounds_alternate,the-odds-api,2026-08-19T21:37:11.263300+00:00
2026-08-19,09563bab4edf9cf2073ee946ad95d61b,Minnesota Lynx @ Golden State Valkyries,2026-08-20T02:10:00Z,Golden State Valkyries,Minnesota Lynx,Napheesa Collier,,REB,OVER,9.5,260,Fanatics,fanatics,player_rebounds_alternate,the-odds-api,2026-08-19T21:37:11.263300+00:00
2026-08-19,09563bab4edf9cf2073ee946ad95d61b,Minnesota Lynx @ Golden State Valkyries,2026-08-20T02:10:00Z,Golden State Valkyries,Minnesota Lynx,Napheesa Collier,,REB,OVER,10.5,400,Fanatics,fanatics,player_rebounds_alternate,the-odds-api,2026-08-19T21:37:11.263300+00:00
2026-08-19,09563bab4edf9cf2073ee946ad95d61b,Minnesota Lynx @ Golden State Valkyries,2026-08-20T02:10:00Z,Golden State Valkyries,Minnesota Lynx,Napheesa Collier,,REB,OVER,11.5,650,Fanatics,fanatics,player_rebounds_alternate,the-odds-api,2026-08-19T21:37:11.263300+00:00
2026-08-19,09563bab4edf9cf2073ee946ad95d61b,Minnesota Lynx @ Golden State Valkyries,2026-08-20T02:10:00Z,Golden State Valkyries,Minnesota Lynx,Olivia Miles,,REB,OVER,1.5,-1400,Fanatics,fanatics,player_rebounds_alternate,the-odds-api,2026-08-19T21:37:11.263300+00:00
2026-08-19,09563bab4edf9cf2073ee946ad95d61b,Minnesota Lynx @ Golden State Valkyries,2026-08-20T02:10:00Z,Golden State Valkyries,Minnesota Lynx,Olivia Miles,,REB,OVER,2.5,-450,Fanatics,fanatics,player_rebounds_alternate,the-odds-api,2026-08-19T21:37:11.263300+00:00
2026-08-19,09563bab4edf9cf2073ee946ad95d61b,Minnesota Lynx @ Golden State Valkyries,2026-08-20T02:10:00Z,Golden State Valkyries,Minnesota Lynx,Olivia Miles,,REB,OVER,3.5,-175,Fanatics,fanatics,player_rebounds_alternate,the-odds-api,2026-08-19T21:37:11.263300+00:00
2026-08-19,09563bab4edf9cf2073ee946ad95d61b,Minnesota Lynx @ Golden State Valkyries,2026-08-20T02:10:00Z,Golden State Valkyries,Minnesota Lynx,Olivia Miles,,REB,OVER,4.5,120,Fanatics,fanatics,player_rebounds_alternate,the-odds-api,2026-08-19T21:37:11.263300+00:00
2026-08-19,09563bab4edf9cf2073ee946ad95d61b,Minnesota Lynx @ Golden State Valkyries,2026-08-20T02:10:00Z,Golden State Valkyries,Minnesota Lynx,Olivia Miles,,REB,OVER,5.5,210,Fanatics,fanatics,player_rebounds_alternate,the-odds-api,2026-08-19T21:37:11.263300+00:00
2026-08-19,09563bab4edf9cf2073ee946ad95d61b,Minnesota Lynx @ Golden State Valkyries,2026-08-20T02:10:00Z,Golden State Valkyries,Minnesota Lynx,Olivia Miles,,REB,OVER,6.5,375,Fanatics,fanatics,player_rebounds_alternate,the-odds-api,2026-08-19T21:37:11.263300+00:00
2026-08-19,09563bab4edf9cf2073ee946ad95d61b,Minnesota Lynx @ Golden State Valkyries,2026-08-20T02:10:00Z,Golden State Valkyries,Minnesota Lynx,Olivia Miles,,REB,OVER,7.5,700,Fanatics,fanatics,player_rebounds_alternate,the-odds-api,2026-08-19T21:37:11.263300+00:00
2026-08-19,09563bab4edf9cf2073ee946ad95d61b,Minnesota Lynx @ Golden State Valkyries,2026-08-20T02:10:00Z,Golden State Valkyries,Minnesota Lynx,Veronica Burton,,REB,OVER,1.5,-1000,Fanatics,fanatics,player_rebounds_alternate,the-odds-api,2026-08-19T21:37:11.263300+00:00
2026-08-19,09563bab4edf9cf2073ee946ad95d61b,Minnesota Lynx @ Golden State Valkyries,2026-08-20T02:10:00Z,Golden State Valkyries,Minnesota Lynx,Veronica Burton,,REB,OVER,2.5,-300,Fanatics,fanatics,player_rebounds_alternate,the-odds-api,2026-08-19T21:37:11.263300+00:00
2026-08-19,09563bab4edf9cf2073ee946ad95d61b,Minnesota Lynx @ Golden State Valkyries,2026-08-20T02:10:00Z,Golden State Valkyries,Minnesota Lynx,Veronica Burton,,REB,OVER,3.5,-120,Fanatics,fanatics,player_rebounds_alternate,the-odds-api,2026-08-19T21:37:11.263300+00:00
2026-08-19,09563bab4edf9cf2073ee946ad95d61b,Minnesota Lynx @ Golden State Valkyries,2026-08-20T02:10:00Z,Golden State Valkyries,Minnesota Lynx,Veronica Burton,,REB,OVER,4.5,160,Fanatics,fanatics,player_rebounds_alternate,the-odds-api,2026-08-19T21:37:11.263300+00:00
2026-08-19,09563bab4edf9cf2073ee946ad95d61b,Minnesota Lynx @ Golden State Valkyries,2026-08-20T02:10:00Z,Golden State Valkyries,Minnesota Lynx,Veronica Burton,,REB,OVER,5.5,320,Fanatics,fanatics,player_rebounds_alternate,the-odds-api,2026-08-19T21:37:11.263300+00:00
2026-08-19,09563bab4edf9cf2073ee946ad95d61b,Minnesota Lynx @ Golden State Valkyries,2026-08-20T02:10:00Z,Golden State Valkyries,Minnesota Lynx,Veronica Burton,,REB,OVER,6.5,600,Fanatics,fanatics,player_rebounds_alternate,the-odds-api,2026-08-19T21:37:11.263300+00:00
2026-08-19,09563bab4edf9cf2073ee946ad95d61b,Minnesota Lynx @ Golden State Valkyries,2026-08-20T02:10:00Z,Golden State Valkyries,Minnesota Lynx,Kayla Thornton,,REB,OVER,2.5,-1000,Fanatics,fanatics,player_rebounds_alternate,the-odds-api,2026-08-19T21:37:11.263300+00:00
2026-08-19,09563bab4edf9cf2073ee946ad95d61b,Minnesota Lynx @ Golden State Valkyries,2026-08-20T02:10:00Z,Golden State Valkyries,Minnesota Lynx,Kayla Thornton,,REB,OVER,3.5,-400,Fanatics,fanatics,player_rebounds_alternate,the-odds-api,2026-08-19T21:37:11.263300+00:00
2026-08-19,09563bab4edf9cf2073ee946ad95d61b,Minnesota Lynx @ Golden State Valkyries,2026-08-20T02:10:00Z,Golden State Valkyries,Minnesota Lynx,Kayla Thornton,,REB,OVER,4.5,-175,Fanatics,fanatics,player_rebounds_alternate,the-odds-api,2026-08-19T21:37:11.263300+00:00
2026-08-19,09563bab4edf9cf2073ee946ad95d61b,Minnesota Lynx @ Golden State Valkyries,2026-08-20T02:10:00Z,Golden State Valkyries,Minnesota Lynx,Kayla Thornton,,REB,OVER,5.5,115,Fanatics,fanatics,player_rebounds_alternate,the-odds-api,2026-08-19T21:37:11.263300+00:00
2026-08-19,09563bab4edf9cf2073ee946ad95d61b,Minnesota Lynx @ Golden State Valkyries,2026-08-20T02:10:00Z,Golden State Valkyries,Minnesota Lynx,Kayla Thornton,,REB,OVER,6.5,190,Fanatics,fanatics,player_rebounds_alternate,the-odds-api,2026-08-19T21:37:11.263300+00:00
2026-08-19,09563bab4edf9cf2073ee946ad95d61b,Minnesota Lynx @ Golden State Valkyries,2026-08-20T02:10:00Z,Golden State Valkyries,Minnesota Lynx,Kayla Thornton,,REB,OVER,7.5,320,Fanatics,fanatics,player_rebounds_alternate,the-odds-api,2026-08-19T21:37:11.263300+00:00
2026-08-19,09563bab4edf9cf2073ee946ad95d61b,Minnesota Lynx @ Golden State Valkyries,2026-08-20T02:10:00Z,Golden State Valkyries,Minnesota Lynx,Kayla Thornton,,REB,OVER,8.5,600,Fanatics,fanatics,player_rebounds_alternate,the-odds-api,2026-08-19T21:37:11.263300+00:00
2026-08-19,09563bab4edf9cf2073ee946ad95d61b,Minnesota Lynx @ Golden State Valkyries,2026-08-20T02:10:00Z,Golden State Valkyries,Minnesota Lynx,Cecilia Zandalasini,,REB,OVER,1.5,-225,Fanatics,fanatics,player_rebounds_alternate,the-odds-api,2026-08-19T21:37:11.263300+00:00
2026-08-19,09563bab4edf9cf2073ee946ad95d61b,Minnesota Lynx @ Golden State Valkyries,2026-08-20T02:10:00Z,Golden State Valkyries,Minnesota Lynx,Cecilia Zandalasini,,REB,OVER,2.5,130,Fanatics,fanatics,player_rebounds_alternate,the-odds-api,2026-08-19T21:37:11.263300+00:00
2026-08-19,09563bab4edf9cf2073ee946ad95d61b,Minnesota Lynx @ Golden State Valkyries,2026-08-20T02:10:00Z,Golden State Valkyries,Minnesota Lynx,Cecilia Zandalasini,,REB,OVER,3.5,300,Fanatics,fanatics,player_rebounds_alternate,the-odds-api,2026-08-19T21:37:11.263300+00:00
2026-08-19,09563bab4edf9cf2073ee946ad95d61b,Minnesota Lynx @ Golden State Valkyries,2026-08-20T02:10:00Z,Golden State Valkyries,Minnesota Lynx,Cecilia Zandalasini,,REB,OVER,4.5,700,Fanatics,fanatics,player_rebounds_alternate,the-odds-api,2026-08-19T21:37:11.263300+00:00
2026-08-19,09563bab4edf9cf2073ee946ad95d61b,Minnesota Lynx @ Golden State Valkyries,2026-08-20T02:10:00Z,Golden State Valkyries,Minnesota Lynx,Gabby Williams,,REB,OVER,1.5,-700,Fanatics,fanatics,player_rebounds_alternate,the-odds-api,2026-08-19T21:37:11.263300+00:00
2026-08-19,09563bab4edf9cf2073ee946ad95d61b,Minnesota Lynx @ Golden State Valkyries,2026-08-20T02:10:00Z,Golden State Valkyries,Minnesota Lynx,Gabby Williams,,REB,OVER,2.5,-225,Fanatics,fanatics,player_rebounds_alternate,the-odds-api,2026-08-19T21:37:11.263300+00:00
2026-08-19,09563bab4edf9cf2073ee946ad95d61b,Minnesota Lynx @ Golden State Valkyries,2026-08-20T02:10:00Z,Golden State Valkyries,Minnesota Lynx,Gabby Williams,,REB,OVER,3.5,115,Fanatics,fanatics,player_rebounds_alternate,the-odds-api,2026-08-19T21:37:11.263300+00:00
2026-08-19,09563bab4edf9cf2073ee946ad95d61b,Minnesota Lynx @ Golden State Valkyries,2026-08-20T02:10:00Z,Golden State Valkyries,Minnesota Lynx,Gabby Williams,,REB,OVER,4.5,225,Fanatics,fanatics,player_rebounds_alternate,the-odds-api,2026-08-19T21:37:11.263300+00:00
2026-08-19,09563bab4edf9cf2073ee946ad95d61b,Minnesota Lynx @ Golden State Valkyries,2026-08-20T02:10:00Z,Golden State Valkyries,Minnesota Lynx,Gabby Williams,,REB,OVER,5.5,400,Fanatics,fanatics,player_rebounds_alternate,the-odds-api,2026-08-19T21:37:11.263300+00:00
2026-08-19,09563bab4edf9cf2073ee946ad95d61b,Minnesota Lynx @ Golden State Valkyries,2026-08-20T02:10:00Z,Golden State Valkyries,Minnesota Lynx,Gabby Williams,,REB,OVER,6.5,900,Fanatics,fanatics,player_rebounds_alternate,the-odds-api,2026-08-19T21:37:11.263300+00:00
2026-08-19,09563bab4edf9cf2073ee946ad95d61b,Minnesota Lynx @ Golden State Valkyries,2026-08-20T02:10:00Z,Golden State Valkyries,Minnesota Lynx,Janelle Salaun,,REB,OVER,1.5,-650,Fanatics,fanatics,player_rebounds_alternate,the-odds-api,2026-08-19T21:37:11.263300+00:00
2026-08-19,09563bab4edf9cf2073ee946ad95d61b,Minnesota Lynx @ Golden State Valkyries,2026-08-20T02:10:00Z,Golden State Valkyries,Minnesota Lynx,Janelle Salaun,,REB,OVER,2.5,-225,Fanatics,fanatics,player_rebounds_alternate,the-odds-api,2026-08-19T21:37:11.263300+00:00
2026-08-19,09563bab4edf9cf2073ee946ad95d61b,Minnesota Lynx @ Golden State Valkyries,2026-08-20T02:10:00Z,Golden State Valkyries,Minnesota Lynx,Janelle Salaun,,REB,OVER,3.5,115,Fanatics,fanatics,player_rebounds_alternate,the-odds-api,2026-08-19T21:37:11.263300+00:00
2026-08-19,09563bab4edf9cf2073ee946ad95d61b,Minnesota Lynx @ Golden State Valkyries,2026-08-20T02:10:00Z,Golden State Valkyries,Minnesota Lynx,Janelle Salaun,,REB,OVER,4.5,225,Fanatics,fanatics,player_rebounds_alternate,the-odds-api,2026-08-19T21:37:11.263300+00:00
2026-08-19,09563bab4edf9cf2073ee946ad95d61b,Minnesota Lynx @ Golden State Valkyries,2026-08-20T02:10:00Z,Golden State Valkyries,Minnesota Lynx,Janelle Salaun,,REB,OVER,5.5,400,Fanatics,fanatics,player_rebounds_alternate,the-odds-api,2026-08-19T21:37:11.263300+00:00
2026-08-19,09563bab4edf9cf2073ee946ad95d61b,Minnesota Lynx @ Golden State Valkyries,2026-08-20T02:10:00Z,Golden State Valkyries,Minnesota Lynx,Janelle Salaun,,REB,OVER,6.5,800,Fanatics,fanatics,player_rebounds_alternate,the-odds-api,2026-08-19T21:37:11.263300+00:00
2026-08-19,09563bab4edf9cf2073ee946ad95d61b,Minnesota Lynx @ Golden State Valkyries,2026-08-20T02:10:00Z,Golden State Valkyries,Minnesota Lynx,Kayla McBride,,REB,OVER,1.5,-300,Fanatics,fanatics,player_rebounds_alternate,the-odds-api,2026-08-19T21:37:11.263300+00:00
2026-08-19,09563bab4edf9cf2073ee946ad95d61b,Minnesota Lynx @ Golden State Valkyries,2026-08-20T02:10:00Z,Golden State Valkyries,Minnesota Lynx,Kayla McBride,,REB,OVER,2.5,105,Fanatics,fanatics,player_rebounds_alternate,the-odds-api,2026-08-19T21:37:11.263300+00:00
2026-08-19,09563bab4edf9cf2073ee946ad95d61b,Minnesota Lynx @ Golden State Valkyries,2026-08-20T02:10:00Z,Golden State Valkyries,Minnesota Lynx,Kayla McBride,,REB,OVER,3.5,225,Fanatics,fanatics,player_rebounds_alternate,the-odds-api,2026-08-19T21:37:11.263300+00:00
2026-08-19,09563bab4edf9cf2073ee946ad95d61b,Minnesota Lynx @ Golden State Valkyries,2026-08-20T02:10:00Z,Golden State Valkyries,Minnesota Lynx,Kayla McBride,,REB,OVER,4.5,425,Fanatics,fanatics,player_rebounds_alternate,the-odds-api,2026-08-19T21:37:11.263300+00:00
2026-08-19,09563bab4edf9cf2073ee946ad95d61b,Minnesota Lynx @ Golden State Valkyries,2026-08-20T02:10:00Z,Golden State Valkyries,Minnesota Lynx,Olivia Miles,,3PM,OVER,0.5,-450,Fanatics,fanatics,player_threes_alternate,the-odds-api,2026-08-19T21:37:11.263300+00:00
2026-08-19,09563bab4edf9cf2073ee946ad95d61b,Minnesota Lynx @ Golden State Valkyries,2026-08-20T02:10:00Z,Golden State Valkyries,Minnesota Lynx,Olivia Miles,,3PM,OVER,1.5,105,Fanatics,fanatics,player_threes_alternate,the-odds-api,2026-08-19T21:37:11.263300+00:00
2026-08-19,09563bab4edf9cf2073ee946ad95d61b,Minnesota Lynx @ Golden State Valkyries,2026-08-20T02:10:00Z,Golden State Valkyries,Minnesota Lynx,Olivia Miles,,3PM,OVER,2.5,290,Fanatics,fanatics,player_threes_alternate,the-odds-api,2026-08-19T21:37:11.263300+00:00
2026-08-19,09563bab4edf9cf2073ee946ad95d61b,Minnesota Lynx @ Golden State Valkyries,2026-08-20T02:10:00Z,Golden State Valkyries,Minnesota Lynx,Olivia Miles,,3PM,OVER,3.5,750,Fanatics,fanatics,player_threes_alternate,the-odds-api,2026-08-19T21:37:11.263300+00:00
2026-08-19,09563bab4edf9cf2073ee946ad95d61b,Minnesota Lynx @ Golden State Valkyries,2026-08-20T02:10:00Z,Golden State Valkyries,Minnesota Lynx,Napheesa Collier,,3PM,OVER,0.5,-450,Fanatics,fanatics,player_threes_alternate,the-odds-api,2026-08-19T21:37:11.263300+00:00
2026-08-19,09563bab4edf9cf2073ee946ad95d61b,Minnesota Lynx @ Golden State Valkyries,2026-08-20T02:10:00Z,Golden State Valkyries,Minnesota Lynx,Napheesa Collier,,3PM,OVER,1.5,105,Fanatics,fanatics,player_threes_alternate,the-odds-api,2026-08-19T21:37:11.263300+00:00
2026-08-19,09563bab4edf9cf2073ee946ad95d61b,Minnesota Lynx @ Golden State Valkyries,2026-08-20T02:10:00Z,Golden State Valkyries,Minnesota Lynx,Napheesa Collier,,3PM,OVER,2.5,290,Fanatics,fanatics,player_threes_alternate,the-odds-api,2026-08-19T21:37:11.263300+00:00
2026-08-19,09563bab4edf9cf2073ee946ad95d61b,Minnesota Lynx @ Golden State Valkyries,2026-08-20T02:10:00Z,Golden State Valkyries,Minnesota Lynx,Napheesa Collier,,3PM,OVER,3.5,750,Fanatics,fanatics,player_threes_alternate,the-odds-api,2026-08-19T21:37:11.263300+00:00
2026-08-19,09563bab4edf9cf2073ee946ad95d61b,Minnesota Lynx @ Golden State Valkyries,2026-08-20T02:10:00Z,Golden State Valkyries,Minnesota Lynx,Napheesa Collier,,3PM,OVER,4.5,1600,Fanatics,fanatics,player_threes_alternate,the-odds-api,2026-08-19T21:37:11.263300+00:00
2026-08-19,09563bab4edf9cf2073ee946ad95d61b,Minnesota Lynx @ Golden State Valkyries,2026-08-20T02:10:00Z,Golden State Valkyries,Minnesota Lynx,Veronica Burton,,3PM,OVER,0.5,-350,Fanatics,fanatics,player_threes_alternate,the-odds-api,2026-08-19T21:37:11.263300+00:00
2026-08-19,09563bab4edf9cf2073ee946ad95d61b,Minnesota Lynx @ Golden State Valkyries,2026-08-20T02:10:00Z,Golden State Valkyries,Minnesota Lynx,Veronica Burton,,3PM,OVER,1.5,125,Fanatics,fanatics,player_threes_alternate,the-odds-api,2026-08-19T21:37:11.263300+00:00
2026-08-19,09563bab4edf9cf2073ee946ad95d61b,Minnesota Lynx @ Golden State Valkyries,2026-08-20T02:10:00Z,Golden State Valkyries,Minnesota Lynx,Veronica Burton,,3PM,OVER,2.5,350,Fanatics,fanatics,player_threes_alternate,the-odds-api,2026-08-19T21:37:11.263300+00:00
2026-08-19,09563bab4edf9cf2073ee946ad95d61b,Minnesota Lynx @ Golden State Valkyries,2026-08-20T02:10:00Z,Golden State Valkyries,Minnesota Lynx,Veronica Burton,,3PM,OVER,3.5,900,Fanatics,fanatics,player_threes_alternate,the-odds-api,2026-08-19T21:37:11.263300+00:00
2026-08-19,09563bab4edf9cf2073ee946ad95d61b,Minnesota Lynx @ Golden State Valkyries,2026-08-20T02:10:00Z,Golden State Valkyries,Minnesota Lynx,Gabby Williams,,3PM,OVER,0.5,-425,Fanatics,fanatics,player_threes_alternate,the-odds-api,2026-08-19T21:37:11.263300+00:00
2026-08-19,09563bab4edf9cf2073ee946ad95d61b,Minnesota Lynx @ Golden State Valkyries,2026-08-20T02:10:00Z,Golden State Valkyries,Minnesota Lynx,Gabby Williams,,3PM,OVER,1.5,110,Fanatics,fanatics,player_threes_alternate,the-odds-api,2026-08-19T21:37:11.263300+00:00
2026-08-19,09563bab4edf9cf2073ee946ad95d61b,Minnesota Lynx @ Golden State Valkyries,2026-08-20T02:10:00Z,Golden State Valkyries,Minnesota Lynx,Gabby Williams,,3PM,OVER,2.5,290,Fanatics,fanatics,player_threes_alternate,the-odds-api,2026-08-19T21:37:11.263300+00:00
2026-08-19,09563bab4edf9cf2073ee946ad95d61b,Minnesota Lynx @ Golden State Valkyries,2026-08-20T02:10:00Z,Golden State Valkyries,Minnesota Lynx,Gabby Williams,,3PM,OVER,3.5,750,Fanatics,fanatics,player_threes_alternate,the-odds-api,2026-08-19T21:37:11.263300+00:00
2026-08-19,09563bab4edf9cf2073ee946ad95d61b,Minnesota Lynx @ Golden State Valkyries,2026-08-20T02:10:00Z,Golden State Valkyries,Minnesota Lynx,Cecilia Zandalasini,,3PM,OVER,0.5,-325,Fanatics,fanatics,player_threes_alternate,the-odds-api,2026-08-19T21:37:11.263300+00:00
2026-08-19,09563bab4edf9cf2073ee946ad95d61b,Minnesota Lynx @ Golden State Valkyries,2026-08-20T02:10:00Z,Golden State Valkyries,Minnesota Lynx,Cecilia Zandalasini,,3PM,OVER,1.5,140,Fanatics,fanatics,player_threes_alternate,the-odds-api,2026-08-19T21:37:11.263300+00:00
2026-08-19,09563bab4edf9cf2073ee946ad95d61b,Minnesota Lynx @ Golden State Valkyries,2026-08-20T02:10:00Z,Golden State Valkyries,Minnesota Lynx,Cecilia Zandalasini,,3PM,OVER,2.5,400,Fanatics,fanatics,player_threes_alternate,the-odds-api,2026-08-19T21:37:11.263300+00:00
2026-08-19,09563bab4edf9cf2073ee946ad95d61b,Minnesota Lynx @ Golden State Valkyries,2026-08-20T02:10:00Z,Golden State Valkyries,Minnesota Lynx,Cecilia Zandalasini,,3PM,OVER,3.5,1100,Fanatics,fanatics,player_threes_alternate,the-odds-api,2026-08-19T21:37:11.263300+00:00
2026-08-19,09563bab4edf9cf2073ee946ad95d61b,Minnesota Lynx @ Golden State Valkyries,2026-08-20T02:10:00Z,Golden State Valkyries,Minnesota Lynx,Kayla McBride,,3PM,OVER,0.5,-1300,Fanatics,fanatics,player_threes_alternate,the-odds-api,2026-08-19T21:37:11.263300+00:00
2026-08-19,09563bab4edf9cf2073ee946ad95d61b,Minnesota Lynx @ Golden State Valkyries,2026-08-20T02:10:00Z,Golden State Valkyries,Minnesota Lynx,Kayla McBride,,3PM,OVER,1.5,-275,Fanatics,fanatics,player_threes_alternate,the-odds-api,2026-08-19T21:37:11.263300+00:00
2026-08-19,09563bab4edf9cf2073ee946ad95d61b,Minnesota Lynx @ Golden State Valkyries,2026-08-20T02:10:00Z,Golden State Valkyries,Minnesota Lynx,Kayla McBride,,3PM,OVER,2.5,115,Fanatics,fanatics,player_threes_alternate,the-odds-api,2026-08-19T21:37:11.263300+00:00
2026-08-19,09563bab4edf9cf2073ee946ad95d61b,Minnesota Lynx @ Golden State Valkyries,2026-08-20T02:10:00Z,Golden State Valkyries,Minnesota Lynx,Kayla McBride,,3PM,OVER,3.5,240,Fanatics,fanatics,player_threes_alternate,the-odds-api,2026-08-19T21:37:11.263300+00:00
2026-08-19,09563bab4edf9cf2073ee946ad95d61b,Minnesota Lynx @ Golden State Valkyries,2026-08-20T02:10:00Z,Golden State Valkyries,Minnesota Lynx,Kayla McBride,,3PM,OVER,4.5,500,Fanatics,fanatics,player_threes_alternate,the-odds-api,2026-08-19T21:37:11.263300+00:00
2026-08-19,09563bab4edf9cf2073ee946ad95d61b,Minnesota Lynx @ Golden State Valkyries,2026-08-20T02:10:00Z,Golden State Valkyries,Minnesota Lynx,Kayla McBride,,3PM,OVER,5.5,1000,Fanatics,fanatics,player_threes_alternate,the-odds-api,2026-08-19T21:37:11.263300+00:00
2026-08-19,09563bab4edf9cf2073ee946ad95d61b,Minnesota Lynx @ Golden State Valkyries,2026-08-20T02:10:00Z,Golden State Valkyries,Minnesota Lynx,Kayla Thornton,,3PM,OVER,0.5,-475,Fanatics,fanatics,player_threes_alternate,the-odds-api,2026-08-19T21:37:11.263300+00:00
2026-08-19,09563bab4edf9cf2073ee946ad95d61b,Minnesota Lynx @ Golden State Valkyries,2026-08-20T02:10:00Z,Golden State Valkyries,Minnesota Lynx,Kayla Thornton,,3PM,OVER,1.5,105,Fanatics,fanatics,player_threes_alternate,the-odds-api,2026-08-19T21:37:11.263300+00:00
2026-08-19,09563bab4edf9cf2073ee946ad95d61b,Minnesota Lynx @ Golden State Valkyries,2026-08-20T02:10:00Z,Golden State Valkyries,Minnesota Lynx,Kayla Thornton,,3PM,OVER,2.5,270,Fanatics,fanatics,player_threes_alternate,the-odds-api,2026-08-19T21:37:11.263300+00:00
2026-08-19,09563bab4edf9cf2073ee946ad95d61b,Minnesota Lynx @ Golden State Valkyries,2026-08-20T02:10:00Z,Golden State Valkyries,Minnesota Lynx,Kayla Thornton,,3PM,OVER,3.5,750,Fanatics,fanatics,player_threes_alternate,the-odds-api,2026-08-19T21:37:11.263300+00:00
2026-08-19,09563bab4edf9cf2073ee946ad95d61b,Minnesota Lynx @ Golden State Valkyries,2026-08-20T02:10:00Z,Golden State Valkyries,Minnesota Lynx,Kayla Thornton,,3PM,OVER,4.5,1500,Fanatics,fanatics,player_threes_alternate,the-odds-api,2026-08-19T21:37:11.263300+00:00
2026-08-19,09563bab4edf9cf2073ee946ad95d61b,Minnesota Lynx @ Golden State Valkyries,2026-08-20T02:10:00Z,Golden State Valkyries,Minnesota Lynx,Janelle Salaun,,3PM,OVER,0.5,-800,Fanatics,fanatics,player_threes_alternate,the-odds-api,2026-08-19T21:37:11.263300+00:00
2026-08-19,09563bab4edf9cf2073ee946ad95d61b,Minnesota Lynx @ Golden State Valkyries,2026-08-20T02:10:00Z,Golden State Valkyries,Minnesota Lynx,Janelle Salaun,,3PM,OVER,1.5,-175,Fanatics,fanatics,player_threes_alternate,the-odds-api,2026-08-19T21:37:11.263300+00:00
2026-08-19,09563bab4edf9cf2073ee946ad95d61b,Minnesota Lynx @ Golden State Valkyries,2026-08-20T02:10:00Z,Golden State Valkyries,Minnesota Lynx,Janelle Salaun,,3PM,OVER,2.5,155,Fanatics,fanatics,player_threes_alternate,the-odds-api,2026-08-19T21:37:11.263300+00:00
2026-08-19,09563bab4edf9cf2073ee946ad95d61b,Minnesota Lynx @ Golden State Valkyries,2026-08-20T02:10:00Z,Golden State Valkyries,Minnesota Lynx,Janelle Salaun,,3PM,OVER,3.5,350,Fanatics,fanatics,player_threes_alternate,the-odds-api,2026-08-19T21:37:11.263300+00:00
2026-08-19,09563bab4edf9cf2073ee946ad95d61b,Minnesota Lynx @ Golden State Valkyries,2026-08-20T02:10:00Z,Golden State Valkyries,Minnesota Lynx,Janelle Salaun,,3PM,OVER,4.5,850,Fanatics,fanatics,player_threes_alternate,the-odds-api,2026-08-19T21:37:11.263300+00:00
2026-08-19,09563bab4edf9cf2073ee946ad95d61b,Minnesota Lynx @ Golden State Valkyries,2026-08-20T02:10:00Z,Golden State Valkyries,Minnesota Lynx,Courtney Williams,,3PM,OVER,0.5,-275,Fanatics,fanatics,player_threes_alternate,the-odds-api,2026-08-19T21:37:11.263300+00:00
2026-08-19,09563bab4edf9cf2073ee946ad95d61b,Minnesota Lynx @ Golden State Valkyries,2026-08-20T02:10:00Z,Golden State Valkyries,Minnesota Lynx,Courtney Williams,,3PM,OVER,1.5,160,Fanatics,fanatics,player_threes_alternate,the-odds-api,2026-08-19T21:37:11.263300+00:00
2026-08-19,09563bab4edf9cf2073ee946ad95d61b,Minnesota Lynx @ Golden State Valkyries,2026-08-20T02:10:00Z,Golden State Valkyries,Minnesota Lynx,Courtney Williams,,3PM,OVER,2.5,475,Fanatics,fanatics,player_threes_alternate,the-odds-api,2026-08-19T21:37:11.263300+00:00
2026-08-19,09563bab4edf9cf2073ee946ad95d61b,Minnesota Lynx @ Golden State Valkyries,2026-08-20T02:10:00Z,Golden State Valkyries,Minnesota Lynx,Courtney Williams,,3PM,OVER,3.5,1200,Fanatics,fanatics,player_threes_alternate,the-odds-api,2026-08-19T21:37:11.263300+00:00
2026-08-19,09563bab4edf9cf2073ee946ad95d61b,Minnesota Lynx @ Golden State Valkyries,2026-08-20T02:10:00Z,Golden State Valkyries,Minnesota Lynx,Olivia Miles,,AST,OVER,7.5,188,FanDuel,fanduel,player_assists_alternate,the-odds-api,2026-08-19T21:37:11.263300+00:00
2026-08-19,09563bab4edf9cf2073ee946ad95d61b,Minnesota Lynx @ Golden State Valkyries,2026-08-20T02:10:00Z,Golden State Valkyries,Minnesota Lynx,Veronica Burton,,AST,OVER,7.5,240,FanDuel,fanduel,player_assists_alternate,the-odds-api,2026-08-19T21:37:11.263300+00:00
2026-08-19,09563bab4edf9cf2073ee946ad95d61b,Minnesota Lynx @ Golden State Valkyries,2026-08-20T02:10:00Z,Golden State Valkyries,Minnesota Lynx,Courtney Williams,,AST,OVER,7.5,920,FanDuel,fanduel,player_assists_alternate,the-odds-api,2026-08-19T21:37:11.263300+00:00
2026-08-19,09563bab4edf9cf2073ee946ad95d61b,Minnesota Lynx @ Golden State Valkyries,2026-08-20T02:10:00Z,Golden State Valkyries,Minnesota Lynx,Olivia Miles,,AST,OVER,11.5,1400,FanDuel,fanduel,player_assists_alternate,the-odds-api,2026-08-19T21:37:11.263300+00:00
2026-08-19,09563bab4edf9cf2073ee946ad95d61b,Minnesota Lynx @ Golden State Valkyries,2026-08-20T02:10:00Z,Golden State Valkyries,Minnesota Lynx,Veronica Burton,,AST,OVER,11.5,1700,FanDuel,fanduel,player_assists_alternate,the-odds-api,2026-08-19T21:37:11.263300+00:00
2026-08-19,09563bab4edf9cf2073ee946ad95d61b,Minnesota Lynx @ Golden State Valkyries,2026-08-20T02:10:00Z,Golden State Valkyries,Minnesota Lynx,Olivia Miles,,AST,OVER,9.5,520,FanDuel,fanduel,player_assists_alternate,the-odds-api,2026-08-19T21:37:11.263300+00:00
2026-08-19,09563bab4edf9cf2073ee946ad95d61b,Minnesota Lynx @ Golden State Valkyries,2026-08-20T02:10:00Z,Golden State Valkyries,Minnesota Lynx,Veronica Burton,,AST,OVER,9.5,640,FanDuel,fanduel,player_assists_alternate,the-odds-api,2026-08-19T21:37:11.263300+00:00
2026-08-19,09563bab4edf9cf2073ee946ad95d61b,Minnesota Lynx @ Golden State Valkyries,2026-08-20T02:10:00Z,Golden State Valkyries,Minnesota Lynx,Olivia Miles,,AST,OVER,5.5,-210,FanDuel,fanduel,player_assists_alternate,the-odds-api,2026-08-19T21:37:11.263300+00:00
2026-08-19,09563bab4edf9cf2073ee946ad95d61b,Minnesota Lynx @ Golden State Valkyries,2026-08-20T02:10:00Z,Golden State Valkyries,Minnesota Lynx,Veronica Burton,,AST,OVER,5.5,-146,FanDuel,fanduel,player_assists_alternate,the-odds-api,2026-08-19T21:37:11.263300+00:00
2026-08-19,09563bab4edf9cf2073ee946ad95d61b,Minnesota Lynx @ Golden State Valkyries,2026-08-20T02:10:00Z,Golden State Valkyries,Minnesota Lynx,Courtney Williams,,AST,OVER,5.5,270,FanDuel,fanduel,player_assists_alternate,the-odds-api,2026-08-19T21:37:11.263300+00:00
2026-08-19,09563bab4edf9cf2073ee946ad95d61b,Minnesota Lynx @ Golden State Valkyries,2026-08-20T02:10:00Z,Golden State Valkyries,Minnesota Lynx,Tiffany Hayes,,AST,OVER,5.5,750,FanDuel,fanduel,player_assists_alternate,the-odds-api,2026-08-19T21:37:11.263300+00:00
2026-08-19,09563bab4edf9cf2073ee946ad95d61b,Minnesota Lynx @ Golden State Valkyries,2026-08-20T02:10:00Z,Golden State Valkyries,Minnesota Lynx,Napheesa Collier,,AST,OVER,5.5,850,FanDuel,fanduel,player_assists_alternate,the-odds-api,2026-08-19T21:37:11.263300+00:00
2026-08-19,09563bab4edf9cf2073ee946ad95d61b,Minnesota Lynx @ Golden State Valkyries,2026-08-20T02:10:00Z,Golden State Valkyries,Minnesota Lynx,Natasha Howard,,AST,OVER,5.5,880,FanDuel,fanduel,player_assists_alternate,the-odds-api,2026-08-19T21:37:11.263300+00:00
2026-08-19,09563bab4edf9cf2073ee946ad95d61b,Minnesota Lynx @ Golden State Valkyries,2026-08-20T02:10:00Z,Golden State Valkyries,Minnesota Lynx,Olivia Miles,,AST,OVER,3.5,-1450,FanDuel,fanduel,player_assists_alternate,the-odds-api,2026-08-19T21:37:11.263300+00:00
2026-08-19,09563bab4edf9cf2073ee946ad95d61b,Minnesota Lynx @ Golden State Valkyries,2026-08-20T02:10:00Z,Golden State Valkyries,Minnesota Lynx,Veronica Burton,,AST,OVER,3.5,-900,FanDuel,fanduel,player_assists_alternate,the-odds-api,2026-08-19T21:37:11.263300+00:00
2026-08-19,09563bab4edf9cf2073ee946ad95d61b,Minnesota Lynx @ Golden State Valkyries,2026-08-20T02:10:00Z,Golden State Valkyries,Minnesota Lynx,Courtney Williams,,AST,OVER,3.5,-180,FanDuel,fanduel,player_assists_alternate,the-odds-api,2026-08-19T21:37:11.263300+00:00
2026-08-19,09563bab4edf9cf2073ee946ad95d61b,Minnesota Lynx @ Golden State Valkyries,2026-08-20T02:10:00Z,Golden State Valkyries,Minnesota Lynx,Napheesa Collier,,AST,OVER,3.5,174,FanDuel,fanduel,player_assists_alternate,the-odds-api,2026-08-19T21:37:11.263300+00:00
2026-08-19,09563bab4edf9cf2073ee946ad95d61b,Minnesota Lynx @ Golden State Valkyries,2026-08-20T02:10:00Z,Golden State Valkyries,Minnesota Lynx,Natasha Howard,,AST,OVER,3.5,178,FanDuel,fanduel,player_assists_alternate,the-odds-api,2026-08-19T21:37:11.263300+00:00
2026-08-19,09563bab4edf9cf2073ee946ad95d61b,Minnesota Lynx @ Golden State Valkyries,2026-08-20T02:10:00Z,Golden State Valkyries,Minnesota Lynx,Tiffany Hayes,,AST,OVER,3.5,182,FanDuel,fanduel,player_assists_alternate,the-odds-api,2026-08-19T21:37:11.263300+00:00
2026-08-19,09563bab4edf9cf2073ee946ad95d61b,Minnesota Lynx @ Golden State Valkyries,2026-08-20T02:10:00Z,Golden State Valkyries,Minnesota Lynx,Gabby Williams,,AST,OVER,3.5,220,FanDuel,fanduel,player_assists_alternate,the-odds-api,2026-08-19T21:37:11.263300+00:00
2026-08-19,09563bab4edf9cf2073ee946ad95d61b,Minnesota Lynx @ Golden State Valkyries,2026-08-20T02:10:00Z,Golden State Valkyries,Minnesota Lynx,Cecilia Zandalasini,,AST,OVER,3.5,430,FanDuel,fanduel,player_assists_alternate,the-odds-api,2026-08-19T21:37:11.263300+00:00
2026-08-19,09563bab4edf9cf2073ee946ad95d61b,Minnesota Lynx @ Golden State Valkyries,2026-08-20T02:10:00Z,Golden State Valkyries,Minnesota Lynx,Courtney Williams,,AST,OVER,1.5,-2200,FanDuel,fanduel,player_assists_alternate,the-odds-api,2026-08-19T21:37:11.263300+00:00
2026-08-19,09563bab4edf9cf2073ee946ad95d61b,Minnesota Lynx @ Golden State Valkyries,2026-08-20T02:10:00Z,Golden State Valkyries,Minnesota Lynx,Napheesa Collier,,AST,OVER,1.5,-500,FanDuel,fanduel,player_assists_alternate,the-odds-api,2026-08-19T21:37:11.263300+00:00
2026-08-19,09563bab4edf9cf2073ee946ad95d61b,Minnesota Lynx @ Golden State Valkyries,2026-08-20T02:10:00Z,Golden State Valkyries,Minnesota Lynx,Natasha Howard,,AST,OVER,1.5,-470,FanDuel,fanduel,player_assists_alternate,the-odds-api,2026-08-19T21:37:11.263300+00:00
2026-08-19,09563bab4edf9cf2073ee946ad95d61b,Minnesota Lynx @ Golden State Valkyries,2026-08-20T02:10:00Z,Golden State Valkyries,Minnesota Lynx,Tiffany Hayes,,AST,OVER,1.5,-380,FanDuel,fanduel,player_assists_alternate,the-odds-api,2026-08-19T21:37:11.263300+00:00
2026-08-19,09563bab4edf9cf2073ee946ad95d61b,Minnesota Lynx @ Golden State Valkyries,2026-08-20T02:10:00Z,Golden State Valkyries,Minnesota Lynx,Gabby Williams,,AST,OVER,1.5,-350,FanDuel,fanduel,player_assists_alternate,the-odds-api,2026-08-19T21:37:11.263300+00:00
2026-08-19,09563bab4edf9cf2073ee946ad95d61b,Minnesota Lynx @ Golden State Valkyries,2026-08-20T02:10:00Z,Golden State Valkyries,Minnesota Lynx,Cecilia Zandalasini,,AST,OVER,1.5,-188,FanDuel,fanduel,player_assists_alternate,the-odds-api,2026-08-19T21:37:11.263300+00:00
2026-08-19,09563bab4edf9cf2073ee946ad95d61b,Minnesota Lynx @ Golden State Valkyries,2026-08-20T02:10:00Z,Golden State Valkyries,Minnesota Lynx,Kayla McBride,,AST,OVER,1.5,-138,FanDuel,fanduel,player_assists_alternate,the-odds-api,2026-08-19T21:37:11.263300+00:00
2026-08-19,09563bab4edf9cf2073ee946ad95d61b,Minnesota Lynx @ Golden State Valkyries,2026-08-20T02:10:00Z,Golden State Valkyries,Minnesota Lynx,Napheesa Collier,,PTS,OVER,29.5,1160,FanDuel,fanduel,player_points_alternate,the-odds-api,2026-08-19T21:37:11.263300+00:00
2026-08-19,09563bab4edf9cf2073ee946ad95d61b,Minnesota Lynx @ Golden State Valkyries,2026-08-20T02:10:00Z,Golden State Valkyries,Minnesota Lynx,Olivia Miles,,PTS,OVER,29.5,980,FanDuel,fanduel,player_points_alternate,the-odds-api,2026-08-19T21:37:11.263300+00:00
2026-08-19,09563bab4edf9cf2073ee946ad95d61b,Minnesota Lynx @ Golden State Valkyries,2026-08-20T02:10:00Z,Golden State Valkyries,Minnesota Lynx,Olivia Miles,,PTS,OVER,9.5,-3500,FanDuel,fanduel,player_points_alternate,the-odds-api,2026-08-19T21:37:11.263300+00:00
2026-08-19,09563bab4edf9cf2073ee946ad95d61b,Minnesota Lynx @ Golden State Valkyries,2026-08-20T02:10:00Z,Golden State Valkyries,Minnesota Lynx,Napheesa Collier,,PTS,OVER,9.5,-3500,FanDuel,fanduel,player_points_alternate,the-odds-api,2026-08-19T21:37:11.263300+00:00
2026-08-19,09563bab4edf9cf2073ee946ad95d61b,Minnesota Lynx @ Golden State Valkyries,2026-08-20T02:10:00Z,Golden State Valkyries,Minnesota Lynx,Natasha Howard,,PTS,OVER,9.5,-184,FanDuel,fanduel,player_points_alternate,the-odds-api,2026-08-19T21:37:11.263300+00:00
2026-08-19,09563bab4edf9cf2073ee946ad95d61b,Minnesota Lynx @ Golden State Valkyries,2026-08-20T02:10:00Z,Golden State Valkyries,Minnesota Lynx,Kayla McBride,,PTS,OVER,9.5,-480,FanDuel,fanduel,player_points_alternate,the-odds-api,2026-08-19T21:37:11.263300+00:00
2026-08-19,09563bab4edf9cf2073ee946ad95d61b,Minnesota Lynx @ Golden State Valkyries,2026-08-20T02:10:00Z,Golden State Valkyries,Minnesota Lynx,Courtney Williams,,PTS,OVER,9.5,-196,FanDuel,fanduel,player_points_alternate,the-odds-api,2026-08-19T21:37:11.263300+00:00
2026-08-19,09563bab4edf9cf2073ee946ad95d61b,Minnesota Lynx @ Golden State Valkyries,2026-08-20T02:10:00Z,Golden State Valkyries,Minnesota Lynx,Nia Coffey,,PTS,OVER,9.5,670,FanDuel,fanduel,player_points_alternate,the-odds-api,2026-08-19T21:37:11.263300+00:00
2026-08-19,09563bab4edf9cf2073ee946ad95d61b,Minnesota Lynx @ Golden State Valkyries,2026-08-20T02:10:00Z,Golden State Valkyries,Minnesota Lynx,Cecilia Zandalasini,,PTS,OVER,9.5,100,FanDuel,fanduel,player_points_alternate,the-odds-api,2026-08-19T21:37:11.263300+00:00
2026-08-19,09563bab4edf9cf2073ee946ad95d61b,Minnesota Lynx @ Golden State Valkyries,2026-08-20T02:10:00Z,Golden State Valkyries,Minnesota Lynx,Veronica Burton,,PTS,OVER,9.5,-295,FanDuel,fanduel,player_points_alternate,the-odds-api,2026-08-19T21:37:11.263300+00:00
2026-08-19,09563bab4edf9cf2073ee946ad95d61b,Minnesota Lynx @ Golden State Valkyries,2026-08-20T02:10:00Z,Golden State Valkyries,Minnesota Lynx,Kayla Thornton,,PTS,OVER,9.5,125,FanDuel,fanduel,player_points_alternate,the-odds-api,2026-08-19T21:37:11.263300+00:00
2026-08-19,09563bab4edf9cf2073ee946ad95d61b,Minnesota Lynx @ Golden State Valkyries,2026-08-20T02:10:00Z,Golden State Valkyries,Minnesota Lynx,Gabby Williams,,PTS,OVER,9.5,-440,FanDuel,fanduel,player_points_alternate,the-odds-api,2026-08-19T21:37:11.263300+00:00
2026-08-19,09563bab4edf9cf2073ee946ad95d61b,Minnesota Lynx @ Golden State Valkyries,2026-08-20T02:10:00Z,Golden State Valkyries,Minnesota Lynx,Janelle Salaun,,PTS,OVER,9.5,-170,FanDuel,fanduel,player_points_alternate,the-odds-api,2026-08-19T21:37:11.263300+00:00
2026-08-19,09563bab4edf9cf2073ee946ad95d61b,Minnesota Lynx @ Golden State Valkyries,2026-08-20T02:10:00Z,Golden State Valkyries,Minnesota Lynx,Kiah Stokes,,PTS,OVER,9.5,790,FanDuel,fanduel,player_points_alternate,the-odds-api,2026-08-19T21:37:11.263300+00:00
2026-08-19,09563bab4edf9cf2073ee946ad95d61b,Minnesota Lynx @ Golden State Valkyries,2026-08-20T02:10:00Z,Golden State Valkyries,Minnesota Lynx,Tiffany Hayes,,PTS,OVER,9.5,106,FanDuel,fanduel,player_points_alternate,the-odds-api,2026-08-19T21:37:11.263300+00:00
2026-08-19,09563bab4edf9cf2073ee946ad95d61b,Minnesota Lynx @ Golden State Valkyries,2026-08-20T02:10:00Z,Golden State Valkyries,Minnesota Lynx,Olivia Miles,,PTS,OVER,24.5,360,FanDuel,fanduel,player_points_alternate,the-odds-api,2026-08-19T21:37:11.263300+00:00
2026-08-19,09563bab4edf9cf2073ee946ad95d61b,Minnesota Lynx @ Golden State Valkyries,2026-08-20T02:10:00Z,Golden State Valkyries,Minnesota Lynx,Napheesa Collier,,PTS,OVER,24.5,430,FanDuel,fanduel,player_points_alternate,the-odds-api,2026-08-19T21:37:11.263300+00:00
2026-08-19,09563bab4edf9cf2073ee946ad95d61b,Minnesota Lynx @ Golden State Valkyries,2026-08-20T02:10:00Z,Golden State Valkyries,Minnesota Lynx,Kayla McBride,,PTS,OVER,24.5,1100,FanDuel,fanduel,player_points_alternate,the-odds-api,2026-08-19T21:37:11.263300+00:00
2026-08-19,09563bab4edf9cf2073ee946ad95d61b,Minnesota Lynx @ Golden State Valkyries,2026-08-20T02:10:00Z,Golden State Valkyries,Minnesota Lynx,Veronica Burton,,PTS,OVER,24.5,1600,FanDuel,fanduel,player_points_alternate,the-odds-api,2026-08-19T21:37:11.263300+00:00
2026-08-19,09563bab4edf9cf2073ee946ad95d61b,Minnesota Lynx @ Golden State Valkyries,2026-08-20T02:10:00Z,Golden State Valkyries,Minnesota Lynx,Gabby Williams,,PTS,OVER,24.5,1020,FanDuel,fanduel,player_points_alternate,the-odds-api,2026-08-19T21:37:11.263300+00:00
2026-08-19,09563bab4edf9cf2073ee946ad95d61b,Minnesota Lynx @ Golden State Valkyries,2026-08-20T02:10:00Z,Golden State Valkyries,Minnesota Lynx,Natasha Howard,,PTS,OVER,19.5,980,FanDuel,fanduel,player_points_alternate,the-odds-api,2026-08-19T21:37:11.263300+00:00
2026-08-19,09563bab4edf9cf2073ee946ad95d61b,Minnesota Lynx @ Golden State Valkyries,2026-08-20T02:10:00Z,Golden State Valkyries,Minnesota Lynx,Olivia Miles,,PTS,OVER,19.5,114,FanDuel,fanduel,player_points_alternate,the-odds-api,2026-08-19T21:37:11.263300+00:00
2026-08-19,09563bab4edf9cf2073ee946ad95d61b,Minnesota Lynx @ Golden State Valkyries,2026-08-20T02:10:00Z,Golden State Valkyries,Minnesota Lynx,Napheesa Collier,,PTS,OVER,19.5,130,FanDuel,fanduel,player_points_alternate,the-odds-api,2026-08-19T21:37:11.263300+00:00
2026-08-19,09563bab4edf9cf2073ee946ad95d61b,Minnesota Lynx @ Golden State Valkyries,2026-08-20T02:10:00Z,Golden State Valkyries,Minnesota Lynx,Kayla McBride,,PTS,OVER,19.5,365,FanDuel,fanduel,player_points_alternate,the-odds-api,2026-08-19T21:37:11.263300+00:00
2026-08-19,09563bab4edf9cf2073ee946ad95d61b,Minnesota Lynx @ Golden State Valkyries,2026-08-20T02:10:00Z,Golden State Valkyries,Minnesota Lynx,Courtney Williams,,PTS,OVER,19.5,940,FanDuel,fanduel,player_points_alternate,the-odds-api,2026-08-19T21:37:11.263300+00:00
2026-08-19,09563bab4edf9cf2073ee946ad95d61b,Minnesota Lynx @ Golden State Valkyries,2026-08-20T02:10:00Z,Golden State Valkyries,Minnesota Lynx,Cecilia Zandalasini,,PTS,OVER,19.5,1400,FanDuel,fanduel,player_points_alternate,the-odds-api,2026-08-19T21:37:11.263300+00:00
2026-08-19,09563bab4edf9cf2073ee946ad95d61b,Minnesota Lynx @ Golden State Valkyries,2026-08-20T02:10:00Z,Golden State Valkyries,Minnesota Lynx,Veronica Burton,,PTS,OVER,19.5,580,FanDuel,fanduel,player_points_alternate,the-odds-api,2026-08-19T21:37:11.263300+00:00
2026-08-19,09563bab4edf9cf2073ee946ad95d61b,Minnesota Lynx @ Golden State Valkyries,2026-08-20T02:10:00Z,Golden State Valkyries,Minnesota Lynx,Gabby Williams,,PTS,OVER,19.5,360,FanDuel,fanduel,player_points_alternate,the-odds-api,2026-08-19T21:37:11.263300+00:00
2026-08-19,09563bab4edf9cf2073ee946ad95d61b,Minnesota Lynx @ Golden State Valkyries,2026-08-20T02:10:00Z,Golden State Valkyries,Minnesota Lynx,Janelle Salaun,,PTS,OVER,19.5,750,FanDuel,fanduel,player_points_alternate,the-odds-api,2026-08-19T21:37:11.263300+00:00
2026-08-19,09563bab4edf9cf2073ee946ad95d61b,Minnesota Lynx @ Golden State Valkyries,2026-08-20T02:10:00Z,Golden State Valkyries,Minnesota Lynx,Tiffany Hayes,,PTS,OVER,19.5,830,FanDuel,fanduel,player_points_alternate,the-odds-api,2026-08-19T21:37:11.263300+00:00
2026-08-19,09563bab4edf9cf2073ee946ad95d61b,Minnesota Lynx @ Golden State Valkyries,2026-08-20T02:10:00Z,Golden State Valkyries,Minnesota Lynx,Olivia Miles,,PTS,OVER,14.5,-370,FanDuel,fanduel,player_points_alternate,the-odds-api,2026-08-19T21:37:11.263300+00:00
2026-08-19,09563bab4edf9cf2073ee946ad95d61b,Minnesota Lynx @ Golden State Valkyries,2026-08-20T02:10:00Z,Golden State Valkyries,Minnesota Lynx,Courtney Williams,,PTS,OVER,14.5,260,FanDuel,fanduel,player_points_alternate,the-odds-api,2026-08-19T21:37:11.263300+00:00
2026-08-19,09563bab4edf9cf2073ee946ad95d61b,Minnesota Lynx @ Golden State Valkyries,2026-08-20T02:10:00Z,Golden State Valkyries,Minnesota Lynx,Kayla McBride,,PTS,OVER,14.5,104,FanDuel,fanduel,player_points_alternate,the-odds-api,2026-08-19T21:37:11.263300+00:00
2026-08-19,09563bab4edf9cf2073ee946ad95d61b,Minnesota Lynx @ Golden State Valkyries,2026-08-20T02:10:00Z,Golden State Valkyries,Minnesota Lynx,Natasha Howard,,PTS,OVER,14.5,270,FanDuel,fanduel,player_points_alternate,the-odds-api,2026-08-19T21:37:11.263300+00:00
2026-08-19,09563bab4edf9cf2073ee946ad95d61b,Minnesota Lynx @ Golden State Valkyries,2026-08-20T02:10:00Z,Golden State Valkyries,Minnesota Lynx,Napheesa Collier,,PTS,OVER,14.5,-320,FanDuel,fanduel,player_points_alternate,the-odds-api,2026-08-19T21:37:11.263300+00:00
2026-08-19,09563bab4edf9cf2073ee946ad95d61b,Minnesota Lynx @ Golden State Valkyries,2026-08-20T02:10:00Z,Golden State Valkyries,Minnesota Lynx,Cecilia Zandalasini,,PTS,OVER,14.5,450,FanDuel,fanduel,player_points_alternate,the-odds-api,2026-08-19T21:37:11.263300+00:00
2026-08-19,09563bab4edf9cf2073ee946ad95d61b,Minnesota Lynx @ Golden State Valkyries,2026-08-20T02:10:00Z,Golden State Valkyries,Minnesota Lynx,Veronica Burton,,PTS,OVER,14.5,162,FanDuel,fanduel,player_points_alternate,the-odds-api,2026-08-19T21:37:11.263300+00:00
2026-08-19,09563bab4edf9cf2073ee946ad95d61b,Minnesota Lynx @ Golden State Valkyries,2026-08-20T02:10:00Z,Golden State Valkyries,Minnesota Lynx,Kayla Thornton,,PTS,OVER,14.5,560,FanDuel,fanduel,player_points_alternate,the-odds-api,2026-08-19T21:37:11.263300+00:00
2026-08-19,09563bab4edf9cf2073ee946ad95d61b,Minnesota Lynx @ Golden State Valkyries,2026-08-20T02:10:00Z,Golden State Valkyries,Minnesota Lynx,Gabby Williams,,PTS,OVER,14.5,104,FanDuel,fanduel,player_points_alternate,the-odds-api,2026-08-19T21:37:11.263300+00:00
2026-08-19,09563bab4edf9cf2073ee946ad95d61b,Minnesota Lynx @ Golden State Valkyries,2026-08-20T02:10:00Z,Golden State Valkyries,Minnesota Lynx,Janelle Salaun,,PTS,OVER,14.5,225,FanDuel,fanduel,player_points_alternate,the-odds-api,2026-08-19T21:37:11.263300+00:00
2026-08-19,09563bab4edf9cf2073ee946ad95d61b,Minnesota Lynx @ Golden State Valkyries,2026-08-20T02:10:00Z,Golden State Valkyries,Minnesota Lynx,Tiffany Hayes,,PTS,OVER,14.5,325,FanDuel,fanduel,player_points_alternate,the-odds-api,2026-08-19T21:37:11.263300+00:00
2026-08-19,09563bab4edf9cf2073ee946ad95d61b,Minnesota Lynx @ Golden State Valkyries,2026-08-20T02:10:00Z,Golden State Valkyries,Minnesota Lynx,Napheesa Collier,,REB,OVER,13.5,1700,FanDuel,fanduel,player_rebounds_alternate,the-odds-api,2026-08-19T21:37:11.263300+00:00
2026-08-19,09563bab4edf9cf2073ee946ad95d61b,Minnesota Lynx @ Golden State Valkyries,2026-08-20T02:10:00Z,Golden State Valkyries,Minnesota Lynx,Natasha Howard,,REB,OVER,13.5,2200,FanDuel,fanduel,player_rebounds_alternate,the-odds-api,2026-08-19T21:37:11.263300+00:00
2026-08-19,09563bab4edf9cf2073ee946ad95d61b,Minnesota Lynx @ Golden State Valkyries,2026-08-20T02:10:00Z,Golden State Valkyries,Minnesota Lynx,Napheesa Collier,,REB,OVER,5.5,-400,FanDuel,fanduel,player_rebounds_alternate,the-odds-api,2026-08-19T21:37:11.263300+00:00
2026-08-19,09563bab4edf9cf2073ee946ad95d61b,Minnesota Lynx @ Golden State Valkyries,2026-08-20T02:10:00Z,Golden State Valkyries,Minnesota Lynx,Natasha Howard,,REB,OVER,5.5,-240,FanDuel,fanduel,player_rebounds_alternate,the-odds-api,2026-08-19T21:37:11.263300+00:00
2026-08-19,09563bab4edf9cf2073ee946ad95d61b,Minnesota Lynx @ Golden State Valkyries,2026-08-20T02:10:00Z,Golden State Valkyries,Minnesota Lynx,Kiah Stokes,,REB,OVER,5.5,-114,FanDuel,fanduel,player_rebounds_alternate,the-odds-api,2026-08-19T21:37:11.263300+00:00
2026-08-19,09563bab4edf9cf2073ee946ad95d61b,Minnesota Lynx @ Golden State Valkyries,2026-08-20T02:10:00Z,Golden State Valkyries,Minnesota Lynx,Kayla Thornton,,REB,OVER,5.5,114,FanDuel,fanduel,player_rebounds_alternate,the-odds-api,2026-08-19T21:37:11.263300+00:00
2026-08-19,09563bab4edf9cf2073ee946ad95d61b,Minnesota Lynx @ Golden State Valkyries,2026-08-20T02:10:00Z,Golden State Valkyries,Minnesota Lynx,Courtney Williams,,REB,OVER,5.5,235,FanDuel,fanduel,player_rebounds_alternate,the-odds-api,2026-08-19T21:37:11.263300+00:00
2026-08-19,09563bab4edf9cf2073ee946ad95d61b,Minnesota Lynx @ Golden State Valkyries,2026-08-20T02:10:00Z,Golden State Valkyries,Minnesota Lynx,Olivia Miles,,REB,OVER,5.5,235,FanDuel,fanduel,player_rebounds_alternate,the-odds-api,2026-08-19T21:37:11.263300+00:00
2026-08-19,09563bab4edf9cf2073ee946ad95d61b,Minnesota Lynx @ Golden State Valkyries,2026-08-20T02:10:00Z,Golden State Valkyries,Minnesota Lynx,Veronica Burton,,REB,OVER,5.5,390,FanDuel,fanduel,player_rebounds_alternate,the-odds-api,2026-08-19T21:37:11.263300+00:00
2026-08-19,09563bab4edf9cf2073ee946ad95d61b,Minnesota Lynx @ Golden State Valkyries,2026-08-20T02:10:00Z,Golden State Valkyries,Minnesota Lynx,Gabby Williams,,REB,OVER,5.5,490,FanDuel,fanduel,player_rebounds_alternate,the-odds-api,2026-08-19T21:37:11.263300+00:00
2026-08-19,09563bab4edf9cf2073ee946ad95d61b,Minnesota Lynx @ Golden State Valkyries,2026-08-20T02:10:00Z,Golden State Valkyries,Minnesota Lynx,Janelle Salaun,,REB,OVER,5.5,520,FanDuel,fanduel,player_rebounds_alternate,the-odds-api,2026-08-19T21:37:11.263300+00:00
2026-08-19,09563bab4edf9cf2073ee946ad95d61b,Minnesota Lynx @ Golden State Valkyries,2026-08-20T02:10:00Z,Golden State Valkyries,Minnesota Lynx,Nia Coffey,,REB,OVER,5.5,640,FanDuel,fanduel,player_rebounds_alternate,the-odds-api,2026-08-19T21:37:11.263300+00:00
2026-08-19,09563bab4edf9cf2073ee946ad95d61b,Minnesota Lynx @ Golden State Valkyries,2026-08-20T02:10:00Z,Golden State Valkyries,Minnesota Lynx,Napheesa Collier,,REB,OVER,7.5,-108,FanDuel,fanduel,player_rebounds_alternate,the-odds-api,2026-08-19T21:37:11.263300+00:00
2026-08-19,09563bab4edf9cf2073ee946ad95d61b,Minnesota Lynx @ Golden State Valkyries,2026-08-20T02:10:00Z,Golden State Valkyries,Minnesota Lynx,Natasha Howard,,REB,OVER,7.5,142,FanDuel,fanduel,player_rebounds_alternate,the-odds-api,2026-08-19T21:37:11.263300+00:00
2026-08-19,09563bab4edf9cf2073ee946ad95d61b,Minnesota Lynx @ Golden State Valkyries,2026-08-20T02:10:00Z,Golden State Valkyries,Minnesota Lynx,Kiah Stokes,,REB,OVER,7.5,290,FanDuel,fanduel,player_rebounds_alternate,the-odds-api,2026-08-19T21:37:11.263300+00:00
2026-08-19,09563bab4edf9cf2073ee946ad95d61b,Minnesota Lynx @ Golden State Valkyries,2026-08-20T02:10:00Z,Golden State Valkyries,Minnesota Lynx,Kayla Thornton,,REB,OVER,7.5,390,FanDuel,fanduel,player_rebounds_alternate,the-odds-api,2026-08-19T21:37:11.263300+00:00
2026-08-19,09563bab4edf9cf2073ee946ad95d61b,Minnesota Lynx @ Golden State Valkyries,2026-08-20T02:10:00Z,Golden State Valkyries,Minnesota Lynx,Courtney Williams,,REB,OVER,7.5,880,FanDuel,fanduel,player_rebounds_alternate,the-odds-api,2026-08-19T21:37:11.263300+00:00
2026-08-19,09563bab4edf9cf2073ee946ad95d61b,Minnesota Lynx @ Golden State Valkyries,2026-08-20T02:10:00Z,Golden State Valkyries,Minnesota Lynx,Olivia Miles,,REB,OVER,7.5,880,FanDuel,fanduel,player_rebounds_alternate,the-odds-api,2026-08-19T21:37:11.263300+00:00
2026-08-19,09563bab4edf9cf2073ee946ad95d61b,Minnesota Lynx @ Golden State Valkyries,2026-08-20T02:10:00Z,Golden State Valkyries,Minnesota Lynx,Veronica Burton,,REB,OVER,7.5,1280,FanDuel,fanduel,player_rebounds_alternate,the-odds-api,2026-08-19T21:37:11.263300+00:00
2026-08-19,09563bab4edf9cf2073ee946ad95d61b,Minnesota Lynx @ Golden State Valkyries,2026-08-20T02:10:00Z,Golden State Valkyries,Minnesota Lynx,Napheesa Collier,,REB,OVER,3.5,-4000,FanDuel,fanduel,player_rebounds_alternate,the-odds-api,2026-08-19T21:37:11.263300+00:00
2026-08-19,09563bab4edf9cf2073ee946ad95d61b,Minnesota Lynx @ Golden State Valkyries,2026-08-20T02:10:00Z,Golden State Valkyries,Minnesota Lynx,Natasha Howard,,REB,OVER,3.5,-1450,FanDuel,fanduel,player_rebounds_alternate,the-odds-api,2026-08-19T21:37:11.263300+00:00
2026-08-19,09563bab4edf9cf2073ee946ad95d61b,Minnesota Lynx @ Golden State Valkyries,2026-08-20T02:10:00Z,Golden State Valkyries,Minnesota Lynx,Kiah Stokes,,REB,OVER,3.5,-550,FanDuel,fanduel,player_rebounds_alternate,the-odds-api,2026-08-19T21:37:11.263300+00:00
2026-08-19,09563bab4edf9cf2073ee946ad95d61b,Minnesota Lynx @ Golden State Valkyries,2026-08-20T02:10:00Z,Golden State Valkyries,Minnesota Lynx,Kayla Thornton,,REB,OVER,3.5,-420,FanDuel,fanduel,player_rebounds_alternate,the-odds-api,2026-08-19T21:37:11.263300+00:00
2026-08-19,09563bab4edf9cf2073ee946ad95d61b,Minnesota Lynx @ Golden State Valkyries,2026-08-20T02:10:00Z,Golden State Valkyries,Minnesota Lynx,Olivia Miles,,REB,OVER,3.5,-210,FanDuel,fanduel,player_rebounds_alternate,the-odds-api,2026-08-19T21:37:11.263300+00:00
2026-08-19,09563bab4edf9cf2073ee946ad95d61b,Minnesota Lynx @ Golden State Valkyries,2026-08-20T02:10:00Z,Golden State Valkyries,Minnesota Lynx,Courtney Williams,,REB,OVER,3.5,-198,FanDuel,fanduel,player_rebounds_alternate,the-odds-api,2026-08-19T21:37:11.263300+00:00
2026-08-19,09563bab4edf9cf2073ee946ad95d61b,Minnesota Lynx @ Golden State Valkyries,2026-08-20T02:10:00Z,Golden State Valkyries,Minnesota Lynx,Veronica Burton,,REB,OVER,3.5,-114,FanDuel,fanduel,player_rebounds_alternate,the-odds-api,2026-08-19T21:37:11.263300+00:00
2026-08-19,09563bab4edf9cf2073ee946ad95d61b,Minnesota Lynx @ Golden State Valkyries,2026-08-20T02:10:00Z,Golden State Valkyries,Minnesota Lynx,Gabby Williams,,REB,OVER,3.5,116,FanDuel,fanduel,player_rebounds_alternate,the-odds-api,2026-08-19T21:37:11.263300+00:00
2026-08-19,09563bab4edf9cf2073ee946ad95d61b,Minnesota Lynx @ Golden State Valkyries,2026-08-20T02:10:00Z,Golden State Valkyries,Minnesota Lynx,Janelle Salaun,,REB,OVER,3.5,122,FanDuel,fanduel,player_rebounds_alternate,the-odds-api,2026-08-19T21:37:11.263300+00:00
2026-08-19,09563bab4edf9cf2073ee946ad95d61b,Minnesota Lynx @ Golden State Valkyries,2026-08-20T02:10:00Z,Golden State Valkyries,Minnesota Lynx,Nia Coffey,,REB,OVER,3.5,182,FanDuel,fanduel,player_rebounds_alternate,the-odds-api,2026-08-19T21:37:11.263300+00:00
2026-08-19,09563bab4edf9cf2073ee946ad95d61b,Minnesota Lynx @ Golden State Valkyries,2026-08-20T02:10:00Z,Golden State Valkyries,Minnesota Lynx,Kayla McBride,,REB,OVER,3.5,250,FanDuel,fanduel,player_rebounds_alternate,the-odds-api,2026-08-19T21:37:11.263300+00:00
2026-08-19,09563bab4edf9cf2073ee946ad95d61b,Minnesota Lynx @ Golden State Valkyries,2026-08-20T02:10:00Z,Golden State Valkyries,Minnesota Lynx,Cecilia Zandalasini,,REB,OVER,3.5,310,FanDuel,fanduel,player_rebounds_alternate,the-odds-api,2026-08-19T21:37:11.263300+00:00
2026-08-19,09563bab4edf9cf2073ee946ad95d61b,Minnesota Lynx @ Golden State Valkyries,2026-08-20T02:10:00Z,Golden State Valkyries,Minnesota Lynx,Napheesa Collier,,REB,OVER,11.5,700,FanDuel,fanduel,player_rebounds_alternate,the-odds-api,2026-08-19T21:37:11.263300+00:00
2026-08-19,09563bab4edf9cf2073ee946ad95d61b,Minnesota Lynx @ Golden State Valkyries,2026-08-20T02:10:00Z,Golden State Valkyries,Minnesota Lynx,Natasha Howard,,REB,OVER,11.5,880,FanDuel,fanduel,player_rebounds_alternate,the-odds-api,2026-08-19T21:37:11.263300+00:00
2026-08-19,09563bab4edf9cf2073ee946ad95d61b,Minnesota Lynx @ Golden State Valkyries,2026-08-20T02:10:00Z,Golden State Valkyries,Minnesota Lynx,Kiah Stokes,,REB,OVER,11.5,1700,FanDuel,fanduel,player_rebounds_alternate,the-odds-api,2026-08-19T21:37:11.263300+00:00
2026-08-19,09563bab4edf9cf2073ee946ad95d61b,Minnesota Lynx @ Golden State Valkyries,2026-08-20T02:10:00Z,Golden State Valkyries,Minnesota Lynx,Napheesa Collier,,REB,OVER,9.5,250,FanDuel,fanduel,player_rebounds_alternate,the-odds-api,2026-08-19T21:37:11.263300+00:00
2026-08-19,09563bab4edf9cf2073ee946ad95d61b,Minnesota Lynx @ Golden State Valkyries,2026-08-20T02:10:00Z,Golden State Valkyries,Minnesota Lynx,Natasha Howard,,REB,OVER,9.5,350,FanDuel,fanduel,player_rebounds_alternate,the-odds-api,2026-08-19T21:37:11.263300+00:00
2026-08-19,09563bab4edf9cf2073ee946ad95d61b,Minnesota Lynx @ Golden State Valkyries,2026-08-20T02:10:00Z,Golden State Valkyries,Minnesota Lynx,Kiah Stokes,,REB,OVER,9.5,700,FanDuel,fanduel,player_rebounds_alternate,the-odds-api,2026-08-19T21:37:11.263300+00:00
2026-08-19,09563bab4edf9cf2073ee946ad95d61b,Minnesota Lynx @ Golden State Valkyries,2026-08-20T02:10:00Z,Golden State Valkyries,Minnesota Lynx,Kayla Thornton,,REB,OVER,9.5,920,FanDuel,fanduel,player_rebounds_alternate,the-odds-api,2026-08-19T21:37:11.263300+00:00
2026-08-19,09563bab4edf9cf2073ee946ad95d61b,Minnesota Lynx @ Golden State Valkyries,2026-08-20T02:10:00Z,Golden State Valkyries,Minnesota Lynx,Kayla McBride,,3PM,OVER,0.5,-3000,FanDuel,fanduel,player_threes_alternate,the-odds-api,2026-08-19T21:37:11.263300+00:00
2026-08-19,09563bab4edf9cf2073ee946ad95d61b,Minnesota Lynx @ Golden State Valkyries,2026-08-20T02:10:00Z,Golden State Valkyries,Minnesota Lynx,Janelle Salaun,,3PM,OVER,0.5,-1000,FanDuel,fanduel,player_threes_alternate,the-odds-api,2026-08-19T21:37:11.263300+00:00
2026-08-19,09563bab4edf9cf2073ee946ad95d61b,Minnesota Lynx @ Golden State Valkyries,2026-08-20T02:10:00Z,Golden State Valkyries,Minnesota Lynx,Napheesa Collier,,3PM,OVER,0.5,-580,FanDuel,fanduel,player_threes_alternate,the-odds-api,2026-08-19T21:37:11.263300+00:00
2026-08-19,09563bab4edf9cf2073ee946ad95d61b,Minnesota Lynx @ Golden State Valkyries,2026-08-20T02:10:00Z,Golden State Valkyries,Minnesota Lynx,Olivia Miles,,3PM,OVER,0.5,-500,FanDuel,fanduel,player_threes_alternate,the-odds-api,2026-08-19T21:37:11.263300+00:00
2026-08-19,09563bab4edf9cf2073ee946ad95d61b,Minnesota Lynx @ Golden State Valkyries,2026-08-20T02:10:00Z,Golden State Valkyries,Minnesota Lynx,Kayla Thornton,,3PM,OVER,0.5,-470,FanDuel,fanduel,player_threes_alternate,the-odds-api,2026-08-19T21:37:11.263300+00:00
2026-08-19,09563bab4edf9cf2073ee946ad95d61b,Minnesota Lynx @ Golden State Valkyries,2026-08-20T02:10:00Z,Golden State Valkyries,Minnesota Lynx,Gabby Williams,,3PM,OVER,0.5,-470,FanDuel,fanduel,player_threes_alternate,the-odds-api,2026-08-19T21:37:11.263300+00:00
2026-08-19,09563bab4edf9cf2073ee946ad95d61b,Minnesota Lynx @ Golden State Valkyries,2026-08-20T02:10:00Z,Golden State Valkyries,Minnesota Lynx,Veronica Burton,,3PM,OVER,0.5,-420,FanDuel,fanduel,player_threes_alternate,the-odds-api,2026-08-19T21:37:11.263300+00:00
2026-08-19,09563bab4edf9cf2073ee946ad95d61b,Minnesota Lynx @ Golden State Valkyries,2026-08-20T02:10:00Z,Golden State Valkyries,Minnesota Lynx,Cecilia Zandalasini,,3PM,OVER,0.5,-350,FanDuel,fanduel,player_threes_alternate,the-odds-api,2026-08-19T21:37:11.263300+00:00
2026-08-19,09563bab4edf9cf2073ee946ad95d61b,Minnesota Lynx @ Golden State Valkyries,2026-08-20T02:10:00Z,Golden State Valkyries,Minnesota Lynx,Courtney Williams,,3PM,OVER,0.5,-245,FanDuel,fanduel,player_threes_alternate,the-odds-api,2026-08-19T21:37:11.263300+00:00
2026-08-19,09563bab4edf9cf2073ee946ad95d61b,Minnesota Lynx @ Golden State Valkyries,2026-08-20T02:10:00Z,Golden State Valkyries,Minnesota Lynx,Nia Coffey,,3PM,OVER,0.5,-205,FanDuel,fanduel,player_threes_alternate,the-odds-api,2026-08-19T21:37:11.263300+00:00
2026-08-19,09563bab4edf9cf2073ee946ad95d61b,Minnesota Lynx @ Golden State Valkyries,2026-08-20T02:10:00Z,Golden State Valkyries,Minnesota Lynx,Tiffany Hayes,,3PM,OVER,0.5,-122,FanDuel,fanduel,player_threes_alternate,the-odds-api,2026-08-19T21:37:11.263300+00:00
2026-08-19,09563bab4edf9cf2073ee946ad95d61b,Minnesota Lynx @ Golden State Valkyries,2026-08-20T02:10:00Z,Golden State Valkyries,Minnesota Lynx,Kayla McBride,,3PM,OVER,4.5,630,FanDuel,fanduel,player_threes_alternate,the-odds-api,2026-08-19T21:37:11.263300+00:00
2026-08-19,09563bab4edf9cf2073ee946ad95d61b,Minnesota Lynx @ Golden State Valkyries,2026-08-20T02:10:00Z,Golden State Valkyries,Minnesota Lynx,Janelle Salaun,,3PM,OVER,4.5,880,FanDuel,fanduel,player_threes_alternate,the-odds-api,2026-08-19T21:37:11.263300+00:00
2026-08-19,09563bab4edf9cf2073ee946ad95d61b,Minnesota Lynx @ Golden State Valkyries,2026-08-20T02:10:00Z,Golden State Valkyries,Minnesota Lynx,Kayla McBride,,3PM,OVER,5.5,1280,FanDuel,fanduel,player_threes_alternate,the-odds-api,2026-08-19T21:37:11.263300+00:00
2026-08-19,09563bab4edf9cf2073ee946ad95d61b,Minnesota Lynx @ Golden State Valkyries,2026-08-20T02:10:00Z,Golden State Valkyries,Minnesota Lynx,Kayla McBride,,3PM,OVER,2.5,-102,FanDuel,fanduel,player_threes_alternate,the-odds-api,2026-08-19T21:37:11.263300+00:00
2026-08-19,09563bab4edf9cf2073ee946ad95d61b,Minnesota Lynx @ Golden State Valkyries,2026-08-20T02:10:00Z,Golden State Valkyries,Minnesota Lynx,Janelle Salaun,,3PM,OVER,2.5,158,FanDuel,fanduel,player_threes_alternate,the-odds-api,2026-08-19T21:37:11.263300+00:00
2026-08-19,09563bab4edf9cf2073ee946ad95d61b,Minnesota Lynx @ Golden State Valkyries,2026-08-20T02:10:00Z,Golden State Valkyries,Minnesota Lynx,Napheesa Collier,,3PM,OVER,2.5,300,FanDuel,fanduel,player_threes_alternate,the-odds-api,2026-08-19T21:37:11.263300+00:00
2026-08-19,09563bab4edf9cf2073ee946ad95d61b,Minnesota Lynx @ Golden State Valkyries,2026-08-20T02:10:00Z,Golden State Valkyries,Minnesota Lynx,Olivia Miles,,3PM,OVER,2.5,320,FanDuel,fanduel,player_threes_alternate,the-odds-api,2026-08-19T21:37:11.263300+00:00
2026-08-19,09563bab4edf9cf2073ee946ad95d61b,Minnesota Lynx @ Golden State Valkyries,2026-08-20T02:10:00Z,Golden State Valkyries,Minnesota Lynx,Kayla Thornton,,3PM,OVER,2.5,320,FanDuel,fanduel,player_threes_alternate,the-odds-api,2026-08-19T21:37:11.263300+00:00
2026-08-19,09563bab4edf9cf2073ee946ad95d61b,Minnesota Lynx @ Golden State Valkyries,2026-08-20T02:10:00Z,Golden State Valkyries,Minnesota Lynx,Gabby Williams,,3PM,OVER,2.5,320,FanDuel,fanduel,player_threes_alternate,the-odds-api,2026-08-19T21:37:11.263300+00:00
2026-08-19,09563bab4edf9cf2073ee946ad95d61b,Minnesota Lynx @ Golden State Valkyries,2026-08-20T02:10:00Z,Golden State Valkyries,Minnesota Lynx,Veronica Burton,,3PM,OVER,2.5,390,FanDuel,fanduel,player_threes_alternate,the-odds-api,2026-08-19T21:37:11.263300+00:00
2026-08-19,09563bab4edf9cf2073ee946ad95d61b,Minnesota Lynx @ Golden State Valkyries,2026-08-20T02:10:00Z,Golden State Valkyries,Minnesota Lynx,Cecilia Zandalasini,,3PM,OVER,2.5,430,FanDuel,fanduel,player_threes_alternate,the-odds-api,2026-08-19T21:37:11.263300+00:00
2026-08-19,09563bab4edf9cf2073ee946ad95d61b,Minnesota Lynx @ Golden State Valkyries,2026-08-20T02:10:00Z,Golden State Valkyries,Minnesota Lynx,Courtney Williams,,3PM,OVER,2.5,680,FanDuel,fanduel,player_threes_alternate,the-odds-api,2026-08-19T21:37:11.263300+00:00
2026-08-19,09563bab4edf9cf2073ee946ad95d61b,Minnesota Lynx @ Golden State Valkyries,2026-08-20T02:10:00Z,Golden State Valkyries,Minnesota Lynx,Nia Coffey,,3PM,OVER,2.5,680,FanDuel,fanduel,player_threes_alternate,the-odds-api,2026-08-19T21:37:11.263300+00:00
2026-08-19,09563bab4edf9cf2073ee946ad95d61b,Minnesota Lynx @ Golden State Valkyries,2026-08-20T02:10:00Z,Golden State Valkyries,Minnesota Lynx,Kayla McBride,,3PM,OVER,1.5,-320,FanDuel,fanduel,player_threes_alternate,the-odds-api,2026-08-19T21:37:11.263300+00:00
2026-08-19,09563bab4edf9cf2073ee946ad95d61b,Minnesota Lynx @ Golden State Valkyries,2026-08-20T02:10:00Z,Golden State Valkyries,Minnesota Lynx,Janelle Salaun,,3PM,OVER,1.5,-192,FanDuel,fanduel,player_threes_alternate,the-odds-api,2026-08-19T21:37:11.263300+00:00
2026-08-19,09563bab4edf9cf2073ee946ad95d61b,Minnesota Lynx @ Golden State Valkyries,2026-08-20T02:10:00Z,Golden State Valkyries,Minnesota Lynx,Napheesa Collier,,3PM,OVER,1.5,-106,FanDuel,fanduel,player_threes_alternate,the-odds-api,2026-08-19T21:37:11.263300+00:00
2026-08-19,09563bab4edf9cf2073ee946ad95d61b,Minnesota Lynx @ Golden State Valkyries,2026-08-20T02:10:00Z,Golden State Valkyries,Minnesota Lynx,Olivia Miles,,3PM,OVER,1.5,102,FanDuel,fanduel,player_threes_alternate,the-odds-api,2026-08-19T21:37:11.263300+00:00
2026-08-19,09563bab4edf9cf2073ee946ad95d61b,Minnesota Lynx @ Golden State Valkyries,2026-08-20T02:10:00Z,Golden State Valkyries,Minnesota Lynx,Kayla Thornton,,3PM,OVER,1.5,102,FanDuel,fanduel,player_threes_alternate,the-odds-api,2026-08-19T21:37:11.263300+00:00
2026-08-19,09563bab4edf9cf2073ee946ad95d61b,Minnesota Lynx @ Golden State Valkyries,2026-08-20T02:10:00Z,Golden State Valkyries,Minnesota Lynx,Gabby Williams,,3PM,OVER,1.5,102,FanDuel,fanduel,player_threes_alternate,the-odds-api,2026-08-19T21:37:11.263300+00:00
2026-08-19,09563bab4edf9cf2073ee946ad95d61b,Minnesota Lynx @ Golden State Valkyries,2026-08-20T02:10:00Z,Golden State Valkyries,Minnesota Lynx,Veronica Burton,,3PM,OVER,1.5,118,FanDuel,fanduel,player_threes_alternate,the-odds-api,2026-08-19T21:37:11.263300+00:00
2026-08-19,09563bab4edf9cf2073ee946ad95d61b,Minnesota Lynx @ Golden State Valkyries,2026-08-20T02:10:00Z,Golden State Valkyries,Minnesota Lynx,Cecilia Zandalasini,,3PM,OVER,1.5,140,FanDuel,fanduel,player_threes_alternate,the-odds-api,2026-08-19T21:37:11.263300+00:00
2026-08-19,09563bab4edf9cf2073ee946ad95d61b,Minnesota Lynx @ Golden State Valkyries,2026-08-20T02:10:00Z,Golden State Valkyries,Minnesota Lynx,Courtney Williams,,3PM,OVER,1.5,205,FanDuel,fanduel,player_threes_alternate,the-odds-api,2026-08-19T21:37:11.263300+00:00
2026-08-19,09563bab4edf9cf2073ee946ad95d61b,Minnesota Lynx @ Golden State Valkyries,2026-08-20T02:10:00Z,Golden State Valkyries,Minnesota Lynx,Nia Coffey,,3PM,OVER,1.5,225,FanDuel,fanduel,player_threes_alternate,the-odds-api,2026-08-19T21:37:11.263300+00:00
2026-08-19,09563bab4edf9cf2073ee946ad95d61b,Minnesota Lynx @ Golden State Valkyries,2026-08-20T02:10:00Z,Golden State Valkyries,Minnesota Lynx,Tiffany Hayes,,3PM,OVER,1.5,400,FanDuel,fanduel,player_threes_alternate,the-odds-api,2026-08-19T21:37:11.263300+00:00
2026-08-19,09563bab4edf9cf2073ee946ad95d61b,Minnesota Lynx @ Golden State Valkyries,2026-08-20T02:10:00Z,Golden State Valkyries,Minnesota Lynx,Kayla McBride,,3PM,OVER,3.5,250,FanDuel,fanduel,player_threes_alternate,the-odds-api,2026-08-19T21:37:11.263300+00:00
2026-08-19,09563bab4edf9cf2073ee946ad95d61b,Minnesota Lynx @ Golden State Valkyries,2026-08-20T02:10:00Z,Golden State Valkyries,Minnesota Lynx,Janelle Salaun,,3PM,OVER,3.5,370,FanDuel,fanduel,player_threes_alternate,the-odds-api,2026-08-19T21:37:11.263300+00:00
2026-08-19,09563bab4edf9cf2073ee946ad95d61b,Minnesota Lynx @ Golden State Valkyries,2026-08-20T02:10:00Z,Golden State Valkyries,Minnesota Lynx,Napheesa Collier,,3PM,OVER,3.5,800,FanDuel,fanduel,player_threes_alternate,the-odds-api,2026-08-19T21:37:11.263300+00:00
2026-08-19,09563bab4edf9cf2073ee946ad95d61b,Minnesota Lynx @ Golden State Valkyries,2026-08-20T02:10:00Z,Golden State Valkyries,Minnesota Lynx,Kayla Thornton,,3PM,OVER,3.5,850,FanDuel,fanduel,player_threes_alternate,the-odds-api,2026-08-19T21:37:11.263300+00:00
2026-08-19,09563bab4edf9cf2073ee946ad95d61b,Minnesota Lynx @ Golden State Valkyries,2026-08-20T02:10:00Z,Golden State Valkyries,Minnesota Lynx,Gabby Williams,,3PM,OVER,3.5,850,FanDuel,fanduel,player_threes_alternate,the-odds-api,2026-08-19T21:37:11.263300+00:00
2026-08-19,09563bab4edf9cf2073ee946ad95d61b,Minnesota Lynx @ Golden State Valkyries,2026-08-20T02:10:00Z,Golden State Valkyries,Minnesota Lynx,Olivia Miles,,3PM,OVER,3.5,880,FanDuel,fanduel,player_threes_alternate,the-odds-api,2026-08-19T21:37:11.263300+00:00
2026-08-19,09563bab4edf9cf2073ee946ad95d61b,Minnesota Lynx @ Golden State Valkyries,2026-08-20T02:10:00Z,Golden State Valkyries,Minnesota Lynx,Veronica Burton,,3PM,OVER,3.5,920,FanDuel,fanduel,player_threes_alternate,the-odds-api,2026-08-19T21:37:11.263300+00:00
2026-08-19,09563bab4edf9cf2073ee946ad95d61b,Minnesota Lynx @ Golden State Valkyries,2026-08-20T02:10:00Z,Golden State Valkyries,Minnesota Lynx,Cecilia Zandalasini,,3PM,OVER,3.5,1100,FanDuel,fanduel,player_threes_alternate,the-odds-api,2026-08-19T21:37:11.263300+00:00
