game_date,event_id,game,game_time,home_team,away_team,player,team,stat,side,threshold,odds,sportsbook,sportsbook_key,market_key,source,scraped_at
2026-08-20,bc3ff76ba21ecf6ee8a5ac2067a5aa81,Indiana Fever @ Dallas Wings,2026-08-21T00:00:00Z,Dallas Wings,Indiana Fever,Caitlin Clark,,AST,OVER,11.5,300,FanDuel,fanduel,player_assists_alternate,the-odds-api,2026-08-20T14:45:06.151561+00:00
2026-08-20,bc3ff76ba21ecf6ee8a5ac2067a5aa81,Indiana Fever @ Dallas Wings,2026-08-21T00:00:00Z,Dallas Wings,Indiana Fever,Paige Bueckers,,AST,OVER,11.5,1700,FanDuel,fanduel,player_assists_alternate,the-odds-api,2026-08-20T14:45:06.151561+00:00
2026-08-20,bc3ff76ba21ecf6ee8a5ac2067a5aa81,Indiana Fever @ Dallas Wings,2026-08-21T00:00:00Z,Dallas Wings,Indiana Fever,Caitlin Clark,,AST,OVER,9.5,102,FanDuel,fanduel,player_assists_alternate,the-odds-api,2026-08-20T14:45:06.151561+00:00
2026-08-20,bc3ff76ba21ecf6ee8a5ac2067a5aa81,Indiana Fever @ Dallas Wings,2026-08-21T00:00:00Z,Dallas Wings,Indiana Fever,Paige Bueckers,,AST,OVER,9.5,640,FanDuel,fanduel,player_assists_alternate,the-odds-api,2026-08-20T14:45:06.151561+00:00
2026-08-20,bc3ff76ba21ecf6ee8a5ac2067a5aa81,Indiana Fever @ Dallas Wings,2026-08-21T00:00:00Z,Dallas Wings,Indiana Fever,Jessica Shepard,,AST,OVER,9.5,1280,FanDuel,fanduel,player_assists_alternate,the-odds-api,2026-08-20T14:45:06.151561+00:00
2026-08-20,bc3ff76ba21ecf6ee8a5ac2067a5aa81,Indiana Fever @ Dallas Wings,2026-08-21T00:00:00Z,Dallas Wings,Indiana Fever,Caitlin Clark,,AST,OVER,13.5,800,FanDuel,fanduel,player_assists_alternate,the-odds-api,2026-08-20T14:45:06.151561+00:00
2026-08-20,bc3ff76ba21ecf6ee8a5ac2067a5aa81,Indiana Fever @ Dallas Wings,2026-08-21T00:00:00Z,Dallas Wings,Indiana Fever,Arike Ogunbowale,,AST,OVER,1.5,-800,FanDuel,fanduel,player_assists_alternate,the-odds-api,2026-08-20T14:45:06.151561+00:00
2026-08-20,bc3ff76ba21ecf6ee8a5ac2067a5aa81,Indiana Fever @ Dallas Wings,2026-08-21T00:00:00Z,Dallas Wings,Indiana Fever,Aliyah Boston,,AST,OVER,1.5,-580,FanDuel,fanduel,player_assists_alternate,the-odds-api,2026-08-20T14:45:06.151561+00:00
2026-08-20,bc3ff76ba21ecf6ee8a5ac2067a5aa81,Indiana Fever @ Dallas Wings,2026-08-21T00:00:00Z,Dallas Wings,Indiana Fever,Odyssey Sims,,AST,OVER,1.5,-420,FanDuel,fanduel,player_assists_alternate,the-odds-api,2026-08-20T14:45:06.151561+00:00
2026-08-20,bc3ff76ba21ecf6ee8a5ac2067a5aa81,Indiana Fever @ Dallas Wings,2026-08-21T00:00:00Z,Dallas Wings,Indiana Fever,Kelsey Mitchell,,AST,OVER,1.5,-230,FanDuel,fanduel,player_assists_alternate,the-odds-api,2026-08-20T14:45:06.151561+00:00
2026-08-20,bc3ff76ba21ecf6ee8a5ac2067a5aa81,Indiana Fever @ Dallas Wings,2026-08-21T00:00:00Z,Dallas Wings,Indiana Fever,Sophie Cunningham,,AST,OVER,1.5,108,FanDuel,fanduel,player_assists_alternate,the-odds-api,2026-08-20T14:45:06.151561+00:00
2026-08-20,bc3ff76ba21ecf6ee8a5ac2067a5aa81,Indiana Fever @ Dallas Wings,2026-08-21T00:00:00Z,Dallas Wings,Indiana Fever,Caitlin Clark,,AST,OVER,5.5,-1450,FanDuel,fanduel,player_assists_alternate,the-odds-api,2026-08-20T14:45:06.151561+00:00
2026-08-20,bc3ff76ba21ecf6ee8a5ac2067a5aa81,Indiana Fever @ Dallas Wings,2026-08-21T00:00:00Z,Dallas Wings,Indiana Fever,Paige Bueckers,,AST,OVER,5.5,-162,FanDuel,fanduel,player_assists_alternate,the-odds-api,2026-08-20T14:45:06.151561+00:00
2026-08-20,bc3ff76ba21ecf6ee8a5ac2067a5aa81,Indiana Fever @ Dallas Wings,2026-08-21T00:00:00Z,Dallas Wings,Indiana Fever,Jessica Shepard,,AST,OVER,5.5,152,FanDuel,fanduel,player_assists_alternate,the-odds-api,2026-08-20T14:45:06.151561+00:00
2026-08-20,bc3ff76ba21ecf6ee8a5ac2067a5aa81,Indiana Fever @ Dallas Wings,2026-08-21T00:00:00Z,Dallas Wings,Indiana Fever,Arike Ogunbowale,,AST,OVER,5.5,550,FanDuel,fanduel,player_assists_alternate,the-odds-api,2026-08-20T14:45:06.151561+00:00
2026-08-20,bc3ff76ba21ecf6ee8a5ac2067a5aa81,Indiana Fever @ Dallas Wings,2026-08-21T00:00:00Z,Dallas Wings,Indiana Fever,Aliyah Boston,,AST,OVER,5.5,750,FanDuel,fanduel,player_assists_alternate,the-odds-api,2026-08-20T14:45:06.151561+00:00
2026-08-20,bc3ff76ba21ecf6ee8a5ac2067a5aa81,Indiana Fever @ Dallas Wings,2026-08-21T00:00:00Z,Dallas Wings,Indiana Fever,Odyssey Sims,,AST,OVER,5.5,800,FanDuel,fanduel,player_assists_alternate,the-odds-api,2026-08-20T14:45:06.151561+00:00
2026-08-20,bc3ff76ba21ecf6ee8a5ac2067a5aa81,Indiana Fever @ Dallas Wings,2026-08-21T00:00:00Z,Dallas Wings,Indiana Fever,Caitlin Clark,,AST,OVER,7.5,-280,FanDuel,fanduel,player_assists_alternate,the-odds-api,2026-08-20T14:45:06.151561+00:00
2026-08-20,bc3ff76ba21ecf6ee8a5ac2067a5aa81,Indiana Fever @ Dallas Wings,2026-08-21T00:00:00Z,Dallas Wings,Indiana Fever,Paige Bueckers,,AST,OVER,7.5,230,FanDuel,fanduel,player_assists_alternate,the-odds-api,2026-08-20T14:45:06.151561+00:00
2026-08-20,bc3ff76ba21ecf6ee8a5ac2067a5aa81,Indiana Fever @ Dallas Wings,2026-08-21T00:00:00Z,Dallas Wings,Indiana Fever,Jessica Shepard,,AST,OVER,7.5,550,FanDuel,fanduel,player_assists_alternate,the-odds-api,2026-08-20T14:45:06.151561+00:00
2026-08-20,bc3ff76ba21ecf6ee8a5ac2067a5aa81,Indiana Fever @ Dallas Wings,2026-08-21T00:00:00Z,Dallas Wings,Indiana Fever,Paige Bueckers,,AST,OVER,3.5,-900,FanDuel,fanduel,player_assists_alternate,the-odds-api,2026-08-20T14:45:06.151561+00:00
2026-08-20,bc3ff76ba21ecf6ee8a5ac2067a5aa81,Indiana Fever @ Dallas Wings,2026-08-21T00:00:00Z,Dallas Wings,Indiana Fever,Jessica Shepard,,AST,OVER,3.5,-320,FanDuel,fanduel,player_assists_alternate,the-odds-api,2026-08-20T14:45:06.151561+00:00
2026-08-20,bc3ff76ba21ecf6ee8a5ac2067a5aa81,Indiana Fever @ Dallas Wings,2026-08-21T00:00:00Z,Dallas Wings,Indiana Fever,Arike Ogunbowale,,AST,OVER,3.5,116,FanDuel,fanduel,player_assists_alternate,the-odds-api,2026-08-20T14:45:06.151561+00:00
2026-08-20,bc3ff76ba21ecf6ee8a5ac2067a5aa81,Indiana Fever @ Dallas Wings,2026-08-21T00:00:00Z,Dallas Wings,Indiana Fever,Aliyah Boston,,AST,OVER,3.5,158,FanDuel,fanduel,player_assists_alternate,the-odds-api,2026-08-20T14:45:06.151561+00:00
2026-08-20,bc3ff76ba21ecf6ee8a5ac2067a5aa81,Indiana Fever @ Dallas Wings,2026-08-21T00:00:00Z,Dallas Wings,Indiana Fever,Odyssey Sims,,AST,OVER,3.5,182,FanDuel,fanduel,player_assists_alternate,the-odds-api,2026-08-20T14:45:06.151561+00:00
2026-08-20,bc3ff76ba21ecf6ee8a5ac2067a5aa81,Indiana Fever @ Dallas Wings,2026-08-21T00:00:00Z,Dallas Wings,Indiana Fever,Kelsey Mitchell,,AST,OVER,3.5,400,FanDuel,fanduel,player_assists_alternate,the-odds-api,2026-08-20T14:45:06.151561+00:00
2026-08-20,bc3ff76ba21ecf6ee8a5ac2067a5aa81,Indiana Fever @ Dallas Wings,2026-08-21T00:00:00Z,Dallas Wings,Indiana Fever,Caitlin Clark,,PTS,OVER,14.5,-1450,FanDuel,fanduel,player_points_alternate,the-odds-api,2026-08-20T14:45:06.151561+00:00
2026-08-20,bc3ff76ba21ecf6ee8a5ac2067a5aa81,Indiana Fever @ Dallas Wings,2026-08-21T00:00:00Z,Dallas Wings,Indiana Fever,Kelsey Mitchell,,PTS,OVER,14.5,-2200,FanDuel,fanduel,player_points_alternate,the-odds-api,2026-08-20T14:45:06.151561+00:00
2026-08-20,bc3ff76ba21ecf6ee8a5ac2067a5aa81,Indiana Fever @ Dallas Wings,2026-08-21T00:00:00Z,Dallas Wings,Indiana Fever,Aliyah Boston,,PTS,OVER,14.5,-205,FanDuel,fanduel,player_points_alternate,the-odds-api,2026-08-20T14:45:06.151561+00:00
2026-08-20,bc3ff76ba21ecf6ee8a5ac2067a5aa81,Indiana Fever @ Dallas Wings,2026-08-21T00:00:00Z,Dallas Wings,Indiana Fever,Makayla Timpson,,PTS,OVER,14.5,670,FanDuel,fanduel,player_points_alternate,the-odds-api,2026-08-20T14:45:06.151561+00:00
2026-08-20,bc3ff76ba21ecf6ee8a5ac2067a5aa81,Indiana Fever @ Dallas Wings,2026-08-21T00:00:00Z,Dallas Wings,Indiana Fever,Sophie Cunningham,,PTS,OVER,14.5,900,FanDuel,fanduel,player_points_alternate,the-odds-api,2026-08-20T14:45:06.151561+00:00
2026-08-20,bc3ff76ba21ecf6ee8a5ac2067a5aa81,Indiana Fever @ Dallas Wings,2026-08-21T00:00:00Z,Dallas Wings,Indiana Fever,Paige Bueckers,,PTS,OVER,14.5,-660,FanDuel,fanduel,player_points_alternate,the-odds-api,2026-08-20T14:45:06.151561+00:00
2026-08-20,bc3ff76ba21ecf6ee8a5ac2067a5aa81,Indiana Fever @ Dallas Wings,2026-08-21T00:00:00Z,Dallas Wings,Indiana Fever,Jessica Shepard,,PTS,OVER,14.5,125,FanDuel,fanduel,player_points_alternate,the-odds-api,2026-08-20T14:45:06.151561+00:00
2026-08-20,bc3ff76ba21ecf6ee8a5ac2067a5aa81,Indiana Fever @ Dallas Wings,2026-08-21T00:00:00Z,Dallas Wings,Indiana Fever,Arike Ogunbowale,,PTS,OVER,14.5,-210,FanDuel,fanduel,player_points_alternate,the-odds-api,2026-08-20T14:45:06.151561+00:00
2026-08-20,bc3ff76ba21ecf6ee8a5ac2067a5aa81,Indiana Fever @ Dallas Wings,2026-08-21T00:00:00Z,Dallas Wings,Indiana Fever,Alanna Smith,,PTS,OVER,14.5,305,FanDuel,fanduel,player_points_alternate,the-odds-api,2026-08-20T14:45:06.151561+00:00
2026-08-20,bc3ff76ba21ecf6ee8a5ac2067a5aa81,Indiana Fever @ Dallas Wings,2026-08-21T00:00:00Z,Dallas Wings,Indiana Fever,Odyssey Sims,,PTS,OVER,14.5,680,FanDuel,fanduel,player_points_alternate,the-odds-api,2026-08-20T14:45:06.151561+00:00
2026-08-20,bc3ff76ba21ecf6ee8a5ac2067a5aa81,Indiana Fever @ Dallas Wings,2026-08-21T00:00:00Z,Dallas Wings,Indiana Fever,Awak Kuier,,PTS,OVER,14.5,900,FanDuel,fanduel,player_points_alternate,the-odds-api,2026-08-20T14:45:06.151561+00:00
2026-08-20,bc3ff76ba21ecf6ee8a5ac2067a5aa81,Indiana Fever @ Dallas Wings,2026-08-21T00:00:00Z,Dallas Wings,Indiana Fever,Caitlin Clark,,PTS,OVER,29.5,350,FanDuel,fanduel,player_points_alternate,the-odds-api,2026-08-20T14:45:06.151561+00:00
2026-08-20,bc3ff76ba21ecf6ee8a5ac2067a5aa81,Indiana Fever @ Dallas Wings,2026-08-21T00:00:00Z,Dallas Wings,Indiana Fever,Kelsey Mitchell,,PTS,OVER,29.5,250,FanDuel,fanduel,player_points_alternate,the-odds-api,2026-08-20T14:45:06.151561+00:00
2026-08-20,bc3ff76ba21ecf6ee8a5ac2067a5aa81,Indiana Fever @ Dallas Wings,2026-08-21T00:00:00Z,Dallas Wings,Indiana Fever,Aliyah Boston,,PTS,OVER,29.5,1700,FanDuel,fanduel,player_points_alternate,the-odds-api,2026-08-20T14:45:06.151561+00:00
2026-08-20,bc3ff76ba21ecf6ee8a5ac2067a5aa81,Indiana Fever @ Dallas Wings,2026-08-21T00:00:00Z,Dallas Wings,Indiana Fever,Paige Bueckers,,PTS,OVER,29.5,670,FanDuel,fanduel,player_points_alternate,the-odds-api,2026-08-20T14:45:06.151561+00:00
2026-08-20,bc3ff76ba21ecf6ee8a5ac2067a5aa81,Indiana Fever @ Dallas Wings,2026-08-21T00:00:00Z,Dallas Wings,Indiana Fever,Arike Ogunbowale,,PTS,OVER,29.5,1600,FanDuel,fanduel,player_points_alternate,the-odds-api,2026-08-20T14:45:06.151561+00:00
2026-08-20,bc3ff76ba21ecf6ee8a5ac2067a5aa81,Indiana Fever @ Dallas Wings,2026-08-21T00:00:00Z,Dallas Wings,Indiana Fever,Caitlin Clark,,PTS,OVER,34.5,940,FanDuel,fanduel,player_points_alternate,the-odds-api,2026-08-20T14:45:06.151561+00:00
2026-08-20,bc3ff76ba21ecf6ee8a5ac2067a5aa81,Indiana Fever @ Dallas Wings,2026-08-21T00:00:00Z,Dallas Wings,Indiana Fever,Kelsey Mitchell,,PTS,OVER,34.5,670,FanDuel,fanduel,player_points_alternate,the-odds-api,2026-08-20T14:45:06.151561+00:00
2026-08-20,bc3ff76ba21ecf6ee8a5ac2067a5aa81,Indiana Fever @ Dallas Wings,2026-08-21T00:00:00Z,Dallas Wings,Indiana Fever,Paige Bueckers,,PTS,OVER,34.5,1600,FanDuel,fanduel,player_points_alternate,the-odds-api,2026-08-20T14:45:06.151561+00:00
2026-08-20,bc3ff76ba21ecf6ee8a5ac2067a5aa81,Indiana Fever @ Dallas Wings,2026-08-21T00:00:00Z,Dallas Wings,Indiana Fever,Caitlin Clark,,PTS,OVER,24.5,126,FanDuel,fanduel,player_points_alternate,the-odds-api,2026-08-20T14:45:06.151561+00:00
2026-08-20,bc3ff76ba21ecf6ee8a5ac2067a5aa81,Indiana Fever @ Dallas Wings,2026-08-21T00:00:00Z,Dallas Wings,Indiana Fever,Kelsey Mitchell,,PTS,OVER,24.5,-113,FanDuel,fanduel,player_points_alternate,the-odds-api,2026-08-20T14:45:06.151561+00:00
2026-08-20,bc3ff76ba21ecf6ee8a5ac2067a5aa81,Indiana Fever @ Dallas Wings,2026-08-21T00:00:00Z,Dallas Wings,Indiana Fever,Aliyah Boston,,PTS,OVER,24.5,630,FanDuel,fanduel,player_points_alternate,the-odds-api,2026-08-20T14:45:06.151561+00:00
2026-08-20,bc3ff76ba21ecf6ee8a5ac2067a5aa81,Indiana Fever @ Dallas Wings,2026-08-21T00:00:00Z,Dallas Wings,Indiana Fever,Paige Bueckers,,PTS,OVER,24.5,230,FanDuel,fanduel,player_points_alternate,the-odds-api,2026-08-20T14:45:06.151561+00:00
2026-08-20,bc3ff76ba21ecf6ee8a5ac2067a5aa81,Indiana Fever @ Dallas Wings,2026-08-21T00:00:00Z,Dallas Wings,Indiana Fever,Jessica Shepard,,PTS,OVER,24.5,1400,FanDuel,fanduel,player_points_alternate,the-odds-api,2026-08-20T14:45:06.151561+00:00
2026-08-20,bc3ff76ba21ecf6ee8a5ac2067a5aa81,Indiana Fever @ Dallas Wings,2026-08-21T00:00:00Z,Dallas Wings,Indiana Fever,Arike Ogunbowale,,PTS,OVER,24.5,600,FanDuel,fanduel,player_points_alternate,the-odds-api,2026-08-20T14:45:06.151561+00:00
2026-08-20,bc3ff76ba21ecf6ee8a5ac2067a5aa81,Indiana Fever @ Dallas Wings,2026-08-21T00:00:00Z,Dallas Wings,Indiana Fever,Caitlin Clark,,PTS,OVER,39.5,2500,FanDuel,fanduel,player_points_alternate,the-odds-api,2026-08-20T14:45:06.151561+00:00
2026-08-20,bc3ff76ba21ecf6ee8a5ac2067a5aa81,Indiana Fever @ Dallas Wings,2026-08-21T00:00:00Z,Dallas Wings,Indiana Fever,Kelsey Mitchell,,PTS,OVER,39.5,1600,FanDuel,fanduel,player_points_alternate,the-odds-api,2026-08-20T14:45:06.151561+00:00
2026-08-20,bc3ff76ba21ecf6ee8a5ac2067a5aa81,Indiana Fever @ Dallas Wings,2026-08-21T00:00:00Z,Dallas Wings,Indiana Fever,Caitlin Clark,,PTS,OVER,19.5,-265,FanDuel,fanduel,player_points_alternate,the-odds-api,2026-08-20T14:45:06.151561+00:00
2026-08-20,bc3ff76ba21ecf6ee8a5ac2067a5aa81,Indiana Fever @ Dallas Wings,2026-08-21T00:00:00Z,Dallas Wings,Indiana Fever,Kelsey Mitchell,,PTS,OVER,19.5,-380,FanDuel,fanduel,player_points_alternate,the-odds-api,2026-08-20T14:45:06.151561+00:00
2026-08-20,bc3ff76ba21ecf6ee8a5ac2067a5aa81,Indiana Fever @ Dallas Wings,2026-08-21T00:00:00Z,Dallas Wings,Indiana Fever,Aliyah Boston,,PTS,OVER,19.5,185,FanDuel,fanduel,player_points_alternate,the-odds-api,2026-08-20T14:45:06.151561+00:00
2026-08-20,bc3ff76ba21ecf6ee8a5ac2067a5aa81,Indiana Fever @ Dallas Wings,2026-08-21T00:00:00Z,Dallas Wings,Indiana Fever,Paige Bueckers,,PTS,OVER,19.5,-152,FanDuel,fanduel,player_points_alternate,the-odds-api,2026-08-20T14:45:06.151561+00:00
2026-08-20,bc3ff76ba21ecf6ee8a5ac2067a5aa81,Indiana Fever @ Dallas Wings,2026-08-21T00:00:00Z,Dallas Wings,Indiana Fever,Jessica Shepard,,PTS,OVER,19.5,460,FanDuel,fanduel,player_points_alternate,the-odds-api,2026-08-20T14:45:06.151561+00:00
2026-08-20,bc3ff76ba21ecf6ee8a5ac2067a5aa81,Indiana Fever @ Dallas Wings,2026-08-21T00:00:00Z,Dallas Wings,Indiana Fever,Arike Ogunbowale,,PTS,OVER,19.5,185,FanDuel,fanduel,player_points_alternate,the-odds-api,2026-08-20T14:45:06.151561+00:00
2026-08-20,bc3ff76ba21ecf6ee8a5ac2067a5aa81,Indiana Fever @ Dallas Wings,2026-08-21T00:00:00Z,Dallas Wings,Indiana Fever,Alanna Smith,,PTS,OVER,19.5,1100,FanDuel,fanduel,player_points_alternate,the-odds-api,2026-08-20T14:45:06.151561+00:00
2026-08-20,bc3ff76ba21ecf6ee8a5ac2067a5aa81,Indiana Fever @ Dallas Wings,2026-08-21T00:00:00Z,Dallas Wings,Indiana Fever,Aliyah Boston,,PTS,OVER,9.5,-1500,FanDuel,fanduel,player_points_alternate,the-odds-api,2026-08-20T14:45:06.151561+00:00
2026-08-20,bc3ff76ba21ecf6ee8a5ac2067a5aa81,Indiana Fever @ Dallas Wings,2026-08-21T00:00:00Z,Dallas Wings,Indiana Fever,Makayla Timpson,,PTS,OVER,9.5,146,FanDuel,fanduel,player_points_alternate,the-odds-api,2026-08-20T14:45:06.151561+00:00
2026-08-20,bc3ff76ba21ecf6ee8a5ac2067a5aa81,Indiana Fever @ Dallas Wings,2026-08-21T00:00:00Z,Dallas Wings,Indiana Fever,Sophie Cunningham,,PTS,OVER,9.5,205,FanDuel,fanduel,player_points_alternate,the-odds-api,2026-08-20T14:45:06.151561+00:00
2026-08-20,bc3ff76ba21ecf6ee8a5ac2067a5aa81,Indiana Fever @ Dallas Wings,2026-08-21T00:00:00Z,Dallas Wings,Indiana Fever,Lexie Hull,,PTS,OVER,9.5,790,FanDuel,fanduel,player_points_alternate,the-odds-api,2026-08-20T14:45:06.151561+00:00
2026-08-20,bc3ff76ba21ecf6ee8a5ac2067a5aa81,Indiana Fever @ Dallas Wings,2026-08-21T00:00:00Z,Dallas Wings,Indiana Fever,Jessica Shepard,,PTS,OVER,9.5,-405,FanDuel,fanduel,player_points_alternate,the-odds-api,2026-08-20T14:45:06.151561+00:00
2026-08-20,bc3ff76ba21ecf6ee8a5ac2067a5aa81,Indiana Fever @ Dallas Wings,2026-08-21T00:00:00Z,Dallas Wings,Indiana Fever,Arike Ogunbowale,,PTS,OVER,9.5,-1300,FanDuel,fanduel,player_points_alternate,the-odds-api,2026-08-20T14:45:06.151561+00:00
2026-08-20,bc3ff76ba21ecf6ee8a5ac2067a5aa81,Indiana Fever @ Dallas Wings,2026-08-21T00:00:00Z,Dallas Wings,Indiana Fever,Alanna Smith,,PTS,OVER,9.5,-160,FanDuel,fanduel,player_points_alternate,the-odds-api,2026-08-20T14:45:06.151561+00:00
2026-08-20,bc3ff76ba21ecf6ee8a5ac2067a5aa81,Indiana Fever @ Dallas Wings,2026-08-21T00:00:00Z,Dallas Wings,Indiana Fever,Odyssey Sims,,PTS,OVER,9.5,154,FanDuel,fanduel,player_points_alternate,the-odds-api,2026-08-20T14:45:06.151561+00:00
2026-08-20,bc3ff76ba21ecf6ee8a5ac2067a5aa81,Indiana Fever @ Dallas Wings,2026-08-21T00:00:00Z,Dallas Wings,Indiana Fever,Alysha Clark,,PTS,OVER,9.5,550,FanDuel,fanduel,player_points_alternate,the-odds-api,2026-08-20T14:45:06.151561+00:00
2026-08-20,bc3ff76ba21ecf6ee8a5ac2067a5aa81,Indiana Fever @ Dallas Wings,2026-08-21T00:00:00Z,Dallas Wings,Indiana Fever,Awak Kuier,,PTS,OVER,9.5,220,FanDuel,fanduel,player_points_alternate,the-odds-api,2026-08-20T14:45:06.151561+00:00
2026-08-20,bc3ff76ba21ecf6ee8a5ac2067a5aa81,Indiana Fever @ Dallas Wings,2026-08-21T00:00:00Z,Dallas Wings,Indiana Fever,Jessica Shepard,,REB,OVER,7.5,-550,FanDuel,fanduel,player_rebounds_alternate,the-odds-api,2026-08-20T14:45:06.151561+00:00
2026-08-20,bc3ff76ba21ecf6ee8a5ac2067a5aa81,Indiana Fever @ Dallas Wings,2026-08-21T00:00:00Z,Dallas Wings,Indiana Fever,Aliyah Boston,,REB,OVER,7.5,-250,FanDuel,fanduel,player_rebounds_alternate,the-odds-api,2026-08-20T14:45:06.151561+00:00
2026-08-20,bc3ff76ba21ecf6ee8a5ac2067a5aa81,Indiana Fever @ Dallas Wings,2026-08-21T00:00:00Z,Dallas Wings,Indiana Fever,Makayla Timpson,,REB,OVER,7.5,200,FanDuel,fanduel,player_rebounds_alternate,the-odds-api,2026-08-20T14:45:06.151561+00:00
2026-08-20,bc3ff76ba21ecf6ee8a5ac2067a5aa81,Indiana Fever @ Dallas Wings,2026-08-21T00:00:00Z,Dallas Wings,Indiana Fever,Alanna Smith,,REB,OVER,7.5,265,FanDuel,fanduel,player_rebounds_alternate,the-odds-api,2026-08-20T14:45:06.151561+00:00
2026-08-20,bc3ff76ba21ecf6ee8a5ac2067a5aa81,Indiana Fever @ Dallas Wings,2026-08-21T00:00:00Z,Dallas Wings,Indiana Fever,Awak Kuier,,REB,OVER,7.5,520,FanDuel,fanduel,player_rebounds_alternate,the-odds-api,2026-08-20T14:45:06.151561+00:00
2026-08-20,bc3ff76ba21ecf6ee8a5ac2067a5aa81,Indiana Fever @ Dallas Wings,2026-08-21T00:00:00Z,Dallas Wings,Indiana Fever,Caitlin Clark,,REB,OVER,7.5,1100,FanDuel,fanduel,player_rebounds_alternate,the-odds-api,2026-08-20T14:45:06.151561+00:00
2026-08-20,bc3ff76ba21ecf6ee8a5ac2067a5aa81,Indiana Fever @ Dallas Wings,2026-08-21T00:00:00Z,Dallas Wings,Indiana Fever,Paige Bueckers,,REB,OVER,7.5,1200,FanDuel,fanduel,player_rebounds_alternate,the-odds-api,2026-08-20T14:45:06.151561+00:00
2026-08-20,bc3ff76ba21ecf6ee8a5ac2067a5aa81,Indiana Fever @ Dallas Wings,2026-08-21T00:00:00Z,Dallas Wings,Indiana Fever,Jessica Shepard,,REB,OVER,15.5,800,FanDuel,fanduel,player_rebounds_alternate,the-odds-api,2026-08-20T14:45:06.151561+00:00
2026-08-20,bc3ff76ba21ecf6ee8a5ac2067a5aa81,Indiana Fever @ Dallas Wings,2026-08-21T00:00:00Z,Dallas Wings,Indiana Fever,Aliyah Boston,,REB,OVER,15.5,1500,FanDuel,fanduel,player_rebounds_alternate,the-odds-api,2026-08-20T14:45:06.151561+00:00
2026-08-20,bc3ff76ba21ecf6ee8a5ac2067a5aa81,Indiana Fever @ Dallas Wings,2026-08-21T00:00:00Z,Dallas Wings,Indiana Fever,Jessica Shepard,,REB,OVER,13.5,350,FanDuel,fanduel,player_rebounds_alternate,the-odds-api,2026-08-20T14:45:06.151561+00:00
2026-08-20,bc3ff76ba21ecf6ee8a5ac2067a5aa81,Indiana Fever @ Dallas Wings,2026-08-21T00:00:00Z,Dallas Wings,Indiana Fever,Aliyah Boston,,REB,OVER,13.5,700,FanDuel,fanduel,player_rebounds_alternate,the-odds-api,2026-08-20T14:45:06.151561+00:00
2026-08-20,bc3ff76ba21ecf6ee8a5ac2067a5aa81,Indiana Fever @ Dallas Wings,2026-08-21T00:00:00Z,Dallas Wings,Indiana Fever,Jessica Shepard,,REB,OVER,5.5,-3500,FanDuel,fanduel,player_rebounds_alternate,the-odds-api,2026-08-20T14:45:06.151561+00:00
2026-08-20,bc3ff76ba21ecf6ee8a5ac2067a5aa81,Indiana Fever @ Dallas Wings,2026-08-21T00:00:00Z,Dallas Wings,Indiana Fever,Aliyah Boston,,REB,OVER,5.5,-1100,FanDuel,fanduel,player_rebounds_alternate,the-odds-api,2026-08-20T14:45:06.151561+00:00
2026-08-20,bc3ff76ba21ecf6ee8a5ac2067a5aa81,Indiana Fever @ Dallas Wings,2026-08-21T00:00:00Z,Dallas Wings,Indiana Fever,Makayla Timpson,,REB,OVER,5.5,-186,FanDuel,fanduel,player_rebounds_alternate,the-odds-api,2026-08-20T14:45:06.151561+00:00
2026-08-20,bc3ff76ba21ecf6ee8a5ac2067a5aa81,Indiana Fever @ Dallas Wings,2026-08-21T00:00:00Z,Dallas Wings,Indiana Fever,Alanna Smith,,REB,OVER,5.5,-132,FanDuel,fanduel,player_rebounds_alternate,the-odds-api,2026-08-20T14:45:06.151561+00:00
2026-08-20,bc3ff76ba21ecf6ee8a5ac2067a5aa81,Indiana Fever @ Dallas Wings,2026-08-21T00:00:00Z,Dallas Wings,Indiana Fever,Awak Kuier,,REB,OVER,5.5,158,FanDuel,fanduel,player_rebounds_alternate,the-odds-api,2026-08-20T14:45:06.151561+00:00
2026-08-20,bc3ff76ba21ecf6ee8a5ac2067a5aa81,Indiana Fever @ Dallas Wings,2026-08-21T00:00:00Z,Dallas Wings,Indiana Fever,Caitlin Clark,,REB,OVER,5.5,300,FanDuel,fanduel,player_rebounds_alternate,the-odds-api,2026-08-20T14:45:06.151561+00:00
2026-08-20,bc3ff76ba21ecf6ee8a5ac2067a5aa81,Indiana Fever @ Dallas Wings,2026-08-21T00:00:00Z,Dallas Wings,Indiana Fever,Paige Bueckers,,REB,OVER,5.5,320,FanDuel,fanduel,player_rebounds_alternate,the-odds-api,2026-08-20T14:45:06.151561+00:00
2026-08-20,bc3ff76ba21ecf6ee8a5ac2067a5aa81,Indiana Fever @ Dallas Wings,2026-08-21T00:00:00Z,Dallas Wings,Indiana Fever,Arike Ogunbowale,,REB,OVER,5.5,520,FanDuel,fanduel,player_rebounds_alternate,the-odds-api,2026-08-20T14:45:06.151561+00:00
2026-08-20,bc3ff76ba21ecf6ee8a5ac2067a5aa81,Indiana Fever @ Dallas Wings,2026-08-21T00:00:00Z,Dallas Wings,Indiana Fever,Lexie Hull,,REB,OVER,5.5,880,FanDuel,fanduel,player_rebounds_alternate,the-odds-api,2026-08-20T14:45:06.151561+00:00
2026-08-20,bc3ff76ba21ecf6ee8a5ac2067a5aa81,Indiana Fever @ Dallas Wings,2026-08-21T00:00:00Z,Dallas Wings,Indiana Fever,Jessica Shepard,,REB,OVER,9.5,-205,FanDuel,fanduel,player_rebounds_alternate,the-odds-api,2026-08-20T14:45:06.151561+00:00
2026-08-20,bc3ff76ba21ecf6ee8a5ac2067a5aa81,Indiana Fever @ Dallas Wings,2026-08-21T00:00:00Z,Dallas Wings,Indiana Fever,Aliyah Boston,,REB,OVER,9.5,104,FanDuel,fanduel,player_rebounds_alternate,the-odds-api,2026-08-20T14:45:06.151561+00:00
2026-08-20,bc3ff76ba21ecf6ee8a5ac2067a5aa81,Indiana Fever @ Dallas Wings,2026-08-21T00:00:00Z,Dallas Wings,Indiana Fever,Makayla Timpson,,REB,OVER,9.5,490,FanDuel,fanduel,player_rebounds_alternate,the-odds-api,2026-08-20T14:45:06.151561+00:00
2026-08-20,bc3ff76ba21ecf6ee8a5ac2067a5aa81,Indiana Fever @ Dallas Wings,2026-08-21T00:00:00Z,Dallas Wings,Indiana Fever,Alanna Smith,,REB,OVER,9.5,640,FanDuel,fanduel,player_rebounds_alternate,the-odds-api,2026-08-20T14:45:06.151561+00:00
2026-08-20,bc3ff76ba21ecf6ee8a5ac2067a5aa81,Indiana Fever @ Dallas Wings,2026-08-21T00:00:00Z,Dallas Wings,Indiana Fever,Awak Kuier,,REB,OVER,9.5,1200,FanDuel,fanduel,player_rebounds_alternate,the-odds-api,2026-08-20T14:45:06.151561+00:00
2026-08-20,bc3ff76ba21ecf6ee8a5ac2067a5aa81,Indiana Fever @ Dallas Wings,2026-08-21T00:00:00Z,Dallas Wings,Indiana Fever,Makayla Timpson,,REB,OVER,3.5,-1100,FanDuel,fanduel,player_rebounds_alternate,the-odds-api,2026-08-20T14:45:06.151561+00:00
2026-08-20,bc3ff76ba21ecf6ee8a5ac2067a5aa81,Indiana Fever @ Dallas Wings,2026-08-21T00:00:00Z,Dallas Wings,Indiana Fever,Alanna Smith,,REB,OVER,3.5,-670,FanDuel,fanduel,player_rebounds_alternate,the-odds-api,2026-08-20T14:45:06.151561+00:00
2026-08-20,bc3ff76ba21ecf6ee8a5ac2067a5aa81,Indiana Fever @ Dallas Wings,2026-08-21T00:00:00Z,Dallas Wings,Indiana Fever,Awak Kuier,,REB,OVER,3.5,-270,FanDuel,fanduel,player_rebounds_alternate,the-odds-api,2026-08-20T14:45:06.151561+00:00
2026-08-20,bc3ff76ba21ecf6ee8a5ac2067a5aa81,Indiana Fever @ Dallas Wings,2026-08-21T00:00:00Z,Dallas Wings,Indiana Fever,Caitlin Clark,,REB,OVER,3.5,-172,FanDuel,fanduel,player_rebounds_alternate,the-odds-api,2026-08-20T14:45:06.151561+00:00
2026-08-20,bc3ff76ba21ecf6ee8a5ac2067a5aa81,Indiana Fever @ Dallas Wings,2026-08-21T00:00:00Z,Dallas Wings,Indiana Fever,Paige Bueckers,,REB,OVER,3.5,-136,FanDuel,fanduel,player_rebounds_alternate,the-odds-api,2026-08-20T14:45:06.151561+00:00
2026-08-20,bc3ff76ba21ecf6ee8a5ac2067a5aa81,Indiana Fever @ Dallas Wings,2026-08-21T00:00:00Z,Dallas Wings,Indiana Fever,Arike Ogunbowale,,REB,OVER,3.5,116,FanDuel,fanduel,player_rebounds_alternate,the-odds-api,2026-08-20T14:45:06.151561+00:00
2026-08-20,bc3ff76ba21ecf6ee8a5ac2067a5aa81,Indiana Fever @ Dallas Wings,2026-08-21T00:00:00Z,Dallas Wings,Indiana Fever,Lexie Hull,,REB,OVER,3.5,230,FanDuel,fanduel,player_rebounds_alternate,the-odds-api,2026-08-20T14:45:06.151561+00:00
2026-08-20,bc3ff76ba21ecf6ee8a5ac2067a5aa81,Indiana Fever @ Dallas Wings,2026-08-21T00:00:00Z,Dallas Wings,Indiana Fever,Odyssey Sims,,REB,OVER,3.5,300,FanDuel,fanduel,player_rebounds_alternate,the-odds-api,2026-08-20T14:45:06.151561+00:00
2026-08-20,bc3ff76ba21ecf6ee8a5ac2067a5aa81,Indiana Fever @ Dallas Wings,2026-08-21T00:00:00Z,Dallas Wings,Indiana Fever,Jessica Shepard,,REB,OVER,11.5,140,FanDuel,fanduel,player_rebounds_alternate,the-odds-api,2026-08-20T14:45:06.151561+00:00
2026-08-20,bc3ff76ba21ecf6ee8a5ac2067a5aa81,Indiana Fever @ Dallas Wings,2026-08-21T00:00:00Z,Dallas Wings,Indiana Fever,Aliyah Boston,,REB,OVER,11.5,280,FanDuel,fanduel,player_rebounds_alternate,the-odds-api,2026-08-20T14:45:06.151561+00:00
2026-08-20,bc3ff76ba21ecf6ee8a5ac2067a5aa81,Indiana Fever @ Dallas Wings,2026-08-21T00:00:00Z,Dallas Wings,Indiana Fever,Makayla Timpson,,REB,OVER,11.5,1200,FanDuel,fanduel,player_rebounds_alternate,the-odds-api,2026-08-20T14:45:06.151561+00:00
2026-08-20,bc3ff76ba21ecf6ee8a5ac2067a5aa81,Indiana Fever @ Dallas Wings,2026-08-21T00:00:00Z,Dallas Wings,Indiana Fever,Kelsey Mitchell,,3PM,OVER,5.5,640,FanDuel,fanduel,player_threes_alternate,the-odds-api,2026-08-20T14:45:06.151561+00:00
2026-08-20,bc3ff76ba21ecf6ee8a5ac2067a5aa81,Indiana Fever @ Dallas Wings,2026-08-21T00:00:00Z,Dallas Wings,Indiana Fever,Caitlin Clark,,3PM,OVER,5.5,750,FanDuel,fanduel,player_threes_alternate,the-odds-api,2026-08-20T14:45:06.151561+00:00
2026-08-20,bc3ff76ba21ecf6ee8a5ac2067a5aa81,Indiana Fever @ Dallas Wings,2026-08-21T00:00:00Z,Dallas Wings,Indiana Fever,Kelsey Mitchell,,3PM,OVER,3.5,134,FanDuel,fanduel,player_threes_alternate,the-odds-api,2026-08-20T14:45:06.151561+00:00
2026-08-20,bc3ff76ba21ecf6ee8a5ac2067a5aa81,Indiana Fever @ Dallas Wings,2026-08-21T00:00:00Z,Dallas Wings,Indiana Fever,Caitlin Clark,,3PM,OVER,3.5,154,FanDuel,fanduel,player_threes_alternate,the-odds-api,2026-08-20T14:45:06.151561+00:00
2026-08-20,bc3ff76ba21ecf6ee8a5ac2067a5aa81,Indiana Fever @ Dallas Wings,2026-08-21T00:00:00Z,Dallas Wings,Indiana Fever,Arike Ogunbowale,,3PM,OVER,3.5,640,FanDuel,fanduel,player_threes_alternate,the-odds-api,2026-08-20T14:45:06.151561+00:00
2026-08-20,bc3ff76ba21ecf6ee8a5ac2067a5aa81,Indiana Fever @ Dallas Wings,2026-08-21T00:00:00Z,Dallas Wings,Indiana Fever,Paige Bueckers,,3PM,OVER,3.5,800,FanDuel,fanduel,player_threes_alternate,the-odds-api,2026-08-20T14:45:06.151561+00:00
2026-08-20,bc3ff76ba21ecf6ee8a5ac2067a5aa81,Indiana Fever @ Dallas Wings,2026-08-21T00:00:00Z,Dallas Wings,Indiana Fever,Sophie Cunningham,,3PM,OVER,3.5,920,FanDuel,fanduel,player_threes_alternate,the-odds-api,2026-08-20T14:45:06.151561+00:00
2026-08-20,bc3ff76ba21ecf6ee8a5ac2067a5aa81,Indiana Fever @ Dallas Wings,2026-08-21T00:00:00Z,Dallas Wings,Indiana Fever,Alanna Smith,,3PM,OVER,3.5,1200,FanDuel,fanduel,player_threes_alternate,the-odds-api,2026-08-20T14:45:06.151561+00:00
2026-08-20,bc3ff76ba21ecf6ee8a5ac2067a5aa81,Indiana Fever @ Dallas Wings,2026-08-21T00:00:00Z,Dallas Wings,Indiana Fever,Arike Ogunbowale,,3PM,OVER,0.5,-700,FanDuel,fanduel,player_threes_alternate,the-odds-api,2026-08-20T14:45:06.151561+00:00
2026-08-20,bc3ff76ba21ecf6ee8a5ac2067a5aa81,Indiana Fever @ Dallas Wings,2026-08-21T00:00:00Z,Dallas Wings,Indiana Fever,Paige Bueckers,,3PM,OVER,0.5,-550,FanDuel,fanduel,player_threes_alternate,the-odds-api,2026-08-20T14:45:06.151561+00:00
2026-08-20,bc3ff76ba21ecf6ee8a5ac2067a5aa81,Indiana Fever @ Dallas Wings,2026-08-21T00:00:00Z,Dallas Wings,Indiana Fever,Sophie Cunningham,,3PM,OVER,0.5,-420,FanDuel,fanduel,player_threes_alternate,the-odds-api,2026-08-20T14:45:06.151561+00:00
2026-08-20,bc3ff76ba21ecf6ee8a5ac2067a5aa81,Indiana Fever @ Dallas Wings,2026-08-21T00:00:00Z,Dallas Wings,Indiana Fever,Alanna Smith,,3PM,OVER,0.5,-350,FanDuel,fanduel,player_threes_alternate,the-odds-api,2026-08-20T14:45:06.151561+00:00
2026-08-20,bc3ff76ba21ecf6ee8a5ac2067a5aa81,Indiana Fever @ Dallas Wings,2026-08-21T00:00:00Z,Dallas Wings,Indiana Fever,Awak Kuier,,3PM,OVER,0.5,-250,FanDuel,fanduel,player_threes_alternate,the-odds-api,2026-08-20T14:45:06.151561+00:00
2026-08-20,bc3ff76ba21ecf6ee8a5ac2067a5aa81,Indiana Fever @ Dallas Wings,2026-08-21T00:00:00Z,Dallas Wings,Indiana Fever,Aliyah Boston,,3PM,OVER,0.5,-210,FanDuel,fanduel,player_threes_alternate,the-odds-api,2026-08-20T14:45:06.151561+00:00
2026-08-20,bc3ff76ba21ecf6ee8a5ac2067a5aa81,Indiana Fever @ Dallas Wings,2026-08-21T00:00:00Z,Dallas Wings,Indiana Fever,Odyssey Sims,,3PM,OVER,0.5,-192,FanDuel,fanduel,player_threes_alternate,the-odds-api,2026-08-20T14:45:06.151561+00:00
2026-08-20,bc3ff76ba21ecf6ee8a5ac2067a5aa81,Indiana Fever @ Dallas Wings,2026-08-21T00:00:00Z,Dallas Wings,Indiana Fever,Lexie Hull,,3PM,OVER,0.5,-136,FanDuel,fanduel,player_threes_alternate,the-odds-api,2026-08-20T14:45:06.151561+00:00
2026-08-20,bc3ff76ba21ecf6ee8a5ac2067a5aa81,Indiana Fever @ Dallas Wings,2026-08-21T00:00:00Z,Dallas Wings,Indiana Fever,Kelsey Mitchell,,3PM,OVER,2.5,-200,FanDuel,fanduel,player_threes_alternate,the-odds-api,2026-08-20T14:45:06.151561+00:00
2026-08-20,bc3ff76ba21ecf6ee8a5ac2067a5aa81,Indiana Fever @ Dallas Wings,2026-08-21T00:00:00Z,Dallas Wings,Indiana Fever,Caitlin Clark,,3PM,OVER,2.5,-174,FanDuel,fanduel,player_threes_alternate,the-odds-api,2026-08-20T14:45:06.151561+00:00
2026-08-20,bc3ff76ba21ecf6ee8a5ac2067a5aa81,Indiana Fever @ Dallas Wings,2026-08-21T00:00:00Z,Dallas Wings,Indiana Fever,Arike Ogunbowale,,3PM,OVER,2.5,235,FanDuel,fanduel,player_threes_alternate,the-odds-api,2026-08-20T14:45:06.151561+00:00
2026-08-20,bc3ff76ba21ecf6ee8a5ac2067a5aa81,Indiana Fever @ Dallas Wings,2026-08-21T00:00:00Z,Dallas Wings,Indiana Fever,Paige Bueckers,,3PM,OVER,2.5,300,FanDuel,fanduel,player_threes_alternate,the-odds-api,2026-08-20T14:45:06.151561+00:00
2026-08-20,bc3ff76ba21ecf6ee8a5ac2067a5aa81,Indiana Fever @ Dallas Wings,2026-08-21T00:00:00Z,Dallas Wings,Indiana Fever,Sophie Cunningham,,3PM,OVER,2.5,370,FanDuel,fanduel,player_threes_alternate,the-odds-api,2026-08-20T14:45:06.151561+00:00
2026-08-20,bc3ff76ba21ecf6ee8a5ac2067a5aa81,Indiana Fever @ Dallas Wings,2026-08-21T00:00:00Z,Dallas Wings,Indiana Fever,Alanna Smith,,3PM,OVER,2.5,430,FanDuel,fanduel,player_threes_alternate,the-odds-api,2026-08-20T14:45:06.151561+00:00
2026-08-20,bc3ff76ba21ecf6ee8a5ac2067a5aa81,Indiana Fever @ Dallas Wings,2026-08-21T00:00:00Z,Dallas Wings,Indiana Fever,Awak Kuier,,3PM,OVER,2.5,630,FanDuel,fanduel,player_threes_alternate,the-odds-api,2026-08-20T14:45:06.151561+00:00
2026-08-20,bc3ff76ba21ecf6ee8a5ac2067a5aa81,Indiana Fever @ Dallas Wings,2026-08-21T00:00:00Z,Dallas Wings,Indiana Fever,Aliyah Boston,,3PM,OVER,2.5,800,FanDuel,fanduel,player_threes_alternate,the-odds-api,2026-08-20T14:45:06.151561+00:00
2026-08-20,bc3ff76ba21ecf6ee8a5ac2067a5aa81,Indiana Fever @ Dallas Wings,2026-08-21T00:00:00Z,Dallas Wings,Indiana Fever,Odyssey Sims,,3PM,OVER,2.5,880,FanDuel,fanduel,player_threes_alternate,the-odds-api,2026-08-20T14:45:06.151561+00:00
2026-08-20,bc3ff76ba21ecf6ee8a5ac2067a5aa81,Indiana Fever @ Dallas Wings,2026-08-21T00:00:00Z,Dallas Wings,Indiana Fever,Kelsey Mitchell,,3PM,OVER,4.5,300,FanDuel,fanduel,player_threes_alternate,the-odds-api,2026-08-20T14:45:06.151561+00:00
2026-08-20,bc3ff76ba21ecf6ee8a5ac2067a5aa81,Indiana Fever @ Dallas Wings,2026-08-21T00:00:00Z,Dallas Wings,Indiana Fever,Caitlin Clark,,3PM,OVER,4.5,350,FanDuel,fanduel,player_threes_alternate,the-odds-api,2026-08-20T14:45:06.151561+00:00
2026-08-20,bc3ff76ba21ecf6ee8a5ac2067a5aa81,Indiana Fever @ Dallas Wings,2026-08-21T00:00:00Z,Dallas Wings,Indiana Fever,Arike Ogunbowale,,3PM,OVER,4.5,1400,FanDuel,fanduel,player_threes_alternate,the-odds-api,2026-08-20T14:45:06.151561+00:00
2026-08-20,bc3ff76ba21ecf6ee8a5ac2067a5aa81,Indiana Fever @ Dallas Wings,2026-08-21T00:00:00Z,Dallas Wings,Indiana Fever,Kelsey Mitchell,,3PM,OVER,6.5,1200,FanDuel,fanduel,player_threes_alternate,the-odds-api,2026-08-20T14:45:06.151561+00:00
2026-08-20,bc3ff76ba21ecf6ee8a5ac2067a5aa81,Indiana Fever @ Dallas Wings,2026-08-21T00:00:00Z,Dallas Wings,Indiana Fever,Caitlin Clark,,3PM,OVER,6.5,1400,FanDuel,fanduel,player_threes_alternate,the-odds-api,2026-08-20T14:45:06.151561+00:00
2026-08-20,bc3ff76ba21ecf6ee8a5ac2067a5aa81,Indiana Fever @ Dallas Wings,2026-08-21T00:00:00Z,Dallas Wings,Indiana Fever,Kelsey Mitchell,,3PM,OVER,1.5,-670,FanDuel,fanduel,player_threes_alternate,the-odds-api,2026-08-20T14:45:06.151561+00:00
2026-08-20,bc3ff76ba21ecf6ee8a5ac2067a5aa81,Indiana Fever @ Dallas Wings,2026-08-21T00:00:00Z,Dallas Wings,Indiana Fever,Caitlin Clark,,3PM,OVER,1.5,-650,FanDuel,fanduel,player_threes_alternate,the-odds-api,2026-08-20T14:45:06.151561+00:00
2026-08-20,bc3ff76ba21ecf6ee8a5ac2067a5aa81,Indiana Fever @ Dallas Wings,2026-08-21T00:00:00Z,Dallas Wings,Indiana Fever,Arike Ogunbowale,,3PM,OVER,1.5,-140,FanDuel,fanduel,player_threes_alternate,the-odds-api,2026-08-20T14:45:06.151561+00:00
2026-08-20,bc3ff76ba21ecf6ee8a5ac2067a5aa81,Indiana Fever @ Dallas Wings,2026-08-21T00:00:00Z,Dallas Wings,Indiana Fever,Paige Bueckers,,3PM,OVER,1.5,-110,FanDuel,fanduel,player_threes_alternate,the-odds-api,2026-08-20T14:45:06.151561+00:00
2026-08-20,bc3ff76ba21ecf6ee8a5ac2067a5aa81,Indiana Fever @ Dallas Wings,2026-08-21T00:00:00Z,Dallas Wings,Indiana Fever,Sophie Cunningham,,3PM,OVER,1.5,120,FanDuel,fanduel,player_threes_alternate,the-odds-api,2026-08-20T14:45:06.151561+00:00
2026-08-20,bc3ff76ba21ecf6ee8a5ac2067a5aa81,Indiana Fever @ Dallas Wings,2026-08-21T00:00:00Z,Dallas Wings,Indiana Fever,Alanna Smith,,3PM,OVER,1.5,136,FanDuel,fanduel,player_threes_alternate,the-odds-api,2026-08-20T14:45:06.151561+00:00
2026-08-20,bc3ff76ba21ecf6ee8a5ac2067a5aa81,Indiana Fever @ Dallas Wings,2026-08-21T00:00:00Z,Dallas Wings,Indiana Fever,Awak Kuier,,3PM,OVER,1.5,198,FanDuel,fanduel,player_threes_alternate,the-odds-api,2026-08-20T14:45:06.151561+00:00
2026-08-20,bc3ff76ba21ecf6ee8a5ac2067a5aa81,Indiana Fever @ Dallas Wings,2026-08-21T00:00:00Z,Dallas Wings,Indiana Fever,Aliyah Boston,,3PM,OVER,1.5,240,FanDuel,fanduel,player_threes_alternate,the-odds-api,2026-08-20T14:45:06.151561+00:00
2026-08-20,bc3ff76ba21ecf6ee8a5ac2067a5aa81,Indiana Fever @ Dallas Wings,2026-08-21T00:00:00Z,Dallas Wings,Indiana Fever,Odyssey Sims,,3PM,OVER,1.5,265,FanDuel,fanduel,player_threes_alternate,the-odds-api,2026-08-20T14:45:06.151561+00:00
2026-08-20,bc3ff76ba21ecf6ee8a5ac2067a5aa81,Indiana Fever @ Dallas Wings,2026-08-21T00:00:00Z,Dallas Wings,Indiana Fever,Lexie Hull,,3PM,OVER,1.5,360,FanDuel,fanduel,player_threes_alternate,the-odds-api,2026-08-20T14:45:06.151561+00:00
2026-08-20,bc3ff76ba21ecf6ee8a5ac2067a5aa81,Indiana Fever @ Dallas Wings,2026-08-21T00:00:00Z,Dallas Wings,Indiana Fever,Caitlin Clark,,AST,OVER,4.5,-2200,Fanatics,fanatics,player_assists_alternate,the-odds-api,2026-08-20T14:45:06.151561+00:00
2026-08-20,bc3ff76ba21ecf6ee8a5ac2067a5aa81,Indiana Fever @ Dallas Wings,2026-08-21T00:00:00Z,Dallas Wings,Indiana Fever,Caitlin Clark,,AST,OVER,5.5,-1000,Fanatics,fanatics,player_assists_alternate,the-odds-api,2026-08-20T14:45:06.151561+00:00
2026-08-20,bc3ff76ba21ecf6ee8a5ac2067a5aa81,Indiana Fever @ Dallas Wings,2026-08-21T00:00:00Z,Dallas Wings,Indiana Fever,Caitlin Clark,,AST,OVER,6.5,-525,Fanatics,fanatics,player_assists_alternate,the-odds-api,2026-08-20T14:45:06.151561+00:00
2026-08-20,bc3ff76ba21ecf6ee8a5ac2067a5aa81,Indiana Fever @ Dallas Wings,2026-08-21T00:00:00Z,Dallas Wings,Indiana Fever,Caitlin Clark,,AST,OVER,7.5,-275,Fanatics,fanatics,player_assists_alternate,the-odds-api,2026-08-20T14:45:06.151561+00:00
2026-08-20,bc3ff76ba21ecf6ee8a5ac2067a5aa81,Indiana Fever @ Dallas Wings,2026-08-21T00:00:00Z,Dallas Wings,Indiana Fever,Caitlin Clark,,AST,OVER,8.5,-150,Fanatics,fanatics,player_assists_alternate,the-odds-api,2026-08-20T14:45:06.151561+00:00
2026-08-20,bc3ff76ba21ecf6ee8a5ac2067a5aa81,Indiana Fever @ Dallas Wings,2026-08-21T00:00:00Z,Dallas Wings,Indiana Fever,Caitlin Clark,,AST,OVER,9.5,105,Fanatics,fanatics,player_assists_alternate,the-odds-api,2026-08-20T14:45:06.151561+00:00
2026-08-20,bc3ff76ba21ecf6ee8a5ac2067a5aa81,Indiana Fever @ Dallas Wings,2026-08-21T00:00:00Z,Dallas Wings,Indiana Fever,Caitlin Clark,,AST,OVER,10.5,155,Fanatics,fanatics,player_assists_alternate,the-odds-api,2026-08-20T14:45:06.151561+00:00
2026-08-20,bc3ff76ba21ecf6ee8a5ac2067a5aa81,Indiana Fever @ Dallas Wings,2026-08-21T00:00:00Z,Dallas Wings,Indiana Fever,Caitlin Clark,,AST,OVER,11.5,240,Fanatics,fanatics,player_assists_alternate,the-odds-api,2026-08-20T14:45:06.151561+00:00
2026-08-20,bc3ff76ba21ecf6ee8a5ac2067a5aa81,Indiana Fever @ Dallas Wings,2026-08-21T00:00:00Z,Dallas Wings,Indiana Fever,Caitlin Clark,,AST,OVER,12.5,375,Fanatics,fanatics,player_assists_alternate,the-odds-api,2026-08-20T14:45:06.151561+00:00
2026-08-20,bc3ff76ba21ecf6ee8a5ac2067a5aa81,Indiana Fever @ Dallas Wings,2026-08-21T00:00:00Z,Dallas Wings,Indiana Fever,Caitlin Clark,,AST,OVER,13.5,600,Fanatics,fanatics,player_assists_alternate,the-odds-api,2026-08-20T14:45:06.151561+00:00
2026-08-20,bc3ff76ba21ecf6ee8a5ac2067a5aa81,Indiana Fever @ Dallas Wings,2026-08-21T00:00:00Z,Dallas Wings,Indiana Fever,Caitlin Clark,,AST,OVER,14.5,900,Fanatics,fanatics,player_assists_alternate,the-odds-api,2026-08-20T14:45:06.151561+00:00
2026-08-20,bc3ff76ba21ecf6ee8a5ac2067a5aa81,Indiana Fever @ Dallas Wings,2026-08-21T00:00:00Z,Dallas Wings,Indiana Fever,Kelsey Mitchell,,AST,OVER,1.5,-240,Fanatics,fanatics,player_assists_alternate,the-odds-api,2026-08-20T14:45:06.151561+00:00
2026-08-20,bc3ff76ba21ecf6ee8a5ac2067a5aa81,Indiana Fever @ Dallas Wings,2026-08-21T00:00:00Z,Dallas Wings,Indiana Fever,Kelsey Mitchell,,AST,OVER,2.5,130,Fanatics,fanatics,player_assists_alternate,the-odds-api,2026-08-20T14:45:06.151561+00:00
2026-08-20,bc3ff76ba21ecf6ee8a5ac2067a5aa81,Indiana Fever @ Dallas Wings,2026-08-21T00:00:00Z,Dallas Wings,Indiana Fever,Kelsey Mitchell,,AST,OVER,3.5,290,Fanatics,fanatics,player_assists_alternate,the-odds-api,2026-08-20T14:45:06.151561+00:00
2026-08-20,bc3ff76ba21ecf6ee8a5ac2067a5aa81,Indiana Fever @ Dallas Wings,2026-08-21T00:00:00Z,Dallas Wings,Indiana Fever,Kelsey Mitchell,,AST,OVER,4.5,650,Fanatics,fanatics,player_assists_alternate,the-odds-api,2026-08-20T14:45:06.151561+00:00
2026-08-20,bc3ff76ba21ecf6ee8a5ac2067a5aa81,Indiana Fever @ Dallas Wings,2026-08-21T00:00:00Z,Dallas Wings,Indiana Fever,Aliyah Boston,,AST,OVER,1.5,-475,Fanatics,fanatics,player_assists_alternate,the-odds-api,2026-08-20T14:45:06.151561+00:00
2026-08-20,bc3ff76ba21ecf6ee8a5ac2067a5aa81,Indiana Fever @ Dallas Wings,2026-08-21T00:00:00Z,Dallas Wings,Indiana Fever,Aliyah Boston,,AST,OVER,2.5,-165,Fanatics,fanatics,player_assists_alternate,the-odds-api,2026-08-20T14:45:06.151561+00:00
2026-08-20,bc3ff76ba21ecf6ee8a5ac2067a5aa81,Indiana Fever @ Dallas Wings,2026-08-21T00:00:00Z,Dallas Wings,Indiana Fever,Aliyah Boston,,AST,OVER,3.5,140,Fanatics,fanatics,player_assists_alternate,the-odds-api,2026-08-20T14:45:06.151561+00:00
2026-08-20,bc3ff76ba21ecf6ee8a5ac2067a5aa81,Indiana Fever @ Dallas Wings,2026-08-21T00:00:00Z,Dallas Wings,Indiana Fever,Aliyah Boston,,AST,OVER,4.5,290,Fanatics,fanatics,player_assists_alternate,the-odds-api,2026-08-20T14:45:06.151561+00:00
2026-08-20,bc3ff76ba21ecf6ee8a5ac2067a5aa81,Indiana Fever @ Dallas Wings,2026-08-21T00:00:00Z,Dallas Wings,Indiana Fever,Aliyah Boston,,AST,OVER,5.5,600,Fanatics,fanatics,player_assists_alternate,the-odds-api,2026-08-20T14:45:06.151561+00:00
2026-08-20,bc3ff76ba21ecf6ee8a5ac2067a5aa81,Indiana Fever @ Dallas Wings,2026-08-21T00:00:00Z,Dallas Wings,Indiana Fever,Paige Bueckers,,AST,OVER,2.5,-2200,Fanatics,fanatics,player_assists_alternate,the-odds-api,2026-08-20T14:45:06.151561+00:00
2026-08-20,bc3ff76ba21ecf6ee8a5ac2067a5aa81,Indiana Fever @ Dallas Wings,2026-08-21T00:00:00Z,Dallas Wings,Indiana Fever,Paige Bueckers,,AST,OVER,3.5,-800,Fanatics,fanatics,player_assists_alternate,the-odds-api,2026-08-20T14:45:06.151561+00:00
2026-08-20,bc3ff76ba21ecf6ee8a5ac2067a5aa81,Indiana Fever @ Dallas Wings,2026-08-21T00:00:00Z,Dallas Wings,Indiana Fever,Paige Bueckers,,AST,OVER,4.5,-350,Fanatics,fanatics,player_assists_alternate,the-odds-api,2026-08-20T14:45:06.151561+00:00
2026-08-20,bc3ff76ba21ecf6ee8a5ac2067a5aa81,Indiana Fever @ Dallas Wings,2026-08-21T00:00:00Z,Dallas Wings,Indiana Fever,Paige Bueckers,,AST,OVER,5.5,-165,Fanatics,fanatics,player_assists_alternate,the-odds-api,2026-08-20T14:45:06.151561+00:00
2026-08-20,bc3ff76ba21ecf6ee8a5ac2067a5aa81,Indiana Fever @ Dallas Wings,2026-08-21T00:00:00Z,Dallas Wings,Indiana Fever,Paige Bueckers,,AST,OVER,6.5,115,Fanatics,fanatics,player_assists_alternate,the-odds-api,2026-08-20T14:45:06.151561+00:00
2026-08-20,bc3ff76ba21ecf6ee8a5ac2067a5aa81,Indiana Fever @ Dallas Wings,2026-08-21T00:00:00Z,Dallas Wings,Indiana Fever,Paige Bueckers,,AST,OVER,7.5,185,Fanatics,fanatics,player_assists_alternate,the-odds-api,2026-08-20T14:45:06.151561+00:00
2026-08-20,bc3ff76ba21ecf6ee8a5ac2067a5aa81,Indiana Fever @ Dallas Wings,2026-08-21T00:00:00Z,Dallas Wings,Indiana Fever,Paige Bueckers,,AST,OVER,8.5,300,Fanatics,fanatics,player_assists_alternate,the-odds-api,2026-08-20T14:45:06.151561+00:00
2026-08-20,bc3ff76ba21ecf6ee8a5ac2067a5aa81,Indiana Fever @ Dallas Wings,2026-08-21T00:00:00Z,Dallas Wings,Indiana Fever,Paige Bueckers,,AST,OVER,9.5,475,Fanatics,fanatics,player_assists_alternate,the-odds-api,2026-08-20T14:45:06.151561+00:00
2026-08-20,bc3ff76ba21ecf6ee8a5ac2067a5aa81,Indiana Fever @ Dallas Wings,2026-08-21T00:00:00Z,Dallas Wings,Indiana Fever,Paige Bueckers,,AST,OVER,10.5,800,Fanatics,fanatics,player_assists_alternate,the-odds-api,2026-08-20T14:45:06.151561+00:00
2026-08-20,bc3ff76ba21ecf6ee8a5ac2067a5aa81,Indiana Fever @ Dallas Wings,2026-08-21T00:00:00Z,Dallas Wings,Indiana Fever,Jessica Shepard,,AST,OVER,2.5,-900,Fanatics,fanatics,player_assists_alternate,the-odds-api,2026-08-20T14:45:06.151561+00:00
2026-08-20,bc3ff76ba21ecf6ee8a5ac2067a5aa81,Indiana Fever @ Dallas Wings,2026-08-21T00:00:00Z,Dallas Wings,Indiana Fever,Jessica Shepard,,AST,OVER,3.5,-350,Fanatics,fanatics,player_assists_alternate,the-odds-api,2026-08-20T14:45:06.151561+00:00
2026-08-20,bc3ff76ba21ecf6ee8a5ac2067a5aa81,Indiana Fever @ Dallas Wings,2026-08-21T00:00:00Z,Dallas Wings,Indiana Fever,Jessica Shepard,,AST,OVER,4.5,-140,Fanatics,fanatics,player_assists_alternate,the-odds-api,2026-08-20T14:45:06.151561+00:00
2026-08-20,bc3ff76ba21ecf6ee8a5ac2067a5aa81,Indiana Fever @ Dallas Wings,2026-08-21T00:00:00Z,Dallas Wings,Indiana Fever,Jessica Shepard,,AST,OVER,5.5,135,Fanatics,fanatics,player_assists_alternate,the-odds-api,2026-08-20T14:45:06.151561+00:00
2026-08-20,bc3ff76ba21ecf6ee8a5ac2067a5aa81,Indiana Fever @ Dallas Wings,2026-08-21T00:00:00Z,Dallas Wings,Indiana Fever,Jessica Shepard,,AST,OVER,6.5,240,Fanatics,fanatics,player_assists_alternate,the-odds-api,2026-08-20T14:45:06.151561+00:00
2026-08-20,bc3ff76ba21ecf6ee8a5ac2067a5aa81,Indiana Fever @ Dallas Wings,2026-08-21T00:00:00Z,Dallas Wings,Indiana Fever,Jessica Shepard,,AST,OVER,7.5,375,Fanatics,fanatics,player_assists_alternate,the-odds-api,2026-08-20T14:45:06.151561+00:00
2026-08-20,bc3ff76ba21ecf6ee8a5ac2067a5aa81,Indiana Fever @ Dallas Wings,2026-08-21T00:00:00Z,Dallas Wings,Indiana Fever,Jessica Shepard,,AST,OVER,8.5,700,Fanatics,fanatics,player_assists_alternate,the-odds-api,2026-08-20T14:45:06.151561+00:00
2026-08-20,bc3ff76ba21ecf6ee8a5ac2067a5aa81,Indiana Fever @ Dallas Wings,2026-08-21T00:00:00Z,Dallas Wings,Indiana Fever,Arike Ogunbowale,,AST,OVER,1.5,-700,Fanatics,fanatics,player_assists_alternate,the-odds-api,2026-08-20T14:45:06.151561+00:00
2026-08-20,bc3ff76ba21ecf6ee8a5ac2067a5aa81,Indiana Fever @ Dallas Wings,2026-08-21T00:00:00Z,Dallas Wings,Indiana Fever,Arike Ogunbowale,,AST,OVER,2.5,-240,Fanatics,fanatics,player_assists_alternate,the-odds-api,2026-08-20T14:45:06.151561+00:00
2026-08-20,bc3ff76ba21ecf6ee8a5ac2067a5aa81,Indiana Fever @ Dallas Wings,2026-08-21T00:00:00Z,Dallas Wings,Indiana Fever,Arike Ogunbowale,,AST,OVER,3.5,115,Fanatics,fanatics,player_assists_alternate,the-odds-api,2026-08-20T14:45:06.151561+00:00
2026-08-20,bc3ff76ba21ecf6ee8a5ac2067a5aa81,Indiana Fever @ Dallas Wings,2026-08-21T00:00:00Z,Dallas Wings,Indiana Fever,Arike Ogunbowale,,AST,OVER,4.5,225,Fanatics,fanatics,player_assists_alternate,the-odds-api,2026-08-20T14:45:06.151561+00:00
2026-08-20,bc3ff76ba21ecf6ee8a5ac2067a5aa81,Indiana Fever @ Dallas Wings,2026-08-21T00:00:00Z,Dallas Wings,Indiana Fever,Arike Ogunbowale,,AST,OVER,5.5,400,Fanatics,fanatics,player_assists_alternate,the-odds-api,2026-08-20T14:45:06.151561+00:00
2026-08-20,bc3ff76ba21ecf6ee8a5ac2067a5aa81,Indiana Fever @ Dallas Wings,2026-08-21T00:00:00Z,Dallas Wings,Indiana Fever,Arike Ogunbowale,,AST,OVER,6.5,800,Fanatics,fanatics,player_assists_alternate,the-odds-api,2026-08-20T14:45:06.151561+00:00
2026-08-20,bc3ff76ba21ecf6ee8a5ac2067a5aa81,Indiana Fever @ Dallas Wings,2026-08-21T00:00:00Z,Dallas Wings,Indiana Fever,Odyssey Sims,,AST,OVER,1.5,-475,Fanatics,fanatics,player_assists_alternate,the-odds-api,2026-08-20T14:45:06.151561+00:00
2026-08-20,bc3ff76ba21ecf6ee8a5ac2067a5aa81,Indiana Fever @ Dallas Wings,2026-08-21T00:00:00Z,Dallas Wings,Indiana Fever,Odyssey Sims,,AST,OVER,2.5,-150,Fanatics,fanatics,player_assists_alternate,the-odds-api,2026-08-20T14:45:06.151561+00:00
2026-08-20,bc3ff76ba21ecf6ee8a5ac2067a5aa81,Indiana Fever @ Dallas Wings,2026-08-21T00:00:00Z,Dallas Wings,Indiana Fever,Odyssey Sims,,AST,OVER,3.5,150,Fanatics,fanatics,player_assists_alternate,the-odds-api,2026-08-20T14:45:06.151561+00:00
2026-08-20,bc3ff76ba21ecf6ee8a5ac2067a5aa81,Indiana Fever @ Dallas Wings,2026-08-21T00:00:00Z,Dallas Wings,Indiana Fever,Odyssey Sims,,AST,OVER,4.5,300,Fanatics,fanatics,player_assists_alternate,the-odds-api,2026-08-20T14:45:06.151561+00:00
2026-08-20,bc3ff76ba21ecf6ee8a5ac2067a5aa81,Indiana Fever @ Dallas Wings,2026-08-21T00:00:00Z,Dallas Wings,Indiana Fever,Odyssey Sims,,AST,OVER,5.5,600,Fanatics,fanatics,player_assists_alternate,the-odds-api,2026-08-20T14:45:06.151561+00:00
2026-08-20,bc3ff76ba21ecf6ee8a5ac2067a5aa81,Indiana Fever @ Dallas Wings,2026-08-21T00:00:00Z,Dallas Wings,Indiana Fever,Caitlin Clark,,PTS,OVER,11.5,-2500,Fanatics,fanatics,player_points_alternate,the-odds-api,2026-08-20T14:45:06.151561+00:00
2026-08-20,bc3ff76ba21ecf6ee8a5ac2067a5aa81,Indiana Fever @ Dallas Wings,2026-08-21T00:00:00Z,Dallas Wings,Indiana Fever,Caitlin Clark,,PTS,OVER,12.5,-1800,Fanatics,fanatics,player_points_alternate,the-odds-api,2026-08-20T14:45:06.151561+00:00
2026-08-20,bc3ff76ba21ecf6ee8a5ac2067a5aa81,Indiana Fever @ Dallas Wings,2026-08-21T00:00:00Z,Dallas Wings,Indiana Fever,Caitlin Clark,,PTS,OVER,13.5,-1300,Fanatics,fanatics,player_points_alternate,the-odds-api,2026-08-20T14:45:06.151561+00:00
2026-08-20,bc3ff76ba21ecf6ee8a5ac2067a5aa81,Indiana Fever @ Dallas Wings,2026-08-21T00:00:00Z,Dallas Wings,Indiana Fever,Caitlin Clark,,PTS,OVER,14.5,-1000,Fanatics,fanatics,player_points_alternate,the-odds-api,2026-08-20T14:45:06.151561+00:00
2026-08-20,bc3ff76ba21ecf6ee8a5ac2067a5aa81,Indiana Fever @ Dallas Wings,2026-08-21T00:00:00Z,Dallas Wings,Indiana Fever,Caitlin Clark,,PTS,OVER,15.5,-700,Fanatics,fanatics,player_points_alternate,the-odds-api,2026-08-20T14:45:06.151561+00:00
2026-08-20,bc3ff76ba21ecf6ee8a5ac2067a5aa81,Indiana Fever @ Dallas Wings,2026-08-21T00:00:00Z,Dallas Wings,Indiana Fever,Caitlin Clark,,PTS,OVER,16.5,-550,Fanatics,fanatics,player_points_alternate,the-odds-api,2026-08-20T14:45:06.151561+00:00
2026-08-20,bc3ff76ba21ecf6ee8a5ac2067a5aa81,Indiana Fever @ Dallas Wings,2026-08-21T00:00:00Z,Dallas Wings,Indiana Fever,Caitlin Clark,,PTS,OVER,17.5,-425,Fanatics,fanatics,player_points_alternate,the-odds-api,2026-08-20T14:45:06.151561+00:00
2026-08-20,bc3ff76ba21ecf6ee8a5ac2067a5aa81,Indiana Fever @ Dallas Wings,2026-08-21T00:00:00Z,Dallas Wings,Indiana Fever,Caitlin Clark,,PTS,OVER,18.5,-350,Fanatics,fanatics,player_points_alternate,the-odds-api,2026-08-20T14:45:06.151561+00:00
2026-08-20,bc3ff76ba21ecf6ee8a5ac2067a5aa81,Indiana Fever @ Dallas Wings,2026-08-21T00:00:00Z,Dallas Wings,Indiana Fever,Caitlin Clark,,PTS,OVER,19.5,-275,Fanatics,fanatics,player_points_alternate,the-odds-api,2026-08-20T14:45:06.151561+00:00
2026-08-20,bc3ff76ba21ecf6ee8a5ac2067a5aa81,Indiana Fever @ Dallas Wings,2026-08-21T00:00:00Z,Dallas Wings,Indiana Fever,Caitlin Clark,,PTS,OVER,20.5,-210,Fanatics,fanatics,player_points_alternate,the-odds-api,2026-08-20T14:45:06.151561+00:00
2026-08-20,bc3ff76ba21ecf6ee8a5ac2067a5aa81,Indiana Fever @ Dallas Wings,2026-08-21T00:00:00Z,Dallas Wings,Indiana Fever,Caitlin Clark,,PTS,OVER,21.5,-165,Fanatics,fanatics,player_points_alternate,the-odds-api,2026-08-20T14:45:06.151561+00:00
2026-08-20,bc3ff76ba21ecf6ee8a5ac2067a5aa81,Indiana Fever @ Dallas Wings,2026-08-21T00:00:00Z,Dallas Wings,Indiana Fever,Caitlin Clark,,PTS,OVER,22.5,-125,Fanatics,fanatics,player_points_alternate,the-odds-api,2026-08-20T14:45:06.151561+00:00
2026-08-20,bc3ff76ba21ecf6ee8a5ac2067a5aa81,Indiana Fever @ Dallas Wings,2026-08-21T00:00:00Z,Dallas Wings,Indiana Fever,Caitlin Clark,,PTS,OVER,23.5,-105,Fanatics,fanatics,player_points_alternate,the-odds-api,2026-08-20T14:45:06.151561+00:00
2026-08-20,bc3ff76ba21ecf6ee8a5ac2067a5aa81,Indiana Fever @ Dallas Wings,2026-08-21T00:00:00Z,Dallas Wings,Indiana Fever,Caitlin Clark,,PTS,OVER,24.5,115,Fanatics,fanatics,player_points_alternate,the-odds-api,2026-08-20T14:45:06.151561+00:00
2026-08-20,bc3ff76ba21ecf6ee8a5ac2067a5aa81,Indiana Fever @ Dallas Wings,2026-08-21T00:00:00Z,Dallas Wings,Indiana Fever,Caitlin Clark,,PTS,OVER,25.5,130,Fanatics,fanatics,player_points_alternate,the-odds-api,2026-08-20T14:45:06.151561+00:00
2026-08-20,bc3ff76ba21ecf6ee8a5ac2067a5aa81,Indiana Fever @ Dallas Wings,2026-08-21T00:00:00Z,Dallas Wings,Indiana Fever,Caitlin Clark,,PTS,OVER,26.5,155,Fanatics,fanatics,player_points_alternate,the-odds-api,2026-08-20T14:45:06.151561+00:00
2026-08-20,bc3ff76ba21ecf6ee8a5ac2067a5aa81,Indiana Fever @ Dallas Wings,2026-08-21T00:00:00Z,Dallas Wings,Indiana Fever,Caitlin Clark,,PTS,OVER,27.5,185,Fanatics,fanatics,player_points_alternate,the-odds-api,2026-08-20T14:45:06.151561+00:00
2026-08-20,bc3ff76ba21ecf6ee8a5ac2067a5aa81,Indiana Fever @ Dallas Wings,2026-08-21T00:00:00Z,Dallas Wings,Indiana Fever,Caitlin Clark,,PTS,OVER,28.5,225,Fanatics,fanatics,player_points_alternate,the-odds-api,2026-08-20T14:45:06.151561+00:00
2026-08-20,bc3ff76ba21ecf6ee8a5ac2067a5aa81,Indiana Fever @ Dallas Wings,2026-08-21T00:00:00Z,Dallas Wings,Indiana Fever,Caitlin Clark,,PTS,OVER,29.5,270,Fanatics,fanatics,player_points_alternate,the-odds-api,2026-08-20T14:45:06.151561+00:00
2026-08-20,bc3ff76ba21ecf6ee8a5ac2067a5aa81,Indiana Fever @ Dallas Wings,2026-08-21T00:00:00Z,Dallas Wings,Indiana Fever,Caitlin Clark,,PTS,OVER,30.5,320,Fanatics,fanatics,player_points_alternate,the-odds-api,2026-08-20T14:45:06.151561+00:00
2026-08-20,bc3ff76ba21ecf6ee8a5ac2067a5aa81,Indiana Fever @ Dallas Wings,2026-08-21T00:00:00Z,Dallas Wings,Indiana Fever,Caitlin Clark,,PTS,OVER,31.5,375,Fanatics,fanatics,player_points_alternate,the-odds-api,2026-08-20T14:45:06.151561+00:00
2026-08-20,bc3ff76ba21ecf6ee8a5ac2067a5aa81,Indiana Fever @ Dallas Wings,2026-08-21T00:00:00Z,Dallas Wings,Indiana Fever,Caitlin Clark,,PTS,OVER,32.5,425,Fanatics,fanatics,player_points_alternate,the-odds-api,2026-08-20T14:45:06.151561+00:00
2026-08-20,bc3ff76ba21ecf6ee8a5ac2067a5aa81,Indiana Fever @ Dallas Wings,2026-08-21T00:00:00Z,Dallas Wings,Indiana Fever,Caitlin Clark,,PTS,OVER,33.5,550,Fanatics,fanatics,player_points_alternate,the-odds-api,2026-08-20T14:45:06.151561+00:00
2026-08-20,bc3ff76ba21ecf6ee8a5ac2067a5aa81,Indiana Fever @ Dallas Wings,2026-08-21T00:00:00Z,Dallas Wings,Indiana Fever,Caitlin Clark,,PTS,OVER,34.5,700,Fanatics,fanatics,player_points_alternate,the-odds-api,2026-08-20T14:45:06.151561+00:00
2026-08-20,bc3ff76ba21ecf6ee8a5ac2067a5aa81,Indiana Fever @ Dallas Wings,2026-08-21T00:00:00Z,Dallas Wings,Indiana Fever,Caitlin Clark,,PTS,OVER,35.5,800,Fanatics,fanatics,player_points_alternate,the-odds-api,2026-08-20T14:45:06.151561+00:00
2026-08-20,bc3ff76ba21ecf6ee8a5ac2067a5aa81,Indiana Fever @ Dallas Wings,2026-08-21T00:00:00Z,Dallas Wings,Indiana Fever,Caitlin Clark,,PTS,OVER,36.5,950,Fanatics,fanatics,player_points_alternate,the-odds-api,2026-08-20T14:45:06.151561+00:00
2026-08-20,bc3ff76ba21ecf6ee8a5ac2067a5aa81,Indiana Fever @ Dallas Wings,2026-08-21T00:00:00Z,Dallas Wings,Indiana Fever,Caitlin Clark,,PTS,OVER,37.5,1100,Fanatics,fanatics,player_points_alternate,the-odds-api,2026-08-20T14:45:06.151561+00:00
2026-08-20,bc3ff76ba21ecf6ee8a5ac2067a5aa81,Indiana Fever @ Dallas Wings,2026-08-21T00:00:00Z,Dallas Wings,Indiana Fever,Kelsey Mitchell,,PTS,OVER,13.5,-1800,Fanatics,fanatics,player_points_alternate,the-odds-api,2026-08-20T14:45:06.151561+00:00
2026-08-20,bc3ff76ba21ecf6ee8a5ac2067a5aa81,Indiana Fever @ Dallas Wings,2026-08-21T00:00:00Z,Dallas Wings,Indiana Fever,Kelsey Mitchell,,PTS,OVER,14.5,-1400,Fanatics,fanatics,player_points_alternate,the-odds-api,2026-08-20T14:45:06.151561+00:00
2026-08-20,bc3ff76ba21ecf6ee8a5ac2067a5aa81,Indiana Fever @ Dallas Wings,2026-08-21T00:00:00Z,Dallas Wings,Indiana Fever,Kelsey Mitchell,,PTS,OVER,15.5,-1000,Fanatics,fanatics,player_points_alternate,the-odds-api,2026-08-20T14:45:06.151561+00:00
2026-08-20,bc3ff76ba21ecf6ee8a5ac2067a5aa81,Indiana Fever @ Dallas Wings,2026-08-21T00:00:00Z,Dallas Wings,Indiana Fever,Kelsey Mitchell,,PTS,OVER,16.5,-800,Fanatics,fanatics,player_points_alternate,the-odds-api,2026-08-20T14:45:06.151561+00:00
2026-08-20,bc3ff76ba21ecf6ee8a5ac2067a5aa81,Indiana Fever @ Dallas Wings,2026-08-21T00:00:00Z,Dallas Wings,Indiana Fever,Kelsey Mitchell,,PTS,OVER,17.5,-550,Fanatics,fanatics,player_points_alternate,the-odds-api,2026-08-20T14:45:06.151561+00:00
2026-08-20,bc3ff76ba21ecf6ee8a5ac2067a5aa81,Indiana Fever @ Dallas Wings,2026-08-21T00:00:00Z,Dallas Wings,Indiana Fever,Kelsey Mitchell,,PTS,OVER,18.5,-450,Fanatics,fanatics,player_points_alternate,the-odds-api,2026-08-20T14:45:06.151561+00:00
2026-08-20,bc3ff76ba21ecf6ee8a5ac2067a5aa81,Indiana Fever @ Dallas Wings,2026-08-21T00:00:00Z,Dallas Wings,Indiana Fever,Kelsey Mitchell,,PTS,OVER,19.5,-350,Fanatics,fanatics,player_points_alternate,the-odds-api,2026-08-20T14:45:06.151561+00:00
2026-08-20,bc3ff76ba21ecf6ee8a5ac2067a5aa81,Indiana Fever @ Dallas Wings,2026-08-21T00:00:00Z,Dallas Wings,Indiana Fever,Kelsey Mitchell,,PTS,OVER,20.5,-275,Fanatics,fanatics,player_points_alternate,the-odds-api,2026-08-20T14:45:06.151561+00:00
2026-08-20,bc3ff76ba21ecf6ee8a5ac2067a5aa81,Indiana Fever @ Dallas Wings,2026-08-21T00:00:00Z,Dallas Wings,Indiana Fever,Kelsey Mitchell,,PTS,OVER,21.5,-210,Fanatics,fanatics,player_points_alternate,the-odds-api,2026-08-20T14:45:06.151561+00:00
2026-08-20,bc3ff76ba21ecf6ee8a5ac2067a5aa81,Indiana Fever @ Dallas Wings,2026-08-21T00:00:00Z,Dallas Wings,Indiana Fever,Kelsey Mitchell,,PTS,OVER,22.5,-165,Fanatics,fanatics,player_points_alternate,the-odds-api,2026-08-20T14:45:06.151561+00:00
2026-08-20,bc3ff76ba21ecf6ee8a5ac2067a5aa81,Indiana Fever @ Dallas Wings,2026-08-21T00:00:00Z,Dallas Wings,Indiana Fever,Kelsey Mitchell,,PTS,OVER,23.5,-130,Fanatics,fanatics,player_points_alternate,the-odds-api,2026-08-20T14:45:06.151561+00:00
2026-08-20,bc3ff76ba21ecf6ee8a5ac2067a5aa81,Indiana Fever @ Dallas Wings,2026-08-21T00:00:00Z,Dallas Wings,Indiana Fever,Kelsey Mitchell,,PTS,OVER,24.5,-110,Fanatics,fanatics,player_points_alternate,the-odds-api,2026-08-20T14:45:06.151561+00:00
2026-08-20,bc3ff76ba21ecf6ee8a5ac2067a5aa81,Indiana Fever @ Dallas Wings,2026-08-21T00:00:00Z,Dallas Wings,Indiana Fever,Kelsey Mitchell,,PTS,OVER,25.5,115,Fanatics,fanatics,player_points_alternate,the-odds-api,2026-08-20T14:45:06.151561+00:00
2026-08-20,bc3ff76ba21ecf6ee8a5ac2067a5aa81,Indiana Fever @ Dallas Wings,2026-08-21T00:00:00Z,Dallas Wings,Indiana Fever,Kelsey Mitchell,,PTS,OVER,26.5,130,Fanatics,fanatics,player_points_alternate,the-odds-api,2026-08-20T14:45:06.151561+00:00
2026-08-20,bc3ff76ba21ecf6ee8a5ac2067a5aa81,Indiana Fever @ Dallas Wings,2026-08-21T00:00:00Z,Dallas Wings,Indiana Fever,Kelsey Mitchell,,PTS,OVER,27.5,150,Fanatics,fanatics,player_points_alternate,the-odds-api,2026-08-20T14:45:06.151561+00:00
2026-08-20,bc3ff76ba21ecf6ee8a5ac2067a5aa81,Indiana Fever @ Dallas Wings,2026-08-21T00:00:00Z,Dallas Wings,Indiana Fever,Kelsey Mitchell,,PTS,OVER,28.5,175,Fanatics,fanatics,player_points_alternate,the-odds-api,2026-08-20T14:45:06.151561+00:00
2026-08-20,bc3ff76ba21ecf6ee8a5ac2067a5aa81,Indiana Fever @ Dallas Wings,2026-08-21T00:00:00Z,Dallas Wings,Indiana Fever,Kelsey Mitchell,,PTS,OVER,29.5,225,Fanatics,fanatics,player_points_alternate,the-odds-api,2026-08-20T14:45:06.151561+00:00
2026-08-20,bc3ff76ba21ecf6ee8a5ac2067a5aa81,Indiana Fever @ Dallas Wings,2026-08-21T00:00:00Z,Dallas Wings,Indiana Fever,Kelsey Mitchell,,PTS,OVER,30.5,260,Fanatics,fanatics,player_points_alternate,the-odds-api,2026-08-20T14:45:06.151561+00:00
2026-08-20,bc3ff76ba21ecf6ee8a5ac2067a5aa81,Indiana Fever @ Dallas Wings,2026-08-21T00:00:00Z,Dallas Wings,Indiana Fever,Kelsey Mitchell,,PTS,OVER,31.5,300,Fanatics,fanatics,player_points_alternate,the-odds-api,2026-08-20T14:45:06.151561+00:00
2026-08-20,bc3ff76ba21ecf6ee8a5ac2067a5aa81,Indiana Fever @ Dallas Wings,2026-08-21T00:00:00Z,Dallas Wings,Indiana Fever,Kelsey Mitchell,,PTS,OVER,32.5,350,Fanatics,fanatics,player_points_alternate,the-odds-api,2026-08-20T14:45:06.151561+00:00
2026-08-20,bc3ff76ba21ecf6ee8a5ac2067a5aa81,Indiana Fever @ Dallas Wings,2026-08-21T00:00:00Z,Dallas Wings,Indiana Fever,Kelsey Mitchell,,PTS,OVER,33.5,400,Fanatics,fanatics,player_points_alternate,the-odds-api,2026-08-20T14:45:06.151561+00:00
2026-08-20,bc3ff76ba21ecf6ee8a5ac2067a5aa81,Indiana Fever @ Dallas Wings,2026-08-21T00:00:00Z,Dallas Wings,Indiana Fever,Kelsey Mitchell,,PTS,OVER,34.5,500,Fanatics,fanatics,player_points_alternate,the-odds-api,2026-08-20T14:45:06.151561+00:00
2026-08-20,bc3ff76ba21ecf6ee8a5ac2067a5aa81,Indiana Fever @ Dallas Wings,2026-08-21T00:00:00Z,Dallas Wings,Indiana Fever,Kelsey Mitchell,,PTS,OVER,35.5,650,Fanatics,fanatics,player_points_alternate,the-odds-api,2026-08-20T14:45:06.151561+00:00
2026-08-20,bc3ff76ba21ecf6ee8a5ac2067a5aa81,Indiana Fever @ Dallas Wings,2026-08-21T00:00:00Z,Dallas Wings,Indiana Fever,Kelsey Mitchell,,PTS,OVER,36.5,750,Fanatics,fanatics,player_points_alternate,the-odds-api,2026-08-20T14:45:06.151561+00:00
2026-08-20,bc3ff76ba21ecf6ee8a5ac2067a5aa81,Indiana Fever @ Dallas Wings,2026-08-21T00:00:00Z,Dallas Wings,Indiana Fever,Kelsey Mitchell,,PTS,OVER,37.5,900,Fanatics,fanatics,player_points_alternate,the-odds-api,2026-08-20T14:45:06.151561+00:00
2026-08-20,bc3ff76ba21ecf6ee8a5ac2067a5aa81,Indiana Fever @ Dallas Wings,2026-08-21T00:00:00Z,Dallas Wings,Indiana Fever,Kelsey Mitchell,,PTS,OVER,38.5,1000,Fanatics,fanatics,player_points_alternate,the-odds-api,2026-08-20T14:45:06.151561+00:00
2026-08-20,bc3ff76ba21ecf6ee8a5ac2067a5aa81,Indiana Fever @ Dallas Wings,2026-08-21T00:00:00Z,Dallas Wings,Indiana Fever,Kelsey Mitchell,,PTS,OVER,39.5,1100,Fanatics,fanatics,player_points_alternate,the-odds-api,2026-08-20T14:45:06.151561+00:00
2026-08-20,bc3ff76ba21ecf6ee8a5ac2067a5aa81,Indiana Fever @ Dallas Wings,2026-08-21T00:00:00Z,Dallas Wings,Indiana Fever,Aliyah Boston,,PTS,OVER,7.5,-2200,Fanatics,fanatics,player_points_alternate,the-odds-api,2026-08-20T14:45:06.151561+00:00
2026-08-20,bc3ff76ba21ecf6ee8a5ac2067a5aa81,Indiana Fever @ Dallas Wings,2026-08-21T00:00:00Z,Dallas Wings,Indiana Fever,Aliyah Boston,,PTS,OVER,8.5,-1500,Fanatics,fanatics,player_points_alternate,the-odds-api,2026-08-20T14:45:06.151561+00:00
2026-08-20,bc3ff76ba21ecf6ee8a5ac2067a5aa81,Indiana Fever @ Dallas Wings,2026-08-21T00:00:00Z,Dallas Wings,Indiana Fever,Aliyah Boston,,PTS,OVER,9.5,-1000,Fanatics,fanatics,player_points_alternate,the-odds-api,2026-08-20T14:45:06.151561+00:00
2026-08-20,bc3ff76ba21ecf6ee8a5ac2067a5aa81,Indiana Fever @ Dallas Wings,2026-08-21T00:00:00Z,Dallas Wings,Indiana Fever,Aliyah Boston,,PTS,OVER,10.5,-700,Fanatics,fanatics,player_points_alternate,the-odds-api,2026-08-20T14:45:06.151561+00:00
2026-08-20,bc3ff76ba21ecf6ee8a5ac2067a5aa81,Indiana Fever @ Dallas Wings,2026-08-21T00:00:00Z,Dallas Wings,Indiana Fever,Aliyah Boston,,PTS,OVER,11.5,-475,Fanatics,fanatics,player_points_alternate,the-odds-api,2026-08-20T14:45:06.151561+00:00
2026-08-20,bc3ff76ba21ecf6ee8a5ac2067a5aa81,Indiana Fever @ Dallas Wings,2026-08-21T00:00:00Z,Dallas Wings,Indiana Fever,Aliyah Boston,,PTS,OVER,12.5,-350,Fanatics,fanatics,player_points_alternate,the-odds-api,2026-08-20T14:45:06.151561+00:00
2026-08-20,bc3ff76ba21ecf6ee8a5ac2067a5aa81,Indiana Fever @ Dallas Wings,2026-08-21T00:00:00Z,Dallas Wings,Indiana Fever,Aliyah Boston,,PTS,OVER,13.5,-275,Fanatics,fanatics,player_points_alternate,the-odds-api,2026-08-20T14:45:06.151561+00:00
2026-08-20,bc3ff76ba21ecf6ee8a5ac2067a5aa81,Indiana Fever @ Dallas Wings,2026-08-21T00:00:00Z,Dallas Wings,Indiana Fever,Aliyah Boston,,PTS,OVER,14.5,-175,Fanatics,fanatics,player_points_alternate,the-odds-api,2026-08-20T14:45:06.151561+00:00
2026-08-20,bc3ff76ba21ecf6ee8a5ac2067a5aa81,Indiana Fever @ Dallas Wings,2026-08-21T00:00:00Z,Dallas Wings,Indiana Fever,Aliyah Boston,,PTS,OVER,15.5,-130,Fanatics,fanatics,player_points_alternate,the-odds-api,2026-08-20T14:45:06.151561+00:00
2026-08-20,bc3ff76ba21ecf6ee8a5ac2067a5aa81,Indiana Fever @ Dallas Wings,2026-08-21T00:00:00Z,Dallas Wings,Indiana Fever,Aliyah Boston,,PTS,OVER,16.5,-105,Fanatics,fanatics,player_points_alternate,the-odds-api,2026-08-20T14:45:06.151561+00:00
2026-08-20,bc3ff76ba21ecf6ee8a5ac2067a5aa81,Indiana Fever @ Dallas Wings,2026-08-21T00:00:00Z,Dallas Wings,Indiana Fever,Aliyah Boston,,PTS,OVER,17.5,120,Fanatics,fanatics,player_points_alternate,the-odds-api,2026-08-20T14:45:06.151561+00:00
2026-08-20,bc3ff76ba21ecf6ee8a5ac2067a5aa81,Indiana Fever @ Dallas Wings,2026-08-21T00:00:00Z,Dallas Wings,Indiana Fever,Aliyah Boston,,PTS,OVER,18.5,140,Fanatics,fanatics,player_points_alternate,the-odds-api,2026-08-20T14:45:06.151561+00:00
2026-08-20,bc3ff76ba21ecf6ee8a5ac2067a5aa81,Indiana Fever @ Dallas Wings,2026-08-21T00:00:00Z,Dallas Wings,Indiana Fever,Aliyah Boston,,PTS,OVER,19.5,185,Fanatics,fanatics,player_points_alternate,the-odds-api,2026-08-20T14:45:06.151561+00:00
2026-08-20,bc3ff76ba21ecf6ee8a5ac2067a5aa81,Indiana Fever @ Dallas Wings,2026-08-21T00:00:00Z,Dallas Wings,Indiana Fever,Aliyah Boston,,PTS,OVER,20.5,230,Fanatics,fanatics,player_points_alternate,the-odds-api,2026-08-20T14:45:06.151561+00:00
2026-08-20,bc3ff76ba21ecf6ee8a5ac2067a5aa81,Indiana Fever @ Dallas Wings,2026-08-21T00:00:00Z,Dallas Wings,Indiana Fever,Aliyah Boston,,PTS,OVER,21.5,290,Fanatics,fanatics,player_points_alternate,the-odds-api,2026-08-20T14:45:06.151561+00:00
2026-08-20,bc3ff76ba21ecf6ee8a5ac2067a5aa81,Indiana Fever @ Dallas Wings,2026-08-21T00:00:00Z,Dallas Wings,Indiana Fever,Aliyah Boston,,PTS,OVER,22.5,350,Fanatics,fanatics,player_points_alternate,the-odds-api,2026-08-20T14:45:06.151561+00:00
2026-08-20,bc3ff76ba21ecf6ee8a5ac2067a5aa81,Indiana Fever @ Dallas Wings,2026-08-21T00:00:00Z,Dallas Wings,Indiana Fever,Aliyah Boston,,PTS,OVER,23.5,425,Fanatics,fanatics,player_points_alternate,the-odds-api,2026-08-20T14:45:06.151561+00:00
2026-08-20,bc3ff76ba21ecf6ee8a5ac2067a5aa81,Indiana Fever @ Dallas Wings,2026-08-21T00:00:00Z,Dallas Wings,Indiana Fever,Aliyah Boston,,PTS,OVER,24.5,550,Fanatics,fanatics,player_points_alternate,the-odds-api,2026-08-20T14:45:06.151561+00:00
2026-08-20,bc3ff76ba21ecf6ee8a5ac2067a5aa81,Indiana Fever @ Dallas Wings,2026-08-21T00:00:00Z,Dallas Wings,Indiana Fever,Aliyah Boston,,PTS,OVER,25.5,700,Fanatics,fanatics,player_points_alternate,the-odds-api,2026-08-20T14:45:06.151561+00:00
2026-08-20,bc3ff76ba21ecf6ee8a5ac2067a5aa81,Indiana Fever @ Dallas Wings,2026-08-21T00:00:00Z,Dallas Wings,Indiana Fever,Aliyah Boston,,PTS,OVER,26.5,850,Fanatics,fanatics,player_points_alternate,the-odds-api,2026-08-20T14:45:06.151561+00:00
2026-08-20,bc3ff76ba21ecf6ee8a5ac2067a5aa81,Indiana Fever @ Dallas Wings,2026-08-21T00:00:00Z,Dallas Wings,Indiana Fever,Aliyah Boston,,PTS,OVER,27.5,1000,Fanatics,fanatics,player_points_alternate,the-odds-api,2026-08-20T14:45:06.151561+00:00
2026-08-20,bc3ff76ba21ecf6ee8a5ac2067a5aa81,Indiana Fever @ Dallas Wings,2026-08-21T00:00:00Z,Dallas Wings,Indiana Fever,Aliyah Boston,,PTS,OVER,28.5,1200,Fanatics,fanatics,player_points_alternate,the-odds-api,2026-08-20T14:45:06.151561+00:00
2026-08-20,bc3ff76ba21ecf6ee8a5ac2067a5aa81,Indiana Fever @ Dallas Wings,2026-08-21T00:00:00Z,Dallas Wings,Indiana Fever,Aliyah Boston,,PTS,OVER,29.5,1500,Fanatics,fanatics,player_points_alternate,the-odds-api,2026-08-20T14:45:06.151561+00:00
2026-08-20,bc3ff76ba21ecf6ee8a5ac2067a5aa81,Indiana Fever @ Dallas Wings,2026-08-21T00:00:00Z,Dallas Wings,Indiana Fever,Paige Bueckers,,PTS,OVER,10.5,-2200,Fanatics,fanatics,player_points_alternate,the-odds-api,2026-08-20T14:45:06.151561+00:00
2026-08-20,bc3ff76ba21ecf6ee8a5ac2067a5aa81,Indiana Fever @ Dallas Wings,2026-08-21T00:00:00Z,Dallas Wings,Indiana Fever,Paige Bueckers,,PTS,OVER,11.5,-1500,Fanatics,fanatics,player_points_alternate,the-odds-api,2026-08-20T14:45:06.151561+00:00
2026-08-20,bc3ff76ba21ecf6ee8a5ac2067a5aa81,Indiana Fever @ Dallas Wings,2026-08-21T00:00:00Z,Dallas Wings,Indiana Fever,Paige Bueckers,,PTS,OVER,12.5,-1100,Fanatics,fanatics,player_points_alternate,the-odds-api,2026-08-20T14:45:06.151561+00:00
2026-08-20,bc3ff76ba21ecf6ee8a5ac2067a5aa81,Indiana Fever @ Dallas Wings,2026-08-21T00:00:00Z,Dallas Wings,Indiana Fever,Paige Bueckers,,PTS,OVER,13.5,-800,Fanatics,fanatics,player_points_alternate,the-odds-api,2026-08-20T14:45:06.151561+00:00
2026-08-20,bc3ff76ba21ecf6ee8a5ac2067a5aa81,Indiana Fever @ Dallas Wings,2026-08-21T00:00:00Z,Dallas Wings,Indiana Fever,Paige Bueckers,,PTS,OVER,14.5,-550,Fanatics,fanatics,player_points_alternate,the-odds-api,2026-08-20T14:45:06.151561+00:00
2026-08-20,bc3ff76ba21ecf6ee8a5ac2067a5aa81,Indiana Fever @ Dallas Wings,2026-08-21T00:00:00Z,Dallas Wings,Indiana Fever,Paige Bueckers,,PTS,OVER,15.5,-450,Fanatics,fanatics,player_points_alternate,the-odds-api,2026-08-20T14:45:06.151561+00:00
2026-08-20,bc3ff76ba21ecf6ee8a5ac2067a5aa81,Indiana Fever @ Dallas Wings,2026-08-21T00:00:00Z,Dallas Wings,Indiana Fever,Paige Bueckers,,PTS,OVER,16.5,-350,Fanatics,fanatics,player_points_alternate,the-odds-api,2026-08-20T14:45:06.151561+00:00
2026-08-20,bc3ff76ba21ecf6ee8a5ac2067a5aa81,Indiana Fever @ Dallas Wings,2026-08-21T00:00:00Z,Dallas Wings,Indiana Fever,Paige Bueckers,,PTS,OVER,17.5,-275,Fanatics,fanatics,player_points_alternate,the-odds-api,2026-08-20T14:45:06.151561+00:00
2026-08-20,bc3ff76ba21ecf6ee8a5ac2067a5aa81,Indiana Fever @ Dallas Wings,2026-08-21T00:00:00Z,Dallas Wings,Indiana Fever,Paige Bueckers,,PTS,OVER,18.5,-190,Fanatics,fanatics,player_points_alternate,the-odds-api,2026-08-20T14:45:06.151561+00:00
2026-08-20,bc3ff76ba21ecf6ee8a5ac2067a5aa81,Indiana Fever @ Dallas Wings,2026-08-21T00:00:00Z,Dallas Wings,Indiana Fever,Paige Bueckers,,PTS,OVER,19.5,-145,Fanatics,fanatics,player_points_alternate,the-odds-api,2026-08-20T14:45:06.151561+00:00
2026-08-20,bc3ff76ba21ecf6ee8a5ac2067a5aa81,Indiana Fever @ Dallas Wings,2026-08-21T00:00:00Z,Dallas Wings,Indiana Fever,Paige Bueckers,,PTS,OVER,20.5,-115,Fanatics,fanatics,player_points_alternate,the-odds-api,2026-08-20T14:45:06.151561+00:00
2026-08-20,bc3ff76ba21ecf6ee8a5ac2067a5aa81,Indiana Fever @ Dallas Wings,2026-08-21T00:00:00Z,Dallas Wings,Indiana Fever,Paige Bueckers,,PTS,OVER,21.5,110,Fanatics,fanatics,player_points_alternate,the-odds-api,2026-08-20T14:45:06.151561+00:00
2026-08-20,bc3ff76ba21ecf6ee8a5ac2067a5aa81,Indiana Fever @ Dallas Wings,2026-08-21T00:00:00Z,Dallas Wings,Indiana Fever,Paige Bueckers,,PTS,OVER,22.5,130,Fanatics,fanatics,player_points_alternate,the-odds-api,2026-08-20T14:45:06.151561+00:00
2026-08-20,bc3ff76ba21ecf6ee8a5ac2067a5aa81,Indiana Fever @ Dallas Wings,2026-08-21T00:00:00Z,Dallas Wings,Indiana Fever,Paige Bueckers,,PTS,OVER,23.5,155,Fanatics,fanatics,player_points_alternate,the-odds-api,2026-08-20T14:45:06.151561+00:00
2026-08-20,bc3ff76ba21ecf6ee8a5ac2067a5aa81,Indiana Fever @ Dallas Wings,2026-08-21T00:00:00Z,Dallas Wings,Indiana Fever,Paige Bueckers,,PTS,OVER,24.5,190,Fanatics,fanatics,player_points_alternate,the-odds-api,2026-08-20T14:45:06.151561+00:00
2026-08-20,bc3ff76ba21ecf6ee8a5ac2067a5aa81,Indiana Fever @ Dallas Wings,2026-08-21T00:00:00Z,Dallas Wings,Indiana Fever,Paige Bueckers,,PTS,OVER,25.5,230,Fanatics,fanatics,player_points_alternate,the-odds-api,2026-08-20T14:45:06.151561+00:00
2026-08-20,bc3ff76ba21ecf6ee8a5ac2067a5aa81,Indiana Fever @ Dallas Wings,2026-08-21T00:00:00Z,Dallas Wings,Indiana Fever,Paige Bueckers,,PTS,OVER,26.5,290,Fanatics,fanatics,player_points_alternate,the-odds-api,2026-08-20T14:45:06.151561+00:00
2026-08-20,bc3ff76ba21ecf6ee8a5ac2067a5aa81,Indiana Fever @ Dallas Wings,2026-08-21T00:00:00Z,Dallas Wings,Indiana Fever,Paige Bueckers,,PTS,OVER,27.5,350,Fanatics,fanatics,player_points_alternate,the-odds-api,2026-08-20T14:45:06.151561+00:00
2026-08-20,bc3ff76ba21ecf6ee8a5ac2067a5aa81,Indiana Fever @ Dallas Wings,2026-08-21T00:00:00Z,Dallas Wings,Indiana Fever,Paige Bueckers,,PTS,OVER,28.5,400,Fanatics,fanatics,player_points_alternate,the-odds-api,2026-08-20T14:45:06.151561+00:00
2026-08-20,bc3ff76ba21ecf6ee8a5ac2067a5aa81,Indiana Fever @ Dallas Wings,2026-08-21T00:00:00Z,Dallas Wings,Indiana Fever,Paige Bueckers,,PTS,OVER,29.5,475,Fanatics,fanatics,player_points_alternate,the-odds-api,2026-08-20T14:45:06.151561+00:00
2026-08-20,bc3ff76ba21ecf6ee8a5ac2067a5aa81,Indiana Fever @ Dallas Wings,2026-08-21T00:00:00Z,Dallas Wings,Indiana Fever,Paige Bueckers,,PTS,OVER,30.5,600,Fanatics,fanatics,player_points_alternate,the-odds-api,2026-08-20T14:45:06.151561+00:00
2026-08-20,bc3ff76ba21ecf6ee8a5ac2067a5aa81,Indiana Fever @ Dallas Wings,2026-08-21T00:00:00Z,Dallas Wings,Indiana Fever,Paige Bueckers,,PTS,OVER,31.5,750,Fanatics,fanatics,player_points_alternate,the-odds-api,2026-08-20T14:45:06.151561+00:00
2026-08-20,bc3ff76ba21ecf6ee8a5ac2067a5aa81,Indiana Fever @ Dallas Wings,2026-08-21T00:00:00Z,Dallas Wings,Indiana Fever,Paige Bueckers,,PTS,OVER,32.5,900,Fanatics,fanatics,player_points_alternate,the-odds-api,2026-08-20T14:45:06.151561+00:00
2026-08-20,bc3ff76ba21ecf6ee8a5ac2067a5aa81,Indiana Fever @ Dallas Wings,2026-08-21T00:00:00Z,Dallas Wings,Indiana Fever,Paige Bueckers,,PTS,OVER,33.5,1000,Fanatics,fanatics,player_points_alternate,the-odds-api,2026-08-20T14:45:06.151561+00:00
2026-08-20,bc3ff76ba21ecf6ee8a5ac2067a5aa81,Indiana Fever @ Dallas Wings,2026-08-21T00:00:00Z,Dallas Wings,Indiana Fever,Paige Bueckers,,PTS,OVER,34.5,1100,Fanatics,fanatics,player_points_alternate,the-odds-api,2026-08-20T14:45:06.151561+00:00
2026-08-20,bc3ff76ba21ecf6ee8a5ac2067a5aa81,Indiana Fever @ Dallas Wings,2026-08-21T00:00:00Z,Dallas Wings,Indiana Fever,Jessica Shepard,,PTS,OVER,5.5,-2200,Fanatics,fanatics,player_points_alternate,the-odds-api,2026-08-20T14:45:06.151561+00:00
2026-08-20,bc3ff76ba21ecf6ee8a5ac2067a5aa81,Indiana Fever @ Dallas Wings,2026-08-21T00:00:00Z,Dallas Wings,Indiana Fever,Jessica Shepard,,PTS,OVER,6.5,-1400,Fanatics,fanatics,player_points_alternate,the-odds-api,2026-08-20T14:45:06.151561+00:00
2026-08-20,bc3ff76ba21ecf6ee8a5ac2067a5aa81,Indiana Fever @ Dallas Wings,2026-08-21T00:00:00Z,Dallas Wings,Indiana Fever,Jessica Shepard,,PTS,OVER,7.5,-900,Fanatics,fanatics,player_points_alternate,the-odds-api,2026-08-20T14:45:06.151561+00:00
2026-08-20,bc3ff76ba21ecf6ee8a5ac2067a5aa81,Indiana Fever @ Dallas Wings,2026-08-21T00:00:00Z,Dallas Wings,Indiana Fever,Jessica Shepard,,PTS,OVER,8.5,-550,Fanatics,fanatics,player_points_alternate,the-odds-api,2026-08-20T14:45:06.151561+00:00
2026-08-20,bc3ff76ba21ecf6ee8a5ac2067a5aa81,Indiana Fever @ Dallas Wings,2026-08-21T00:00:00Z,Dallas Wings,Indiana Fever,Jessica Shepard,,PTS,OVER,9.5,-375,Fanatics,fanatics,player_points_alternate,the-odds-api,2026-08-20T14:45:06.151561+00:00
2026-08-20,bc3ff76ba21ecf6ee8a5ac2067a5aa81,Indiana Fever @ Dallas Wings,2026-08-21T00:00:00Z,Dallas Wings,Indiana Fever,Jessica Shepard,,PTS,OVER,10.5,-275,Fanatics,fanatics,player_points_alternate,the-odds-api,2026-08-20T14:45:06.151561+00:00
2026-08-20,bc3ff76ba21ecf6ee8a5ac2067a5aa81,Indiana Fever @ Dallas Wings,2026-08-21T00:00:00Z,Dallas Wings,Indiana Fever,Jessica Shepard,,PTS,OVER,11.5,-190,Fanatics,fanatics,player_points_alternate,the-odds-api,2026-08-20T14:45:06.151561+00:00
2026-08-20,bc3ff76ba21ecf6ee8a5ac2067a5aa81,Indiana Fever @ Dallas Wings,2026-08-21T00:00:00Z,Dallas Wings,Indiana Fever,Jessica Shepard,,PTS,OVER,12.5,-140,Fanatics,fanatics,player_points_alternate,the-odds-api,2026-08-20T14:45:06.151561+00:00
2026-08-20,bc3ff76ba21ecf6ee8a5ac2067a5aa81,Indiana Fever @ Dallas Wings,2026-08-21T00:00:00Z,Dallas Wings,Indiana Fever,Jessica Shepard,,PTS,OVER,13.5,-105,Fanatics,fanatics,player_points_alternate,the-odds-api,2026-08-20T14:45:06.151561+00:00
2026-08-20,bc3ff76ba21ecf6ee8a5ac2067a5aa81,Indiana Fever @ Dallas Wings,2026-08-21T00:00:00Z,Dallas Wings,Indiana Fever,Jessica Shepard,,PTS,OVER,14.5,120,Fanatics,fanatics,player_points_alternate,the-odds-api,2026-08-20T14:45:06.151561+00:00
2026-08-20,bc3ff76ba21ecf6ee8a5ac2067a5aa81,Indiana Fever @ Dallas Wings,2026-08-21T00:00:00Z,Dallas Wings,Indiana Fever,Jessica Shepard,,PTS,OVER,15.5,150,Fanatics,fanatics,player_points_alternate,the-odds-api,2026-08-20T14:45:06.151561+00:00
2026-08-20,bc3ff76ba21ecf6ee8a5ac2067a5aa81,Indiana Fever @ Dallas Wings,2026-08-21T00:00:00Z,Dallas Wings,Indiana Fever,Jessica Shepard,,PTS,OVER,16.5,190,Fanatics,fanatics,player_points_alternate,the-odds-api,2026-08-20T14:45:06.151561+00:00
2026-08-20,bc3ff76ba21ecf6ee8a5ac2067a5aa81,Indiana Fever @ Dallas Wings,2026-08-21T00:00:00Z,Dallas Wings,Indiana Fever,Jessica Shepard,,PTS,OVER,17.5,240,Fanatics,fanatics,player_points_alternate,the-odds-api,2026-08-20T14:45:06.151561+00:00
2026-08-20,bc3ff76ba21ecf6ee8a5ac2067a5aa81,Indiana Fever @ Dallas Wings,2026-08-21T00:00:00Z,Dallas Wings,Indiana Fever,Jessica Shepard,,PTS,OVER,18.5,300,Fanatics,fanatics,player_points_alternate,the-odds-api,2026-08-20T14:45:06.151561+00:00
2026-08-20,bc3ff76ba21ecf6ee8a5ac2067a5aa81,Indiana Fever @ Dallas Wings,2026-08-21T00:00:00Z,Dallas Wings,Indiana Fever,Jessica Shepard,,PTS,OVER,19.5,375,Fanatics,fanatics,player_points_alternate,the-odds-api,2026-08-20T14:45:06.151561+00:00
2026-08-20,bc3ff76ba21ecf6ee8a5ac2067a5aa81,Indiana Fever @ Dallas Wings,2026-08-21T00:00:00Z,Dallas Wings,Indiana Fever,Jessica Shepard,,PTS,OVER,20.5,475,Fanatics,fanatics,player_points_alternate,the-odds-api,2026-08-20T14:45:06.151561+00:00
2026-08-20,bc3ff76ba21ecf6ee8a5ac2067a5aa81,Indiana Fever @ Dallas Wings,2026-08-21T00:00:00Z,Dallas Wings,Indiana Fever,Jessica Shepard,,PTS,OVER,21.5,600,Fanatics,fanatics,player_points_alternate,the-odds-api,2026-08-20T14:45:06.151561+00:00
2026-08-20,bc3ff76ba21ecf6ee8a5ac2067a5aa81,Indiana Fever @ Dallas Wings,2026-08-21T00:00:00Z,Dallas Wings,Indiana Fever,Jessica Shepard,,PTS,OVER,22.5,750,Fanatics,fanatics,player_points_alternate,the-odds-api,2026-08-20T14:45:06.151561+00:00
2026-08-20,bc3ff76ba21ecf6ee8a5ac2067a5aa81,Indiana Fever @ Dallas Wings,2026-08-21T00:00:00Z,Dallas Wings,Indiana Fever,Jessica Shepard,,PTS,OVER,23.5,900,Fanatics,fanatics,player_points_alternate,the-odds-api,2026-08-20T14:45:06.151561+00:00
2026-08-20,bc3ff76ba21ecf6ee8a5ac2067a5aa81,Indiana Fever @ Dallas Wings,2026-08-21T00:00:00Z,Dallas Wings,Indiana Fever,Jessica Shepard,,PTS,OVER,24.5,1000,Fanatics,fanatics,player_points_alternate,the-odds-api,2026-08-20T14:45:06.151561+00:00
2026-08-20,bc3ff76ba21ecf6ee8a5ac2067a5aa81,Indiana Fever @ Dallas Wings,2026-08-21T00:00:00Z,Dallas Wings,Indiana Fever,Jessica Shepard,,PTS,OVER,25.5,1400,Fanatics,fanatics,player_points_alternate,the-odds-api,2026-08-20T14:45:06.151561+00:00
2026-08-20,bc3ff76ba21ecf6ee8a5ac2067a5aa81,Indiana Fever @ Dallas Wings,2026-08-21T00:00:00Z,Dallas Wings,Indiana Fever,Arike Ogunbowale,,PTS,OVER,7.5,-2200,Fanatics,fanatics,player_points_alternate,the-odds-api,2026-08-20T14:45:06.151561+00:00
2026-08-20,bc3ff76ba21ecf6ee8a5ac2067a5aa81,Indiana Fever @ Dallas Wings,2026-08-21T00:00:00Z,Dallas Wings,Indiana Fever,Arike Ogunbowale,,PTS,OVER,8.5,-1500,Fanatics,fanatics,player_points_alternate,the-odds-api,2026-08-20T14:45:06.151561+00:00
2026-08-20,bc3ff76ba21ecf6ee8a5ac2067a5aa81,Indiana Fever @ Dallas Wings,2026-08-21T00:00:00Z,Dallas Wings,Indiana Fever,Arike Ogunbowale,,PTS,OVER,9.5,-1000,Fanatics,fanatics,player_points_alternate,the-odds-api,2026-08-20T14:45:06.151561+00:00
2026-08-20,bc3ff76ba21ecf6ee8a5ac2067a5aa81,Indiana Fever @ Dallas Wings,2026-08-21T00:00:00Z,Dallas Wings,Indiana Fever,Arike Ogunbowale,,PTS,OVER,10.5,-700,Fanatics,fanatics,player_points_alternate,the-odds-api,2026-08-20T14:45:06.151561+00:00
2026-08-20,bc3ff76ba21ecf6ee8a5ac2067a5aa81,Indiana Fever @ Dallas Wings,2026-08-21T00:00:00Z,Dallas Wings,Indiana Fever,Arike Ogunbowale,,PTS,OVER,11.5,-525,Fanatics,fanatics,player_points_alternate,the-odds-api,2026-08-20T14:45:06.151561+00:00
2026-08-20,bc3ff76ba21ecf6ee8a5ac2067a5aa81,Indiana Fever @ Dallas Wings,2026-08-21T00:00:00Z,Dallas Wings,Indiana Fever,Arike Ogunbowale,,PTS,OVER,12.5,-375,Fanatics,fanatics,player_points_alternate,the-odds-api,2026-08-20T14:45:06.151561+00:00
2026-08-20,bc3ff76ba21ecf6ee8a5ac2067a5aa81,Indiana Fever @ Dallas Wings,2026-08-21T00:00:00Z,Dallas Wings,Indiana Fever,Arike Ogunbowale,,PTS,OVER,13.5,-275,Fanatics,fanatics,player_points_alternate,the-odds-api,2026-08-20T14:45:06.151561+00:00
2026-08-20,bc3ff76ba21ecf6ee8a5ac2067a5aa81,Indiana Fever @ Dallas Wings,2026-08-21T00:00:00Z,Dallas Wings,Indiana Fever,Arike Ogunbowale,,PTS,OVER,14.5,-210,Fanatics,fanatics,player_points_alternate,the-odds-api,2026-08-20T14:45:06.151561+00:00
2026-08-20,bc3ff76ba21ecf6ee8a5ac2067a5aa81,Indiana Fever @ Dallas Wings,2026-08-21T00:00:00Z,Dallas Wings,Indiana Fever,Arike Ogunbowale,,PTS,OVER,15.5,-145,Fanatics,fanatics,player_points_alternate,the-odds-api,2026-08-20T14:45:06.151561+00:00
2026-08-20,bc3ff76ba21ecf6ee8a5ac2067a5aa81,Indiana Fever @ Dallas Wings,2026-08-21T00:00:00Z,Dallas Wings,Indiana Fever,Arike Ogunbowale,,PTS,OVER,16.5,-115,Fanatics,fanatics,player_points_alternate,the-odds-api,2026-08-20T14:45:06.151561+00:00
2026-08-20,bc3ff76ba21ecf6ee8a5ac2067a5aa81,Indiana Fever @ Dallas Wings,2026-08-21T00:00:00Z,Dallas Wings,Indiana Fever,Arike Ogunbowale,,PTS,OVER,17.5,115,Fanatics,fanatics,player_points_alternate,the-odds-api,2026-08-20T14:45:06.151561+00:00
2026-08-20,bc3ff76ba21ecf6ee8a5ac2067a5aa81,Indiana Fever @ Dallas Wings,2026-08-21T00:00:00Z,Dallas Wings,Indiana Fever,Arike Ogunbowale,,PTS,OVER,18.5,135,Fanatics,fanatics,player_points_alternate,the-odds-api,2026-08-20T14:45:06.151561+00:00
2026-08-20,bc3ff76ba21ecf6ee8a5ac2067a5aa81,Indiana Fever @ Dallas Wings,2026-08-21T00:00:00Z,Dallas Wings,Indiana Fever,Arike Ogunbowale,,PTS,OVER,19.5,160,Fanatics,fanatics,player_points_alternate,the-odds-api,2026-08-20T14:45:06.151561+00:00
2026-08-20,bc3ff76ba21ecf6ee8a5ac2067a5aa81,Indiana Fever @ Dallas Wings,2026-08-21T00:00:00Z,Dallas Wings,Indiana Fever,Arike Ogunbowale,,PTS,OVER,20.5,200,Fanatics,fanatics,player_points_alternate,the-odds-api,2026-08-20T14:45:06.151561+00:00
2026-08-20,bc3ff76ba21ecf6ee8a5ac2067a5aa81,Indiana Fever @ Dallas Wings,2026-08-21T00:00:00Z,Dallas Wings,Indiana Fever,Arike Ogunbowale,,PTS,OVER,21.5,260,Fanatics,fanatics,player_points_alternate,the-odds-api,2026-08-20T14:45:06.151561+00:00
2026-08-20,bc3ff76ba21ecf6ee8a5ac2067a5aa81,Indiana Fever @ Dallas Wings,2026-08-21T00:00:00Z,Dallas Wings,Indiana Fever,Arike Ogunbowale,,PTS,OVER,22.5,320,Fanatics,fanatics,player_points_alternate,the-odds-api,2026-08-20T14:45:06.151561+00:00
2026-08-20,bc3ff76ba21ecf6ee8a5ac2067a5aa81,Indiana Fever @ Dallas Wings,2026-08-21T00:00:00Z,Dallas Wings,Indiana Fever,Arike Ogunbowale,,PTS,OVER,23.5,375,Fanatics,fanatics,player_points_alternate,the-odds-api,2026-08-20T14:45:06.151561+00:00
2026-08-20,bc3ff76ba21ecf6ee8a5ac2067a5aa81,Indiana Fever @ Dallas Wings,2026-08-21T00:00:00Z,Dallas Wings,Indiana Fever,Arike Ogunbowale,,PTS,OVER,24.5,425,Fanatics,fanatics,player_points_alternate,the-odds-api,2026-08-20T14:45:06.151561+00:00
2026-08-20,bc3ff76ba21ecf6ee8a5ac2067a5aa81,Indiana Fever @ Dallas Wings,2026-08-21T00:00:00Z,Dallas Wings,Indiana Fever,Arike Ogunbowale,,PTS,OVER,25.5,600,Fanatics,fanatics,player_points_alternate,the-odds-api,2026-08-20T14:45:06.151561+00:00
2026-08-20,bc3ff76ba21ecf6ee8a5ac2067a5aa81,Indiana Fever @ Dallas Wings,2026-08-21T00:00:00Z,Dallas Wings,Indiana Fever,Arike Ogunbowale,,PTS,OVER,26.5,750,Fanatics,fanatics,player_points_alternate,the-odds-api,2026-08-20T14:45:06.151561+00:00
2026-08-20,bc3ff76ba21ecf6ee8a5ac2067a5aa81,Indiana Fever @ Dallas Wings,2026-08-21T00:00:00Z,Dallas Wings,Indiana Fever,Arike Ogunbowale,,PTS,OVER,27.5,900,Fanatics,fanatics,player_points_alternate,the-odds-api,2026-08-20T14:45:06.151561+00:00
2026-08-20,bc3ff76ba21ecf6ee8a5ac2067a5aa81,Indiana Fever @ Dallas Wings,2026-08-21T00:00:00Z,Dallas Wings,Indiana Fever,Arike Ogunbowale,,PTS,OVER,28.5,1000,Fanatics,fanatics,player_points_alternate,the-odds-api,2026-08-20T14:45:06.151561+00:00
2026-08-20,bc3ff76ba21ecf6ee8a5ac2067a5aa81,Indiana Fever @ Dallas Wings,2026-08-21T00:00:00Z,Dallas Wings,Indiana Fever,Arike Ogunbowale,,PTS,OVER,29.5,1100,Fanatics,fanatics,player_points_alternate,the-odds-api,2026-08-20T14:45:06.151561+00:00
2026-08-20,bc3ff76ba21ecf6ee8a5ac2067a5aa81,Indiana Fever @ Dallas Wings,2026-08-21T00:00:00Z,Dallas Wings,Indiana Fever,Arike Ogunbowale,,PTS,OVER,30.5,1400,Fanatics,fanatics,player_points_alternate,the-odds-api,2026-08-20T14:45:06.151561+00:00
2026-08-20,bc3ff76ba21ecf6ee8a5ac2067a5aa81,Indiana Fever @ Dallas Wings,2026-08-21T00:00:00Z,Dallas Wings,Indiana Fever,Alanna Smith,,PTS,OVER,4.5,-1300,Fanatics,fanatics,player_points_alternate,the-odds-api,2026-08-20T14:45:06.151561+00:00
2026-08-20,bc3ff76ba21ecf6ee8a5ac2067a5aa81,Indiana Fever @ Dallas Wings,2026-08-21T00:00:00Z,Dallas Wings,Indiana Fever,Alanna Smith,,PTS,OVER,5.5,-800,Fanatics,fanatics,player_points_alternate,the-odds-api,2026-08-20T14:45:06.151561+00:00
2026-08-20,bc3ff76ba21ecf6ee8a5ac2067a5aa81,Indiana Fever @ Dallas Wings,2026-08-21T00:00:00Z,Dallas Wings,Indiana Fever,Alanna Smith,,PTS,OVER,6.5,-475,Fanatics,fanatics,player_points_alternate,the-odds-api,2026-08-20T14:45:06.151561+00:00
2026-08-20,bc3ff76ba21ecf6ee8a5ac2067a5aa81,Indiana Fever @ Dallas Wings,2026-08-21T00:00:00Z,Dallas Wings,Indiana Fever,Alanna Smith,,PTS,OVER,7.5,-325,Fanatics,fanatics,player_points_alternate,the-odds-api,2026-08-20T14:45:06.151561+00:00
2026-08-20,bc3ff76ba21ecf6ee8a5ac2067a5aa81,Indiana Fever @ Dallas Wings,2026-08-21T00:00:00Z,Dallas Wings,Indiana Fever,Alanna Smith,,PTS,OVER,8.5,-225,Fanatics,fanatics,player_points_alternate,the-odds-api,2026-08-20T14:45:06.151561+00:00
2026-08-20,bc3ff76ba21ecf6ee8a5ac2067a5aa81,Indiana Fever @ Dallas Wings,2026-08-21T00:00:00Z,Dallas Wings,Indiana Fever,Alanna Smith,,PTS,OVER,9.5,-145,Fanatics,fanatics,player_points_alternate,the-odds-api,2026-08-20T14:45:06.151561+00:00
2026-08-20,bc3ff76ba21ecf6ee8a5ac2067a5aa81,Indiana Fever @ Dallas Wings,2026-08-21T00:00:00Z,Dallas Wings,Indiana Fever,Alanna Smith,,PTS,OVER,10.5,-105,Fanatics,fanatics,player_points_alternate,the-odds-api,2026-08-20T14:45:06.151561+00:00
2026-08-20,bc3ff76ba21ecf6ee8a5ac2067a5aa81,Indiana Fever @ Dallas Wings,2026-08-21T00:00:00Z,Dallas Wings,Indiana Fever,Alanna Smith,,PTS,OVER,11.5,125,Fanatics,fanatics,player_points_alternate,the-odds-api,2026-08-20T14:45:06.151561+00:00
2026-08-20,bc3ff76ba21ecf6ee8a5ac2067a5aa81,Indiana Fever @ Dallas Wings,2026-08-21T00:00:00Z,Dallas Wings,Indiana Fever,Alanna Smith,,PTS,OVER,12.5,155,Fanatics,fanatics,player_points_alternate,the-odds-api,2026-08-20T14:45:06.151561+00:00
2026-08-20,bc3ff76ba21ecf6ee8a5ac2067a5aa81,Indiana Fever @ Dallas Wings,2026-08-21T00:00:00Z,Dallas Wings,Indiana Fever,Alanna Smith,,PTS,OVER,13.5,210,Fanatics,fanatics,player_points_alternate,the-odds-api,2026-08-20T14:45:06.151561+00:00
2026-08-20,bc3ff76ba21ecf6ee8a5ac2067a5aa81,Indiana Fever @ Dallas Wings,2026-08-21T00:00:00Z,Dallas Wings,Indiana Fever,Alanna Smith,,PTS,OVER,14.5,270,Fanatics,fanatics,player_points_alternate,the-odds-api,2026-08-20T14:45:06.151561+00:00
2026-08-20,bc3ff76ba21ecf6ee8a5ac2067a5aa81,Indiana Fever @ Dallas Wings,2026-08-21T00:00:00Z,Dallas Wings,Indiana Fever,Alanna Smith,,PTS,OVER,15.5,350,Fanatics,fanatics,player_points_alternate,the-odds-api,2026-08-20T14:45:06.151561+00:00
2026-08-20,bc3ff76ba21ecf6ee8a5ac2067a5aa81,Indiana Fever @ Dallas Wings,2026-08-21T00:00:00Z,Dallas Wings,Indiana Fever,Alanna Smith,,PTS,OVER,16.5,425,Fanatics,fanatics,player_points_alternate,the-odds-api,2026-08-20T14:45:06.151561+00:00
2026-08-20,bc3ff76ba21ecf6ee8a5ac2067a5aa81,Indiana Fever @ Dallas Wings,2026-08-21T00:00:00Z,Dallas Wings,Indiana Fever,Alanna Smith,,PTS,OVER,17.5,600,Fanatics,fanatics,player_points_alternate,the-odds-api,2026-08-20T14:45:06.151561+00:00
2026-08-20,bc3ff76ba21ecf6ee8a5ac2067a5aa81,Indiana Fever @ Dallas Wings,2026-08-21T00:00:00Z,Dallas Wings,Indiana Fever,Alanna Smith,,PTS,OVER,18.5,800,Fanatics,fanatics,player_points_alternate,the-odds-api,2026-08-20T14:45:06.151561+00:00
2026-08-20,bc3ff76ba21ecf6ee8a5ac2067a5aa81,Indiana Fever @ Dallas Wings,2026-08-21T00:00:00Z,Dallas Wings,Indiana Fever,Alanna Smith,,PTS,OVER,19.5,900,Fanatics,fanatics,player_points_alternate,the-odds-api,2026-08-20T14:45:06.151561+00:00
2026-08-20,bc3ff76ba21ecf6ee8a5ac2067a5aa81,Indiana Fever @ Dallas Wings,2026-08-21T00:00:00Z,Dallas Wings,Indiana Fever,Alanna Smith,,PTS,OVER,20.5,1100,Fanatics,fanatics,player_points_alternate,the-odds-api,2026-08-20T14:45:06.151561+00:00
2026-08-20,bc3ff76ba21ecf6ee8a5ac2067a5aa81,Indiana Fever @ Dallas Wings,2026-08-21T00:00:00Z,Dallas Wings,Indiana Fever,Alanna Smith,,PTS,OVER,21.5,1400,Fanatics,fanatics,player_points_alternate,the-odds-api,2026-08-20T14:45:06.151561+00:00
2026-08-20,bc3ff76ba21ecf6ee8a5ac2067a5aa81,Indiana Fever @ Dallas Wings,2026-08-21T00:00:00Z,Dallas Wings,Indiana Fever,Sophie Cunningham,,PTS,OVER,4.5,-350,Fanatics,fanatics,player_points_alternate,the-odds-api,2026-08-20T14:45:06.151561+00:00
2026-08-20,bc3ff76ba21ecf6ee8a5ac2067a5aa81,Indiana Fever @ Dallas Wings,2026-08-21T00:00:00Z,Dallas Wings,Indiana Fever,Sophie Cunningham,,PTS,OVER,5.5,-225,Fanatics,fanatics,player_points_alternate,the-odds-api,2026-08-20T14:45:06.151561+00:00
2026-08-20,bc3ff76ba21ecf6ee8a5ac2067a5aa81,Indiana Fever @ Dallas Wings,2026-08-21T00:00:00Z,Dallas Wings,Indiana Fever,Sophie Cunningham,,PTS,OVER,6.5,-145,Fanatics,fanatics,player_points_alternate,the-odds-api,2026-08-20T14:45:06.151561+00:00
2026-08-20,bc3ff76ba21ecf6ee8a5ac2067a5aa81,Indiana Fever @ Dallas Wings,2026-08-21T00:00:00Z,Dallas Wings,Indiana Fever,Sophie Cunningham,,PTS,OVER,7.5,100,Fanatics,fanatics,player_points_alternate,the-odds-api,2026-08-20T14:45:06.151561+00:00
2026-08-20,bc3ff76ba21ecf6ee8a5ac2067a5aa81,Indiana Fever @ Dallas Wings,2026-08-21T00:00:00Z,Dallas Wings,Indiana Fever,Sophie Cunningham,,PTS,OVER,8.5,130,Fanatics,fanatics,player_points_alternate,the-odds-api,2026-08-20T14:45:06.151561+00:00
2026-08-20,bc3ff76ba21ecf6ee8a5ac2067a5aa81,Indiana Fever @ Dallas Wings,2026-08-21T00:00:00Z,Dallas Wings,Indiana Fever,Sophie Cunningham,,PTS,OVER,9.5,175,Fanatics,fanatics,player_points_alternate,the-odds-api,2026-08-20T14:45:06.151561+00:00
2026-08-20,bc3ff76ba21ecf6ee8a5ac2067a5aa81,Indiana Fever @ Dallas Wings,2026-08-21T00:00:00Z,Dallas Wings,Indiana Fever,Sophie Cunningham,,PTS,OVER,10.5,240,Fanatics,fanatics,player_points_alternate,the-odds-api,2026-08-20T14:45:06.151561+00:00
2026-08-20,bc3ff76ba21ecf6ee8a5ac2067a5aa81,Indiana Fever @ Dallas Wings,2026-08-21T00:00:00Z,Dallas Wings,Indiana Fever,Sophie Cunningham,,PTS,OVER,11.5,320,Fanatics,fanatics,player_points_alternate,the-odds-api,2026-08-20T14:45:06.151561+00:00
2026-08-20,bc3ff76ba21ecf6ee8a5ac2067a5aa81,Indiana Fever @ Dallas Wings,2026-08-21T00:00:00Z,Dallas Wings,Indiana Fever,Sophie Cunningham,,PTS,OVER,12.5,400,Fanatics,fanatics,player_points_alternate,the-odds-api,2026-08-20T14:45:06.151561+00:00
2026-08-20,bc3ff76ba21ecf6ee8a5ac2067a5aa81,Indiana Fever @ Dallas Wings,2026-08-21T00:00:00Z,Dallas Wings,Indiana Fever,Sophie Cunningham,,PTS,OVER,13.5,550,Fanatics,fanatics,player_points_alternate,the-odds-api,2026-08-20T14:45:06.151561+00:00
2026-08-20,bc3ff76ba21ecf6ee8a5ac2067a5aa81,Indiana Fever @ Dallas Wings,2026-08-21T00:00:00Z,Dallas Wings,Indiana Fever,Sophie Cunningham,,PTS,OVER,14.5,750,Fanatics,fanatics,player_points_alternate,the-odds-api,2026-08-20T14:45:06.151561+00:00
2026-08-20,bc3ff76ba21ecf6ee8a5ac2067a5aa81,Indiana Fever @ Dallas Wings,2026-08-21T00:00:00Z,Dallas Wings,Indiana Fever,Sophie Cunningham,,PTS,OVER,15.5,900,Fanatics,fanatics,player_points_alternate,the-odds-api,2026-08-20T14:45:06.151561+00:00
2026-08-20,bc3ff76ba21ecf6ee8a5ac2067a5aa81,Indiana Fever @ Dallas Wings,2026-08-21T00:00:00Z,Dallas Wings,Indiana Fever,Sophie Cunningham,,PTS,OVER,16.5,1100,Fanatics,fanatics,player_points_alternate,the-odds-api,2026-08-20T14:45:06.151561+00:00
2026-08-20,bc3ff76ba21ecf6ee8a5ac2067a5aa81,Indiana Fever @ Dallas Wings,2026-08-21T00:00:00Z,Dallas Wings,Indiana Fever,Sophie Cunningham,,PTS,OVER,17.5,1500,Fanatics,fanatics,player_points_alternate,the-odds-api,2026-08-20T14:45:06.151561+00:00
2026-08-20,bc3ff76ba21ecf6ee8a5ac2067a5aa81,Indiana Fever @ Dallas Wings,2026-08-21T00:00:00Z,Dallas Wings,Indiana Fever,Makayla Timpson,,PTS,OVER,4.5,-550,Fanatics,fanatics,player_points_alternate,the-odds-api,2026-08-20T14:45:06.151561+00:00
2026-08-20,bc3ff76ba21ecf6ee8a5ac2067a5aa81,Indiana Fever @ Dallas Wings,2026-08-21T00:00:00Z,Dallas Wings,Indiana Fever,Makayla Timpson,,PTS,OVER,5.5,-350,Fanatics,fanatics,player_points_alternate,the-odds-api,2026-08-20T14:45:06.151561+00:00
2026-08-20,bc3ff76ba21ecf6ee8a5ac2067a5aa81,Indiana Fever @ Dallas Wings,2026-08-21T00:00:00Z,Dallas Wings,Indiana Fever,Makayla Timpson,,PTS,OVER,6.5,-225,Fanatics,fanatics,player_points_alternate,the-odds-api,2026-08-20T14:45:06.151561+00:00
2026-08-20,bc3ff76ba21ecf6ee8a5ac2067a5aa81,Indiana Fever @ Dallas Wings,2026-08-21T00:00:00Z,Dallas Wings,Indiana Fever,Makayla Timpson,,PTS,OVER,7.5,-130,Fanatics,fanatics,player_points_alternate,the-odds-api,2026-08-20T14:45:06.151561+00:00
2026-08-20,bc3ff76ba21ecf6ee8a5ac2067a5aa81,Indiana Fever @ Dallas Wings,2026-08-21T00:00:00Z,Dallas Wings,Indiana Fever,Makayla Timpson,,PTS,OVER,8.5,115,Fanatics,fanatics,player_points_alternate,the-odds-api,2026-08-20T14:45:06.151561+00:00
2026-08-20,bc3ff76ba21ecf6ee8a5ac2067a5aa81,Indiana Fever @ Dallas Wings,2026-08-21T00:00:00Z,Dallas Wings,Indiana Fever,Makayla Timpson,,PTS,OVER,9.5,150,Fanatics,fanatics,player_points_alternate,the-odds-api,2026-08-20T14:45:06.151561+00:00
2026-08-20,bc3ff76ba21ecf6ee8a5ac2067a5aa81,Indiana Fever @ Dallas Wings,2026-08-21T00:00:00Z,Dallas Wings,Indiana Fever,Makayla Timpson,,PTS,OVER,10.5,210,Fanatics,fanatics,player_points_alternate,the-odds-api,2026-08-20T14:45:06.151561+00:00
2026-08-20,bc3ff76ba21ecf6ee8a5ac2067a5aa81,Indiana Fever @ Dallas Wings,2026-08-21T00:00:00Z,Dallas Wings,Indiana Fever,Makayla Timpson,,PTS,OVER,11.5,300,Fanatics,fanatics,player_points_alternate,the-odds-api,2026-08-20T14:45:06.151561+00:00
2026-08-20,bc3ff76ba21ecf6ee8a5ac2067a5aa81,Indiana Fever @ Dallas Wings,2026-08-21T00:00:00Z,Dallas Wings,Indiana Fever,Makayla Timpson,,PTS,OVER,12.5,400,Fanatics,fanatics,player_points_alternate,the-odds-api,2026-08-20T14:45:06.151561+00:00
2026-08-20,bc3ff76ba21ecf6ee8a5ac2067a5aa81,Indiana Fever @ Dallas Wings,2026-08-21T00:00:00Z,Dallas Wings,Indiana Fever,Makayla Timpson,,PTS,OVER,13.5,600,Fanatics,fanatics,player_points_alternate,the-odds-api,2026-08-20T14:45:06.151561+00:00
2026-08-20,bc3ff76ba21ecf6ee8a5ac2067a5aa81,Indiana Fever @ Dallas Wings,2026-08-21T00:00:00Z,Dallas Wings,Indiana Fever,Makayla Timpson,,PTS,OVER,14.5,800,Fanatics,fanatics,player_points_alternate,the-odds-api,2026-08-20T14:45:06.151561+00:00
2026-08-20,bc3ff76ba21ecf6ee8a5ac2067a5aa81,Indiana Fever @ Dallas Wings,2026-08-21T00:00:00Z,Dallas Wings,Indiana Fever,Makayla Timpson,,PTS,OVER,15.5,1000,Fanatics,fanatics,player_points_alternate,the-odds-api,2026-08-20T14:45:06.151561+00:00
2026-08-20,bc3ff76ba21ecf6ee8a5ac2067a5aa81,Indiana Fever @ Dallas Wings,2026-08-21T00:00:00Z,Dallas Wings,Indiana Fever,Makayla Timpson,,PTS,OVER,16.5,1400,Fanatics,fanatics,player_points_alternate,the-odds-api,2026-08-20T14:45:06.151561+00:00
2026-08-20,bc3ff76ba21ecf6ee8a5ac2067a5aa81,Indiana Fever @ Dallas Wings,2026-08-21T00:00:00Z,Dallas Wings,Indiana Fever,Odyssey Sims,,PTS,OVER,4.5,-525,Fanatics,fanatics,player_points_alternate,the-odds-api,2026-08-20T14:45:06.151561+00:00
2026-08-20,bc3ff76ba21ecf6ee8a5ac2067a5aa81,Indiana Fever @ Dallas Wings,2026-08-21T00:00:00Z,Dallas Wings,Indiana Fever,Odyssey Sims,,PTS,OVER,5.5,-325,Fanatics,fanatics,player_points_alternate,the-odds-api,2026-08-20T14:45:06.151561+00:00
2026-08-20,bc3ff76ba21ecf6ee8a5ac2067a5aa81,Indiana Fever @ Dallas Wings,2026-08-21T00:00:00Z,Dallas Wings,Indiana Fever,Odyssey Sims,,PTS,OVER,6.5,-210,Fanatics,fanatics,player_points_alternate,the-odds-api,2026-08-20T14:45:06.151561+00:00
2026-08-20,bc3ff76ba21ecf6ee8a5ac2067a5aa81,Indiana Fever @ Dallas Wings,2026-08-21T00:00:00Z,Dallas Wings,Indiana Fever,Odyssey Sims,,PTS,OVER,7.5,-130,Fanatics,fanatics,player_points_alternate,the-odds-api,2026-08-20T14:45:06.151561+00:00
2026-08-20,bc3ff76ba21ecf6ee8a5ac2067a5aa81,Indiana Fever @ Dallas Wings,2026-08-21T00:00:00Z,Dallas Wings,Indiana Fever,Odyssey Sims,,PTS,OVER,8.5,115,Fanatics,fanatics,player_points_alternate,the-odds-api,2026-08-20T14:45:06.151561+00:00
2026-08-20,bc3ff76ba21ecf6ee8a5ac2067a5aa81,Indiana Fever @ Dallas Wings,2026-08-21T00:00:00Z,Dallas Wings,Indiana Fever,Odyssey Sims,,PTS,OVER,9.5,150,Fanatics,fanatics,player_points_alternate,the-odds-api,2026-08-20T14:45:06.151561+00:00
2026-08-20,bc3ff76ba21ecf6ee8a5ac2067a5aa81,Indiana Fever @ Dallas Wings,2026-08-21T00:00:00Z,Dallas Wings,Indiana Fever,Odyssey Sims,,PTS,OVER,10.5,200,Fanatics,fanatics,player_points_alternate,the-odds-api,2026-08-20T14:45:06.151561+00:00
2026-08-20,bc3ff76ba21ecf6ee8a5ac2067a5aa81,Indiana Fever @ Dallas Wings,2026-08-21T00:00:00Z,Dallas Wings,Indiana Fever,Odyssey Sims,,PTS,OVER,11.5,290,Fanatics,fanatics,player_points_alternate,the-odds-api,2026-08-20T14:45:06.151561+00:00
2026-08-20,bc3ff76ba21ecf6ee8a5ac2067a5aa81,Indiana Fever @ Dallas Wings,2026-08-21T00:00:00Z,Dallas Wings,Indiana Fever,Odyssey Sims,,PTS,OVER,12.5,375,Fanatics,fanatics,player_points_alternate,the-odds-api,2026-08-20T14:45:06.151561+00:00
2026-08-20,bc3ff76ba21ecf6ee8a5ac2067a5aa81,Indiana Fever @ Dallas Wings,2026-08-21T00:00:00Z,Dallas Wings,Indiana Fever,Odyssey Sims,,PTS,OVER,13.5,500,Fanatics,fanatics,player_points_alternate,the-odds-api,2026-08-20T14:45:06.151561+00:00
2026-08-20,bc3ff76ba21ecf6ee8a5ac2067a5aa81,Indiana Fever @ Dallas Wings,2026-08-21T00:00:00Z,Dallas Wings,Indiana Fever,Odyssey Sims,,PTS,OVER,14.5,700,Fanatics,fanatics,player_points_alternate,the-odds-api,2026-08-20T14:45:06.151561+00:00
2026-08-20,bc3ff76ba21ecf6ee8a5ac2067a5aa81,Indiana Fever @ Dallas Wings,2026-08-21T00:00:00Z,Dallas Wings,Indiana Fever,Odyssey Sims,,PTS,OVER,15.5,900,Fanatics,fanatics,player_points_alternate,the-odds-api,2026-08-20T14:45:06.151561+00:00
2026-08-20,bc3ff76ba21ecf6ee8a5ac2067a5aa81,Indiana Fever @ Dallas Wings,2026-08-21T00:00:00Z,Dallas Wings,Indiana Fever,Odyssey Sims,,PTS,OVER,16.5,1100,Fanatics,fanatics,player_points_alternate,the-odds-api,2026-08-20T14:45:06.151561+00:00
2026-08-20,bc3ff76ba21ecf6ee8a5ac2067a5aa81,Indiana Fever @ Dallas Wings,2026-08-21T00:00:00Z,Dallas Wings,Indiana Fever,Odyssey Sims,,PTS,OVER,17.5,1500,Fanatics,fanatics,player_points_alternate,the-odds-api,2026-08-20T14:45:06.151561+00:00
2026-08-20,bc3ff76ba21ecf6ee8a5ac2067a5aa81,Indiana Fever @ Dallas Wings,2026-08-21T00:00:00Z,Dallas Wings,Indiana Fever,Awak Kuier,,PTS,OVER,4.5,-375,Fanatics,fanatics,player_points_alternate,the-odds-api,2026-08-20T14:45:06.151561+00:00
2026-08-20,bc3ff76ba21ecf6ee8a5ac2067a5aa81,Indiana Fever @ Dallas Wings,2026-08-21T00:00:00Z,Dallas Wings,Indiana Fever,Awak Kuier,,PTS,OVER,5.5,-240,Fanatics,fanatics,player_points_alternate,the-odds-api,2026-08-20T14:45:06.151561+00:00
2026-08-20,bc3ff76ba21ecf6ee8a5ac2067a5aa81,Indiana Fever @ Dallas Wings,2026-08-21T00:00:00Z,Dallas Wings,Indiana Fever,Awak Kuier,,PTS,OVER,6.5,-140,Fanatics,fanatics,player_points_alternate,the-odds-api,2026-08-20T14:45:06.151561+00:00
2026-08-20,bc3ff76ba21ecf6ee8a5ac2067a5aa81,Indiana Fever @ Dallas Wings,2026-08-21T00:00:00Z,Dallas Wings,Indiana Fever,Awak Kuier,,PTS,OVER,7.5,105,Fanatics,fanatics,player_points_alternate,the-odds-api,2026-08-20T14:45:06.151561+00:00
2026-08-20,bc3ff76ba21ecf6ee8a5ac2067a5aa81,Indiana Fever @ Dallas Wings,2026-08-21T00:00:00Z,Dallas Wings,Indiana Fever,Awak Kuier,,PTS,OVER,8.5,135,Fanatics,fanatics,player_points_alternate,the-odds-api,2026-08-20T14:45:06.151561+00:00
2026-08-20,bc3ff76ba21ecf6ee8a5ac2067a5aa81,Indiana Fever @ Dallas Wings,2026-08-21T00:00:00Z,Dallas Wings,Indiana Fever,Awak Kuier,,PTS,OVER,9.5,190,Fanatics,fanatics,player_points_alternate,the-odds-api,2026-08-20T14:45:06.151561+00:00
2026-08-20,bc3ff76ba21ecf6ee8a5ac2067a5aa81,Indiana Fever @ Dallas Wings,2026-08-21T00:00:00Z,Dallas Wings,Indiana Fever,Awak Kuier,,PTS,OVER,10.5,270,Fanatics,fanatics,player_points_alternate,the-odds-api,2026-08-20T14:45:06.151561+00:00
2026-08-20,bc3ff76ba21ecf6ee8a5ac2067a5aa81,Indiana Fever @ Dallas Wings,2026-08-21T00:00:00Z,Dallas Wings,Indiana Fever,Awak Kuier,,PTS,OVER,11.5,350,Fanatics,fanatics,player_points_alternate,the-odds-api,2026-08-20T14:45:06.151561+00:00
2026-08-20,bc3ff76ba21ecf6ee8a5ac2067a5aa81,Indiana Fever @ Dallas Wings,2026-08-21T00:00:00Z,Dallas Wings,Indiana Fever,Awak Kuier,,PTS,OVER,12.5,475,Fanatics,fanatics,player_points_alternate,the-odds-api,2026-08-20T14:45:06.151561+00:00
2026-08-20,bc3ff76ba21ecf6ee8a5ac2067a5aa81,Indiana Fever @ Dallas Wings,2026-08-21T00:00:00Z,Dallas Wings,Indiana Fever,Awak Kuier,,PTS,OVER,13.5,700,Fanatics,fanatics,player_points_alternate,the-odds-api,2026-08-20T14:45:06.151561+00:00
2026-08-20,bc3ff76ba21ecf6ee8a5ac2067a5aa81,Indiana Fever @ Dallas Wings,2026-08-21T00:00:00Z,Dallas Wings,Indiana Fever,Awak Kuier,,PTS,OVER,14.5,900,Fanatics,fanatics,player_points_alternate,the-odds-api,2026-08-20T14:45:06.151561+00:00
2026-08-20,bc3ff76ba21ecf6ee8a5ac2067a5aa81,Indiana Fever @ Dallas Wings,2026-08-21T00:00:00Z,Dallas Wings,Indiana Fever,Awak Kuier,,PTS,OVER,15.5,1100,Fanatics,fanatics,player_points_alternate,the-odds-api,2026-08-20T14:45:06.151561+00:00
2026-08-20,bc3ff76ba21ecf6ee8a5ac2067a5aa81,Indiana Fever @ Dallas Wings,2026-08-21T00:00:00Z,Dallas Wings,Indiana Fever,Awak Kuier,,PTS,OVER,16.5,1400,Fanatics,fanatics,player_points_alternate,the-odds-api,2026-08-20T14:45:06.151561+00:00
2026-08-20,bc3ff76ba21ecf6ee8a5ac2067a5aa81,Indiana Fever @ Dallas Wings,2026-08-21T00:00:00Z,Dallas Wings,Indiana Fever,Caitlin Clark,,REB,OVER,1.5,-1200,Fanatics,fanatics,player_rebounds_alternate,the-odds-api,2026-08-20T14:45:06.151561+00:00
2026-08-20,bc3ff76ba21ecf6ee8a5ac2067a5aa81,Indiana Fever @ Dallas Wings,2026-08-21T00:00:00Z,Dallas Wings,Indiana Fever,Caitlin Clark,,REB,OVER,2.5,-400,Fanatics,fanatics,player_rebounds_alternate,the-odds-api,2026-08-20T14:45:06.151561+00:00
2026-08-20,bc3ff76ba21ecf6ee8a5ac2067a5aa81,Indiana Fever @ Dallas Wings,2026-08-21T00:00:00Z,Dallas Wings,Indiana Fever,Caitlin Clark,,REB,OVER,3.5,-150,Fanatics,fanatics,player_rebounds_alternate,the-odds-api,2026-08-20T14:45:06.151561+00:00
2026-08-20,bc3ff76ba21ecf6ee8a5ac2067a5aa81,Indiana Fever @ Dallas Wings,2026-08-21T00:00:00Z,Dallas Wings,Indiana Fever,Caitlin Clark,,REB,OVER,4.5,135,Fanatics,fanatics,player_rebounds_alternate,the-odds-api,2026-08-20T14:45:06.151561+00:00
2026-08-20,bc3ff76ba21ecf6ee8a5ac2067a5aa81,Indiana Fever @ Dallas Wings,2026-08-21T00:00:00Z,Dallas Wings,Indiana Fever,Caitlin Clark,,REB,OVER,5.5,240,Fanatics,fanatics,player_rebounds_alternate,the-odds-api,2026-08-20T14:45:06.151561+00:00
2026-08-20,bc3ff76ba21ecf6ee8a5ac2067a5aa81,Indiana Fever @ Dallas Wings,2026-08-21T00:00:00Z,Dallas Wings,Indiana Fever,Caitlin Clark,,REB,OVER,6.5,400,Fanatics,fanatics,player_rebounds_alternate,the-odds-api,2026-08-20T14:45:06.151561+00:00
2026-08-20,bc3ff76ba21ecf6ee8a5ac2067a5aa81,Indiana Fever @ Dallas Wings,2026-08-21T00:00:00Z,Dallas Wings,Indiana Fever,Caitlin Clark,,REB,OVER,7.5,850,Fanatics,fanatics,player_rebounds_alternate,the-odds-api,2026-08-20T14:45:06.151561+00:00
2026-08-20,bc3ff76ba21ecf6ee8a5ac2067a5aa81,Indiana Fever @ Dallas Wings,2026-08-21T00:00:00Z,Dallas Wings,Indiana Fever,Aliyah Boston,,REB,OVER,4.5,-1700,Fanatics,fanatics,player_rebounds_alternate,the-odds-api,2026-08-20T14:45:06.151561+00:00
2026-08-20,bc3ff76ba21ecf6ee8a5ac2067a5aa81,Indiana Fever @ Dallas Wings,2026-08-21T00:00:00Z,Dallas Wings,Indiana Fever,Aliyah Boston,,REB,OVER,5.5,-800,Fanatics,fanatics,player_rebounds_alternate,the-odds-api,2026-08-20T14:45:06.151561+00:00
2026-08-20,bc3ff76ba21ecf6ee8a5ac2067a5aa81,Indiana Fever @ Dallas Wings,2026-08-21T00:00:00Z,Dallas Wings,Indiana Fever,Aliyah Boston,,REB,OVER,6.5,-425,Fanatics,fanatics,player_rebounds_alternate,the-odds-api,2026-08-20T14:45:06.151561+00:00
2026-08-20,bc3ff76ba21ecf6ee8a5ac2067a5aa81,Indiana Fever @ Dallas Wings,2026-08-21T00:00:00Z,Dallas Wings,Indiana Fever,Aliyah Boston,,REB,OVER,7.5,-240,Fanatics,fanatics,player_rebounds_alternate,the-odds-api,2026-08-20T14:45:06.151561+00:00
2026-08-20,bc3ff76ba21ecf6ee8a5ac2067a5aa81,Indiana Fever @ Dallas Wings,2026-08-21T00:00:00Z,Dallas Wings,Indiana Fever,Aliyah Boston,,REB,OVER,8.5,-130,Fanatics,fanatics,player_rebounds_alternate,the-odds-api,2026-08-20T14:45:06.151561+00:00
2026-08-20,bc3ff76ba21ecf6ee8a5ac2067a5aa81,Indiana Fever @ Dallas Wings,2026-08-21T00:00:00Z,Dallas Wings,Indiana Fever,Aliyah Boston,,REB,OVER,9.5,125,Fanatics,fanatics,player_rebounds_alternate,the-odds-api,2026-08-20T14:45:06.151561+00:00
2026-08-20,bc3ff76ba21ecf6ee8a5ac2067a5aa81,Indiana Fever @ Dallas Wings,2026-08-21T00:00:00Z,Dallas Wings,Indiana Fever,Aliyah Boston,,REB,OVER,10.5,185,Fanatics,fanatics,player_rebounds_alternate,the-odds-api,2026-08-20T14:45:06.151561+00:00
2026-08-20,bc3ff76ba21ecf6ee8a5ac2067a5aa81,Indiana Fever @ Dallas Wings,2026-08-21T00:00:00Z,Dallas Wings,Indiana Fever,Aliyah Boston,,REB,OVER,11.5,290,Fanatics,fanatics,player_rebounds_alternate,the-odds-api,2026-08-20T14:45:06.151561+00:00
2026-08-20,bc3ff76ba21ecf6ee8a5ac2067a5aa81,Indiana Fever @ Dallas Wings,2026-08-21T00:00:00Z,Dallas Wings,Indiana Fever,Aliyah Boston,,REB,OVER,12.5,400,Fanatics,fanatics,player_rebounds_alternate,the-odds-api,2026-08-20T14:45:06.151561+00:00
2026-08-20,bc3ff76ba21ecf6ee8a5ac2067a5aa81,Indiana Fever @ Dallas Wings,2026-08-21T00:00:00Z,Dallas Wings,Indiana Fever,Aliyah Boston,,REB,OVER,13.5,650,Fanatics,fanatics,player_rebounds_alternate,the-odds-api,2026-08-20T14:45:06.151561+00:00
2026-08-20,bc3ff76ba21ecf6ee8a5ac2067a5aa81,Indiana Fever @ Dallas Wings,2026-08-21T00:00:00Z,Dallas Wings,Indiana Fever,Paige Bueckers,,REB,OVER,1.5,-1000,Fanatics,fanatics,player_rebounds_alternate,the-odds-api,2026-08-20T14:45:06.151561+00:00
2026-08-20,bc3ff76ba21ecf6ee8a5ac2067a5aa81,Indiana Fever @ Dallas Wings,2026-08-21T00:00:00Z,Dallas Wings,Indiana Fever,Paige Bueckers,,REB,OVER,2.5,-350,Fanatics,fanatics,player_rebounds_alternate,the-odds-api,2026-08-20T14:45:06.151561+00:00
2026-08-20,bc3ff76ba21ecf6ee8a5ac2067a5aa81,Indiana Fever @ Dallas Wings,2026-08-21T00:00:00Z,Dallas Wings,Indiana Fever,Paige Bueckers,,REB,OVER,3.5,-130,Fanatics,fanatics,player_rebounds_alternate,the-odds-api,2026-08-20T14:45:06.151561+00:00
2026-08-20,bc3ff76ba21ecf6ee8a5ac2067a5aa81,Indiana Fever @ Dallas Wings,2026-08-21T00:00:00Z,Dallas Wings,Indiana Fever,Paige Bueckers,,REB,OVER,4.5,150,Fanatics,fanatics,player_rebounds_alternate,the-odds-api,2026-08-20T14:45:06.151561+00:00
2026-08-20,bc3ff76ba21ecf6ee8a5ac2067a5aa81,Indiana Fever @ Dallas Wings,2026-08-21T00:00:00Z,Dallas Wings,Indiana Fever,Paige Bueckers,,REB,OVER,5.5,290,Fanatics,fanatics,player_rebounds_alternate,the-odds-api,2026-08-20T14:45:06.151561+00:00
2026-08-20,bc3ff76ba21ecf6ee8a5ac2067a5aa81,Indiana Fever @ Dallas Wings,2026-08-21T00:00:00Z,Dallas Wings,Indiana Fever,Paige Bueckers,,REB,OVER,6.5,500,Fanatics,fanatics,player_rebounds_alternate,the-odds-api,2026-08-20T14:45:06.151561+00:00
2026-08-20,bc3ff76ba21ecf6ee8a5ac2067a5aa81,Indiana Fever @ Dallas Wings,2026-08-21T00:00:00Z,Dallas Wings,Indiana Fever,Jessica Shepard,,REB,OVER,5.5,-1700,Fanatics,fanatics,player_rebounds_alternate,the-odds-api,2026-08-20T14:45:06.151561+00:00
2026-08-20,bc3ff76ba21ecf6ee8a5ac2067a5aa81,Indiana Fever @ Dallas Wings,2026-08-21T00:00:00Z,Dallas Wings,Indiana Fever,Jessica Shepard,,REB,OVER,6.5,-900,Fanatics,fanatics,player_rebounds_alternate,the-odds-api,2026-08-20T14:45:06.151561+00:00
2026-08-20,bc3ff76ba21ecf6ee8a5ac2067a5aa81,Indiana Fever @ Dallas Wings,2026-08-21T00:00:00Z,Dallas Wings,Indiana Fever,Jessica Shepard,,REB,OVER,7.5,-475,Fanatics,fanatics,player_rebounds_alternate,the-odds-api,2026-08-20T14:45:06.151561+00:00
2026-08-20,bc3ff76ba21ecf6ee8a5ac2067a5aa81,Indiana Fever @ Dallas Wings,2026-08-21T00:00:00Z,Dallas Wings,Indiana Fever,Jessica Shepard,,REB,OVER,8.5,-275,Fanatics,fanatics,player_rebounds_alternate,the-odds-api,2026-08-20T14:45:06.151561+00:00
2026-08-20,bc3ff76ba21ecf6ee8a5ac2067a5aa81,Indiana Fever @ Dallas Wings,2026-08-21T00:00:00Z,Dallas Wings,Indiana Fever,Jessica Shepard,,REB,OVER,9.5,-175,Fanatics,fanatics,player_rebounds_alternate,the-odds-api,2026-08-20T14:45:06.151561+00:00
2026-08-20,bc3ff76ba21ecf6ee8a5ac2067a5aa81,Indiana Fever @ Dallas Wings,2026-08-21T00:00:00Z,Dallas Wings,Indiana Fever,Jessica Shepard,,REB,OVER,10.5,-105,Fanatics,fanatics,player_rebounds_alternate,the-odds-api,2026-08-20T14:45:06.151561+00:00
2026-08-20,bc3ff76ba21ecf6ee8a5ac2067a5aa81,Indiana Fever @ Dallas Wings,2026-08-21T00:00:00Z,Dallas Wings,Indiana Fever,Jessica Shepard,,REB,OVER,11.5,135,Fanatics,fanatics,player_rebounds_alternate,the-odds-api,2026-08-20T14:45:06.151561+00:00
2026-08-20,bc3ff76ba21ecf6ee8a5ac2067a5aa81,Indiana Fever @ Dallas Wings,2026-08-21T00:00:00Z,Dallas Wings,Indiana Fever,Jessica Shepard,,REB,OVER,12.5,200,Fanatics,fanatics,player_rebounds_alternate,the-odds-api,2026-08-20T14:45:06.151561+00:00
2026-08-20,bc3ff76ba21ecf6ee8a5ac2067a5aa81,Indiana Fever @ Dallas Wings,2026-08-21T00:00:00Z,Dallas Wings,Indiana Fever,Jessica Shepard,,REB,OVER,13.5,300,Fanatics,fanatics,player_rebounds_alternate,the-odds-api,2026-08-20T14:45:06.151561+00:00
2026-08-20,bc3ff76ba21ecf6ee8a5ac2067a5aa81,Indiana Fever @ Dallas Wings,2026-08-21T00:00:00Z,Dallas Wings,Indiana Fever,Jessica Shepard,,REB,OVER,14.5,400,Fanatics,fanatics,player_rebounds_alternate,the-odds-api,2026-08-20T14:45:06.151561+00:00
2026-08-20,bc3ff76ba21ecf6ee8a5ac2067a5aa81,Indiana Fever @ Dallas Wings,2026-08-21T00:00:00Z,Dallas Wings,Indiana Fever,Jessica Shepard,,REB,OVER,15.5,650,Fanatics,fanatics,player_rebounds_alternate,the-odds-api,2026-08-20T14:45:06.151561+00:00
2026-08-20,bc3ff76ba21ecf6ee8a5ac2067a5aa81,Indiana Fever @ Dallas Wings,2026-08-21T00:00:00Z,Dallas Wings,Indiana Fever,Arike Ogunbowale,,REB,OVER,1.5,-650,Fanatics,fanatics,player_rebounds_alternate,the-odds-api,2026-08-20T14:45:06.151561+00:00
2026-08-20,bc3ff76ba21ecf6ee8a5ac2067a5aa81,Indiana Fever @ Dallas Wings,2026-08-21T00:00:00Z,Dallas Wings,Indiana Fever,Arike Ogunbowale,,REB,OVER,2.5,-210,Fanatics,fanatics,player_rebounds_alternate,the-odds-api,2026-08-20T14:45:06.151561+00:00
2026-08-20,bc3ff76ba21ecf6ee8a5ac2067a5aa81,Indiana Fever @ Dallas Wings,2026-08-21T00:00:00Z,Dallas Wings,Indiana Fever,Arike Ogunbowale,,REB,OVER,3.5,120,Fanatics,fanatics,player_rebounds_alternate,the-odds-api,2026-08-20T14:45:06.151561+00:00
2026-08-20,bc3ff76ba21ecf6ee8a5ac2067a5aa81,Indiana Fever @ Dallas Wings,2026-08-21T00:00:00Z,Dallas Wings,Indiana Fever,Arike Ogunbowale,,REB,OVER,4.5,225,Fanatics,fanatics,player_rebounds_alternate,the-odds-api,2026-08-20T14:45:06.151561+00:00
2026-08-20,bc3ff76ba21ecf6ee8a5ac2067a5aa81,Indiana Fever @ Dallas Wings,2026-08-21T00:00:00Z,Dallas Wings,Indiana Fever,Arike Ogunbowale,,REB,OVER,5.5,400,Fanatics,fanatics,player_rebounds_alternate,the-odds-api,2026-08-20T14:45:06.151561+00:00
2026-08-20,bc3ff76ba21ecf6ee8a5ac2067a5aa81,Indiana Fever @ Dallas Wings,2026-08-21T00:00:00Z,Dallas Wings,Indiana Fever,Arike Ogunbowale,,REB,OVER,6.5,850,Fanatics,fanatics,player_rebounds_alternate,the-odds-api,2026-08-20T14:45:06.151561+00:00
2026-08-20,bc3ff76ba21ecf6ee8a5ac2067a5aa81,Indiana Fever @ Dallas Wings,2026-08-21T00:00:00Z,Dallas Wings,Indiana Fever,Alanna Smith,,REB,OVER,2.5,-1500,Fanatics,fanatics,player_rebounds_alternate,the-odds-api,2026-08-20T14:45:06.151561+00:00
2026-08-20,bc3ff76ba21ecf6ee8a5ac2067a5aa81,Indiana Fever @ Dallas Wings,2026-08-21T00:00:00Z,Dallas Wings,Indiana Fever,Alanna Smith,,REB,OVER,3.5,-630,Fanatics,fanatics,player_rebounds_alternate,the-odds-api,2026-08-20T14:45:06.151561+00:00
2026-08-20,bc3ff76ba21ecf6ee8a5ac2067a5aa81,Indiana Fever @ Dallas Wings,2026-08-21T00:00:00Z,Dallas Wings,Indiana Fever,Alanna Smith,,REB,OVER,4.5,-275,Fanatics,fanatics,player_rebounds_alternate,the-odds-api,2026-08-20T14:45:06.151561+00:00
2026-08-20,bc3ff76ba21ecf6ee8a5ac2067a5aa81,Indiana Fever @ Dallas Wings,2026-08-21T00:00:00Z,Dallas Wings,Indiana Fever,Alanna Smith,,REB,OVER,5.5,-130,Fanatics,fanatics,player_rebounds_alternate,the-odds-api,2026-08-20T14:45:06.151561+00:00
2026-08-20,bc3ff76ba21ecf6ee8a5ac2067a5aa81,Indiana Fever @ Dallas Wings,2026-08-21T00:00:00Z,Dallas Wings,Indiana Fever,Alanna Smith,,REB,OVER,6.5,130,Fanatics,fanatics,player_rebounds_alternate,the-odds-api,2026-08-20T14:45:06.151561+00:00
2026-08-20,bc3ff76ba21ecf6ee8a5ac2067a5aa81,Indiana Fever @ Dallas Wings,2026-08-21T00:00:00Z,Dallas Wings,Indiana Fever,Alanna Smith,,REB,OVER,7.5,225,Fanatics,fanatics,player_rebounds_alternate,the-odds-api,2026-08-20T14:45:06.151561+00:00
2026-08-20,bc3ff76ba21ecf6ee8a5ac2067a5aa81,Indiana Fever @ Dallas Wings,2026-08-21T00:00:00Z,Dallas Wings,Indiana Fever,Alanna Smith,,REB,OVER,8.5,375,Fanatics,fanatics,player_rebounds_alternate,the-odds-api,2026-08-20T14:45:06.151561+00:00
2026-08-20,bc3ff76ba21ecf6ee8a5ac2067a5aa81,Indiana Fever @ Dallas Wings,2026-08-21T00:00:00Z,Dallas Wings,Indiana Fever,Alanna Smith,,REB,OVER,9.5,650,Fanatics,fanatics,player_rebounds_alternate,the-odds-api,2026-08-20T14:45:06.151561+00:00
2026-08-20,bc3ff76ba21ecf6ee8a5ac2067a5aa81,Indiana Fever @ Dallas Wings,2026-08-21T00:00:00Z,Dallas Wings,Indiana Fever,Makayla Timpson,,REB,OVER,2.5,-2000,Fanatics,fanatics,player_rebounds_alternate,the-odds-api,2026-08-20T14:45:06.151561+00:00
2026-08-20,bc3ff76ba21ecf6ee8a5ac2067a5aa81,Indiana Fever @ Dallas Wings,2026-08-21T00:00:00Z,Dallas Wings,Indiana Fever,Makayla Timpson,,REB,OVER,3.5,-800,Fanatics,fanatics,player_rebounds_alternate,the-odds-api,2026-08-20T14:45:06.151561+00:00
2026-08-20,bc3ff76ba21ecf6ee8a5ac2067a5aa81,Indiana Fever @ Dallas Wings,2026-08-21T00:00:00Z,Dallas Wings,Indiana Fever,Makayla Timpson,,REB,OVER,4.5,-350,Fanatics,fanatics,player_rebounds_alternate,the-odds-api,2026-08-20T14:45:06.151561+00:00
2026-08-20,bc3ff76ba21ecf6ee8a5ac2067a5aa81,Indiana Fever @ Dallas Wings,2026-08-21T00:00:00Z,Dallas Wings,Indiana Fever,Makayla Timpson,,REB,OVER,5.5,-165,Fanatics,fanatics,player_rebounds_alternate,the-odds-api,2026-08-20T14:45:06.151561+00:00
2026-08-20,bc3ff76ba21ecf6ee8a5ac2067a5aa81,Indiana Fever @ Dallas Wings,2026-08-21T00:00:00Z,Dallas Wings,Indiana Fever,Makayla Timpson,,REB,OVER,6.5,115,Fanatics,fanatics,player_rebounds_alternate,the-odds-api,2026-08-20T14:45:06.151561+00:00
2026-08-20,bc3ff76ba21ecf6ee8a5ac2067a5aa81,Indiana Fever @ Dallas Wings,2026-08-21T00:00:00Z,Dallas Wings,Indiana Fever,Makayla Timpson,,REB,OVER,7.5,175,Fanatics,fanatics,player_rebounds_alternate,the-odds-api,2026-08-20T14:45:06.151561+00:00
2026-08-20,bc3ff76ba21ecf6ee8a5ac2067a5aa81,Indiana Fever @ Dallas Wings,2026-08-21T00:00:00Z,Dallas Wings,Indiana Fever,Makayla Timpson,,REB,OVER,8.5,290,Fanatics,fanatics,player_rebounds_alternate,the-odds-api,2026-08-20T14:45:06.151561+00:00
2026-08-20,bc3ff76ba21ecf6ee8a5ac2067a5aa81,Indiana Fever @ Dallas Wings,2026-08-21T00:00:00Z,Dallas Wings,Indiana Fever,Makayla Timpson,,REB,OVER,9.5,475,Fanatics,fanatics,player_rebounds_alternate,the-odds-api,2026-08-20T14:45:06.151561+00:00
2026-08-20,bc3ff76ba21ecf6ee8a5ac2067a5aa81,Indiana Fever @ Dallas Wings,2026-08-21T00:00:00Z,Dallas Wings,Indiana Fever,Makayla Timpson,,REB,OVER,10.5,800,Fanatics,fanatics,player_rebounds_alternate,the-odds-api,2026-08-20T14:45:06.151561+00:00
2026-08-20,bc3ff76ba21ecf6ee8a5ac2067a5aa81,Indiana Fever @ Dallas Wings,2026-08-21T00:00:00Z,Dallas Wings,Indiana Fever,Awak Kuier,,REB,OVER,1.5,-1800,Fanatics,fanatics,player_rebounds_alternate,the-odds-api,2026-08-20T14:45:06.151561+00:00
2026-08-20,bc3ff76ba21ecf6ee8a5ac2067a5aa81,Indiana Fever @ Dallas Wings,2026-08-21T00:00:00Z,Dallas Wings,Indiana Fever,Awak Kuier,,REB,OVER,2.5,-550,Fanatics,fanatics,player_rebounds_alternate,the-odds-api,2026-08-20T14:45:06.151561+00:00
2026-08-20,bc3ff76ba21ecf6ee8a5ac2067a5aa81,Indiana Fever @ Dallas Wings,2026-08-21T00:00:00Z,Dallas Wings,Indiana Fever,Awak Kuier,,REB,OVER,3.5,-225,Fanatics,fanatics,player_rebounds_alternate,the-odds-api,2026-08-20T14:45:06.151561+00:00
2026-08-20,bc3ff76ba21ecf6ee8a5ac2067a5aa81,Indiana Fever @ Dallas Wings,2026-08-21T00:00:00Z,Dallas Wings,Indiana Fever,Awak Kuier,,REB,OVER,4.5,-105,Fanatics,fanatics,player_rebounds_alternate,the-odds-api,2026-08-20T14:45:06.151561+00:00
2026-08-20,bc3ff76ba21ecf6ee8a5ac2067a5aa81,Indiana Fever @ Dallas Wings,2026-08-21T00:00:00Z,Dallas Wings,Indiana Fever,Awak Kuier,,REB,OVER,5.5,170,Fanatics,fanatics,player_rebounds_alternate,the-odds-api,2026-08-20T14:45:06.151561+00:00
2026-08-20,bc3ff76ba21ecf6ee8a5ac2067a5aa81,Indiana Fever @ Dallas Wings,2026-08-21T00:00:00Z,Dallas Wings,Indiana Fever,Awak Kuier,,REB,OVER,6.5,300,Fanatics,fanatics,player_rebounds_alternate,the-odds-api,2026-08-20T14:45:06.151561+00:00
2026-08-20,bc3ff76ba21ecf6ee8a5ac2067a5aa81,Indiana Fever @ Dallas Wings,2026-08-21T00:00:00Z,Dallas Wings,Indiana Fever,Awak Kuier,,REB,OVER,7.5,550,Fanatics,fanatics,player_rebounds_alternate,the-odds-api,2026-08-20T14:45:06.151561+00:00
2026-08-20,bc3ff76ba21ecf6ee8a5ac2067a5aa81,Indiana Fever @ Dallas Wings,2026-08-21T00:00:00Z,Dallas Wings,Indiana Fever,Sophie Cunningham,,REB,OVER,1.5,-275,Fanatics,fanatics,player_rebounds_alternate,the-odds-api,2026-08-20T14:45:06.151561+00:00
2026-08-20,bc3ff76ba21ecf6ee8a5ac2067a5aa81,Indiana Fever @ Dallas Wings,2026-08-21T00:00:00Z,Dallas Wings,Indiana Fever,Sophie Cunningham,,REB,OVER,2.5,120,Fanatics,fanatics,player_rebounds_alternate,the-odds-api,2026-08-20T14:45:06.151561+00:00
2026-08-20,bc3ff76ba21ecf6ee8a5ac2067a5aa81,Indiana Fever @ Dallas Wings,2026-08-21T00:00:00Z,Dallas Wings,Indiana Fever,Sophie Cunningham,,REB,OVER,3.5,270,Fanatics,fanatics,player_rebounds_alternate,the-odds-api,2026-08-20T14:45:06.151561+00:00
2026-08-20,bc3ff76ba21ecf6ee8a5ac2067a5aa81,Indiana Fever @ Dallas Wings,2026-08-21T00:00:00Z,Dallas Wings,Indiana Fever,Sophie Cunningham,,REB,OVER,4.5,550,Fanatics,fanatics,player_rebounds_alternate,the-odds-api,2026-08-20T14:45:06.151561+00:00
2026-08-20,bc3ff76ba21ecf6ee8a5ac2067a5aa81,Indiana Fever @ Dallas Wings,2026-08-21T00:00:00Z,Dallas Wings,Indiana Fever,Caitlin Clark,,3PM,OVER,0.5,-2500,Fanatics,fanatics,player_threes_alternate,the-odds-api,2026-08-20T14:45:06.151561+00:00
2026-08-20,bc3ff76ba21ecf6ee8a5ac2067a5aa81,Indiana Fever @ Dallas Wings,2026-08-21T00:00:00Z,Dallas Wings,Indiana Fever,Caitlin Clark,,3PM,OVER,1.5,-475,Fanatics,fanatics,player_threes_alternate,the-odds-api,2026-08-20T14:45:06.151561+00:00
2026-08-20,bc3ff76ba21ecf6ee8a5ac2067a5aa81,Indiana Fever @ Dallas Wings,2026-08-21T00:00:00Z,Dallas Wings,Indiana Fever,Caitlin Clark,,3PM,OVER,2.5,-165,Fanatics,fanatics,player_threes_alternate,the-odds-api,2026-08-20T14:45:06.151561+00:00
2026-08-20,bc3ff76ba21ecf6ee8a5ac2067a5aa81,Indiana Fever @ Dallas Wings,2026-08-21T00:00:00Z,Dallas Wings,Indiana Fever,Caitlin Clark,,3PM,OVER,3.5,140,Fanatics,fanatics,player_threes_alternate,the-odds-api,2026-08-20T14:45:06.151561+00:00
2026-08-20,bc3ff76ba21ecf6ee8a5ac2067a5aa81,Indiana Fever @ Dallas Wings,2026-08-21T00:00:00Z,Dallas Wings,Indiana Fever,Caitlin Clark,,3PM,OVER,4.5,300,Fanatics,fanatics,player_threes_alternate,the-odds-api,2026-08-20T14:45:06.151561+00:00
2026-08-20,bc3ff76ba21ecf6ee8a5ac2067a5aa81,Indiana Fever @ Dallas Wings,2026-08-21T00:00:00Z,Dallas Wings,Indiana Fever,Caitlin Clark,,3PM,OVER,5.5,650,Fanatics,fanatics,player_threes_alternate,the-odds-api,2026-08-20T14:45:06.151561+00:00
2026-08-20,bc3ff76ba21ecf6ee8a5ac2067a5aa81,Indiana Fever @ Dallas Wings,2026-08-21T00:00:00Z,Dallas Wings,Indiana Fever,Caitlin Clark,,3PM,OVER,6.5,1100,Fanatics,fanatics,player_threes_alternate,the-odds-api,2026-08-20T14:45:06.151561+00:00
2026-08-20,bc3ff76ba21ecf6ee8a5ac2067a5aa81,Indiana Fever @ Dallas Wings,2026-08-21T00:00:00Z,Dallas Wings,Indiana Fever,Kelsey Mitchell,,3PM,OVER,1.5,-630,Fanatics,fanatics,player_threes_alternate,the-odds-api,2026-08-20T14:45:06.151561+00:00
2026-08-20,bc3ff76ba21ecf6ee8a5ac2067a5aa81,Indiana Fever @ Dallas Wings,2026-08-21T00:00:00Z,Dallas Wings,Indiana Fever,Kelsey Mitchell,,3PM,OVER,2.5,-190,Fanatics,fanatics,player_threes_alternate,the-odds-api,2026-08-20T14:45:06.151561+00:00
2026-08-20,bc3ff76ba21ecf6ee8a5ac2067a5aa81,Indiana Fever @ Dallas Wings,2026-08-21T00:00:00Z,Dallas Wings,Indiana Fever,Kelsey Mitchell,,3PM,OVER,3.5,125,Fanatics,fanatics,player_threes_alternate,the-odds-api,2026-08-20T14:45:06.151561+00:00
2026-08-20,bc3ff76ba21ecf6ee8a5ac2067a5aa81,Indiana Fever @ Dallas Wings,2026-08-21T00:00:00Z,Dallas Wings,Indiana Fever,Kelsey Mitchell,,3PM,OVER,4.5,260,Fanatics,fanatics,player_threes_alternate,the-odds-api,2026-08-20T14:45:06.151561+00:00
2026-08-20,bc3ff76ba21ecf6ee8a5ac2067a5aa81,Indiana Fever @ Dallas Wings,2026-08-21T00:00:00Z,Dallas Wings,Indiana Fever,Kelsey Mitchell,,3PM,OVER,5.5,475,Fanatics,fanatics,player_threes_alternate,the-odds-api,2026-08-20T14:45:06.151561+00:00
2026-08-20,bc3ff76ba21ecf6ee8a5ac2067a5aa81,Indiana Fever @ Dallas Wings,2026-08-21T00:00:00Z,Dallas Wings,Indiana Fever,Kelsey Mitchell,,3PM,OVER,6.5,950,Fanatics,fanatics,player_threes_alternate,the-odds-api,2026-08-20T14:45:06.151561+00:00
2026-08-20,bc3ff76ba21ecf6ee8a5ac2067a5aa81,Indiana Fever @ Dallas Wings,2026-08-21T00:00:00Z,Dallas Wings,Indiana Fever,Alanna Smith,,3PM,OVER,0.5,-325,Fanatics,fanatics,player_threes_alternate,the-odds-api,2026-08-20T14:45:06.151561+00:00
2026-08-20,bc3ff76ba21ecf6ee8a5ac2067a5aa81,Indiana Fever @ Dallas Wings,2026-08-21T00:00:00Z,Dallas Wings,Indiana Fever,Alanna Smith,,3PM,OVER,1.5,140,Fanatics,fanatics,player_threes_alternate,the-odds-api,2026-08-20T14:45:06.151561+00:00
2026-08-20,bc3ff76ba21ecf6ee8a5ac2067a5aa81,Indiana Fever @ Dallas Wings,2026-08-21T00:00:00Z,Dallas Wings,Indiana Fever,Alanna Smith,,3PM,OVER,2.5,400,Fanatics,fanatics,player_threes_alternate,the-odds-api,2026-08-20T14:45:06.151561+00:00
2026-08-20,bc3ff76ba21ecf6ee8a5ac2067a5aa81,Indiana Fever @ Dallas Wings,2026-08-21T00:00:00Z,Dallas Wings,Indiana Fever,Alanna Smith,,3PM,OVER,3.5,1000,Fanatics,fanatics,player_threes_alternate,the-odds-api,2026-08-20T14:45:06.151561+00:00
2026-08-20,bc3ff76ba21ecf6ee8a5ac2067a5aa81,Indiana Fever @ Dallas Wings,2026-08-21T00:00:00Z,Dallas Wings,Indiana Fever,Arike Ogunbowale,,3PM,OVER,0.5,-630,Fanatics,fanatics,player_threes_alternate,the-odds-api,2026-08-20T14:45:06.151561+00:00
2026-08-20,bc3ff76ba21ecf6ee8a5ac2067a5aa81,Indiana Fever @ Dallas Wings,2026-08-21T00:00:00Z,Dallas Wings,Indiana Fever,Arike Ogunbowale,,3PM,OVER,1.5,-125,Fanatics,fanatics,player_threes_alternate,the-odds-api,2026-08-20T14:45:06.151561+00:00
2026-08-20,bc3ff76ba21ecf6ee8a5ac2067a5aa81,Indiana Fever @ Dallas Wings,2026-08-21T00:00:00Z,Dallas Wings,Indiana Fever,Arike Ogunbowale,,3PM,OVER,2.5,225,Fanatics,fanatics,player_threes_alternate,the-odds-api,2026-08-20T14:45:06.151561+00:00
2026-08-20,bc3ff76ba21ecf6ee8a5ac2067a5aa81,Indiana Fever @ Dallas Wings,2026-08-21T00:00:00Z,Dallas Wings,Indiana Fever,Arike Ogunbowale,,3PM,OVER,3.5,500,Fanatics,fanatics,player_threes_alternate,the-odds-api,2026-08-20T14:45:06.151561+00:00
2026-08-20,bc3ff76ba21ecf6ee8a5ac2067a5aa81,Indiana Fever @ Dallas Wings,2026-08-21T00:00:00Z,Dallas Wings,Indiana Fever,Arike Ogunbowale,,3PM,OVER,4.5,1100,Fanatics,fanatics,player_threes_alternate,the-odds-api,2026-08-20T14:45:06.151561+00:00
2026-08-20,bc3ff76ba21ecf6ee8a5ac2067a5aa81,Indiana Fever @ Dallas Wings,2026-08-21T00:00:00Z,Dallas Wings,Indiana Fever,Sophie Cunningham,,3PM,OVER,0.5,-350,Fanatics,fanatics,player_threes_alternate,the-odds-api,2026-08-20T14:45:06.151561+00:00
2026-08-20,bc3ff76ba21ecf6ee8a5ac2067a5aa81,Indiana Fever @ Dallas Wings,2026-08-21T00:00:00Z,Dallas Wings,Indiana Fever,Sophie Cunningham,,3PM,OVER,1.5,125,Fanatics,fanatics,player_threes_alternate,the-odds-api,2026-08-20T14:45:06.151561+00:00
2026-08-20,bc3ff76ba21ecf6ee8a5ac2067a5aa81,Indiana Fever @ Dallas Wings,2026-08-21T00:00:00Z,Dallas Wings,Indiana Fever,Sophie Cunningham,,3PM,OVER,2.5,350,Fanatics,fanatics,player_threes_alternate,the-odds-api,2026-08-20T14:45:06.151561+00:00
2026-08-20,bc3ff76ba21ecf6ee8a5ac2067a5aa81,Indiana Fever @ Dallas Wings,2026-08-21T00:00:00Z,Dallas Wings,Indiana Fever,Sophie Cunningham,,3PM,OVER,3.5,900,Fanatics,fanatics,player_threes_alternate,the-odds-api,2026-08-20T14:45:06.151561+00:00
2026-08-20,bc3ff76ba21ecf6ee8a5ac2067a5aa81,Indiana Fever @ Dallas Wings,2026-08-21T00:00:00Z,Dallas Wings,Indiana Fever,Paige Bueckers,,3PM,OVER,0.5,-450,Fanatics,fanatics,player_threes_alternate,the-odds-api,2026-08-20T14:45:06.151561+00:00
2026-08-20,bc3ff76ba21ecf6ee8a5ac2067a5aa81,Indiana Fever @ Dallas Wings,2026-08-21T00:00:00Z,Dallas Wings,Indiana Fever,Paige Bueckers,,3PM,OVER,1.5,105,Fanatics,fanatics,player_threes_alternate,the-odds-api,2026-08-20T14:45:06.151561+00:00
2026-08-20,bc3ff76ba21ecf6ee8a5ac2067a5aa81,Indiana Fever @ Dallas Wings,2026-08-21T00:00:00Z,Dallas Wings,Indiana Fever,Paige Bueckers,,3PM,OVER,2.5,270,Fanatics,fanatics,player_threes_alternate,the-odds-api,2026-08-20T14:45:06.151561+00:00
2026-08-20,bc3ff76ba21ecf6ee8a5ac2067a5aa81,Indiana Fever @ Dallas Wings,2026-08-21T00:00:00Z,Dallas Wings,Indiana Fever,Paige Bueckers,,3PM,OVER,3.5,700,Fanatics,fanatics,player_threes_alternate,the-odds-api,2026-08-20T14:45:06.151561+00:00
2026-08-20,bc3ff76ba21ecf6ee8a5ac2067a5aa81,Indiana Fever @ Dallas Wings,2026-08-21T00:00:00Z,Dallas Wings,Indiana Fever,Paige Bueckers,,3PM,OVER,4.5,1500,Fanatics,fanatics,player_threes_alternate,the-odds-api,2026-08-20T14:45:06.151561+00:00
2026-08-20,bc3ff76ba21ecf6ee8a5ac2067a5aa81,Indiana Fever @ Dallas Wings,2026-08-21T00:00:00Z,Dallas Wings,Indiana Fever,Caitlin Clark,,AST,OVER,4.5,-2600,DraftKings,draftkings,player_assists_alternate,the-odds-api,2026-08-20T14:45:06.151561+00:00
2026-08-20,bc3ff76ba21ecf6ee8a5ac2067a5aa81,Indiana Fever @ Dallas Wings,2026-08-21T00:00:00Z,Dallas Wings,Indiana Fever,Caitlin Clark,,AST,OVER,5.5,-980,DraftKings,draftkings,player_assists_alternate,the-odds-api,2026-08-20T14:45:06.151561+00:00
2026-08-20,bc3ff76ba21ecf6ee8a5ac2067a5aa81,Indiana Fever @ Dallas Wings,2026-08-21T00:00:00Z,Dallas Wings,Indiana Fever,Caitlin Clark,,AST,OVER,6.5,-471,DraftKings,draftkings,player_assists_alternate,the-odds-api,2026-08-20T14:45:06.151561+00:00
2026-08-20,bc3ff76ba21ecf6ee8a5ac2067a5aa81,Indiana Fever @ Dallas Wings,2026-08-21T00:00:00Z,Dallas Wings,Indiana Fever,Caitlin Clark,,AST,OVER,7.5,-251,DraftKings,draftkings,player_assists_alternate,the-odds-api,2026-08-20T14:45:06.151561+00:00
2026-08-20,bc3ff76ba21ecf6ee8a5ac2067a5aa81,Indiana Fever @ Dallas Wings,2026-08-21T00:00:00Z,Dallas Wings,Indiana Fever,Caitlin Clark,,AST,OVER,8.5,-145,DraftKings,draftkings,player_assists_alternate,the-odds-api,2026-08-20T14:45:06.151561+00:00
2026-08-20,bc3ff76ba21ecf6ee8a5ac2067a5aa81,Indiana Fever @ Dallas Wings,2026-08-21T00:00:00Z,Dallas Wings,Indiana Fever,Caitlin Clark,,AST,OVER,9.5,116,DraftKings,draftkings,player_assists_alternate,the-odds-api,2026-08-20T14:45:06.151561+00:00
2026-08-20,bc3ff76ba21ecf6ee8a5ac2067a5aa81,Indiana Fever @ Dallas Wings,2026-08-21T00:00:00Z,Dallas Wings,Indiana Fever,Caitlin Clark,,AST,OVER,10.5,198,DraftKings,draftkings,player_assists_alternate,the-odds-api,2026-08-20T14:45:06.151561+00:00
2026-08-20,bc3ff76ba21ecf6ee8a5ac2067a5aa81,Indiana Fever @ Dallas Wings,2026-08-21T00:00:00Z,Dallas Wings,Indiana Fever,Caitlin Clark,,AST,OVER,11.5,329,DraftKings,draftkings,player_assists_alternate,the-odds-api,2026-08-20T14:45:06.151561+00:00
2026-08-20,bc3ff76ba21ecf6ee8a5ac2067a5aa81,Indiana Fever @ Dallas Wings,2026-08-21T00:00:00Z,Dallas Wings,Indiana Fever,Caitlin Clark,,AST,OVER,12.5,526,DraftKings,draftkings,player_assists_alternate,the-odds-api,2026-08-20T14:45:06.151561+00:00
2026-08-20,bc3ff76ba21ecf6ee8a5ac2067a5aa81,Indiana Fever @ Dallas Wings,2026-08-21T00:00:00Z,Dallas Wings,Indiana Fever,Caitlin Clark,,AST,OVER,13.5,860,DraftKings,draftkings,player_assists_alternate,the-odds-api,2026-08-20T14:45:06.151561+00:00
2026-08-20,bc3ff76ba21ecf6ee8a5ac2067a5aa81,Indiana Fever @ Dallas Wings,2026-08-21T00:00:00Z,Dallas Wings,Indiana Fever,Caitlin Clark,,AST,OVER,14.5,1380,DraftKings,draftkings,player_assists_alternate,the-odds-api,2026-08-20T14:45:06.151561+00:00
2026-08-20,bc3ff76ba21ecf6ee8a5ac2067a5aa81,Indiana Fever @ Dallas Wings,2026-08-21T00:00:00Z,Dallas Wings,Indiana Fever,Paige Bueckers,,AST,OVER,2.5,-1600,DraftKings,draftkings,player_assists_alternate,the-odds-api,2026-08-20T14:45:06.151561+00:00
2026-08-20,bc3ff76ba21ecf6ee8a5ac2067a5aa81,Indiana Fever @ Dallas Wings,2026-08-21T00:00:00Z,Dallas Wings,Indiana Fever,Paige Bueckers,,AST,OVER,3.5,-590,DraftKings,draftkings,player_assists_alternate,the-odds-api,2026-08-20T14:45:06.151561+00:00
2026-08-20,bc3ff76ba21ecf6ee8a5ac2067a5aa81,Indiana Fever @ Dallas Wings,2026-08-21T00:00:00Z,Dallas Wings,Indiana Fever,Paige Bueckers,,AST,OVER,4.5,-288,DraftKings,draftkings,player_assists_alternate,the-odds-api,2026-08-20T14:45:06.151561+00:00
2026-08-20,bc3ff76ba21ecf6ee8a5ac2067a5aa81,Indiana Fever @ Dallas Wings,2026-08-21T00:00:00Z,Dallas Wings,Indiana Fever,Paige Bueckers,,AST,OVER,5.5,-160,DraftKings,draftkings,player_assists_alternate,the-odds-api,2026-08-20T14:45:06.151561+00:00
2026-08-20,bc3ff76ba21ecf6ee8a5ac2067a5aa81,Indiana Fever @ Dallas Wings,2026-08-21T00:00:00Z,Dallas Wings,Indiana Fever,Paige Bueckers,,AST,OVER,6.5,106,DraftKings,draftkings,player_assists_alternate,the-odds-api,2026-08-20T14:45:06.151561+00:00
2026-08-20,bc3ff76ba21ecf6ee8a5ac2067a5aa81,Indiana Fever @ Dallas Wings,2026-08-21T00:00:00Z,Dallas Wings,Indiana Fever,Paige Bueckers,,AST,OVER,7.5,176,DraftKings,draftkings,player_assists_alternate,the-odds-api,2026-08-20T14:45:06.151561+00:00
2026-08-20,bc3ff76ba21ecf6ee8a5ac2067a5aa81,Indiana Fever @ Dallas Wings,2026-08-21T00:00:00Z,Dallas Wings,Indiana Fever,Paige Bueckers,,AST,OVER,8.5,287,DraftKings,draftkings,player_assists_alternate,the-odds-api,2026-08-20T14:45:06.151561+00:00
2026-08-20,bc3ff76ba21ecf6ee8a5ac2067a5aa81,Indiana Fever @ Dallas Wings,2026-08-21T00:00:00Z,Dallas Wings,Indiana Fever,Paige Bueckers,,AST,OVER,9.5,463,DraftKings,draftkings,player_assists_alternate,the-odds-api,2026-08-20T14:45:06.151561+00:00
2026-08-20,bc3ff76ba21ecf6ee8a5ac2067a5aa81,Indiana Fever @ Dallas Wings,2026-08-21T00:00:00Z,Dallas Wings,Indiana Fever,Paige Bueckers,,AST,OVER,10.5,730,DraftKings,draftkings,player_assists_alternate,the-odds-api,2026-08-20T14:45:06.151561+00:00
2026-08-20,bc3ff76ba21ecf6ee8a5ac2067a5aa81,Indiana Fever @ Dallas Wings,2026-08-21T00:00:00Z,Dallas Wings,Indiana Fever,Paige Bueckers,,AST,OVER,11.5,1120,DraftKings,draftkings,player_assists_alternate,the-odds-api,2026-08-20T14:45:06.151561+00:00
2026-08-20,bc3ff76ba21ecf6ee8a5ac2067a5aa81,Indiana Fever @ Dallas Wings,2026-08-21T00:00:00Z,Dallas Wings,Indiana Fever,Paige Bueckers,,AST,OVER,12.5,1660,DraftKings,draftkings,player_assists_alternate,the-odds-api,2026-08-20T14:45:06.151561+00:00
2026-08-20,bc3ff76ba21ecf6ee8a5ac2067a5aa81,Indiana Fever @ Dallas Wings,2026-08-21T00:00:00Z,Dallas Wings,Indiana Fever,Jessica Shepard,,AST,OVER,2.5,-610,DraftKings,draftkings,player_assists_alternate,the-odds-api,2026-08-20T14:45:06.151561+00:00
2026-08-20,bc3ff76ba21ecf6ee8a5ac2067a5aa81,Indiana Fever @ Dallas Wings,2026-08-21T00:00:00Z,Dallas Wings,Indiana Fever,Jessica Shepard,,AST,OVER,3.5,-274,DraftKings,draftkings,player_assists_alternate,the-odds-api,2026-08-20T14:45:06.151561+00:00
2026-08-20,bc3ff76ba21ecf6ee8a5ac2067a5aa81,Indiana Fever @ Dallas Wings,2026-08-21T00:00:00Z,Dallas Wings,Indiana Fever,Jessica Shepard,,AST,OVER,4.5,-142,DraftKings,draftkings,player_assists_alternate,the-odds-api,2026-08-20T14:45:06.151561+00:00
2026-08-20,bc3ff76ba21ecf6ee8a5ac2067a5aa81,Indiana Fever @ Dallas Wings,2026-08-21T00:00:00Z,Dallas Wings,Indiana Fever,Jessica Shepard,,AST,OVER,5.5,121,DraftKings,draftkings,player_assists_alternate,the-odds-api,2026-08-20T14:45:06.151561+00:00
2026-08-20,bc3ff76ba21ecf6ee8a5ac2067a5aa81,Indiana Fever @ Dallas Wings,2026-08-21T00:00:00Z,Dallas Wings,Indiana Fever,Jessica Shepard,,AST,OVER,6.5,203,DraftKings,draftkings,player_assists_alternate,the-odds-api,2026-08-20T14:45:06.151561+00:00
2026-08-20,bc3ff76ba21ecf6ee8a5ac2067a5aa81,Indiana Fever @ Dallas Wings,2026-08-21T00:00:00Z,Dallas Wings,Indiana Fever,Jessica Shepard,,AST,OVER,7.5,337,DraftKings,draftkings,player_assists_alternate,the-odds-api,2026-08-20T14:45:06.151561+00:00
2026-08-20,bc3ff76ba21ecf6ee8a5ac2067a5aa81,Indiana Fever @ Dallas Wings,2026-08-21T00:00:00Z,Dallas Wings,Indiana Fever,Jessica Shepard,,AST,OVER,8.5,549,DraftKings,draftkings,player_assists_alternate,the-odds-api,2026-08-20T14:45:06.151561+00:00
2026-08-20,bc3ff76ba21ecf6ee8a5ac2067a5aa81,Indiana Fever @ Dallas Wings,2026-08-21T00:00:00Z,Dallas Wings,Indiana Fever,Jessica Shepard,,AST,OVER,9.5,890,DraftKings,draftkings,player_assists_alternate,the-odds-api,2026-08-20T14:45:06.151561+00:00
2026-08-20,bc3ff76ba21ecf6ee8a5ac2067a5aa81,Indiana Fever @ Dallas Wings,2026-08-21T00:00:00Z,Dallas Wings,Indiana Fever,Jessica Shepard,,AST,OVER,10.5,1400,DraftKings,draftkings,player_assists_alternate,the-odds-api,2026-08-20T14:45:06.151561+00:00
2026-08-20,bc3ff76ba21ecf6ee8a5ac2067a5aa81,Indiana Fever @ Dallas Wings,2026-08-21T00:00:00Z,Dallas Wings,Indiana Fever,Odyssey Sims,,AST,OVER,2.5,-149,DraftKings,draftkings,player_assists_alternate,the-odds-api,2026-08-20T14:45:06.151561+00:00
2026-08-20,bc3ff76ba21ecf6ee8a5ac2067a5aa81,Indiana Fever @ Dallas Wings,2026-08-21T00:00:00Z,Dallas Wings,Indiana Fever,Odyssey Sims,,AST,OVER,3.5,139,DraftKings,draftkings,player_assists_alternate,the-odds-api,2026-08-20T14:45:06.151561+00:00
2026-08-20,bc3ff76ba21ecf6ee8a5ac2067a5aa81,Indiana Fever @ Dallas Wings,2026-08-21T00:00:00Z,Dallas Wings,Indiana Fever,Odyssey Sims,,AST,OVER,4.5,272,DraftKings,draftkings,player_assists_alternate,the-odds-api,2026-08-20T14:45:06.151561+00:00
2026-08-20,bc3ff76ba21ecf6ee8a5ac2067a5aa81,Indiana Fever @ Dallas Wings,2026-08-21T00:00:00Z,Dallas Wings,Indiana Fever,Odyssey Sims,,AST,OVER,5.5,498,DraftKings,draftkings,player_assists_alternate,the-odds-api,2026-08-20T14:45:06.151561+00:00
2026-08-20,bc3ff76ba21ecf6ee8a5ac2067a5aa81,Indiana Fever @ Dallas Wings,2026-08-21T00:00:00Z,Dallas Wings,Indiana Fever,Odyssey Sims,,AST,OVER,6.5,900,DraftKings,draftkings,player_assists_alternate,the-odds-api,2026-08-20T14:45:06.151561+00:00
2026-08-20,bc3ff76ba21ecf6ee8a5ac2067a5aa81,Indiana Fever @ Dallas Wings,2026-08-21T00:00:00Z,Dallas Wings,Indiana Fever,Odyssey Sims,,AST,OVER,7.5,1540,DraftKings,draftkings,player_assists_alternate,the-odds-api,2026-08-20T14:45:06.151561+00:00
2026-08-20,bc3ff76ba21ecf6ee8a5ac2067a5aa81,Indiana Fever @ Dallas Wings,2026-08-21T00:00:00Z,Dallas Wings,Indiana Fever,Arike Ogunbowale,,AST,OVER,2.5,-218,DraftKings,draftkings,player_assists_alternate,the-odds-api,2026-08-20T14:45:06.151561+00:00
2026-08-20,bc3ff76ba21ecf6ee8a5ac2067a5aa81,Indiana Fever @ Dallas Wings,2026-08-21T00:00:00Z,Dallas Wings,Indiana Fever,Arike Ogunbowale,,AST,OVER,3.5,111,DraftKings,draftkings,player_assists_alternate,the-odds-api,2026-08-20T14:45:06.151561+00:00
2026-08-20,bc3ff76ba21ecf6ee8a5ac2067a5aa81,Indiana Fever @ Dallas Wings,2026-08-21T00:00:00Z,Dallas Wings,Indiana Fever,Arike Ogunbowale,,AST,OVER,4.5,235,DraftKings,draftkings,player_assists_alternate,the-odds-api,2026-08-20T14:45:06.151561+00:00
2026-08-20,bc3ff76ba21ecf6ee8a5ac2067a5aa81,Indiana Fever @ Dallas Wings,2026-08-21T00:00:00Z,Dallas Wings,Indiana Fever,Arike Ogunbowale,,AST,OVER,5.5,489,DraftKings,draftkings,player_assists_alternate,the-odds-api,2026-08-20T14:45:06.151561+00:00
2026-08-20,bc3ff76ba21ecf6ee8a5ac2067a5aa81,Indiana Fever @ Dallas Wings,2026-08-21T00:00:00Z,Dallas Wings,Indiana Fever,Arike Ogunbowale,,AST,OVER,6.5,970,DraftKings,draftkings,player_assists_alternate,the-odds-api,2026-08-20T14:45:06.151561+00:00
2026-08-20,bc3ff76ba21ecf6ee8a5ac2067a5aa81,Indiana Fever @ Dallas Wings,2026-08-21T00:00:00Z,Dallas Wings,Indiana Fever,Aliyah Boston,,AST,OVER,2.5,-157,DraftKings,draftkings,player_assists_alternate,the-odds-api,2026-08-20T14:45:06.151561+00:00
2026-08-20,bc3ff76ba21ecf6ee8a5ac2067a5aa81,Indiana Fever @ Dallas Wings,2026-08-21T00:00:00Z,Dallas Wings,Indiana Fever,Aliyah Boston,,AST,OVER,3.5,149,DraftKings,draftkings,player_assists_alternate,the-odds-api,2026-08-20T14:45:06.151561+00:00
2026-08-20,bc3ff76ba21ecf6ee8a5ac2067a5aa81,Indiana Fever @ Dallas Wings,2026-08-21T00:00:00Z,Dallas Wings,Indiana Fever,Aliyah Boston,,AST,OVER,4.5,316,DraftKings,draftkings,player_assists_alternate,the-odds-api,2026-08-20T14:45:06.151561+00:00
2026-08-20,bc3ff76ba21ecf6ee8a5ac2067a5aa81,Indiana Fever @ Dallas Wings,2026-08-21T00:00:00Z,Dallas Wings,Indiana Fever,Aliyah Boston,,AST,OVER,5.5,620,DraftKings,draftkings,player_assists_alternate,the-odds-api,2026-08-20T14:45:06.151561+00:00
2026-08-20,bc3ff76ba21ecf6ee8a5ac2067a5aa81,Indiana Fever @ Dallas Wings,2026-08-21T00:00:00Z,Dallas Wings,Indiana Fever,Aliyah Boston,,AST,OVER,6.5,1160,DraftKings,draftkings,player_assists_alternate,the-odds-api,2026-08-20T14:45:06.151561+00:00
2026-08-20,bc3ff76ba21ecf6ee8a5ac2067a5aa81,Indiana Fever @ Dallas Wings,2026-08-21T00:00:00Z,Dallas Wings,Indiana Fever,Kelsey Mitchell,,AST,OVER,2.5,134,DraftKings,draftkings,player_assists_alternate,the-odds-api,2026-08-20T14:45:06.151561+00:00
2026-08-20,bc3ff76ba21ecf6ee8a5ac2067a5aa81,Indiana Fever @ Dallas Wings,2026-08-21T00:00:00Z,Dallas Wings,Indiana Fever,Kelsey Mitchell,,AST,OVER,3.5,340,DraftKings,draftkings,player_assists_alternate,the-odds-api,2026-08-20T14:45:06.151561+00:00
2026-08-20,bc3ff76ba21ecf6ee8a5ac2067a5aa81,Indiana Fever @ Dallas Wings,2026-08-21T00:00:00Z,Dallas Wings,Indiana Fever,Kelsey Mitchell,,AST,OVER,4.5,800,DraftKings,draftkings,player_assists_alternate,the-odds-api,2026-08-20T14:45:06.151561+00:00
2026-08-20,bc3ff76ba21ecf6ee8a5ac2067a5aa81,Indiana Fever @ Dallas Wings,2026-08-21T00:00:00Z,Dallas Wings,Indiana Fever,Alanna Smith,,AST,OVER,1.5,-169,DraftKings,draftkings,player_assists_alternate,the-odds-api,2026-08-20T14:45:06.151561+00:00
2026-08-20,bc3ff76ba21ecf6ee8a5ac2067a5aa81,Indiana Fever @ Dallas Wings,2026-08-21T00:00:00Z,Dallas Wings,Indiana Fever,Alanna Smith,,AST,OVER,2.5,175,DraftKings,draftkings,player_assists_alternate,the-odds-api,2026-08-20T14:45:06.151561+00:00
2026-08-20,bc3ff76ba21ecf6ee8a5ac2067a5aa81,Indiana Fever @ Dallas Wings,2026-08-21T00:00:00Z,Dallas Wings,Indiana Fever,Alanna Smith,,AST,OVER,3.5,451,DraftKings,draftkings,player_assists_alternate,the-odds-api,2026-08-20T14:45:06.151561+00:00
2026-08-20,bc3ff76ba21ecf6ee8a5ac2067a5aa81,Indiana Fever @ Dallas Wings,2026-08-21T00:00:00Z,Dallas Wings,Indiana Fever,Alanna Smith,,AST,OVER,4.5,1020,DraftKings,draftkings,player_assists_alternate,the-odds-api,2026-08-20T14:45:06.151561+00:00
2026-08-20,bc3ff76ba21ecf6ee8a5ac2067a5aa81,Indiana Fever @ Dallas Wings,2026-08-21T00:00:00Z,Dallas Wings,Indiana Fever,Sophie Cunningham,,AST,OVER,1.5,148,DraftKings,draftkings,player_assists_alternate,the-odds-api,2026-08-20T14:45:06.151561+00:00
2026-08-20,bc3ff76ba21ecf6ee8a5ac2067a5aa81,Indiana Fever @ Dallas Wings,2026-08-21T00:00:00Z,Dallas Wings,Indiana Fever,Sophie Cunningham,,AST,OVER,2.5,478,DraftKings,draftkings,player_assists_alternate,the-odds-api,2026-08-20T14:45:06.151561+00:00
2026-08-20,bc3ff76ba21ecf6ee8a5ac2067a5aa81,Indiana Fever @ Dallas Wings,2026-08-21T00:00:00Z,Dallas Wings,Indiana Fever,Sophie Cunningham,,AST,OVER,3.5,1280,DraftKings,draftkings,player_assists_alternate,the-odds-api,2026-08-20T14:45:06.151561+00:00
2026-08-20,bc3ff76ba21ecf6ee8a5ac2067a5aa81,Indiana Fever @ Dallas Wings,2026-08-21T00:00:00Z,Dallas Wings,Indiana Fever,Awak Kuier,,AST,OVER,0.5,-242,DraftKings,draftkings,player_assists_alternate,the-odds-api,2026-08-20T14:45:06.151561+00:00
2026-08-20,bc3ff76ba21ecf6ee8a5ac2067a5aa81,Indiana Fever @ Dallas Wings,2026-08-21T00:00:00Z,Dallas Wings,Indiana Fever,Awak Kuier,,AST,OVER,2.5,600,DraftKings,draftkings,player_assists_alternate,the-odds-api,2026-08-20T14:45:06.151561+00:00
2026-08-20,bc3ff76ba21ecf6ee8a5ac2067a5aa81,Indiana Fever @ Dallas Wings,2026-08-21T00:00:00Z,Dallas Wings,Indiana Fever,Awak Kuier,,AST,OVER,3.5,1680,DraftKings,draftkings,player_assists_alternate,the-odds-api,2026-08-20T14:45:06.151561+00:00
2026-08-20,bc3ff76ba21ecf6ee8a5ac2067a5aa81,Indiana Fever @ Dallas Wings,2026-08-21T00:00:00Z,Dallas Wings,Indiana Fever,Makayla Timpson,,AST,OVER,0.5,-144,DraftKings,draftkings,player_assists_alternate,the-odds-api,2026-08-20T14:45:06.151561+00:00
2026-08-20,bc3ff76ba21ecf6ee8a5ac2067a5aa81,Indiana Fever @ Dallas Wings,2026-08-21T00:00:00Z,Dallas Wings,Indiana Fever,Makayla Timpson,,AST,OVER,2.5,1140,DraftKings,draftkings,player_assists_alternate,the-odds-api,2026-08-20T14:45:06.151561+00:00
2026-08-20,bc3ff76ba21ecf6ee8a5ac2067a5aa81,Indiana Fever @ Dallas Wings,2026-08-21T00:00:00Z,Dallas Wings,Indiana Fever,Lexie Hull,,AST,OVER,0.5,117,DraftKings,draftkings,player_assists_alternate,the-odds-api,2026-08-20T14:45:06.151561+00:00
2026-08-20,bc3ff76ba21ecf6ee8a5ac2067a5aa81,Indiana Fever @ Dallas Wings,2026-08-21T00:00:00Z,Dallas Wings,Indiana Fever,Caitlin Clark,,PTS,OVER,11.5,-2600,DraftKings,draftkings,player_points_alternate,the-odds-api,2026-08-20T14:45:06.151561+00:00
2026-08-20,bc3ff76ba21ecf6ee8a5ac2067a5aa81,Indiana Fever @ Dallas Wings,2026-08-21T00:00:00Z,Dallas Wings,Indiana Fever,Caitlin Clark,,PTS,OVER,14.5,-880,DraftKings,draftkings,player_points_alternate,the-odds-api,2026-08-20T14:45:06.151561+00:00
2026-08-20,bc3ff76ba21ecf6ee8a5ac2067a5aa81,Indiana Fever @ Dallas Wings,2026-08-21T00:00:00Z,Dallas Wings,Indiana Fever,Caitlin Clark,,PTS,OVER,17.5,-395,DraftKings,draftkings,player_points_alternate,the-odds-api,2026-08-20T14:45:06.151561+00:00
2026-08-20,bc3ff76ba21ecf6ee8a5ac2067a5aa81,Indiana Fever @ Dallas Wings,2026-08-21T00:00:00Z,Dallas Wings,Indiana Fever,Caitlin Clark,,PTS,OVER,19.5,-259,DraftKings,draftkings,player_points_alternate,the-odds-api,2026-08-20T14:45:06.151561+00:00
2026-08-20,bc3ff76ba21ecf6ee8a5ac2067a5aa81,Indiana Fever @ Dallas Wings,2026-08-21T00:00:00Z,Dallas Wings,Indiana Fever,Caitlin Clark,,PTS,OVER,23.5,-114,DraftKings,draftkings,player_points_alternate,the-odds-api,2026-08-20T14:45:06.151561+00:00
2026-08-20,bc3ff76ba21ecf6ee8a5ac2067a5aa81,Indiana Fever @ Dallas Wings,2026-08-21T00:00:00Z,Dallas Wings,Indiana Fever,Caitlin Clark,,PTS,OVER,24.5,106,DraftKings,draftkings,player_points_alternate,the-odds-api,2026-08-20T14:45:06.151561+00:00
2026-08-20,bc3ff76ba21ecf6ee8a5ac2067a5aa81,Indiana Fever @ Dallas Wings,2026-08-21T00:00:00Z,Dallas Wings,Indiana Fever,Caitlin Clark,,PTS,OVER,29.5,255,DraftKings,draftkings,player_points_alternate,the-odds-api,2026-08-20T14:45:06.151561+00:00
2026-08-20,bc3ff76ba21ecf6ee8a5ac2067a5aa81,Indiana Fever @ Dallas Wings,2026-08-21T00:00:00Z,Dallas Wings,Indiana Fever,Caitlin Clark,,PTS,OVER,34.5,610,DraftKings,draftkings,player_points_alternate,the-odds-api,2026-08-20T14:45:06.151561+00:00
2026-08-20,bc3ff76ba21ecf6ee8a5ac2067a5aa81,Indiana Fever @ Dallas Wings,2026-08-21T00:00:00Z,Dallas Wings,Indiana Fever,Caitlin Clark,,PTS,OVER,39.5,1320,DraftKings,draftkings,player_points_alternate,the-odds-api,2026-08-20T14:45:06.151561+00:00
2026-08-20,bc3ff76ba21ecf6ee8a5ac2067a5aa81,Indiana Fever @ Dallas Wings,2026-08-21T00:00:00Z,Dallas Wings,Indiana Fever,Kelsey Mitchell,,PTS,OVER,14.5,-1560,DraftKings,draftkings,player_points_alternate,the-odds-api,2026-08-20T14:45:06.151561+00:00
2026-08-20,bc3ff76ba21ecf6ee8a5ac2067a5aa81,Indiana Fever @ Dallas Wings,2026-08-21T00:00:00Z,Dallas Wings,Indiana Fever,Kelsey Mitchell,,PTS,OVER,17.5,-574,DraftKings,draftkings,player_points_alternate,the-odds-api,2026-08-20T14:45:06.151561+00:00
2026-08-20,bc3ff76ba21ecf6ee8a5ac2067a5aa81,Indiana Fever @ Dallas Wings,2026-08-21T00:00:00Z,Dallas Wings,Indiana Fever,Kelsey Mitchell,,PTS,OVER,19.5,-342,DraftKings,draftkings,player_points_alternate,the-odds-api,2026-08-20T14:45:06.151561+00:00
2026-08-20,bc3ff76ba21ecf6ee8a5ac2067a5aa81,Indiana Fever @ Dallas Wings,2026-08-21T00:00:00Z,Dallas Wings,Indiana Fever,Kelsey Mitchell,,PTS,OVER,24.5,-110,DraftKings,draftkings,player_points_alternate,the-odds-api,2026-08-20T14:45:06.151561+00:00
2026-08-20,bc3ff76ba21ecf6ee8a5ac2067a5aa81,Indiana Fever @ Dallas Wings,2026-08-21T00:00:00Z,Dallas Wings,Indiana Fever,Kelsey Mitchell,,PTS,OVER,29.5,246,DraftKings,draftkings,player_points_alternate,the-odds-api,2026-08-20T14:45:06.151561+00:00
2026-08-20,bc3ff76ba21ecf6ee8a5ac2067a5aa81,Indiana Fever @ Dallas Wings,2026-08-21T00:00:00Z,Dallas Wings,Indiana Fever,Kelsey Mitchell,,PTS,OVER,34.5,650,DraftKings,draftkings,player_points_alternate,the-odds-api,2026-08-20T14:45:06.151561+00:00
2026-08-20,bc3ff76ba21ecf6ee8a5ac2067a5aa81,Indiana Fever @ Dallas Wings,2026-08-21T00:00:00Z,Dallas Wings,Indiana Fever,Kelsey Mitchell,,PTS,OVER,39.5,1540,DraftKings,draftkings,player_points_alternate,the-odds-api,2026-08-20T14:45:06.151561+00:00
2026-08-20,bc3ff76ba21ecf6ee8a5ac2067a5aa81,Indiana Fever @ Dallas Wings,2026-08-21T00:00:00Z,Dallas Wings,Indiana Fever,Paige Bueckers,,PTS,OVER,11.5,-1680,DraftKings,draftkings,player_points_alternate,the-odds-api,2026-08-20T14:45:06.151561+00:00
2026-08-20,bc3ff76ba21ecf6ee8a5ac2067a5aa81,Indiana Fever @ Dallas Wings,2026-08-21T00:00:00Z,Dallas Wings,Indiana Fever,Paige Bueckers,,PTS,OVER,14.5,-565,DraftKings,draftkings,player_points_alternate,the-odds-api,2026-08-20T14:45:06.151561+00:00
2026-08-20,bc3ff76ba21ecf6ee8a5ac2067a5aa81,Indiana Fever @ Dallas Wings,2026-08-21T00:00:00Z,Dallas Wings,Indiana Fever,Paige Bueckers,,PTS,OVER,17.5,-248,DraftKings,draftkings,player_points_alternate,the-odds-api,2026-08-20T14:45:06.151561+00:00
2026-08-20,bc3ff76ba21ecf6ee8a5ac2067a5aa81,Indiana Fever @ Dallas Wings,2026-08-21T00:00:00Z,Dallas Wings,Indiana Fever,Paige Bueckers,,PTS,OVER,19.5,-152,DraftKings,draftkings,player_points_alternate,the-odds-api,2026-08-20T14:45:06.151561+00:00
2026-08-20,bc3ff76ba21ecf6ee8a5ac2067a5aa81,Indiana Fever @ Dallas Wings,2026-08-21T00:00:00Z,Dallas Wings,Indiana Fever,Paige Bueckers,,PTS,OVER,20.5,-121,DraftKings,draftkings,player_points_alternate,the-odds-api,2026-08-20T14:45:06.151561+00:00
2026-08-20,bc3ff76ba21ecf6ee8a5ac2067a5aa81,Indiana Fever @ Dallas Wings,2026-08-21T00:00:00Z,Dallas Wings,Indiana Fever,Paige Bueckers,,PTS,OVER,24.5,197,DraftKings,draftkings,player_points_alternate,the-odds-api,2026-08-20T14:45:06.151561+00:00
2026-08-20,bc3ff76ba21ecf6ee8a5ac2067a5aa81,Indiana Fever @ Dallas Wings,2026-08-21T00:00:00Z,Dallas Wings,Indiana Fever,Paige Bueckers,,PTS,OVER,29.5,548,DraftKings,draftkings,player_points_alternate,the-odds-api,2026-08-20T14:45:06.151561+00:00
2026-08-20,bc3ff76ba21ecf6ee8a5ac2067a5aa81,Indiana Fever @ Dallas Wings,2026-08-21T00:00:00Z,Dallas Wings,Indiana Fever,Paige Bueckers,,PTS,OVER,34.5,1540,DraftKings,draftkings,player_points_alternate,the-odds-api,2026-08-20T14:45:06.151561+00:00
2026-08-20,bc3ff76ba21ecf6ee8a5ac2067a5aa81,Indiana Fever @ Dallas Wings,2026-08-21T00:00:00Z,Dallas Wings,Indiana Fever,Arike Ogunbowale,,PTS,OVER,7.5,-2800,DraftKings,draftkings,player_points_alternate,the-odds-api,2026-08-20T14:45:06.151561+00:00
2026-08-20,bc3ff76ba21ecf6ee8a5ac2067a5aa81,Indiana Fever @ Dallas Wings,2026-08-21T00:00:00Z,Dallas Wings,Indiana Fever,Arike Ogunbowale,,PTS,OVER,9.5,-1000,DraftKings,draftkings,player_points_alternate,the-odds-api,2026-08-20T14:45:06.151561+00:00
2026-08-20,bc3ff76ba21ecf6ee8a5ac2067a5aa81,Indiana Fever @ Dallas Wings,2026-08-21T00:00:00Z,Dallas Wings,Indiana Fever,Arike Ogunbowale,,PTS,OVER,11.5,-484,DraftKings,draftkings,player_points_alternate,the-odds-api,2026-08-20T14:45:06.151561+00:00
2026-08-20,bc3ff76ba21ecf6ee8a5ac2067a5aa81,Indiana Fever @ Dallas Wings,2026-08-21T00:00:00Z,Dallas Wings,Indiana Fever,Arike Ogunbowale,,PTS,OVER,14.5,-199,DraftKings,draftkings,player_points_alternate,the-odds-api,2026-08-20T14:45:06.151561+00:00
2026-08-20,bc3ff76ba21ecf6ee8a5ac2067a5aa81,Indiana Fever @ Dallas Wings,2026-08-21T00:00:00Z,Dallas Wings,Indiana Fever,Arike Ogunbowale,,PTS,OVER,16.5,-121,DraftKings,draftkings,player_points_alternate,the-odds-api,2026-08-20T14:45:06.151561+00:00
2026-08-20,bc3ff76ba21ecf6ee8a5ac2067a5aa81,Indiana Fever @ Dallas Wings,2026-08-21T00:00:00Z,Dallas Wings,Indiana Fever,Arike Ogunbowale,,PTS,OVER,17.5,105,DraftKings,draftkings,player_points_alternate,the-odds-api,2026-08-20T14:45:06.151561+00:00
2026-08-20,bc3ff76ba21ecf6ee8a5ac2067a5aa81,Indiana Fever @ Dallas Wings,2026-08-21T00:00:00Z,Dallas Wings,Indiana Fever,Arike Ogunbowale,,PTS,OVER,19.5,168,DraftKings,draftkings,player_points_alternate,the-odds-api,2026-08-20T14:45:06.151561+00:00
2026-08-20,bc3ff76ba21ecf6ee8a5ac2067a5aa81,Indiana Fever @ Dallas Wings,2026-08-21T00:00:00Z,Dallas Wings,Indiana Fever,Arike Ogunbowale,,PTS,OVER,24.5,512,DraftKings,draftkings,player_points_alternate,the-odds-api,2026-08-20T14:45:06.151561+00:00
2026-08-20,bc3ff76ba21ecf6ee8a5ac2067a5aa81,Indiana Fever @ Dallas Wings,2026-08-21T00:00:00Z,Dallas Wings,Indiana Fever,Arike Ogunbowale,,PTS,OVER,29.5,1440,DraftKings,draftkings,player_points_alternate,the-odds-api,2026-08-20T14:45:06.151561+00:00
2026-08-20,bc3ff76ba21ecf6ee8a5ac2067a5aa81,Indiana Fever @ Dallas Wings,2026-08-21T00:00:00Z,Dallas Wings,Indiana Fever,Aliyah Boston,,PTS,OVER,9.5,-1040,DraftKings,draftkings,player_points_alternate,the-odds-api,2026-08-20T14:45:06.151561+00:00
2026-08-20,bc3ff76ba21ecf6ee8a5ac2067a5aa81,Indiana Fever @ Dallas Wings,2026-08-21T00:00:00Z,Dallas Wings,Indiana Fever,Aliyah Boston,,PTS,OVER,11.5,-472,DraftKings,draftkings,player_points_alternate,the-odds-api,2026-08-20T14:45:06.151561+00:00
2026-08-20,bc3ff76ba21ecf6ee8a5ac2067a5aa81,Indiana Fever @ Dallas Wings,2026-08-21T00:00:00Z,Dallas Wings,Indiana Fever,Aliyah Boston,,PTS,OVER,14.5,-193,DraftKings,draftkings,player_points_alternate,the-odds-api,2026-08-20T14:45:06.151561+00:00
2026-08-20,bc3ff76ba21ecf6ee8a5ac2067a5aa81,Indiana Fever @ Dallas Wings,2026-08-21T00:00:00Z,Dallas Wings,Indiana Fever,Aliyah Boston,,PTS,OVER,16.5,-114,DraftKings,draftkings,player_points_alternate,the-odds-api,2026-08-20T14:45:06.151561+00:00
2026-08-20,bc3ff76ba21ecf6ee8a5ac2067a5aa81,Indiana Fever @ Dallas Wings,2026-08-21T00:00:00Z,Dallas Wings,Indiana Fever,Aliyah Boston,,PTS,OVER,17.5,112,DraftKings,draftkings,player_points_alternate,the-odds-api,2026-08-20T14:45:06.151561+00:00
2026-08-20,bc3ff76ba21ecf6ee8a5ac2067a5aa81,Indiana Fever @ Dallas Wings,2026-08-21T00:00:00Z,Dallas Wings,Indiana Fever,Aliyah Boston,,PTS,OVER,19.5,181,DraftKings,draftkings,player_points_alternate,the-odds-api,2026-08-20T14:45:06.151561+00:00
2026-08-20,bc3ff76ba21ecf6ee8a5ac2067a5aa81,Indiana Fever @ Dallas Wings,2026-08-21T00:00:00Z,Dallas Wings,Indiana Fever,Aliyah Boston,,PTS,OVER,24.5,558,DraftKings,draftkings,player_points_alternate,the-odds-api,2026-08-20T14:45:06.151561+00:00
2026-08-20,bc3ff76ba21ecf6ee8a5ac2067a5aa81,Indiana Fever @ Dallas Wings,2026-08-21T00:00:00Z,Dallas Wings,Indiana Fever,Aliyah Boston,,PTS,OVER,29.5,1480,DraftKings,draftkings,player_points_alternate,the-odds-api,2026-08-20T14:45:06.151561+00:00
2026-08-20,bc3ff76ba21ecf6ee8a5ac2067a5aa81,Indiana Fever @ Dallas Wings,2026-08-21T00:00:00Z,Dallas Wings,Indiana Fever,Jessica Shepard,,PTS,OVER,5.5,-2600,DraftKings,draftkings,player_points_alternate,the-odds-api,2026-08-20T14:45:06.151561+00:00
2026-08-20,bc3ff76ba21ecf6ee8a5ac2067a5aa81,Indiana Fever @ Dallas Wings,2026-08-21T00:00:00Z,Dallas Wings,Indiana Fever,Jessica Shepard,,PTS,OVER,7.5,-850,DraftKings,draftkings,player_points_alternate,the-odds-api,2026-08-20T14:45:06.151561+00:00
2026-08-20,bc3ff76ba21ecf6ee8a5ac2067a5aa81,Indiana Fever @ Dallas Wings,2026-08-21T00:00:00Z,Dallas Wings,Indiana Fever,Jessica Shepard,,PTS,OVER,9.5,-380,DraftKings,draftkings,player_points_alternate,the-odds-api,2026-08-20T14:45:06.151561+00:00
2026-08-20,bc3ff76ba21ecf6ee8a5ac2067a5aa81,Indiana Fever @ Dallas Wings,2026-08-21T00:00:00Z,Dallas Wings,Indiana Fever,Jessica Shepard,,PTS,OVER,11.5,-200,DraftKings,draftkings,player_points_alternate,the-odds-api,2026-08-20T14:45:06.151561+00:00
2026-08-20,bc3ff76ba21ecf6ee8a5ac2067a5aa81,Indiana Fever @ Dallas Wings,2026-08-21T00:00:00Z,Dallas Wings,Indiana Fever,Jessica Shepard,,PTS,OVER,13.5,-114,DraftKings,draftkings,player_points_alternate,the-odds-api,2026-08-20T14:45:06.151561+00:00
2026-08-20,bc3ff76ba21ecf6ee8a5ac2067a5aa81,Indiana Fever @ Dallas Wings,2026-08-21T00:00:00Z,Dallas Wings,Indiana Fever,Jessica Shepard,,PTS,OVER,14.5,119,DraftKings,draftkings,player_points_alternate,the-odds-api,2026-08-20T14:45:06.151561+00:00
2026-08-20,bc3ff76ba21ecf6ee8a5ac2067a5aa81,Indiana Fever @ Dallas Wings,2026-08-21T00:00:00Z,Dallas Wings,Indiana Fever,Jessica Shepard,,PTS,OVER,17.5,243,DraftKings,draftkings,player_points_alternate,the-odds-api,2026-08-20T14:45:06.151561+00:00
2026-08-20,bc3ff76ba21ecf6ee8a5ac2067a5aa81,Indiana Fever @ Dallas Wings,2026-08-21T00:00:00Z,Dallas Wings,Indiana Fever,Jessica Shepard,,PTS,OVER,19.5,387,DraftKings,draftkings,player_points_alternate,the-odds-api,2026-08-20T14:45:06.151561+00:00
2026-08-20,bc3ff76ba21ecf6ee8a5ac2067a5aa81,Indiana Fever @ Dallas Wings,2026-08-21T00:00:00Z,Dallas Wings,Indiana Fever,Jessica Shepard,,PTS,OVER,24.5,1180,DraftKings,draftkings,player_points_alternate,the-odds-api,2026-08-20T14:45:06.151561+00:00
2026-08-20,bc3ff76ba21ecf6ee8a5ac2067a5aa81,Indiana Fever @ Dallas Wings,2026-08-21T00:00:00Z,Dallas Wings,Indiana Fever,Alanna Smith,,PTS,OVER,5.5,-720,DraftKings,draftkings,player_points_alternate,the-odds-api,2026-08-20T14:45:06.151561+00:00
2026-08-20,bc3ff76ba21ecf6ee8a5ac2067a5aa81,Indiana Fever @ Dallas Wings,2026-08-21T00:00:00Z,Dallas Wings,Indiana Fever,Alanna Smith,,PTS,OVER,7.5,-307,DraftKings,draftkings,player_points_alternate,the-odds-api,2026-08-20T14:45:06.151561+00:00
2026-08-20,bc3ff76ba21ecf6ee8a5ac2067a5aa81,Indiana Fever @ Dallas Wings,2026-08-21T00:00:00Z,Dallas Wings,Indiana Fever,Alanna Smith,,PTS,OVER,9.5,-156,DraftKings,draftkings,player_points_alternate,the-odds-api,2026-08-20T14:45:06.151561+00:00
2026-08-20,bc3ff76ba21ecf6ee8a5ac2067a5aa81,Indiana Fever @ Dallas Wings,2026-08-21T00:00:00Z,Dallas Wings,Indiana Fever,Alanna Smith,,PTS,OVER,10.5,-117,DraftKings,draftkings,player_points_alternate,the-odds-api,2026-08-20T14:45:06.151561+00:00
2026-08-20,bc3ff76ba21ecf6ee8a5ac2067a5aa81,Indiana Fever @ Dallas Wings,2026-08-21T00:00:00Z,Dallas Wings,Indiana Fever,Alanna Smith,,PTS,OVER,11.5,113,DraftKings,draftkings,player_points_alternate,the-odds-api,2026-08-20T14:45:06.151561+00:00
2026-08-20,bc3ff76ba21ecf6ee8a5ac2067a5aa81,Indiana Fever @ Dallas Wings,2026-08-21T00:00:00Z,Dallas Wings,Indiana Fever,Alanna Smith,,PTS,OVER,14.5,254,DraftKings,draftkings,player_points_alternate,the-odds-api,2026-08-20T14:45:06.151561+00:00
2026-08-20,bc3ff76ba21ecf6ee8a5ac2067a5aa81,Indiana Fever @ Dallas Wings,2026-08-21T00:00:00Z,Dallas Wings,Indiana Fever,Alanna Smith,,PTS,OVER,17.5,539,DraftKings,draftkings,player_points_alternate,the-odds-api,2026-08-20T14:45:06.151561+00:00
2026-08-20,bc3ff76ba21ecf6ee8a5ac2067a5aa81,Indiana Fever @ Dallas Wings,2026-08-21T00:00:00Z,Dallas Wings,Indiana Fever,Alanna Smith,,PTS,OVER,19.5,870,DraftKings,draftkings,player_points_alternate,the-odds-api,2026-08-20T14:45:06.151561+00:00
2026-08-20,bc3ff76ba21ecf6ee8a5ac2067a5aa81,Indiana Fever @ Dallas Wings,2026-08-21T00:00:00Z,Dallas Wings,Indiana Fever,Odyssey Sims,,PTS,OVER,5.5,-291,DraftKings,draftkings,player_points_alternate,the-odds-api,2026-08-20T14:45:06.151561+00:00
2026-08-20,bc3ff76ba21ecf6ee8a5ac2067a5aa81,Indiana Fever @ Dallas Wings,2026-08-21T00:00:00Z,Dallas Wings,Indiana Fever,Odyssey Sims,,PTS,OVER,7.5,-131,DraftKings,draftkings,player_points_alternate,the-odds-api,2026-08-20T14:45:06.151561+00:00
2026-08-20,bc3ff76ba21ecf6ee8a5ac2067a5aa81,Indiana Fever @ Dallas Wings,2026-08-21T00:00:00Z,Dallas Wings,Indiana Fever,Odyssey Sims,,PTS,OVER,9.5,146,DraftKings,draftkings,player_points_alternate,the-odds-api,2026-08-20T14:45:06.151561+00:00
2026-08-20,bc3ff76ba21ecf6ee8a5ac2067a5aa81,Indiana Fever @ Dallas Wings,2026-08-21T00:00:00Z,Dallas Wings,Indiana Fever,Odyssey Sims,,PTS,OVER,11.5,263,DraftKings,draftkings,player_points_alternate,the-odds-api,2026-08-20T14:45:06.151561+00:00
2026-08-20,bc3ff76ba21ecf6ee8a5ac2067a5aa81,Indiana Fever @ Dallas Wings,2026-08-21T00:00:00Z,Dallas Wings,Indiana Fever,Odyssey Sims,,PTS,OVER,14.5,610,DraftKings,draftkings,player_points_alternate,the-odds-api,2026-08-20T14:45:06.151561+00:00
2026-08-20,bc3ff76ba21ecf6ee8a5ac2067a5aa81,Indiana Fever @ Dallas Wings,2026-08-21T00:00:00Z,Dallas Wings,Indiana Fever,Odyssey Sims,,PTS,OVER,17.5,1320,DraftKings,draftkings,player_points_alternate,the-odds-api,2026-08-20T14:45:06.151561+00:00
2026-08-20,bc3ff76ba21ecf6ee8a5ac2067a5aa81,Indiana Fever @ Dallas Wings,2026-08-21T00:00:00Z,Dallas Wings,Indiana Fever,Makayla Timpson,,PTS,OVER,5.5,-287,DraftKings,draftkings,player_points_alternate,the-odds-api,2026-08-20T14:45:06.151561+00:00
2026-08-20,bc3ff76ba21ecf6ee8a5ac2067a5aa81,Indiana Fever @ Dallas Wings,2026-08-21T00:00:00Z,Dallas Wings,Indiana Fever,Makayla Timpson,,PTS,OVER,7.5,-127,DraftKings,draftkings,player_points_alternate,the-odds-api,2026-08-20T14:45:06.151561+00:00
2026-08-20,bc3ff76ba21ecf6ee8a5ac2067a5aa81,Indiana Fever @ Dallas Wings,2026-08-21T00:00:00Z,Dallas Wings,Indiana Fever,Makayla Timpson,,PTS,OVER,9.5,157,DraftKings,draftkings,player_points_alternate,the-odds-api,2026-08-20T14:45:06.151561+00:00
2026-08-20,bc3ff76ba21ecf6ee8a5ac2067a5aa81,Indiana Fever @ Dallas Wings,2026-08-21T00:00:00Z,Dallas Wings,Indiana Fever,Makayla Timpson,,PTS,OVER,11.5,297,DraftKings,draftkings,player_points_alternate,the-odds-api,2026-08-20T14:45:06.151561+00:00
2026-08-20,bc3ff76ba21ecf6ee8a5ac2067a5aa81,Indiana Fever @ Dallas Wings,2026-08-21T00:00:00Z,Dallas Wings,Indiana Fever,Makayla Timpson,,PTS,OVER,14.5,740,DraftKings,draftkings,player_points_alternate,the-odds-api,2026-08-20T14:45:06.151561+00:00
2026-08-20,bc3ff76ba21ecf6ee8a5ac2067a5aa81,Indiana Fever @ Dallas Wings,2026-08-21T00:00:00Z,Dallas Wings,Indiana Fever,Makayla Timpson,,PTS,OVER,17.5,1600,DraftKings,draftkings,player_points_alternate,the-odds-api,2026-08-20T14:45:06.151561+00:00
2026-08-20,bc3ff76ba21ecf6ee8a5ac2067a5aa81,Indiana Fever @ Dallas Wings,2026-08-21T00:00:00Z,Dallas Wings,Indiana Fever,Sophie Cunningham,,PTS,OVER,5.5,-227,DraftKings,draftkings,player_points_alternate,the-odds-api,2026-08-20T14:45:06.151561+00:00
2026-08-20,bc3ff76ba21ecf6ee8a5ac2067a5aa81,Indiana Fever @ Dallas Wings,2026-08-21T00:00:00Z,Dallas Wings,Indiana Fever,Sophie Cunningham,,PTS,OVER,7.5,-109,DraftKings,draftkings,player_points_alternate,the-odds-api,2026-08-20T14:45:06.151561+00:00
2026-08-20,bc3ff76ba21ecf6ee8a5ac2067a5aa81,Indiana Fever @ Dallas Wings,2026-08-21T00:00:00Z,Dallas Wings,Indiana Fever,Sophie Cunningham,,PTS,OVER,9.5,179,DraftKings,draftkings,player_points_alternate,the-odds-api,2026-08-20T14:45:06.151561+00:00
2026-08-20,bc3ff76ba21ecf6ee8a5ac2067a5aa81,Indiana Fever @ Dallas Wings,2026-08-21T00:00:00Z,Dallas Wings,Indiana Fever,Sophie Cunningham,,PTS,OVER,11.5,325,DraftKings,draftkings,player_points_alternate,the-odds-api,2026-08-20T14:45:06.151561+00:00
2026-08-20,bc3ff76ba21ecf6ee8a5ac2067a5aa81,Indiana Fever @ Dallas Wings,2026-08-21T00:00:00Z,Dallas Wings,Indiana Fever,Sophie Cunningham,,PTS,OVER,14.5,770,DraftKings,draftkings,player_points_alternate,the-odds-api,2026-08-20T14:45:06.151561+00:00
2026-08-20,bc3ff76ba21ecf6ee8a5ac2067a5aa81,Indiana Fever @ Dallas Wings,2026-08-21T00:00:00Z,Dallas Wings,Indiana Fever,Sophie Cunningham,,PTS,OVER,17.5,1640,DraftKings,draftkings,player_points_alternate,the-odds-api,2026-08-20T14:45:06.151561+00:00
2026-08-20,bc3ff76ba21ecf6ee8a5ac2067a5aa81,Indiana Fever @ Dallas Wings,2026-08-21T00:00:00Z,Dallas Wings,Indiana Fever,Awak Kuier,,PTS,OVER,5.5,-208,DraftKings,draftkings,player_points_alternate,the-odds-api,2026-08-20T14:45:06.151561+00:00
2026-08-20,bc3ff76ba21ecf6ee8a5ac2067a5aa81,Indiana Fever @ Dallas Wings,2026-08-21T00:00:00Z,Dallas Wings,Indiana Fever,Awak Kuier,,PTS,OVER,6.5,-137,DraftKings,draftkings,player_points_alternate,the-odds-api,2026-08-20T14:45:06.151561+00:00
2026-08-20,bc3ff76ba21ecf6ee8a5ac2067a5aa81,Indiana Fever @ Dallas Wings,2026-08-21T00:00:00Z,Dallas Wings,Indiana Fever,Awak Kuier,,PTS,OVER,7.5,107,DraftKings,draftkings,player_points_alternate,the-odds-api,2026-08-20T14:45:06.151561+00:00
2026-08-20,bc3ff76ba21ecf6ee8a5ac2067a5aa81,Indiana Fever @ Dallas Wings,2026-08-21T00:00:00Z,Dallas Wings,Indiana Fever,Awak Kuier,,PTS,OVER,9.5,214,DraftKings,draftkings,player_points_alternate,the-odds-api,2026-08-20T14:45:06.151561+00:00
2026-08-20,bc3ff76ba21ecf6ee8a5ac2067a5aa81,Indiana Fever @ Dallas Wings,2026-08-21T00:00:00Z,Dallas Wings,Indiana Fever,Awak Kuier,,PTS,OVER,11.5,423,DraftKings,draftkings,player_points_alternate,the-odds-api,2026-08-20T14:45:06.151561+00:00
2026-08-20,bc3ff76ba21ecf6ee8a5ac2067a5aa81,Indiana Fever @ Dallas Wings,2026-08-21T00:00:00Z,Dallas Wings,Indiana Fever,Awak Kuier,,PTS,OVER,14.5,1060,DraftKings,draftkings,player_points_alternate,the-odds-api,2026-08-20T14:45:06.151561+00:00
2026-08-20,bc3ff76ba21ecf6ee8a5ac2067a5aa81,Indiana Fever @ Dallas Wings,2026-08-21T00:00:00Z,Dallas Wings,Indiana Fever,Lexie Hull,,PTS,OVER,3.5,-119,DraftKings,draftkings,player_points_alternate,the-odds-api,2026-08-20T14:45:06.151561+00:00
2026-08-20,bc3ff76ba21ecf6ee8a5ac2067a5aa81,Indiana Fever @ Dallas Wings,2026-08-21T00:00:00Z,Dallas Wings,Indiana Fever,Lexie Hull,,PTS,OVER,5.5,198,DraftKings,draftkings,player_points_alternate,the-odds-api,2026-08-20T14:45:06.151561+00:00
2026-08-20,bc3ff76ba21ecf6ee8a5ac2067a5aa81,Indiana Fever @ Dallas Wings,2026-08-21T00:00:00Z,Dallas Wings,Indiana Fever,Lexie Hull,,PTS,OVER,7.5,435,DraftKings,draftkings,player_points_alternate,the-odds-api,2026-08-20T14:45:06.151561+00:00
2026-08-20,bc3ff76ba21ecf6ee8a5ac2067a5aa81,Indiana Fever @ Dallas Wings,2026-08-21T00:00:00Z,Dallas Wings,Indiana Fever,Lexie Hull,,PTS,OVER,9.5,930,DraftKings,draftkings,player_points_alternate,the-odds-api,2026-08-20T14:45:06.151561+00:00
2026-08-20,bc3ff76ba21ecf6ee8a5ac2067a5aa81,Indiana Fever @ Dallas Wings,2026-08-21T00:00:00Z,Dallas Wings,Indiana Fever,Caitlin Clark,,PA,OVER,19.5,-2500,DraftKings,draftkings,player_points_assists_alternate,the-odds-api,2026-08-20T14:45:06.151561+00:00
2026-08-20,bc3ff76ba21ecf6ee8a5ac2067a5aa81,Indiana Fever @ Dallas Wings,2026-08-21T00:00:00Z,Dallas Wings,Indiana Fever,Caitlin Clark,,PA,OVER,24.5,-592,DraftKings,draftkings,player_points_assists_alternate,the-odds-api,2026-08-20T14:45:06.151561+00:00
2026-08-20,bc3ff76ba21ecf6ee8a5ac2067a5aa81,Indiana Fever @ Dallas Wings,2026-08-21T00:00:00Z,Dallas Wings,Indiana Fever,Caitlin Clark,,PA,OVER,29.5,-212,DraftKings,draftkings,player_points_assists_alternate,the-odds-api,2026-08-20T14:45:06.151561+00:00
2026-08-20,bc3ff76ba21ecf6ee8a5ac2067a5aa81,Indiana Fever @ Dallas Wings,2026-08-21T00:00:00Z,Dallas Wings,Indiana Fever,Caitlin Clark,,PA,OVER,32.5,-122,DraftKings,draftkings,player_points_assists_alternate,the-odds-api,2026-08-20T14:45:06.151561+00:00
2026-08-20,bc3ff76ba21ecf6ee8a5ac2067a5aa81,Indiana Fever @ Dallas Wings,2026-08-21T00:00:00Z,Dallas Wings,Indiana Fever,Caitlin Clark,,PA,OVER,34.5,118,DraftKings,draftkings,player_points_assists_alternate,the-odds-api,2026-08-20T14:45:06.151561+00:00
2026-08-20,bc3ff76ba21ecf6ee8a5ac2067a5aa81,Indiana Fever @ Dallas Wings,2026-08-21T00:00:00Z,Dallas Wings,Indiana Fever,Caitlin Clark,,PA,OVER,39.5,275,DraftKings,draftkings,player_points_assists_alternate,the-odds-api,2026-08-20T14:45:06.151561+00:00
2026-08-20,bc3ff76ba21ecf6ee8a5ac2067a5aa81,Indiana Fever @ Dallas Wings,2026-08-21T00:00:00Z,Dallas Wings,Indiana Fever,Caitlin Clark,,PA,OVER,44.5,640,DraftKings,draftkings,player_points_assists_alternate,the-odds-api,2026-08-20T14:45:06.151561+00:00
2026-08-20,bc3ff76ba21ecf6ee8a5ac2067a5aa81,Indiana Fever @ Dallas Wings,2026-08-21T00:00:00Z,Dallas Wings,Indiana Fever,Caitlin Clark,,PA,OVER,49.5,1400,DraftKings,draftkings,player_points_assists_alternate,the-odds-api,2026-08-20T14:45:06.151561+00:00
2026-08-20,bc3ff76ba21ecf6ee8a5ac2067a5aa81,Indiana Fever @ Dallas Wings,2026-08-21T00:00:00Z,Dallas Wings,Indiana Fever,Paige Bueckers,,PA,OVER,19.5,-700,DraftKings,draftkings,player_points_assists_alternate,the-odds-api,2026-08-20T14:45:06.151561+00:00
2026-08-20,bc3ff76ba21ecf6ee8a5ac2067a5aa81,Indiana Fever @ Dallas Wings,2026-08-21T00:00:00Z,Dallas Wings,Indiana Fever,Paige Bueckers,,PA,OVER,24.5,-204,DraftKings,draftkings,player_points_assists_alternate,the-odds-api,2026-08-20T14:45:06.151561+00:00
2026-08-20,bc3ff76ba21ecf6ee8a5ac2067a5aa81,Indiana Fever @ Dallas Wings,2026-08-21T00:00:00Z,Dallas Wings,Indiana Fever,Paige Bueckers,,PA,OVER,27.5,-107,DraftKings,draftkings,player_points_assists_alternate,the-odds-api,2026-08-20T14:45:06.151561+00:00
2026-08-20,bc3ff76ba21ecf6ee8a5ac2067a5aa81,Indiana Fever @ Dallas Wings,2026-08-21T00:00:00Z,Dallas Wings,Indiana Fever,Paige Bueckers,,PA,OVER,29.5,139,DraftKings,draftkings,player_points_assists_alternate,the-odds-api,2026-08-20T14:45:06.151561+00:00
2026-08-20,bc3ff76ba21ecf6ee8a5ac2067a5aa81,Indiana Fever @ Dallas Wings,2026-08-21T00:00:00Z,Dallas Wings,Indiana Fever,Paige Bueckers,,PA,OVER,34.5,362,DraftKings,draftkings,player_points_assists_alternate,the-odds-api,2026-08-20T14:45:06.151561+00:00
2026-08-20,bc3ff76ba21ecf6ee8a5ac2067a5aa81,Indiana Fever @ Dallas Wings,2026-08-21T00:00:00Z,Dallas Wings,Indiana Fever,Paige Bueckers,,PA,OVER,39.5,970,DraftKings,draftkings,player_points_assists_alternate,the-odds-api,2026-08-20T14:45:06.151561+00:00
2026-08-20,bc3ff76ba21ecf6ee8a5ac2067a5aa81,Indiana Fever @ Dallas Wings,2026-08-21T00:00:00Z,Dallas Wings,Indiana Fever,Kelsey Mitchell,,PA,OVER,19.5,-597,DraftKings,draftkings,player_points_assists_alternate,the-odds-api,2026-08-20T14:45:06.151561+00:00
2026-08-20,bc3ff76ba21ecf6ee8a5ac2067a5aa81,Indiana Fever @ Dallas Wings,2026-08-21T00:00:00Z,Dallas Wings,Indiana Fever,Kelsey Mitchell,,PA,OVER,24.5,-181,DraftKings,draftkings,player_points_assists_alternate,the-odds-api,2026-08-20T14:45:06.151561+00:00
2026-08-20,bc3ff76ba21ecf6ee8a5ac2067a5aa81,Indiana Fever @ Dallas Wings,2026-08-21T00:00:00Z,Dallas Wings,Indiana Fever,Kelsey Mitchell,,PA,OVER,26.5,-118,DraftKings,draftkings,player_points_assists_alternate,the-odds-api,2026-08-20T14:45:06.151561+00:00
2026-08-20,bc3ff76ba21ecf6ee8a5ac2067a5aa81,Indiana Fever @ Dallas Wings,2026-08-21T00:00:00Z,Dallas Wings,Indiana Fever,Kelsey Mitchell,,PA,OVER,29.5,154,DraftKings,draftkings,player_points_assists_alternate,the-odds-api,2026-08-20T14:45:06.151561+00:00
2026-08-20,bc3ff76ba21ecf6ee8a5ac2067a5aa81,Indiana Fever @ Dallas Wings,2026-08-21T00:00:00Z,Dallas Wings,Indiana Fever,Kelsey Mitchell,,PA,OVER,34.5,396,DraftKings,draftkings,player_points_assists_alternate,the-odds-api,2026-08-20T14:45:06.151561+00:00
2026-08-20,bc3ff76ba21ecf6ee8a5ac2067a5aa81,Indiana Fever @ Dallas Wings,2026-08-21T00:00:00Z,Dallas Wings,Indiana Fever,Kelsey Mitchell,,PA,OVER,39.5,1000,DraftKings,draftkings,player_points_assists_alternate,the-odds-api,2026-08-20T14:45:06.151561+00:00
2026-08-20,bc3ff76ba21ecf6ee8a5ac2067a5aa81,Indiana Fever @ Dallas Wings,2026-08-21T00:00:00Z,Dallas Wings,Indiana Fever,Arike Ogunbowale,,PA,OVER,14.5,-525,DraftKings,draftkings,player_points_assists_alternate,the-odds-api,2026-08-20T14:45:06.151561+00:00
2026-08-20,bc3ff76ba21ecf6ee8a5ac2067a5aa81,Indiana Fever @ Dallas Wings,2026-08-21T00:00:00Z,Dallas Wings,Indiana Fever,Arike Ogunbowale,,PA,OVER,19.5,-141,DraftKings,draftkings,player_points_assists_alternate,the-odds-api,2026-08-20T14:45:06.151561+00:00
2026-08-20,bc3ff76ba21ecf6ee8a5ac2067a5aa81,Indiana Fever @ Dallas Wings,2026-08-21T00:00:00Z,Dallas Wings,Indiana Fever,Arike Ogunbowale,,PA,OVER,20.5,-111,DraftKings,draftkings,player_points_assists_alternate,the-odds-api,2026-08-20T14:45:06.151561+00:00
2026-08-20,bc3ff76ba21ecf6ee8a5ac2067a5aa81,Indiana Fever @ Dallas Wings,2026-08-21T00:00:00Z,Dallas Wings,Indiana Fever,Arike Ogunbowale,,PA,OVER,24.5,218,DraftKings,draftkings,player_points_assists_alternate,the-odds-api,2026-08-20T14:45:06.151561+00:00
2026-08-20,bc3ff76ba21ecf6ee8a5ac2067a5aa81,Indiana Fever @ Dallas Wings,2026-08-21T00:00:00Z,Dallas Wings,Indiana Fever,Arike Ogunbowale,,PA,OVER,29.5,640,DraftKings,draftkings,player_points_assists_alternate,the-odds-api,2026-08-20T14:45:06.151561+00:00
2026-08-20,bc3ff76ba21ecf6ee8a5ac2067a5aa81,Indiana Fever @ Dallas Wings,2026-08-21T00:00:00Z,Dallas Wings,Indiana Fever,Aliyah Boston,,PA,OVER,14.5,-456,DraftKings,draftkings,player_points_assists_alternate,the-odds-api,2026-08-20T14:45:06.151561+00:00
2026-08-20,bc3ff76ba21ecf6ee8a5ac2067a5aa81,Indiana Fever @ Dallas Wings,2026-08-21T00:00:00Z,Dallas Wings,Indiana Fever,Aliyah Boston,,PA,OVER,19.5,-118,DraftKings,draftkings,player_points_assists_alternate,the-odds-api,2026-08-20T14:45:06.151561+00:00
2026-08-20,bc3ff76ba21ecf6ee8a5ac2067a5aa81,Indiana Fever @ Dallas Wings,2026-08-21T00:00:00Z,Dallas Wings,Indiana Fever,Aliyah Boston,,PA,OVER,24.5,264,DraftKings,draftkings,player_points_assists_alternate,the-odds-api,2026-08-20T14:45:06.151561+00:00
2026-08-20,bc3ff76ba21ecf6ee8a5ac2067a5aa81,Indiana Fever @ Dallas Wings,2026-08-21T00:00:00Z,Dallas Wings,Indiana Fever,Aliyah Boston,,PA,OVER,29.5,760,DraftKings,draftkings,player_points_assists_alternate,the-odds-api,2026-08-20T14:45:06.151561+00:00
2026-08-20,bc3ff76ba21ecf6ee8a5ac2067a5aa81,Indiana Fever @ Dallas Wings,2026-08-21T00:00:00Z,Dallas Wings,Indiana Fever,Jessica Shepard,,PA,OVER,9.5,-2400,DraftKings,draftkings,player_points_assists_alternate,the-odds-api,2026-08-20T14:45:06.151561+00:00
2026-08-20,bc3ff76ba21ecf6ee8a5ac2067a5aa81,Indiana Fever @ Dallas Wings,2026-08-21T00:00:00Z,Dallas Wings,Indiana Fever,Jessica Shepard,,PA,OVER,14.5,-341,DraftKings,draftkings,player_points_assists_alternate,the-odds-api,2026-08-20T14:45:06.151561+00:00
2026-08-20,bc3ff76ba21ecf6ee8a5ac2067a5aa81,Indiana Fever @ Dallas Wings,2026-08-21T00:00:00Z,Dallas Wings,Indiana Fever,Jessica Shepard,,PA,OVER,18.5,-117,DraftKings,draftkings,player_points_assists_alternate,the-odds-api,2026-08-20T14:45:06.151561+00:00
2026-08-20,bc3ff76ba21ecf6ee8a5ac2067a5aa81,Indiana Fever @ Dallas Wings,2026-08-21T00:00:00Z,Dallas Wings,Indiana Fever,Jessica Shepard,,PA,OVER,19.5,108,DraftKings,draftkings,player_points_assists_alternate,the-odds-api,2026-08-20T14:45:06.151561+00:00
2026-08-20,bc3ff76ba21ecf6ee8a5ac2067a5aa81,Indiana Fever @ Dallas Wings,2026-08-21T00:00:00Z,Dallas Wings,Indiana Fever,Jessica Shepard,,PA,OVER,24.5,328,DraftKings,draftkings,player_points_assists_alternate,the-odds-api,2026-08-20T14:45:06.151561+00:00
2026-08-20,bc3ff76ba21ecf6ee8a5ac2067a5aa81,Indiana Fever @ Dallas Wings,2026-08-21T00:00:00Z,Dallas Wings,Indiana Fever,Jessica Shepard,,PA,OVER,29.5,950,DraftKings,draftkings,player_points_assists_alternate,the-odds-api,2026-08-20T14:45:06.151561+00:00
2026-08-20,bc3ff76ba21ecf6ee8a5ac2067a5aa81,Indiana Fever @ Dallas Wings,2026-08-21T00:00:00Z,Dallas Wings,Indiana Fever,Alanna Smith,,PA,OVER,9.5,-296,DraftKings,draftkings,player_points_assists_alternate,the-odds-api,2026-08-20T14:45:06.151561+00:00
2026-08-20,bc3ff76ba21ecf6ee8a5ac2067a5aa81,Indiana Fever @ Dallas Wings,2026-08-21T00:00:00Z,Dallas Wings,Indiana Fever,Alanna Smith,,PA,OVER,12.5,-119,DraftKings,draftkings,player_points_assists_alternate,the-odds-api,2026-08-20T14:45:06.151561+00:00
2026-08-20,bc3ff76ba21ecf6ee8a5ac2067a5aa81,Indiana Fever @ Dallas Wings,2026-08-21T00:00:00Z,Dallas Wings,Indiana Fever,Alanna Smith,,PA,OVER,14.5,145,DraftKings,draftkings,player_points_assists_alternate,the-odds-api,2026-08-20T14:45:06.151561+00:00
2026-08-20,bc3ff76ba21ecf6ee8a5ac2067a5aa81,Indiana Fever @ Dallas Wings,2026-08-21T00:00:00Z,Dallas Wings,Indiana Fever,Alanna Smith,,PA,OVER,19.5,510,DraftKings,draftkings,player_points_assists_alternate,the-odds-api,2026-08-20T14:45:06.151561+00:00
2026-08-20,bc3ff76ba21ecf6ee8a5ac2067a5aa81,Indiana Fever @ Dallas Wings,2026-08-21T00:00:00Z,Dallas Wings,Indiana Fever,Alanna Smith,,PA,OVER,24.5,1580,DraftKings,draftkings,player_points_assists_alternate,the-odds-api,2026-08-20T14:45:06.151561+00:00
2026-08-20,bc3ff76ba21ecf6ee8a5ac2067a5aa81,Indiana Fever @ Dallas Wings,2026-08-21T00:00:00Z,Dallas Wings,Indiana Fever,Odyssey Sims,,PA,OVER,4.5,-2000,DraftKings,draftkings,player_points_assists_alternate,the-odds-api,2026-08-20T14:45:06.151561+00:00
2026-08-20,bc3ff76ba21ecf6ee8a5ac2067a5aa81,Indiana Fever @ Dallas Wings,2026-08-21T00:00:00Z,Dallas Wings,Indiana Fever,Odyssey Sims,,PA,OVER,9.5,-191,DraftKings,draftkings,player_points_assists_alternate,the-odds-api,2026-08-20T14:45:06.151561+00:00
2026-08-20,bc3ff76ba21ecf6ee8a5ac2067a5aa81,Indiana Fever @ Dallas Wings,2026-08-21T00:00:00Z,Dallas Wings,Indiana Fever,Odyssey Sims,,PA,OVER,11.5,-103,DraftKings,draftkings,player_points_assists_alternate,the-odds-api,2026-08-20T14:45:06.151561+00:00
2026-08-20,bc3ff76ba21ecf6ee8a5ac2067a5aa81,Indiana Fever @ Dallas Wings,2026-08-21T00:00:00Z,Dallas Wings,Indiana Fever,Odyssey Sims,,PA,OVER,14.5,228,DraftKings,draftkings,player_points_assists_alternate,the-odds-api,2026-08-20T14:45:06.151561+00:00
2026-08-20,bc3ff76ba21ecf6ee8a5ac2067a5aa81,Indiana Fever @ Dallas Wings,2026-08-21T00:00:00Z,Dallas Wings,Indiana Fever,Odyssey Sims,,PA,OVER,19.5,810,DraftKings,draftkings,player_points_assists_alternate,the-odds-api,2026-08-20T14:45:06.151561+00:00
2026-08-20,bc3ff76ba21ecf6ee8a5ac2067a5aa81,Indiana Fever @ Dallas Wings,2026-08-21T00:00:00Z,Dallas Wings,Indiana Fever,Sophie Cunningham,,PA,OVER,4.5,-670,DraftKings,draftkings,player_points_assists_alternate,the-odds-api,2026-08-20T14:45:06.151561+00:00
2026-08-20,bc3ff76ba21ecf6ee8a5ac2067a5aa81,Indiana Fever @ Dallas Wings,2026-08-21T00:00:00Z,Dallas Wings,Indiana Fever,Sophie Cunningham,,PA,OVER,8.5,-121,DraftKings,draftkings,player_points_assists_alternate,the-odds-api,2026-08-20T14:45:06.151561+00:00
2026-08-20,bc3ff76ba21ecf6ee8a5ac2067a5aa81,Indiana Fever @ Dallas Wings,2026-08-21T00:00:00Z,Dallas Wings,Indiana Fever,Sophie Cunningham,,PA,OVER,9.5,115,DraftKings,draftkings,player_points_assists_alternate,the-odds-api,2026-08-20T14:45:06.151561+00:00
2026-08-20,bc3ff76ba21ecf6ee8a5ac2067a5aa81,Indiana Fever @ Dallas Wings,2026-08-21T00:00:00Z,Dallas Wings,Indiana Fever,Sophie Cunningham,,PA,OVER,14.5,496,DraftKings,draftkings,player_points_assists_alternate,the-odds-api,2026-08-20T14:45:06.151561+00:00
2026-08-20,bc3ff76ba21ecf6ee8a5ac2067a5aa81,Indiana Fever @ Dallas Wings,2026-08-21T00:00:00Z,Dallas Wings,Indiana Fever,Sophie Cunningham,,PA,OVER,19.5,1660,DraftKings,draftkings,player_points_assists_alternate,the-odds-api,2026-08-20T14:45:06.151561+00:00
2026-08-20,bc3ff76ba21ecf6ee8a5ac2067a5aa81,Indiana Fever @ Dallas Wings,2026-08-21T00:00:00Z,Dallas Wings,Indiana Fever,Makayla Timpson,,PA,OVER,4.5,-593,DraftKings,draftkings,player_points_assists_alternate,the-odds-api,2026-08-20T14:45:06.151561+00:00
2026-08-20,bc3ff76ba21ecf6ee8a5ac2067a5aa81,Indiana Fever @ Dallas Wings,2026-08-21T00:00:00Z,Dallas Wings,Indiana Fever,Makayla Timpson,,PA,OVER,8.5,-115,DraftKings,draftkings,player_points_assists_alternate,the-odds-api,2026-08-20T14:45:06.151561+00:00
2026-08-20,bc3ff76ba21ecf6ee8a5ac2067a5aa81,Indiana Fever @ Dallas Wings,2026-08-21T00:00:00Z,Dallas Wings,Indiana Fever,Makayla Timpson,,PA,OVER,9.5,121,DraftKings,draftkings,player_points_assists_alternate,the-odds-api,2026-08-20T14:45:06.151561+00:00
2026-08-20,bc3ff76ba21ecf6ee8a5ac2067a5aa81,Indiana Fever @ Dallas Wings,2026-08-21T00:00:00Z,Dallas Wings,Indiana Fever,Makayla Timpson,,PA,OVER,14.5,541,DraftKings,draftkings,player_points_assists_alternate,the-odds-api,2026-08-20T14:45:06.151561+00:00
2026-08-20,bc3ff76ba21ecf6ee8a5ac2067a5aa81,Indiana Fever @ Dallas Wings,2026-08-21T00:00:00Z,Dallas Wings,Indiana Fever,Awak Kuier,,PA,OVER,4.5,-610,DraftKings,draftkings,player_points_assists_alternate,the-odds-api,2026-08-20T14:45:06.151561+00:00
2026-08-20,bc3ff76ba21ecf6ee8a5ac2067a5aa81,Indiana Fever @ Dallas Wings,2026-08-21T00:00:00Z,Dallas Wings,Indiana Fever,Awak Kuier,,PA,OVER,8.5,-101,DraftKings,draftkings,player_points_assists_alternate,the-odds-api,2026-08-20T14:45:06.151561+00:00
2026-08-20,bc3ff76ba21ecf6ee8a5ac2067a5aa81,Indiana Fever @ Dallas Wings,2026-08-21T00:00:00Z,Dallas Wings,Indiana Fever,Awak Kuier,,PA,OVER,9.5,140,DraftKings,draftkings,player_points_assists_alternate,the-odds-api,2026-08-20T14:45:06.151561+00:00
2026-08-20,bc3ff76ba21ecf6ee8a5ac2067a5aa81,Indiana Fever @ Dallas Wings,2026-08-21T00:00:00Z,Dallas Wings,Indiana Fever,Awak Kuier,,PA,OVER,14.5,700,DraftKings,draftkings,player_points_assists_alternate,the-odds-api,2026-08-20T14:45:06.151561+00:00
2026-08-20,bc3ff76ba21ecf6ee8a5ac2067a5aa81,Indiana Fever @ Dallas Wings,2026-08-21T00:00:00Z,Dallas Wings,Indiana Fever,Caitlin Clark,,PR,OVER,14.5,-3100,DraftKings,draftkings,player_points_rebounds_alternate,the-odds-api,2026-08-20T14:45:06.151561+00:00
2026-08-20,bc3ff76ba21ecf6ee8a5ac2067a5aa81,Indiana Fever @ Dallas Wings,2026-08-21T00:00:00Z,Dallas Wings,Indiana Fever,Caitlin Clark,,PR,OVER,19.5,-620,DraftKings,draftkings,player_points_rebounds_alternate,the-odds-api,2026-08-20T14:45:06.151561+00:00
2026-08-20,bc3ff76ba21ecf6ee8a5ac2067a5aa81,Indiana Fever @ Dallas Wings,2026-08-21T00:00:00Z,Dallas Wings,Indiana Fever,Caitlin Clark,,PR,OVER,24.5,-210,DraftKings,draftkings,player_points_rebounds_alternate,the-odds-api,2026-08-20T14:45:06.151561+00:00
2026-08-20,bc3ff76ba21ecf6ee8a5ac2067a5aa81,Indiana Fever @ Dallas Wings,2026-08-21T00:00:00Z,Dallas Wings,Indiana Fever,Caitlin Clark,,PR,OVER,27.5,-121,DraftKings,draftkings,player_points_rebounds_alternate,the-odds-api,2026-08-20T14:45:06.151561+00:00
2026-08-20,bc3ff76ba21ecf6ee8a5ac2067a5aa81,Indiana Fever @ Dallas Wings,2026-08-21T00:00:00Z,Dallas Wings,Indiana Fever,Caitlin Clark,,PR,OVER,29.5,117,DraftKings,draftkings,player_points_rebounds_alternate,the-odds-api,2026-08-20T14:45:06.151561+00:00
2026-08-20,bc3ff76ba21ecf6ee8a5ac2067a5aa81,Indiana Fever @ Dallas Wings,2026-08-21T00:00:00Z,Dallas Wings,Indiana Fever,Caitlin Clark,,PR,OVER,34.5,276,DraftKings,draftkings,player_points_rebounds_alternate,the-odds-api,2026-08-20T14:45:06.151561+00:00
2026-08-20,bc3ff76ba21ecf6ee8a5ac2067a5aa81,Indiana Fever @ Dallas Wings,2026-08-21T00:00:00Z,Dallas Wings,Indiana Fever,Caitlin Clark,,PR,OVER,39.5,620,DraftKings,draftkings,player_points_rebounds_alternate,the-odds-api,2026-08-20T14:45:06.151561+00:00
2026-08-20,bc3ff76ba21ecf6ee8a5ac2067a5aa81,Indiana Fever @ Dallas Wings,2026-08-21T00:00:00Z,Dallas Wings,Indiana Fever,Caitlin Clark,,PR,OVER,44.5,1320,DraftKings,draftkings,player_points_rebounds_alternate,the-odds-api,2026-08-20T14:45:06.151561+00:00
2026-08-20,bc3ff76ba21ecf6ee8a5ac2067a5aa81,Indiana Fever @ Dallas Wings,2026-08-21T00:00:00Z,Dallas Wings,Indiana Fever,Kelsey Mitchell,,PR,OVER,19.5,-569,DraftKings,draftkings,player_points_rebounds_alternate,the-odds-api,2026-08-20T14:45:06.151561+00:00
2026-08-20,bc3ff76ba21ecf6ee8a5ac2067a5aa81,Indiana Fever @ Dallas Wings,2026-08-21T00:00:00Z,Dallas Wings,Indiana Fever,Kelsey Mitchell,,PR,OVER,24.5,-174,DraftKings,draftkings,player_points_rebounds_alternate,the-odds-api,2026-08-20T14:45:06.151561+00:00
2026-08-20,bc3ff76ba21ecf6ee8a5ac2067a5aa81,Indiana Fever @ Dallas Wings,2026-08-21T00:00:00Z,Dallas Wings,Indiana Fever,Kelsey Mitchell,,PR,OVER,26.5,-116,DraftKings,draftkings,player_points_rebounds_alternate,the-odds-api,2026-08-20T14:45:06.151561+00:00
2026-08-20,bc3ff76ba21ecf6ee8a5ac2067a5aa81,Indiana Fever @ Dallas Wings,2026-08-21T00:00:00Z,Dallas Wings,Indiana Fever,Kelsey Mitchell,,PR,OVER,29.5,156,DraftKings,draftkings,player_points_rebounds_alternate,the-odds-api,2026-08-20T14:45:06.151561+00:00
2026-08-20,bc3ff76ba21ecf6ee8a5ac2067a5aa81,Indiana Fever @ Dallas Wings,2026-08-21T00:00:00Z,Dallas Wings,Indiana Fever,Kelsey Mitchell,,PR,OVER,34.5,403,DraftKings,draftkings,player_points_rebounds_alternate,the-odds-api,2026-08-20T14:45:06.151561+00:00
2026-08-20,bc3ff76ba21ecf6ee8a5ac2067a5aa81,Indiana Fever @ Dallas Wings,2026-08-21T00:00:00Z,Dallas Wings,Indiana Fever,Kelsey Mitchell,,PR,OVER,39.5,1020,DraftKings,draftkings,player_points_rebounds_alternate,the-odds-api,2026-08-20T14:45:06.151561+00:00
2026-08-20,bc3ff76ba21ecf6ee8a5ac2067a5aa81,Indiana Fever @ Dallas Wings,2026-08-21T00:00:00Z,Dallas Wings,Indiana Fever,Aliyah Boston,,PR,OVER,19.5,-520,DraftKings,draftkings,player_points_rebounds_alternate,the-odds-api,2026-08-20T14:45:06.151561+00:00
2026-08-20,bc3ff76ba21ecf6ee8a5ac2067a5aa81,Indiana Fever @ Dallas Wings,2026-08-21T00:00:00Z,Dallas Wings,Indiana Fever,Aliyah Boston,,PR,OVER,24.5,-150,DraftKings,draftkings,player_points_rebounds_alternate,the-odds-api,2026-08-20T14:45:06.151561+00:00
2026-08-20,bc3ff76ba21ecf6ee8a5ac2067a5aa81,Indiana Fever @ Dallas Wings,2026-08-21T00:00:00Z,Dallas Wings,Indiana Fever,Aliyah Boston,,PR,OVER,25.5,-120,DraftKings,draftkings,player_points_rebounds_alternate,the-odds-api,2026-08-20T14:45:06.151561+00:00
2026-08-20,bc3ff76ba21ecf6ee8a5ac2067a5aa81,Indiana Fever @ Dallas Wings,2026-08-21T00:00:00Z,Dallas Wings,Indiana Fever,Aliyah Boston,,PR,OVER,29.5,193,DraftKings,draftkings,player_points_rebounds_alternate,the-odds-api,2026-08-20T14:45:06.151561+00:00
2026-08-20,bc3ff76ba21ecf6ee8a5ac2067a5aa81,Indiana Fever @ Dallas Wings,2026-08-21T00:00:00Z,Dallas Wings,Indiana Fever,Aliyah Boston,,PR,OVER,34.5,520,DraftKings,draftkings,player_points_rebounds_alternate,the-odds-api,2026-08-20T14:45:06.151561+00:00
2026-08-20,bc3ff76ba21ecf6ee8a5ac2067a5aa81,Indiana Fever @ Dallas Wings,2026-08-21T00:00:00Z,Dallas Wings,Indiana Fever,Aliyah Boston,,PR,OVER,39.5,1240,DraftKings,draftkings,player_points_rebounds_alternate,the-odds-api,2026-08-20T14:45:06.151561+00:00
2026-08-20,bc3ff76ba21ecf6ee8a5ac2067a5aa81,Indiana Fever @ Dallas Wings,2026-08-21T00:00:00Z,Dallas Wings,Indiana Fever,Jessica Shepard,,PR,OVER,14.5,-1520,DraftKings,draftkings,player_points_rebounds_alternate,the-odds-api,2026-08-20T14:45:06.151561+00:00
2026-08-20,bc3ff76ba21ecf6ee8a5ac2067a5aa81,Indiana Fever @ Dallas Wings,2026-08-21T00:00:00Z,Dallas Wings,Indiana Fever,Jessica Shepard,,PR,OVER,19.5,-332,DraftKings,draftkings,player_points_rebounds_alternate,the-odds-api,2026-08-20T14:45:06.151561+00:00
2026-08-20,bc3ff76ba21ecf6ee8a5ac2067a5aa81,Indiana Fever @ Dallas Wings,2026-08-21T00:00:00Z,Dallas Wings,Indiana Fever,Jessica Shepard,,PR,OVER,24.5,-108,DraftKings,draftkings,player_points_rebounds_alternate,the-odds-api,2026-08-20T14:45:06.151561+00:00
2026-08-20,bc3ff76ba21ecf6ee8a5ac2067a5aa81,Indiana Fever @ Dallas Wings,2026-08-21T00:00:00Z,Dallas Wings,Indiana Fever,Jessica Shepard,,PR,OVER,29.5,249,DraftKings,draftkings,player_points_rebounds_alternate,the-odds-api,2026-08-20T14:45:06.151561+00:00
2026-08-20,bc3ff76ba21ecf6ee8a5ac2067a5aa81,Indiana Fever @ Dallas Wings,2026-08-21T00:00:00Z,Dallas Wings,Indiana Fever,Jessica Shepard,,PR,OVER,34.5,630,DraftKings,draftkings,player_points_rebounds_alternate,the-odds-api,2026-08-20T14:45:06.151561+00:00
2026-08-20,bc3ff76ba21ecf6ee8a5ac2067a5aa81,Indiana Fever @ Dallas Wings,2026-08-21T00:00:00Z,Dallas Wings,Indiana Fever,Jessica Shepard,,PR,OVER,39.5,1500,DraftKings,draftkings,player_points_rebounds_alternate,the-odds-api,2026-08-20T14:45:06.151561+00:00
2026-08-20,bc3ff76ba21ecf6ee8a5ac2067a5aa81,Indiana Fever @ Dallas Wings,2026-08-21T00:00:00Z,Dallas Wings,Indiana Fever,Paige Bueckers,,PR,OVER,14.5,-1880,DraftKings,draftkings,player_points_rebounds_alternate,the-odds-api,2026-08-20T14:45:06.151561+00:00
2026-08-20,bc3ff76ba21ecf6ee8a5ac2067a5aa81,Indiana Fever @ Dallas Wings,2026-08-21T00:00:00Z,Dallas Wings,Indiana Fever,Paige Bueckers,,PR,OVER,19.5,-381,DraftKings,draftkings,player_points_rebounds_alternate,the-odds-api,2026-08-20T14:45:06.151561+00:00
2026-08-20,bc3ff76ba21ecf6ee8a5ac2067a5aa81,Indiana Fever @ Dallas Wings,2026-08-21T00:00:00Z,Dallas Wings,Indiana Fever,Paige Bueckers,,PR,OVER,24.5,-123,DraftKings,draftkings,player_points_rebounds_alternate,the-odds-api,2026-08-20T14:45:06.151561+00:00
2026-08-20,bc3ff76ba21ecf6ee8a5ac2067a5aa81,Indiana Fever @ Dallas Wings,2026-08-21T00:00:00Z,Dallas Wings,Indiana Fever,Paige Bueckers,,PR,OVER,29.5,222,DraftKings,draftkings,player_points_rebounds_alternate,the-odds-api,2026-08-20T14:45:06.151561+00:00
2026-08-20,bc3ff76ba21ecf6ee8a5ac2067a5aa81,Indiana Fever @ Dallas Wings,2026-08-21T00:00:00Z,Dallas Wings,Indiana Fever,Paige Bueckers,,PR,OVER,34.5,595,DraftKings,draftkings,player_points_rebounds_alternate,the-odds-api,2026-08-20T14:45:06.151561+00:00
2026-08-20,bc3ff76ba21ecf6ee8a5ac2067a5aa81,Indiana Fever @ Dallas Wings,2026-08-21T00:00:00Z,Dallas Wings,Indiana Fever,Paige Bueckers,,PR,OVER,39.5,1540,DraftKings,draftkings,player_points_rebounds_alternate,the-odds-api,2026-08-20T14:45:06.151561+00:00
2026-08-20,bc3ff76ba21ecf6ee8a5ac2067a5aa81,Indiana Fever @ Dallas Wings,2026-08-21T00:00:00Z,Dallas Wings,Indiana Fever,Arike Ogunbowale,,PR,OVER,14.5,-503,DraftKings,draftkings,player_points_rebounds_alternate,the-odds-api,2026-08-20T14:45:06.151561+00:00
2026-08-20,bc3ff76ba21ecf6ee8a5ac2067a5aa81,Indiana Fever @ Dallas Wings,2026-08-21T00:00:00Z,Dallas Wings,Indiana Fever,Arike Ogunbowale,,PR,OVER,19.5,-139,DraftKings,draftkings,player_points_rebounds_alternate,the-odds-api,2026-08-20T14:45:06.151561+00:00
2026-08-20,bc3ff76ba21ecf6ee8a5ac2067a5aa81,Indiana Fever @ Dallas Wings,2026-08-21T00:00:00Z,Dallas Wings,Indiana Fever,Arike Ogunbowale,,PR,OVER,20.5,-111,DraftKings,draftkings,player_points_rebounds_alternate,the-odds-api,2026-08-20T14:45:06.151561+00:00
2026-08-20,bc3ff76ba21ecf6ee8a5ac2067a5aa81,Indiana Fever @ Dallas Wings,2026-08-21T00:00:00Z,Dallas Wings,Indiana Fever,Arike Ogunbowale,,PR,OVER,24.5,215,DraftKings,draftkings,player_points_rebounds_alternate,the-odds-api,2026-08-20T14:45:06.151561+00:00
2026-08-20,bc3ff76ba21ecf6ee8a5ac2067a5aa81,Indiana Fever @ Dallas Wings,2026-08-21T00:00:00Z,Dallas Wings,Indiana Fever,Arike Ogunbowale,,PR,OVER,29.5,600,DraftKings,draftkings,player_points_rebounds_alternate,the-odds-api,2026-08-20T14:45:06.151561+00:00
2026-08-20,bc3ff76ba21ecf6ee8a5ac2067a5aa81,Indiana Fever @ Dallas Wings,2026-08-21T00:00:00Z,Dallas Wings,Indiana Fever,Arike Ogunbowale,,PR,OVER,34.5,1640,DraftKings,draftkings,player_points_rebounds_alternate,the-odds-api,2026-08-20T14:45:06.151561+00:00
2026-08-20,bc3ff76ba21ecf6ee8a5ac2067a5aa81,Indiana Fever @ Dallas Wings,2026-08-21T00:00:00Z,Dallas Wings,Indiana Fever,Alanna Smith,,PR,OVER,9.5,-1120,DraftKings,draftkings,player_points_rebounds_alternate,the-odds-api,2026-08-20T14:45:06.151561+00:00
2026-08-20,bc3ff76ba21ecf6ee8a5ac2067a5aa81,Indiana Fever @ Dallas Wings,2026-08-21T00:00:00Z,Dallas Wings,Indiana Fever,Alanna Smith,,PR,OVER,14.5,-205,DraftKings,draftkings,player_points_rebounds_alternate,the-odds-api,2026-08-20T14:45:06.151561+00:00
2026-08-20,bc3ff76ba21ecf6ee8a5ac2067a5aa81,Indiana Fever @ Dallas Wings,2026-08-21T00:00:00Z,Dallas Wings,Indiana Fever,Alanna Smith,,PR,OVER,16.5,-121,DraftKings,draftkings,player_points_rebounds_alternate,the-odds-api,2026-08-20T14:45:06.151561+00:00
2026-08-20,bc3ff76ba21ecf6ee8a5ac2067a5aa81,Indiana Fever @ Dallas Wings,2026-08-21T00:00:00Z,Dallas Wings,Indiana Fever,Alanna Smith,,PR,OVER,19.5,166,DraftKings,draftkings,player_points_rebounds_alternate,the-odds-api,2026-08-20T14:45:06.151561+00:00
2026-08-20,bc3ff76ba21ecf6ee8a5ac2067a5aa81,Indiana Fever @ Dallas Wings,2026-08-21T00:00:00Z,Dallas Wings,Indiana Fever,Alanna Smith,,PR,OVER,24.5,507,DraftKings,draftkings,player_points_rebounds_alternate,the-odds-api,2026-08-20T14:45:06.151561+00:00
2026-08-20,bc3ff76ba21ecf6ee8a5ac2067a5aa81,Indiana Fever @ Dallas Wings,2026-08-21T00:00:00Z,Dallas Wings,Indiana Fever,Alanna Smith,,PR,OVER,29.5,1400,DraftKings,draftkings,player_points_rebounds_alternate,the-odds-api,2026-08-20T14:45:06.151561+00:00
2026-08-20,bc3ff76ba21ecf6ee8a5ac2067a5aa81,Indiana Fever @ Dallas Wings,2026-08-21T00:00:00Z,Dallas Wings,Indiana Fever,Makayla Timpson,,PR,OVER,9.5,-546,DraftKings,draftkings,player_points_rebounds_alternate,the-odds-api,2026-08-20T14:45:06.151561+00:00
2026-08-20,bc3ff76ba21ecf6ee8a5ac2067a5aa81,Indiana Fever @ Dallas Wings,2026-08-21T00:00:00Z,Dallas Wings,Indiana Fever,Makayla Timpson,,PR,OVER,14.5,-102,DraftKings,draftkings,player_points_rebounds_alternate,the-odds-api,2026-08-20T14:45:06.151561+00:00
2026-08-20,bc3ff76ba21ecf6ee8a5ac2067a5aa81,Indiana Fever @ Dallas Wings,2026-08-21T00:00:00Z,Dallas Wings,Indiana Fever,Makayla Timpson,,PR,OVER,19.5,384,DraftKings,draftkings,player_points_rebounds_alternate,the-odds-api,2026-08-20T14:45:06.151561+00:00
2026-08-20,bc3ff76ba21ecf6ee8a5ac2067a5aa81,Indiana Fever @ Dallas Wings,2026-08-21T00:00:00Z,Dallas Wings,Indiana Fever,Makayla Timpson,,PR,OVER,24.5,1280,DraftKings,draftkings,player_points_rebounds_alternate,the-odds-api,2026-08-20T14:45:06.151561+00:00
2026-08-20,bc3ff76ba21ecf6ee8a5ac2067a5aa81,Indiana Fever @ Dallas Wings,2026-08-21T00:00:00Z,Dallas Wings,Indiana Fever,Awak Kuier,,PR,OVER,9.5,-240,DraftKings,draftkings,player_points_rebounds_alternate,the-odds-api,2026-08-20T14:45:06.151561+00:00
2026-08-20,bc3ff76ba21ecf6ee8a5ac2067a5aa81,Indiana Fever @ Dallas Wings,2026-08-21T00:00:00Z,Dallas Wings,Indiana Fever,Awak Kuier,,PR,OVER,11.5,-117,DraftKings,draftkings,player_points_rebounds_alternate,the-odds-api,2026-08-20T14:45:06.151561+00:00
2026-08-20,bc3ff76ba21ecf6ee8a5ac2067a5aa81,Indiana Fever @ Dallas Wings,2026-08-21T00:00:00Z,Dallas Wings,Indiana Fever,Awak Kuier,,PR,OVER,14.5,215,DraftKings,draftkings,player_points_rebounds_alternate,the-odds-api,2026-08-20T14:45:06.151561+00:00
2026-08-20,bc3ff76ba21ecf6ee8a5ac2067a5aa81,Indiana Fever @ Dallas Wings,2026-08-21T00:00:00Z,Dallas Wings,Indiana Fever,Awak Kuier,,PR,OVER,19.5,920,DraftKings,draftkings,player_points_rebounds_alternate,the-odds-api,2026-08-20T14:45:06.151561+00:00
2026-08-20,bc3ff76ba21ecf6ee8a5ac2067a5aa81,Indiana Fever @ Dallas Wings,2026-08-21T00:00:00Z,Dallas Wings,Indiana Fever,Odyssey Sims,,PR,OVER,4.5,-1120,DraftKings,draftkings,player_points_rebounds_alternate,the-odds-api,2026-08-20T14:45:06.151561+00:00
2026-08-20,bc3ff76ba21ecf6ee8a5ac2067a5aa81,Indiana Fever @ Dallas Wings,2026-08-21T00:00:00Z,Dallas Wings,Indiana Fever,Odyssey Sims,,PR,OVER,9.5,-134,DraftKings,draftkings,player_points_rebounds_alternate,the-odds-api,2026-08-20T14:45:06.151561+00:00
2026-08-20,bc3ff76ba21ecf6ee8a5ac2067a5aa81,Indiana Fever @ Dallas Wings,2026-08-21T00:00:00Z,Dallas Wings,Indiana Fever,Odyssey Sims,,PR,OVER,14.5,301,DraftKings,draftkings,player_points_rebounds_alternate,the-odds-api,2026-08-20T14:45:06.151561+00:00
2026-08-20,bc3ff76ba21ecf6ee8a5ac2067a5aa81,Indiana Fever @ Dallas Wings,2026-08-21T00:00:00Z,Dallas Wings,Indiana Fever,Odyssey Sims,,PR,OVER,19.5,1040,DraftKings,draftkings,player_points_rebounds_alternate,the-odds-api,2026-08-20T14:45:06.151561+00:00
2026-08-20,bc3ff76ba21ecf6ee8a5ac2067a5aa81,Indiana Fever @ Dallas Wings,2026-08-21T00:00:00Z,Dallas Wings,Indiana Fever,Sophie Cunningham,,PR,OVER,4.5,-1160,DraftKings,draftkings,player_points_rebounds_alternate,the-odds-api,2026-08-20T14:45:06.151561+00:00
2026-08-20,bc3ff76ba21ecf6ee8a5ac2067a5aa81,Indiana Fever @ Dallas Wings,2026-08-21T00:00:00Z,Dallas Wings,Indiana Fever,Sophie Cunningham,,PR,OVER,9.5,-126,DraftKings,draftkings,player_points_rebounds_alternate,the-odds-api,2026-08-20T14:45:06.151561+00:00
2026-08-20,bc3ff76ba21ecf6ee8a5ac2067a5aa81,Indiana Fever @ Dallas Wings,2026-08-21T00:00:00Z,Dallas Wings,Indiana Fever,Sophie Cunningham,,PR,OVER,14.5,354,DraftKings,draftkings,player_points_rebounds_alternate,the-odds-api,2026-08-20T14:45:06.151561+00:00
2026-08-20,bc3ff76ba21ecf6ee8a5ac2067a5aa81,Indiana Fever @ Dallas Wings,2026-08-21T00:00:00Z,Dallas Wings,Indiana Fever,Sophie Cunningham,,PR,OVER,19.5,1240,DraftKings,draftkings,player_points_rebounds_alternate,the-odds-api,2026-08-20T14:45:06.151561+00:00
2026-08-20,bc3ff76ba21ecf6ee8a5ac2067a5aa81,Indiana Fever @ Dallas Wings,2026-08-21T00:00:00Z,Dallas Wings,Indiana Fever,Lexie Hull,,PR,OVER,4.5,-246,DraftKings,draftkings,player_points_rebounds_alternate,the-odds-api,2026-08-20T14:45:06.151561+00:00
2026-08-20,bc3ff76ba21ecf6ee8a5ac2067a5aa81,Indiana Fever @ Dallas Wings,2026-08-21T00:00:00Z,Dallas Wings,Indiana Fever,Lexie Hull,,PR,OVER,6.5,103,DraftKings,draftkings,player_points_rebounds_alternate,the-odds-api,2026-08-20T14:45:06.151561+00:00
2026-08-20,bc3ff76ba21ecf6ee8a5ac2067a5aa81,Indiana Fever @ Dallas Wings,2026-08-21T00:00:00Z,Dallas Wings,Indiana Fever,Lexie Hull,,PR,OVER,9.5,321,DraftKings,draftkings,player_points_rebounds_alternate,the-odds-api,2026-08-20T14:45:06.151561+00:00
2026-08-20,bc3ff76ba21ecf6ee8a5ac2067a5aa81,Indiana Fever @ Dallas Wings,2026-08-21T00:00:00Z,Dallas Wings,Indiana Fever,Lexie Hull,,PR,OVER,14.5,1680,DraftKings,draftkings,player_points_rebounds_alternate,the-odds-api,2026-08-20T14:45:06.151561+00:00
2026-08-20,bc3ff76ba21ecf6ee8a5ac2067a5aa81,Indiana Fever @ Dallas Wings,2026-08-21T00:00:00Z,Dallas Wings,Indiana Fever,Caitlin Clark,,PRA,OVER,24.5,-1400,DraftKings,draftkings,player_points_rebounds_assists_alternate,the-odds-api,2026-08-20T14:45:06.151561+00:00
2026-08-20,bc3ff76ba21ecf6ee8a5ac2067a5aa81,Indiana Fever @ Dallas Wings,2026-08-21T00:00:00Z,Dallas Wings,Indiana Fever,Caitlin Clark,,PRA,OVER,29.5,-450,DraftKings,draftkings,player_points_rebounds_assists_alternate,the-odds-api,2026-08-20T14:45:06.151561+00:00
2026-08-20,bc3ff76ba21ecf6ee8a5ac2067a5aa81,Indiana Fever @ Dallas Wings,2026-08-21T00:00:00Z,Dallas Wings,Indiana Fever,Caitlin Clark,,PRA,OVER,34.5,-178,DraftKings,draftkings,player_points_rebounds_assists_alternate,the-odds-api,2026-08-20T14:45:06.151561+00:00
2026-08-20,bc3ff76ba21ecf6ee8a5ac2067a5aa81,Indiana Fever @ Dallas Wings,2026-08-21T00:00:00Z,Dallas Wings,Indiana Fever,Caitlin Clark,,PRA,OVER,36.5,-127,DraftKings,draftkings,player_points_rebounds_assists_alternate,the-odds-api,2026-08-20T14:45:06.151561+00:00
2026-08-20,bc3ff76ba21ecf6ee8a5ac2067a5aa81,Indiana Fever @ Dallas Wings,2026-08-21T00:00:00Z,Dallas Wings,Indiana Fever,Caitlin Clark,,PRA,OVER,39.5,130,DraftKings,draftkings,player_points_rebounds_assists_alternate,the-odds-api,2026-08-20T14:45:06.151561+00:00
2026-08-20,bc3ff76ba21ecf6ee8a5ac2067a5aa81,Indiana Fever @ Dallas Wings,2026-08-21T00:00:00Z,Dallas Wings,Indiana Fever,Caitlin Clark,,PRA,OVER,44.5,298,DraftKings,draftkings,player_points_rebounds_assists_alternate,the-odds-api,2026-08-20T14:45:06.151561+00:00
2026-08-20,bc3ff76ba21ecf6ee8a5ac2067a5aa81,Indiana Fever @ Dallas Wings,2026-08-21T00:00:00Z,Dallas Wings,Indiana Fever,Caitlin Clark,,PRA,OVER,49.5,660,DraftKings,draftkings,player_points_rebounds_assists_alternate,the-odds-api,2026-08-20T14:45:06.151561+00:00
2026-08-20,bc3ff76ba21ecf6ee8a5ac2067a5aa81,Indiana Fever @ Dallas Wings,2026-08-21T00:00:00Z,Dallas Wings,Indiana Fever,Caitlin Clark,,PRA,OVER,54.5,1420,DraftKings,draftkings,player_points_rebounds_assists_alternate,the-odds-api,2026-08-20T14:45:06.151561+00:00
2026-08-20,bc3ff76ba21ecf6ee8a5ac2067a5aa81,Indiana Fever @ Dallas Wings,2026-08-21T00:00:00Z,Dallas Wings,Indiana Fever,Paige Bueckers,,PRA,OVER,19.5,-1980,DraftKings,draftkings,player_points_rebounds_assists_alternate,the-odds-api,2026-08-20T14:45:06.151561+00:00
2026-08-20,bc3ff76ba21ecf6ee8a5ac2067a5aa81,Indiana Fever @ Dallas Wings,2026-08-21T00:00:00Z,Dallas Wings,Indiana Fever,Paige Bueckers,,PRA,OVER,24.5,-468,DraftKings,draftkings,player_points_rebounds_assists_alternate,the-odds-api,2026-08-20T14:45:06.151561+00:00
2026-08-20,bc3ff76ba21ecf6ee8a5ac2067a5aa81,Indiana Fever @ Dallas Wings,2026-08-21T00:00:00Z,Dallas Wings,Indiana Fever,Paige Bueckers,,PRA,OVER,29.5,-160,DraftKings,draftkings,player_points_rebounds_assists_alternate,the-odds-api,2026-08-20T14:45:06.151561+00:00
2026-08-20,bc3ff76ba21ecf6ee8a5ac2067a5aa81,Indiana Fever @ Dallas Wings,2026-08-21T00:00:00Z,Dallas Wings,Indiana Fever,Paige Bueckers,,PRA,OVER,31.5,-108,DraftKings,draftkings,player_points_rebounds_assists_alternate,the-odds-api,2026-08-20T14:45:06.151561+00:00
2026-08-20,bc3ff76ba21ecf6ee8a5ac2067a5aa81,Indiana Fever @ Dallas Wings,2026-08-21T00:00:00Z,Dallas Wings,Indiana Fever,Paige Bueckers,,PRA,OVER,34.5,161,DraftKings,draftkings,player_points_rebounds_assists_alternate,the-odds-api,2026-08-20T14:45:06.151561+00:00
2026-08-20,bc3ff76ba21ecf6ee8a5ac2067a5aa81,Indiana Fever @ Dallas Wings,2026-08-21T00:00:00Z,Dallas Wings,Indiana Fever,Paige Bueckers,,PRA,OVER,39.5,395,DraftKings,draftkings,player_points_rebounds_assists_alternate,the-odds-api,2026-08-20T14:45:06.151561+00:00
2026-08-20,bc3ff76ba21ecf6ee8a5ac2067a5aa81,Indiana Fever @ Dallas Wings,2026-08-21T00:00:00Z,Dallas Wings,Indiana Fever,Paige Bueckers,,PRA,OVER,44.5,1020,DraftKings,draftkings,player_points_rebounds_assists_alternate,the-odds-api,2026-08-20T14:45:06.151561+00:00
2026-08-20,bc3ff76ba21ecf6ee8a5ac2067a5aa81,Indiana Fever @ Dallas Wings,2026-08-21T00:00:00Z,Dallas Wings,Indiana Fever,Jessica Shepard,,PRA,OVER,19.5,-1120,DraftKings,draftkings,player_points_rebounds_assists_alternate,the-odds-api,2026-08-20T14:45:06.151561+00:00
2026-08-20,bc3ff76ba21ecf6ee8a5ac2067a5aa81,Indiana Fever @ Dallas Wings,2026-08-21T00:00:00Z,Dallas Wings,Indiana Fever,Jessica Shepard,,PRA,OVER,24.5,-311,DraftKings,draftkings,player_points_rebounds_assists_alternate,the-odds-api,2026-08-20T14:45:06.151561+00:00
2026-08-20,bc3ff76ba21ecf6ee8a5ac2067a5aa81,Indiana Fever @ Dallas Wings,2026-08-21T00:00:00Z,Dallas Wings,Indiana Fever,Jessica Shepard,,PRA,OVER,29.5,-114,DraftKings,draftkings,player_points_rebounds_assists_alternate,the-odds-api,2026-08-20T14:45:06.151561+00:00
2026-08-20,bc3ff76ba21ecf6ee8a5ac2067a5aa81,Indiana Fever @ Dallas Wings,2026-08-21T00:00:00Z,Dallas Wings,Indiana Fever,Jessica Shepard,,PRA,OVER,34.5,220,DraftKings,draftkings,player_points_rebounds_assists_alternate,the-odds-api,2026-08-20T14:45:06.151561+00:00
2026-08-20,bc3ff76ba21ecf6ee8a5ac2067a5aa81,Indiana Fever @ Dallas Wings,2026-08-21T00:00:00Z,Dallas Wings,Indiana Fever,Jessica Shepard,,PRA,OVER,39.5,537,DraftKings,draftkings,player_points_rebounds_assists_alternate,the-odds-api,2026-08-20T14:45:06.151561+00:00
2026-08-20,bc3ff76ba21ecf6ee8a5ac2067a5aa81,Indiana Fever @ Dallas Wings,2026-08-21T00:00:00Z,Dallas Wings,Indiana Fever,Jessica Shepard,,PRA,OVER,44.5,1260,DraftKings,draftkings,player_points_rebounds_assists_alternate,the-odds-api,2026-08-20T14:45:06.151561+00:00
2026-08-20,bc3ff76ba21ecf6ee8a5ac2067a5aa81,Indiana Fever @ Dallas Wings,2026-08-21T00:00:00Z,Dallas Wings,Indiana Fever,Kelsey Mitchell,,PRA,OVER,19.5,-1060,DraftKings,draftkings,player_points_rebounds_assists_alternate,the-odds-api,2026-08-20T14:45:06.151561+00:00
2026-08-20,bc3ff76ba21ecf6ee8a5ac2067a5aa81,Indiana Fever @ Dallas Wings,2026-08-21T00:00:00Z,Dallas Wings,Indiana Fever,Kelsey Mitchell,,PRA,OVER,24.5,-282,DraftKings,draftkings,player_points_rebounds_assists_alternate,the-odds-api,2026-08-20T14:45:06.151561+00:00
2026-08-20,bc3ff76ba21ecf6ee8a5ac2067a5aa81,Indiana Fever @ Dallas Wings,2026-08-21T00:00:00Z,Dallas Wings,Indiana Fever,Kelsey Mitchell,,PRA,OVER,28.5,-122,DraftKings,draftkings,player_points_rebounds_assists_alternate,the-odds-api,2026-08-20T14:45:06.151561+00:00
2026-08-20,bc3ff76ba21ecf6ee8a5ac2067a5aa81,Indiana Fever @ Dallas Wings,2026-08-21T00:00:00Z,Dallas Wings,Indiana Fever,Kelsey Mitchell,,PRA,OVER,29.5,100,DraftKings,draftkings,player_points_rebounds_assists_alternate,the-odds-api,2026-08-20T14:45:06.151561+00:00
2026-08-20,bc3ff76ba21ecf6ee8a5ac2067a5aa81,Indiana Fever @ Dallas Wings,2026-08-21T00:00:00Z,Dallas Wings,Indiana Fever,Kelsey Mitchell,,PRA,OVER,34.5,256,DraftKings,draftkings,player_points_rebounds_assists_alternate,the-odds-api,2026-08-20T14:45:06.151561+00:00
2026-08-20,bc3ff76ba21ecf6ee8a5ac2067a5aa81,Indiana Fever @ Dallas Wings,2026-08-21T00:00:00Z,Dallas Wings,Indiana Fever,Kelsey Mitchell,,PRA,OVER,39.5,640,DraftKings,draftkings,player_points_rebounds_assists_alternate,the-odds-api,2026-08-20T14:45:06.151561+00:00
2026-08-20,bc3ff76ba21ecf6ee8a5ac2067a5aa81,Indiana Fever @ Dallas Wings,2026-08-21T00:00:00Z,Dallas Wings,Indiana Fever,Kelsey Mitchell,,PRA,OVER,44.5,1520,DraftKings,draftkings,player_points_rebounds_assists_alternate,the-odds-api,2026-08-20T14:45:06.151561+00:00
2026-08-20,bc3ff76ba21ecf6ee8a5ac2067a5aa81,Indiana Fever @ Dallas Wings,2026-08-21T00:00:00Z,Dallas Wings,Indiana Fever,Aliyah Boston,,PRA,OVER,19.5,-1220,DraftKings,draftkings,player_points_rebounds_assists_alternate,the-odds-api,2026-08-20T14:45:06.151561+00:00
2026-08-20,bc3ff76ba21ecf6ee8a5ac2067a5aa81,Indiana Fever @ Dallas Wings,2026-08-21T00:00:00Z,Dallas Wings,Indiana Fever,Aliyah Boston,,PRA,OVER,24.5,-298,DraftKings,draftkings,player_points_rebounds_assists_alternate,the-odds-api,2026-08-20T14:45:06.151561+00:00
2026-08-20,bc3ff76ba21ecf6ee8a5ac2067a5aa81,Indiana Fever @ Dallas Wings,2026-08-21T00:00:00Z,Dallas Wings,Indiana Fever,Aliyah Boston,,PRA,OVER,28.5,-124,DraftKings,draftkings,player_points_rebounds_assists_alternate,the-odds-api,2026-08-20T14:45:06.151561+00:00
2026-08-20,bc3ff76ba21ecf6ee8a5ac2067a5aa81,Indiana Fever @ Dallas Wings,2026-08-21T00:00:00Z,Dallas Wings,Indiana Fever,Aliyah Boston,,PRA,OVER,29.5,-101,DraftKings,draftkings,player_points_rebounds_assists_alternate,the-odds-api,2026-08-20T14:45:06.151561+00:00
2026-08-20,bc3ff76ba21ecf6ee8a5ac2067a5aa81,Indiana Fever @ Dallas Wings,2026-08-21T00:00:00Z,Dallas Wings,Indiana Fever,Aliyah Boston,,PRA,OVER,34.5,273,DraftKings,draftkings,player_points_rebounds_assists_alternate,the-odds-api,2026-08-20T14:45:06.151561+00:00
2026-08-20,bc3ff76ba21ecf6ee8a5ac2067a5aa81,Indiana Fever @ Dallas Wings,2026-08-21T00:00:00Z,Dallas Wings,Indiana Fever,Aliyah Boston,,PRA,OVER,39.5,710,DraftKings,draftkings,player_points_rebounds_assists_alternate,the-odds-api,2026-08-20T14:45:06.151561+00:00
2026-08-20,bc3ff76ba21ecf6ee8a5ac2067a5aa81,Indiana Fever @ Dallas Wings,2026-08-21T00:00:00Z,Dallas Wings,Indiana Fever,Aliyah Boston,,PRA,OVER,44.5,1560,DraftKings,draftkings,player_points_rebounds_assists_alternate,the-odds-api,2026-08-20T14:45:06.151561+00:00
2026-08-20,bc3ff76ba21ecf6ee8a5ac2067a5aa81,Indiana Fever @ Dallas Wings,2026-08-21T00:00:00Z,Dallas Wings,Indiana Fever,Arike Ogunbowale,,PRA,OVER,14.5,-1380,DraftKings,draftkings,player_points_rebounds_assists_alternate,the-odds-api,2026-08-20T14:45:06.151561+00:00
2026-08-20,bc3ff76ba21ecf6ee8a5ac2067a5aa81,Indiana Fever @ Dallas Wings,2026-08-21T00:00:00Z,Dallas Wings,Indiana Fever,Arike Ogunbowale,,PRA,OVER,19.5,-311,DraftKings,draftkings,player_points_rebounds_assists_alternate,the-odds-api,2026-08-20T14:45:06.151561+00:00
2026-08-20,bc3ff76ba21ecf6ee8a5ac2067a5aa81,Indiana Fever @ Dallas Wings,2026-08-21T00:00:00Z,Dallas Wings,Indiana Fever,Arike Ogunbowale,,PRA,OVER,23.5,-123,DraftKings,draftkings,player_points_rebounds_assists_alternate,the-odds-api,2026-08-20T14:45:06.151561+00:00
2026-08-20,bc3ff76ba21ecf6ee8a5ac2067a5aa81,Indiana Fever @ Dallas Wings,2026-08-21T00:00:00Z,Dallas Wings,Indiana Fever,Arike Ogunbowale,,PRA,OVER,24.5,100,DraftKings,draftkings,player_points_rebounds_assists_alternate,the-odds-api,2026-08-20T14:45:06.151561+00:00
2026-08-20,bc3ff76ba21ecf6ee8a5ac2067a5aa81,Indiana Fever @ Dallas Wings,2026-08-21T00:00:00Z,Dallas Wings,Indiana Fever,Arike Ogunbowale,,PRA,OVER,29.5,285,DraftKings,draftkings,player_points_rebounds_assists_alternate,the-odds-api,2026-08-20T14:45:06.151561+00:00
2026-08-20,bc3ff76ba21ecf6ee8a5ac2067a5aa81,Indiana Fever @ Dallas Wings,2026-08-21T00:00:00Z,Dallas Wings,Indiana Fever,Arike Ogunbowale,,PRA,OVER,34.5,760,DraftKings,draftkings,player_points_rebounds_assists_alternate,the-odds-api,2026-08-20T14:45:06.151561+00:00
2026-08-20,bc3ff76ba21ecf6ee8a5ac2067a5aa81,Indiana Fever @ Dallas Wings,2026-08-21T00:00:00Z,Dallas Wings,Indiana Fever,Alanna Smith,,PRA,OVER,9.5,-2800,DraftKings,draftkings,player_points_rebounds_assists_alternate,the-odds-api,2026-08-20T14:45:06.151561+00:00
2026-08-20,bc3ff76ba21ecf6ee8a5ac2067a5aa81,Indiana Fever @ Dallas Wings,2026-08-21T00:00:00Z,Dallas Wings,Indiana Fever,Alanna Smith,,PRA,OVER,14.5,-347,DraftKings,draftkings,player_points_rebounds_assists_alternate,the-odds-api,2026-08-20T14:45:06.151561+00:00
2026-08-20,bc3ff76ba21ecf6ee8a5ac2067a5aa81,Indiana Fever @ Dallas Wings,2026-08-21T00:00:00Z,Dallas Wings,Indiana Fever,Alanna Smith,,PRA,OVER,18.5,-122,DraftKings,draftkings,player_points_rebounds_assists_alternate,the-odds-api,2026-08-20T14:45:06.151561+00:00
2026-08-20,bc3ff76ba21ecf6ee8a5ac2067a5aa81,Indiana Fever @ Dallas Wings,2026-08-21T00:00:00Z,Dallas Wings,Indiana Fever,Alanna Smith,,PRA,OVER,19.5,103,DraftKings,draftkings,player_points_rebounds_assists_alternate,the-odds-api,2026-08-20T14:45:06.151561+00:00
2026-08-20,bc3ff76ba21ecf6ee8a5ac2067a5aa81,Indiana Fever @ Dallas Wings,2026-08-21T00:00:00Z,Dallas Wings,Indiana Fever,Alanna Smith,,PRA,OVER,24.5,305,DraftKings,draftkings,player_points_rebounds_assists_alternate,the-odds-api,2026-08-20T14:45:06.151561+00:00
2026-08-20,bc3ff76ba21ecf6ee8a5ac2067a5aa81,Indiana Fever @ Dallas Wings,2026-08-21T00:00:00Z,Dallas Wings,Indiana Fever,Alanna Smith,,PRA,OVER,29.5,870,DraftKings,draftkings,player_points_rebounds_assists_alternate,the-odds-api,2026-08-20T14:45:06.151561+00:00
2026-08-20,bc3ff76ba21ecf6ee8a5ac2067a5aa81,Indiana Fever @ Dallas Wings,2026-08-21T00:00:00Z,Dallas Wings,Indiana Fever,Makayla Timpson,,PRA,OVER,9.5,-750,DraftKings,draftkings,player_points_rebounds_assists_alternate,the-odds-api,2026-08-20T14:45:06.151561+00:00
2026-08-20,bc3ff76ba21ecf6ee8a5ac2067a5aa81,Indiana Fever @ Dallas Wings,2026-08-21T00:00:00Z,Dallas Wings,Indiana Fever,Makayla Timpson,,PRA,OVER,14.5,-129,DraftKings,draftkings,player_points_rebounds_assists_alternate,the-odds-api,2026-08-20T14:45:06.151561+00:00
2026-08-20,bc3ff76ba21ecf6ee8a5ac2067a5aa81,Indiana Fever @ Dallas Wings,2026-08-21T00:00:00Z,Dallas Wings,Indiana Fever,Makayla Timpson,,PRA,OVER,19.5,305,DraftKings,draftkings,player_points_rebounds_assists_alternate,the-odds-api,2026-08-20T14:45:06.151561+00:00
2026-08-20,bc3ff76ba21ecf6ee8a5ac2067a5aa81,Indiana Fever @ Dallas Wings,2026-08-21T00:00:00Z,Dallas Wings,Indiana Fever,Makayla Timpson,,PRA,OVER,24.5,1020,DraftKings,draftkings,player_points_rebounds_assists_alternate,the-odds-api,2026-08-20T14:45:06.151561+00:00
2026-08-20,bc3ff76ba21ecf6ee8a5ac2067a5aa81,Indiana Fever @ Dallas Wings,2026-08-21T00:00:00Z,Dallas Wings,Indiana Fever,Odyssey Sims,,PRA,OVER,9.5,-357,DraftKings,draftkings,player_points_rebounds_assists_alternate,the-odds-api,2026-08-20T14:45:06.151561+00:00
2026-08-20,bc3ff76ba21ecf6ee8a5ac2067a5aa81,Indiana Fever @ Dallas Wings,2026-08-21T00:00:00Z,Dallas Wings,Indiana Fever,Odyssey Sims,,PRA,OVER,13.5,-106,DraftKings,draftkings,player_points_rebounds_assists_alternate,the-odds-api,2026-08-20T14:45:06.151561+00:00
2026-08-20,bc3ff76ba21ecf6ee8a5ac2067a5aa81,Indiana Fever @ Dallas Wings,2026-08-21T00:00:00Z,Dallas Wings,Indiana Fever,Odyssey Sims,,PRA,OVER,14.5,123,DraftKings,draftkings,player_points_rebounds_assists_alternate,the-odds-api,2026-08-20T14:45:06.151561+00:00
2026-08-20,bc3ff76ba21ecf6ee8a5ac2067a5aa81,Indiana Fever @ Dallas Wings,2026-08-21T00:00:00Z,Dallas Wings,Indiana Fever,Odyssey Sims,,PRA,OVER,19.5,425,DraftKings,draftkings,player_points_rebounds_assists_alternate,the-odds-api,2026-08-20T14:45:06.151561+00:00
2026-08-20,bc3ff76ba21ecf6ee8a5ac2067a5aa81,Indiana Fever @ Dallas Wings,2026-08-21T00:00:00Z,Dallas Wings,Indiana Fever,Odyssey Sims,,PRA,OVER,24.5,1260,DraftKings,draftkings,player_points_rebounds_assists_alternate,the-odds-api,2026-08-20T14:45:06.151561+00:00
2026-08-20,bc3ff76ba21ecf6ee8a5ac2067a5aa81,Indiana Fever @ Dallas Wings,2026-08-21T00:00:00Z,Dallas Wings,Indiana Fever,Awak Kuier,,PRA,OVER,9.5,-365,DraftKings,draftkings,player_points_rebounds_assists_alternate,the-odds-api,2026-08-20T14:45:06.151561+00:00
2026-08-20,bc3ff76ba21ecf6ee8a5ac2067a5aa81,Indiana Fever @ Dallas Wings,2026-08-21T00:00:00Z,Dallas Wings,Indiana Fever,Awak Kuier,,PRA,OVER,12.5,-125,DraftKings,draftkings,player_points_rebounds_assists_alternate,the-odds-api,2026-08-20T14:45:06.151561+00:00
2026-08-20,bc3ff76ba21ecf6ee8a5ac2067a5aa81,Indiana Fever @ Dallas Wings,2026-08-21T00:00:00Z,Dallas Wings,Indiana Fever,Awak Kuier,,PRA,OVER,14.5,151,DraftKings,draftkings,player_points_rebounds_assists_alternate,the-odds-api,2026-08-20T14:45:06.151561+00:00
2026-08-20,bc3ff76ba21ecf6ee8a5ac2067a5aa81,Indiana Fever @ Dallas Wings,2026-08-21T00:00:00Z,Dallas Wings,Indiana Fever,Awak Kuier,,PRA,OVER,19.5,630,DraftKings,draftkings,player_points_rebounds_assists_alternate,the-odds-api,2026-08-20T14:45:06.151561+00:00
2026-08-20,bc3ff76ba21ecf6ee8a5ac2067a5aa81,Indiana Fever @ Dallas Wings,2026-08-21T00:00:00Z,Dallas Wings,Indiana Fever,Sophie Cunningham,,PRA,OVER,4.5,-2700,DraftKings,draftkings,player_points_rebounds_assists_alternate,the-odds-api,2026-08-20T14:45:06.151561+00:00
2026-08-20,bc3ff76ba21ecf6ee8a5ac2067a5aa81,Indiana Fever @ Dallas Wings,2026-08-21T00:00:00Z,Dallas Wings,Indiana Fever,Sophie Cunningham,,PRA,OVER,9.5,-192,DraftKings,draftkings,player_points_rebounds_assists_alternate,the-odds-api,2026-08-20T14:45:06.151561+00:00
2026-08-20,bc3ff76ba21ecf6ee8a5ac2067a5aa81,Indiana Fever @ Dallas Wings,2026-08-21T00:00:00Z,Dallas Wings,Indiana Fever,Sophie Cunningham,,PRA,OVER,11.5,101,DraftKings,draftkings,player_points_rebounds_assists_alternate,the-odds-api,2026-08-20T14:45:06.151561+00:00
2026-08-20,bc3ff76ba21ecf6ee8a5ac2067a5aa81,Indiana Fever @ Dallas Wings,2026-08-21T00:00:00Z,Dallas Wings,Indiana Fever,Sophie Cunningham,,PRA,OVER,14.5,242,DraftKings,draftkings,player_points_rebounds_assists_alternate,the-odds-api,2026-08-20T14:45:06.151561+00:00
2026-08-20,bc3ff76ba21ecf6ee8a5ac2067a5aa81,Indiana Fever @ Dallas Wings,2026-08-21T00:00:00Z,Dallas Wings,Indiana Fever,Sophie Cunningham,,PRA,OVER,19.5,870,DraftKings,draftkings,player_points_rebounds_assists_alternate,the-odds-api,2026-08-20T14:45:06.151561+00:00
2026-08-20,bc3ff76ba21ecf6ee8a5ac2067a5aa81,Indiana Fever @ Dallas Wings,2026-08-21T00:00:00Z,Dallas Wings,Indiana Fever,Lexie Hull,,PRA,OVER,4.5,-323,DraftKings,draftkings,player_points_rebounds_assists_alternate,the-odds-api,2026-08-20T14:45:06.151561+00:00
2026-08-20,bc3ff76ba21ecf6ee8a5ac2067a5aa81,Indiana Fever @ Dallas Wings,2026-08-21T00:00:00Z,Dallas Wings,Indiana Fever,Lexie Hull,,PRA,OVER,6.5,-123,DraftKings,draftkings,player_points_rebounds_assists_alternate,the-odds-api,2026-08-20T14:45:06.151561+00:00
2026-08-20,bc3ff76ba21ecf6ee8a5ac2067a5aa81,Indiana Fever @ Dallas Wings,2026-08-21T00:00:00Z,Dallas Wings,Indiana Fever,Lexie Hull,,PRA,OVER,9.5,257,DraftKings,draftkings,player_points_rebounds_assists_alternate,the-odds-api,2026-08-20T14:45:06.151561+00:00
2026-08-20,bc3ff76ba21ecf6ee8a5ac2067a5aa81,Indiana Fever @ Dallas Wings,2026-08-21T00:00:00Z,Dallas Wings,Indiana Fever,Lexie Hull,,PRA,OVER,14.5,1380,DraftKings,draftkings,player_points_rebounds_assists_alternate,the-odds-api,2026-08-20T14:45:06.151561+00:00
2026-08-20,bc3ff76ba21ecf6ee8a5ac2067a5aa81,Indiana Fever @ Dallas Wings,2026-08-21T00:00:00Z,Dallas Wings,Indiana Fever,Jessica Shepard,,REB,OVER,5.5,-1760,DraftKings,draftkings,player_rebounds_alternate,the-odds-api,2026-08-20T14:45:06.151561+00:00
2026-08-20,bc3ff76ba21ecf6ee8a5ac2067a5aa81,Indiana Fever @ Dallas Wings,2026-08-21T00:00:00Z,Dallas Wings,Indiana Fever,Jessica Shepard,,REB,OVER,6.5,-840,DraftKings,draftkings,player_rebounds_alternate,the-odds-api,2026-08-20T14:45:06.151561+00:00
2026-08-20,bc3ff76ba21ecf6ee8a5ac2067a5aa81,Indiana Fever @ Dallas Wings,2026-08-21T00:00:00Z,Dallas Wings,Indiana Fever,Jessica Shepard,,REB,OVER,7.5,-460,DraftKings,draftkings,player_rebounds_alternate,the-odds-api,2026-08-20T14:45:06.151561+00:00
2026-08-20,bc3ff76ba21ecf6ee8a5ac2067a5aa81,Indiana Fever @ Dallas Wings,2026-08-21T00:00:00Z,Dallas Wings,Indiana Fever,Jessica Shepard,,REB,OVER,8.5,-275,DraftKings,draftkings,player_rebounds_alternate,the-odds-api,2026-08-20T14:45:06.151561+00:00
2026-08-20,bc3ff76ba21ecf6ee8a5ac2067a5aa81,Indiana Fever @ Dallas Wings,2026-08-21T00:00:00Z,Dallas Wings,Indiana Fever,Jessica Shepard,,REB,OVER,9.5,-175,DraftKings,draftkings,player_rebounds_alternate,the-odds-api,2026-08-20T14:45:06.151561+00:00
2026-08-20,bc3ff76ba21ecf6ee8a5ac2067a5aa81,Indiana Fever @ Dallas Wings,2026-08-21T00:00:00Z,Dallas Wings,Indiana Fever,Jessica Shepard,,REB,OVER,10.5,-112,DraftKings,draftkings,player_rebounds_alternate,the-odds-api,2026-08-20T14:45:06.151561+00:00
2026-08-20,bc3ff76ba21ecf6ee8a5ac2067a5aa81,Indiana Fever @ Dallas Wings,2026-08-21T00:00:00Z,Dallas Wings,Indiana Fever,Jessica Shepard,,REB,OVER,11.5,132,DraftKings,draftkings,player_rebounds_alternate,the-odds-api,2026-08-20T14:45:06.151561+00:00
2026-08-20,bc3ff76ba21ecf6ee8a5ac2067a5aa81,Indiana Fever @ Dallas Wings,2026-08-21T00:00:00Z,Dallas Wings,Indiana Fever,Jessica Shepard,,REB,OVER,12.5,196,DraftKings,draftkings,player_rebounds_alternate,the-odds-api,2026-08-20T14:45:06.151561+00:00
2026-08-20,bc3ff76ba21ecf6ee8a5ac2067a5aa81,Indiana Fever @ Dallas Wings,2026-08-21T00:00:00Z,Dallas Wings,Indiana Fever,Jessica Shepard,,REB,OVER,13.5,285,DraftKings,draftkings,player_rebounds_alternate,the-odds-api,2026-08-20T14:45:06.151561+00:00
2026-08-20,bc3ff76ba21ecf6ee8a5ac2067a5aa81,Indiana Fever @ Dallas Wings,2026-08-21T00:00:00Z,Dallas Wings,Indiana Fever,Jessica Shepard,,REB,OVER,14.5,418,DraftKings,draftkings,player_rebounds_alternate,the-odds-api,2026-08-20T14:45:06.151561+00:00
2026-08-20,bc3ff76ba21ecf6ee8a5ac2067a5aa81,Indiana Fever @ Dallas Wings,2026-08-21T00:00:00Z,Dallas Wings,Indiana Fever,Jessica Shepard,,REB,OVER,15.5,600,DraftKings,draftkings,player_rebounds_alternate,the-odds-api,2026-08-20T14:45:06.151561+00:00
2026-08-20,bc3ff76ba21ecf6ee8a5ac2067a5aa81,Indiana Fever @ Dallas Wings,2026-08-21T00:00:00Z,Dallas Wings,Indiana Fever,Jessica Shepard,,REB,OVER,16.5,880,DraftKings,draftkings,player_rebounds_alternate,the-odds-api,2026-08-20T14:45:06.151561+00:00
2026-08-20,bc3ff76ba21ecf6ee8a5ac2067a5aa81,Indiana Fever @ Dallas Wings,2026-08-21T00:00:00Z,Dallas Wings,Indiana Fever,Jessica Shepard,,REB,OVER,17.5,1260,DraftKings,draftkings,player_rebounds_alternate,the-odds-api,2026-08-20T14:45:06.151561+00:00
2026-08-20,bc3ff76ba21ecf6ee8a5ac2067a5aa81,Indiana Fever @ Dallas Wings,2026-08-21T00:00:00Z,Dallas Wings,Indiana Fever,Aliyah Boston,,REB,OVER,4.5,-2700,DraftKings,draftkings,player_rebounds_alternate,the-odds-api,2026-08-20T14:45:06.151561+00:00
2026-08-20,bc3ff76ba21ecf6ee8a5ac2067a5aa81,Indiana Fever @ Dallas Wings,2026-08-21T00:00:00Z,Dallas Wings,Indiana Fever,Aliyah Boston,,REB,OVER,5.5,-960,DraftKings,draftkings,player_rebounds_alternate,the-odds-api,2026-08-20T14:45:06.151561+00:00
2026-08-20,bc3ff76ba21ecf6ee8a5ac2067a5aa81,Indiana Fever @ Dallas Wings,2026-08-21T00:00:00Z,Dallas Wings,Indiana Fever,Aliyah Boston,,REB,OVER,6.5,-450,DraftKings,draftkings,player_rebounds_alternate,the-odds-api,2026-08-20T14:45:06.151561+00:00
2026-08-20,bc3ff76ba21ecf6ee8a5ac2067a5aa81,Indiana Fever @ Dallas Wings,2026-08-21T00:00:00Z,Dallas Wings,Indiana Fever,Aliyah Boston,,REB,OVER,7.5,-248,DraftKings,draftkings,player_rebounds_alternate,the-odds-api,2026-08-20T14:45:06.151561+00:00
2026-08-20,bc3ff76ba21ecf6ee8a5ac2067a5aa81,Indiana Fever @ Dallas Wings,2026-08-21T00:00:00Z,Dallas Wings,Indiana Fever,Aliyah Boston,,REB,OVER,8.5,-144,DraftKings,draftkings,player_rebounds_alternate,the-odds-api,2026-08-20T14:45:06.151561+00:00
2026-08-20,bc3ff76ba21ecf6ee8a5ac2067a5aa81,Indiana Fever @ Dallas Wings,2026-08-21T00:00:00Z,Dallas Wings,Indiana Fever,Aliyah Boston,,REB,OVER,9.5,116,DraftKings,draftkings,player_rebounds_alternate,the-odds-api,2026-08-20T14:45:06.151561+00:00
2026-08-20,bc3ff76ba21ecf6ee8a5ac2067a5aa81,Indiana Fever @ Dallas Wings,2026-08-21T00:00:00Z,Dallas Wings,Indiana Fever,Aliyah Boston,,REB,OVER,10.5,186,DraftKings,draftkings,player_rebounds_alternate,the-odds-api,2026-08-20T14:45:06.151561+00:00
2026-08-20,bc3ff76ba21ecf6ee8a5ac2067a5aa81,Indiana Fever @ Dallas Wings,2026-08-21T00:00:00Z,Dallas Wings,Indiana Fever,Aliyah Boston,,REB,OVER,11.5,299,DraftKings,draftkings,player_rebounds_alternate,the-odds-api,2026-08-20T14:45:06.151561+00:00
2026-08-20,bc3ff76ba21ecf6ee8a5ac2067a5aa81,Indiana Fever @ Dallas Wings,2026-08-21T00:00:00Z,Dallas Wings,Indiana Fever,Aliyah Boston,,REB,OVER,12.5,469,DraftKings,draftkings,player_rebounds_alternate,the-odds-api,2026-08-20T14:45:06.151561+00:00
2026-08-20,bc3ff76ba21ecf6ee8a5ac2067a5aa81,Indiana Fever @ Dallas Wings,2026-08-21T00:00:00Z,Dallas Wings,Indiana Fever,Aliyah Boston,,REB,OVER,13.5,740,DraftKings,draftkings,player_rebounds_alternate,the-odds-api,2026-08-20T14:45:06.151561+00:00
2026-08-20,bc3ff76ba21ecf6ee8a5ac2067a5aa81,Indiana Fever @ Dallas Wings,2026-08-21T00:00:00Z,Dallas Wings,Indiana Fever,Aliyah Boston,,REB,OVER,14.5,1120,DraftKings,draftkings,player_rebounds_alternate,the-odds-api,2026-08-20T14:45:06.151561+00:00
2026-08-20,bc3ff76ba21ecf6ee8a5ac2067a5aa81,Indiana Fever @ Dallas Wings,2026-08-21T00:00:00Z,Dallas Wings,Indiana Fever,Alanna Smith,,REB,OVER,2.5,-1500,DraftKings,draftkings,player_rebounds_alternate,the-odds-api,2026-08-20T14:45:06.151561+00:00
2026-08-20,bc3ff76ba21ecf6ee8a5ac2067a5aa81,Indiana Fever @ Dallas Wings,2026-08-21T00:00:00Z,Dallas Wings,Indiana Fever,Alanna Smith,,REB,OVER,3.5,-544,DraftKings,draftkings,player_rebounds_alternate,the-odds-api,2026-08-20T14:45:06.151561+00:00
2026-08-20,bc3ff76ba21ecf6ee8a5ac2067a5aa81,Indiana Fever @ Dallas Wings,2026-08-21T00:00:00Z,Dallas Wings,Indiana Fever,Alanna Smith,,REB,OVER,4.5,-260,DraftKings,draftkings,player_rebounds_alternate,the-odds-api,2026-08-20T14:45:06.151561+00:00
2026-08-20,bc3ff76ba21ecf6ee8a5ac2067a5aa81,Indiana Fever @ Dallas Wings,2026-08-21T00:00:00Z,Dallas Wings,Indiana Fever,Alanna Smith,,REB,OVER,5.5,-141,DraftKings,draftkings,player_rebounds_alternate,the-odds-api,2026-08-20T14:45:06.151561+00:00
2026-08-20,bc3ff76ba21ecf6ee8a5ac2067a5aa81,Indiana Fever @ Dallas Wings,2026-08-21T00:00:00Z,Dallas Wings,Indiana Fever,Alanna Smith,,REB,OVER,6.5,122,DraftKings,draftkings,player_rebounds_alternate,the-odds-api,2026-08-20T14:45:06.151561+00:00
2026-08-20,bc3ff76ba21ecf6ee8a5ac2067a5aa81,Indiana Fever @ Dallas Wings,2026-08-21T00:00:00Z,Dallas Wings,Indiana Fever,Alanna Smith,,REB,OVER,7.5,204,DraftKings,draftkings,player_rebounds_alternate,the-odds-api,2026-08-20T14:45:06.151561+00:00
2026-08-20,bc3ff76ba21ecf6ee8a5ac2067a5aa81,Indiana Fever @ Dallas Wings,2026-08-21T00:00:00Z,Dallas Wings,Indiana Fever,Alanna Smith,,REB,OVER,8.5,334,DraftKings,draftkings,player_rebounds_alternate,the-odds-api,2026-08-20T14:45:06.151561+00:00
2026-08-20,bc3ff76ba21ecf6ee8a5ac2067a5aa81,Indiana Fever @ Dallas Wings,2026-08-21T00:00:00Z,Dallas Wings,Indiana Fever,Alanna Smith,,REB,OVER,9.5,537,DraftKings,draftkings,player_rebounds_alternate,the-odds-api,2026-08-20T14:45:06.151561+00:00
2026-08-20,bc3ff76ba21ecf6ee8a5ac2067a5aa81,Indiana Fever @ Dallas Wings,2026-08-21T00:00:00Z,Dallas Wings,Indiana Fever,Alanna Smith,,REB,OVER,10.5,850,DraftKings,draftkings,player_rebounds_alternate,the-odds-api,2026-08-20T14:45:06.151561+00:00
2026-08-20,bc3ff76ba21ecf6ee8a5ac2067a5aa81,Indiana Fever @ Dallas Wings,2026-08-21T00:00:00Z,Dallas Wings,Indiana Fever,Alanna Smith,,REB,OVER,11.5,1280,DraftKings,draftkings,player_rebounds_alternate,the-odds-api,2026-08-20T14:45:06.151561+00:00
2026-08-20,bc3ff76ba21ecf6ee8a5ac2067a5aa81,Indiana Fever @ Dallas Wings,2026-08-21T00:00:00Z,Dallas Wings,Indiana Fever,Makayla Timpson,,REB,OVER,2.5,-2200,DraftKings,draftkings,player_rebounds_alternate,the-odds-api,2026-08-20T14:45:06.151561+00:00
2026-08-20,bc3ff76ba21ecf6ee8a5ac2067a5aa81,Indiana Fever @ Dallas Wings,2026-08-21T00:00:00Z,Dallas Wings,Indiana Fever,Makayla Timpson,,REB,OVER,3.5,-680,DraftKings,draftkings,player_rebounds_alternate,the-odds-api,2026-08-20T14:45:06.151561+00:00
2026-08-20,bc3ff76ba21ecf6ee8a5ac2067a5aa81,Indiana Fever @ Dallas Wings,2026-08-21T00:00:00Z,Dallas Wings,Indiana Fever,Makayla Timpson,,REB,OVER,4.5,-314,DraftKings,draftkings,player_rebounds_alternate,the-odds-api,2026-08-20T14:45:06.151561+00:00
2026-08-20,bc3ff76ba21ecf6ee8a5ac2067a5aa81,Indiana Fever @ Dallas Wings,2026-08-21T00:00:00Z,Dallas Wings,Indiana Fever,Makayla Timpson,,REB,OVER,5.5,-165,DraftKings,draftkings,player_rebounds_alternate,the-odds-api,2026-08-20T14:45:06.151561+00:00
2026-08-20,bc3ff76ba21ecf6ee8a5ac2067a5aa81,Indiana Fever @ Dallas Wings,2026-08-21T00:00:00Z,Dallas Wings,Indiana Fever,Makayla Timpson,,REB,OVER,6.5,109,DraftKings,draftkings,player_rebounds_alternate,the-odds-api,2026-08-20T14:45:06.151561+00:00
2026-08-20,bc3ff76ba21ecf6ee8a5ac2067a5aa81,Indiana Fever @ Dallas Wings,2026-08-21T00:00:00Z,Dallas Wings,Indiana Fever,Makayla Timpson,,REB,OVER,7.5,185,DraftKings,draftkings,player_rebounds_alternate,the-odds-api,2026-08-20T14:45:06.151561+00:00
2026-08-20,bc3ff76ba21ecf6ee8a5ac2067a5aa81,Indiana Fever @ Dallas Wings,2026-08-21T00:00:00Z,Dallas Wings,Indiana Fever,Makayla Timpson,,REB,OVER,8.5,316,DraftKings,draftkings,player_rebounds_alternate,the-odds-api,2026-08-20T14:45:06.151561+00:00
2026-08-20,bc3ff76ba21ecf6ee8a5ac2067a5aa81,Indiana Fever @ Dallas Wings,2026-08-21T00:00:00Z,Dallas Wings,Indiana Fever,Makayla Timpson,,REB,OVER,9.5,513,DraftKings,draftkings,player_rebounds_alternate,the-odds-api,2026-08-20T14:45:06.151561+00:00
2026-08-20,bc3ff76ba21ecf6ee8a5ac2067a5aa81,Indiana Fever @ Dallas Wings,2026-08-21T00:00:00Z,Dallas Wings,Indiana Fever,Makayla Timpson,,REB,OVER,10.5,830,DraftKings,draftkings,player_rebounds_alternate,the-odds-api,2026-08-20T14:45:06.151561+00:00
2026-08-20,bc3ff76ba21ecf6ee8a5ac2067a5aa81,Indiana Fever @ Dallas Wings,2026-08-21T00:00:00Z,Dallas Wings,Indiana Fever,Makayla Timpson,,REB,OVER,11.5,1340,DraftKings,draftkings,player_rebounds_alternate,the-odds-api,2026-08-20T14:45:06.151561+00:00
2026-08-20,bc3ff76ba21ecf6ee8a5ac2067a5aa81,Indiana Fever @ Dallas Wings,2026-08-21T00:00:00Z,Dallas Wings,Indiana Fever,Awak Kuier,,REB,OVER,2.5,-598,DraftKings,draftkings,player_rebounds_alternate,the-odds-api,2026-08-20T14:45:06.151561+00:00
2026-08-20,bc3ff76ba21ecf6ee8a5ac2067a5aa81,Indiana Fever @ Dallas Wings,2026-08-21T00:00:00Z,Dallas Wings,Indiana Fever,Awak Kuier,,REB,OVER,3.5,-225,DraftKings,draftkings,player_rebounds_alternate,the-odds-api,2026-08-20T14:45:06.151561+00:00
2026-08-20,bc3ff76ba21ecf6ee8a5ac2067a5aa81,Indiana Fever @ Dallas Wings,2026-08-21T00:00:00Z,Dallas Wings,Indiana Fever,Awak Kuier,,REB,OVER,4.5,-106,DraftKings,draftkings,player_rebounds_alternate,the-odds-api,2026-08-20T14:45:06.151561+00:00
2026-08-20,bc3ff76ba21ecf6ee8a5ac2067a5aa81,Indiana Fever @ Dallas Wings,2026-08-21T00:00:00Z,Dallas Wings,Indiana Fever,Awak Kuier,,REB,OVER,5.5,188,DraftKings,draftkings,player_rebounds_alternate,the-odds-api,2026-08-20T14:45:06.151561+00:00
2026-08-20,bc3ff76ba21ecf6ee8a5ac2067a5aa81,Indiana Fever @ Dallas Wings,2026-08-21T00:00:00Z,Dallas Wings,Indiana Fever,Awak Kuier,,REB,OVER,6.5,363,DraftKings,draftkings,player_rebounds_alternate,the-odds-api,2026-08-20T14:45:06.151561+00:00
2026-08-20,bc3ff76ba21ecf6ee8a5ac2067a5aa81,Indiana Fever @ Dallas Wings,2026-08-21T00:00:00Z,Dallas Wings,Indiana Fever,Awak Kuier,,REB,OVER,7.5,670,DraftKings,draftkings,player_rebounds_alternate,the-odds-api,2026-08-20T14:45:06.151561+00:00
2026-08-20,bc3ff76ba21ecf6ee8a5ac2067a5aa81,Indiana Fever @ Dallas Wings,2026-08-21T00:00:00Z,Dallas Wings,Indiana Fever,Awak Kuier,,REB,OVER,8.5,1200,DraftKings,draftkings,player_rebounds_alternate,the-odds-api,2026-08-20T14:45:06.151561+00:00
2026-08-20,bc3ff76ba21ecf6ee8a5ac2067a5aa81,Indiana Fever @ Dallas Wings,2026-08-21T00:00:00Z,Dallas Wings,Indiana Fever,Caitlin Clark,,REB,OVER,2.5,-323,DraftKings,draftkings,player_rebounds_alternate,the-odds-api,2026-08-20T14:45:06.151561+00:00
2026-08-20,bc3ff76ba21ecf6ee8a5ac2067a5aa81,Indiana Fever @ Dallas Wings,2026-08-21T00:00:00Z,Dallas Wings,Indiana Fever,Caitlin Clark,,REB,OVER,3.5,-149,DraftKings,draftkings,player_rebounds_alternate,the-odds-api,2026-08-20T14:45:06.151561+00:00
2026-08-20,bc3ff76ba21ecf6ee8a5ac2067a5aa81,Indiana Fever @ Dallas Wings,2026-08-21T00:00:00Z,Dallas Wings,Indiana Fever,Caitlin Clark,,REB,OVER,4.5,131,DraftKings,draftkings,player_rebounds_alternate,the-odds-api,2026-08-20T14:45:06.151561+00:00
2026-08-20,bc3ff76ba21ecf6ee8a5ac2067a5aa81,Indiana Fever @ Dallas Wings,2026-08-21T00:00:00Z,Dallas Wings,Indiana Fever,Caitlin Clark,,REB,OVER,5.5,241,DraftKings,draftkings,player_rebounds_alternate,the-odds-api,2026-08-20T14:45:06.151561+00:00
2026-08-20,bc3ff76ba21ecf6ee8a5ac2067a5aa81,Indiana Fever @ Dallas Wings,2026-08-21T00:00:00Z,Dallas Wings,Indiana Fever,Caitlin Clark,,REB,OVER,6.5,421,DraftKings,draftkings,player_rebounds_alternate,the-odds-api,2026-08-20T14:45:06.151561+00:00
2026-08-20,bc3ff76ba21ecf6ee8a5ac2067a5aa81,Indiana Fever @ Dallas Wings,2026-08-21T00:00:00Z,Dallas Wings,Indiana Fever,Caitlin Clark,,REB,OVER,7.5,730,DraftKings,draftkings,player_rebounds_alternate,the-odds-api,2026-08-20T14:45:06.151561+00:00
2026-08-20,bc3ff76ba21ecf6ee8a5ac2067a5aa81,Indiana Fever @ Dallas Wings,2026-08-21T00:00:00Z,Dallas Wings,Indiana Fever,Caitlin Clark,,REB,OVER,8.5,1240,DraftKings,draftkings,player_rebounds_alternate,the-odds-api,2026-08-20T14:45:06.151561+00:00
2026-08-20,bc3ff76ba21ecf6ee8a5ac2067a5aa81,Indiana Fever @ Dallas Wings,2026-08-21T00:00:00Z,Dallas Wings,Indiana Fever,Paige Bueckers,,REB,OVER,2.5,-355,DraftKings,draftkings,player_rebounds_alternate,the-odds-api,2026-08-20T14:45:06.151561+00:00
2026-08-20,bc3ff76ba21ecf6ee8a5ac2067a5aa81,Indiana Fever @ Dallas Wings,2026-08-21T00:00:00Z,Dallas Wings,Indiana Fever,Paige Bueckers,,REB,OVER,3.5,-146,DraftKings,draftkings,player_rebounds_alternate,the-odds-api,2026-08-20T14:45:06.151561+00:00
2026-08-20,bc3ff76ba21ecf6ee8a5ac2067a5aa81,Indiana Fever @ Dallas Wings,2026-08-21T00:00:00Z,Dallas Wings,Indiana Fever,Paige Bueckers,,REB,OVER,4.5,145,DraftKings,draftkings,player_rebounds_alternate,the-odds-api,2026-08-20T14:45:06.151561+00:00
2026-08-20,bc3ff76ba21ecf6ee8a5ac2067a5aa81,Indiana Fever @ Dallas Wings,2026-08-21T00:00:00Z,Dallas Wings,Indiana Fever,Paige Bueckers,,REB,OVER,5.5,293,DraftKings,draftkings,player_rebounds_alternate,the-odds-api,2026-08-20T14:45:06.151561+00:00
2026-08-20,bc3ff76ba21ecf6ee8a5ac2067a5aa81,Indiana Fever @ Dallas Wings,2026-08-21T00:00:00Z,Dallas Wings,Indiana Fever,Paige Bueckers,,REB,OVER,6.5,569,DraftKings,draftkings,player_rebounds_alternate,the-odds-api,2026-08-20T14:45:06.151561+00:00
2026-08-20,bc3ff76ba21ecf6ee8a5ac2067a5aa81,Indiana Fever @ Dallas Wings,2026-08-21T00:00:00Z,Dallas Wings,Indiana Fever,Paige Bueckers,,REB,OVER,7.5,1060,DraftKings,draftkings,player_rebounds_alternate,the-odds-api,2026-08-20T14:45:06.151561+00:00
2026-08-20,bc3ff76ba21ecf6ee8a5ac2067a5aa81,Indiana Fever @ Dallas Wings,2026-08-21T00:00:00Z,Dallas Wings,Indiana Fever,Arike Ogunbowale,,REB,OVER,2.5,-217,DraftKings,draftkings,player_rebounds_alternate,the-odds-api,2026-08-20T14:45:06.151561+00:00
2026-08-20,bc3ff76ba21ecf6ee8a5ac2067a5aa81,Indiana Fever @ Dallas Wings,2026-08-21T00:00:00Z,Dallas Wings,Indiana Fever,Arike Ogunbowale,,REB,OVER,3.5,110,DraftKings,draftkings,player_rebounds_alternate,the-odds-api,2026-08-20T14:45:06.151561+00:00
2026-08-20,bc3ff76ba21ecf6ee8a5ac2067a5aa81,Indiana Fever @ Dallas Wings,2026-08-21T00:00:00Z,Dallas Wings,Indiana Fever,Arike Ogunbowale,,REB,OVER,4.5,235,DraftKings,draftkings,player_rebounds_alternate,the-odds-api,2026-08-20T14:45:06.151561+00:00
2026-08-20,bc3ff76ba21ecf6ee8a5ac2067a5aa81,Indiana Fever @ Dallas Wings,2026-08-21T00:00:00Z,Dallas Wings,Indiana Fever,Arike Ogunbowale,,REB,OVER,5.5,471,DraftKings,draftkings,player_rebounds_alternate,the-odds-api,2026-08-20T14:45:06.151561+00:00
2026-08-20,bc3ff76ba21ecf6ee8a5ac2067a5aa81,Indiana Fever @ Dallas Wings,2026-08-21T00:00:00Z,Dallas Wings,Indiana Fever,Arike Ogunbowale,,REB,OVER,6.5,910,DraftKings,draftkings,player_rebounds_alternate,the-odds-api,2026-08-20T14:45:06.151561+00:00
2026-08-20,bc3ff76ba21ecf6ee8a5ac2067a5aa81,Indiana Fever @ Dallas Wings,2026-08-21T00:00:00Z,Dallas Wings,Indiana Fever,Arike Ogunbowale,,REB,OVER,7.5,1680,DraftKings,draftkings,player_rebounds_alternate,the-odds-api,2026-08-20T14:45:06.151561+00:00
2026-08-20,bc3ff76ba21ecf6ee8a5ac2067a5aa81,Indiana Fever @ Dallas Wings,2026-08-21T00:00:00Z,Dallas Wings,Indiana Fever,Lexie Hull,,REB,OVER,2.5,118,DraftKings,draftkings,player_rebounds_alternate,the-odds-api,2026-08-20T14:45:06.151561+00:00
2026-08-20,bc3ff76ba21ecf6ee8a5ac2067a5aa81,Indiana Fever @ Dallas Wings,2026-08-21T00:00:00Z,Dallas Wings,Indiana Fever,Lexie Hull,,REB,OVER,3.5,291,DraftKings,draftkings,player_rebounds_alternate,the-odds-api,2026-08-20T14:45:06.151561+00:00
2026-08-20,bc3ff76ba21ecf6ee8a5ac2067a5aa81,Indiana Fever @ Dallas Wings,2026-08-21T00:00:00Z,Dallas Wings,Indiana Fever,Lexie Hull,,REB,OVER,4.5,670,DraftKings,draftkings,player_rebounds_alternate,the-odds-api,2026-08-20T14:45:06.151561+00:00
2026-08-20,bc3ff76ba21ecf6ee8a5ac2067a5aa81,Indiana Fever @ Dallas Wings,2026-08-21T00:00:00Z,Dallas Wings,Indiana Fever,Lexie Hull,,REB,OVER,5.5,1420,DraftKings,draftkings,player_rebounds_alternate,the-odds-api,2026-08-20T14:45:06.151561+00:00
2026-08-20,bc3ff76ba21ecf6ee8a5ac2067a5aa81,Indiana Fever @ Dallas Wings,2026-08-21T00:00:00Z,Dallas Wings,Indiana Fever,Sophie Cunningham,,REB,OVER,2.5,114,DraftKings,draftkings,player_rebounds_alternate,the-odds-api,2026-08-20T14:45:06.151561+00:00
2026-08-20,bc3ff76ba21ecf6ee8a5ac2067a5aa81,Indiana Fever @ Dallas Wings,2026-08-21T00:00:00Z,Dallas Wings,Indiana Fever,Sophie Cunningham,,REB,OVER,3.5,294,DraftKings,draftkings,player_rebounds_alternate,the-odds-api,2026-08-20T14:45:06.151561+00:00
2026-08-20,bc3ff76ba21ecf6ee8a5ac2067a5aa81,Indiana Fever @ Dallas Wings,2026-08-21T00:00:00Z,Dallas Wings,Indiana Fever,Sophie Cunningham,,REB,OVER,4.5,690,DraftKings,draftkings,player_rebounds_alternate,the-odds-api,2026-08-20T14:45:06.151561+00:00
2026-08-20,bc3ff76ba21ecf6ee8a5ac2067a5aa81,Indiana Fever @ Dallas Wings,2026-08-21T00:00:00Z,Dallas Wings,Indiana Fever,Sophie Cunningham,,REB,OVER,5.5,1500,DraftKings,draftkings,player_rebounds_alternate,the-odds-api,2026-08-20T14:45:06.151561+00:00
2026-08-20,bc3ff76ba21ecf6ee8a5ac2067a5aa81,Indiana Fever @ Dallas Wings,2026-08-21T00:00:00Z,Dallas Wings,Indiana Fever,Odyssey Sims,,REB,OVER,1.5,-174,DraftKings,draftkings,player_rebounds_alternate,the-odds-api,2026-08-20T14:45:06.151561+00:00
2026-08-20,bc3ff76ba21ecf6ee8a5ac2067a5aa81,Indiana Fever @ Dallas Wings,2026-08-21T00:00:00Z,Dallas Wings,Indiana Fever,Odyssey Sims,,REB,OVER,2.5,161,DraftKings,draftkings,player_rebounds_alternate,the-odds-api,2026-08-20T14:45:06.151561+00:00
2026-08-20,bc3ff76ba21ecf6ee8a5ac2067a5aa81,Indiana Fever @ Dallas Wings,2026-08-21T00:00:00Z,Dallas Wings,Indiana Fever,Odyssey Sims,,REB,OVER,3.5,386,DraftKings,draftkings,player_rebounds_alternate,the-odds-api,2026-08-20T14:45:06.151561+00:00
2026-08-20,bc3ff76ba21ecf6ee8a5ac2067a5aa81,Indiana Fever @ Dallas Wings,2026-08-21T00:00:00Z,Dallas Wings,Indiana Fever,Odyssey Sims,,REB,OVER,4.5,890,DraftKings,draftkings,player_rebounds_alternate,the-odds-api,2026-08-20T14:45:06.151561+00:00
2026-08-20,bc3ff76ba21ecf6ee8a5ac2067a5aa81,Indiana Fever @ Dallas Wings,2026-08-21T00:00:00Z,Dallas Wings,Indiana Fever,Kelsey Mitchell,,REB,OVER,1.5,-193,DraftKings,draftkings,player_rebounds_alternate,the-odds-api,2026-08-20T14:45:06.151561+00:00
2026-08-20,bc3ff76ba21ecf6ee8a5ac2067a5aa81,Indiana Fever @ Dallas Wings,2026-08-21T00:00:00Z,Dallas Wings,Indiana Fever,Kelsey Mitchell,,REB,OVER,2.5,154,DraftKings,draftkings,player_rebounds_alternate,the-odds-api,2026-08-20T14:45:06.151561+00:00
2026-08-20,bc3ff76ba21ecf6ee8a5ac2067a5aa81,Indiana Fever @ Dallas Wings,2026-08-21T00:00:00Z,Dallas Wings,Indiana Fever,Kelsey Mitchell,,REB,OVER,3.5,395,DraftKings,draftkings,player_rebounds_alternate,the-odds-api,2026-08-20T14:45:06.151561+00:00
2026-08-20,bc3ff76ba21ecf6ee8a5ac2067a5aa81,Indiana Fever @ Dallas Wings,2026-08-21T00:00:00Z,Dallas Wings,Indiana Fever,Kelsey Mitchell,,REB,OVER,4.5,920,DraftKings,draftkings,player_rebounds_alternate,the-odds-api,2026-08-20T14:45:06.151561+00:00
2026-08-20,bc3ff76ba21ecf6ee8a5ac2067a5aa81,Indiana Fever @ Dallas Wings,2026-08-21T00:00:00Z,Dallas Wings,Indiana Fever,Caitlin Clark,,3PM,OVER,0.5,-2600,DraftKings,draftkings,player_threes_alternate,the-odds-api,2026-08-20T14:45:06.151561+00:00
2026-08-20,bc3ff76ba21ecf6ee8a5ac2067a5aa81,Indiana Fever @ Dallas Wings,2026-08-21T00:00:00Z,Dallas Wings,Indiana Fever,Caitlin Clark,,3PM,OVER,1.5,-464,DraftKings,draftkings,player_threes_alternate,the-odds-api,2026-08-20T14:45:06.151561+00:00
2026-08-20,bc3ff76ba21ecf6ee8a5ac2067a5aa81,Indiana Fever @ Dallas Wings,2026-08-21T00:00:00Z,Dallas Wings,Indiana Fever,Caitlin Clark,,3PM,OVER,2.5,-173,DraftKings,draftkings,player_threes_alternate,the-odds-api,2026-08-20T14:45:06.151561+00:00
2026-08-20,bc3ff76ba21ecf6ee8a5ac2067a5aa81,Indiana Fever @ Dallas Wings,2026-08-21T00:00:00Z,Dallas Wings,Indiana Fever,Caitlin Clark,,3PM,OVER,3.5,128,DraftKings,draftkings,player_threes_alternate,the-odds-api,2026-08-20T14:45:06.151561+00:00
2026-08-20,bc3ff76ba21ecf6ee8a5ac2067a5aa81,Indiana Fever @ Dallas Wings,2026-08-21T00:00:00Z,Dallas Wings,Indiana Fever,Caitlin Clark,,3PM,OVER,4.5,261,DraftKings,draftkings,player_threes_alternate,the-odds-api,2026-08-20T14:45:06.151561+00:00
2026-08-20,bc3ff76ba21ecf6ee8a5ac2067a5aa81,Indiana Fever @ Dallas Wings,2026-08-21T00:00:00Z,Dallas Wings,Indiana Fever,Caitlin Clark,,3PM,OVER,5.5,502,DraftKings,draftkings,player_threes_alternate,the-odds-api,2026-08-20T14:45:06.151561+00:00
2026-08-20,bc3ff76ba21ecf6ee8a5ac2067a5aa81,Indiana Fever @ Dallas Wings,2026-08-21T00:00:00Z,Dallas Wings,Indiana Fever,Caitlin Clark,,3PM,OVER,6.5,920,DraftKings,draftkings,player_threes_alternate,the-odds-api,2026-08-20T14:45:06.151561+00:00
2026-08-20,bc3ff76ba21ecf6ee8a5ac2067a5aa81,Indiana Fever @ Dallas Wings,2026-08-21T00:00:00Z,Dallas Wings,Indiana Fever,Caitlin Clark,,3PM,OVER,7.5,1580,DraftKings,draftkings,player_threes_alternate,the-odds-api,2026-08-20T14:45:06.151561+00:00
2026-08-20,bc3ff76ba21ecf6ee8a5ac2067a5aa81,Indiana Fever @ Dallas Wings,2026-08-21T00:00:00Z,Dallas Wings,Indiana Fever,Caitlin Clark,,3PM,OVER,8.5,2400,DraftKings,draftkings,player_threes_alternate,the-odds-api,2026-08-20T14:45:06.151561+00:00
2026-08-20,bc3ff76ba21ecf6ee8a5ac2067a5aa81,Indiana Fever @ Dallas Wings,2026-08-21T00:00:00Z,Dallas Wings,Indiana Fever,Kelsey Mitchell,,3PM,OVER,0.5,-5000,DraftKings,draftkings,player_threes_alternate,the-odds-api,2026-08-20T14:45:06.151561+00:00
2026-08-20,bc3ff76ba21ecf6ee8a5ac2067a5aa81,Indiana Fever @ Dallas Wings,2026-08-21T00:00:00Z,Dallas Wings,Indiana Fever,Kelsey Mitchell,,3PM,OVER,1.5,-575,DraftKings,draftkings,player_threes_alternate,the-odds-api,2026-08-20T14:45:06.151561+00:00
2026-08-20,bc3ff76ba21ecf6ee8a5ac2067a5aa81,Indiana Fever @ Dallas Wings,2026-08-21T00:00:00Z,Dallas Wings,Indiana Fever,Kelsey Mitchell,,3PM,OVER,2.5,-184,DraftKings,draftkings,player_threes_alternate,the-odds-api,2026-08-20T14:45:06.151561+00:00
2026-08-20,bc3ff76ba21ecf6ee8a5ac2067a5aa81,Indiana Fever @ Dallas Wings,2026-08-21T00:00:00Z,Dallas Wings,Indiana Fever,Kelsey Mitchell,,3PM,OVER,3.5,130,DraftKings,draftkings,player_threes_alternate,the-odds-api,2026-08-20T14:45:06.151561+00:00
2026-08-20,bc3ff76ba21ecf6ee8a5ac2067a5aa81,Indiana Fever @ Dallas Wings,2026-08-21T00:00:00Z,Dallas Wings,Indiana Fever,Kelsey Mitchell,,3PM,OVER,4.5,287,DraftKings,draftkings,player_threes_alternate,the-odds-api,2026-08-20T14:45:06.151561+00:00
2026-08-20,bc3ff76ba21ecf6ee8a5ac2067a5aa81,Indiana Fever @ Dallas Wings,2026-08-21T00:00:00Z,Dallas Wings,Indiana Fever,Kelsey Mitchell,,3PM,OVER,5.5,597,DraftKings,draftkings,player_threes_alternate,the-odds-api,2026-08-20T14:45:06.151561+00:00
2026-08-20,bc3ff76ba21ecf6ee8a5ac2067a5aa81,Indiana Fever @ Dallas Wings,2026-08-21T00:00:00Z,Dallas Wings,Indiana Fever,Kelsey Mitchell,,3PM,OVER,6.5,1160,DraftKings,draftkings,player_threes_alternate,the-odds-api,2026-08-20T14:45:06.151561+00:00
2026-08-20,bc3ff76ba21ecf6ee8a5ac2067a5aa81,Indiana Fever @ Dallas Wings,2026-08-21T00:00:00Z,Dallas Wings,Indiana Fever,Kelsey Mitchell,,3PM,OVER,7.5,2000,DraftKings,draftkings,player_threes_alternate,the-odds-api,2026-08-20T14:45:06.151561+00:00
2026-08-20,bc3ff76ba21ecf6ee8a5ac2067a5aa81,Indiana Fever @ Dallas Wings,2026-08-21T00:00:00Z,Dallas Wings,Indiana Fever,Arike Ogunbowale,,3PM,OVER,0.5,-610,DraftKings,draftkings,player_threes_alternate,the-odds-api,2026-08-20T14:45:06.151561+00:00
2026-08-20,bc3ff76ba21ecf6ee8a5ac2067a5aa81,Indiana Fever @ Dallas Wings,2026-08-21T00:00:00Z,Dallas Wings,Indiana Fever,Arike Ogunbowale,,3PM,OVER,1.5,-135,DraftKings,draftkings,player_threes_alternate,the-odds-api,2026-08-20T14:45:06.151561+00:00
2026-08-20,bc3ff76ba21ecf6ee8a5ac2067a5aa81,Indiana Fever @ Dallas Wings,2026-08-21T00:00:00Z,Dallas Wings,Indiana Fever,Arike Ogunbowale,,3PM,OVER,2.5,221,DraftKings,draftkings,player_threes_alternate,the-odds-api,2026-08-20T14:45:06.151561+00:00
2026-08-20,bc3ff76ba21ecf6ee8a5ac2067a5aa81,Indiana Fever @ Dallas Wings,2026-08-21T00:00:00Z,Dallas Wings,Indiana Fever,Arike Ogunbowale,,3PM,OVER,3.5,586,DraftKings,draftkings,player_threes_alternate,the-odds-api,2026-08-20T14:45:06.151561+00:00
2026-08-20,bc3ff76ba21ecf6ee8a5ac2067a5aa81,Indiana Fever @ Dallas Wings,2026-08-21T00:00:00Z,Dallas Wings,Indiana Fever,Arike Ogunbowale,,3PM,OVER,4.5,1340,DraftKings,draftkings,player_threes_alternate,the-odds-api,2026-08-20T14:45:06.151561+00:00
2026-08-20,bc3ff76ba21ecf6ee8a5ac2067a5aa81,Indiana Fever @ Dallas Wings,2026-08-21T00:00:00Z,Dallas Wings,Indiana Fever,Arike Ogunbowale,,3PM,OVER,5.5,2500,DraftKings,draftkings,player_threes_alternate,the-odds-api,2026-08-20T14:45:06.151561+00:00
2026-08-20,bc3ff76ba21ecf6ee8a5ac2067a5aa81,Indiana Fever @ Dallas Wings,2026-08-21T00:00:00Z,Dallas Wings,Indiana Fever,Paige Bueckers,,3PM,OVER,0.5,-471,DraftKings,draftkings,player_threes_alternate,the-odds-api,2026-08-20T14:45:06.151561+00:00
2026-08-20,bc3ff76ba21ecf6ee8a5ac2067a5aa81,Indiana Fever @ Dallas Wings,2026-08-21T00:00:00Z,Dallas Wings,Indiana Fever,Paige Bueckers,,3PM,OVER,1.5,-104,DraftKings,draftkings,player_threes_alternate,the-odds-api,2026-08-20T14:45:06.151561+00:00
2026-08-20,bc3ff76ba21ecf6ee8a5ac2067a5aa81,Indiana Fever @ Dallas Wings,2026-08-21T00:00:00Z,Dallas Wings,Indiana Fever,Paige Bueckers,,3PM,OVER,2.5,286,DraftKings,draftkings,player_threes_alternate,the-odds-api,2026-08-20T14:45:06.151561+00:00
2026-08-20,bc3ff76ba21ecf6ee8a5ac2067a5aa81,Indiana Fever @ Dallas Wings,2026-08-21T00:00:00Z,Dallas Wings,Indiana Fever,Paige Bueckers,,3PM,OVER,3.5,760,DraftKings,draftkings,player_threes_alternate,the-odds-api,2026-08-20T14:45:06.151561+00:00
2026-08-20,bc3ff76ba21ecf6ee8a5ac2067a5aa81,Indiana Fever @ Dallas Wings,2026-08-21T00:00:00Z,Dallas Wings,Indiana Fever,Paige Bueckers,,3PM,OVER,4.5,1720,DraftKings,draftkings,player_threes_alternate,the-odds-api,2026-08-20T14:45:06.151561+00:00
2026-08-20,bc3ff76ba21ecf6ee8a5ac2067a5aa81,Indiana Fever @ Dallas Wings,2026-08-21T00:00:00Z,Dallas Wings,Indiana Fever,Sophie Cunningham,,3PM,OVER,0.5,-342,DraftKings,draftkings,player_threes_alternate,the-odds-api,2026-08-20T14:45:06.151561+00:00
2026-08-20,bc3ff76ba21ecf6ee8a5ac2067a5aa81,Indiana Fever @ Dallas Wings,2026-08-21T00:00:00Z,Dallas Wings,Indiana Fever,Sophie Cunningham,,3PM,OVER,1.5,129,DraftKings,draftkings,player_threes_alternate,the-odds-api,2026-08-20T14:45:06.151561+00:00
2026-08-20,bc3ff76ba21ecf6ee8a5ac2067a5aa81,Indiana Fever @ Dallas Wings,2026-08-21T00:00:00Z,Dallas Wings,Indiana Fever,Sophie Cunningham,,3PM,OVER,2.5,395,DraftKings,draftkings,player_threes_alternate,the-odds-api,2026-08-20T14:45:06.151561+00:00
2026-08-20,bc3ff76ba21ecf6ee8a5ac2067a5aa81,Indiana Fever @ Dallas Wings,2026-08-21T00:00:00Z,Dallas Wings,Indiana Fever,Sophie Cunningham,,3PM,OVER,3.5,1020,DraftKings,draftkings,player_threes_alternate,the-odds-api,2026-08-20T14:45:06.151561+00:00
2026-08-20,bc3ff76ba21ecf6ee8a5ac2067a5aa81,Indiana Fever @ Dallas Wings,2026-08-21T00:00:00Z,Dallas Wings,Indiana Fever,Sophie Cunningham,,3PM,OVER,4.5,2200,DraftKings,draftkings,player_threes_alternate,the-odds-api,2026-08-20T14:45:06.151561+00:00
2026-08-20,bc3ff76ba21ecf6ee8a5ac2067a5aa81,Indiana Fever @ Dallas Wings,2026-08-21T00:00:00Z,Dallas Wings,Indiana Fever,Alanna Smith,,3PM,OVER,0.5,-303,DraftKings,draftkings,player_threes_alternate,the-odds-api,2026-08-20T14:45:06.151561+00:00
2026-08-20,bc3ff76ba21ecf6ee8a5ac2067a5aa81,Indiana Fever @ Dallas Wings,2026-08-21T00:00:00Z,Dallas Wings,Indiana Fever,Alanna Smith,,3PM,OVER,1.5,148,DraftKings,draftkings,player_threes_alternate,the-odds-api,2026-08-20T14:45:06.151561+00:00
2026-08-20,bc3ff76ba21ecf6ee8a5ac2067a5aa81,Indiana Fever @ Dallas Wings,2026-08-21T00:00:00Z,Dallas Wings,Indiana Fever,Alanna Smith,,3PM,OVER,2.5,473,DraftKings,draftkings,player_threes_alternate,the-odds-api,2026-08-20T14:45:06.151561+00:00
2026-08-20,bc3ff76ba21ecf6ee8a5ac2067a5aa81,Indiana Fever @ Dallas Wings,2026-08-21T00:00:00Z,Dallas Wings,Indiana Fever,Alanna Smith,,3PM,OVER,3.5,1260,DraftKings,draftkings,player_threes_alternate,the-odds-api,2026-08-20T14:45:06.151561+00:00
2026-08-20,bc3ff76ba21ecf6ee8a5ac2067a5aa81,Indiana Fever @ Dallas Wings,2026-08-21T00:00:00Z,Dallas Wings,Indiana Fever,Alanna Smith,,3PM,OVER,4.5,2700,DraftKings,draftkings,player_threes_alternate,the-odds-api,2026-08-20T14:45:06.151561+00:00
2026-08-20,bc3ff76ba21ecf6ee8a5ac2067a5aa81,Indiana Fever @ Dallas Wings,2026-08-21T00:00:00Z,Dallas Wings,Indiana Fever,Aliyah Boston,,3PM,OVER,0.5,-211,DraftKings,draftkings,player_threes_alternate,the-odds-api,2026-08-20T14:45:06.151561+00:00
2026-08-20,bc3ff76ba21ecf6ee8a5ac2067a5aa81,Indiana Fever @ Dallas Wings,2026-08-21T00:00:00Z,Dallas Wings,Indiana Fever,Aliyah Boston,,3PM,OVER,1.5,216,DraftKings,draftkings,player_threes_alternate,the-odds-api,2026-08-20T14:45:06.151561+00:00
2026-08-20,bc3ff76ba21ecf6ee8a5ac2067a5aa81,Indiana Fever @ Dallas Wings,2026-08-21T00:00:00Z,Dallas Wings,Indiana Fever,Aliyah Boston,,3PM,OVER,2.5,700,DraftKings,draftkings,player_threes_alternate,the-odds-api,2026-08-20T14:45:06.151561+00:00
2026-08-20,bc3ff76ba21ecf6ee8a5ac2067a5aa81,Indiana Fever @ Dallas Wings,2026-08-21T00:00:00Z,Dallas Wings,Indiana Fever,Aliyah Boston,,3PM,OVER,3.5,1840,DraftKings,draftkings,player_threes_alternate,the-odds-api,2026-08-20T14:45:06.151561+00:00
2026-08-20,bc3ff76ba21ecf6ee8a5ac2067a5aa81,Indiana Fever @ Dallas Wings,2026-08-21T00:00:00Z,Dallas Wings,Indiana Fever,Awak Kuier,,3PM,OVER,0.5,-151,DraftKings,draftkings,player_threes_alternate,the-odds-api,2026-08-20T14:45:06.151561+00:00
2026-08-20,bc3ff76ba21ecf6ee8a5ac2067a5aa81,Indiana Fever @ Dallas Wings,2026-08-21T00:00:00Z,Dallas Wings,Indiana Fever,Awak Kuier,,3PM,OVER,1.5,319,DraftKings,draftkings,player_threes_alternate,the-odds-api,2026-08-20T14:45:06.151561+00:00
2026-08-20,bc3ff76ba21ecf6ee8a5ac2067a5aa81,Indiana Fever @ Dallas Wings,2026-08-21T00:00:00Z,Dallas Wings,Indiana Fever,Awak Kuier,,3PM,OVER,2.5,1160,DraftKings,draftkings,player_threes_alternate,the-odds-api,2026-08-20T14:45:06.151561+00:00
2026-08-20,bc3ff76ba21ecf6ee8a5ac2067a5aa81,Indiana Fever @ Dallas Wings,2026-08-21T00:00:00Z,Dallas Wings,Indiana Fever,Awak Kuier,,3PM,OVER,3.5,2700,DraftKings,draftkings,player_threes_alternate,the-odds-api,2026-08-20T14:45:06.151561+00:00
2026-08-20,bc3ff76ba21ecf6ee8a5ac2067a5aa81,Indiana Fever @ Dallas Wings,2026-08-21T00:00:00Z,Dallas Wings,Indiana Fever,Lexie Hull,,3PM,OVER,0.5,-103,DraftKings,draftkings,player_threes_alternate,the-odds-api,2026-08-20T14:45:06.151561+00:00
2026-08-20,bc3ff76ba21ecf6ee8a5ac2067a5aa81,Indiana Fever @ Dallas Wings,2026-08-21T00:00:00Z,Dallas Wings,Indiana Fever,Lexie Hull,,3PM,OVER,1.5,490,DraftKings,draftkings,player_threes_alternate,the-odds-api,2026-08-20T14:45:06.151561+00:00
2026-08-20,bc3ff76ba21ecf6ee8a5ac2067a5aa81,Indiana Fever @ Dallas Wings,2026-08-21T00:00:00Z,Dallas Wings,Indiana Fever,Lexie Hull,,3PM,OVER,2.5,1660,DraftKings,draftkings,player_threes_alternate,the-odds-api,2026-08-20T14:45:06.151561+00:00
2026-08-20,bc3ff76ba21ecf6ee8a5ac2067a5aa81,Indiana Fever @ Dallas Wings,2026-08-21T00:00:00Z,Dallas Wings,Indiana Fever,Odyssey Sims,,3PM,OVER,0.5,-103,DraftKings,draftkings,player_threes_alternate,the-odds-api,2026-08-20T14:45:06.151561+00:00
2026-08-20,bc3ff76ba21ecf6ee8a5ac2067a5aa81,Indiana Fever @ Dallas Wings,2026-08-21T00:00:00Z,Dallas Wings,Indiana Fever,Odyssey Sims,,3PM,OVER,1.5,483,DraftKings,draftkings,player_threes_alternate,the-odds-api,2026-08-20T14:45:06.151561+00:00
2026-08-20,bc3ff76ba21ecf6ee8a5ac2067a5aa81,Indiana Fever @ Dallas Wings,2026-08-21T00:00:00Z,Dallas Wings,Indiana Fever,Odyssey Sims,,3PM,OVER,2.5,1660,DraftKings,draftkings,player_threes_alternate,the-odds-api,2026-08-20T14:45:06.151561+00:00
2026-08-20,bc3ff76ba21ecf6ee8a5ac2067a5aa81,Indiana Fever @ Dallas Wings,2026-08-21T00:00:00Z,Dallas Wings,Indiana Fever,Makayla Timpson,,3PM,OVER,0.5,2800,DraftKings,draftkings,player_threes_alternate,the-odds-api,2026-08-20T14:45:06.151561+00:00
2026-08-20,1633124eeb20fd6dff51c151adeeb077,Atlanta Dream @ Los Angeles Sparks,2026-08-21T02:00:00Z,Los Angeles Sparks,Atlanta Dream,Jordin Canada,,AST,OVER,5.5,-580,FanDuel,fanduel,player_assists_alternate,the-odds-api,2026-08-20T14:45:07.648190+00:00
2026-08-20,1633124eeb20fd6dff51c151adeeb077,Atlanta Dream @ Los Angeles Sparks,2026-08-21T02:00:00Z,Los Angeles Sparks,Atlanta Dream,Erica Wheeler,,AST,OVER,5.5,128,FanDuel,fanduel,player_assists_alternate,the-odds-api,2026-08-20T14:45:07.648190+00:00
2026-08-20,1633124eeb20fd6dff51c151adeeb077,Atlanta Dream @ Los Angeles Sparks,2026-08-21T02:00:00Z,Los Angeles Sparks,Atlanta Dream,Rhyne Howard,,AST,OVER,5.5,290,FanDuel,fanduel,player_assists_alternate,the-odds-api,2026-08-20T14:45:07.648190+00:00
2026-08-20,1633124eeb20fd6dff51c151adeeb077,Atlanta Dream @ Los Angeles Sparks,2026-08-21T02:00:00Z,Los Angeles Sparks,Atlanta Dream,Rae Burrell,,AST,OVER,5.5,630,FanDuel,fanduel,player_assists_alternate,the-odds-api,2026-08-20T14:45:07.648190+00:00
2026-08-20,1633124eeb20fd6dff51c151adeeb077,Atlanta Dream @ Los Angeles Sparks,2026-08-21T02:00:00Z,Los Angeles Sparks,Atlanta Dream,Ariel Atkins,,AST,OVER,5.5,640,FanDuel,fanduel,player_assists_alternate,the-odds-api,2026-08-20T14:45:07.648190+00:00
2026-08-20,1633124eeb20fd6dff51c151adeeb077,Atlanta Dream @ Los Angeles Sparks,2026-08-21T02:00:00Z,Los Angeles Sparks,Atlanta Dream,Nneka Ogwumike,,AST,OVER,5.5,750,FanDuel,fanduel,player_assists_alternate,the-odds-api,2026-08-20T14:45:07.648190+00:00
2026-08-20,1633124eeb20fd6dff51c151adeeb077,Atlanta Dream @ Los Angeles Sparks,2026-08-21T02:00:00Z,Los Angeles Sparks,Atlanta Dream,Allisha Gray,,AST,OVER,5.5,750,FanDuel,fanduel,player_assists_alternate,the-odds-api,2026-08-20T14:45:07.648190+00:00
2026-08-20,1633124eeb20fd6dff51c151adeeb077,Atlanta Dream @ Los Angeles Sparks,2026-08-21T02:00:00Z,Los Angeles Sparks,Atlanta Dream,Angel Reese,,AST,OVER,5.5,850,FanDuel,fanduel,player_assists_alternate,the-odds-api,2026-08-20T14:45:07.648190+00:00
2026-08-20,1633124eeb20fd6dff51c151adeeb077,Atlanta Dream @ Los Angeles Sparks,2026-08-21T02:00:00Z,Los Angeles Sparks,Atlanta Dream,Jordin Canada,,AST,OVER,7.5,-140,FanDuel,fanduel,player_assists_alternate,the-odds-api,2026-08-20T14:45:07.648190+00:00
2026-08-20,1633124eeb20fd6dff51c151adeeb077,Atlanta Dream @ Los Angeles Sparks,2026-08-21T02:00:00Z,Los Angeles Sparks,Atlanta Dream,Erica Wheeler,,AST,OVER,7.5,430,FanDuel,fanduel,player_assists_alternate,the-odds-api,2026-08-20T14:45:07.648190+00:00
2026-08-20,1633124eeb20fd6dff51c151adeeb077,Atlanta Dream @ Los Angeles Sparks,2026-08-21T02:00:00Z,Los Angeles Sparks,Atlanta Dream,Rhyne Howard,,AST,OVER,7.5,920,FanDuel,fanduel,player_assists_alternate,the-odds-api,2026-08-20T14:45:07.648190+00:00
2026-08-20,1633124eeb20fd6dff51c151adeeb077,Atlanta Dream @ Los Angeles Sparks,2026-08-21T02:00:00Z,Los Angeles Sparks,Atlanta Dream,Jordin Canada,,AST,OVER,9.5,198,FanDuel,fanduel,player_assists_alternate,the-odds-api,2026-08-20T14:45:07.648190+00:00
2026-08-20,1633124eeb20fd6dff51c151adeeb077,Atlanta Dream @ Los Angeles Sparks,2026-08-21T02:00:00Z,Los Angeles Sparks,Atlanta Dream,Erica Wheeler,,AST,OVER,9.5,1100,FanDuel,fanduel,player_assists_alternate,the-odds-api,2026-08-20T14:45:07.648190+00:00
2026-08-20,1633124eeb20fd6dff51c151adeeb077,Atlanta Dream @ Los Angeles Sparks,2026-08-21T02:00:00Z,Los Angeles Sparks,Atlanta Dream,Jordin Canada,,AST,OVER,11.5,580,FanDuel,fanduel,player_assists_alternate,the-odds-api,2026-08-20T14:45:07.648190+00:00
2026-08-20,1633124eeb20fd6dff51c151adeeb077,Atlanta Dream @ Los Angeles Sparks,2026-08-21T02:00:00Z,Los Angeles Sparks,Atlanta Dream,Erica Wheeler,,AST,OVER,3.5,-350,FanDuel,fanduel,player_assists_alternate,the-odds-api,2026-08-20T14:45:07.648190+00:00
2026-08-20,1633124eeb20fd6dff51c151adeeb077,Atlanta Dream @ Los Angeles Sparks,2026-08-21T02:00:00Z,Los Angeles Sparks,Atlanta Dream,Rhyne Howard,,AST,OVER,3.5,-160,FanDuel,fanduel,player_assists_alternate,the-odds-api,2026-08-20T14:45:07.648190+00:00
2026-08-20,1633124eeb20fd6dff51c151adeeb077,Atlanta Dream @ Los Angeles Sparks,2026-08-21T02:00:00Z,Los Angeles Sparks,Atlanta Dream,Rae Burrell,,AST,OVER,3.5,128,FanDuel,fanduel,player_assists_alternate,the-odds-api,2026-08-20T14:45:07.648190+00:00
2026-08-20,1633124eeb20fd6dff51c151adeeb077,Atlanta Dream @ Los Angeles Sparks,2026-08-21T02:00:00Z,Los Angeles Sparks,Atlanta Dream,Ariel Atkins,,AST,OVER,3.5,142,FanDuel,fanduel,player_assists_alternate,the-odds-api,2026-08-20T14:45:07.648190+00:00
2026-08-20,1633124eeb20fd6dff51c151adeeb077,Atlanta Dream @ Los Angeles Sparks,2026-08-21T02:00:00Z,Los Angeles Sparks,Atlanta Dream,Nneka Ogwumike,,AST,OVER,3.5,158,FanDuel,fanduel,player_assists_alternate,the-odds-api,2026-08-20T14:45:07.648190+00:00
2026-08-20,1633124eeb20fd6dff51c151adeeb077,Atlanta Dream @ Los Angeles Sparks,2026-08-21T02:00:00Z,Los Angeles Sparks,Atlanta Dream,Allisha Gray,,AST,OVER,3.5,168,FanDuel,fanduel,player_assists_alternate,the-odds-api,2026-08-20T14:45:07.648190+00:00
2026-08-20,1633124eeb20fd6dff51c151adeeb077,Atlanta Dream @ Los Angeles Sparks,2026-08-21T02:00:00Z,Los Angeles Sparks,Atlanta Dream,Angel Reese,,AST,OVER,3.5,182,FanDuel,fanduel,player_assists_alternate,the-odds-api,2026-08-20T14:45:07.648190+00:00
2026-08-20,1633124eeb20fd6dff51c151adeeb077,Atlanta Dream @ Los Angeles Sparks,2026-08-21T02:00:00Z,Los Angeles Sparks,Atlanta Dream,Dearica Hamby,,AST,OVER,3.5,310,FanDuel,fanduel,player_assists_alternate,the-odds-api,2026-08-20T14:45:07.648190+00:00
2026-08-20,1633124eeb20fd6dff51c151adeeb077,Atlanta Dream @ Los Angeles Sparks,2026-08-21T02:00:00Z,Los Angeles Sparks,Atlanta Dream,Jordin Canada,,AST,OVER,13.5,1280,FanDuel,fanduel,player_assists_alternate,the-odds-api,2026-08-20T14:45:07.648190+00:00
2026-08-20,1633124eeb20fd6dff51c151adeeb077,Atlanta Dream @ Los Angeles Sparks,2026-08-21T02:00:00Z,Los Angeles Sparks,Atlanta Dream,Rhyne Howard,,AST,OVER,1.5,-1800,FanDuel,fanduel,player_assists_alternate,the-odds-api,2026-08-20T14:45:07.648190+00:00
2026-08-20,1633124eeb20fd6dff51c151adeeb077,Atlanta Dream @ Los Angeles Sparks,2026-08-21T02:00:00Z,Los Angeles Sparks,Atlanta Dream,Rae Burrell,,AST,OVER,1.5,-700,FanDuel,fanduel,player_assists_alternate,the-odds-api,2026-08-20T14:45:07.648190+00:00
2026-08-20,1633124eeb20fd6dff51c151adeeb077,Atlanta Dream @ Los Angeles Sparks,2026-08-21T02:00:00Z,Los Angeles Sparks,Atlanta Dream,Ariel Atkins,,AST,OVER,1.5,-600,FanDuel,fanduel,player_assists_alternate,the-odds-api,2026-08-20T14:45:07.648190+00:00
2026-08-20,1633124eeb20fd6dff51c151adeeb077,Atlanta Dream @ Los Angeles Sparks,2026-08-21T02:00:00Z,Los Angeles Sparks,Atlanta Dream,Nneka Ogwumike,,AST,OVER,1.5,-580,FanDuel,fanduel,player_assists_alternate,the-odds-api,2026-08-20T14:45:07.648190+00:00
2026-08-20,1633124eeb20fd6dff51c151adeeb077,Atlanta Dream @ Los Angeles Sparks,2026-08-21T02:00:00Z,Los Angeles Sparks,Atlanta Dream,Allisha Gray,,AST,OVER,1.5,-550,FanDuel,fanduel,player_assists_alternate,the-odds-api,2026-08-20T14:45:07.648190+00:00
2026-08-20,1633124eeb20fd6dff51c151adeeb077,Atlanta Dream @ Los Angeles Sparks,2026-08-21T02:00:00Z,Los Angeles Sparks,Atlanta Dream,Angel Reese,,AST,OVER,1.5,-470,FanDuel,fanduel,player_assists_alternate,the-odds-api,2026-08-20T14:45:07.648190+00:00
2026-08-20,1633124eeb20fd6dff51c151adeeb077,Atlanta Dream @ Los Angeles Sparks,2026-08-21T02:00:00Z,Los Angeles Sparks,Atlanta Dream,Dearica Hamby,,AST,OVER,1.5,-260,FanDuel,fanduel,player_assists_alternate,the-odds-api,2026-08-20T14:45:07.648190+00:00
2026-08-20,1633124eeb20fd6dff51c151adeeb077,Atlanta Dream @ Los Angeles Sparks,2026-08-21T02:00:00Z,Los Angeles Sparks,Atlanta Dream,Angel Reese,,PTS,OVER,24.5,830,FanDuel,fanduel,player_points_alternate,the-odds-api,2026-08-20T14:45:07.648190+00:00
2026-08-20,1633124eeb20fd6dff51c151adeeb077,Atlanta Dream @ Los Angeles Sparks,2026-08-21T02:00:00Z,Los Angeles Sparks,Atlanta Dream,Rhyne Howard,,PTS,OVER,24.5,350,FanDuel,fanduel,player_points_alternate,the-odds-api,2026-08-20T14:45:07.648190+00:00
2026-08-20,1633124eeb20fd6dff51c151adeeb077,Atlanta Dream @ Los Angeles Sparks,2026-08-21T02:00:00Z,Los Angeles Sparks,Atlanta Dream,Allisha Gray,,PTS,OVER,24.5,305,FanDuel,fanduel,player_points_alternate,the-odds-api,2026-08-20T14:45:07.648190+00:00
2026-08-20,1633124eeb20fd6dff51c151adeeb077,Atlanta Dream @ Los Angeles Sparks,2026-08-21T02:00:00Z,Los Angeles Sparks,Atlanta Dream,Rae Burrell,,PTS,OVER,24.5,550,FanDuel,fanduel,player_points_alternate,the-odds-api,2026-08-20T14:45:07.648190+00:00
2026-08-20,1633124eeb20fd6dff51c151adeeb077,Atlanta Dream @ Los Angeles Sparks,2026-08-21T02:00:00Z,Los Angeles Sparks,Atlanta Dream,Nneka Ogwumike,,PTS,OVER,24.5,830,FanDuel,fanduel,player_points_alternate,the-odds-api,2026-08-20T14:45:07.648190+00:00
2026-08-20,1633124eeb20fd6dff51c151adeeb077,Atlanta Dream @ Los Angeles Sparks,2026-08-21T02:00:00Z,Los Angeles Sparks,Atlanta Dream,Dearica Hamby,,PTS,OVER,24.5,900,FanDuel,fanduel,player_points_alternate,the-odds-api,2026-08-20T14:45:07.648190+00:00
2026-08-20,1633124eeb20fd6dff51c151adeeb077,Atlanta Dream @ Los Angeles Sparks,2026-08-21T02:00:00Z,Los Angeles Sparks,Atlanta Dream,Angel Reese,,PTS,OVER,14.5,-184,FanDuel,fanduel,player_points_alternate,the-odds-api,2026-08-20T14:45:07.648190+00:00
2026-08-20,1633124eeb20fd6dff51c151adeeb077,Atlanta Dream @ Los Angeles Sparks,2026-08-21T02:00:00Z,Los Angeles Sparks,Atlanta Dream,Rhyne Howard,,PTS,OVER,14.5,-330,FanDuel,fanduel,player_points_alternate,the-odds-api,2026-08-20T14:45:07.648190+00:00
2026-08-20,1633124eeb20fd6dff51c151adeeb077,Atlanta Dream @ Los Angeles Sparks,2026-08-21T02:00:00Z,Los Angeles Sparks,Atlanta Dream,Allisha Gray,,PTS,OVER,14.5,-480,FanDuel,fanduel,player_points_alternate,the-odds-api,2026-08-20T14:45:07.648190+00:00
2026-08-20,1633124eeb20fd6dff51c151adeeb077,Atlanta Dream @ Los Angeles Sparks,2026-08-21T02:00:00Z,Los Angeles Sparks,Atlanta Dream,Naz Hillmon,,PTS,OVER,14.5,490,FanDuel,fanduel,player_points_alternate,the-odds-api,2026-08-20T14:45:07.648190+00:00
2026-08-20,1633124eeb20fd6dff51c151adeeb077,Atlanta Dream @ Los Angeles Sparks,2026-08-21T02:00:00Z,Los Angeles Sparks,Atlanta Dream,Jordin Canada,,PTS,OVER,14.5,255,FanDuel,fanduel,player_points_alternate,the-odds-api,2026-08-20T14:45:07.648190+00:00
2026-08-20,1633124eeb20fd6dff51c151adeeb077,Atlanta Dream @ Los Angeles Sparks,2026-08-21T02:00:00Z,Los Angeles Sparks,Atlanta Dream,Rae Burrell,,PTS,OVER,14.5,-192,FanDuel,fanduel,player_points_alternate,the-odds-api,2026-08-20T14:45:07.648190+00:00
2026-08-20,1633124eeb20fd6dff51c151adeeb077,Atlanta Dream @ Los Angeles Sparks,2026-08-21T02:00:00Z,Los Angeles Sparks,Atlanta Dream,Nneka Ogwumike,,PTS,OVER,14.5,-140,FanDuel,fanduel,player_points_alternate,the-odds-api,2026-08-20T14:45:07.648190+00:00
2026-08-20,1633124eeb20fd6dff51c151adeeb077,Atlanta Dream @ Los Angeles Sparks,2026-08-21T02:00:00Z,Los Angeles Sparks,Atlanta Dream,Dearica Hamby,,PTS,OVER,14.5,-125,FanDuel,fanduel,player_points_alternate,the-odds-api,2026-08-20T14:45:07.648190+00:00
2026-08-20,1633124eeb20fd6dff51c151adeeb077,Atlanta Dream @ Los Angeles Sparks,2026-08-21T02:00:00Z,Los Angeles Sparks,Atlanta Dream,Ariel Atkins,,PTS,OVER,14.5,470,FanDuel,fanduel,player_points_alternate,the-odds-api,2026-08-20T14:45:07.648190+00:00
2026-08-20,1633124eeb20fd6dff51c151adeeb077,Atlanta Dream @ Los Angeles Sparks,2026-08-21T02:00:00Z,Los Angeles Sparks,Atlanta Dream,Erica Wheeler,,PTS,OVER,14.5,500,FanDuel,fanduel,player_points_alternate,the-odds-api,2026-08-20T14:45:07.648190+00:00
2026-08-20,1633124eeb20fd6dff51c151adeeb077,Atlanta Dream @ Los Angeles Sparks,2026-08-21T02:00:00Z,Los Angeles Sparks,Atlanta Dream,Cameron Brink,,PTS,OVER,14.5,830,FanDuel,fanduel,player_points_alternate,the-odds-api,2026-08-20T14:45:07.648190+00:00
2026-08-20,1633124eeb20fd6dff51c151adeeb077,Atlanta Dream @ Los Angeles Sparks,2026-08-21T02:00:00Z,Los Angeles Sparks,Atlanta Dream,Angel Reese,,PTS,OVER,29.5,2800,FanDuel,fanduel,player_points_alternate,the-odds-api,2026-08-20T14:45:07.648190+00:00
2026-08-20,1633124eeb20fd6dff51c151adeeb077,Atlanta Dream @ Los Angeles Sparks,2026-08-21T02:00:00Z,Los Angeles Sparks,Atlanta Dream,Rhyne Howard,,PTS,OVER,29.5,980,FanDuel,fanduel,player_points_alternate,the-odds-api,2026-08-20T14:45:07.648190+00:00
2026-08-20,1633124eeb20fd6dff51c151adeeb077,Atlanta Dream @ Los Angeles Sparks,2026-08-21T02:00:00Z,Los Angeles Sparks,Atlanta Dream,Allisha Gray,,PTS,OVER,29.5,900,FanDuel,fanduel,player_points_alternate,the-odds-api,2026-08-20T14:45:07.648190+00:00
2026-08-20,1633124eeb20fd6dff51c151adeeb077,Atlanta Dream @ Los Angeles Sparks,2026-08-21T02:00:00Z,Los Angeles Sparks,Atlanta Dream,Rae Burrell,,PTS,OVER,29.5,1400,FanDuel,fanduel,player_points_alternate,the-odds-api,2026-08-20T14:45:07.648190+00:00
2026-08-20,1633124eeb20fd6dff51c151adeeb077,Atlanta Dream @ Los Angeles Sparks,2026-08-21T02:00:00Z,Los Angeles Sparks,Atlanta Dream,Nneka Ogwumike,,PTS,OVER,29.5,2200,FanDuel,fanduel,player_points_alternate,the-odds-api,2026-08-20T14:45:07.648190+00:00
2026-08-20,1633124eeb20fd6dff51c151adeeb077,Atlanta Dream @ Los Angeles Sparks,2026-08-21T02:00:00Z,Los Angeles Sparks,Atlanta Dream,Dearica Hamby,,PTS,OVER,29.5,2500,FanDuel,fanduel,player_points_alternate,the-odds-api,2026-08-20T14:45:07.648190+00:00
2026-08-20,1633124eeb20fd6dff51c151adeeb077,Atlanta Dream @ Los Angeles Sparks,2026-08-21T02:00:00Z,Los Angeles Sparks,Atlanta Dream,Angel Reese,,PTS,OVER,9.5,-1300,FanDuel,fanduel,player_points_alternate,the-odds-api,2026-08-20T14:45:07.648190+00:00
2026-08-20,1633124eeb20fd6dff51c151adeeb077,Atlanta Dream @ Los Angeles Sparks,2026-08-21T02:00:00Z,Los Angeles Sparks,Atlanta Dream,Rhyne Howard,,PTS,OVER,9.5,-2800,FanDuel,fanduel,player_points_alternate,the-odds-api,2026-08-20T14:45:07.648190+00:00
2026-08-20,1633124eeb20fd6dff51c151adeeb077,Atlanta Dream @ Los Angeles Sparks,2026-08-21T02:00:00Z,Los Angeles Sparks,Atlanta Dream,Naz Hillmon,,PTS,OVER,9.5,106,FanDuel,fanduel,player_points_alternate,the-odds-api,2026-08-20T14:45:07.648190+00:00
2026-08-20,1633124eeb20fd6dff51c151adeeb077,Atlanta Dream @ Los Angeles Sparks,2026-08-21T02:00:00Z,Los Angeles Sparks,Atlanta Dream,Jordin Canada,,PTS,OVER,9.5,-210,FanDuel,fanduel,player_points_alternate,the-odds-api,2026-08-20T14:45:07.648190+00:00
2026-08-20,1633124eeb20fd6dff51c151adeeb077,Atlanta Dream @ Los Angeles Sparks,2026-08-21T02:00:00Z,Los Angeles Sparks,Atlanta Dream,Rae Burrell,,PTS,OVER,9.5,-1200,FanDuel,fanduel,player_points_alternate,the-odds-api,2026-08-20T14:45:07.648190+00:00
2026-08-20,1633124eeb20fd6dff51c151adeeb077,Atlanta Dream @ Los Angeles Sparks,2026-08-21T02:00:00Z,Los Angeles Sparks,Atlanta Dream,Nneka Ogwumike,,PTS,OVER,9.5,-700,FanDuel,fanduel,player_points_alternate,the-odds-api,2026-08-20T14:45:07.648190+00:00
2026-08-20,1633124eeb20fd6dff51c151adeeb077,Atlanta Dream @ Los Angeles Sparks,2026-08-21T02:00:00Z,Los Angeles Sparks,Atlanta Dream,Dearica Hamby,,PTS,OVER,9.5,-670,FanDuel,fanduel,player_points_alternate,the-odds-api,2026-08-20T14:45:07.648190+00:00
2026-08-20,1633124eeb20fd6dff51c151adeeb077,Atlanta Dream @ Los Angeles Sparks,2026-08-21T02:00:00Z,Los Angeles Sparks,Atlanta Dream,Ariel Atkins,,PTS,OVER,9.5,108,FanDuel,fanduel,player_points_alternate,the-odds-api,2026-08-20T14:45:07.648190+00:00
2026-08-20,1633124eeb20fd6dff51c151adeeb077,Atlanta Dream @ Los Angeles Sparks,2026-08-21T02:00:00Z,Los Angeles Sparks,Atlanta Dream,Erica Wheeler,,PTS,OVER,9.5,116,FanDuel,fanduel,player_points_alternate,the-odds-api,2026-08-20T14:45:07.648190+00:00
2026-08-20,1633124eeb20fd6dff51c151adeeb077,Atlanta Dream @ Los Angeles Sparks,2026-08-21T02:00:00Z,Los Angeles Sparks,Atlanta Dream,Cameron Brink,,PTS,OVER,9.5,195,FanDuel,fanduel,player_points_alternate,the-odds-api,2026-08-20T14:45:07.648190+00:00
2026-08-20,1633124eeb20fd6dff51c151adeeb077,Atlanta Dream @ Los Angeles Sparks,2026-08-21T02:00:00Z,Los Angeles Sparks,Atlanta Dream,Monique Akoa Makani,,PTS,OVER,9.5,250,FanDuel,fanduel,player_points_alternate,the-odds-api,2026-08-20T14:45:07.648190+00:00
2026-08-20,1633124eeb20fd6dff51c151adeeb077,Atlanta Dream @ Los Angeles Sparks,2026-08-21T02:00:00Z,Los Angeles Sparks,Atlanta Dream,Angel Reese,,PTS,OVER,19.5,235,FanDuel,fanduel,player_points_alternate,the-odds-api,2026-08-20T14:45:07.648190+00:00
2026-08-20,1633124eeb20fd6dff51c151adeeb077,Atlanta Dream @ Los Angeles Sparks,2026-08-21T02:00:00Z,Los Angeles Sparks,Atlanta Dream,Rhyne Howard,,PTS,OVER,19.5,116,FanDuel,fanduel,player_points_alternate,the-odds-api,2026-08-20T14:45:07.648190+00:00
2026-08-20,1633124eeb20fd6dff51c151adeeb077,Atlanta Dream @ Los Angeles Sparks,2026-08-21T02:00:00Z,Los Angeles Sparks,Atlanta Dream,Allisha Gray,,PTS,OVER,19.5,-113,FanDuel,fanduel,player_points_alternate,the-odds-api,2026-08-20T14:45:07.648190+00:00
2026-08-20,1633124eeb20fd6dff51c151adeeb077,Atlanta Dream @ Los Angeles Sparks,2026-08-21T02:00:00Z,Los Angeles Sparks,Atlanta Dream,Jordin Canada,,PTS,OVER,19.5,940,FanDuel,fanduel,player_points_alternate,the-odds-api,2026-08-20T14:45:07.648190+00:00
2026-08-20,1633124eeb20fd6dff51c151adeeb077,Atlanta Dream @ Los Angeles Sparks,2026-08-21T02:00:00Z,Los Angeles Sparks,Atlanta Dream,Rae Burrell,,PTS,OVER,19.5,185,FanDuel,fanduel,player_points_alternate,the-odds-api,2026-08-20T14:45:07.648190+00:00
2026-08-20,1633124eeb20fd6dff51c151adeeb077,Atlanta Dream @ Los Angeles Sparks,2026-08-21T02:00:00Z,Los Angeles Sparks,Atlanta Dream,Nneka Ogwumike,,PTS,OVER,19.5,265,FanDuel,fanduel,player_points_alternate,the-odds-api,2026-08-20T14:45:07.648190+00:00
2026-08-20,1633124eeb20fd6dff51c151adeeb077,Atlanta Dream @ Los Angeles Sparks,2026-08-21T02:00:00Z,Los Angeles Sparks,Atlanta Dream,Dearica Hamby,,PTS,OVER,19.5,300,FanDuel,fanduel,player_points_alternate,the-odds-api,2026-08-20T14:45:07.648190+00:00
2026-08-20,1633124eeb20fd6dff51c151adeeb077,Atlanta Dream @ Los Angeles Sparks,2026-08-21T02:00:00Z,Los Angeles Sparks,Atlanta Dream,Nneka Ogwumike,,REB,OVER,5.5,-580,FanDuel,fanduel,player_rebounds_alternate,the-odds-api,2026-08-20T14:45:07.648190+00:00
2026-08-20,1633124eeb20fd6dff51c151adeeb077,Atlanta Dream @ Los Angeles Sparks,2026-08-21T02:00:00Z,Los Angeles Sparks,Atlanta Dream,Dearica Hamby,,REB,OVER,5.5,-250,FanDuel,fanduel,player_rebounds_alternate,the-odds-api,2026-08-20T14:45:07.648190+00:00
2026-08-20,1633124eeb20fd6dff51c151adeeb077,Atlanta Dream @ Los Angeles Sparks,2026-08-21T02:00:00Z,Los Angeles Sparks,Atlanta Dream,Naz Hillmon,,REB,OVER,5.5,142,FanDuel,fanduel,player_rebounds_alternate,the-odds-api,2026-08-20T14:45:07.648190+00:00
2026-08-20,1633124eeb20fd6dff51c151adeeb077,Atlanta Dream @ Los Angeles Sparks,2026-08-21T02:00:00Z,Los Angeles Sparks,Atlanta Dream,Cameron Brink,,REB,OVER,5.5,142,FanDuel,fanduel,player_rebounds_alternate,the-odds-api,2026-08-20T14:45:07.648190+00:00
2026-08-20,1633124eeb20fd6dff51c151adeeb077,Atlanta Dream @ Los Angeles Sparks,2026-08-21T02:00:00Z,Los Angeles Sparks,Atlanta Dream,Rhyne Howard,,REB,OVER,5.5,430,FanDuel,fanduel,player_rebounds_alternate,the-odds-api,2026-08-20T14:45:07.648190+00:00
2026-08-20,1633124eeb20fd6dff51c151adeeb077,Atlanta Dream @ Los Angeles Sparks,2026-08-21T02:00:00Z,Los Angeles Sparks,Atlanta Dream,Jordin Canada,,REB,OVER,5.5,430,FanDuel,fanduel,player_rebounds_alternate,the-odds-api,2026-08-20T14:45:07.648190+00:00
2026-08-20,1633124eeb20fd6dff51c151adeeb077,Atlanta Dream @ Los Angeles Sparks,2026-08-21T02:00:00Z,Los Angeles Sparks,Atlanta Dream,Allisha Gray,,REB,OVER,5.5,630,FanDuel,fanduel,player_rebounds_alternate,the-odds-api,2026-08-20T14:45:07.648190+00:00
2026-08-20,1633124eeb20fd6dff51c151adeeb077,Atlanta Dream @ Los Angeles Sparks,2026-08-21T02:00:00Z,Los Angeles Sparks,Atlanta Dream,Ariel Atkins,,REB,OVER,5.5,880,FanDuel,fanduel,player_rebounds_alternate,the-odds-api,2026-08-20T14:45:07.648190+00:00
2026-08-20,1633124eeb20fd6dff51c151adeeb077,Atlanta Dream @ Los Angeles Sparks,2026-08-21T02:00:00Z,Los Angeles Sparks,Atlanta Dream,Angel Reese,,REB,OVER,13.5,120,FanDuel,fanduel,player_rebounds_alternate,the-odds-api,2026-08-20T14:45:07.648190+00:00
2026-08-20,1633124eeb20fd6dff51c151adeeb077,Atlanta Dream @ Los Angeles Sparks,2026-08-21T02:00:00Z,Los Angeles Sparks,Atlanta Dream,Nneka Ogwumike,,REB,OVER,13.5,1000,FanDuel,fanduel,player_rebounds_alternate,the-odds-api,2026-08-20T14:45:07.648190+00:00
2026-08-20,1633124eeb20fd6dff51c151adeeb077,Atlanta Dream @ Los Angeles Sparks,2026-08-21T02:00:00Z,Los Angeles Sparks,Atlanta Dream,Angel Reese,,REB,OVER,7.5,-3000,FanDuel,fanduel,player_rebounds_alternate,the-odds-api,2026-08-20T14:45:07.648190+00:00
2026-08-20,1633124eeb20fd6dff51c151adeeb077,Atlanta Dream @ Los Angeles Sparks,2026-08-21T02:00:00Z,Los Angeles Sparks,Atlanta Dream,Nneka Ogwumike,,REB,OVER,7.5,-154,FanDuel,fanduel,player_rebounds_alternate,the-odds-api,2026-08-20T14:45:07.648190+00:00
2026-08-20,1633124eeb20fd6dff51c151adeeb077,Atlanta Dream @ Los Angeles Sparks,2026-08-21T02:00:00Z,Los Angeles Sparks,Atlanta Dream,Dearica Hamby,,REB,OVER,7.5,142,FanDuel,fanduel,player_rebounds_alternate,the-odds-api,2026-08-20T14:45:07.648190+00:00
2026-08-20,1633124eeb20fd6dff51c151adeeb077,Atlanta Dream @ Los Angeles Sparks,2026-08-21T02:00:00Z,Los Angeles Sparks,Atlanta Dream,Cameron Brink,,REB,OVER,7.5,450,FanDuel,fanduel,player_rebounds_alternate,the-odds-api,2026-08-20T14:45:07.648190+00:00
2026-08-20,1633124eeb20fd6dff51c151adeeb077,Atlanta Dream @ Los Angeles Sparks,2026-08-21T02:00:00Z,Los Angeles Sparks,Atlanta Dream,Naz Hillmon,,REB,OVER,7.5,520,FanDuel,fanduel,player_rebounds_alternate,the-odds-api,2026-08-20T14:45:07.648190+00:00
2026-08-20,1633124eeb20fd6dff51c151adeeb077,Atlanta Dream @ Los Angeles Sparks,2026-08-21T02:00:00Z,Los Angeles Sparks,Atlanta Dream,Angel Reese,,REB,OVER,11.5,-220,FanDuel,fanduel,player_rebounds_alternate,the-odds-api,2026-08-20T14:45:07.648190+00:00
2026-08-20,1633124eeb20fd6dff51c151adeeb077,Atlanta Dream @ Los Angeles Sparks,2026-08-21T02:00:00Z,Los Angeles Sparks,Atlanta Dream,Nneka Ogwumike,,REB,OVER,11.5,430,FanDuel,fanduel,player_rebounds_alternate,the-odds-api,2026-08-20T14:45:07.648190+00:00
2026-08-20,1633124eeb20fd6dff51c151adeeb077,Atlanta Dream @ Los Angeles Sparks,2026-08-21T02:00:00Z,Los Angeles Sparks,Atlanta Dream,Dearica Hamby,,REB,OVER,11.5,880,FanDuel,fanduel,player_rebounds_alternate,the-odds-api,2026-08-20T14:45:07.648190+00:00
2026-08-20,1633124eeb20fd6dff51c151adeeb077,Atlanta Dream @ Los Angeles Sparks,2026-08-21T02:00:00Z,Los Angeles Sparks,Atlanta Dream,Angel Reese,,REB,OVER,9.5,-670,FanDuel,fanduel,player_rebounds_alternate,the-odds-api,2026-08-20T14:45:07.648190+00:00
2026-08-20,1633124eeb20fd6dff51c151adeeb077,Atlanta Dream @ Los Angeles Sparks,2026-08-21T02:00:00Z,Los Angeles Sparks,Atlanta Dream,Nneka Ogwumike,,REB,OVER,9.5,164,FanDuel,fanduel,player_rebounds_alternate,the-odds-api,2026-08-20T14:45:07.648190+00:00
2026-08-20,1633124eeb20fd6dff51c151adeeb077,Atlanta Dream @ Los Angeles Sparks,2026-08-21T02:00:00Z,Los Angeles Sparks,Atlanta Dream,Dearica Hamby,,REB,OVER,9.5,360,FanDuel,fanduel,player_rebounds_alternate,the-odds-api,2026-08-20T14:45:07.648190+00:00
2026-08-20,1633124eeb20fd6dff51c151adeeb077,Atlanta Dream @ Los Angeles Sparks,2026-08-21T02:00:00Z,Los Angeles Sparks,Atlanta Dream,Cameron Brink,,REB,OVER,9.5,1000,FanDuel,fanduel,player_rebounds_alternate,the-odds-api,2026-08-20T14:45:07.648190+00:00
2026-08-20,1633124eeb20fd6dff51c151adeeb077,Atlanta Dream @ Los Angeles Sparks,2026-08-21T02:00:00Z,Los Angeles Sparks,Atlanta Dream,Naz Hillmon,,REB,OVER,9.5,1280,FanDuel,fanduel,player_rebounds_alternate,the-odds-api,2026-08-20T14:45:07.648190+00:00
2026-08-20,1633124eeb20fd6dff51c151adeeb077,Atlanta Dream @ Los Angeles Sparks,2026-08-21T02:00:00Z,Los Angeles Sparks,Atlanta Dream,Angel Reese,,REB,OVER,15.5,280,FanDuel,fanduel,player_rebounds_alternate,the-odds-api,2026-08-20T14:45:07.648190+00:00
2026-08-20,1633124eeb20fd6dff51c151adeeb077,Atlanta Dream @ Los Angeles Sparks,2026-08-21T02:00:00Z,Los Angeles Sparks,Atlanta Dream,Dearica Hamby,,REB,OVER,3.5,-1600,FanDuel,fanduel,player_rebounds_alternate,the-odds-api,2026-08-20T14:45:07.648190+00:00
2026-08-20,1633124eeb20fd6dff51c151adeeb077,Atlanta Dream @ Los Angeles Sparks,2026-08-21T02:00:00Z,Los Angeles Sparks,Atlanta Dream,Naz Hillmon,,REB,OVER,3.5,-340,FanDuel,fanduel,player_rebounds_alternate,the-odds-api,2026-08-20T14:45:07.648190+00:00
2026-08-20,1633124eeb20fd6dff51c151adeeb077,Atlanta Dream @ Los Angeles Sparks,2026-08-21T02:00:00Z,Los Angeles Sparks,Atlanta Dream,Cameron Brink,,REB,OVER,3.5,-290,FanDuel,fanduel,player_rebounds_alternate,the-odds-api,2026-08-20T14:45:07.648190+00:00
2026-08-20,1633124eeb20fd6dff51c151adeeb077,Atlanta Dream @ Los Angeles Sparks,2026-08-21T02:00:00Z,Los Angeles Sparks,Atlanta Dream,Rhyne Howard,,REB,OVER,3.5,-114,FanDuel,fanduel,player_rebounds_alternate,the-odds-api,2026-08-20T14:45:07.648190+00:00
2026-08-20,1633124eeb20fd6dff51c151adeeb077,Atlanta Dream @ Los Angeles Sparks,2026-08-21T02:00:00Z,Los Angeles Sparks,Atlanta Dream,Jordin Canada,,REB,OVER,3.5,-104,FanDuel,fanduel,player_rebounds_alternate,the-odds-api,2026-08-20T14:45:07.648190+00:00
2026-08-20,1633124eeb20fd6dff51c151adeeb077,Atlanta Dream @ Los Angeles Sparks,2026-08-21T02:00:00Z,Los Angeles Sparks,Atlanta Dream,Allisha Gray,,REB,OVER,3.5,122,FanDuel,fanduel,player_rebounds_alternate,the-odds-api,2026-08-20T14:45:07.648190+00:00
2026-08-20,1633124eeb20fd6dff51c151adeeb077,Atlanta Dream @ Los Angeles Sparks,2026-08-21T02:00:00Z,Los Angeles Sparks,Atlanta Dream,Ariel Atkins,,REB,OVER,3.5,198,FanDuel,fanduel,player_rebounds_alternate,the-odds-api,2026-08-20T14:45:07.648190+00:00
2026-08-20,1633124eeb20fd6dff51c151adeeb077,Atlanta Dream @ Los Angeles Sparks,2026-08-21T02:00:00Z,Los Angeles Sparks,Atlanta Dream,Rae Burrell,,REB,OVER,3.5,240,FanDuel,fanduel,player_rebounds_alternate,the-odds-api,2026-08-20T14:45:07.648190+00:00
2026-08-20,1633124eeb20fd6dff51c151adeeb077,Atlanta Dream @ Los Angeles Sparks,2026-08-21T02:00:00Z,Los Angeles Sparks,Atlanta Dream,Rhyne Howard,,3PM,OVER,2.5,-245,FanDuel,fanduel,player_threes_alternate,the-odds-api,2026-08-20T14:45:07.648190+00:00
2026-08-20,1633124eeb20fd6dff51c151adeeb077,Atlanta Dream @ Los Angeles Sparks,2026-08-21T02:00:00Z,Los Angeles Sparks,Atlanta Dream,Rae Burrell,,3PM,OVER,2.5,154,FanDuel,fanduel,player_threes_alternate,the-odds-api,2026-08-20T14:45:07.648190+00:00
2026-08-20,1633124eeb20fd6dff51c151adeeb077,Atlanta Dream @ Los Angeles Sparks,2026-08-21T02:00:00Z,Los Angeles Sparks,Atlanta Dream,Allisha Gray,,3PM,OVER,2.5,225,FanDuel,fanduel,player_threes_alternate,the-odds-api,2026-08-20T14:45:07.648190+00:00
2026-08-20,1633124eeb20fd6dff51c151adeeb077,Atlanta Dream @ Los Angeles Sparks,2026-08-21T02:00:00Z,Los Angeles Sparks,Atlanta Dream,Ariel Atkins,,3PM,OVER,2.5,410,FanDuel,fanduel,player_threes_alternate,the-odds-api,2026-08-20T14:45:07.648190+00:00
2026-08-20,1633124eeb20fd6dff51c151adeeb077,Atlanta Dream @ Los Angeles Sparks,2026-08-21T02:00:00Z,Los Angeles Sparks,Atlanta Dream,Nneka Ogwumike,,3PM,OVER,2.5,450,FanDuel,fanduel,player_threes_alternate,the-odds-api,2026-08-20T14:45:07.648190+00:00
2026-08-20,1633124eeb20fd6dff51c151adeeb077,Atlanta Dream @ Los Angeles Sparks,2026-08-21T02:00:00Z,Los Angeles Sparks,Atlanta Dream,Erica Wheeler,,3PM,OVER,2.5,520,FanDuel,fanduel,player_threes_alternate,the-odds-api,2026-08-20T14:45:07.648190+00:00
2026-08-20,1633124eeb20fd6dff51c151adeeb077,Atlanta Dream @ Los Angeles Sparks,2026-08-21T02:00:00Z,Los Angeles Sparks,Atlanta Dream,Naz Hillmon,,3PM,OVER,2.5,580,FanDuel,fanduel,player_threes_alternate,the-odds-api,2026-08-20T14:45:07.648190+00:00
2026-08-20,1633124eeb20fd6dff51c151adeeb077,Atlanta Dream @ Los Angeles Sparks,2026-08-21T02:00:00Z,Los Angeles Sparks,Atlanta Dream,Jordin Canada,,3PM,OVER,2.5,750,FanDuel,fanduel,player_threes_alternate,the-odds-api,2026-08-20T14:45:07.648190+00:00
2026-08-20,1633124eeb20fd6dff51c151adeeb077,Atlanta Dream @ Los Angeles Sparks,2026-08-21T02:00:00Z,Los Angeles Sparks,Atlanta Dream,Rhyne Howard,,3PM,OVER,6.5,1100,FanDuel,fanduel,player_threes_alternate,the-odds-api,2026-08-20T14:45:07.648190+00:00
2026-08-20,1633124eeb20fd6dff51c151adeeb077,Atlanta Dream @ Los Angeles Sparks,2026-08-21T02:00:00Z,Los Angeles Sparks,Atlanta Dream,Rhyne Howard,,3PM,OVER,4.5,260,FanDuel,fanduel,player_threes_alternate,the-odds-api,2026-08-20T14:45:07.648190+00:00
2026-08-20,1633124eeb20fd6dff51c151adeeb077,Atlanta Dream @ Los Angeles Sparks,2026-08-21T02:00:00Z,Los Angeles Sparks,Atlanta Dream,Rae Burrell,,3PM,OVER,4.5,880,FanDuel,fanduel,player_threes_alternate,the-odds-api,2026-08-20T14:45:07.648190+00:00
2026-08-20,1633124eeb20fd6dff51c151adeeb077,Atlanta Dream @ Los Angeles Sparks,2026-08-21T02:00:00Z,Los Angeles Sparks,Atlanta Dream,Allisha Gray,,3PM,OVER,4.5,1280,FanDuel,fanduel,player_threes_alternate,the-odds-api,2026-08-20T14:45:07.648190+00:00
2026-08-20,1633124eeb20fd6dff51c151adeeb077,Atlanta Dream @ Los Angeles Sparks,2026-08-21T02:00:00Z,Los Angeles Sparks,Atlanta Dream,Rhyne Howard,,3PM,OVER,1.5,-850,FanDuel,fanduel,player_threes_alternate,the-odds-api,2026-08-20T14:45:07.648190+00:00
2026-08-20,1633124eeb20fd6dff51c151adeeb077,Atlanta Dream @ Los Angeles Sparks,2026-08-21T02:00:00Z,Los Angeles Sparks,Atlanta Dream,Rae Burrell,,3PM,OVER,1.5,-210,FanDuel,fanduel,player_threes_alternate,the-odds-api,2026-08-20T14:45:07.648190+00:00
2026-08-20,1633124eeb20fd6dff51c151adeeb077,Atlanta Dream @ Los Angeles Sparks,2026-08-21T02:00:00Z,Los Angeles Sparks,Atlanta Dream,Allisha Gray,,3PM,OVER,1.5,-146,FanDuel,fanduel,player_threes_alternate,the-odds-api,2026-08-20T14:45:07.648190+00:00
2026-08-20,1633124eeb20fd6dff51c151adeeb077,Atlanta Dream @ Los Angeles Sparks,2026-08-21T02:00:00Z,Los Angeles Sparks,Atlanta Dream,Ariel Atkins,,3PM,OVER,1.5,138,FanDuel,fanduel,player_threes_alternate,the-odds-api,2026-08-20T14:45:07.648190+00:00
2026-08-20,1633124eeb20fd6dff51c151adeeb077,Atlanta Dream @ Los Angeles Sparks,2026-08-21T02:00:00Z,Los Angeles Sparks,Atlanta Dream,Nneka Ogwumike,,3PM,OVER,1.5,148,FanDuel,fanduel,player_threes_alternate,the-odds-api,2026-08-20T14:45:07.648190+00:00
2026-08-20,1633124eeb20fd6dff51c151adeeb077,Atlanta Dream @ Los Angeles Sparks,2026-08-21T02:00:00Z,Los Angeles Sparks,Atlanta Dream,Erica Wheeler,,3PM,OVER,1.5,162,FanDuel,fanduel,player_threes_alternate,the-odds-api,2026-08-20T14:45:07.648190+00:00
2026-08-20,1633124eeb20fd6dff51c151adeeb077,Atlanta Dream @ Los Angeles Sparks,2026-08-21T02:00:00Z,Los Angeles Sparks,Atlanta Dream,Naz Hillmon,,3PM,OVER,1.5,178,FanDuel,fanduel,player_threes_alternate,the-odds-api,2026-08-20T14:45:07.648190+00:00
2026-08-20,1633124eeb20fd6dff51c151adeeb077,Atlanta Dream @ Los Angeles Sparks,2026-08-21T02:00:00Z,Los Angeles Sparks,Atlanta Dream,Jordin Canada,,3PM,OVER,1.5,225,FanDuel,fanduel,player_threes_alternate,the-odds-api,2026-08-20T14:45:07.648190+00:00
2026-08-20,1633124eeb20fd6dff51c151adeeb077,Atlanta Dream @ Los Angeles Sparks,2026-08-21T02:00:00Z,Los Angeles Sparks,Atlanta Dream,Rae Burrell,,3PM,OVER,0.5,-1200,FanDuel,fanduel,player_threes_alternate,the-odds-api,2026-08-20T14:45:07.648190+00:00
2026-08-20,1633124eeb20fd6dff51c151adeeb077,Atlanta Dream @ Los Angeles Sparks,2026-08-21T02:00:00Z,Los Angeles Sparks,Atlanta Dream,Allisha Gray,,3PM,OVER,0.5,-800,FanDuel,fanduel,player_threes_alternate,the-odds-api,2026-08-20T14:45:07.648190+00:00
2026-08-20,1633124eeb20fd6dff51c151adeeb077,Atlanta Dream @ Los Angeles Sparks,2026-08-21T02:00:00Z,Los Angeles Sparks,Atlanta Dream,Ariel Atkins,,3PM,OVER,0.5,-360,FanDuel,fanduel,player_threes_alternate,the-odds-api,2026-08-20T14:45:07.648190+00:00
2026-08-20,1633124eeb20fd6dff51c151adeeb077,Atlanta Dream @ Los Angeles Sparks,2026-08-21T02:00:00Z,Los Angeles Sparks,Atlanta Dream,Nneka Ogwumike,,3PM,OVER,0.5,-330,FanDuel,fanduel,player_threes_alternate,the-odds-api,2026-08-20T14:45:07.648190+00:00
2026-08-20,1633124eeb20fd6dff51c151adeeb077,Atlanta Dream @ Los Angeles Sparks,2026-08-21T02:00:00Z,Los Angeles Sparks,Atlanta Dream,Naz Hillmon,,3PM,OVER,0.5,-290,FanDuel,fanduel,player_threes_alternate,the-odds-api,2026-08-20T14:45:07.648190+00:00
2026-08-20,1633124eeb20fd6dff51c151adeeb077,Atlanta Dream @ Los Angeles Sparks,2026-08-21T02:00:00Z,Los Angeles Sparks,Atlanta Dream,Erica Wheeler,,3PM,OVER,0.5,-310,FanDuel,fanduel,player_threes_alternate,the-odds-api,2026-08-20T14:45:07.648190+00:00
2026-08-20,1633124eeb20fd6dff51c151adeeb077,Atlanta Dream @ Los Angeles Sparks,2026-08-21T02:00:00Z,Los Angeles Sparks,Atlanta Dream,Jordin Canada,,3PM,OVER,0.5,-225,FanDuel,fanduel,player_threes_alternate,the-odds-api,2026-08-20T14:45:07.648190+00:00
2026-08-20,1633124eeb20fd6dff51c151adeeb077,Atlanta Dream @ Los Angeles Sparks,2026-08-21T02:00:00Z,Los Angeles Sparks,Atlanta Dream,Angel Reese,,3PM,OVER,0.5,205,FanDuel,fanduel,player_threes_alternate,the-odds-api,2026-08-20T14:45:07.648190+00:00
2026-08-20,1633124eeb20fd6dff51c151adeeb077,Atlanta Dream @ Los Angeles Sparks,2026-08-21T02:00:00Z,Los Angeles Sparks,Atlanta Dream,Rhyne Howard,,3PM,OVER,5.5,580,FanDuel,fanduel,player_threes_alternate,the-odds-api,2026-08-20T14:45:07.648190+00:00
2026-08-20,1633124eeb20fd6dff51c151adeeb077,Atlanta Dream @ Los Angeles Sparks,2026-08-21T02:00:00Z,Los Angeles Sparks,Atlanta Dream,Rhyne Howard,,3PM,OVER,3.5,112,FanDuel,fanduel,player_threes_alternate,the-odds-api,2026-08-20T14:45:07.648190+00:00
2026-08-20,1633124eeb20fd6dff51c151adeeb077,Atlanta Dream @ Los Angeles Sparks,2026-08-21T02:00:00Z,Los Angeles Sparks,Atlanta Dream,Rae Burrell,,3PM,OVER,3.5,390,FanDuel,fanduel,player_threes_alternate,the-odds-api,2026-08-20T14:45:07.648190+00:00
2026-08-20,1633124eeb20fd6dff51c151adeeb077,Atlanta Dream @ Los Angeles Sparks,2026-08-21T02:00:00Z,Los Angeles Sparks,Atlanta Dream,Allisha Gray,,3PM,OVER,3.5,580,FanDuel,fanduel,player_threes_alternate,the-odds-api,2026-08-20T14:45:07.648190+00:00
2026-08-20,1633124eeb20fd6dff51c151adeeb077,Atlanta Dream @ Los Angeles Sparks,2026-08-21T02:00:00Z,Los Angeles Sparks,Atlanta Dream,Ariel Atkins,,3PM,OVER,3.5,1100,FanDuel,fanduel,player_threes_alternate,the-odds-api,2026-08-20T14:45:07.648190+00:00
2026-08-20,1633124eeb20fd6dff51c151adeeb077,Atlanta Dream @ Los Angeles Sparks,2026-08-21T02:00:00Z,Los Angeles Sparks,Atlanta Dream,Nneka Ogwumike,,3PM,OVER,3.5,1200,FanDuel,fanduel,player_threes_alternate,the-odds-api,2026-08-20T14:45:07.648190+00:00
2026-08-20,1633124eeb20fd6dff51c151adeeb077,Atlanta Dream @ Los Angeles Sparks,2026-08-21T02:00:00Z,Los Angeles Sparks,Atlanta Dream,Erica Wheeler,,3PM,OVER,3.5,1260,FanDuel,fanduel,player_threes_alternate,the-odds-api,2026-08-20T14:45:07.648190+00:00
2026-08-20,1633124eeb20fd6dff51c151adeeb077,Atlanta Dream @ Los Angeles Sparks,2026-08-21T02:00:00Z,Los Angeles Sparks,Atlanta Dream,Naz Hillmon,,3PM,OVER,3.5,1400,FanDuel,fanduel,player_threes_alternate,the-odds-api,2026-08-20T14:45:07.648190+00:00
2026-08-20,1633124eeb20fd6dff51c151adeeb077,Atlanta Dream @ Los Angeles Sparks,2026-08-21T02:00:00Z,Los Angeles Sparks,Atlanta Dream,Angel Reese,,AST,OVER,1.5,-400,Fanatics,fanatics,player_assists_alternate,the-odds-api,2026-08-20T14:45:07.648190+00:00
2026-08-20,1633124eeb20fd6dff51c151adeeb077,Atlanta Dream @ Los Angeles Sparks,2026-08-21T02:00:00Z,Los Angeles Sparks,Atlanta Dream,Angel Reese,,AST,OVER,2.5,-130,Fanatics,fanatics,player_assists_alternate,the-odds-api,2026-08-20T14:45:07.648190+00:00
2026-08-20,1633124eeb20fd6dff51c151adeeb077,Atlanta Dream @ Los Angeles Sparks,2026-08-21T02:00:00Z,Los Angeles Sparks,Atlanta Dream,Angel Reese,,AST,OVER,3.5,170,Fanatics,fanatics,player_assists_alternate,the-odds-api,2026-08-20T14:45:07.648190+00:00
2026-08-20,1633124eeb20fd6dff51c151adeeb077,Atlanta Dream @ Los Angeles Sparks,2026-08-21T02:00:00Z,Los Angeles Sparks,Atlanta Dream,Angel Reese,,AST,OVER,4.5,350,Fanatics,fanatics,player_assists_alternate,the-odds-api,2026-08-20T14:45:07.648190+00:00
2026-08-20,1633124eeb20fd6dff51c151adeeb077,Atlanta Dream @ Los Angeles Sparks,2026-08-21T02:00:00Z,Los Angeles Sparks,Atlanta Dream,Angel Reese,,AST,OVER,5.5,750,Fanatics,fanatics,player_assists_alternate,the-odds-api,2026-08-20T14:45:07.648190+00:00
2026-08-20,1633124eeb20fd6dff51c151adeeb077,Atlanta Dream @ Los Angeles Sparks,2026-08-21T02:00:00Z,Los Angeles Sparks,Atlanta Dream,Rhyne Howard,,AST,OVER,1.5,-1400,Fanatics,fanatics,player_assists_alternate,the-odds-api,2026-08-20T14:45:07.648190+00:00
2026-08-20,1633124eeb20fd6dff51c151adeeb077,Atlanta Dream @ Los Angeles Sparks,2026-08-21T02:00:00Z,Los Angeles Sparks,Atlanta Dream,Rhyne Howard,,AST,OVER,2.5,-450,Fanatics,fanatics,player_assists_alternate,the-odds-api,2026-08-20T14:45:07.648190+00:00
2026-08-20,1633124eeb20fd6dff51c151adeeb077,Atlanta Dream @ Los Angeles Sparks,2026-08-21T02:00:00Z,Los Angeles Sparks,Atlanta Dream,Rhyne Howard,,AST,OVER,3.5,-175,Fanatics,fanatics,player_assists_alternate,the-odds-api,2026-08-20T14:45:07.648190+00:00
2026-08-20,1633124eeb20fd6dff51c151adeeb077,Atlanta Dream @ Los Angeles Sparks,2026-08-21T02:00:00Z,Los Angeles Sparks,Atlanta Dream,Rhyne Howard,,AST,OVER,4.5,125,Fanatics,fanatics,player_assists_alternate,the-odds-api,2026-08-20T14:45:07.648190+00:00
2026-08-20,1633124eeb20fd6dff51c151adeeb077,Atlanta Dream @ Los Angeles Sparks,2026-08-21T02:00:00Z,Los Angeles Sparks,Atlanta Dream,Rhyne Howard,,AST,OVER,5.5,230,Fanatics,fanatics,player_assists_alternate,the-odds-api,2026-08-20T14:45:07.648190+00:00
2026-08-20,1633124eeb20fd6dff51c151adeeb077,Atlanta Dream @ Los Angeles Sparks,2026-08-21T02:00:00Z,Los Angeles Sparks,Atlanta Dream,Rhyne Howard,,AST,OVER,6.5,400,Fanatics,fanatics,player_assists_alternate,the-odds-api,2026-08-20T14:45:07.648190+00:00
2026-08-20,1633124eeb20fd6dff51c151adeeb077,Atlanta Dream @ Los Angeles Sparks,2026-08-21T02:00:00Z,Los Angeles Sparks,Atlanta Dream,Rhyne Howard,,AST,OVER,7.5,850,Fanatics,fanatics,player_assists_alternate,the-odds-api,2026-08-20T14:45:07.648190+00:00
2026-08-20,1633124eeb20fd6dff51c151adeeb077,Atlanta Dream @ Los Angeles Sparks,2026-08-21T02:00:00Z,Los Angeles Sparks,Atlanta Dream,Allisha Gray,,AST,OVER,1.5,-450,Fanatics,fanatics,player_assists_alternate,the-odds-api,2026-08-20T14:45:07.648190+00:00
2026-08-20,1633124eeb20fd6dff51c151adeeb077,Atlanta Dream @ Los Angeles Sparks,2026-08-21T02:00:00Z,Los Angeles Sparks,Atlanta Dream,Allisha Gray,,AST,OVER,2.5,-140,Fanatics,fanatics,player_assists_alternate,the-odds-api,2026-08-20T14:45:07.648190+00:00
2026-08-20,1633124eeb20fd6dff51c151adeeb077,Atlanta Dream @ Los Angeles Sparks,2026-08-21T02:00:00Z,Los Angeles Sparks,Atlanta Dream,Allisha Gray,,AST,OVER,3.5,155,Fanatics,fanatics,player_assists_alternate,the-odds-api,2026-08-20T14:45:07.648190+00:00
2026-08-20,1633124eeb20fd6dff51c151adeeb077,Atlanta Dream @ Los Angeles Sparks,2026-08-21T02:00:00Z,Los Angeles Sparks,Atlanta Dream,Allisha Gray,,AST,OVER,4.5,320,Fanatics,fanatics,player_assists_alternate,the-odds-api,2026-08-20T14:45:07.648190+00:00
2026-08-20,1633124eeb20fd6dff51c151adeeb077,Atlanta Dream @ Los Angeles Sparks,2026-08-21T02:00:00Z,Los Angeles Sparks,Atlanta Dream,Allisha Gray,,AST,OVER,5.5,700,Fanatics,fanatics,player_assists_alternate,the-odds-api,2026-08-20T14:45:07.648190+00:00
2026-08-20,1633124eeb20fd6dff51c151adeeb077,Atlanta Dream @ Los Angeles Sparks,2026-08-21T02:00:00Z,Los Angeles Sparks,Atlanta Dream,Nneka Ogwumike,,AST,OVER,1.5,-525,Fanatics,fanatics,player_assists_alternate,the-odds-api,2026-08-20T14:45:07.648190+00:00
2026-08-20,1633124eeb20fd6dff51c151adeeb077,Atlanta Dream @ Los Angeles Sparks,2026-08-21T02:00:00Z,Los Angeles Sparks,Atlanta Dream,Nneka Ogwumike,,AST,OVER,2.5,-165,Fanatics,fanatics,player_assists_alternate,the-odds-api,2026-08-20T14:45:07.648190+00:00
2026-08-20,1633124eeb20fd6dff51c151adeeb077,Atlanta Dream @ Los Angeles Sparks,2026-08-21T02:00:00Z,Los Angeles Sparks,Atlanta Dream,Nneka Ogwumike,,AST,OVER,3.5,135,Fanatics,fanatics,player_assists_alternate,the-odds-api,2026-08-20T14:45:07.648190+00:00
2026-08-20,1633124eeb20fd6dff51c151adeeb077,Atlanta Dream @ Los Angeles Sparks,2026-08-21T02:00:00Z,Los Angeles Sparks,Atlanta Dream,Nneka Ogwumike,,AST,OVER,4.5,290,Fanatics,fanatics,player_assists_alternate,the-odds-api,2026-08-20T14:45:07.648190+00:00
2026-08-20,1633124eeb20fd6dff51c151adeeb077,Atlanta Dream @ Los Angeles Sparks,2026-08-21T02:00:00Z,Los Angeles Sparks,Atlanta Dream,Nneka Ogwumike,,AST,OVER,5.5,600,Fanatics,fanatics,player_assists_alternate,the-odds-api,2026-08-20T14:45:07.648190+00:00
2026-08-20,1633124eeb20fd6dff51c151adeeb077,Atlanta Dream @ Los Angeles Sparks,2026-08-21T02:00:00Z,Los Angeles Sparks,Atlanta Dream,Rae Burrell,,AST,OVER,1.5,-650,Fanatics,fanatics,player_assists_alternate,the-odds-api,2026-08-20T14:45:07.648190+00:00
2026-08-20,1633124eeb20fd6dff51c151adeeb077,Atlanta Dream @ Los Angeles Sparks,2026-08-21T02:00:00Z,Los Angeles Sparks,Atlanta Dream,Rae Burrell,,AST,OVER,2.5,-225,Fanatics,fanatics,player_assists_alternate,the-odds-api,2026-08-20T14:45:07.648190+00:00
2026-08-20,1633124eeb20fd6dff51c151adeeb077,Atlanta Dream @ Los Angeles Sparks,2026-08-21T02:00:00Z,Los Angeles Sparks,Atlanta Dream,Rae Burrell,,AST,OVER,3.5,120,Fanatics,fanatics,player_assists_alternate,the-odds-api,2026-08-20T14:45:07.648190+00:00
2026-08-20,1633124eeb20fd6dff51c151adeeb077,Atlanta Dream @ Los Angeles Sparks,2026-08-21T02:00:00Z,Los Angeles Sparks,Atlanta Dream,Rae Burrell,,AST,OVER,4.5,230,Fanatics,fanatics,player_assists_alternate,the-odds-api,2026-08-20T14:45:07.648190+00:00
2026-08-20,1633124eeb20fd6dff51c151adeeb077,Atlanta Dream @ Los Angeles Sparks,2026-08-21T02:00:00Z,Los Angeles Sparks,Atlanta Dream,Rae Burrell,,AST,OVER,5.5,425,Fanatics,fanatics,player_assists_alternate,the-odds-api,2026-08-20T14:45:07.648190+00:00
2026-08-20,1633124eeb20fd6dff51c151adeeb077,Atlanta Dream @ Los Angeles Sparks,2026-08-21T02:00:00Z,Los Angeles Sparks,Atlanta Dream,Rae Burrell,,AST,OVER,6.5,900,Fanatics,fanatics,player_assists_alternate,the-odds-api,2026-08-20T14:45:07.648190+00:00
2026-08-20,1633124eeb20fd6dff51c151adeeb077,Atlanta Dream @ Los Angeles Sparks,2026-08-21T02:00:00Z,Los Angeles Sparks,Atlanta Dream,Dearica Hamby,,AST,OVER,1.5,-240,Fanatics,fanatics,player_assists_alternate,the-odds-api,2026-08-20T14:45:07.648190+00:00
2026-08-20,1633124eeb20fd6dff51c151adeeb077,Atlanta Dream @ Los Angeles Sparks,2026-08-21T02:00:00Z,Los Angeles Sparks,Atlanta Dream,Dearica Hamby,,AST,OVER,2.5,125,Fanatics,fanatics,player_assists_alternate,the-odds-api,2026-08-20T14:45:07.648190+00:00
2026-08-20,1633124eeb20fd6dff51c151adeeb077,Atlanta Dream @ Los Angeles Sparks,2026-08-21T02:00:00Z,Los Angeles Sparks,Atlanta Dream,Dearica Hamby,,AST,OVER,3.5,290,Fanatics,fanatics,player_assists_alternate,the-odds-api,2026-08-20T14:45:07.648190+00:00
2026-08-20,1633124eeb20fd6dff51c151adeeb077,Atlanta Dream @ Los Angeles Sparks,2026-08-21T02:00:00Z,Los Angeles Sparks,Atlanta Dream,Dearica Hamby,,AST,OVER,4.5,650,Fanatics,fanatics,player_assists_alternate,the-odds-api,2026-08-20T14:45:07.648190+00:00
2026-08-20,1633124eeb20fd6dff51c151adeeb077,Atlanta Dream @ Los Angeles Sparks,2026-08-21T02:00:00Z,Los Angeles Sparks,Atlanta Dream,Jordin Canada,,AST,OVER,4.5,-1100,Fanatics,fanatics,player_assists_alternate,the-odds-api,2026-08-20T14:45:07.648190+00:00
2026-08-20,1633124eeb20fd6dff51c151adeeb077,Atlanta Dream @ Los Angeles Sparks,2026-08-21T02:00:00Z,Los Angeles Sparks,Atlanta Dream,Jordin Canada,,AST,OVER,5.5,-525,Fanatics,fanatics,player_assists_alternate,the-odds-api,2026-08-20T14:45:07.648190+00:00
2026-08-20,1633124eeb20fd6dff51c151adeeb077,Atlanta Dream @ Los Angeles Sparks,2026-08-21T02:00:00Z,Los Angeles Sparks,Atlanta Dream,Jordin Canada,,AST,OVER,6.5,-275,Fanatics,fanatics,player_assists_alternate,the-odds-api,2026-08-20T14:45:07.648190+00:00
2026-08-20,1633124eeb20fd6dff51c151adeeb077,Atlanta Dream @ Los Angeles Sparks,2026-08-21T02:00:00Z,Los Angeles Sparks,Atlanta Dream,Jordin Canada,,AST,OVER,7.5,-145,Fanatics,fanatics,player_assists_alternate,the-odds-api,2026-08-20T14:45:07.648190+00:00
2026-08-20,1633124eeb20fd6dff51c151adeeb077,Atlanta Dream @ Los Angeles Sparks,2026-08-21T02:00:00Z,Los Angeles Sparks,Atlanta Dream,Jordin Canada,,AST,OVER,8.5,120,Fanatics,fanatics,player_assists_alternate,the-odds-api,2026-08-20T14:45:07.648190+00:00
2026-08-20,1633124eeb20fd6dff51c151adeeb077,Atlanta Dream @ Los Angeles Sparks,2026-08-21T02:00:00Z,Los Angeles Sparks,Atlanta Dream,Jordin Canada,,AST,OVER,9.5,170,Fanatics,fanatics,player_assists_alternate,the-odds-api,2026-08-20T14:45:07.648190+00:00
2026-08-20,1633124eeb20fd6dff51c151adeeb077,Atlanta Dream @ Los Angeles Sparks,2026-08-21T02:00:00Z,Los Angeles Sparks,Atlanta Dream,Jordin Canada,,AST,OVER,10.5,270,Fanatics,fanatics,player_assists_alternate,the-odds-api,2026-08-20T14:45:07.648190+00:00
2026-08-20,1633124eeb20fd6dff51c151adeeb077,Atlanta Dream @ Los Angeles Sparks,2026-08-21T02:00:00Z,Los Angeles Sparks,Atlanta Dream,Jordin Canada,,AST,OVER,11.5,425,Fanatics,fanatics,player_assists_alternate,the-odds-api,2026-08-20T14:45:07.648190+00:00
2026-08-20,1633124eeb20fd6dff51c151adeeb077,Atlanta Dream @ Los Angeles Sparks,2026-08-21T02:00:00Z,Los Angeles Sparks,Atlanta Dream,Jordin Canada,,AST,OVER,12.5,700,Fanatics,fanatics,player_assists_alternate,the-odds-api,2026-08-20T14:45:07.648190+00:00
2026-08-20,1633124eeb20fd6dff51c151adeeb077,Atlanta Dream @ Los Angeles Sparks,2026-08-21T02:00:00Z,Los Angeles Sparks,Atlanta Dream,Ariel Atkins,,AST,OVER,1.5,-525,Fanatics,fanatics,player_assists_alternate,the-odds-api,2026-08-20T14:45:07.648190+00:00
2026-08-20,1633124eeb20fd6dff51c151adeeb077,Atlanta Dream @ Los Angeles Sparks,2026-08-21T02:00:00Z,Los Angeles Sparks,Atlanta Dream,Ariel Atkins,,AST,OVER,2.5,-165,Fanatics,fanatics,player_assists_alternate,the-odds-api,2026-08-20T14:45:07.648190+00:00
2026-08-20,1633124eeb20fd6dff51c151adeeb077,Atlanta Dream @ Los Angeles Sparks,2026-08-21T02:00:00Z,Los Angeles Sparks,Atlanta Dream,Ariel Atkins,,AST,OVER,3.5,135,Fanatics,fanatics,player_assists_alternate,the-odds-api,2026-08-20T14:45:07.648190+00:00
2026-08-20,1633124eeb20fd6dff51c151adeeb077,Atlanta Dream @ Los Angeles Sparks,2026-08-21T02:00:00Z,Los Angeles Sparks,Atlanta Dream,Ariel Atkins,,AST,OVER,4.5,290,Fanatics,fanatics,player_assists_alternate,the-odds-api,2026-08-20T14:45:07.648190+00:00
2026-08-20,1633124eeb20fd6dff51c151adeeb077,Atlanta Dream @ Los Angeles Sparks,2026-08-21T02:00:00Z,Los Angeles Sparks,Atlanta Dream,Ariel Atkins,,AST,OVER,5.5,550,Fanatics,fanatics,player_assists_alternate,the-odds-api,2026-08-20T14:45:07.648190+00:00
2026-08-20,1633124eeb20fd6dff51c151adeeb077,Atlanta Dream @ Los Angeles Sparks,2026-08-21T02:00:00Z,Los Angeles Sparks,Atlanta Dream,Erica Wheeler,,AST,OVER,1.5,-2500,Fanatics,fanatics,player_assists_alternate,the-odds-api,2026-08-20T14:45:07.648190+00:00
2026-08-20,1633124eeb20fd6dff51c151adeeb077,Atlanta Dream @ Los Angeles Sparks,2026-08-21T02:00:00Z,Los Angeles Sparks,Atlanta Dream,Erica Wheeler,,AST,OVER,2.5,-800,Fanatics,fanatics,player_assists_alternate,the-odds-api,2026-08-20T14:45:07.648190+00:00
2026-08-20,1633124eeb20fd6dff51c151adeeb077,Atlanta Dream @ Los Angeles Sparks,2026-08-21T02:00:00Z,Los Angeles Sparks,Atlanta Dream,Erica Wheeler,,AST,OVER,3.5,-300,Fanatics,fanatics,player_assists_alternate,the-odds-api,2026-08-20T14:45:07.648190+00:00
2026-08-20,1633124eeb20fd6dff51c151adeeb077,Atlanta Dream @ Los Angeles Sparks,2026-08-21T02:00:00Z,Los Angeles Sparks,Atlanta Dream,Erica Wheeler,,AST,OVER,4.5,-130,Fanatics,fanatics,player_assists_alternate,the-odds-api,2026-08-20T14:45:07.648190+00:00
2026-08-20,1633124eeb20fd6dff51c151adeeb077,Atlanta Dream @ Los Angeles Sparks,2026-08-21T02:00:00Z,Los Angeles Sparks,Atlanta Dream,Erica Wheeler,,AST,OVER,5.5,140,Fanatics,fanatics,player_assists_alternate,the-odds-api,2026-08-20T14:45:07.648190+00:00
2026-08-20,1633124eeb20fd6dff51c151adeeb077,Atlanta Dream @ Los Angeles Sparks,2026-08-21T02:00:00Z,Los Angeles Sparks,Atlanta Dream,Erica Wheeler,,AST,OVER,6.5,260,Fanatics,fanatics,player_assists_alternate,the-odds-api,2026-08-20T14:45:07.648190+00:00
2026-08-20,1633124eeb20fd6dff51c151adeeb077,Atlanta Dream @ Los Angeles Sparks,2026-08-21T02:00:00Z,Los Angeles Sparks,Atlanta Dream,Erica Wheeler,,AST,OVER,7.5,425,Fanatics,fanatics,player_assists_alternate,the-odds-api,2026-08-20T14:45:07.648190+00:00
2026-08-20,1633124eeb20fd6dff51c151adeeb077,Atlanta Dream @ Los Angeles Sparks,2026-08-21T02:00:00Z,Los Angeles Sparks,Atlanta Dream,Erica Wheeler,,AST,OVER,8.5,800,Fanatics,fanatics,player_assists_alternate,the-odds-api,2026-08-20T14:45:07.648190+00:00
2026-08-20,1633124eeb20fd6dff51c151adeeb077,Atlanta Dream @ Los Angeles Sparks,2026-08-21T02:00:00Z,Los Angeles Sparks,Atlanta Dream,Angel Reese,,PTS,OVER,8.5,-1700,Fanatics,fanatics,player_points_alternate,the-odds-api,2026-08-20T14:45:07.648190+00:00
2026-08-20,1633124eeb20fd6dff51c151adeeb077,Atlanta Dream @ Los Angeles Sparks,2026-08-21T02:00:00Z,Los Angeles Sparks,Atlanta Dream,Angel Reese,,PTS,OVER,9.5,-1100,Fanatics,fanatics,player_points_alternate,the-odds-api,2026-08-20T14:45:07.648190+00:00
2026-08-20,1633124eeb20fd6dff51c151adeeb077,Atlanta Dream @ Los Angeles Sparks,2026-08-21T02:00:00Z,Los Angeles Sparks,Atlanta Dream,Angel Reese,,PTS,OVER,10.5,-700,Fanatics,fanatics,player_points_alternate,the-odds-api,2026-08-20T14:45:07.648190+00:00
2026-08-20,1633124eeb20fd6dff51c151adeeb077,Atlanta Dream @ Los Angeles Sparks,2026-08-21T02:00:00Z,Los Angeles Sparks,Atlanta Dream,Angel Reese,,PTS,OVER,11.5,-525,Fanatics,fanatics,player_points_alternate,the-odds-api,2026-08-20T14:45:07.648190+00:00
2026-08-20,1633124eeb20fd6dff51c151adeeb077,Atlanta Dream @ Los Angeles Sparks,2026-08-21T02:00:00Z,Los Angeles Sparks,Atlanta Dream,Angel Reese,,PTS,OVER,12.5,-350,Fanatics,fanatics,player_points_alternate,the-odds-api,2026-08-20T14:45:07.648190+00:00
2026-08-20,1633124eeb20fd6dff51c151adeeb077,Atlanta Dream @ Los Angeles Sparks,2026-08-21T02:00:00Z,Los Angeles Sparks,Atlanta Dream,Angel Reese,,PTS,OVER,13.5,-250,Fanatics,fanatics,player_points_alternate,the-odds-api,2026-08-20T14:45:07.648190+00:00
2026-08-20,1633124eeb20fd6dff51c151adeeb077,Atlanta Dream @ Los Angeles Sparks,2026-08-21T02:00:00Z,Los Angeles Sparks,Atlanta Dream,Angel Reese,,PTS,OVER,14.5,-175,Fanatics,fanatics,player_points_alternate,the-odds-api,2026-08-20T14:45:07.648190+00:00
2026-08-20,1633124eeb20fd6dff51c151adeeb077,Atlanta Dream @ Los Angeles Sparks,2026-08-21T02:00:00Z,Los Angeles Sparks,Atlanta Dream,Angel Reese,,PTS,OVER,15.5,-130,Fanatics,fanatics,player_points_alternate,the-odds-api,2026-08-20T14:45:07.648190+00:00
2026-08-20,1633124eeb20fd6dff51c151adeeb077,Atlanta Dream @ Los Angeles Sparks,2026-08-21T02:00:00Z,Los Angeles Sparks,Atlanta Dream,Angel Reese,,PTS,OVER,16.5,105,Fanatics,fanatics,player_points_alternate,the-odds-api,2026-08-20T14:45:07.648190+00:00
2026-08-20,1633124eeb20fd6dff51c151adeeb077,Atlanta Dream @ Los Angeles Sparks,2026-08-21T02:00:00Z,Los Angeles Sparks,Atlanta Dream,Angel Reese,,PTS,OVER,17.5,130,Fanatics,fanatics,player_points_alternate,the-odds-api,2026-08-20T14:45:07.648190+00:00
2026-08-20,1633124eeb20fd6dff51c151adeeb077,Atlanta Dream @ Los Angeles Sparks,2026-08-21T02:00:00Z,Los Angeles Sparks,Atlanta Dream,Angel Reese,,PTS,OVER,18.5,155,Fanatics,fanatics,player_points_alternate,the-odds-api,2026-08-20T14:45:07.648190+00:00
2026-08-20,1633124eeb20fd6dff51c151adeeb077,Atlanta Dream @ Los Angeles Sparks,2026-08-21T02:00:00Z,Los Angeles Sparks,Atlanta Dream,Angel Reese,,PTS,OVER,19.5,200,Fanatics,fanatics,player_points_alternate,the-odds-api,2026-08-20T14:45:07.648190+00:00
2026-08-20,1633124eeb20fd6dff51c151adeeb077,Atlanta Dream @ Los Angeles Sparks,2026-08-21T02:00:00Z,Los Angeles Sparks,Atlanta Dream,Angel Reese,,PTS,OVER,20.5,270,Fanatics,fanatics,player_points_alternate,the-odds-api,2026-08-20T14:45:07.648190+00:00
2026-08-20,1633124eeb20fd6dff51c151adeeb077,Atlanta Dream @ Los Angeles Sparks,2026-08-21T02:00:00Z,Los Angeles Sparks,Atlanta Dream,Angel Reese,,PTS,OVER,21.5,340,Fanatics,fanatics,player_points_alternate,the-odds-api,2026-08-20T14:45:07.648190+00:00
2026-08-20,1633124eeb20fd6dff51c151adeeb077,Atlanta Dream @ Los Angeles Sparks,2026-08-21T02:00:00Z,Los Angeles Sparks,Atlanta Dream,Angel Reese,,PTS,OVER,22.5,400,Fanatics,fanatics,player_points_alternate,the-odds-api,2026-08-20T14:45:07.648190+00:00
2026-08-20,1633124eeb20fd6dff51c151adeeb077,Atlanta Dream @ Los Angeles Sparks,2026-08-21T02:00:00Z,Los Angeles Sparks,Atlanta Dream,Angel Reese,,PTS,OVER,23.5,500,Fanatics,fanatics,player_points_alternate,the-odds-api,2026-08-20T14:45:07.648190+00:00
2026-08-20,1633124eeb20fd6dff51c151adeeb077,Atlanta Dream @ Los Angeles Sparks,2026-08-21T02:00:00Z,Los Angeles Sparks,Atlanta Dream,Angel Reese,,PTS,OVER,24.5,700,Fanatics,fanatics,player_points_alternate,the-odds-api,2026-08-20T14:45:07.648190+00:00
2026-08-20,1633124eeb20fd6dff51c151adeeb077,Atlanta Dream @ Los Angeles Sparks,2026-08-21T02:00:00Z,Los Angeles Sparks,Atlanta Dream,Angel Reese,,PTS,OVER,25.5,900,Fanatics,fanatics,player_points_alternate,the-odds-api,2026-08-20T14:45:07.648190+00:00
2026-08-20,1633124eeb20fd6dff51c151adeeb077,Atlanta Dream @ Los Angeles Sparks,2026-08-21T02:00:00Z,Los Angeles Sparks,Atlanta Dream,Angel Reese,,PTS,OVER,26.5,1100,Fanatics,fanatics,player_points_alternate,the-odds-api,2026-08-20T14:45:07.648190+00:00
2026-08-20,1633124eeb20fd6dff51c151adeeb077,Atlanta Dream @ Los Angeles Sparks,2026-08-21T02:00:00Z,Los Angeles Sparks,Atlanta Dream,Angel Reese,,PTS,OVER,27.5,1200,Fanatics,fanatics,player_points_alternate,the-odds-api,2026-08-20T14:45:07.648190+00:00
2026-08-20,1633124eeb20fd6dff51c151adeeb077,Atlanta Dream @ Los Angeles Sparks,2026-08-21T02:00:00Z,Los Angeles Sparks,Atlanta Dream,Rhyne Howard,,PTS,OVER,8.5,-1800,Fanatics,fanatics,player_points_alternate,the-odds-api,2026-08-20T14:45:07.648190+00:00
2026-08-20,1633124eeb20fd6dff51c151adeeb077,Atlanta Dream @ Los Angeles Sparks,2026-08-21T02:00:00Z,Los Angeles Sparks,Atlanta Dream,Rhyne Howard,,PTS,OVER,9.5,-1300,Fanatics,fanatics,player_points_alternate,the-odds-api,2026-08-20T14:45:07.648190+00:00
2026-08-20,1633124eeb20fd6dff51c151adeeb077,Atlanta Dream @ Los Angeles Sparks,2026-08-21T02:00:00Z,Los Angeles Sparks,Atlanta Dream,Rhyne Howard,,PTS,OVER,10.5,-900,Fanatics,fanatics,player_points_alternate,the-odds-api,2026-08-20T14:45:07.648190+00:00
2026-08-20,1633124eeb20fd6dff51c151adeeb077,Atlanta Dream @ Los Angeles Sparks,2026-08-21T02:00:00Z,Los Angeles Sparks,Atlanta Dream,Rhyne Howard,,PTS,OVER,11.5,-700,Fanatics,fanatics,player_points_alternate,the-odds-api,2026-08-20T14:45:07.648190+00:00
2026-08-20,1633124eeb20fd6dff51c151adeeb077,Atlanta Dream @ Los Angeles Sparks,2026-08-21T02:00:00Z,Los Angeles Sparks,Atlanta Dream,Rhyne Howard,,PTS,OVER,12.5,-525,Fanatics,fanatics,player_points_alternate,the-odds-api,2026-08-20T14:45:07.648190+00:00
2026-08-20,1633124eeb20fd6dff51c151adeeb077,Atlanta Dream @ Los Angeles Sparks,2026-08-21T02:00:00Z,Los Angeles Sparks,Atlanta Dream,Rhyne Howard,,PTS,OVER,13.5,-400,Fanatics,fanatics,player_points_alternate,the-odds-api,2026-08-20T14:45:07.648190+00:00
2026-08-20,1633124eeb20fd6dff51c151adeeb077,Atlanta Dream @ Los Angeles Sparks,2026-08-21T02:00:00Z,Los Angeles Sparks,Atlanta Dream,Rhyne Howard,,PTS,OVER,14.5,-300,Fanatics,fanatics,player_points_alternate,the-odds-api,2026-08-20T14:45:07.648190+00:00
2026-08-20,1633124eeb20fd6dff51c151adeeb077,Atlanta Dream @ Los Angeles Sparks,2026-08-21T02:00:00Z,Los Angeles Sparks,Atlanta Dream,Rhyne Howard,,PTS,OVER,15.5,-240,Fanatics,fanatics,player_points_alternate,the-odds-api,2026-08-20T14:45:07.648190+00:00
2026-08-20,1633124eeb20fd6dff51c151adeeb077,Atlanta Dream @ Los Angeles Sparks,2026-08-21T02:00:00Z,Los Angeles Sparks,Atlanta Dream,Rhyne Howard,,PTS,OVER,16.5,-175,Fanatics,fanatics,player_points_alternate,the-odds-api,2026-08-20T14:45:07.648190+00:00
2026-08-20,1633124eeb20fd6dff51c151adeeb077,Atlanta Dream @ Los Angeles Sparks,2026-08-21T02:00:00Z,Los Angeles Sparks,Atlanta Dream,Rhyne Howard,,PTS,OVER,17.5,-140,Fanatics,fanatics,player_points_alternate,the-odds-api,2026-08-20T14:45:07.648190+00:00
2026-08-20,1633124eeb20fd6dff51c151adeeb077,Atlanta Dream @ Los Angeles Sparks,2026-08-21T02:00:00Z,Los Angeles Sparks,Atlanta Dream,Rhyne Howard,,PTS,OVER,18.5,-110,Fanatics,fanatics,player_points_alternate,the-odds-api,2026-08-20T14:45:07.648190+00:00
2026-08-20,1633124eeb20fd6dff51c151adeeb077,Atlanta Dream @ Los Angeles Sparks,2026-08-21T02:00:00Z,Los Angeles Sparks,Atlanta Dream,Rhyne Howard,,PTS,OVER,19.5,115,Fanatics,fanatics,player_points_alternate,the-odds-api,2026-08-20T14:45:07.648190+00:00
2026-08-20,1633124eeb20fd6dff51c151adeeb077,Atlanta Dream @ Los Angeles Sparks,2026-08-21T02:00:00Z,Los Angeles Sparks,Atlanta Dream,Rhyne Howard,,PTS,OVER,20.5,130,Fanatics,fanatics,player_points_alternate,the-odds-api,2026-08-20T14:45:07.648190+00:00
2026-08-20,1633124eeb20fd6dff51c151adeeb077,Atlanta Dream @ Los Angeles Sparks,2026-08-21T02:00:00Z,Los Angeles Sparks,Atlanta Dream,Rhyne Howard,,PTS,OVER,21.5,155,Fanatics,fanatics,player_points_alternate,the-odds-api,2026-08-20T14:45:07.648190+00:00
2026-08-20,1633124eeb20fd6dff51c151adeeb077,Atlanta Dream @ Los Angeles Sparks,2026-08-21T02:00:00Z,Los Angeles Sparks,Atlanta Dream,Rhyne Howard,,PTS,OVER,22.5,190,Fanatics,fanatics,player_points_alternate,the-odds-api,2026-08-20T14:45:07.648190+00:00
2026-08-20,1633124eeb20fd6dff51c151adeeb077,Atlanta Dream @ Los Angeles Sparks,2026-08-21T02:00:00Z,Los Angeles Sparks,Atlanta Dream,Rhyne Howard,,PTS,OVER,23.5,230,Fanatics,fanatics,player_points_alternate,the-odds-api,2026-08-20T14:45:07.648190+00:00
2026-08-20,1633124eeb20fd6dff51c151adeeb077,Atlanta Dream @ Los Angeles Sparks,2026-08-21T02:00:00Z,Los Angeles Sparks,Atlanta Dream,Rhyne Howard,,PTS,OVER,24.5,290,Fanatics,fanatics,player_points_alternate,the-odds-api,2026-08-20T14:45:07.648190+00:00
2026-08-20,1633124eeb20fd6dff51c151adeeb077,Atlanta Dream @ Los Angeles Sparks,2026-08-21T02:00:00Z,Los Angeles Sparks,Atlanta Dream,Rhyne Howard,,PTS,OVER,25.5,340,Fanatics,fanatics,player_points_alternate,the-odds-api,2026-08-20T14:45:07.648190+00:00
2026-08-20,1633124eeb20fd6dff51c151adeeb077,Atlanta Dream @ Los Angeles Sparks,2026-08-21T02:00:00Z,Los Angeles Sparks,Atlanta Dream,Rhyne Howard,,PTS,OVER,26.5,400,Fanatics,fanatics,player_points_alternate,the-odds-api,2026-08-20T14:45:07.648190+00:00
2026-08-20,1633124eeb20fd6dff51c151adeeb077,Atlanta Dream @ Los Angeles Sparks,2026-08-21T02:00:00Z,Los Angeles Sparks,Atlanta Dream,Rhyne Howard,,PTS,OVER,27.5,500,Fanatics,fanatics,player_points_alternate,the-odds-api,2026-08-20T14:45:07.648190+00:00
2026-08-20,1633124eeb20fd6dff51c151adeeb077,Atlanta Dream @ Los Angeles Sparks,2026-08-21T02:00:00Z,Los Angeles Sparks,Atlanta Dream,Rhyne Howard,,PTS,OVER,28.5,650,Fanatics,fanatics,player_points_alternate,the-odds-api,2026-08-20T14:45:07.648190+00:00
2026-08-20,1633124eeb20fd6dff51c151adeeb077,Atlanta Dream @ Los Angeles Sparks,2026-08-21T02:00:00Z,Los Angeles Sparks,Atlanta Dream,Rhyne Howard,,PTS,OVER,29.5,750,Fanatics,fanatics,player_points_alternate,the-odds-api,2026-08-20T14:45:07.648190+00:00
2026-08-20,1633124eeb20fd6dff51c151adeeb077,Atlanta Dream @ Los Angeles Sparks,2026-08-21T02:00:00Z,Los Angeles Sparks,Atlanta Dream,Rhyne Howard,,PTS,OVER,30.5,900,Fanatics,fanatics,player_points_alternate,the-odds-api,2026-08-20T14:45:07.648190+00:00
2026-08-20,1633124eeb20fd6dff51c151adeeb077,Atlanta Dream @ Los Angeles Sparks,2026-08-21T02:00:00Z,Los Angeles Sparks,Atlanta Dream,Rhyne Howard,,PTS,OVER,31.5,1000,Fanatics,fanatics,player_points_alternate,the-odds-api,2026-08-20T14:45:07.648190+00:00
2026-08-20,1633124eeb20fd6dff51c151adeeb077,Atlanta Dream @ Los Angeles Sparks,2026-08-21T02:00:00Z,Los Angeles Sparks,Atlanta Dream,Rhyne Howard,,PTS,OVER,32.5,1100,Fanatics,fanatics,player_points_alternate,the-odds-api,2026-08-20T14:45:07.648190+00:00
2026-08-20,1633124eeb20fd6dff51c151adeeb077,Atlanta Dream @ Los Angeles Sparks,2026-08-21T02:00:00Z,Los Angeles Sparks,Atlanta Dream,Naz Hillmon,,PTS,OVER,4.5,-800,Fanatics,fanatics,player_points_alternate,the-odds-api,2026-08-20T14:45:07.648190+00:00
2026-08-20,1633124eeb20fd6dff51c151adeeb077,Atlanta Dream @ Los Angeles Sparks,2026-08-21T02:00:00Z,Los Angeles Sparks,Atlanta Dream,Naz Hillmon,,PTS,OVER,5.5,-450,Fanatics,fanatics,player_points_alternate,the-odds-api,2026-08-20T14:45:07.648190+00:00
2026-08-20,1633124eeb20fd6dff51c151adeeb077,Atlanta Dream @ Los Angeles Sparks,2026-08-21T02:00:00Z,Los Angeles Sparks,Atlanta Dream,Naz Hillmon,,PTS,OVER,6.5,-300,Fanatics,fanatics,player_points_alternate,the-odds-api,2026-08-20T14:45:07.648190+00:00
2026-08-20,1633124eeb20fd6dff51c151adeeb077,Atlanta Dream @ Los Angeles Sparks,2026-08-21T02:00:00Z,Los Angeles Sparks,Atlanta Dream,Naz Hillmon,,PTS,OVER,7.5,-190,Fanatics,fanatics,player_points_alternate,the-odds-api,2026-08-20T14:45:07.648190+00:00
2026-08-20,1633124eeb20fd6dff51c151adeeb077,Atlanta Dream @ Los Angeles Sparks,2026-08-21T02:00:00Z,Los Angeles Sparks,Atlanta Dream,Naz Hillmon,,PTS,OVER,8.5,-130,Fanatics,fanatics,player_points_alternate,the-odds-api,2026-08-20T14:45:07.648190+00:00
2026-08-20,1633124eeb20fd6dff51c151adeeb077,Atlanta Dream @ Los Angeles Sparks,2026-08-21T02:00:00Z,Los Angeles Sparks,Atlanta Dream,Naz Hillmon,,PTS,OVER,9.5,105,Fanatics,fanatics,player_points_alternate,the-odds-api,2026-08-20T14:45:07.648190+00:00
2026-08-20,1633124eeb20fd6dff51c151adeeb077,Atlanta Dream @ Los Angeles Sparks,2026-08-21T02:00:00Z,Los Angeles Sparks,Atlanta Dream,Naz Hillmon,,PTS,OVER,10.5,135,Fanatics,fanatics,player_points_alternate,the-odds-api,2026-08-20T14:45:07.648190+00:00
2026-08-20,1633124eeb20fd6dff51c151adeeb077,Atlanta Dream @ Los Angeles Sparks,2026-08-21T02:00:00Z,Los Angeles Sparks,Atlanta Dream,Naz Hillmon,,PTS,OVER,11.5,185,Fanatics,fanatics,player_points_alternate,the-odds-api,2026-08-20T14:45:07.648190+00:00
2026-08-20,1633124eeb20fd6dff51c151adeeb077,Atlanta Dream @ Los Angeles Sparks,2026-08-21T02:00:00Z,Los Angeles Sparks,Atlanta Dream,Naz Hillmon,,PTS,OVER,12.5,240,Fanatics,fanatics,player_points_alternate,the-odds-api,2026-08-20T14:45:07.648190+00:00
2026-08-20,1633124eeb20fd6dff51c151adeeb077,Atlanta Dream @ Los Angeles Sparks,2026-08-21T02:00:00Z,Los Angeles Sparks,Atlanta Dream,Naz Hillmon,,PTS,OVER,13.5,320,Fanatics,fanatics,player_points_alternate,the-odds-api,2026-08-20T14:45:07.648190+00:00
2026-08-20,1633124eeb20fd6dff51c151adeeb077,Atlanta Dream @ Los Angeles Sparks,2026-08-21T02:00:00Z,Los Angeles Sparks,Atlanta Dream,Naz Hillmon,,PTS,OVER,14.5,400,Fanatics,fanatics,player_points_alternate,the-odds-api,2026-08-20T14:45:07.648190+00:00
2026-08-20,1633124eeb20fd6dff51c151adeeb077,Atlanta Dream @ Los Angeles Sparks,2026-08-21T02:00:00Z,Los Angeles Sparks,Atlanta Dream,Naz Hillmon,,PTS,OVER,15.5,550,Fanatics,fanatics,player_points_alternate,the-odds-api,2026-08-20T14:45:07.648190+00:00
2026-08-20,1633124eeb20fd6dff51c151adeeb077,Atlanta Dream @ Los Angeles Sparks,2026-08-21T02:00:00Z,Los Angeles Sparks,Atlanta Dream,Naz Hillmon,,PTS,OVER,16.5,750,Fanatics,fanatics,player_points_alternate,the-odds-api,2026-08-20T14:45:07.648190+00:00
2026-08-20,1633124eeb20fd6dff51c151adeeb077,Atlanta Dream @ Los Angeles Sparks,2026-08-21T02:00:00Z,Los Angeles Sparks,Atlanta Dream,Naz Hillmon,,PTS,OVER,17.5,900,Fanatics,fanatics,player_points_alternate,the-odds-api,2026-08-20T14:45:07.648190+00:00
2026-08-20,1633124eeb20fd6dff51c151adeeb077,Atlanta Dream @ Los Angeles Sparks,2026-08-21T02:00:00Z,Los Angeles Sparks,Atlanta Dream,Naz Hillmon,,PTS,OVER,18.5,1100,Fanatics,fanatics,player_points_alternate,the-odds-api,2026-08-20T14:45:07.648190+00:00
2026-08-20,1633124eeb20fd6dff51c151adeeb077,Atlanta Dream @ Los Angeles Sparks,2026-08-21T02:00:00Z,Los Angeles Sparks,Atlanta Dream,Naz Hillmon,,PTS,OVER,19.5,1500,Fanatics,fanatics,player_points_alternate,the-odds-api,2026-08-20T14:45:07.648190+00:00
2026-08-20,1633124eeb20fd6dff51c151adeeb077,Atlanta Dream @ Los Angeles Sparks,2026-08-21T02:00:00Z,Los Angeles Sparks,Atlanta Dream,Allisha Gray,,PTS,OVER,9.5,-2200,Fanatics,fanatics,player_points_alternate,the-odds-api,2026-08-20T14:45:07.648190+00:00
2026-08-20,1633124eeb20fd6dff51c151adeeb077,Atlanta Dream @ Los Angeles Sparks,2026-08-21T02:00:00Z,Los Angeles Sparks,Atlanta Dream,Allisha Gray,,PTS,OVER,10.5,-1500,Fanatics,fanatics,player_points_alternate,the-odds-api,2026-08-20T14:45:07.648190+00:00
2026-08-20,1633124eeb20fd6dff51c151adeeb077,Atlanta Dream @ Los Angeles Sparks,2026-08-21T02:00:00Z,Los Angeles Sparks,Atlanta Dream,Allisha Gray,,PTS,OVER,11.5,-1100,Fanatics,fanatics,player_points_alternate,the-odds-api,2026-08-20T14:45:07.648190+00:00
2026-08-20,1633124eeb20fd6dff51c151adeeb077,Atlanta Dream @ Los Angeles Sparks,2026-08-21T02:00:00Z,Los Angeles Sparks,Atlanta Dream,Allisha Gray,,PTS,OVER,12.5,-800,Fanatics,fanatics,player_points_alternate,the-odds-api,2026-08-20T14:45:07.648190+00:00
2026-08-20,1633124eeb20fd6dff51c151adeeb077,Atlanta Dream @ Los Angeles Sparks,2026-08-21T02:00:00Z,Los Angeles Sparks,Atlanta Dream,Allisha Gray,,PTS,OVER,13.5,-550,Fanatics,fanatics,player_points_alternate,the-odds-api,2026-08-20T14:45:07.648190+00:00
2026-08-20,1633124eeb20fd6dff51c151adeeb077,Atlanta Dream @ Los Angeles Sparks,2026-08-21T02:00:00Z,Los Angeles Sparks,Atlanta Dream,Allisha Gray,,PTS,OVER,14.5,-400,Fanatics,fanatics,player_points_alternate,the-odds-api,2026-08-20T14:45:07.648190+00:00
2026-08-20,1633124eeb20fd6dff51c151adeeb077,Atlanta Dream @ Los Angeles Sparks,2026-08-21T02:00:00Z,Los Angeles Sparks,Atlanta Dream,Allisha Gray,,PTS,OVER,15.5,-300,Fanatics,fanatics,player_points_alternate,the-odds-api,2026-08-20T14:45:07.648190+00:00
2026-08-20,1633124eeb20fd6dff51c151adeeb077,Atlanta Dream @ Los Angeles Sparks,2026-08-21T02:00:00Z,Los Angeles Sparks,Atlanta Dream,Allisha Gray,,PTS,OVER,16.5,-240,Fanatics,fanatics,player_points_alternate,the-odds-api,2026-08-20T14:45:07.648190+00:00
2026-08-20,1633124eeb20fd6dff51c151adeeb077,Atlanta Dream @ Los Angeles Sparks,2026-08-21T02:00:00Z,Los Angeles Sparks,Atlanta Dream,Allisha Gray,,PTS,OVER,17.5,-175,Fanatics,fanatics,player_points_alternate,the-odds-api,2026-08-20T14:45:07.648190+00:00
2026-08-20,1633124eeb20fd6dff51c151adeeb077,Atlanta Dream @ Los Angeles Sparks,2026-08-21T02:00:00Z,Los Angeles Sparks,Atlanta Dream,Allisha Gray,,PTS,OVER,18.5,-130,Fanatics,fanatics,player_points_alternate,the-odds-api,2026-08-20T14:45:07.648190+00:00
2026-08-20,1633124eeb20fd6dff51c151adeeb077,Atlanta Dream @ Los Angeles Sparks,2026-08-21T02:00:00Z,Los Angeles Sparks,Atlanta Dream,Allisha Gray,,PTS,OVER,19.5,-105,Fanatics,fanatics,player_points_alternate,the-odds-api,2026-08-20T14:45:07.648190+00:00
2026-08-20,1633124eeb20fd6dff51c151adeeb077,Atlanta Dream @ Los Angeles Sparks,2026-08-21T02:00:00Z,Los Angeles Sparks,Atlanta Dream,Allisha Gray,,PTS,OVER,20.5,120,Fanatics,fanatics,player_points_alternate,the-odds-api,2026-08-20T14:45:07.648190+00:00
2026-08-20,1633124eeb20fd6dff51c151adeeb077,Atlanta Dream @ Los Angeles Sparks,2026-08-21T02:00:00Z,Los Angeles Sparks,Atlanta Dream,Allisha Gray,,PTS,OVER,21.5,135,Fanatics,fanatics,player_points_alternate,the-odds-api,2026-08-20T14:45:07.648190+00:00
2026-08-20,1633124eeb20fd6dff51c151adeeb077,Atlanta Dream @ Los Angeles Sparks,2026-08-21T02:00:00Z,Los Angeles Sparks,Atlanta Dream,Allisha Gray,,PTS,OVER,22.5,170,Fanatics,fanatics,player_points_alternate,the-odds-api,2026-08-20T14:45:07.648190+00:00
2026-08-20,1633124eeb20fd6dff51c151adeeb077,Atlanta Dream @ Los Angeles Sparks,2026-08-21T02:00:00Z,Los Angeles Sparks,Atlanta Dream,Allisha Gray,,PTS,OVER,23.5,210,Fanatics,fanatics,player_points_alternate,the-odds-api,2026-08-20T14:45:07.648190+00:00
2026-08-20,1633124eeb20fd6dff51c151adeeb077,Atlanta Dream @ Los Angeles Sparks,2026-08-21T02:00:00Z,Los Angeles Sparks,Atlanta Dream,Allisha Gray,,PTS,OVER,24.5,240,Fanatics,fanatics,player_points_alternate,the-odds-api,2026-08-20T14:45:07.648190+00:00
2026-08-20,1633124eeb20fd6dff51c151adeeb077,Atlanta Dream @ Los Angeles Sparks,2026-08-21T02:00:00Z,Los Angeles Sparks,Atlanta Dream,Allisha Gray,,PTS,OVER,25.5,300,Fanatics,fanatics,player_points_alternate,the-odds-api,2026-08-20T14:45:07.648190+00:00
2026-08-20,1633124eeb20fd6dff51c151adeeb077,Atlanta Dream @ Los Angeles Sparks,2026-08-21T02:00:00Z,Los Angeles Sparks,Atlanta Dream,Allisha Gray,,PTS,OVER,26.5,375,Fanatics,fanatics,player_points_alternate,the-odds-api,2026-08-20T14:45:07.648190+00:00
2026-08-20,1633124eeb20fd6dff51c151adeeb077,Atlanta Dream @ Los Angeles Sparks,2026-08-21T02:00:00Z,Los Angeles Sparks,Atlanta Dream,Allisha Gray,,PTS,OVER,27.5,425,Fanatics,fanatics,player_points_alternate,the-odds-api,2026-08-20T14:45:07.648190+00:00
2026-08-20,1633124eeb20fd6dff51c151adeeb077,Atlanta Dream @ Los Angeles Sparks,2026-08-21T02:00:00Z,Los Angeles Sparks,Atlanta Dream,Allisha Gray,,PTS,OVER,28.5,550,Fanatics,fanatics,player_points_alternate,the-odds-api,2026-08-20T14:45:07.648190+00:00
2026-08-20,1633124eeb20fd6dff51c151adeeb077,Atlanta Dream @ Los Angeles Sparks,2026-08-21T02:00:00Z,Los Angeles Sparks,Atlanta Dream,Allisha Gray,,PTS,OVER,29.5,700,Fanatics,fanatics,player_points_alternate,the-odds-api,2026-08-20T14:45:07.648190+00:00
2026-08-20,1633124eeb20fd6dff51c151adeeb077,Atlanta Dream @ Los Angeles Sparks,2026-08-21T02:00:00Z,Los Angeles Sparks,Atlanta Dream,Allisha Gray,,PTS,OVER,30.5,850,Fanatics,fanatics,player_points_alternate,the-odds-api,2026-08-20T14:45:07.648190+00:00
2026-08-20,1633124eeb20fd6dff51c151adeeb077,Atlanta Dream @ Los Angeles Sparks,2026-08-21T02:00:00Z,Los Angeles Sparks,Atlanta Dream,Allisha Gray,,PTS,OVER,31.5,1000,Fanatics,fanatics,player_points_alternate,the-odds-api,2026-08-20T14:45:07.648190+00:00
2026-08-20,1633124eeb20fd6dff51c151adeeb077,Atlanta Dream @ Los Angeles Sparks,2026-08-21T02:00:00Z,Los Angeles Sparks,Atlanta Dream,Allisha Gray,,PTS,OVER,32.5,1100,Fanatics,fanatics,player_points_alternate,the-odds-api,2026-08-20T14:45:07.648190+00:00
2026-08-20,1633124eeb20fd6dff51c151adeeb077,Atlanta Dream @ Los Angeles Sparks,2026-08-21T02:00:00Z,Los Angeles Sparks,Atlanta Dream,Allisha Gray,,PTS,OVER,33.5,1500,Fanatics,fanatics,player_points_alternate,the-odds-api,2026-08-20T14:45:07.648190+00:00
2026-08-20,1633124eeb20fd6dff51c151adeeb077,Atlanta Dream @ Los Angeles Sparks,2026-08-21T02:00:00Z,Los Angeles Sparks,Atlanta Dream,Rae Burrell,,PTS,OVER,7.5,-2000,Fanatics,fanatics,player_points_alternate,the-odds-api,2026-08-20T14:45:07.648190+00:00
2026-08-20,1633124eeb20fd6dff51c151adeeb077,Atlanta Dream @ Los Angeles Sparks,2026-08-21T02:00:00Z,Los Angeles Sparks,Atlanta Dream,Rae Burrell,,PTS,OVER,8.5,-1300,Fanatics,fanatics,player_points_alternate,the-odds-api,2026-08-20T14:45:07.648190+00:00
2026-08-20,1633124eeb20fd6dff51c151adeeb077,Atlanta Dream @ Los Angeles Sparks,2026-08-21T02:00:00Z,Los Angeles Sparks,Atlanta Dream,Rae Burrell,,PTS,OVER,9.5,-900,Fanatics,fanatics,player_points_alternate,the-odds-api,2026-08-20T14:45:07.648190+00:00
2026-08-20,1633124eeb20fd6dff51c151adeeb077,Atlanta Dream @ Los Angeles Sparks,2026-08-21T02:00:00Z,Los Angeles Sparks,Atlanta Dream,Rae Burrell,,PTS,OVER,10.5,-630,Fanatics,fanatics,player_points_alternate,the-odds-api,2026-08-20T14:45:07.648190+00:00
2026-08-20,1633124eeb20fd6dff51c151adeeb077,Atlanta Dream @ Los Angeles Sparks,2026-08-21T02:00:00Z,Los Angeles Sparks,Atlanta Dream,Rae Burrell,,PTS,OVER,11.5,-450,Fanatics,fanatics,player_points_alternate,the-odds-api,2026-08-20T14:45:07.648190+00:00
2026-08-20,1633124eeb20fd6dff51c151adeeb077,Atlanta Dream @ Los Angeles Sparks,2026-08-21T02:00:00Z,Los Angeles Sparks,Atlanta Dream,Rae Burrell,,PTS,OVER,12.5,-350,Fanatics,fanatics,player_points_alternate,the-odds-api,2026-08-20T14:45:07.648190+00:00
2026-08-20,1633124eeb20fd6dff51c151adeeb077,Atlanta Dream @ Los Angeles Sparks,2026-08-21T02:00:00Z,Los Angeles Sparks,Atlanta Dream,Rae Burrell,,PTS,OVER,13.5,-250,Fanatics,fanatics,player_points_alternate,the-odds-api,2026-08-20T14:45:07.648190+00:00
2026-08-20,1633124eeb20fd6dff51c151adeeb077,Atlanta Dream @ Los Angeles Sparks,2026-08-21T02:00:00Z,Los Angeles Sparks,Atlanta Dream,Rae Burrell,,PTS,OVER,14.5,-175,Fanatics,fanatics,player_points_alternate,the-odds-api,2026-08-20T14:45:07.648190+00:00
2026-08-20,1633124eeb20fd6dff51c151adeeb077,Atlanta Dream @ Los Angeles Sparks,2026-08-21T02:00:00Z,Los Angeles Sparks,Atlanta Dream,Rae Burrell,,PTS,OVER,15.5,-140,Fanatics,fanatics,player_points_alternate,the-odds-api,2026-08-20T14:45:07.648190+00:00
2026-08-20,1633124eeb20fd6dff51c151adeeb077,Atlanta Dream @ Los Angeles Sparks,2026-08-21T02:00:00Z,Los Angeles Sparks,Atlanta Dream,Rae Burrell,,PTS,OVER,16.5,-110,Fanatics,fanatics,player_points_alternate,the-odds-api,2026-08-20T14:45:07.648190+00:00
2026-08-20,1633124eeb20fd6dff51c151adeeb077,Atlanta Dream @ Los Angeles Sparks,2026-08-21T02:00:00Z,Los Angeles Sparks,Atlanta Dream,Rae Burrell,,PTS,OVER,17.5,120,Fanatics,fanatics,player_points_alternate,the-odds-api,2026-08-20T14:45:07.648190+00:00
2026-08-20,1633124eeb20fd6dff51c151adeeb077,Atlanta Dream @ Los Angeles Sparks,2026-08-21T02:00:00Z,Los Angeles Sparks,Atlanta Dream,Rae Burrell,,PTS,OVER,18.5,135,Fanatics,fanatics,player_points_alternate,the-odds-api,2026-08-20T14:45:07.648190+00:00
2026-08-20,1633124eeb20fd6dff51c151adeeb077,Atlanta Dream @ Los Angeles Sparks,2026-08-21T02:00:00Z,Los Angeles Sparks,Atlanta Dream,Rae Burrell,,PTS,OVER,19.5,170,Fanatics,fanatics,player_points_alternate,the-odds-api,2026-08-20T14:45:07.648190+00:00
2026-08-20,1633124eeb20fd6dff51c151adeeb077,Atlanta Dream @ Los Angeles Sparks,2026-08-21T02:00:00Z,Los Angeles Sparks,Atlanta Dream,Rae Burrell,,PTS,OVER,20.5,210,Fanatics,fanatics,player_points_alternate,the-odds-api,2026-08-20T14:45:07.648190+00:00
2026-08-20,1633124eeb20fd6dff51c151adeeb077,Atlanta Dream @ Los Angeles Sparks,2026-08-21T02:00:00Z,Los Angeles Sparks,Atlanta Dream,Rae Burrell,,PTS,OVER,21.5,260,Fanatics,fanatics,player_points_alternate,the-odds-api,2026-08-20T14:45:07.648190+00:00
2026-08-20,1633124eeb20fd6dff51c151adeeb077,Atlanta Dream @ Los Angeles Sparks,2026-08-21T02:00:00Z,Los Angeles Sparks,Atlanta Dream,Rae Burrell,,PTS,OVER,22.5,320,Fanatics,fanatics,player_points_alternate,the-odds-api,2026-08-20T14:45:07.648190+00:00
2026-08-20,1633124eeb20fd6dff51c151adeeb077,Atlanta Dream @ Los Angeles Sparks,2026-08-21T02:00:00Z,Los Angeles Sparks,Atlanta Dream,Rae Burrell,,PTS,OVER,23.5,375,Fanatics,fanatics,player_points_alternate,the-odds-api,2026-08-20T14:45:07.648190+00:00
2026-08-20,1633124eeb20fd6dff51c151adeeb077,Atlanta Dream @ Los Angeles Sparks,2026-08-21T02:00:00Z,Los Angeles Sparks,Atlanta Dream,Rae Burrell,,PTS,OVER,24.5,425,Fanatics,fanatics,player_points_alternate,the-odds-api,2026-08-20T14:45:07.648190+00:00
2026-08-20,1633124eeb20fd6dff51c151adeeb077,Atlanta Dream @ Los Angeles Sparks,2026-08-21T02:00:00Z,Los Angeles Sparks,Atlanta Dream,Rae Burrell,,PTS,OVER,25.5,550,Fanatics,fanatics,player_points_alternate,the-odds-api,2026-08-20T14:45:07.648190+00:00
2026-08-20,1633124eeb20fd6dff51c151adeeb077,Atlanta Dream @ Los Angeles Sparks,2026-08-21T02:00:00Z,Los Angeles Sparks,Atlanta Dream,Rae Burrell,,PTS,OVER,26.5,750,Fanatics,fanatics,player_points_alternate,the-odds-api,2026-08-20T14:45:07.648190+00:00
2026-08-20,1633124eeb20fd6dff51c151adeeb077,Atlanta Dream @ Los Angeles Sparks,2026-08-21T02:00:00Z,Los Angeles Sparks,Atlanta Dream,Rae Burrell,,PTS,OVER,27.5,900,Fanatics,fanatics,player_points_alternate,the-odds-api,2026-08-20T14:45:07.648190+00:00
2026-08-20,1633124eeb20fd6dff51c151adeeb077,Atlanta Dream @ Los Angeles Sparks,2026-08-21T02:00:00Z,Los Angeles Sparks,Atlanta Dream,Rae Burrell,,PTS,OVER,28.5,1000,Fanatics,fanatics,player_points_alternate,the-odds-api,2026-08-20T14:45:07.648190+00:00
2026-08-20,1633124eeb20fd6dff51c151adeeb077,Atlanta Dream @ Los Angeles Sparks,2026-08-21T02:00:00Z,Los Angeles Sparks,Atlanta Dream,Rae Burrell,,PTS,OVER,29.5,1200,Fanatics,fanatics,player_points_alternate,the-odds-api,2026-08-20T14:45:07.648190+00:00
2026-08-20,1633124eeb20fd6dff51c151adeeb077,Atlanta Dream @ Los Angeles Sparks,2026-08-21T02:00:00Z,Los Angeles Sparks,Atlanta Dream,Rae Burrell,,PTS,OVER,30.5,1500,Fanatics,fanatics,player_points_alternate,the-odds-api,2026-08-20T14:45:07.648190+00:00
2026-08-20,1633124eeb20fd6dff51c151adeeb077,Atlanta Dream @ Los Angeles Sparks,2026-08-21T02:00:00Z,Los Angeles Sparks,Atlanta Dream,Dearica Hamby,,PTS,OVER,7.5,-1700,Fanatics,fanatics,player_points_alternate,the-odds-api,2026-08-20T14:45:07.648190+00:00
2026-08-20,1633124eeb20fd6dff51c151adeeb077,Atlanta Dream @ Los Angeles Sparks,2026-08-21T02:00:00Z,Los Angeles Sparks,Atlanta Dream,Dearica Hamby,,PTS,OVER,8.5,-1100,Fanatics,fanatics,player_points_alternate,the-odds-api,2026-08-20T14:45:07.648190+00:00
2026-08-20,1633124eeb20fd6dff51c151adeeb077,Atlanta Dream @ Los Angeles Sparks,2026-08-21T02:00:00Z,Los Angeles Sparks,Atlanta Dream,Dearica Hamby,,PTS,OVER,9.5,-800,Fanatics,fanatics,player_points_alternate,the-odds-api,2026-08-20T14:45:07.648190+00:00
2026-08-20,1633124eeb20fd6dff51c151adeeb077,Atlanta Dream @ Los Angeles Sparks,2026-08-21T02:00:00Z,Los Angeles Sparks,Atlanta Dream,Dearica Hamby,,PTS,OVER,10.5,-525,Fanatics,fanatics,player_points_alternate,the-odds-api,2026-08-20T14:45:07.648190+00:00
2026-08-20,1633124eeb20fd6dff51c151adeeb077,Atlanta Dream @ Los Angeles Sparks,2026-08-21T02:00:00Z,Los Angeles Sparks,Atlanta Dream,Dearica Hamby,,PTS,OVER,11.5,-350,Fanatics,fanatics,player_points_alternate,the-odds-api,2026-08-20T14:45:07.648190+00:00
2026-08-20,1633124eeb20fd6dff51c151adeeb077,Atlanta Dream @ Los Angeles Sparks,2026-08-21T02:00:00Z,Los Angeles Sparks,Atlanta Dream,Dearica Hamby,,PTS,OVER,12.5,-250,Fanatics,fanatics,player_points_alternate,the-odds-api,2026-08-20T14:45:07.648190+00:00
2026-08-20,1633124eeb20fd6dff51c151adeeb077,Atlanta Dream @ Los Angeles Sparks,2026-08-21T02:00:00Z,Los Angeles Sparks,Atlanta Dream,Dearica Hamby,,PTS,OVER,13.5,-175,Fanatics,fanatics,player_points_alternate,the-odds-api,2026-08-20T14:45:07.648190+00:00
2026-08-20,1633124eeb20fd6dff51c151adeeb077,Atlanta Dream @ Los Angeles Sparks,2026-08-21T02:00:00Z,Los Angeles Sparks,Atlanta Dream,Dearica Hamby,,PTS,OVER,14.5,-125,Fanatics,fanatics,player_points_alternate,the-odds-api,2026-08-20T14:45:07.648190+00:00
2026-08-20,1633124eeb20fd6dff51c151adeeb077,Atlanta Dream @ Los Angeles Sparks,2026-08-21T02:00:00Z,Los Angeles Sparks,Atlanta Dream,Dearica Hamby,,PTS,OVER,15.5,105,Fanatics,fanatics,player_points_alternate,the-odds-api,2026-08-20T14:45:07.648190+00:00
2026-08-20,1633124eeb20fd6dff51c151adeeb077,Atlanta Dream @ Los Angeles Sparks,2026-08-21T02:00:00Z,Los Angeles Sparks,Atlanta Dream,Dearica Hamby,,PTS,OVER,16.5,130,Fanatics,fanatics,player_points_alternate,the-odds-api,2026-08-20T14:45:07.648190+00:00
2026-08-20,1633124eeb20fd6dff51c151adeeb077,Atlanta Dream @ Los Angeles Sparks,2026-08-21T02:00:00Z,Los Angeles Sparks,Atlanta Dream,Dearica Hamby,,PTS,OVER,17.5,160,Fanatics,fanatics,player_points_alternate,the-odds-api,2026-08-20T14:45:07.648190+00:00
2026-08-20,1633124eeb20fd6dff51c151adeeb077,Atlanta Dream @ Los Angeles Sparks,2026-08-21T02:00:00Z,Los Angeles Sparks,Atlanta Dream,Dearica Hamby,,PTS,OVER,18.5,210,Fanatics,fanatics,player_points_alternate,the-odds-api,2026-08-20T14:45:07.648190+00:00
2026-08-20,1633124eeb20fd6dff51c151adeeb077,Atlanta Dream @ Los Angeles Sparks,2026-08-21T02:00:00Z,Los Angeles Sparks,Atlanta Dream,Dearica Hamby,,PTS,OVER,19.5,270,Fanatics,fanatics,player_points_alternate,the-odds-api,2026-08-20T14:45:07.648190+00:00
2026-08-20,1633124eeb20fd6dff51c151adeeb077,Atlanta Dream @ Los Angeles Sparks,2026-08-21T02:00:00Z,Los Angeles Sparks,Atlanta Dream,Dearica Hamby,,PTS,OVER,20.5,340,Fanatics,fanatics,player_points_alternate,the-odds-api,2026-08-20T14:45:07.648190+00:00
2026-08-20,1633124eeb20fd6dff51c151adeeb077,Atlanta Dream @ Los Angeles Sparks,2026-08-21T02:00:00Z,Los Angeles Sparks,Atlanta Dream,Dearica Hamby,,PTS,OVER,21.5,400,Fanatics,fanatics,player_points_alternate,the-odds-api,2026-08-20T14:45:07.648190+00:00
2026-08-20,1633124eeb20fd6dff51c151adeeb077,Atlanta Dream @ Los Angeles Sparks,2026-08-21T02:00:00Z,Los Angeles Sparks,Atlanta Dream,Dearica Hamby,,PTS,OVER,22.5,500,Fanatics,fanatics,player_points_alternate,the-odds-api,2026-08-20T14:45:07.648190+00:00
2026-08-20,1633124eeb20fd6dff51c151adeeb077,Atlanta Dream @ Los Angeles Sparks,2026-08-21T02:00:00Z,Los Angeles Sparks,Atlanta Dream,Dearica Hamby,,PTS,OVER,23.5,750,Fanatics,fanatics,player_points_alternate,the-odds-api,2026-08-20T14:45:07.648190+00:00
2026-08-20,1633124eeb20fd6dff51c151adeeb077,Atlanta Dream @ Los Angeles Sparks,2026-08-21T02:00:00Z,Los Angeles Sparks,Atlanta Dream,Dearica Hamby,,PTS,OVER,24.5,900,Fanatics,fanatics,player_points_alternate,the-odds-api,2026-08-20T14:45:07.648190+00:00
2026-08-20,1633124eeb20fd6dff51c151adeeb077,Atlanta Dream @ Los Angeles Sparks,2026-08-21T02:00:00Z,Los Angeles Sparks,Atlanta Dream,Dearica Hamby,,PTS,OVER,25.5,1000,Fanatics,fanatics,player_points_alternate,the-odds-api,2026-08-20T14:45:07.648190+00:00
2026-08-20,1633124eeb20fd6dff51c151adeeb077,Atlanta Dream @ Los Angeles Sparks,2026-08-21T02:00:00Z,Los Angeles Sparks,Atlanta Dream,Dearica Hamby,,PTS,OVER,26.5,1200,Fanatics,fanatics,player_points_alternate,the-odds-api,2026-08-20T14:45:07.648190+00:00
2026-08-20,1633124eeb20fd6dff51c151adeeb077,Atlanta Dream @ Los Angeles Sparks,2026-08-21T02:00:00Z,Los Angeles Sparks,Atlanta Dream,Nneka Ogwumike,,PTS,OVER,7.5,-1700,Fanatics,fanatics,player_points_alternate,the-odds-api,2026-08-20T14:45:07.648190+00:00
2026-08-20,1633124eeb20fd6dff51c151adeeb077,Atlanta Dream @ Los Angeles Sparks,2026-08-21T02:00:00Z,Los Angeles Sparks,Atlanta Dream,Nneka Ogwumike,,PTS,OVER,8.5,-1100,Fanatics,fanatics,player_points_alternate,the-odds-api,2026-08-20T14:45:07.648190+00:00
2026-08-20,1633124eeb20fd6dff51c151adeeb077,Atlanta Dream @ Los Angeles Sparks,2026-08-21T02:00:00Z,Los Angeles Sparks,Atlanta Dream,Nneka Ogwumike,,PTS,OVER,9.5,-700,Fanatics,fanatics,player_points_alternate,the-odds-api,2026-08-20T14:45:07.648190+00:00
2026-08-20,1633124eeb20fd6dff51c151adeeb077,Atlanta Dream @ Los Angeles Sparks,2026-08-21T02:00:00Z,Los Angeles Sparks,Atlanta Dream,Nneka Ogwumike,,PTS,OVER,10.5,-475,Fanatics,fanatics,player_points_alternate,the-odds-api,2026-08-20T14:45:07.648190+00:00
2026-08-20,1633124eeb20fd6dff51c151adeeb077,Atlanta Dream @ Los Angeles Sparks,2026-08-21T02:00:00Z,Los Angeles Sparks,Atlanta Dream,Nneka Ogwumike,,PTS,OVER,11.5,-350,Fanatics,fanatics,player_points_alternate,the-odds-api,2026-08-20T14:45:07.648190+00:00
2026-08-20,1633124eeb20fd6dff51c151adeeb077,Atlanta Dream @ Los Angeles Sparks,2026-08-21T02:00:00Z,Los Angeles Sparks,Atlanta Dream,Nneka Ogwumike,,PTS,OVER,12.5,-240,Fanatics,fanatics,player_points_alternate,the-odds-api,2026-08-20T14:45:07.648190+00:00
2026-08-20,1633124eeb20fd6dff51c151adeeb077,Atlanta Dream @ Los Angeles Sparks,2026-08-21T02:00:00Z,Los Angeles Sparks,Atlanta Dream,Nneka Ogwumike,,PTS,OVER,13.5,-175,Fanatics,fanatics,player_points_alternate,the-odds-api,2026-08-20T14:45:07.648190+00:00
2026-08-20,1633124eeb20fd6dff51c151adeeb077,Atlanta Dream @ Los Angeles Sparks,2026-08-21T02:00:00Z,Los Angeles Sparks,Atlanta Dream,Nneka Ogwumike,,PTS,OVER,14.5,-125,Fanatics,fanatics,player_points_alternate,the-odds-api,2026-08-20T14:45:07.648190+00:00
2026-08-20,1633124eeb20fd6dff51c151adeeb077,Atlanta Dream @ Los Angeles Sparks,2026-08-21T02:00:00Z,Los Angeles Sparks,Atlanta Dream,Nneka Ogwumike,,PTS,OVER,15.5,105,Fanatics,fanatics,player_points_alternate,the-odds-api,2026-08-20T14:45:07.648190+00:00
2026-08-20,1633124eeb20fd6dff51c151adeeb077,Atlanta Dream @ Los Angeles Sparks,2026-08-21T02:00:00Z,Los Angeles Sparks,Atlanta Dream,Nneka Ogwumike,,PTS,OVER,16.5,130,Fanatics,fanatics,player_points_alternate,the-odds-api,2026-08-20T14:45:07.648190+00:00
2026-08-20,1633124eeb20fd6dff51c151adeeb077,Atlanta Dream @ Los Angeles Sparks,2026-08-21T02:00:00Z,Los Angeles Sparks,Atlanta Dream,Nneka Ogwumike,,PTS,OVER,17.5,160,Fanatics,fanatics,player_points_alternate,the-odds-api,2026-08-20T14:45:07.648190+00:00
2026-08-20,1633124eeb20fd6dff51c151adeeb077,Atlanta Dream @ Los Angeles Sparks,2026-08-21T02:00:00Z,Los Angeles Sparks,Atlanta Dream,Nneka Ogwumike,,PTS,OVER,18.5,200,Fanatics,fanatics,player_points_alternate,the-odds-api,2026-08-20T14:45:07.648190+00:00
2026-08-20,1633124eeb20fd6dff51c151adeeb077,Atlanta Dream @ Los Angeles Sparks,2026-08-21T02:00:00Z,Los Angeles Sparks,Atlanta Dream,Nneka Ogwumike,,PTS,OVER,19.5,260,Fanatics,fanatics,player_points_alternate,the-odds-api,2026-08-20T14:45:07.648190+00:00
2026-08-20,1633124eeb20fd6dff51c151adeeb077,Atlanta Dream @ Los Angeles Sparks,2026-08-21T02:00:00Z,Los Angeles Sparks,Atlanta Dream,Nneka Ogwumike,,PTS,OVER,20.5,320,Fanatics,fanatics,player_points_alternate,the-odds-api,2026-08-20T14:45:07.648190+00:00
2026-08-20,1633124eeb20fd6dff51c151adeeb077,Atlanta Dream @ Los Angeles Sparks,2026-08-21T02:00:00Z,Los Angeles Sparks,Atlanta Dream,Nneka Ogwumike,,PTS,OVER,21.5,375,Fanatics,fanatics,player_points_alternate,the-odds-api,2026-08-20T14:45:07.648190+00:00
2026-08-20,1633124eeb20fd6dff51c151adeeb077,Atlanta Dream @ Los Angeles Sparks,2026-08-21T02:00:00Z,Los Angeles Sparks,Atlanta Dream,Nneka Ogwumike,,PTS,OVER,22.5,475,Fanatics,fanatics,player_points_alternate,the-odds-api,2026-08-20T14:45:07.648190+00:00
2026-08-20,1633124eeb20fd6dff51c151adeeb077,Atlanta Dream @ Los Angeles Sparks,2026-08-21T02:00:00Z,Los Angeles Sparks,Atlanta Dream,Nneka Ogwumike,,PTS,OVER,23.5,650,Fanatics,fanatics,player_points_alternate,the-odds-api,2026-08-20T14:45:07.648190+00:00
2026-08-20,1633124eeb20fd6dff51c151adeeb077,Atlanta Dream @ Los Angeles Sparks,2026-08-21T02:00:00Z,Los Angeles Sparks,Atlanta Dream,Nneka Ogwumike,,PTS,OVER,24.5,800,Fanatics,fanatics,player_points_alternate,the-odds-api,2026-08-20T14:45:07.648190+00:00
2026-08-20,1633124eeb20fd6dff51c151adeeb077,Atlanta Dream @ Los Angeles Sparks,2026-08-21T02:00:00Z,Los Angeles Sparks,Atlanta Dream,Nneka Ogwumike,,PTS,OVER,25.5,950,Fanatics,fanatics,player_points_alternate,the-odds-api,2026-08-20T14:45:07.648190+00:00
2026-08-20,1633124eeb20fd6dff51c151adeeb077,Atlanta Dream @ Los Angeles Sparks,2026-08-21T02:00:00Z,Los Angeles Sparks,Atlanta Dream,Nneka Ogwumike,,PTS,OVER,26.5,1100,Fanatics,fanatics,player_points_alternate,the-odds-api,2026-08-20T14:45:07.648190+00:00
2026-08-20,1633124eeb20fd6dff51c151adeeb077,Atlanta Dream @ Los Angeles Sparks,2026-08-21T02:00:00Z,Los Angeles Sparks,Atlanta Dream,Nneka Ogwumike,,PTS,OVER,27.5,1200,Fanatics,fanatics,player_points_alternate,the-odds-api,2026-08-20T14:45:07.648190+00:00
2026-08-20,1633124eeb20fd6dff51c151adeeb077,Atlanta Dream @ Los Angeles Sparks,2026-08-21T02:00:00Z,Los Angeles Sparks,Atlanta Dream,Jordin Canada,,PTS,OVER,4.5,-2000,Fanatics,fanatics,player_points_alternate,the-odds-api,2026-08-20T14:45:07.648190+00:00
2026-08-20,1633124eeb20fd6dff51c151adeeb077,Atlanta Dream @ Los Angeles Sparks,2026-08-21T02:00:00Z,Los Angeles Sparks,Atlanta Dream,Jordin Canada,,PTS,OVER,5.5,-1100,Fanatics,fanatics,player_points_alternate,the-odds-api,2026-08-20T14:45:07.648190+00:00
2026-08-20,1633124eeb20fd6dff51c151adeeb077,Atlanta Dream @ Los Angeles Sparks,2026-08-21T02:00:00Z,Los Angeles Sparks,Atlanta Dream,Jordin Canada,,PTS,OVER,6.5,-700,Fanatics,fanatics,player_points_alternate,the-odds-api,2026-08-20T14:45:07.648190+00:00
2026-08-20,1633124eeb20fd6dff51c151adeeb077,Atlanta Dream @ Los Angeles Sparks,2026-08-21T02:00:00Z,Los Angeles Sparks,Atlanta Dream,Jordin Canada,,PTS,OVER,7.5,-450,Fanatics,fanatics,player_points_alternate,the-odds-api,2026-08-20T14:45:07.648190+00:00
2026-08-20,1633124eeb20fd6dff51c151adeeb077,Atlanta Dream @ Los Angeles Sparks,2026-08-21T02:00:00Z,Los Angeles Sparks,Atlanta Dream,Jordin Canada,,PTS,OVER,8.5,-300,Fanatics,fanatics,player_points_alternate,the-odds-api,2026-08-20T14:45:07.648190+00:00
2026-08-20,1633124eeb20fd6dff51c151adeeb077,Atlanta Dream @ Los Angeles Sparks,2026-08-21T02:00:00Z,Los Angeles Sparks,Atlanta Dream,Jordin Canada,,PTS,OVER,9.5,-210,Fanatics,fanatics,player_points_alternate,the-odds-api,2026-08-20T14:45:07.648190+00:00
2026-08-20,1633124eeb20fd6dff51c151adeeb077,Atlanta Dream @ Los Angeles Sparks,2026-08-21T02:00:00Z,Los Angeles Sparks,Atlanta Dream,Jordin Canada,,PTS,OVER,10.5,-145,Fanatics,fanatics,player_points_alternate,the-odds-api,2026-08-20T14:45:07.648190+00:00
2026-08-20,1633124eeb20fd6dff51c151adeeb077,Atlanta Dream @ Los Angeles Sparks,2026-08-21T02:00:00Z,Los Angeles Sparks,Atlanta Dream,Jordin Canada,,PTS,OVER,11.5,-105,Fanatics,fanatics,player_points_alternate,the-odds-api,2026-08-20T14:45:07.648190+00:00
2026-08-20,1633124eeb20fd6dff51c151adeeb077,Atlanta Dream @ Los Angeles Sparks,2026-08-21T02:00:00Z,Los Angeles Sparks,Atlanta Dream,Jordin Canada,,PTS,OVER,12.5,125,Fanatics,fanatics,player_points_alternate,the-odds-api,2026-08-20T14:45:07.648190+00:00
2026-08-20,1633124eeb20fd6dff51c151adeeb077,Atlanta Dream @ Los Angeles Sparks,2026-08-21T02:00:00Z,Los Angeles Sparks,Atlanta Dream,Jordin Canada,,PTS,OVER,13.5,160,Fanatics,fanatics,player_points_alternate,the-odds-api,2026-08-20T14:45:07.648190+00:00
2026-08-20,1633124eeb20fd6dff51c151adeeb077,Atlanta Dream @ Los Angeles Sparks,2026-08-21T02:00:00Z,Los Angeles Sparks,Atlanta Dream,Jordin Canada,,PTS,OVER,14.5,210,Fanatics,fanatics,player_points_alternate,the-odds-api,2026-08-20T14:45:07.648190+00:00
2026-08-20,1633124eeb20fd6dff51c151adeeb077,Atlanta Dream @ Los Angeles Sparks,2026-08-21T02:00:00Z,Los Angeles Sparks,Atlanta Dream,Jordin Canada,,PTS,OVER,15.5,290,Fanatics,fanatics,player_points_alternate,the-odds-api,2026-08-20T14:45:07.648190+00:00
2026-08-20,1633124eeb20fd6dff51c151adeeb077,Atlanta Dream @ Los Angeles Sparks,2026-08-21T02:00:00Z,Los Angeles Sparks,Atlanta Dream,Jordin Canada,,PTS,OVER,16.5,350,Fanatics,fanatics,player_points_alternate,the-odds-api,2026-08-20T14:45:07.648190+00:00
2026-08-20,1633124eeb20fd6dff51c151adeeb077,Atlanta Dream @ Los Angeles Sparks,2026-08-21T02:00:00Z,Los Angeles Sparks,Atlanta Dream,Jordin Canada,,PTS,OVER,17.5,425,Fanatics,fanatics,player_points_alternate,the-odds-api,2026-08-20T14:45:07.648190+00:00
2026-08-20,1633124eeb20fd6dff51c151adeeb077,Atlanta Dream @ Los Angeles Sparks,2026-08-21T02:00:00Z,Los Angeles Sparks,Atlanta Dream,Jordin Canada,,PTS,OVER,18.5,600,Fanatics,fanatics,player_points_alternate,the-odds-api,2026-08-20T14:45:07.648190+00:00
2026-08-20,1633124eeb20fd6dff51c151adeeb077,Atlanta Dream @ Los Angeles Sparks,2026-08-21T02:00:00Z,Los Angeles Sparks,Atlanta Dream,Jordin Canada,,PTS,OVER,19.5,800,Fanatics,fanatics,player_points_alternate,the-odds-api,2026-08-20T14:45:07.648190+00:00
2026-08-20,1633124eeb20fd6dff51c151adeeb077,Atlanta Dream @ Los Angeles Sparks,2026-08-21T02:00:00Z,Los Angeles Sparks,Atlanta Dream,Jordin Canada,,PTS,OVER,20.5,1000,Fanatics,fanatics,player_points_alternate,the-odds-api,2026-08-20T14:45:07.648190+00:00
2026-08-20,1633124eeb20fd6dff51c151adeeb077,Atlanta Dream @ Los Angeles Sparks,2026-08-21T02:00:00Z,Los Angeles Sparks,Atlanta Dream,Jordin Canada,,PTS,OVER,21.5,1200,Fanatics,fanatics,player_points_alternate,the-odds-api,2026-08-20T14:45:07.648190+00:00
2026-08-20,1633124eeb20fd6dff51c151adeeb077,Atlanta Dream @ Los Angeles Sparks,2026-08-21T02:00:00Z,Los Angeles Sparks,Atlanta Dream,Jordin Canada,,PTS,OVER,22.5,1600,Fanatics,fanatics,player_points_alternate,the-odds-api,2026-08-20T14:45:07.648190+00:00
2026-08-20,1633124eeb20fd6dff51c151adeeb077,Atlanta Dream @ Los Angeles Sparks,2026-08-21T02:00:00Z,Los Angeles Sparks,Atlanta Dream,Ariel Atkins,,PTS,OVER,4.5,-650,Fanatics,fanatics,player_points_alternate,the-odds-api,2026-08-20T14:45:07.648190+00:00
2026-08-20,1633124eeb20fd6dff51c151adeeb077,Atlanta Dream @ Los Angeles Sparks,2026-08-21T02:00:00Z,Los Angeles Sparks,Atlanta Dream,Ariel Atkins,,PTS,OVER,5.5,-425,Fanatics,fanatics,player_points_alternate,the-odds-api,2026-08-20T14:45:07.648190+00:00
2026-08-20,1633124eeb20fd6dff51c151adeeb077,Atlanta Dream @ Los Angeles Sparks,2026-08-21T02:00:00Z,Los Angeles Sparks,Atlanta Dream,Ariel Atkins,,PTS,OVER,6.5,-275,Fanatics,fanatics,player_points_alternate,the-odds-api,2026-08-20T14:45:07.648190+00:00
2026-08-20,1633124eeb20fd6dff51c151adeeb077,Atlanta Dream @ Los Angeles Sparks,2026-08-21T02:00:00Z,Los Angeles Sparks,Atlanta Dream,Ariel Atkins,,PTS,OVER,7.5,-175,Fanatics,fanatics,player_points_alternate,the-odds-api,2026-08-20T14:45:07.648190+00:00
2026-08-20,1633124eeb20fd6dff51c151adeeb077,Atlanta Dream @ Los Angeles Sparks,2026-08-21T02:00:00Z,Los Angeles Sparks,Atlanta Dream,Ariel Atkins,,PTS,OVER,8.5,-115,Fanatics,fanatics,player_points_alternate,the-odds-api,2026-08-20T14:45:07.648190+00:00
2026-08-20,1633124eeb20fd6dff51c151adeeb077,Atlanta Dream @ Los Angeles Sparks,2026-08-21T02:00:00Z,Los Angeles Sparks,Atlanta Dream,Ariel Atkins,,PTS,OVER,9.5,115,Fanatics,fanatics,player_points_alternate,the-odds-api,2026-08-20T14:45:07.648190+00:00
2026-08-20,1633124eeb20fd6dff51c151adeeb077,Atlanta Dream @ Los Angeles Sparks,2026-08-21T02:00:00Z,Los Angeles Sparks,Atlanta Dream,Ariel Atkins,,PTS,OVER,10.5,150,Fanatics,fanatics,player_points_alternate,the-odds-api,2026-08-20T14:45:07.648190+00:00
2026-08-20,1633124eeb20fd6dff51c151adeeb077,Atlanta Dream @ Los Angeles Sparks,2026-08-21T02:00:00Z,Los Angeles Sparks,Atlanta Dream,Ariel Atkins,,PTS,OVER,11.5,200,Fanatics,fanatics,player_points_alternate,the-odds-api,2026-08-20T14:45:07.648190+00:00
2026-08-20,1633124eeb20fd6dff51c151adeeb077,Atlanta Dream @ Los Angeles Sparks,2026-08-21T02:00:00Z,Los Angeles Sparks,Atlanta Dream,Ariel Atkins,,PTS,OVER,12.5,260,Fanatics,fanatics,player_points_alternate,the-odds-api,2026-08-20T14:45:07.648190+00:00
2026-08-20,1633124eeb20fd6dff51c151adeeb077,Atlanta Dream @ Los Angeles Sparks,2026-08-21T02:00:00Z,Los Angeles Sparks,Atlanta Dream,Ariel Atkins,,PTS,OVER,13.5,340,Fanatics,fanatics,player_points_alternate,the-odds-api,2026-08-20T14:45:07.648190+00:00
2026-08-20,1633124eeb20fd6dff51c151adeeb077,Atlanta Dream @ Los Angeles Sparks,2026-08-21T02:00:00Z,Los Angeles Sparks,Atlanta Dream,Ariel Atkins,,PTS,OVER,14.5,425,Fanatics,fanatics,player_points_alternate,the-odds-api,2026-08-20T14:45:07.648190+00:00
2026-08-20,1633124eeb20fd6dff51c151adeeb077,Atlanta Dream @ Los Angeles Sparks,2026-08-21T02:00:00Z,Los Angeles Sparks,Atlanta Dream,Ariel Atkins,,PTS,OVER,15.5,600,Fanatics,fanatics,player_points_alternate,the-odds-api,2026-08-20T14:45:07.648190+00:00
2026-08-20,1633124eeb20fd6dff51c151adeeb077,Atlanta Dream @ Los Angeles Sparks,2026-08-21T02:00:00Z,Los Angeles Sparks,Atlanta Dream,Ariel Atkins,,PTS,OVER,16.5,800,Fanatics,fanatics,player_points_alternate,the-odds-api,2026-08-20T14:45:07.648190+00:00
2026-08-20,1633124eeb20fd6dff51c151adeeb077,Atlanta Dream @ Los Angeles Sparks,2026-08-21T02:00:00Z,Los Angeles Sparks,Atlanta Dream,Ariel Atkins,,PTS,OVER,17.5,950,Fanatics,fanatics,player_points_alternate,the-odds-api,2026-08-20T14:45:07.648190+00:00
2026-08-20,1633124eeb20fd6dff51c151adeeb077,Atlanta Dream @ Los Angeles Sparks,2026-08-21T02:00:00Z,Los Angeles Sparks,Atlanta Dream,Ariel Atkins,,PTS,OVER,18.5,1200,Fanatics,fanatics,player_points_alternate,the-odds-api,2026-08-20T14:45:07.648190+00:00
2026-08-20,1633124eeb20fd6dff51c151adeeb077,Atlanta Dream @ Los Angeles Sparks,2026-08-21T02:00:00Z,Los Angeles Sparks,Atlanta Dream,Ariel Atkins,,PTS,OVER,19.5,1500,Fanatics,fanatics,player_points_alternate,the-odds-api,2026-08-20T14:45:07.648190+00:00
2026-08-20,1633124eeb20fd6dff51c151adeeb077,Atlanta Dream @ Los Angeles Sparks,2026-08-21T02:00:00Z,Los Angeles Sparks,Atlanta Dream,Erica Wheeler,,PTS,OVER,4.5,-630,Fanatics,fanatics,player_points_alternate,the-odds-api,2026-08-20T14:45:07.648190+00:00
2026-08-20,1633124eeb20fd6dff51c151adeeb077,Atlanta Dream @ Los Angeles Sparks,2026-08-21T02:00:00Z,Los Angeles Sparks,Atlanta Dream,Erica Wheeler,,PTS,OVER,5.5,-375,Fanatics,fanatics,player_points_alternate,the-odds-api,2026-08-20T14:45:07.648190+00:00
2026-08-20,1633124eeb20fd6dff51c151adeeb077,Atlanta Dream @ Los Angeles Sparks,2026-08-21T02:00:00Z,Los Angeles Sparks,Atlanta Dream,Erica Wheeler,,PTS,OVER,6.5,-250,Fanatics,fanatics,player_points_alternate,the-odds-api,2026-08-20T14:45:07.648190+00:00
2026-08-20,1633124eeb20fd6dff51c151adeeb077,Atlanta Dream @ Los Angeles Sparks,2026-08-21T02:00:00Z,Los Angeles Sparks,Atlanta Dream,Erica Wheeler,,PTS,OVER,7.5,-165,Fanatics,fanatics,player_points_alternate,the-odds-api,2026-08-20T14:45:07.648190+00:00
2026-08-20,1633124eeb20fd6dff51c151adeeb077,Atlanta Dream @ Los Angeles Sparks,2026-08-21T02:00:00Z,Los Angeles Sparks,Atlanta Dream,Erica Wheeler,,PTS,OVER,8.5,-110,Fanatics,fanatics,player_points_alternate,the-odds-api,2026-08-20T14:45:07.648190+00:00
2026-08-20,1633124eeb20fd6dff51c151adeeb077,Atlanta Dream @ Los Angeles Sparks,2026-08-21T02:00:00Z,Los Angeles Sparks,Atlanta Dream,Erica Wheeler,,PTS,OVER,9.5,125,Fanatics,fanatics,player_points_alternate,the-odds-api,2026-08-20T14:45:07.648190+00:00
2026-08-20,1633124eeb20fd6dff51c151adeeb077,Atlanta Dream @ Los Angeles Sparks,2026-08-21T02:00:00Z,Los Angeles Sparks,Atlanta Dream,Erica Wheeler,,PTS,OVER,10.5,155,Fanatics,fanatics,player_points_alternate,the-odds-api,2026-08-20T14:45:07.648190+00:00
2026-08-20,1633124eeb20fd6dff51c151adeeb077,Atlanta Dream @ Los Angeles Sparks,2026-08-21T02:00:00Z,Los Angeles Sparks,Atlanta Dream,Erica Wheeler,,PTS,OVER,11.5,210,Fanatics,fanatics,player_points_alternate,the-odds-api,2026-08-20T14:45:07.648190+00:00
2026-08-20,1633124eeb20fd6dff51c151adeeb077,Atlanta Dream @ Los Angeles Sparks,2026-08-21T02:00:00Z,Los Angeles Sparks,Atlanta Dream,Erica Wheeler,,PTS,OVER,12.5,270,Fanatics,fanatics,player_points_alternate,the-odds-api,2026-08-20T14:45:07.648190+00:00
2026-08-20,1633124eeb20fd6dff51c151adeeb077,Atlanta Dream @ Los Angeles Sparks,2026-08-21T02:00:00Z,Los Angeles Sparks,Atlanta Dream,Erica Wheeler,,PTS,OVER,13.5,350,Fanatics,fanatics,player_points_alternate,the-odds-api,2026-08-20T14:45:07.648190+00:00
2026-08-20,1633124eeb20fd6dff51c151adeeb077,Atlanta Dream @ Los Angeles Sparks,2026-08-21T02:00:00Z,Los Angeles Sparks,Atlanta Dream,Erica Wheeler,,PTS,OVER,14.5,475,Fanatics,fanatics,player_points_alternate,the-odds-api,2026-08-20T14:45:07.648190+00:00
2026-08-20,1633124eeb20fd6dff51c151adeeb077,Atlanta Dream @ Los Angeles Sparks,2026-08-21T02:00:00Z,Los Angeles Sparks,Atlanta Dream,Erica Wheeler,,PTS,OVER,15.5,650,Fanatics,fanatics,player_points_alternate,the-odds-api,2026-08-20T14:45:07.648190+00:00
2026-08-20,1633124eeb20fd6dff51c151adeeb077,Atlanta Dream @ Los Angeles Sparks,2026-08-21T02:00:00Z,Los Angeles Sparks,Atlanta Dream,Erica Wheeler,,PTS,OVER,16.5,850,Fanatics,fanatics,player_points_alternate,the-odds-api,2026-08-20T14:45:07.648190+00:00
2026-08-20,1633124eeb20fd6dff51c151adeeb077,Atlanta Dream @ Los Angeles Sparks,2026-08-21T02:00:00Z,Los Angeles Sparks,Atlanta Dream,Erica Wheeler,,PTS,OVER,17.5,1000,Fanatics,fanatics,player_points_alternate,the-odds-api,2026-08-20T14:45:07.648190+00:00
2026-08-20,1633124eeb20fd6dff51c151adeeb077,Atlanta Dream @ Los Angeles Sparks,2026-08-21T02:00:00Z,Los Angeles Sparks,Atlanta Dream,Erica Wheeler,,PTS,OVER,18.5,1400,Fanatics,fanatics,player_points_alternate,the-odds-api,2026-08-20T14:45:07.648190+00:00
2026-08-20,1633124eeb20fd6dff51c151adeeb077,Atlanta Dream @ Los Angeles Sparks,2026-08-21T02:00:00Z,Los Angeles Sparks,Atlanta Dream,Cameron Brink,,PTS,OVER,4.5,-375,Fanatics,fanatics,player_points_alternate,the-odds-api,2026-08-20T14:45:07.648190+00:00
2026-08-20,1633124eeb20fd6dff51c151adeeb077,Atlanta Dream @ Los Angeles Sparks,2026-08-21T02:00:00Z,Los Angeles Sparks,Atlanta Dream,Cameron Brink,,PTS,OVER,5.5,-240,Fanatics,fanatics,player_points_alternate,the-odds-api,2026-08-20T14:45:07.648190+00:00
2026-08-20,1633124eeb20fd6dff51c151adeeb077,Atlanta Dream @ Los Angeles Sparks,2026-08-21T02:00:00Z,Los Angeles Sparks,Atlanta Dream,Cameron Brink,,PTS,OVER,6.5,-150,Fanatics,fanatics,player_points_alternate,the-odds-api,2026-08-20T14:45:07.648190+00:00
2026-08-20,1633124eeb20fd6dff51c151adeeb077,Atlanta Dream @ Los Angeles Sparks,2026-08-21T02:00:00Z,Los Angeles Sparks,Atlanta Dream,Cameron Brink,,PTS,OVER,7.5,100,Fanatics,fanatics,player_points_alternate,the-odds-api,2026-08-20T14:45:07.648190+00:00
2026-08-20,1633124eeb20fd6dff51c151adeeb077,Atlanta Dream @ Los Angeles Sparks,2026-08-21T02:00:00Z,Los Angeles Sparks,Atlanta Dream,Cameron Brink,,PTS,OVER,8.5,130,Fanatics,fanatics,player_points_alternate,the-odds-api,2026-08-20T14:45:07.648190+00:00
2026-08-20,1633124eeb20fd6dff51c151adeeb077,Atlanta Dream @ Los Angeles Sparks,2026-08-21T02:00:00Z,Los Angeles Sparks,Atlanta Dream,Cameron Brink,,PTS,OVER,9.5,175,Fanatics,fanatics,player_points_alternate,the-odds-api,2026-08-20T14:45:07.648190+00:00
2026-08-20,1633124eeb20fd6dff51c151adeeb077,Atlanta Dream @ Los Angeles Sparks,2026-08-21T02:00:00Z,Los Angeles Sparks,Atlanta Dream,Cameron Brink,,PTS,OVER,10.5,240,Fanatics,fanatics,player_points_alternate,the-odds-api,2026-08-20T14:45:07.648190+00:00
2026-08-20,1633124eeb20fd6dff51c151adeeb077,Atlanta Dream @ Los Angeles Sparks,2026-08-21T02:00:00Z,Los Angeles Sparks,Atlanta Dream,Cameron Brink,,PTS,OVER,11.5,320,Fanatics,fanatics,player_points_alternate,the-odds-api,2026-08-20T14:45:07.648190+00:00
2026-08-20,1633124eeb20fd6dff51c151adeeb077,Atlanta Dream @ Los Angeles Sparks,2026-08-21T02:00:00Z,Los Angeles Sparks,Atlanta Dream,Cameron Brink,,PTS,OVER,12.5,425,Fanatics,fanatics,player_points_alternate,the-odds-api,2026-08-20T14:45:07.648190+00:00
2026-08-20,1633124eeb20fd6dff51c151adeeb077,Atlanta Dream @ Los Angeles Sparks,2026-08-21T02:00:00Z,Los Angeles Sparks,Atlanta Dream,Cameron Brink,,PTS,OVER,13.5,600,Fanatics,fanatics,player_points_alternate,the-odds-api,2026-08-20T14:45:07.648190+00:00
2026-08-20,1633124eeb20fd6dff51c151adeeb077,Atlanta Dream @ Los Angeles Sparks,2026-08-21T02:00:00Z,Los Angeles Sparks,Atlanta Dream,Cameron Brink,,PTS,OVER,14.5,800,Fanatics,fanatics,player_points_alternate,the-odds-api,2026-08-20T14:45:07.648190+00:00
2026-08-20,1633124eeb20fd6dff51c151adeeb077,Atlanta Dream @ Los Angeles Sparks,2026-08-21T02:00:00Z,Los Angeles Sparks,Atlanta Dream,Cameron Brink,,PTS,OVER,15.5,1000,Fanatics,fanatics,player_points_alternate,the-odds-api,2026-08-20T14:45:07.648190+00:00
2026-08-20,1633124eeb20fd6dff51c151adeeb077,Atlanta Dream @ Los Angeles Sparks,2026-08-21T02:00:00Z,Los Angeles Sparks,Atlanta Dream,Cameron Brink,,PTS,OVER,16.5,1400,Fanatics,fanatics,player_points_alternate,the-odds-api,2026-08-20T14:45:07.648190+00:00
2026-08-20,1633124eeb20fd6dff51c151adeeb077,Atlanta Dream @ Los Angeles Sparks,2026-08-21T02:00:00Z,Los Angeles Sparks,Atlanta Dream,Monique Akoa Makani,,PTS,OVER,4.5,-300,Fanatics,fanatics,player_points_alternate,the-odds-api,2026-08-20T14:45:07.648190+00:00
2026-08-20,1633124eeb20fd6dff51c151adeeb077,Atlanta Dream @ Los Angeles Sparks,2026-08-21T02:00:00Z,Los Angeles Sparks,Atlanta Dream,Monique Akoa Makani,,PTS,OVER,5.5,-175,Fanatics,fanatics,player_points_alternate,the-odds-api,2026-08-20T14:45:07.648190+00:00
2026-08-20,1633124eeb20fd6dff51c151adeeb077,Atlanta Dream @ Los Angeles Sparks,2026-08-21T02:00:00Z,Los Angeles Sparks,Atlanta Dream,Monique Akoa Makani,,PTS,OVER,6.5,-110,Fanatics,fanatics,player_points_alternate,the-odds-api,2026-08-20T14:45:07.648190+00:00
2026-08-20,1633124eeb20fd6dff51c151adeeb077,Atlanta Dream @ Los Angeles Sparks,2026-08-21T02:00:00Z,Los Angeles Sparks,Atlanta Dream,Monique Akoa Makani,,PTS,OVER,7.5,130,Fanatics,fanatics,player_points_alternate,the-odds-api,2026-08-20T14:45:07.648190+00:00
2026-08-20,1633124eeb20fd6dff51c151adeeb077,Atlanta Dream @ Los Angeles Sparks,2026-08-21T02:00:00Z,Los Angeles Sparks,Atlanta Dream,Monique Akoa Makani,,PTS,OVER,8.5,175,Fanatics,fanatics,player_points_alternate,the-odds-api,2026-08-20T14:45:07.648190+00:00
2026-08-20,1633124eeb20fd6dff51c151adeeb077,Atlanta Dream @ Los Angeles Sparks,2026-08-21T02:00:00Z,Los Angeles Sparks,Atlanta Dream,Monique Akoa Makani,,PTS,OVER,9.5,240,Fanatics,fanatics,player_points_alternate,the-odds-api,2026-08-20T14:45:07.648190+00:00
2026-08-20,1633124eeb20fd6dff51c151adeeb077,Atlanta Dream @ Los Angeles Sparks,2026-08-21T02:00:00Z,Los Angeles Sparks,Atlanta Dream,Monique Akoa Makani,,PTS,OVER,10.5,320,Fanatics,fanatics,player_points_alternate,the-odds-api,2026-08-20T14:45:07.648190+00:00
2026-08-20,1633124eeb20fd6dff51c151adeeb077,Atlanta Dream @ Los Angeles Sparks,2026-08-21T02:00:00Z,Los Angeles Sparks,Atlanta Dream,Monique Akoa Makani,,PTS,OVER,11.5,425,Fanatics,fanatics,player_points_alternate,the-odds-api,2026-08-20T14:45:07.648190+00:00
2026-08-20,1633124eeb20fd6dff51c151adeeb077,Atlanta Dream @ Los Angeles Sparks,2026-08-21T02:00:00Z,Los Angeles Sparks,Atlanta Dream,Monique Akoa Makani,,PTS,OVER,12.5,650,Fanatics,fanatics,player_points_alternate,the-odds-api,2026-08-20T14:45:07.648190+00:00
2026-08-20,1633124eeb20fd6dff51c151adeeb077,Atlanta Dream @ Los Angeles Sparks,2026-08-21T02:00:00Z,Los Angeles Sparks,Atlanta Dream,Monique Akoa Makani,,PTS,OVER,13.5,850,Fanatics,fanatics,player_points_alternate,the-odds-api,2026-08-20T14:45:07.648190+00:00
2026-08-20,1633124eeb20fd6dff51c151adeeb077,Atlanta Dream @ Los Angeles Sparks,2026-08-21T02:00:00Z,Los Angeles Sparks,Atlanta Dream,Monique Akoa Makani,,PTS,OVER,14.5,1100,Fanatics,fanatics,player_points_alternate,the-odds-api,2026-08-20T14:45:07.648190+00:00
2026-08-20,1633124eeb20fd6dff51c151adeeb077,Atlanta Dream @ Los Angeles Sparks,2026-08-21T02:00:00Z,Los Angeles Sparks,Atlanta Dream,Monique Akoa Makani,,PTS,OVER,15.5,1400,Fanatics,fanatics,player_points_alternate,the-odds-api,2026-08-20T14:45:07.648190+00:00
2026-08-20,1633124eeb20fd6dff51c151adeeb077,Atlanta Dream @ Los Angeles Sparks,2026-08-21T02:00:00Z,Los Angeles Sparks,Atlanta Dream,Angel Reese,,REB,OVER,7.5,-1500,Fanatics,fanatics,player_rebounds_alternate,the-odds-api,2026-08-20T14:45:07.648190+00:00
2026-08-20,1633124eeb20fd6dff51c151adeeb077,Atlanta Dream @ Los Angeles Sparks,2026-08-21T02:00:00Z,Los Angeles Sparks,Atlanta Dream,Angel Reese,,REB,OVER,8.5,-900,Fanatics,fanatics,player_rebounds_alternate,the-odds-api,2026-08-20T14:45:07.648190+00:00
2026-08-20,1633124eeb20fd6dff51c151adeeb077,Atlanta Dream @ Los Angeles Sparks,2026-08-21T02:00:00Z,Los Angeles Sparks,Atlanta Dream,Angel Reese,,REB,OVER,9.5,-525,Fanatics,fanatics,player_rebounds_alternate,the-odds-api,2026-08-20T14:45:07.648190+00:00
2026-08-20,1633124eeb20fd6dff51c151adeeb077,Atlanta Dream @ Los Angeles Sparks,2026-08-21T02:00:00Z,Los Angeles Sparks,Atlanta Dream,Angel Reese,,REB,OVER,10.5,-325,Fanatics,fanatics,player_rebounds_alternate,the-odds-api,2026-08-20T14:45:07.648190+00:00
2026-08-20,1633124eeb20fd6dff51c151adeeb077,Atlanta Dream @ Los Angeles Sparks,2026-08-21T02:00:00Z,Los Angeles Sparks,Atlanta Dream,Angel Reese,,REB,OVER,11.5,-190,Fanatics,fanatics,player_rebounds_alternate,the-odds-api,2026-08-20T14:45:07.648190+00:00
2026-08-20,1633124eeb20fd6dff51c151adeeb077,Atlanta Dream @ Los Angeles Sparks,2026-08-21T02:00:00Z,Los Angeles Sparks,Atlanta Dream,Angel Reese,,REB,OVER,12.5,-125,Fanatics,fanatics,player_rebounds_alternate,the-odds-api,2026-08-20T14:45:07.648190+00:00
2026-08-20,1633124eeb20fd6dff51c151adeeb077,Atlanta Dream @ Los Angeles Sparks,2026-08-21T02:00:00Z,Los Angeles Sparks,Atlanta Dream,Angel Reese,,REB,OVER,13.5,120,Fanatics,fanatics,player_rebounds_alternate,the-odds-api,2026-08-20T14:45:07.648190+00:00
2026-08-20,1633124eeb20fd6dff51c151adeeb077,Atlanta Dream @ Los Angeles Sparks,2026-08-21T02:00:00Z,Los Angeles Sparks,Atlanta Dream,Angel Reese,,REB,OVER,14.5,155,Fanatics,fanatics,player_rebounds_alternate,the-odds-api,2026-08-20T14:45:07.648190+00:00
2026-08-20,1633124eeb20fd6dff51c151adeeb077,Atlanta Dream @ Los Angeles Sparks,2026-08-21T02:00:00Z,Los Angeles Sparks,Atlanta Dream,Angel Reese,,REB,OVER,15.5,230,Fanatics,fanatics,player_rebounds_alternate,the-odds-api,2026-08-20T14:45:07.648190+00:00
2026-08-20,1633124eeb20fd6dff51c151adeeb077,Atlanta Dream @ Los Angeles Sparks,2026-08-21T02:00:00Z,Los Angeles Sparks,Atlanta Dream,Angel Reese,,REB,OVER,16.5,320,Fanatics,fanatics,player_rebounds_alternate,the-odds-api,2026-08-20T14:45:07.648190+00:00
2026-08-20,1633124eeb20fd6dff51c151adeeb077,Atlanta Dream @ Los Angeles Sparks,2026-08-21T02:00:00Z,Los Angeles Sparks,Atlanta Dream,Angel Reese,,REB,OVER,17.5,425,Fanatics,fanatics,player_rebounds_alternate,the-odds-api,2026-08-20T14:45:07.648190+00:00
2026-08-20,1633124eeb20fd6dff51c151adeeb077,Atlanta Dream @ Los Angeles Sparks,2026-08-21T02:00:00Z,Los Angeles Sparks,Atlanta Dream,Angel Reese,,REB,OVER,18.5,650,Fanatics,fanatics,player_rebounds_alternate,the-odds-api,2026-08-20T14:45:07.648190+00:00
2026-08-20,1633124eeb20fd6dff51c151adeeb077,Atlanta Dream @ Los Angeles Sparks,2026-08-21T02:00:00Z,Los Angeles Sparks,Atlanta Dream,Rhyne Howard,,REB,OVER,1.5,-900,Fanatics,fanatics,player_rebounds_alternate,the-odds-api,2026-08-20T14:45:07.648190+00:00
2026-08-20,1633124eeb20fd6dff51c151adeeb077,Atlanta Dream @ Los Angeles Sparks,2026-08-21T02:00:00Z,Los Angeles Sparks,Atlanta Dream,Rhyne Howard,,REB,OVER,2.5,-275,Fanatics,fanatics,player_rebounds_alternate,the-odds-api,2026-08-20T14:45:07.648190+00:00
2026-08-20,1633124eeb20fd6dff51c151adeeb077,Atlanta Dream @ Los Angeles Sparks,2026-08-21T02:00:00Z,Los Angeles Sparks,Atlanta Dream,Rhyne Howard,,REB,OVER,3.5,-105,Fanatics,fanatics,player_rebounds_alternate,the-odds-api,2026-08-20T14:45:07.648190+00:00
2026-08-20,1633124eeb20fd6dff51c151adeeb077,Atlanta Dream @ Los Angeles Sparks,2026-08-21T02:00:00Z,Los Angeles Sparks,Atlanta Dream,Rhyne Howard,,REB,OVER,4.5,185,Fanatics,fanatics,player_rebounds_alternate,the-odds-api,2026-08-20T14:45:07.648190+00:00
2026-08-20,1633124eeb20fd6dff51c151adeeb077,Atlanta Dream @ Los Angeles Sparks,2026-08-21T02:00:00Z,Los Angeles Sparks,Atlanta Dream,Rhyne Howard,,REB,OVER,5.5,350,Fanatics,fanatics,player_rebounds_alternate,the-odds-api,2026-08-20T14:45:07.648190+00:00
2026-08-20,1633124eeb20fd6dff51c151adeeb077,Atlanta Dream @ Los Angeles Sparks,2026-08-21T02:00:00Z,Los Angeles Sparks,Atlanta Dream,Rhyne Howard,,REB,OVER,6.5,650,Fanatics,fanatics,player_rebounds_alternate,the-odds-api,2026-08-20T14:45:07.648190+00:00
2026-08-20,1633124eeb20fd6dff51c151adeeb077,Atlanta Dream @ Los Angeles Sparks,2026-08-21T02:00:00Z,Los Angeles Sparks,Atlanta Dream,Naz Hillmon,,REB,OVER,1.5,-2500,Fanatics,fanatics,player_rebounds_alternate,the-odds-api,2026-08-20T14:45:07.648190+00:00
2026-08-20,1633124eeb20fd6dff51c151adeeb077,Atlanta Dream @ Los Angeles Sparks,2026-08-21T02:00:00Z,Los Angeles Sparks,Atlanta Dream,Naz Hillmon,,REB,OVER,2.5,-800,Fanatics,fanatics,player_rebounds_alternate,the-odds-api,2026-08-20T14:45:07.648190+00:00
2026-08-20,1633124eeb20fd6dff51c151adeeb077,Atlanta Dream @ Los Angeles Sparks,2026-08-21T02:00:00Z,Los Angeles Sparks,Atlanta Dream,Naz Hillmon,,REB,OVER,3.5,-325,Fanatics,fanatics,player_rebounds_alternate,the-odds-api,2026-08-20T14:45:07.648190+00:00
2026-08-20,1633124eeb20fd6dff51c151adeeb077,Atlanta Dream @ Los Angeles Sparks,2026-08-21T02:00:00Z,Los Angeles Sparks,Atlanta Dream,Naz Hillmon,,REB,OVER,4.5,-140,Fanatics,fanatics,player_rebounds_alternate,the-odds-api,2026-08-20T14:45:07.648190+00:00
2026-08-20,1633124eeb20fd6dff51c151adeeb077,Atlanta Dream @ Los Angeles Sparks,2026-08-21T02:00:00Z,Los Angeles Sparks,Atlanta Dream,Naz Hillmon,,REB,OVER,5.5,130,Fanatics,fanatics,player_rebounds_alternate,the-odds-api,2026-08-20T14:45:07.648190+00:00
2026-08-20,1633124eeb20fd6dff51c151adeeb077,Atlanta Dream @ Los Angeles Sparks,2026-08-21T02:00:00Z,Los Angeles Sparks,Atlanta Dream,Naz Hillmon,,REB,OVER,6.5,225,Fanatics,fanatics,player_rebounds_alternate,the-odds-api,2026-08-20T14:45:07.648190+00:00
2026-08-20,1633124eeb20fd6dff51c151adeeb077,Atlanta Dream @ Los Angeles Sparks,2026-08-21T02:00:00Z,Los Angeles Sparks,Atlanta Dream,Naz Hillmon,,REB,OVER,7.5,375,Fanatics,fanatics,player_rebounds_alternate,the-odds-api,2026-08-20T14:45:07.648190+00:00
2026-08-20,1633124eeb20fd6dff51c151adeeb077,Atlanta Dream @ Los Angeles Sparks,2026-08-21T02:00:00Z,Los Angeles Sparks,Atlanta Dream,Naz Hillmon,,REB,OVER,8.5,700,Fanatics,fanatics,player_rebounds_alternate,the-odds-api,2026-08-20T14:45:07.648190+00:00
2026-08-20,1633124eeb20fd6dff51c151adeeb077,Atlanta Dream @ Los Angeles Sparks,2026-08-21T02:00:00Z,Los Angeles Sparks,Atlanta Dream,Allisha Gray,,REB,OVER,1.5,-630,Fanatics,fanatics,player_rebounds_alternate,the-odds-api,2026-08-20T14:45:07.648190+00:00
2026-08-20,1633124eeb20fd6dff51c151adeeb077,Atlanta Dream @ Los Angeles Sparks,2026-08-21T02:00:00Z,Los Angeles Sparks,Atlanta Dream,Allisha Gray,,REB,OVER,2.5,-210,Fanatics,fanatics,player_rebounds_alternate,the-odds-api,2026-08-20T14:45:07.648190+00:00
2026-08-20,1633124eeb20fd6dff51c151adeeb077,Atlanta Dream @ Los Angeles Sparks,2026-08-21T02:00:00Z,Los Angeles Sparks,Atlanta Dream,Allisha Gray,,REB,OVER,3.5,120,Fanatics,fanatics,player_rebounds_alternate,the-odds-api,2026-08-20T14:45:07.648190+00:00
2026-08-20,1633124eeb20fd6dff51c151adeeb077,Atlanta Dream @ Los Angeles Sparks,2026-08-21T02:00:00Z,Los Angeles Sparks,Atlanta Dream,Allisha Gray,,REB,OVER,4.5,230,Fanatics,fanatics,player_rebounds_alternate,the-odds-api,2026-08-20T14:45:07.648190+00:00
2026-08-20,1633124eeb20fd6dff51c151adeeb077,Atlanta Dream @ Los Angeles Sparks,2026-08-21T02:00:00Z,Los Angeles Sparks,Atlanta Dream,Allisha Gray,,REB,OVER,5.5,425,Fanatics,fanatics,player_rebounds_alternate,the-odds-api,2026-08-20T14:45:07.648190+00:00
2026-08-20,1633124eeb20fd6dff51c151adeeb077,Atlanta Dream @ Los Angeles Sparks,2026-08-21T02:00:00Z,Los Angeles Sparks,Atlanta Dream,Allisha Gray,,REB,OVER,6.5,850,Fanatics,fanatics,player_rebounds_alternate,the-odds-api,2026-08-20T14:45:07.648190+00:00
2026-08-20,1633124eeb20fd6dff51c151adeeb077,Atlanta Dream @ Los Angeles Sparks,2026-08-21T02:00:00Z,Los Angeles Sparks,Atlanta Dream,Nneka Ogwumike,,REB,OVER,3.5,-2200,Fanatics,fanatics,player_rebounds_alternate,the-odds-api,2026-08-20T14:45:07.648190+00:00
2026-08-20,1633124eeb20fd6dff51c151adeeb077,Atlanta Dream @ Los Angeles Sparks,2026-08-21T02:00:00Z,Los Angeles Sparks,Atlanta Dream,Nneka Ogwumike,,REB,OVER,4.5,-1000,Fanatics,fanatics,player_rebounds_alternate,the-odds-api,2026-08-20T14:45:07.648190+00:00
2026-08-20,1633124eeb20fd6dff51c151adeeb077,Atlanta Dream @ Los Angeles Sparks,2026-08-21T02:00:00Z,Los Angeles Sparks,Atlanta Dream,Nneka Ogwumike,,REB,OVER,5.5,-475,Fanatics,fanatics,player_rebounds_alternate,the-odds-api,2026-08-20T14:45:07.648190+00:00
2026-08-20,1633124eeb20fd6dff51c151adeeb077,Atlanta Dream @ Los Angeles Sparks,2026-08-21T02:00:00Z,Los Angeles Sparks,Atlanta Dream,Nneka Ogwumike,,REB,OVER,6.5,-275,Fanatics,fanatics,player_rebounds_alternate,the-odds-api,2026-08-20T14:45:07.648190+00:00
2026-08-20,1633124eeb20fd6dff51c151adeeb077,Atlanta Dream @ Los Angeles Sparks,2026-08-21T02:00:00Z,Los Angeles Sparks,Atlanta Dream,Nneka Ogwumike,,REB,OVER,7.5,-140,Fanatics,fanatics,player_rebounds_alternate,the-odds-api,2026-08-20T14:45:07.648190+00:00
2026-08-20,1633124eeb20fd6dff51c151adeeb077,Atlanta Dream @ Los Angeles Sparks,2026-08-21T02:00:00Z,Los Angeles Sparks,Atlanta Dream,Nneka Ogwumike,,REB,OVER,8.5,120,Fanatics,fanatics,player_rebounds_alternate,the-odds-api,2026-08-20T14:45:07.648190+00:00
2026-08-20,1633124eeb20fd6dff51c151adeeb077,Atlanta Dream @ Los Angeles Sparks,2026-08-21T02:00:00Z,Los Angeles Sparks,Atlanta Dream,Nneka Ogwumike,,REB,OVER,9.5,185,Fanatics,fanatics,player_rebounds_alternate,the-odds-api,2026-08-20T14:45:07.648190+00:00
2026-08-20,1633124eeb20fd6dff51c151adeeb077,Atlanta Dream @ Los Angeles Sparks,2026-08-21T02:00:00Z,Los Angeles Sparks,Atlanta Dream,Nneka Ogwumike,,REB,OVER,10.5,290,Fanatics,fanatics,player_rebounds_alternate,the-odds-api,2026-08-20T14:45:07.648190+00:00
2026-08-20,1633124eeb20fd6dff51c151adeeb077,Atlanta Dream @ Los Angeles Sparks,2026-08-21T02:00:00Z,Los Angeles Sparks,Atlanta Dream,Nneka Ogwumike,,REB,OVER,11.5,400,Fanatics,fanatics,player_rebounds_alternate,the-odds-api,2026-08-20T14:45:07.648190+00:00
2026-08-20,1633124eeb20fd6dff51c151adeeb077,Atlanta Dream @ Los Angeles Sparks,2026-08-21T02:00:00Z,Los Angeles Sparks,Atlanta Dream,Nneka Ogwumike,,REB,OVER,12.5,700,Fanatics,fanatics,player_rebounds_alternate,the-odds-api,2026-08-20T14:45:07.648190+00:00
2026-08-20,1633124eeb20fd6dff51c151adeeb077,Atlanta Dream @ Los Angeles Sparks,2026-08-21T02:00:00Z,Los Angeles Sparks,Atlanta Dream,Rae Burrell,,REB,OVER,1.5,-250,Fanatics,fanatics,player_rebounds_alternate,the-odds-api,2026-08-20T14:45:07.648190+00:00
2026-08-20,1633124eeb20fd6dff51c151adeeb077,Atlanta Dream @ Los Angeles Sparks,2026-08-21T02:00:00Z,Los Angeles Sparks,Atlanta Dream,Rae Burrell,,REB,OVER,2.5,125,Fanatics,fanatics,player_rebounds_alternate,the-odds-api,2026-08-20T14:45:07.648190+00:00
2026-08-20,1633124eeb20fd6dff51c151adeeb077,Atlanta Dream @ Los Angeles Sparks,2026-08-21T02:00:00Z,Los Angeles Sparks,Atlanta Dream,Rae Burrell,,REB,OVER,3.5,270,Fanatics,fanatics,player_rebounds_alternate,the-odds-api,2026-08-20T14:45:07.648190+00:00
2026-08-20,1633124eeb20fd6dff51c151adeeb077,Atlanta Dream @ Los Angeles Sparks,2026-08-21T02:00:00Z,Los Angeles Sparks,Atlanta Dream,Rae Burrell,,REB,OVER,4.5,600,Fanatics,fanatics,player_rebounds_alternate,the-odds-api,2026-08-20T14:45:07.648190+00:00
2026-08-20,1633124eeb20fd6dff51c151adeeb077,Atlanta Dream @ Los Angeles Sparks,2026-08-21T02:00:00Z,Los Angeles Sparks,Atlanta Dream,Dearica Hamby,,REB,OVER,3.5,-1000,Fanatics,fanatics,player_rebounds_alternate,the-odds-api,2026-08-20T14:45:07.648190+00:00
2026-08-20,1633124eeb20fd6dff51c151adeeb077,Atlanta Dream @ Los Angeles Sparks,2026-08-21T02:00:00Z,Los Angeles Sparks,Atlanta Dream,Dearica Hamby,,REB,OVER,4.5,-450,Fanatics,fanatics,player_rebounds_alternate,the-odds-api,2026-08-20T14:45:07.648190+00:00
2026-08-20,1633124eeb20fd6dff51c151adeeb077,Atlanta Dream @ Los Angeles Sparks,2026-08-21T02:00:00Z,Los Angeles Sparks,Atlanta Dream,Dearica Hamby,,REB,OVER,5.5,-225,Fanatics,fanatics,player_rebounds_alternate,the-odds-api,2026-08-20T14:45:07.648190+00:00
2026-08-20,1633124eeb20fd6dff51c151adeeb077,Atlanta Dream @ Los Angeles Sparks,2026-08-21T02:00:00Z,Los Angeles Sparks,Atlanta Dream,Dearica Hamby,,REB,OVER,6.5,-115,Fanatics,fanatics,player_rebounds_alternate,the-odds-api,2026-08-20T14:45:07.648190+00:00
2026-08-20,1633124eeb20fd6dff51c151adeeb077,Atlanta Dream @ Los Angeles Sparks,2026-08-21T02:00:00Z,Los Angeles Sparks,Atlanta Dream,Dearica Hamby,,REB,OVER,7.5,140,Fanatics,fanatics,player_rebounds_alternate,the-odds-api,2026-08-20T14:45:07.648190+00:00
2026-08-20,1633124eeb20fd6dff51c151adeeb077,Atlanta Dream @ Los Angeles Sparks,2026-08-21T02:00:00Z,Los Angeles Sparks,Atlanta Dream,Dearica Hamby,,REB,OVER,8.5,230,Fanatics,fanatics,player_rebounds_alternate,the-odds-api,2026-08-20T14:45:07.648190+00:00
2026-08-20,1633124eeb20fd6dff51c151adeeb077,Atlanta Dream @ Los Angeles Sparks,2026-08-21T02:00:00Z,Los Angeles Sparks,Atlanta Dream,Dearica Hamby,,REB,OVER,9.5,375,Fanatics,fanatics,player_rebounds_alternate,the-odds-api,2026-08-20T14:45:07.648190+00:00
2026-08-20,1633124eeb20fd6dff51c151adeeb077,Atlanta Dream @ Los Angeles Sparks,2026-08-21T02:00:00Z,Los Angeles Sparks,Atlanta Dream,Dearica Hamby,,REB,OVER,10.5,600,Fanatics,fanatics,player_rebounds_alternate,the-odds-api,2026-08-20T14:45:07.648190+00:00
2026-08-20,1633124eeb20fd6dff51c151adeeb077,Atlanta Dream @ Los Angeles Sparks,2026-08-21T02:00:00Z,Los Angeles Sparks,Atlanta Dream,Dearica Hamby,,REB,OVER,11.5,900,Fanatics,fanatics,player_rebounds_alternate,the-odds-api,2026-08-20T14:45:07.648190+00:00
2026-08-20,1633124eeb20fd6dff51c151adeeb077,Atlanta Dream @ Los Angeles Sparks,2026-08-21T02:00:00Z,Los Angeles Sparks,Atlanta Dream,Jordin Canada,,REB,OVER,1.5,-800,Fanatics,fanatics,player_rebounds_alternate,the-odds-api,2026-08-20T14:45:07.648190+00:00
2026-08-20,1633124eeb20fd6dff51c151adeeb077,Atlanta Dream @ Los Angeles Sparks,2026-08-21T02:00:00Z,Los Angeles Sparks,Atlanta Dream,Jordin Canada,,REB,OVER,2.5,-240,Fanatics,fanatics,player_rebounds_alternate,the-odds-api,2026-08-20T14:45:07.648190+00:00
2026-08-20,1633124eeb20fd6dff51c151adeeb077,Atlanta Dream @ Los Angeles Sparks,2026-08-21T02:00:00Z,Los Angeles Sparks,Atlanta Dream,Jordin Canada,,REB,OVER,3.5,105,Fanatics,fanatics,player_rebounds_alternate,the-odds-api,2026-08-20T14:45:07.648190+00:00
2026-08-20,1633124eeb20fd6dff51c151adeeb077,Atlanta Dream @ Los Angeles Sparks,2026-08-21T02:00:00Z,Los Angeles Sparks,Atlanta Dream,Jordin Canada,,REB,OVER,4.5,190,Fanatics,fanatics,player_rebounds_alternate,the-odds-api,2026-08-20T14:45:07.648190+00:00
2026-08-20,1633124eeb20fd6dff51c151adeeb077,Atlanta Dream @ Los Angeles Sparks,2026-08-21T02:00:00Z,Los Angeles Sparks,Atlanta Dream,Jordin Canada,,REB,OVER,5.5,375,Fanatics,fanatics,player_rebounds_alternate,the-odds-api,2026-08-20T14:45:07.648190+00:00
2026-08-20,1633124eeb20fd6dff51c151adeeb077,Atlanta Dream @ Los Angeles Sparks,2026-08-21T02:00:00Z,Los Angeles Sparks,Atlanta Dream,Jordin Canada,,REB,OVER,6.5,750,Fanatics,fanatics,player_rebounds_alternate,the-odds-api,2026-08-20T14:45:07.648190+00:00
2026-08-20,1633124eeb20fd6dff51c151adeeb077,Atlanta Dream @ Los Angeles Sparks,2026-08-21T02:00:00Z,Los Angeles Sparks,Atlanta Dream,Ariel Atkins,,REB,OVER,1.5,-400,Fanatics,fanatics,player_rebounds_alternate,the-odds-api,2026-08-20T14:45:07.648190+00:00
2026-08-20,1633124eeb20fd6dff51c151adeeb077,Atlanta Dream @ Los Angeles Sparks,2026-08-21T02:00:00Z,Los Angeles Sparks,Atlanta Dream,Ariel Atkins,,REB,OVER,2.5,-130,Fanatics,fanatics,player_rebounds_alternate,the-odds-api,2026-08-20T14:45:07.648190+00:00
2026-08-20,1633124eeb20fd6dff51c151adeeb077,Atlanta Dream @ Los Angeles Sparks,2026-08-21T02:00:00Z,Los Angeles Sparks,Atlanta Dream,Ariel Atkins,,REB,OVER,3.5,160,Fanatics,fanatics,player_rebounds_alternate,the-odds-api,2026-08-20T14:45:07.648190+00:00
2026-08-20,1633124eeb20fd6dff51c151adeeb077,Atlanta Dream @ Los Angeles Sparks,2026-08-21T02:00:00Z,Los Angeles Sparks,Atlanta Dream,Ariel Atkins,,REB,OVER,4.5,340,Fanatics,fanatics,player_rebounds_alternate,the-odds-api,2026-08-20T14:45:07.648190+00:00
2026-08-20,1633124eeb20fd6dff51c151adeeb077,Atlanta Dream @ Los Angeles Sparks,2026-08-21T02:00:00Z,Los Angeles Sparks,Atlanta Dream,Ariel Atkins,,REB,OVER,5.5,750,Fanatics,fanatics,player_rebounds_alternate,the-odds-api,2026-08-20T14:45:07.648190+00:00
2026-08-20,1633124eeb20fd6dff51c151adeeb077,Atlanta Dream @ Los Angeles Sparks,2026-08-21T02:00:00Z,Los Angeles Sparks,Atlanta Dream,Cameron Brink,,REB,OVER,1.5,-2000,Fanatics,fanatics,player_rebounds_alternate,the-odds-api,2026-08-20T14:45:07.648190+00:00
2026-08-20,1633124eeb20fd6dff51c151adeeb077,Atlanta Dream @ Los Angeles Sparks,2026-08-21T02:00:00Z,Los Angeles Sparks,Atlanta Dream,Cameron Brink,,REB,OVER,2.5,-630,Fanatics,fanatics,player_rebounds_alternate,the-odds-api,2026-08-20T14:45:07.648190+00:00
2026-08-20,1633124eeb20fd6dff51c151adeeb077,Atlanta Dream @ Los Angeles Sparks,2026-08-21T02:00:00Z,Los Angeles Sparks,Atlanta Dream,Cameron Brink,,REB,OVER,3.5,-250,Fanatics,fanatics,player_rebounds_alternate,the-odds-api,2026-08-20T14:45:07.648190+00:00
2026-08-20,1633124eeb20fd6dff51c151adeeb077,Atlanta Dream @ Los Angeles Sparks,2026-08-21T02:00:00Z,Los Angeles Sparks,Atlanta Dream,Cameron Brink,,REB,OVER,4.5,-105,Fanatics,fanatics,player_rebounds_alternate,the-odds-api,2026-08-20T14:45:07.648190+00:00
2026-08-20,1633124eeb20fd6dff51c151adeeb077,Atlanta Dream @ Los Angeles Sparks,2026-08-21T02:00:00Z,Los Angeles Sparks,Atlanta Dream,Cameron Brink,,REB,OVER,5.5,170,Fanatics,fanatics,player_rebounds_alternate,the-odds-api,2026-08-20T14:45:07.648190+00:00
2026-08-20,1633124eeb20fd6dff51c151adeeb077,Atlanta Dream @ Los Angeles Sparks,2026-08-21T02:00:00Z,Los Angeles Sparks,Atlanta Dream,Cameron Brink,,REB,OVER,6.5,300,Fanatics,fanatics,player_rebounds_alternate,the-odds-api,2026-08-20T14:45:07.648190+00:00
2026-08-20,1633124eeb20fd6dff51c151adeeb077,Atlanta Dream @ Los Angeles Sparks,2026-08-21T02:00:00Z,Los Angeles Sparks,Atlanta Dream,Cameron Brink,,REB,OVER,7.5,550,Fanatics,fanatics,player_rebounds_alternate,the-odds-api,2026-08-20T14:45:07.648190+00:00
2026-08-20,1633124eeb20fd6dff51c151adeeb077,Atlanta Dream @ Los Angeles Sparks,2026-08-21T02:00:00Z,Los Angeles Sparks,Atlanta Dream,Erica Wheeler,,REB,OVER,1.5,-210,Fanatics,fanatics,player_rebounds_alternate,the-odds-api,2026-08-20T14:45:07.648190+00:00
2026-08-20,1633124eeb20fd6dff51c151adeeb077,Atlanta Dream @ Los Angeles Sparks,2026-08-21T02:00:00Z,Los Angeles Sparks,Atlanta Dream,Erica Wheeler,,REB,OVER,2.5,140,Fanatics,fanatics,player_rebounds_alternate,the-odds-api,2026-08-20T14:45:07.648190+00:00
2026-08-20,1633124eeb20fd6dff51c151adeeb077,Atlanta Dream @ Los Angeles Sparks,2026-08-21T02:00:00Z,Los Angeles Sparks,Atlanta Dream,Erica Wheeler,,REB,OVER,3.5,340,Fanatics,fanatics,player_rebounds_alternate,the-odds-api,2026-08-20T14:45:07.648190+00:00
2026-08-20,1633124eeb20fd6dff51c151adeeb077,Atlanta Dream @ Los Angeles Sparks,2026-08-21T02:00:00Z,Los Angeles Sparks,Atlanta Dream,Erica Wheeler,,REB,OVER,4.5,750,Fanatics,fanatics,player_rebounds_alternate,the-odds-api,2026-08-20T14:45:07.648190+00:00
2026-08-20,1633124eeb20fd6dff51c151adeeb077,Atlanta Dream @ Los Angeles Sparks,2026-08-21T02:00:00Z,Los Angeles Sparks,Atlanta Dream,Rhyne Howard,,3PM,OVER,1.5,-650,Fanatics,fanatics,player_threes_alternate,the-odds-api,2026-08-20T14:45:07.648190+00:00
2026-08-20,1633124eeb20fd6dff51c151adeeb077,Atlanta Dream @ Los Angeles Sparks,2026-08-21T02:00:00Z,Los Angeles Sparks,Atlanta Dream,Rhyne Howard,,3PM,OVER,2.5,-210,Fanatics,fanatics,player_threes_alternate,the-odds-api,2026-08-20T14:45:07.648190+00:00
2026-08-20,1633124eeb20fd6dff51c151adeeb077,Atlanta Dream @ Los Angeles Sparks,2026-08-21T02:00:00Z,Los Angeles Sparks,Atlanta Dream,Rhyne Howard,,3PM,OVER,3.5,120,Fanatics,fanatics,player_threes_alternate,the-odds-api,2026-08-20T14:45:07.648190+00:00
2026-08-20,1633124eeb20fd6dff51c151adeeb077,Atlanta Dream @ Los Angeles Sparks,2026-08-21T02:00:00Z,Los Angeles Sparks,Atlanta Dream,Rhyne Howard,,3PM,OVER,4.5,225,Fanatics,fanatics,player_threes_alternate,the-odds-api,2026-08-20T14:45:07.648190+00:00
2026-08-20,1633124eeb20fd6dff51c151adeeb077,Atlanta Dream @ Los Angeles Sparks,2026-08-21T02:00:00Z,Los Angeles Sparks,Atlanta Dream,Rhyne Howard,,3PM,OVER,5.5,400,Fanatics,fanatics,player_threes_alternate,the-odds-api,2026-08-20T14:45:07.648190+00:00
2026-08-20,1633124eeb20fd6dff51c151adeeb077,Atlanta Dream @ Los Angeles Sparks,2026-08-21T02:00:00Z,Los Angeles Sparks,Atlanta Dream,Rhyne Howard,,3PM,OVER,6.5,900,Fanatics,fanatics,player_threes_alternate,the-odds-api,2026-08-20T14:45:07.648190+00:00
2026-08-20,1633124eeb20fd6dff51c151adeeb077,Atlanta Dream @ Los Angeles Sparks,2026-08-21T02:00:00Z,Los Angeles Sparks,Atlanta Dream,Rhyne Howard,,3PM,OVER,7.5,1500,Fanatics,fanatics,player_threes_alternate,the-odds-api,2026-08-20T14:45:07.648190+00:00
2026-08-20,1633124eeb20fd6dff51c151adeeb077,Atlanta Dream @ Los Angeles Sparks,2026-08-21T02:00:00Z,Los Angeles Sparks,Atlanta Dream,Allisha Gray,,3PM,OVER,0.5,-650,Fanatics,fanatics,player_threes_alternate,the-odds-api,2026-08-20T14:45:07.648190+00:00
2026-08-20,1633124eeb20fd6dff51c151adeeb077,Atlanta Dream @ Los Angeles Sparks,2026-08-21T02:00:00Z,Los Angeles Sparks,Atlanta Dream,Allisha Gray,,3PM,OVER,1.5,-130,Fanatics,fanatics,player_threes_alternate,the-odds-api,2026-08-20T14:45:07.648190+00:00
2026-08-20,1633124eeb20fd6dff51c151adeeb077,Atlanta Dream @ Los Angeles Sparks,2026-08-21T02:00:00Z,Los Angeles Sparks,Atlanta Dream,Allisha Gray,,3PM,OVER,2.5,200,Fanatics,fanatics,player_threes_alternate,the-odds-api,2026-08-20T14:45:07.648190+00:00
2026-08-20,1633124eeb20fd6dff51c151adeeb077,Atlanta Dream @ Los Angeles Sparks,2026-08-21T02:00:00Z,Los Angeles Sparks,Atlanta Dream,Allisha Gray,,3PM,OVER,3.5,425,Fanatics,fanatics,player_threes_alternate,the-odds-api,2026-08-20T14:45:07.648190+00:00
2026-08-20,1633124eeb20fd6dff51c151adeeb077,Atlanta Dream @ Los Angeles Sparks,2026-08-21T02:00:00Z,Los Angeles Sparks,Atlanta Dream,Allisha Gray,,3PM,OVER,4.5,1000,Fanatics,fanatics,player_threes_alternate,the-odds-api,2026-08-20T14:45:07.648190+00:00
2026-08-20,1633124eeb20fd6dff51c151adeeb077,Atlanta Dream @ Los Angeles Sparks,2026-08-21T02:00:00Z,Los Angeles Sparks,Atlanta Dream,Rae Burrell,,3PM,OVER,0.5,-1000,Fanatics,fanatics,player_threes_alternate,the-odds-api,2026-08-20T14:45:07.648190+00:00
2026-08-20,1633124eeb20fd6dff51c151adeeb077,Atlanta Dream @ Los Angeles Sparks,2026-08-21T02:00:00Z,Los Angeles Sparks,Atlanta Dream,Rae Burrell,,3PM,OVER,1.5,-210,Fanatics,fanatics,player_threes_alternate,the-odds-api,2026-08-20T14:45:07.648190+00:00
2026-08-20,1633124eeb20fd6dff51c151adeeb077,Atlanta Dream @ Los Angeles Sparks,2026-08-21T02:00:00Z,Los Angeles Sparks,Atlanta Dream,Rae Burrell,,3PM,OVER,2.5,140,Fanatics,fanatics,player_threes_alternate,the-odds-api,2026-08-20T14:45:07.648190+00:00
2026-08-20,1633124eeb20fd6dff51c151adeeb077,Atlanta Dream @ Los Angeles Sparks,2026-08-21T02:00:00Z,Los Angeles Sparks,Atlanta Dream,Rae Burrell,,3PM,OVER,3.5,320,Fanatics,fanatics,player_threes_alternate,the-odds-api,2026-08-20T14:45:07.648190+00:00
2026-08-20,1633124eeb20fd6dff51c151adeeb077,Atlanta Dream @ Los Angeles Sparks,2026-08-21T02:00:00Z,Los Angeles Sparks,Atlanta Dream,Rae Burrell,,3PM,OVER,4.5,750,Fanatics,fanatics,player_threes_alternate,the-odds-api,2026-08-20T14:45:07.648190+00:00
2026-08-20,1633124eeb20fd6dff51c151adeeb077,Atlanta Dream @ Los Angeles Sparks,2026-08-21T02:00:00Z,Los Angeles Sparks,Atlanta Dream,Rae Burrell,,3PM,OVER,5.5,1400,Fanatics,fanatics,player_threes_alternate,the-odds-api,2026-08-20T14:45:07.648190+00:00
2026-08-20,1633124eeb20fd6dff51c151adeeb077,Atlanta Dream @ Los Angeles Sparks,2026-08-21T02:00:00Z,Los Angeles Sparks,Atlanta Dream,Nneka Ogwumike,,3PM,OVER,0.5,-325,Fanatics,fanatics,player_threes_alternate,the-odds-api,2026-08-20T14:45:07.648190+00:00
2026-08-20,1633124eeb20fd6dff51c151adeeb077,Atlanta Dream @ Los Angeles Sparks,2026-08-21T02:00:00Z,Los Angeles Sparks,Atlanta Dream,Nneka Ogwumike,,3PM,OVER,1.5,140,Fanatics,fanatics,player_threes_alternate,the-odds-api,2026-08-20T14:45:07.648190+00:00
2026-08-20,1633124eeb20fd6dff51c151adeeb077,Atlanta Dream @ Los Angeles Sparks,2026-08-21T02:00:00Z,Los Angeles Sparks,Atlanta Dream,Nneka Ogwumike,,3PM,OVER,2.5,400,Fanatics,fanatics,player_threes_alternate,the-odds-api,2026-08-20T14:45:07.648190+00:00
2026-08-20,1633124eeb20fd6dff51c151adeeb077,Atlanta Dream @ Los Angeles Sparks,2026-08-21T02:00:00Z,Los Angeles Sparks,Atlanta Dream,Nneka Ogwumike,,3PM,OVER,3.5,1000,Fanatics,fanatics,player_threes_alternate,the-odds-api,2026-08-20T14:45:07.648190+00:00
2026-08-20,1633124eeb20fd6dff51c151adeeb077,Atlanta Dream @ Los Angeles Sparks,2026-08-21T02:00:00Z,Los Angeles Sparks,Atlanta Dream,Ariel Atkins,,3PM,OVER,0.5,-325,Fanatics,fanatics,player_threes_alternate,the-odds-api,2026-08-20T14:45:07.648190+00:00
2026-08-20,1633124eeb20fd6dff51c151adeeb077,Atlanta Dream @ Los Angeles Sparks,2026-08-21T02:00:00Z,Los Angeles Sparks,Atlanta Dream,Ariel Atkins,,3PM,OVER,1.5,140,Fanatics,fanatics,player_threes_alternate,the-odds-api,2026-08-20T14:45:07.648190+00:00
2026-08-20,1633124eeb20fd6dff51c151adeeb077,Atlanta Dream @ Los Angeles Sparks,2026-08-21T02:00:00Z,Los Angeles Sparks,Atlanta Dream,Ariel Atkins,,3PM,OVER,2.5,375,Fanatics,fanatics,player_threes_alternate,the-odds-api,2026-08-20T14:45:07.648190+00:00
2026-08-20,1633124eeb20fd6dff51c151adeeb077,Atlanta Dream @ Los Angeles Sparks,2026-08-21T02:00:00Z,Los Angeles Sparks,Atlanta Dream,Ariel Atkins,,3PM,OVER,3.5,1000,Fanatics,fanatics,player_threes_alternate,the-odds-api,2026-08-20T14:45:07.648190+00:00
2026-08-20,1633124eeb20fd6dff51c151adeeb077,Atlanta Dream @ Los Angeles Sparks,2026-08-21T02:00:00Z,Los Angeles Sparks,Atlanta Dream,Naz Hillmon,,3PM,OVER,0.5,-250,Fanatics,fanatics,player_threes_alternate,the-odds-api,2026-08-20T14:45:07.648190+00:00
2026-08-20,1633124eeb20fd6dff51c151adeeb077,Atlanta Dream @ Los Angeles Sparks,2026-08-21T02:00:00Z,Los Angeles Sparks,Atlanta Dream,Naz Hillmon,,3PM,OVER,1.5,160,Fanatics,fanatics,player_threes_alternate,the-odds-api,2026-08-20T14:45:07.648190+00:00
2026-08-20,1633124eeb20fd6dff51c151adeeb077,Atlanta Dream @ Los Angeles Sparks,2026-08-21T02:00:00Z,Los Angeles Sparks,Atlanta Dream,Naz Hillmon,,3PM,OVER,2.5,475,Fanatics,fanatics,player_threes_alternate,the-odds-api,2026-08-20T14:45:07.648190+00:00
2026-08-20,1633124eeb20fd6dff51c151adeeb077,Atlanta Dream @ Los Angeles Sparks,2026-08-21T02:00:00Z,Los Angeles Sparks,Atlanta Dream,Naz Hillmon,,3PM,OVER,3.5,1100,Fanatics,fanatics,player_threes_alternate,the-odds-api,2026-08-20T14:45:07.648190+00:00
2026-08-20,1633124eeb20fd6dff51c151adeeb077,Atlanta Dream @ Los Angeles Sparks,2026-08-21T02:00:00Z,Los Angeles Sparks,Atlanta Dream,Erica Wheeler,,3PM,OVER,0.5,-275,Fanatics,fanatics,player_threes_alternate,the-odds-api,2026-08-20T14:45:07.648190+00:00
2026-08-20,1633124eeb20fd6dff51c151adeeb077,Atlanta Dream @ Los Angeles Sparks,2026-08-21T02:00:00Z,Los Angeles Sparks,Atlanta Dream,Erica Wheeler,,3PM,OVER,1.5,155,Fanatics,fanatics,player_threes_alternate,the-odds-api,2026-08-20T14:45:07.648190+00:00
2026-08-20,1633124eeb20fd6dff51c151adeeb077,Atlanta Dream @ Los Angeles Sparks,2026-08-21T02:00:00Z,Los Angeles Sparks,Atlanta Dream,Erica Wheeler,,3PM,OVER,2.5,425,Fanatics,fanatics,player_threes_alternate,the-odds-api,2026-08-20T14:45:07.648190+00:00
2026-08-20,1633124eeb20fd6dff51c151adeeb077,Atlanta Dream @ Los Angeles Sparks,2026-08-21T02:00:00Z,Los Angeles Sparks,Atlanta Dream,Erica Wheeler,,3PM,OVER,3.5,1200,Fanatics,fanatics,player_threes_alternate,the-odds-api,2026-08-20T14:45:07.648190+00:00
2026-08-20,1633124eeb20fd6dff51c151adeeb077,Atlanta Dream @ Los Angeles Sparks,2026-08-21T02:00:00Z,Los Angeles Sparks,Atlanta Dream,Jordin Canada,,AST,OVER,3.5,-2800,DraftKings,draftkings,player_assists_alternate,the-odds-api,2026-08-20T14:45:07.648190+00:00
2026-08-20,1633124eeb20fd6dff51c151adeeb077,Atlanta Dream @ Los Angeles Sparks,2026-08-21T02:00:00Z,Los Angeles Sparks,Atlanta Dream,Jordin Canada,,AST,OVER,4.5,-990,DraftKings,draftkings,player_assists_alternate,the-odds-api,2026-08-20T14:45:07.648190+00:00
2026-08-20,1633124eeb20fd6dff51c151adeeb077,Atlanta Dream @ Los Angeles Sparks,2026-08-21T02:00:00Z,Los Angeles Sparks,Atlanta Dream,Jordin Canada,,AST,OVER,5.5,-466,DraftKings,draftkings,player_assists_alternate,the-odds-api,2026-08-20T14:45:07.648190+00:00
2026-08-20,1633124eeb20fd6dff51c151adeeb077,Atlanta Dream @ Los Angeles Sparks,2026-08-21T02:00:00Z,Los Angeles Sparks,Atlanta Dream,Jordin Canada,,AST,OVER,6.5,-253,DraftKings,draftkings,player_assists_alternate,the-odds-api,2026-08-20T14:45:07.648190+00:00
2026-08-20,1633124eeb20fd6dff51c151adeeb077,Atlanta Dream @ Los Angeles Sparks,2026-08-21T02:00:00Z,Los Angeles Sparks,Atlanta Dream,Jordin Canada,,AST,OVER,7.5,-145,DraftKings,draftkings,player_assists_alternate,the-odds-api,2026-08-20T14:45:07.648190+00:00
2026-08-20,1633124eeb20fd6dff51c151adeeb077,Atlanta Dream @ Los Angeles Sparks,2026-08-21T02:00:00Z,Los Angeles Sparks,Atlanta Dream,Jordin Canada,,AST,OVER,8.5,114,DraftKings,draftkings,player_assists_alternate,the-odds-api,2026-08-20T14:45:07.648190+00:00
2026-08-20,1633124eeb20fd6dff51c151adeeb077,Atlanta Dream @ Los Angeles Sparks,2026-08-21T02:00:00Z,Los Angeles Sparks,Atlanta Dream,Jordin Canada,,AST,OVER,9.5,187,DraftKings,draftkings,player_assists_alternate,the-odds-api,2026-08-20T14:45:07.648190+00:00
2026-08-20,1633124eeb20fd6dff51c151adeeb077,Atlanta Dream @ Los Angeles Sparks,2026-08-21T02:00:00Z,Los Angeles Sparks,Atlanta Dream,Jordin Canada,,AST,OVER,10.5,305,DraftKings,draftkings,player_assists_alternate,the-odds-api,2026-08-20T14:45:07.648190+00:00
2026-08-20,1633124eeb20fd6dff51c151adeeb077,Atlanta Dream @ Los Angeles Sparks,2026-08-21T02:00:00Z,Los Angeles Sparks,Atlanta Dream,Jordin Canada,,AST,OVER,11.5,483,DraftKings,draftkings,player_assists_alternate,the-odds-api,2026-08-20T14:45:07.648190+00:00
2026-08-20,1633124eeb20fd6dff51c151adeeb077,Atlanta Dream @ Los Angeles Sparks,2026-08-21T02:00:00Z,Los Angeles Sparks,Atlanta Dream,Jordin Canada,,AST,OVER,12.5,780,DraftKings,draftkings,player_assists_alternate,the-odds-api,2026-08-20T14:45:07.648190+00:00
2026-08-20,1633124eeb20fd6dff51c151adeeb077,Atlanta Dream @ Los Angeles Sparks,2026-08-21T02:00:00Z,Los Angeles Sparks,Atlanta Dream,Jordin Canada,,AST,OVER,13.5,1240,DraftKings,draftkings,player_assists_alternate,the-odds-api,2026-08-20T14:45:07.648190+00:00
2026-08-20,1633124eeb20fd6dff51c151adeeb077,Atlanta Dream @ Los Angeles Sparks,2026-08-21T02:00:00Z,Los Angeles Sparks,Atlanta Dream,Erica Wheeler,,AST,OVER,2.5,-630,DraftKings,draftkings,player_assists_alternate,the-odds-api,2026-08-20T14:45:07.648190+00:00
2026-08-20,1633124eeb20fd6dff51c151adeeb077,Atlanta Dream @ Los Angeles Sparks,2026-08-21T02:00:00Z,Los Angeles Sparks,Atlanta Dream,Erica Wheeler,,AST,OVER,3.5,-251,DraftKings,draftkings,player_assists_alternate,the-odds-api,2026-08-20T14:45:07.648190+00:00
2026-08-20,1633124eeb20fd6dff51c151adeeb077,Atlanta Dream @ Los Angeles Sparks,2026-08-21T02:00:00Z,Los Angeles Sparks,Atlanta Dream,Erica Wheeler,,AST,OVER,4.5,-119,DraftKings,draftkings,player_assists_alternate,the-odds-api,2026-08-20T14:45:07.648190+00:00
2026-08-20,1633124eeb20fd6dff51c151adeeb077,Atlanta Dream @ Los Angeles Sparks,2026-08-21T02:00:00Z,Los Angeles Sparks,Atlanta Dream,Erica Wheeler,,AST,OVER,5.5,164,DraftKings,draftkings,player_assists_alternate,the-odds-api,2026-08-20T14:45:07.648190+00:00
2026-08-20,1633124eeb20fd6dff51c151adeeb077,Atlanta Dream @ Los Angeles Sparks,2026-08-21T02:00:00Z,Los Angeles Sparks,Atlanta Dream,Erica Wheeler,,AST,OVER,6.5,303,DraftKings,draftkings,player_assists_alternate,the-odds-api,2026-08-20T14:45:07.648190+00:00
2026-08-20,1633124eeb20fd6dff51c151adeeb077,Atlanta Dream @ Los Angeles Sparks,2026-08-21T02:00:00Z,Los Angeles Sparks,Atlanta Dream,Erica Wheeler,,AST,OVER,7.5,566,DraftKings,draftkings,player_assists_alternate,the-odds-api,2026-08-20T14:45:07.648190+00:00
2026-08-20,1633124eeb20fd6dff51c151adeeb077,Atlanta Dream @ Los Angeles Sparks,2026-08-21T02:00:00Z,Los Angeles Sparks,Atlanta Dream,Erica Wheeler,,AST,OVER,8.5,1000,DraftKings,draftkings,player_assists_alternate,the-odds-api,2026-08-20T14:45:07.648190+00:00
2026-08-20,1633124eeb20fd6dff51c151adeeb077,Atlanta Dream @ Los Angeles Sparks,2026-08-21T02:00:00Z,Los Angeles Sparks,Atlanta Dream,Rhyne Howard,,AST,OVER,2.5,-384,DraftKings,draftkings,player_assists_alternate,the-odds-api,2026-08-20T14:45:07.648190+00:00
2026-08-20,1633124eeb20fd6dff51c151adeeb077,Atlanta Dream @ Los Angeles Sparks,2026-08-21T02:00:00Z,Los Angeles Sparks,Atlanta Dream,Rhyne Howard,,AST,OVER,3.5,-164,DraftKings,draftkings,player_assists_alternate,the-odds-api,2026-08-20T14:45:07.648190+00:00
2026-08-20,1633124eeb20fd6dff51c151adeeb077,Atlanta Dream @ Los Angeles Sparks,2026-08-21T02:00:00Z,Los Angeles Sparks,Atlanta Dream,Rhyne Howard,,AST,OVER,4.5,123,DraftKings,draftkings,player_assists_alternate,the-odds-api,2026-08-20T14:45:07.648190+00:00
2026-08-20,1633124eeb20fd6dff51c151adeeb077,Atlanta Dream @ Los Angeles Sparks,2026-08-21T02:00:00Z,Los Angeles Sparks,Atlanta Dream,Rhyne Howard,,AST,OVER,5.5,241,DraftKings,draftkings,player_assists_alternate,the-odds-api,2026-08-20T14:45:07.648190+00:00
2026-08-20,1633124eeb20fd6dff51c151adeeb077,Atlanta Dream @ Los Angeles Sparks,2026-08-21T02:00:00Z,Los Angeles Sparks,Atlanta Dream,Rhyne Howard,,AST,OVER,6.5,449,DraftKings,draftkings,player_assists_alternate,the-odds-api,2026-08-20T14:45:07.648190+00:00
2026-08-20,1633124eeb20fd6dff51c151adeeb077,Atlanta Dream @ Los Angeles Sparks,2026-08-21T02:00:00Z,Los Angeles Sparks,Atlanta Dream,Rhyne Howard,,AST,OVER,7.5,830,DraftKings,draftkings,player_assists_alternate,the-odds-api,2026-08-20T14:45:07.648190+00:00
2026-08-20,1633124eeb20fd6dff51c151adeeb077,Atlanta Dream @ Los Angeles Sparks,2026-08-21T02:00:00Z,Los Angeles Sparks,Atlanta Dream,Rhyne Howard,,AST,OVER,8.5,1440,DraftKings,draftkings,player_assists_alternate,the-odds-api,2026-08-20T14:45:07.648190+00:00
2026-08-20,1633124eeb20fd6dff51c151adeeb077,Atlanta Dream @ Los Angeles Sparks,2026-08-21T02:00:00Z,Los Angeles Sparks,Atlanta Dream,Rae Burrell,,AST,OVER,2.5,-205,DraftKings,draftkings,player_assists_alternate,the-odds-api,2026-08-20T14:45:07.648190+00:00
2026-08-20,1633124eeb20fd6dff51c151adeeb077,Atlanta Dream @ Los Angeles Sparks,2026-08-21T02:00:00Z,Los Angeles Sparks,Atlanta Dream,Rae Burrell,,AST,OVER,3.5,119,DraftKings,draftkings,player_assists_alternate,the-odds-api,2026-08-20T14:45:07.648190+00:00
2026-08-20,1633124eeb20fd6dff51c151adeeb077,Atlanta Dream @ Los Angeles Sparks,2026-08-21T02:00:00Z,Los Angeles Sparks,Atlanta Dream,Rae Burrell,,AST,OVER,4.5,259,DraftKings,draftkings,player_assists_alternate,the-odds-api,2026-08-20T14:45:07.648190+00:00
2026-08-20,1633124eeb20fd6dff51c151adeeb077,Atlanta Dream @ Los Angeles Sparks,2026-08-21T02:00:00Z,Los Angeles Sparks,Atlanta Dream,Rae Burrell,,AST,OVER,5.5,553,DraftKings,draftkings,player_assists_alternate,the-odds-api,2026-08-20T14:45:07.648190+00:00
2026-08-20,1633124eeb20fd6dff51c151adeeb077,Atlanta Dream @ Los Angeles Sparks,2026-08-21T02:00:00Z,Los Angeles Sparks,Atlanta Dream,Rae Burrell,,AST,OVER,6.5,1100,DraftKings,draftkings,player_assists_alternate,the-odds-api,2026-08-20T14:45:07.648190+00:00
2026-08-20,1633124eeb20fd6dff51c151adeeb077,Atlanta Dream @ Los Angeles Sparks,2026-08-21T02:00:00Z,Los Angeles Sparks,Atlanta Dream,Ariel Atkins,,AST,OVER,2.5,-162,DraftKings,draftkings,player_assists_alternate,the-odds-api,2026-08-20T14:45:07.648190+00:00
2026-08-20,1633124eeb20fd6dff51c151adeeb077,Atlanta Dream @ Los Angeles Sparks,2026-08-21T02:00:00Z,Los Angeles Sparks,Atlanta Dream,Ariel Atkins,,AST,OVER,3.5,148,DraftKings,draftkings,player_assists_alternate,the-odds-api,2026-08-20T14:45:07.648190+00:00
2026-08-20,1633124eeb20fd6dff51c151adeeb077,Atlanta Dream @ Los Angeles Sparks,2026-08-21T02:00:00Z,Los Angeles Sparks,Atlanta Dream,Ariel Atkins,,AST,OVER,4.5,324,DraftKings,draftkings,player_assists_alternate,the-odds-api,2026-08-20T14:45:07.648190+00:00
2026-08-20,1633124eeb20fd6dff51c151adeeb077,Atlanta Dream @ Los Angeles Sparks,2026-08-21T02:00:00Z,Los Angeles Sparks,Atlanta Dream,Ariel Atkins,,AST,OVER,5.5,670,DraftKings,draftkings,player_assists_alternate,the-odds-api,2026-08-20T14:45:07.648190+00:00
2026-08-20,1633124eeb20fd6dff51c151adeeb077,Atlanta Dream @ Los Angeles Sparks,2026-08-21T02:00:00Z,Los Angeles Sparks,Atlanta Dream,Ariel Atkins,,AST,OVER,6.5,1360,DraftKings,draftkings,player_assists_alternate,the-odds-api,2026-08-20T14:45:07.648190+00:00
2026-08-20,1633124eeb20fd6dff51c151adeeb077,Atlanta Dream @ Los Angeles Sparks,2026-08-21T02:00:00Z,Los Angeles Sparks,Atlanta Dream,Nneka Ogwumike,,AST,OVER,2.5,-160,DraftKings,draftkings,player_assists_alternate,the-odds-api,2026-08-20T14:45:07.648190+00:00
2026-08-20,1633124eeb20fd6dff51c151adeeb077,Atlanta Dream @ Los Angeles Sparks,2026-08-21T02:00:00Z,Los Angeles Sparks,Atlanta Dream,Nneka Ogwumike,,AST,OVER,3.5,149,DraftKings,draftkings,player_assists_alternate,the-odds-api,2026-08-20T14:45:07.648190+00:00
2026-08-20,1633124eeb20fd6dff51c151adeeb077,Atlanta Dream @ Los Angeles Sparks,2026-08-21T02:00:00Z,Los Angeles Sparks,Atlanta Dream,Nneka Ogwumike,,AST,OVER,4.5,338,DraftKings,draftkings,player_assists_alternate,the-odds-api,2026-08-20T14:45:07.648190+00:00
2026-08-20,1633124eeb20fd6dff51c151adeeb077,Atlanta Dream @ Los Angeles Sparks,2026-08-21T02:00:00Z,Los Angeles Sparks,Atlanta Dream,Nneka Ogwumike,,AST,OVER,5.5,690,DraftKings,draftkings,player_assists_alternate,the-odds-api,2026-08-20T14:45:07.648190+00:00
2026-08-20,1633124eeb20fd6dff51c151adeeb077,Atlanta Dream @ Los Angeles Sparks,2026-08-21T02:00:00Z,Los Angeles Sparks,Atlanta Dream,Nneka Ogwumike,,AST,OVER,6.5,1360,DraftKings,draftkings,player_assists_alternate,the-odds-api,2026-08-20T14:45:07.648190+00:00
2026-08-20,1633124eeb20fd6dff51c151adeeb077,Atlanta Dream @ Los Angeles Sparks,2026-08-21T02:00:00Z,Los Angeles Sparks,Atlanta Dream,Allisha Gray,,AST,OVER,2.5,-153,DraftKings,draftkings,player_assists_alternate,the-odds-api,2026-08-20T14:45:07.648190+00:00
2026-08-20,1633124eeb20fd6dff51c151adeeb077,Atlanta Dream @ Los Angeles Sparks,2026-08-21T02:00:00Z,Los Angeles Sparks,Atlanta Dream,Allisha Gray,,AST,OVER,3.5,161,DraftKings,draftkings,player_assists_alternate,the-odds-api,2026-08-20T14:45:07.648190+00:00
2026-08-20,1633124eeb20fd6dff51c151adeeb077,Atlanta Dream @ Los Angeles Sparks,2026-08-21T02:00:00Z,Los Angeles Sparks,Atlanta Dream,Allisha Gray,,AST,OVER,4.5,358,DraftKings,draftkings,player_assists_alternate,the-odds-api,2026-08-20T14:45:07.648190+00:00
2026-08-20,1633124eeb20fd6dff51c151adeeb077,Atlanta Dream @ Los Angeles Sparks,2026-08-21T02:00:00Z,Los Angeles Sparks,Atlanta Dream,Allisha Gray,,AST,OVER,5.5,780,DraftKings,draftkings,player_assists_alternate,the-odds-api,2026-08-20T14:45:07.648190+00:00
2026-08-20,1633124eeb20fd6dff51c151adeeb077,Atlanta Dream @ Los Angeles Sparks,2026-08-21T02:00:00Z,Los Angeles Sparks,Atlanta Dream,Allisha Gray,,AST,OVER,6.5,1540,DraftKings,draftkings,player_assists_alternate,the-odds-api,2026-08-20T14:45:07.648190+00:00
2026-08-20,1633124eeb20fd6dff51c151adeeb077,Atlanta Dream @ Los Angeles Sparks,2026-08-21T02:00:00Z,Los Angeles Sparks,Atlanta Dream,Angel Reese,,AST,OVER,2.5,-129,DraftKings,draftkings,player_assists_alternate,the-odds-api,2026-08-20T14:45:07.648190+00:00
2026-08-20,1633124eeb20fd6dff51c151adeeb077,Atlanta Dream @ Los Angeles Sparks,2026-08-21T02:00:00Z,Los Angeles Sparks,Atlanta Dream,Angel Reese,,AST,OVER,3.5,192,DraftKings,draftkings,player_assists_alternate,the-odds-api,2026-08-20T14:45:07.648190+00:00
2026-08-20,1633124eeb20fd6dff51c151adeeb077,Atlanta Dream @ Los Angeles Sparks,2026-08-21T02:00:00Z,Los Angeles Sparks,Atlanta Dream,Angel Reese,,AST,OVER,4.5,429,DraftKings,draftkings,player_assists_alternate,the-odds-api,2026-08-20T14:45:07.648190+00:00
2026-08-20,1633124eeb20fd6dff51c151adeeb077,Atlanta Dream @ Los Angeles Sparks,2026-08-21T02:00:00Z,Los Angeles Sparks,Atlanta Dream,Angel Reese,,AST,OVER,5.5,920,DraftKings,draftkings,player_assists_alternate,the-odds-api,2026-08-20T14:45:07.648190+00:00
2026-08-20,1633124eeb20fd6dff51c151adeeb077,Atlanta Dream @ Los Angeles Sparks,2026-08-21T02:00:00Z,Los Angeles Sparks,Atlanta Dream,Dearica Hamby,,AST,OVER,2.5,132,DraftKings,draftkings,player_assists_alternate,the-odds-api,2026-08-20T14:45:07.648190+00:00
2026-08-20,1633124eeb20fd6dff51c151adeeb077,Atlanta Dream @ Los Angeles Sparks,2026-08-21T02:00:00Z,Los Angeles Sparks,Atlanta Dream,Dearica Hamby,,AST,OVER,3.5,336,DraftKings,draftkings,player_assists_alternate,the-odds-api,2026-08-20T14:45:07.648190+00:00
2026-08-20,1633124eeb20fd6dff51c151adeeb077,Atlanta Dream @ Los Angeles Sparks,2026-08-21T02:00:00Z,Los Angeles Sparks,Atlanta Dream,Dearica Hamby,,AST,OVER,4.5,770,DraftKings,draftkings,player_assists_alternate,the-odds-api,2026-08-20T14:45:07.648190+00:00
2026-08-20,1633124eeb20fd6dff51c151adeeb077,Atlanta Dream @ Los Angeles Sparks,2026-08-21T02:00:00Z,Los Angeles Sparks,Atlanta Dream,Dearica Hamby,,AST,OVER,5.5,1640,DraftKings,draftkings,player_assists_alternate,the-odds-api,2026-08-20T14:45:07.648190+00:00
2026-08-20,1633124eeb20fd6dff51c151adeeb077,Atlanta Dream @ Los Angeles Sparks,2026-08-21T02:00:00Z,Los Angeles Sparks,Atlanta Dream,Naz Hillmon,,AST,OVER,1.5,108,DraftKings,draftkings,player_assists_alternate,the-odds-api,2026-08-20T14:45:07.648190+00:00
2026-08-20,1633124eeb20fd6dff51c151adeeb077,Atlanta Dream @ Los Angeles Sparks,2026-08-21T02:00:00Z,Los Angeles Sparks,Atlanta Dream,Naz Hillmon,,AST,OVER,2.5,333,DraftKings,draftkings,player_assists_alternate,the-odds-api,2026-08-20T14:45:07.648190+00:00
2026-08-20,1633124eeb20fd6dff51c151adeeb077,Atlanta Dream @ Los Angeles Sparks,2026-08-21T02:00:00Z,Los Angeles Sparks,Atlanta Dream,Naz Hillmon,,AST,OVER,3.5,920,DraftKings,draftkings,player_assists_alternate,the-odds-api,2026-08-20T14:45:07.648190+00:00
2026-08-20,1633124eeb20fd6dff51c151adeeb077,Atlanta Dream @ Los Angeles Sparks,2026-08-21T02:00:00Z,Los Angeles Sparks,Atlanta Dream,Cameron Brink,,AST,OVER,0.5,-244,DraftKings,draftkings,player_assists_alternate,the-odds-api,2026-08-20T14:45:07.648190+00:00
2026-08-20,1633124eeb20fd6dff51c151adeeb077,Atlanta Dream @ Los Angeles Sparks,2026-08-21T02:00:00Z,Los Angeles Sparks,Atlanta Dream,Cameron Brink,,AST,OVER,2.5,620,DraftKings,draftkings,player_assists_alternate,the-odds-api,2026-08-20T14:45:07.648190+00:00
2026-08-20,1633124eeb20fd6dff51c151adeeb077,Atlanta Dream @ Los Angeles Sparks,2026-08-21T02:00:00Z,Los Angeles Sparks,Atlanta Dream,Allisha Gray,,PTS,OVER,9.5,-2600,DraftKings,draftkings,player_points_alternate,the-odds-api,2026-08-20T14:45:07.648190+00:00
2026-08-20,1633124eeb20fd6dff51c151adeeb077,Atlanta Dream @ Los Angeles Sparks,2026-08-21T02:00:00Z,Los Angeles Sparks,Atlanta Dream,Allisha Gray,,PTS,OVER,11.5,-1020,DraftKings,draftkings,player_points_alternate,the-odds-api,2026-08-20T14:45:07.648190+00:00
2026-08-20,1633124eeb20fd6dff51c151adeeb077,Atlanta Dream @ Los Angeles Sparks,2026-08-21T02:00:00Z,Los Angeles Sparks,Atlanta Dream,Allisha Gray,,PTS,OVER,14.5,-361,DraftKings,draftkings,player_points_alternate,the-odds-api,2026-08-20T14:45:07.648190+00:00
2026-08-20,1633124eeb20fd6dff51c151adeeb077,Atlanta Dream @ Los Angeles Sparks,2026-08-21T02:00:00Z,Los Angeles Sparks,Atlanta Dream,Allisha Gray,,PTS,OVER,17.5,-166,DraftKings,draftkings,player_points_alternate,the-odds-api,2026-08-20T14:45:07.648190+00:00
2026-08-20,1633124eeb20fd6dff51c151adeeb077,Atlanta Dream @ Los Angeles Sparks,2026-08-21T02:00:00Z,Los Angeles Sparks,Atlanta Dream,Allisha Gray,,PTS,OVER,19.5,-103,DraftKings,draftkings,player_points_alternate,the-odds-api,2026-08-20T14:45:07.648190+00:00
2026-08-20,1633124eeb20fd6dff51c151adeeb077,Atlanta Dream @ Los Angeles Sparks,2026-08-21T02:00:00Z,Los Angeles Sparks,Atlanta Dream,Allisha Gray,,PTS,OVER,24.5,294,DraftKings,draftkings,player_points_alternate,the-odds-api,2026-08-20T14:45:07.648190+00:00
2026-08-20,1633124eeb20fd6dff51c151adeeb077,Atlanta Dream @ Los Angeles Sparks,2026-08-21T02:00:00Z,Los Angeles Sparks,Atlanta Dream,Allisha Gray,,PTS,OVER,29.5,850,DraftKings,draftkings,player_points_alternate,the-odds-api,2026-08-20T14:45:07.648190+00:00
2026-08-20,1633124eeb20fd6dff51c151adeeb077,Atlanta Dream @ Los Angeles Sparks,2026-08-21T02:00:00Z,Los Angeles Sparks,Atlanta Dream,Rhyne Howard,,PTS,OVER,9.5,-1460,DraftKings,draftkings,player_points_alternate,the-odds-api,2026-08-20T14:45:07.648190+00:00
2026-08-20,1633124eeb20fd6dff51c151adeeb077,Atlanta Dream @ Los Angeles Sparks,2026-08-21T02:00:00Z,Los Angeles Sparks,Atlanta Dream,Rhyne Howard,,PTS,OVER,11.5,-680,DraftKings,draftkings,player_points_alternate,the-odds-api,2026-08-20T14:45:07.648190+00:00
2026-08-20,1633124eeb20fd6dff51c151adeeb077,Atlanta Dream @ Los Angeles Sparks,2026-08-21T02:00:00Z,Los Angeles Sparks,Atlanta Dream,Rhyne Howard,,PTS,OVER,14.5,-288,DraftKings,draftkings,player_points_alternate,the-odds-api,2026-08-20T14:45:07.648190+00:00
2026-08-20,1633124eeb20fd6dff51c151adeeb077,Atlanta Dream @ Los Angeles Sparks,2026-08-21T02:00:00Z,Los Angeles Sparks,Atlanta Dream,Rhyne Howard,,PTS,OVER,17.5,-136,DraftKings,draftkings,player_points_alternate,the-odds-api,2026-08-20T14:45:07.648190+00:00
2026-08-20,1633124eeb20fd6dff51c151adeeb077,Atlanta Dream @ Los Angeles Sparks,2026-08-21T02:00:00Z,Los Angeles Sparks,Atlanta Dream,Rhyne Howard,,PTS,OVER,18.5,-109,DraftKings,draftkings,player_points_alternate,the-odds-api,2026-08-20T14:45:07.648190+00:00
2026-08-20,1633124eeb20fd6dff51c151adeeb077,Atlanta Dream @ Los Angeles Sparks,2026-08-21T02:00:00Z,Los Angeles Sparks,Atlanta Dream,Rhyne Howard,,PTS,OVER,19.5,115,DraftKings,draftkings,player_points_alternate,the-odds-api,2026-08-20T14:45:07.648190+00:00
2026-08-20,1633124eeb20fd6dff51c151adeeb077,Atlanta Dream @ Los Angeles Sparks,2026-08-21T02:00:00Z,Los Angeles Sparks,Atlanta Dream,Rhyne Howard,,PTS,OVER,24.5,325,DraftKings,draftkings,player_points_alternate,the-odds-api,2026-08-20T14:45:07.648190+00:00
2026-08-20,1633124eeb20fd6dff51c151adeeb077,Atlanta Dream @ Los Angeles Sparks,2026-08-21T02:00:00Z,Los Angeles Sparks,Atlanta Dream,Rhyne Howard,,PTS,OVER,29.5,880,DraftKings,draftkings,player_points_alternate,the-odds-api,2026-08-20T14:45:07.648190+00:00
2026-08-20,1633124eeb20fd6dff51c151adeeb077,Atlanta Dream @ Los Angeles Sparks,2026-08-21T02:00:00Z,Los Angeles Sparks,Atlanta Dream,Rae Burrell,,PTS,OVER,7.5,-2200,DraftKings,draftkings,player_points_alternate,the-odds-api,2026-08-20T14:45:07.648190+00:00
2026-08-20,1633124eeb20fd6dff51c151adeeb077,Atlanta Dream @ Los Angeles Sparks,2026-08-21T02:00:00Z,Los Angeles Sparks,Atlanta Dream,Rae Burrell,,PTS,OVER,9.5,-850,DraftKings,draftkings,player_points_alternate,the-odds-api,2026-08-20T14:45:07.648190+00:00
2026-08-20,1633124eeb20fd6dff51c151adeeb077,Atlanta Dream @ Los Angeles Sparks,2026-08-21T02:00:00Z,Los Angeles Sparks,Atlanta Dream,Rae Burrell,,PTS,OVER,11.5,-419,DraftKings,draftkings,player_points_alternate,the-odds-api,2026-08-20T14:45:07.648190+00:00
2026-08-20,1633124eeb20fd6dff51c151adeeb077,Atlanta Dream @ Los Angeles Sparks,2026-08-21T02:00:00Z,Los Angeles Sparks,Atlanta Dream,Rae Burrell,,PTS,OVER,14.5,-176,DraftKings,draftkings,player_points_alternate,the-odds-api,2026-08-20T14:45:07.648190+00:00
2026-08-20,1633124eeb20fd6dff51c151adeeb077,Atlanta Dream @ Los Angeles Sparks,2026-08-21T02:00:00Z,Los Angeles Sparks,Atlanta Dream,Rae Burrell,,PTS,OVER,16.5,-106,DraftKings,draftkings,player_points_alternate,the-odds-api,2026-08-20T14:45:07.648190+00:00
2026-08-20,1633124eeb20fd6dff51c151adeeb077,Atlanta Dream @ Los Angeles Sparks,2026-08-21T02:00:00Z,Los Angeles Sparks,Atlanta Dream,Rae Burrell,,PTS,OVER,17.5,119,DraftKings,draftkings,player_points_alternate,the-odds-api,2026-08-20T14:45:07.648190+00:00
2026-08-20,1633124eeb20fd6dff51c151adeeb077,Atlanta Dream @ Los Angeles Sparks,2026-08-21T02:00:00Z,Los Angeles Sparks,Atlanta Dream,Rae Burrell,,PTS,OVER,19.5,185,DraftKings,draftkings,player_points_alternate,the-odds-api,2026-08-20T14:45:07.648190+00:00
2026-08-20,1633124eeb20fd6dff51c151adeeb077,Atlanta Dream @ Los Angeles Sparks,2026-08-21T02:00:00Z,Los Angeles Sparks,Atlanta Dream,Rae Burrell,,PTS,OVER,24.5,562,DraftKings,draftkings,player_points_alternate,the-odds-api,2026-08-20T14:45:07.648190+00:00
2026-08-20,1633124eeb20fd6dff51c151adeeb077,Atlanta Dream @ Los Angeles Sparks,2026-08-21T02:00:00Z,Los Angeles Sparks,Atlanta Dream,Rae Burrell,,PTS,OVER,29.5,1600,DraftKings,draftkings,player_points_alternate,the-odds-api,2026-08-20T14:45:07.648190+00:00
2026-08-20,1633124eeb20fd6dff51c151adeeb077,Atlanta Dream @ Los Angeles Sparks,2026-08-21T02:00:00Z,Los Angeles Sparks,Atlanta Dream,Angel Reese,,PTS,OVER,9.5,-1020,DraftKings,draftkings,player_points_alternate,the-odds-api,2026-08-20T14:45:07.648190+00:00
2026-08-20,1633124eeb20fd6dff51c151adeeb077,Atlanta Dream @ Los Angeles Sparks,2026-08-21T02:00:00Z,Los Angeles Sparks,Atlanta Dream,Angel Reese,,PTS,OVER,11.5,-451,DraftKings,draftkings,player_points_alternate,the-odds-api,2026-08-20T14:45:07.648190+00:00
2026-08-20,1633124eeb20fd6dff51c151adeeb077,Atlanta Dream @ Los Angeles Sparks,2026-08-21T02:00:00Z,Los Angeles Sparks,Atlanta Dream,Angel Reese,,PTS,OVER,14.5,-172,DraftKings,draftkings,player_points_alternate,the-odds-api,2026-08-20T14:45:07.648190+00:00
2026-08-20,1633124eeb20fd6dff51c151adeeb077,Atlanta Dream @ Los Angeles Sparks,2026-08-21T02:00:00Z,Los Angeles Sparks,Atlanta Dream,Angel Reese,,PTS,OVER,16.5,-102,DraftKings,draftkings,player_points_alternate,the-odds-api,2026-08-20T14:45:07.648190+00:00
2026-08-20,1633124eeb20fd6dff51c151adeeb077,Atlanta Dream @ Los Angeles Sparks,2026-08-21T02:00:00Z,Los Angeles Sparks,Atlanta Dream,Angel Reese,,PTS,OVER,17.5,127,DraftKings,draftkings,player_points_alternate,the-odds-api,2026-08-20T14:45:07.648190+00:00
2026-08-20,1633124eeb20fd6dff51c151adeeb077,Atlanta Dream @ Los Angeles Sparks,2026-08-21T02:00:00Z,Los Angeles Sparks,Atlanta Dream,Angel Reese,,PTS,OVER,19.5,212,DraftKings,draftkings,player_points_alternate,the-odds-api,2026-08-20T14:45:07.648190+00:00
2026-08-20,1633124eeb20fd6dff51c151adeeb077,Atlanta Dream @ Los Angeles Sparks,2026-08-21T02:00:00Z,Los Angeles Sparks,Atlanta Dream,Angel Reese,,PTS,OVER,24.5,730,DraftKings,draftkings,player_points_alternate,the-odds-api,2026-08-20T14:45:07.648190+00:00
2026-08-20,1633124eeb20fd6dff51c151adeeb077,Atlanta Dream @ Los Angeles Sparks,2026-08-21T02:00:00Z,Los Angeles Sparks,Atlanta Dream,Dearica Hamby,,PTS,OVER,7.5,-1480,DraftKings,draftkings,player_points_alternate,the-odds-api,2026-08-20T14:45:07.648190+00:00
2026-08-20,1633124eeb20fd6dff51c151adeeb077,Atlanta Dream @ Los Angeles Sparks,2026-08-21T02:00:00Z,Los Angeles Sparks,Atlanta Dream,Dearica Hamby,,PTS,OVER,9.5,-620,DraftKings,draftkings,player_points_alternate,the-odds-api,2026-08-20T14:45:07.648190+00:00
2026-08-20,1633124eeb20fd6dff51c151adeeb077,Atlanta Dream @ Los Angeles Sparks,2026-08-21T02:00:00Z,Los Angeles Sparks,Atlanta Dream,Dearica Hamby,,PTS,OVER,11.5,-299,DraftKings,draftkings,player_points_alternate,the-odds-api,2026-08-20T14:45:07.648190+00:00
2026-08-20,1633124eeb20fd6dff51c151adeeb077,Atlanta Dream @ Los Angeles Sparks,2026-08-21T02:00:00Z,Los Angeles Sparks,Atlanta Dream,Dearica Hamby,,PTS,OVER,14.5,-125,DraftKings,draftkings,player_points_alternate,the-odds-api,2026-08-20T14:45:07.648190+00:00
2026-08-20,1633124eeb20fd6dff51c151adeeb077,Atlanta Dream @ Los Angeles Sparks,2026-08-21T02:00:00Z,Los Angeles Sparks,Atlanta Dream,Dearica Hamby,,PTS,OVER,17.5,170,DraftKings,draftkings,player_points_alternate,the-odds-api,2026-08-20T14:45:07.648190+00:00
2026-08-20,1633124eeb20fd6dff51c151adeeb077,Atlanta Dream @ Los Angeles Sparks,2026-08-21T02:00:00Z,Los Angeles Sparks,Atlanta Dream,Dearica Hamby,,PTS,OVER,19.5,273,DraftKings,draftkings,player_points_alternate,the-odds-api,2026-08-20T14:45:07.648190+00:00
2026-08-20,1633124eeb20fd6dff51c151adeeb077,Atlanta Dream @ Los Angeles Sparks,2026-08-21T02:00:00Z,Los Angeles Sparks,Atlanta Dream,Dearica Hamby,,PTS,OVER,24.5,890,DraftKings,draftkings,player_points_alternate,the-odds-api,2026-08-20T14:45:07.648190+00:00
2026-08-20,1633124eeb20fd6dff51c151adeeb077,Atlanta Dream @ Los Angeles Sparks,2026-08-21T02:00:00Z,Los Angeles Sparks,Atlanta Dream,Nneka Ogwumike,,PTS,OVER,7.5,-1380,DraftKings,draftkings,player_points_alternate,the-odds-api,2026-08-20T14:45:07.648190+00:00
2026-08-20,1633124eeb20fd6dff51c151adeeb077,Atlanta Dream @ Los Angeles Sparks,2026-08-21T02:00:00Z,Los Angeles Sparks,Atlanta Dream,Nneka Ogwumike,,PTS,OVER,9.5,-565,DraftKings,draftkings,player_points_alternate,the-odds-api,2026-08-20T14:45:07.648190+00:00
2026-08-20,1633124eeb20fd6dff51c151adeeb077,Atlanta Dream @ Los Angeles Sparks,2026-08-21T02:00:00Z,Los Angeles Sparks,Atlanta Dream,Nneka Ogwumike,,PTS,OVER,11.5,-288,DraftKings,draftkings,player_points_alternate,the-odds-api,2026-08-20T14:45:07.648190+00:00
2026-08-20,1633124eeb20fd6dff51c151adeeb077,Atlanta Dream @ Los Angeles Sparks,2026-08-21T02:00:00Z,Los Angeles Sparks,Atlanta Dream,Nneka Ogwumike,,PTS,OVER,14.5,-124,DraftKings,draftkings,player_points_alternate,the-odds-api,2026-08-20T14:45:07.648190+00:00
2026-08-20,1633124eeb20fd6dff51c151adeeb077,Atlanta Dream @ Los Angeles Sparks,2026-08-21T02:00:00Z,Los Angeles Sparks,Atlanta Dream,Nneka Ogwumike,,PTS,OVER,17.5,172,DraftKings,draftkings,player_points_alternate,the-odds-api,2026-08-20T14:45:07.648190+00:00
2026-08-20,1633124eeb20fd6dff51c151adeeb077,Atlanta Dream @ Los Angeles Sparks,2026-08-21T02:00:00Z,Los Angeles Sparks,Atlanta Dream,Nneka Ogwumike,,PTS,OVER,19.5,276,DraftKings,draftkings,player_points_alternate,the-odds-api,2026-08-20T14:45:07.648190+00:00
2026-08-20,1633124eeb20fd6dff51c151adeeb077,Atlanta Dream @ Los Angeles Sparks,2026-08-21T02:00:00Z,Los Angeles Sparks,Atlanta Dream,Nneka Ogwumike,,PTS,OVER,24.5,890,DraftKings,draftkings,player_points_alternate,the-odds-api,2026-08-20T14:45:07.648190+00:00
2026-08-20,1633124eeb20fd6dff51c151adeeb077,Atlanta Dream @ Los Angeles Sparks,2026-08-21T02:00:00Z,Los Angeles Sparks,Atlanta Dream,Jordin Canada,,PTS,OVER,5.5,-1120,DraftKings,draftkings,player_points_alternate,the-odds-api,2026-08-20T14:45:07.648190+00:00
2026-08-20,1633124eeb20fd6dff51c151adeeb077,Atlanta Dream @ Los Angeles Sparks,2026-08-21T02:00:00Z,Los Angeles Sparks,Atlanta Dream,Jordin Canada,,PTS,OVER,7.5,-433,DraftKings,draftkings,player_points_alternate,the-odds-api,2026-08-20T14:45:07.648190+00:00
2026-08-20,1633124eeb20fd6dff51c151adeeb077,Atlanta Dream @ Los Angeles Sparks,2026-08-21T02:00:00Z,Los Angeles Sparks,Atlanta Dream,Jordin Canada,,PTS,OVER,9.5,-201,DraftKings,draftkings,player_points_alternate,the-odds-api,2026-08-20T14:45:07.648190+00:00
2026-08-20,1633124eeb20fd6dff51c151adeeb077,Atlanta Dream @ Los Angeles Sparks,2026-08-21T02:00:00Z,Los Angeles Sparks,Atlanta Dream,Jordin Canada,,PTS,OVER,11.5,-107,DraftKings,draftkings,player_points_alternate,the-odds-api,2026-08-20T14:45:07.648190+00:00
2026-08-20,1633124eeb20fd6dff51c151adeeb077,Atlanta Dream @ Los Angeles Sparks,2026-08-21T02:00:00Z,Los Angeles Sparks,Atlanta Dream,Jordin Canada,,PTS,OVER,14.5,226,DraftKings,draftkings,player_points_alternate,the-odds-api,2026-08-20T14:45:07.648190+00:00
2026-08-20,1633124eeb20fd6dff51c151adeeb077,Atlanta Dream @ Los Angeles Sparks,2026-08-21T02:00:00Z,Los Angeles Sparks,Atlanta Dream,Jordin Canada,,PTS,OVER,17.5,516,DraftKings,draftkings,player_points_alternate,the-odds-api,2026-08-20T14:45:07.648190+00:00
2026-08-20,1633124eeb20fd6dff51c151adeeb077,Atlanta Dream @ Los Angeles Sparks,2026-08-21T02:00:00Z,Los Angeles Sparks,Atlanta Dream,Jordin Canada,,PTS,OVER,19.5,870,DraftKings,draftkings,player_points_alternate,the-odds-api,2026-08-20T14:45:07.648190+00:00
2026-08-20,1633124eeb20fd6dff51c151adeeb077,Atlanta Dream @ Los Angeles Sparks,2026-08-21T02:00:00Z,Los Angeles Sparks,Atlanta Dream,Naz Hillmon,,PTS,OVER,5.5,-402,DraftKings,draftkings,player_points_alternate,the-odds-api,2026-08-20T14:45:07.648190+00:00
2026-08-20,1633124eeb20fd6dff51c151adeeb077,Atlanta Dream @ Los Angeles Sparks,2026-08-21T02:00:00Z,Los Angeles Sparks,Atlanta Dream,Naz Hillmon,,PTS,OVER,7.5,-177,DraftKings,draftkings,player_points_alternate,the-odds-api,2026-08-20T14:45:07.648190+00:00
2026-08-20,1633124eeb20fd6dff51c151adeeb077,Atlanta Dream @ Los Angeles Sparks,2026-08-21T02:00:00Z,Los Angeles Sparks,Atlanta Dream,Naz Hillmon,,PTS,OVER,8.5,-125,DraftKings,draftkings,player_points_alternate,the-odds-api,2026-08-20T14:45:07.648190+00:00
2026-08-20,1633124eeb20fd6dff51c151adeeb077,Atlanta Dream @ Los Angeles Sparks,2026-08-21T02:00:00Z,Los Angeles Sparks,Atlanta Dream,Naz Hillmon,,PTS,OVER,9.5,113,DraftKings,draftkings,player_points_alternate,the-odds-api,2026-08-20T14:45:07.648190+00:00
2026-08-20,1633124eeb20fd6dff51c151adeeb077,Atlanta Dream @ Los Angeles Sparks,2026-08-21T02:00:00Z,Los Angeles Sparks,Atlanta Dream,Naz Hillmon,,PTS,OVER,11.5,214,DraftKings,draftkings,player_points_alternate,the-odds-api,2026-08-20T14:45:07.648190+00:00
2026-08-20,1633124eeb20fd6dff51c151adeeb077,Atlanta Dream @ Los Angeles Sparks,2026-08-21T02:00:00Z,Los Angeles Sparks,Atlanta Dream,Naz Hillmon,,PTS,OVER,14.5,533,DraftKings,draftkings,player_points_alternate,the-odds-api,2026-08-20T14:45:07.648190+00:00
2026-08-20,1633124eeb20fd6dff51c151adeeb077,Atlanta Dream @ Los Angeles Sparks,2026-08-21T02:00:00Z,Los Angeles Sparks,Atlanta Dream,Naz Hillmon,,PTS,OVER,17.5,1240,DraftKings,draftkings,player_points_alternate,the-odds-api,2026-08-20T14:45:07.648190+00:00
2026-08-20,1633124eeb20fd6dff51c151adeeb077,Atlanta Dream @ Los Angeles Sparks,2026-08-21T02:00:00Z,Los Angeles Sparks,Atlanta Dream,Ariel Atkins,,PTS,OVER,5.5,-337,DraftKings,draftkings,player_points_alternate,the-odds-api,2026-08-20T14:45:07.648190+00:00
2026-08-20,1633124eeb20fd6dff51c151adeeb077,Atlanta Dream @ Los Angeles Sparks,2026-08-21T02:00:00Z,Los Angeles Sparks,Atlanta Dream,Ariel Atkins,,PTS,OVER,7.5,-160,DraftKings,draftkings,player_points_alternate,the-odds-api,2026-08-20T14:45:07.648190+00:00
2026-08-20,1633124eeb20fd6dff51c151adeeb077,Atlanta Dream @ Los Angeles Sparks,2026-08-21T02:00:00Z,Los Angeles Sparks,Atlanta Dream,Ariel Atkins,,PTS,OVER,8.5,-113,DraftKings,draftkings,player_points_alternate,the-odds-api,2026-08-20T14:45:07.648190+00:00
2026-08-20,1633124eeb20fd6dff51c151adeeb077,Atlanta Dream @ Los Angeles Sparks,2026-08-21T02:00:00Z,Los Angeles Sparks,Atlanta Dream,Ariel Atkins,,PTS,OVER,9.5,122,DraftKings,draftkings,player_points_alternate,the-odds-api,2026-08-20T14:45:07.648190+00:00
2026-08-20,1633124eeb20fd6dff51c151adeeb077,Atlanta Dream @ Los Angeles Sparks,2026-08-21T02:00:00Z,Los Angeles Sparks,Atlanta Dream,Ariel Atkins,,PTS,OVER,11.5,232,DraftKings,draftkings,player_points_alternate,the-odds-api,2026-08-20T14:45:07.648190+00:00
2026-08-20,1633124eeb20fd6dff51c151adeeb077,Atlanta Dream @ Los Angeles Sparks,2026-08-21T02:00:00Z,Los Angeles Sparks,Atlanta Dream,Ariel Atkins,,PTS,OVER,14.5,559,DraftKings,draftkings,player_points_alternate,the-odds-api,2026-08-20T14:45:07.648190+00:00
2026-08-20,1633124eeb20fd6dff51c151adeeb077,Atlanta Dream @ Los Angeles Sparks,2026-08-21T02:00:00Z,Los Angeles Sparks,Atlanta Dream,Ariel Atkins,,PTS,OVER,17.5,1260,DraftKings,draftkings,player_points_alternate,the-odds-api,2026-08-20T14:45:07.648190+00:00
2026-08-20,1633124eeb20fd6dff51c151adeeb077,Atlanta Dream @ Los Angeles Sparks,2026-08-21T02:00:00Z,Los Angeles Sparks,Atlanta Dream,Erica Wheeler,,PTS,OVER,5.5,-326,DraftKings,draftkings,player_points_alternate,the-odds-api,2026-08-20T14:45:07.648190+00:00
2026-08-20,1633124eeb20fd6dff51c151adeeb077,Atlanta Dream @ Los Angeles Sparks,2026-08-21T02:00:00Z,Los Angeles Sparks,Atlanta Dream,Erica Wheeler,,PTS,OVER,7.5,-148,DraftKings,draftkings,player_points_alternate,the-odds-api,2026-08-20T14:45:07.648190+00:00
2026-08-20,1633124eeb20fd6dff51c151adeeb077,Atlanta Dream @ Los Angeles Sparks,2026-08-21T02:00:00Z,Los Angeles Sparks,Atlanta Dream,Erica Wheeler,,PTS,OVER,8.5,-104,DraftKings,draftkings,player_points_alternate,the-odds-api,2026-08-20T14:45:07.648190+00:00
2026-08-20,1633124eeb20fd6dff51c151adeeb077,Atlanta Dream @ Los Angeles Sparks,2026-08-21T02:00:00Z,Los Angeles Sparks,Atlanta Dream,Erica Wheeler,,PTS,OVER,9.5,133,DraftKings,draftkings,player_points_alternate,the-odds-api,2026-08-20T14:45:07.648190+00:00
2026-08-20,1633124eeb20fd6dff51c151adeeb077,Atlanta Dream @ Los Angeles Sparks,2026-08-21T02:00:00Z,Los Angeles Sparks,Atlanta Dream,Erica Wheeler,,PTS,OVER,11.5,243,DraftKings,draftkings,player_points_alternate,the-odds-api,2026-08-20T14:45:07.648190+00:00
2026-08-20,1633124eeb20fd6dff51c151adeeb077,Atlanta Dream @ Los Angeles Sparks,2026-08-21T02:00:00Z,Los Angeles Sparks,Atlanta Dream,Erica Wheeler,,PTS,OVER,14.5,600,DraftKings,draftkings,player_points_alternate,the-odds-api,2026-08-20T14:45:07.648190+00:00
2026-08-20,1633124eeb20fd6dff51c151adeeb077,Atlanta Dream @ Los Angeles Sparks,2026-08-21T02:00:00Z,Los Angeles Sparks,Atlanta Dream,Erica Wheeler,,PTS,OVER,17.5,1320,DraftKings,draftkings,player_points_alternate,the-odds-api,2026-08-20T14:45:07.648190+00:00
2026-08-20,1633124eeb20fd6dff51c151adeeb077,Atlanta Dream @ Los Angeles Sparks,2026-08-21T02:00:00Z,Los Angeles Sparks,Atlanta Dream,Cameron Brink,,PTS,OVER,5.5,-237,DraftKings,draftkings,player_points_alternate,the-odds-api,2026-08-20T14:45:07.648190+00:00
2026-08-20,1633124eeb20fd6dff51c151adeeb077,Atlanta Dream @ Los Angeles Sparks,2026-08-21T02:00:00Z,Los Angeles Sparks,Atlanta Dream,Cameron Brink,,PTS,OVER,7.5,-105,DraftKings,draftkings,player_points_alternate,the-odds-api,2026-08-20T14:45:07.648190+00:00
2026-08-20,1633124eeb20fd6dff51c151adeeb077,Atlanta Dream @ Los Angeles Sparks,2026-08-21T02:00:00Z,Los Angeles Sparks,Atlanta Dream,Cameron Brink,,PTS,OVER,9.5,191,DraftKings,draftkings,player_points_alternate,the-odds-api,2026-08-20T14:45:07.648190+00:00
2026-08-20,1633124eeb20fd6dff51c151adeeb077,Atlanta Dream @ Los Angeles Sparks,2026-08-21T02:00:00Z,Los Angeles Sparks,Atlanta Dream,Cameron Brink,,PTS,OVER,11.5,365,DraftKings,draftkings,player_points_alternate,the-odds-api,2026-08-20T14:45:07.648190+00:00
2026-08-20,1633124eeb20fd6dff51c151adeeb077,Atlanta Dream @ Los Angeles Sparks,2026-08-21T02:00:00Z,Los Angeles Sparks,Atlanta Dream,Cameron Brink,,PTS,OVER,14.5,890,DraftKings,draftkings,player_points_alternate,the-odds-api,2026-08-20T14:45:07.648190+00:00
2026-08-20,1633124eeb20fd6dff51c151adeeb077,Atlanta Dream @ Los Angeles Sparks,2026-08-21T02:00:00Z,Los Angeles Sparks,Atlanta Dream,Monique Akoa Makani,,PTS,OVER,5.5,-170,DraftKings,draftkings,player_points_alternate,the-odds-api,2026-08-20T14:45:07.648190+00:00
2026-08-20,1633124eeb20fd6dff51c151adeeb077,Atlanta Dream @ Los Angeles Sparks,2026-08-21T02:00:00Z,Los Angeles Sparks,Atlanta Dream,Monique Akoa Makani,,PTS,OVER,6.5,-116,DraftKings,draftkings,player_points_alternate,the-odds-api,2026-08-20T14:45:07.648190+00:00
2026-08-20,1633124eeb20fd6dff51c151adeeb077,Atlanta Dream @ Los Angeles Sparks,2026-08-21T02:00:00Z,Los Angeles Sparks,Atlanta Dream,Monique Akoa Makani,,PTS,OVER,7.5,124,DraftKings,draftkings,player_points_alternate,the-odds-api,2026-08-20T14:45:07.648190+00:00
2026-08-20,1633124eeb20fd6dff51c151adeeb077,Atlanta Dream @ Los Angeles Sparks,2026-08-21T02:00:00Z,Los Angeles Sparks,Atlanta Dream,Monique Akoa Makani,,PTS,OVER,9.5,250,DraftKings,draftkings,player_points_alternate,the-odds-api,2026-08-20T14:45:07.648190+00:00
2026-08-20,1633124eeb20fd6dff51c151adeeb077,Atlanta Dream @ Los Angeles Sparks,2026-08-21T02:00:00Z,Los Angeles Sparks,Atlanta Dream,Monique Akoa Makani,,PTS,OVER,11.5,475,DraftKings,draftkings,player_points_alternate,the-odds-api,2026-08-20T14:45:07.648190+00:00
2026-08-20,1633124eeb20fd6dff51c151adeeb077,Atlanta Dream @ Los Angeles Sparks,2026-08-21T02:00:00Z,Los Angeles Sparks,Atlanta Dream,Monique Akoa Makani,,PTS,OVER,14.5,1180,DraftKings,draftkings,player_points_alternate,the-odds-api,2026-08-20T14:45:07.648190+00:00
2026-08-20,1633124eeb20fd6dff51c151adeeb077,Atlanta Dream @ Los Angeles Sparks,2026-08-21T02:00:00Z,Los Angeles Sparks,Atlanta Dream,Rhyne Howard,,PA,OVER,14.5,-930,DraftKings,draftkings,player_points_assists_alternate,the-odds-api,2026-08-20T14:45:07.648190+00:00
2026-08-20,1633124eeb20fd6dff51c151adeeb077,Atlanta Dream @ Los Angeles Sparks,2026-08-21T02:00:00Z,Los Angeles Sparks,Atlanta Dream,Rhyne Howard,,PA,OVER,19.5,-232,DraftKings,draftkings,player_points_assists_alternate,the-odds-api,2026-08-20T14:45:07.648190+00:00
2026-08-20,1633124eeb20fd6dff51c151adeeb077,Atlanta Dream @ Los Angeles Sparks,2026-08-21T02:00:00Z,Los Angeles Sparks,Atlanta Dream,Rhyne Howard,,PA,OVER,22.5,-118,DraftKings,draftkings,player_points_assists_alternate,the-odds-api,2026-08-20T14:45:07.648190+00:00
2026-08-20,1633124eeb20fd6dff51c151adeeb077,Atlanta Dream @ Los Angeles Sparks,2026-08-21T02:00:00Z,Los Angeles Sparks,Atlanta Dream,Rhyne Howard,,PA,OVER,24.5,129,DraftKings,draftkings,player_points_assists_alternate,the-odds-api,2026-08-20T14:45:07.648190+00:00
2026-08-20,1633124eeb20fd6dff51c151adeeb077,Atlanta Dream @ Los Angeles Sparks,2026-08-21T02:00:00Z,Los Angeles Sparks,Atlanta Dream,Rhyne Howard,,PA,OVER,29.5,361,DraftKings,draftkings,player_points_assists_alternate,the-odds-api,2026-08-20T14:45:07.648190+00:00
2026-08-20,1633124eeb20fd6dff51c151adeeb077,Atlanta Dream @ Los Angeles Sparks,2026-08-21T02:00:00Z,Los Angeles Sparks,Atlanta Dream,Rhyne Howard,,PA,OVER,34.5,960,DraftKings,draftkings,player_points_assists_alternate,the-odds-api,2026-08-20T14:45:07.648190+00:00
2026-08-20,1633124eeb20fd6dff51c151adeeb077,Atlanta Dream @ Los Angeles Sparks,2026-08-21T02:00:00Z,Los Angeles Sparks,Atlanta Dream,Allisha Gray,,PA,OVER,14.5,-920,DraftKings,draftkings,player_points_assists_alternate,the-odds-api,2026-08-20T14:45:07.648190+00:00
2026-08-20,1633124eeb20fd6dff51c151adeeb077,Atlanta Dream @ Los Angeles Sparks,2026-08-21T02:00:00Z,Los Angeles Sparks,Atlanta Dream,Allisha Gray,,PA,OVER,19.5,-216,DraftKings,draftkings,player_points_assists_alternate,the-odds-api,2026-08-20T14:45:07.648190+00:00
2026-08-20,1633124eeb20fd6dff51c151adeeb077,Atlanta Dream @ Los Angeles Sparks,2026-08-21T02:00:00Z,Los Angeles Sparks,Atlanta Dream,Allisha Gray,,PA,OVER,22.5,-108,DraftKings,draftkings,player_points_assists_alternate,the-odds-api,2026-08-20T14:45:07.648190+00:00
2026-08-20,1633124eeb20fd6dff51c151adeeb077,Atlanta Dream @ Los Angeles Sparks,2026-08-21T02:00:00Z,Los Angeles Sparks,Atlanta Dream,Allisha Gray,,PA,OVER,24.5,144,DraftKings,draftkings,player_points_assists_alternate,the-odds-api,2026-08-20T14:45:07.648190+00:00
2026-08-20,1633124eeb20fd6dff51c151adeeb077,Atlanta Dream @ Los Angeles Sparks,2026-08-21T02:00:00Z,Los Angeles Sparks,Atlanta Dream,Allisha Gray,,PA,OVER,29.5,433,DraftKings,draftkings,player_points_assists_alternate,the-odds-api,2026-08-20T14:45:07.648190+00:00
2026-08-20,1633124eeb20fd6dff51c151adeeb077,Atlanta Dream @ Los Angeles Sparks,2026-08-21T02:00:00Z,Los Angeles Sparks,Atlanta Dream,Allisha Gray,,PA,OVER,34.5,1200,DraftKings,draftkings,player_points_assists_alternate,the-odds-api,2026-08-20T14:45:07.648190+00:00
2026-08-20,1633124eeb20fd6dff51c151adeeb077,Atlanta Dream @ Los Angeles Sparks,2026-08-21T02:00:00Z,Los Angeles Sparks,Atlanta Dream,Rae Burrell,,PA,OVER,14.5,-432,DraftKings,draftkings,player_points_assists_alternate,the-odds-api,2026-08-20T14:45:07.648190+00:00
2026-08-20,1633124eeb20fd6dff51c151adeeb077,Atlanta Dream @ Los Angeles Sparks,2026-08-21T02:00:00Z,Los Angeles Sparks,Atlanta Dream,Rae Burrell,,PA,OVER,19.5,-118,DraftKings,draftkings,player_points_assists_alternate,the-odds-api,2026-08-20T14:45:07.648190+00:00
2026-08-20,1633124eeb20fd6dff51c151adeeb077,Atlanta Dream @ Los Angeles Sparks,2026-08-21T02:00:00Z,Los Angeles Sparks,Atlanta Dream,Rae Burrell,,PA,OVER,24.5,257,DraftKings,draftkings,player_points_assists_alternate,the-odds-api,2026-08-20T14:45:07.648190+00:00
2026-08-20,1633124eeb20fd6dff51c151adeeb077,Atlanta Dream @ Los Angeles Sparks,2026-08-21T02:00:00Z,Los Angeles Sparks,Atlanta Dream,Rae Burrell,,PA,OVER,29.5,730,DraftKings,draftkings,player_points_assists_alternate,the-odds-api,2026-08-20T14:45:07.648190+00:00
2026-08-20,1633124eeb20fd6dff51c151adeeb077,Atlanta Dream @ Los Angeles Sparks,2026-08-21T02:00:00Z,Los Angeles Sparks,Atlanta Dream,Angel Reese,,PA,OVER,14.5,-401,DraftKings,draftkings,player_points_assists_alternate,the-odds-api,2026-08-20T14:45:07.648190+00:00
2026-08-20,1633124eeb20fd6dff51c151adeeb077,Atlanta Dream @ Los Angeles Sparks,2026-08-21T02:00:00Z,Los Angeles Sparks,Atlanta Dream,Angel Reese,,PA,OVER,18.5,-128,DraftKings,draftkings,player_points_assists_alternate,the-odds-api,2026-08-20T14:45:07.648190+00:00
2026-08-20,1633124eeb20fd6dff51c151adeeb077,Atlanta Dream @ Los Angeles Sparks,2026-08-21T02:00:00Z,Los Angeles Sparks,Atlanta Dream,Angel Reese,,PA,OVER,19.5,101,DraftKings,draftkings,player_points_assists_alternate,the-odds-api,2026-08-20T14:45:07.648190+00:00
2026-08-20,1633124eeb20fd6dff51c151adeeb077,Atlanta Dream @ Los Angeles Sparks,2026-08-21T02:00:00Z,Los Angeles Sparks,Atlanta Dream,Angel Reese,,PA,OVER,24.5,339,DraftKings,draftkings,player_points_assists_alternate,the-odds-api,2026-08-20T14:45:07.648190+00:00
2026-08-20,1633124eeb20fd6dff51c151adeeb077,Atlanta Dream @ Los Angeles Sparks,2026-08-21T02:00:00Z,Los Angeles Sparks,Atlanta Dream,Angel Reese,,PA,OVER,29.5,1120,DraftKings,draftkings,player_points_assists_alternate,the-odds-api,2026-08-20T14:45:07.648190+00:00
2026-08-20,1633124eeb20fd6dff51c151adeeb077,Atlanta Dream @ Los Angeles Sparks,2026-08-21T02:00:00Z,Los Angeles Sparks,Atlanta Dream,Jordin Canada,,PA,OVER,14.5,-536,DraftKings,draftkings,player_points_assists_alternate,the-odds-api,2026-08-20T14:45:07.648190+00:00
2026-08-20,1633124eeb20fd6dff51c151adeeb077,Atlanta Dream @ Los Angeles Sparks,2026-08-21T02:00:00Z,Los Angeles Sparks,Atlanta Dream,Jordin Canada,,PA,OVER,19.5,-117,DraftKings,draftkings,player_points_assists_alternate,the-odds-api,2026-08-20T14:45:07.648190+00:00
2026-08-20,1633124eeb20fd6dff51c151adeeb077,Atlanta Dream @ Los Angeles Sparks,2026-08-21T02:00:00Z,Los Angeles Sparks,Atlanta Dream,Jordin Canada,,PA,OVER,24.5,315,DraftKings,draftkings,player_points_assists_alternate,the-odds-api,2026-08-20T14:45:07.648190+00:00
2026-08-20,1633124eeb20fd6dff51c151adeeb077,Atlanta Dream @ Los Angeles Sparks,2026-08-21T02:00:00Z,Los Angeles Sparks,Atlanta Dream,Jordin Canada,,PA,OVER,29.5,1120,DraftKings,draftkings,player_points_assists_alternate,the-odds-api,2026-08-20T14:45:07.648190+00:00
2026-08-20,1633124eeb20fd6dff51c151adeeb077,Atlanta Dream @ Los Angeles Sparks,2026-08-21T02:00:00Z,Los Angeles Sparks,Atlanta Dream,Nneka Ogwumike,,PA,OVER,9.5,-1900,DraftKings,draftkings,player_points_assists_alternate,the-odds-api,2026-08-20T14:45:07.648190+00:00
2026-08-20,1633124eeb20fd6dff51c151adeeb077,Atlanta Dream @ Los Angeles Sparks,2026-08-21T02:00:00Z,Los Angeles Sparks,Atlanta Dream,Nneka Ogwumike,,PA,OVER,14.5,-281,DraftKings,draftkings,player_points_assists_alternate,the-odds-api,2026-08-20T14:45:07.648190+00:00
2026-08-20,1633124eeb20fd6dff51c151adeeb077,Atlanta Dream @ Los Angeles Sparks,2026-08-21T02:00:00Z,Los Angeles Sparks,Atlanta Dream,Nneka Ogwumike,,PA,OVER,17.5,-126,DraftKings,draftkings,player_points_assists_alternate,the-odds-api,2026-08-20T14:45:07.648190+00:00
2026-08-20,1633124eeb20fd6dff51c151adeeb077,Atlanta Dream @ Los Angeles Sparks,2026-08-21T02:00:00Z,Los Angeles Sparks,Atlanta Dream,Nneka Ogwumike,,PA,OVER,19.5,128,DraftKings,draftkings,player_points_assists_alternate,the-odds-api,2026-08-20T14:45:07.648190+00:00
2026-08-20,1633124eeb20fd6dff51c151adeeb077,Atlanta Dream @ Los Angeles Sparks,2026-08-21T02:00:00Z,Los Angeles Sparks,Atlanta Dream,Nneka Ogwumike,,PA,OVER,24.5,398,DraftKings,draftkings,player_points_assists_alternate,the-odds-api,2026-08-20T14:45:07.648190+00:00
2026-08-20,1633124eeb20fd6dff51c151adeeb077,Atlanta Dream @ Los Angeles Sparks,2026-08-21T02:00:00Z,Los Angeles Sparks,Atlanta Dream,Nneka Ogwumike,,PA,OVER,29.5,1180,DraftKings,draftkings,player_points_assists_alternate,the-odds-api,2026-08-20T14:45:07.648190+00:00
2026-08-20,1633124eeb20fd6dff51c151adeeb077,Atlanta Dream @ Los Angeles Sparks,2026-08-21T02:00:00Z,Los Angeles Sparks,Atlanta Dream,Dearica Hamby,,PA,OVER,9.5,-1400,DraftKings,draftkings,player_points_assists_alternate,the-odds-api,2026-08-20T14:45:07.648190+00:00
2026-08-20,1633124eeb20fd6dff51c151adeeb077,Atlanta Dream @ Los Angeles Sparks,2026-08-21T02:00:00Z,Los Angeles Sparks,Atlanta Dream,Dearica Hamby,,PA,OVER,14.5,-232,DraftKings,draftkings,player_points_assists_alternate,the-odds-api,2026-08-20T14:45:07.648190+00:00
2026-08-20,1633124eeb20fd6dff51c151adeeb077,Atlanta Dream @ Los Angeles Sparks,2026-08-21T02:00:00Z,Los Angeles Sparks,Atlanta Dream,Dearica Hamby,,PA,OVER,17.5,-106,DraftKings,draftkings,player_points_assists_alternate,the-odds-api,2026-08-20T14:45:07.648190+00:00
2026-08-20,1633124eeb20fd6dff51c151adeeb077,Atlanta Dream @ Los Angeles Sparks,2026-08-21T02:00:00Z,Los Angeles Sparks,Atlanta Dream,Dearica Hamby,,PA,OVER,19.5,154,DraftKings,draftkings,player_points_assists_alternate,the-odds-api,2026-08-20T14:45:07.648190+00:00
2026-08-20,1633124eeb20fd6dff51c151adeeb077,Atlanta Dream @ Los Angeles Sparks,2026-08-21T02:00:00Z,Los Angeles Sparks,Atlanta Dream,Dearica Hamby,,PA,OVER,24.5,491,DraftKings,draftkings,player_points_assists_alternate,the-odds-api,2026-08-20T14:45:07.648190+00:00
2026-08-20,1633124eeb20fd6dff51c151adeeb077,Atlanta Dream @ Los Angeles Sparks,2026-08-21T02:00:00Z,Los Angeles Sparks,Atlanta Dream,Dearica Hamby,,PA,OVER,29.5,1480,DraftKings,draftkings,player_points_assists_alternate,the-odds-api,2026-08-20T14:45:07.648190+00:00
2026-08-20,1633124eeb20fd6dff51c151adeeb077,Atlanta Dream @ Los Angeles Sparks,2026-08-21T02:00:00Z,Los Angeles Sparks,Atlanta Dream,Erica Wheeler,,PA,OVER,9.5,-396,DraftKings,draftkings,player_points_assists_alternate,the-odds-api,2026-08-20T14:45:07.648190+00:00
2026-08-20,1633124eeb20fd6dff51c151adeeb077,Atlanta Dream @ Los Angeles Sparks,2026-08-21T02:00:00Z,Los Angeles Sparks,Atlanta Dream,Erica Wheeler,,PA,OVER,13.5,-102,DraftKings,draftkings,player_points_assists_alternate,the-odds-api,2026-08-20T14:45:07.648190+00:00
2026-08-20,1633124eeb20fd6dff51c151adeeb077,Atlanta Dream @ Los Angeles Sparks,2026-08-21T02:00:00Z,Los Angeles Sparks,Atlanta Dream,Erica Wheeler,,PA,OVER,14.5,133,DraftKings,draftkings,player_points_assists_alternate,the-odds-api,2026-08-20T14:45:07.648190+00:00
2026-08-20,1633124eeb20fd6dff51c151adeeb077,Atlanta Dream @ Los Angeles Sparks,2026-08-21T02:00:00Z,Los Angeles Sparks,Atlanta Dream,Erica Wheeler,,PA,OVER,19.5,544,DraftKings,draftkings,player_points_assists_alternate,the-odds-api,2026-08-20T14:45:07.648190+00:00
2026-08-20,1633124eeb20fd6dff51c151adeeb077,Atlanta Dream @ Los Angeles Sparks,2026-08-21T02:00:00Z,Los Angeles Sparks,Atlanta Dream,Ariel Atkins,,PA,OVER,4.5,-3200,DraftKings,draftkings,player_points_assists_alternate,the-odds-api,2026-08-20T14:45:07.648190+00:00
2026-08-20,1633124eeb20fd6dff51c151adeeb077,Atlanta Dream @ Los Angeles Sparks,2026-08-21T02:00:00Z,Los Angeles Sparks,Atlanta Dream,Ariel Atkins,,PA,OVER,9.5,-231,DraftKings,draftkings,player_points_assists_alternate,the-odds-api,2026-08-20T14:45:07.648190+00:00
2026-08-20,1633124eeb20fd6dff51c151adeeb077,Atlanta Dream @ Los Angeles Sparks,2026-08-21T02:00:00Z,Los Angeles Sparks,Atlanta Dream,Ariel Atkins,,PA,OVER,11.5,-118,DraftKings,draftkings,player_points_assists_alternate,the-odds-api,2026-08-20T14:45:07.648190+00:00
2026-08-20,1633124eeb20fd6dff51c151adeeb077,Atlanta Dream @ Los Angeles Sparks,2026-08-21T02:00:00Z,Los Angeles Sparks,Atlanta Dream,Ariel Atkins,,PA,OVER,14.5,207,DraftKings,draftkings,player_points_assists_alternate,the-odds-api,2026-08-20T14:45:07.648190+00:00
2026-08-20,1633124eeb20fd6dff51c151adeeb077,Atlanta Dream @ Los Angeles Sparks,2026-08-21T02:00:00Z,Los Angeles Sparks,Atlanta Dream,Ariel Atkins,,PA,OVER,19.5,810,DraftKings,draftkings,player_points_assists_alternate,the-odds-api,2026-08-20T14:45:07.648190+00:00
2026-08-20,1633124eeb20fd6dff51c151adeeb077,Atlanta Dream @ Los Angeles Sparks,2026-08-21T02:00:00Z,Los Angeles Sparks,Atlanta Dream,Naz Hillmon,,PA,OVER,4.5,-1580,DraftKings,draftkings,player_points_assists_alternate,the-odds-api,2026-08-20T14:45:07.648190+00:00
2026-08-20,1633124eeb20fd6dff51c151adeeb077,Atlanta Dream @ Los Angeles Sparks,2026-08-21T02:00:00Z,Los Angeles Sparks,Atlanta Dream,Naz Hillmon,,PA,OVER,9.5,-153,DraftKings,draftkings,player_points_assists_alternate,the-odds-api,2026-08-20T14:45:07.648190+00:00
2026-08-20,1633124eeb20fd6dff51c151adeeb077,Atlanta Dream @ Los Angeles Sparks,2026-08-21T02:00:00Z,Los Angeles Sparks,Atlanta Dream,Naz Hillmon,,PA,OVER,10.5,-108,DraftKings,draftkings,player_points_assists_alternate,the-odds-api,2026-08-20T14:45:07.648190+00:00
2026-08-20,1633124eeb20fd6dff51c151adeeb077,Atlanta Dream @ Los Angeles Sparks,2026-08-21T02:00:00Z,Los Angeles Sparks,Atlanta Dream,Naz Hillmon,,PA,OVER,14.5,323,DraftKings,draftkings,player_points_assists_alternate,the-odds-api,2026-08-20T14:45:07.648190+00:00
2026-08-20,1633124eeb20fd6dff51c151adeeb077,Atlanta Dream @ Los Angeles Sparks,2026-08-21T02:00:00Z,Los Angeles Sparks,Atlanta Dream,Naz Hillmon,,PA,OVER,19.5,1340,DraftKings,draftkings,player_points_assists_alternate,the-odds-api,2026-08-20T14:45:07.648190+00:00
2026-08-20,1633124eeb20fd6dff51c151adeeb077,Atlanta Dream @ Los Angeles Sparks,2026-08-21T02:00:00Z,Los Angeles Sparks,Atlanta Dream,Cameron Brink,,PA,OVER,4.5,-680,DraftKings,draftkings,player_points_assists_alternate,the-odds-api,2026-08-20T14:45:07.648190+00:00
2026-08-20,1633124eeb20fd6dff51c151adeeb077,Atlanta Dream @ Los Angeles Sparks,2026-08-21T02:00:00Z,Los Angeles Sparks,Atlanta Dream,Cameron Brink,,PA,OVER,8.5,-113,DraftKings,draftkings,player_points_assists_alternate,the-odds-api,2026-08-20T14:45:07.648190+00:00
2026-08-20,1633124eeb20fd6dff51c151adeeb077,Atlanta Dream @ Los Angeles Sparks,2026-08-21T02:00:00Z,Los Angeles Sparks,Atlanta Dream,Cameron Brink,,PA,OVER,9.5,126,DraftKings,draftkings,player_points_assists_alternate,the-odds-api,2026-08-20T14:45:07.648190+00:00
2026-08-20,1633124eeb20fd6dff51c151adeeb077,Atlanta Dream @ Los Angeles Sparks,2026-08-21T02:00:00Z,Los Angeles Sparks,Atlanta Dream,Cameron Brink,,PA,OVER,14.5,610,DraftKings,draftkings,player_points_assists_alternate,the-odds-api,2026-08-20T14:45:07.648190+00:00
2026-08-20,1633124eeb20fd6dff51c151adeeb077,Atlanta Dream @ Los Angeles Sparks,2026-08-21T02:00:00Z,Los Angeles Sparks,Atlanta Dream,Angel Reese,,PR,OVER,19.5,-1380,DraftKings,draftkings,player_points_rebounds_alternate,the-odds-api,2026-08-20T14:45:07.648190+00:00
2026-08-20,1633124eeb20fd6dff51c151adeeb077,Atlanta Dream @ Los Angeles Sparks,2026-08-21T02:00:00Z,Los Angeles Sparks,Atlanta Dream,Angel Reese,,PR,OVER,24.5,-340,DraftKings,draftkings,player_points_rebounds_alternate,the-odds-api,2026-08-20T14:45:07.648190+00:00
2026-08-20,1633124eeb20fd6dff51c151adeeb077,Atlanta Dream @ Los Angeles Sparks,2026-08-21T02:00:00Z,Los Angeles Sparks,Atlanta Dream,Angel Reese,,PR,OVER,29.5,-108,DraftKings,draftkings,player_points_rebounds_alternate,the-odds-api,2026-08-20T14:45:07.648190+00:00
2026-08-20,1633124eeb20fd6dff51c151adeeb077,Atlanta Dream @ Los Angeles Sparks,2026-08-21T02:00:00Z,Los Angeles Sparks,Atlanta Dream,Angel Reese,,PR,OVER,34.5,252,DraftKings,draftkings,player_points_rebounds_alternate,the-odds-api,2026-08-20T14:45:07.648190+00:00
2026-08-20,1633124eeb20fd6dff51c151adeeb077,Atlanta Dream @ Los Angeles Sparks,2026-08-21T02:00:00Z,Los Angeles Sparks,Atlanta Dream,Angel Reese,,PR,OVER,39.5,690,DraftKings,draftkings,player_points_rebounds_alternate,the-odds-api,2026-08-20T14:45:07.648190+00:00
2026-08-20,1633124eeb20fd6dff51c151adeeb077,Atlanta Dream @ Los Angeles Sparks,2026-08-21T02:00:00Z,Los Angeles Sparks,Atlanta Dream,Nneka Ogwumike,,PR,OVER,14.5,-1240,DraftKings,draftkings,player_points_rebounds_alternate,the-odds-api,2026-08-20T14:45:07.648190+00:00
2026-08-20,1633124eeb20fd6dff51c151adeeb077,Atlanta Dream @ Los Angeles Sparks,2026-08-21T02:00:00Z,Los Angeles Sparks,Atlanta Dream,Nneka Ogwumike,,PR,OVER,19.5,-263,DraftKings,draftkings,player_points_rebounds_alternate,the-odds-api,2026-08-20T14:45:07.648190+00:00
2026-08-20,1633124eeb20fd6dff51c151adeeb077,Atlanta Dream @ Los Angeles Sparks,2026-08-21T02:00:00Z,Los Angeles Sparks,Atlanta Dream,Nneka Ogwumike,,PR,OVER,22.5,-129,DraftKings,draftkings,player_points_rebounds_alternate,the-odds-api,2026-08-20T14:45:07.648190+00:00
2026-08-20,1633124eeb20fd6dff51c151adeeb077,Atlanta Dream @ Los Angeles Sparks,2026-08-21T02:00:00Z,Los Angeles Sparks,Atlanta Dream,Nneka Ogwumike,,PR,OVER,24.5,119,DraftKings,draftkings,player_points_rebounds_alternate,the-odds-api,2026-08-20T14:45:07.648190+00:00
2026-08-20,1633124eeb20fd6dff51c151adeeb077,Atlanta Dream @ Los Angeles Sparks,2026-08-21T02:00:00Z,Los Angeles Sparks,Atlanta Dream,Nneka Ogwumike,,PR,OVER,29.5,336,DraftKings,draftkings,player_points_rebounds_alternate,the-odds-api,2026-08-20T14:45:07.648190+00:00
2026-08-20,1633124eeb20fd6dff51c151adeeb077,Atlanta Dream @ Los Angeles Sparks,2026-08-21T02:00:00Z,Los Angeles Sparks,Atlanta Dream,Nneka Ogwumike,,PR,OVER,34.5,920,DraftKings,draftkings,player_points_rebounds_alternate,the-odds-api,2026-08-20T14:45:07.648190+00:00
2026-08-20,1633124eeb20fd6dff51c151adeeb077,Atlanta Dream @ Los Angeles Sparks,2026-08-21T02:00:00Z,Los Angeles Sparks,Atlanta Dream,Rhyne Howard,,PR,OVER,14.5,-750,DraftKings,draftkings,player_points_rebounds_alternate,the-odds-api,2026-08-20T14:45:07.648190+00:00
2026-08-20,1633124eeb20fd6dff51c151adeeb077,Atlanta Dream @ Los Angeles Sparks,2026-08-21T02:00:00Z,Los Angeles Sparks,Atlanta Dream,Rhyne Howard,,PR,OVER,19.5,-202,DraftKings,draftkings,player_points_rebounds_alternate,the-odds-api,2026-08-20T14:45:07.648190+00:00
2026-08-20,1633124eeb20fd6dff51c151adeeb077,Atlanta Dream @ Los Angeles Sparks,2026-08-21T02:00:00Z,Los Angeles Sparks,Atlanta Dream,Rhyne Howard,,PR,OVER,22.5,-105,DraftKings,draftkings,player_points_rebounds_alternate,the-odds-api,2026-08-20T14:45:07.648190+00:00
2026-08-20,1633124eeb20fd6dff51c151adeeb077,Atlanta Dream @ Los Angeles Sparks,2026-08-21T02:00:00Z,Los Angeles Sparks,Atlanta Dream,Rhyne Howard,,PR,OVER,24.5,145,DraftKings,draftkings,player_points_rebounds_alternate,the-odds-api,2026-08-20T14:45:07.648190+00:00
2026-08-20,1633124eeb20fd6dff51c151adeeb077,Atlanta Dream @ Los Angeles Sparks,2026-08-21T02:00:00Z,Los Angeles Sparks,Atlanta Dream,Rhyne Howard,,PR,OVER,29.5,388,DraftKings,draftkings,player_points_rebounds_alternate,the-odds-api,2026-08-20T14:45:07.648190+00:00
2026-08-20,1633124eeb20fd6dff51c151adeeb077,Atlanta Dream @ Los Angeles Sparks,2026-08-21T02:00:00Z,Los Angeles Sparks,Atlanta Dream,Rhyne Howard,,PR,OVER,34.5,1000,DraftKings,draftkings,player_points_rebounds_alternate,the-odds-api,2026-08-20T14:45:07.648190+00:00
2026-08-20,1633124eeb20fd6dff51c151adeeb077,Atlanta Dream @ Los Angeles Sparks,2026-08-21T02:00:00Z,Los Angeles Sparks,Atlanta Dream,Allisha Gray,,PR,OVER,14.5,-1060,DraftKings,draftkings,player_points_rebounds_alternate,the-odds-api,2026-08-20T14:45:07.648190+00:00
2026-08-20,1633124eeb20fd6dff51c151adeeb077,Atlanta Dream @ Los Angeles Sparks,2026-08-21T02:00:00Z,Los Angeles Sparks,Atlanta Dream,Allisha Gray,,PR,OVER,19.5,-236,DraftKings,draftkings,player_points_rebounds_alternate,the-odds-api,2026-08-20T14:45:07.648190+00:00
2026-08-20,1633124eeb20fd6dff51c151adeeb077,Atlanta Dream @ Los Angeles Sparks,2026-08-21T02:00:00Z,Los Angeles Sparks,Atlanta Dream,Allisha Gray,,PR,OVER,22.5,-117,DraftKings,draftkings,player_points_rebounds_alternate,the-odds-api,2026-08-20T14:45:07.648190+00:00
2026-08-20,1633124eeb20fd6dff51c151adeeb077,Atlanta Dream @ Los Angeles Sparks,2026-08-21T02:00:00Z,Los Angeles Sparks,Atlanta Dream,Allisha Gray,,PR,OVER,24.5,132,DraftKings,draftkings,player_points_rebounds_alternate,the-odds-api,2026-08-20T14:45:07.648190+00:00
2026-08-20,1633124eeb20fd6dff51c151adeeb077,Atlanta Dream @ Los Angeles Sparks,2026-08-21T02:00:00Z,Los Angeles Sparks,Atlanta Dream,Allisha Gray,,PR,OVER,29.5,375,DraftKings,draftkings,player_points_rebounds_alternate,the-odds-api,2026-08-20T14:45:07.648190+00:00
2026-08-20,1633124eeb20fd6dff51c151adeeb077,Atlanta Dream @ Los Angeles Sparks,2026-08-21T02:00:00Z,Los Angeles Sparks,Atlanta Dream,Allisha Gray,,PR,OVER,34.5,1020,DraftKings,draftkings,player_points_rebounds_alternate,the-odds-api,2026-08-20T14:45:07.648190+00:00
2026-08-20,1633124eeb20fd6dff51c151adeeb077,Atlanta Dream @ Los Angeles Sparks,2026-08-21T02:00:00Z,Los Angeles Sparks,Atlanta Dream,Dearica Hamby,,PR,OVER,14.5,-840,DraftKings,draftkings,player_points_rebounds_alternate,the-odds-api,2026-08-20T14:45:07.648190+00:00
2026-08-20,1633124eeb20fd6dff51c151adeeb077,Atlanta Dream @ Los Angeles Sparks,2026-08-21T02:00:00Z,Los Angeles Sparks,Atlanta Dream,Dearica Hamby,,PR,OVER,19.5,-193,DraftKings,draftkings,player_points_rebounds_alternate,the-odds-api,2026-08-20T14:45:07.648190+00:00
2026-08-20,1633124eeb20fd6dff51c151adeeb077,Atlanta Dream @ Los Angeles Sparks,2026-08-21T02:00:00Z,Los Angeles Sparks,Atlanta Dream,Dearica Hamby,,PR,OVER,21.5,-121,DraftKings,draftkings,player_points_rebounds_alternate,the-odds-api,2026-08-20T14:45:07.648190+00:00
2026-08-20,1633124eeb20fd6dff51c151adeeb077,Atlanta Dream @ Los Angeles Sparks,2026-08-21T02:00:00Z,Los Angeles Sparks,Atlanta Dream,Dearica Hamby,,PR,OVER,24.5,159,DraftKings,draftkings,player_points_rebounds_alternate,the-odds-api,2026-08-20T14:45:07.648190+00:00
2026-08-20,1633124eeb20fd6dff51c151adeeb077,Atlanta Dream @ Los Angeles Sparks,2026-08-21T02:00:00Z,Los Angeles Sparks,Atlanta Dream,Dearica Hamby,,PR,OVER,29.5,459,DraftKings,draftkings,player_points_rebounds_alternate,the-odds-api,2026-08-20T14:45:07.648190+00:00
2026-08-20,1633124eeb20fd6dff51c151adeeb077,Atlanta Dream @ Los Angeles Sparks,2026-08-21T02:00:00Z,Los Angeles Sparks,Atlanta Dream,Dearica Hamby,,PR,OVER,34.5,1240,DraftKings,draftkings,player_points_rebounds_alternate,the-odds-api,2026-08-20T14:45:07.648190+00:00
2026-08-20,1633124eeb20fd6dff51c151adeeb077,Atlanta Dream @ Los Angeles Sparks,2026-08-21T02:00:00Z,Los Angeles Sparks,Atlanta Dream,Rae Burrell,,PR,OVER,9.5,-2100,DraftKings,draftkings,player_points_rebounds_alternate,the-odds-api,2026-08-20T14:45:07.648190+00:00
2026-08-20,1633124eeb20fd6dff51c151adeeb077,Atlanta Dream @ Los Angeles Sparks,2026-08-21T02:00:00Z,Los Angeles Sparks,Atlanta Dream,Rae Burrell,,PR,OVER,14.5,-324,DraftKings,draftkings,player_points_rebounds_alternate,the-odds-api,2026-08-20T14:45:07.648190+00:00
2026-08-20,1633124eeb20fd6dff51c151adeeb077,Atlanta Dream @ Los Angeles Sparks,2026-08-21T02:00:00Z,Los Angeles Sparks,Atlanta Dream,Rae Burrell,,PR,OVER,18.5,-121,DraftKings,draftkings,player_points_rebounds_alternate,the-odds-api,2026-08-20T14:45:07.648190+00:00
2026-08-20,1633124eeb20fd6dff51c151adeeb077,Atlanta Dream @ Los Angeles Sparks,2026-08-21T02:00:00Z,Los Angeles Sparks,Atlanta Dream,Rae Burrell,,PR,OVER,19.5,105,DraftKings,draftkings,player_points_rebounds_alternate,the-odds-api,2026-08-20T14:45:07.648190+00:00
2026-08-20,1633124eeb20fd6dff51c151adeeb077,Atlanta Dream @ Los Angeles Sparks,2026-08-21T02:00:00Z,Los Angeles Sparks,Atlanta Dream,Rae Burrell,,PR,OVER,24.5,311,DraftKings,draftkings,player_points_rebounds_alternate,the-odds-api,2026-08-20T14:45:07.648190+00:00
2026-08-20,1633124eeb20fd6dff51c151adeeb077,Atlanta Dream @ Los Angeles Sparks,2026-08-21T02:00:00Z,Los Angeles Sparks,Atlanta Dream,Rae Burrell,,PR,OVER,29.5,880,DraftKings,draftkings,player_points_rebounds_alternate,the-odds-api,2026-08-20T14:45:07.648190+00:00
2026-08-20,1633124eeb20fd6dff51c151adeeb077,Atlanta Dream @ Los Angeles Sparks,2026-08-21T02:00:00Z,Los Angeles Sparks,Atlanta Dream,Jordin Canada,,PR,OVER,9.5,-690,DraftKings,draftkings,player_points_rebounds_alternate,the-odds-api,2026-08-20T14:45:07.648190+00:00
2026-08-20,1633124eeb20fd6dff51c151adeeb077,Atlanta Dream @ Los Angeles Sparks,2026-08-21T02:00:00Z,Los Angeles Sparks,Atlanta Dream,Jordin Canada,,PR,OVER,14.5,-134,DraftKings,draftkings,player_points_rebounds_alternate,the-odds-api,2026-08-20T14:45:07.648190+00:00
2026-08-20,1633124eeb20fd6dff51c151adeeb077,Atlanta Dream @ Los Angeles Sparks,2026-08-21T02:00:00Z,Los Angeles Sparks,Atlanta Dream,Jordin Canada,,PR,OVER,19.5,281,DraftKings,draftkings,player_points_rebounds_alternate,the-odds-api,2026-08-20T14:45:07.648190+00:00
2026-08-20,1633124eeb20fd6dff51c151adeeb077,Atlanta Dream @ Los Angeles Sparks,2026-08-21T02:00:00Z,Los Angeles Sparks,Atlanta Dream,Jordin Canada,,PR,OVER,24.5,980,DraftKings,draftkings,player_points_rebounds_alternate,the-odds-api,2026-08-20T14:45:07.648190+00:00
2026-08-20,1633124eeb20fd6dff51c151adeeb077,Atlanta Dream @ Los Angeles Sparks,2026-08-21T02:00:00Z,Los Angeles Sparks,Atlanta Dream,Naz Hillmon,,PR,OVER,9.5,-544,DraftKings,draftkings,player_points_rebounds_alternate,the-odds-api,2026-08-20T14:45:07.648190+00:00
2026-08-20,1633124eeb20fd6dff51c151adeeb077,Atlanta Dream @ Los Angeles Sparks,2026-08-21T02:00:00Z,Los Angeles Sparks,Atlanta Dream,Naz Hillmon,,PR,OVER,13.5,-133,DraftKings,draftkings,player_points_rebounds_alternate,the-odds-api,2026-08-20T14:45:07.648190+00:00
2026-08-20,1633124eeb20fd6dff51c151adeeb077,Atlanta Dream @ Los Angeles Sparks,2026-08-21T02:00:00Z,Los Angeles Sparks,Atlanta Dream,Naz Hillmon,,PR,OVER,14.5,101,DraftKings,draftkings,player_points_rebounds_alternate,the-odds-api,2026-08-20T14:45:07.648190+00:00
2026-08-20,1633124eeb20fd6dff51c151adeeb077,Atlanta Dream @ Los Angeles Sparks,2026-08-21T02:00:00Z,Los Angeles Sparks,Atlanta Dream,Naz Hillmon,,PR,OVER,19.5,417,DraftKings,draftkings,player_points_rebounds_alternate,the-odds-api,2026-08-20T14:45:07.648190+00:00
2026-08-20,1633124eeb20fd6dff51c151adeeb077,Atlanta Dream @ Los Angeles Sparks,2026-08-21T02:00:00Z,Los Angeles Sparks,Atlanta Dream,Naz Hillmon,,PR,OVER,24.5,1480,DraftKings,draftkings,player_points_rebounds_alternate,the-odds-api,2026-08-20T14:45:07.648190+00:00
2026-08-20,1633124eeb20fd6dff51c151adeeb077,Atlanta Dream @ Los Angeles Sparks,2026-08-21T02:00:00Z,Los Angeles Sparks,Atlanta Dream,Cameron Brink,,PR,OVER,9.5,-263,DraftKings,draftkings,player_points_rebounds_alternate,the-odds-api,2026-08-20T14:45:07.648190+00:00
2026-08-20,1633124eeb20fd6dff51c151adeeb077,Atlanta Dream @ Los Angeles Sparks,2026-08-21T02:00:00Z,Los Angeles Sparks,Atlanta Dream,Cameron Brink,,PR,OVER,11.5,-135,DraftKings,draftkings,player_points_rebounds_alternate,the-odds-api,2026-08-20T14:45:07.648190+00:00
2026-08-20,1633124eeb20fd6dff51c151adeeb077,Atlanta Dream @ Los Angeles Sparks,2026-08-21T02:00:00Z,Los Angeles Sparks,Atlanta Dream,Cameron Brink,,PR,OVER,14.5,188,DraftKings,draftkings,player_points_rebounds_alternate,the-odds-api,2026-08-20T14:45:07.648190+00:00
2026-08-20,1633124eeb20fd6dff51c151adeeb077,Atlanta Dream @ Los Angeles Sparks,2026-08-21T02:00:00Z,Los Angeles Sparks,Atlanta Dream,Cameron Brink,,PR,OVER,19.5,740,DraftKings,draftkings,player_points_rebounds_alternate,the-odds-api,2026-08-20T14:45:07.648190+00:00
2026-08-20,1633124eeb20fd6dff51c151adeeb077,Atlanta Dream @ Los Angeles Sparks,2026-08-21T02:00:00Z,Los Angeles Sparks,Atlanta Dream,Ariel Atkins,,PR,OVER,4.5,-2600,DraftKings,draftkings,player_points_rebounds_alternate,the-odds-api,2026-08-20T14:45:07.648190+00:00
2026-08-20,1633124eeb20fd6dff51c151adeeb077,Atlanta Dream @ Los Angeles Sparks,2026-08-21T02:00:00Z,Los Angeles Sparks,Atlanta Dream,Ariel Atkins,,PR,OVER,9.5,-210,DraftKings,draftkings,player_points_rebounds_alternate,the-odds-api,2026-08-20T14:45:07.648190+00:00
2026-08-20,1633124eeb20fd6dff51c151adeeb077,Atlanta Dream @ Los Angeles Sparks,2026-08-21T02:00:00Z,Los Angeles Sparks,Atlanta Dream,Ariel Atkins,,PR,OVER,11.5,-110,DraftKings,draftkings,player_points_rebounds_alternate,the-odds-api,2026-08-20T14:45:07.648190+00:00
2026-08-20,1633124eeb20fd6dff51c151adeeb077,Atlanta Dream @ Los Angeles Sparks,2026-08-21T02:00:00Z,Los Angeles Sparks,Atlanta Dream,Ariel Atkins,,PR,OVER,14.5,222,DraftKings,draftkings,player_points_rebounds_alternate,the-odds-api,2026-08-20T14:45:07.648190+00:00
2026-08-20,1633124eeb20fd6dff51c151adeeb077,Atlanta Dream @ Los Angeles Sparks,2026-08-21T02:00:00Z,Los Angeles Sparks,Atlanta Dream,Ariel Atkins,,PR,OVER,19.5,860,DraftKings,draftkings,player_points_rebounds_alternate,the-odds-api,2026-08-20T14:45:07.648190+00:00
2026-08-20,1633124eeb20fd6dff51c151adeeb077,Atlanta Dream @ Los Angeles Sparks,2026-08-21T02:00:00Z,Los Angeles Sparks,Atlanta Dream,Erica Wheeler,,PR,OVER,4.5,-1640,DraftKings,draftkings,player_points_rebounds_alternate,the-odds-api,2026-08-20T14:45:07.648190+00:00
2026-08-20,1633124eeb20fd6dff51c151adeeb077,Atlanta Dream @ Los Angeles Sparks,2026-08-21T02:00:00Z,Los Angeles Sparks,Atlanta Dream,Erica Wheeler,,PR,OVER,9.5,-159,DraftKings,draftkings,player_points_rebounds_alternate,the-odds-api,2026-08-20T14:45:07.648190+00:00
2026-08-20,1633124eeb20fd6dff51c151adeeb077,Atlanta Dream @ Los Angeles Sparks,2026-08-21T02:00:00Z,Los Angeles Sparks,Atlanta Dream,Erica Wheeler,,PR,OVER,10.5,-114,DraftKings,draftkings,player_points_rebounds_alternate,the-odds-api,2026-08-20T14:45:07.648190+00:00
2026-08-20,1633124eeb20fd6dff51c151adeeb077,Atlanta Dream @ Los Angeles Sparks,2026-08-21T02:00:00Z,Los Angeles Sparks,Atlanta Dream,Erica Wheeler,,PR,OVER,14.5,288,DraftKings,draftkings,player_points_rebounds_alternate,the-odds-api,2026-08-20T14:45:07.648190+00:00
2026-08-20,1633124eeb20fd6dff51c151adeeb077,Atlanta Dream @ Los Angeles Sparks,2026-08-21T02:00:00Z,Los Angeles Sparks,Atlanta Dream,Erica Wheeler,,PR,OVER,19.5,1120,DraftKings,draftkings,player_points_rebounds_alternate,the-odds-api,2026-08-20T14:45:07.648190+00:00
2026-08-20,1633124eeb20fd6dff51c151adeeb077,Atlanta Dream @ Los Angeles Sparks,2026-08-21T02:00:00Z,Los Angeles Sparks,Atlanta Dream,Angel Reese,,PRA,OVER,24.5,-650,DraftKings,draftkings,player_points_rebounds_assists_alternate,the-odds-api,2026-08-20T14:45:07.648190+00:00
2026-08-20,1633124eeb20fd6dff51c151adeeb077,Atlanta Dream @ Los Angeles Sparks,2026-08-21T02:00:00Z,Los Angeles Sparks,Atlanta Dream,Angel Reese,,PRA,OVER,29.5,-200,DraftKings,draftkings,player_points_rebounds_assists_alternate,the-odds-api,2026-08-20T14:45:07.648190+00:00
2026-08-20,1633124eeb20fd6dff51c151adeeb077,Atlanta Dream @ Los Angeles Sparks,2026-08-21T02:00:00Z,Los Angeles Sparks,Atlanta Dream,Angel Reese,,PRA,OVER,32.5,-106,DraftKings,draftkings,player_points_rebounds_assists_alternate,the-odds-api,2026-08-20T14:45:07.648190+00:00
2026-08-20,1633124eeb20fd6dff51c151adeeb077,Atlanta Dream @ Los Angeles Sparks,2026-08-21T02:00:00Z,Los Angeles Sparks,Atlanta Dream,Angel Reese,,PRA,OVER,34.5,141,DraftKings,draftkings,player_points_rebounds_assists_alternate,the-odds-api,2026-08-20T14:45:07.648190+00:00
2026-08-20,1633124eeb20fd6dff51c151adeeb077,Atlanta Dream @ Los Angeles Sparks,2026-08-21T02:00:00Z,Los Angeles Sparks,Atlanta Dream,Angel Reese,,PRA,OVER,39.5,382,DraftKings,draftkings,player_points_rebounds_assists_alternate,the-odds-api,2026-08-20T14:45:07.648190+00:00
2026-08-20,1633124eeb20fd6dff51c151adeeb077,Atlanta Dream @ Los Angeles Sparks,2026-08-21T02:00:00Z,Los Angeles Sparks,Atlanta Dream,Angel Reese,,PRA,OVER,44.5,1000,DraftKings,draftkings,player_points_rebounds_assists_alternate,the-odds-api,2026-08-20T14:45:07.648190+00:00
2026-08-20,1633124eeb20fd6dff51c151adeeb077,Atlanta Dream @ Los Angeles Sparks,2026-08-21T02:00:00Z,Los Angeles Sparks,Atlanta Dream,Rhyne Howard,,PRA,OVER,14.5,-3000,DraftKings,draftkings,player_points_rebounds_assists_alternate,the-odds-api,2026-08-20T14:45:07.648190+00:00
2026-08-20,1633124eeb20fd6dff51c151adeeb077,Atlanta Dream @ Los Angeles Sparks,2026-08-21T02:00:00Z,Los Angeles Sparks,Atlanta Dream,Rhyne Howard,,PRA,OVER,19.5,-535,DraftKings,draftkings,player_points_rebounds_assists_alternate,the-odds-api,2026-08-20T14:45:07.648190+00:00
2026-08-20,1633124eeb20fd6dff51c151adeeb077,Atlanta Dream @ Los Angeles Sparks,2026-08-21T02:00:00Z,Los Angeles Sparks,Atlanta Dream,Rhyne Howard,,PRA,OVER,24.5,-169,DraftKings,draftkings,player_points_rebounds_assists_alternate,the-odds-api,2026-08-20T14:45:07.648190+00:00
2026-08-20,1633124eeb20fd6dff51c151adeeb077,Atlanta Dream @ Los Angeles Sparks,2026-08-21T02:00:00Z,Los Angeles Sparks,Atlanta Dream,Rhyne Howard,,PRA,OVER,26.5,-112,DraftKings,draftkings,player_points_rebounds_assists_alternate,the-odds-api,2026-08-20T14:45:07.648190+00:00
2026-08-20,1633124eeb20fd6dff51c151adeeb077,Atlanta Dream @ Los Angeles Sparks,2026-08-21T02:00:00Z,Los Angeles Sparks,Atlanta Dream,Rhyne Howard,,PRA,OVER,29.5,163,DraftKings,draftkings,player_points_rebounds_assists_alternate,the-odds-api,2026-08-20T14:45:07.648190+00:00
2026-08-20,1633124eeb20fd6dff51c151adeeb077,Atlanta Dream @ Los Angeles Sparks,2026-08-21T02:00:00Z,Los Angeles Sparks,Atlanta Dream,Rhyne Howard,,PRA,OVER,34.5,426,DraftKings,draftkings,player_points_rebounds_assists_alternate,the-odds-api,2026-08-20T14:45:07.648190+00:00
2026-08-20,1633124eeb20fd6dff51c151adeeb077,Atlanta Dream @ Los Angeles Sparks,2026-08-21T02:00:00Z,Los Angeles Sparks,Atlanta Dream,Rhyne Howard,,PRA,OVER,39.5,1100,DraftKings,draftkings,player_points_rebounds_assists_alternate,the-odds-api,2026-08-20T14:45:07.648190+00:00
2026-08-20,1633124eeb20fd6dff51c151adeeb077,Atlanta Dream @ Los Angeles Sparks,2026-08-21T02:00:00Z,Los Angeles Sparks,Atlanta Dream,Nneka Ogwumike,,PRA,OVER,19.5,-552,DraftKings,draftkings,player_points_rebounds_assists_alternate,the-odds-api,2026-08-20T14:45:07.648190+00:00
2026-08-20,1633124eeb20fd6dff51c151adeeb077,Atlanta Dream @ Los Angeles Sparks,2026-08-21T02:00:00Z,Los Angeles Sparks,Atlanta Dream,Nneka Ogwumike,,PRA,OVER,24.5,-163,DraftKings,draftkings,player_points_rebounds_assists_alternate,the-odds-api,2026-08-20T14:45:07.648190+00:00
2026-08-20,1633124eeb20fd6dff51c151adeeb077,Atlanta Dream @ Los Angeles Sparks,2026-08-21T02:00:00Z,Los Angeles Sparks,Atlanta Dream,Nneka Ogwumike,,PRA,OVER,26.5,-106,DraftKings,draftkings,player_points_rebounds_assists_alternate,the-odds-api,2026-08-20T14:45:07.648190+00:00
2026-08-20,1633124eeb20fd6dff51c151adeeb077,Atlanta Dream @ Los Angeles Sparks,2026-08-21T02:00:00Z,Los Angeles Sparks,Atlanta Dream,Nneka Ogwumike,,PRA,OVER,29.5,171,DraftKings,draftkings,player_points_rebounds_assists_alternate,the-odds-api,2026-08-20T14:45:07.648190+00:00
2026-08-20,1633124eeb20fd6dff51c151adeeb077,Atlanta Dream @ Los Angeles Sparks,2026-08-21T02:00:00Z,Los Angeles Sparks,Atlanta Dream,Nneka Ogwumike,,PRA,OVER,34.5,455,DraftKings,draftkings,player_points_rebounds_assists_alternate,the-odds-api,2026-08-20T14:45:07.648190+00:00
2026-08-20,1633124eeb20fd6dff51c151adeeb077,Atlanta Dream @ Los Angeles Sparks,2026-08-21T02:00:00Z,Los Angeles Sparks,Atlanta Dream,Nneka Ogwumike,,PRA,OVER,39.5,1180,DraftKings,draftkings,player_points_rebounds_assists_alternate,the-odds-api,2026-08-20T14:45:07.648190+00:00
2026-08-20,1633124eeb20fd6dff51c151adeeb077,Atlanta Dream @ Los Angeles Sparks,2026-08-21T02:00:00Z,Los Angeles Sparks,Atlanta Dream,Allisha Gray,,PRA,OVER,14.5,-3200,DraftKings,draftkings,player_points_rebounds_assists_alternate,the-odds-api,2026-08-20T14:45:07.648190+00:00
2026-08-20,1633124eeb20fd6dff51c151adeeb077,Atlanta Dream @ Los Angeles Sparks,2026-08-21T02:00:00Z,Los Angeles Sparks,Atlanta Dream,Allisha Gray,,PRA,OVER,19.5,-506,DraftKings,draftkings,player_points_rebounds_assists_alternate,the-odds-api,2026-08-20T14:45:07.648190+00:00
2026-08-20,1633124eeb20fd6dff51c151adeeb077,Atlanta Dream @ Los Angeles Sparks,2026-08-21T02:00:00Z,Los Angeles Sparks,Atlanta Dream,Allisha Gray,,PRA,OVER,24.5,-147,DraftKings,draftkings,player_points_rebounds_assists_alternate,the-odds-api,2026-08-20T14:45:07.648190+00:00
2026-08-20,1633124eeb20fd6dff51c151adeeb077,Atlanta Dream @ Los Angeles Sparks,2026-08-21T02:00:00Z,Los Angeles Sparks,Atlanta Dream,Allisha Gray,,PRA,OVER,25.5,-118,DraftKings,draftkings,player_points_rebounds_assists_alternate,the-odds-api,2026-08-20T14:45:07.648190+00:00
2026-08-20,1633124eeb20fd6dff51c151adeeb077,Atlanta Dream @ Los Angeles Sparks,2026-08-21T02:00:00Z,Los Angeles Sparks,Atlanta Dream,Allisha Gray,,PRA,OVER,29.5,198,DraftKings,draftkings,player_points_rebounds_assists_alternate,the-odds-api,2026-08-20T14:45:07.648190+00:00
2026-08-20,1633124eeb20fd6dff51c151adeeb077,Atlanta Dream @ Los Angeles Sparks,2026-08-21T02:00:00Z,Los Angeles Sparks,Atlanta Dream,Allisha Gray,,PRA,OVER,34.5,531,DraftKings,draftkings,player_points_rebounds_assists_alternate,the-odds-api,2026-08-20T14:45:07.648190+00:00
2026-08-20,1633124eeb20fd6dff51c151adeeb077,Atlanta Dream @ Los Angeles Sparks,2026-08-21T02:00:00Z,Los Angeles Sparks,Atlanta Dream,Allisha Gray,,PRA,OVER,39.5,1420,DraftKings,draftkings,player_points_rebounds_assists_alternate,the-odds-api,2026-08-20T14:45:07.648190+00:00
2026-08-20,1633124eeb20fd6dff51c151adeeb077,Atlanta Dream @ Los Angeles Sparks,2026-08-21T02:00:00Z,Los Angeles Sparks,Atlanta Dream,Dearica Hamby,,PRA,OVER,14.5,-1760,DraftKings,draftkings,player_points_rebounds_assists_alternate,the-odds-api,2026-08-20T14:45:07.648190+00:00
2026-08-20,1633124eeb20fd6dff51c151adeeb077,Atlanta Dream @ Los Angeles Sparks,2026-08-21T02:00:00Z,Los Angeles Sparks,Atlanta Dream,Dearica Hamby,,PRA,OVER,19.5,-334,DraftKings,draftkings,player_points_rebounds_assists_alternate,the-odds-api,2026-08-20T14:45:07.648190+00:00
2026-08-20,1633124eeb20fd6dff51c151adeeb077,Atlanta Dream @ Los Angeles Sparks,2026-08-21T02:00:00Z,Los Angeles Sparks,Atlanta Dream,Dearica Hamby,,PRA,OVER,23.5,-129,DraftKings,draftkings,player_points_rebounds_assists_alternate,the-odds-api,2026-08-20T14:45:07.648190+00:00
2026-08-20,1633124eeb20fd6dff51c151adeeb077,Atlanta Dream @ Los Angeles Sparks,2026-08-21T02:00:00Z,Los Angeles Sparks,Atlanta Dream,Dearica Hamby,,PRA,OVER,24.5,-104,DraftKings,draftkings,player_points_rebounds_assists_alternate,the-odds-api,2026-08-20T14:45:07.648190+00:00
2026-08-20,1633124eeb20fd6dff51c151adeeb077,Atlanta Dream @ Los Angeles Sparks,2026-08-21T02:00:00Z,Los Angeles Sparks,Atlanta Dream,Dearica Hamby,,PRA,OVER,29.5,273,DraftKings,draftkings,player_points_rebounds_assists_alternate,the-odds-api,2026-08-20T14:45:07.648190+00:00
2026-08-20,1633124eeb20fd6dff51c151adeeb077,Atlanta Dream @ Los Angeles Sparks,2026-08-21T02:00:00Z,Los Angeles Sparks,Atlanta Dream,Dearica Hamby,,PRA,OVER,34.5,750,DraftKings,draftkings,player_points_rebounds_assists_alternate,the-odds-api,2026-08-20T14:45:07.648190+00:00
2026-08-20,1633124eeb20fd6dff51c151adeeb077,Atlanta Dream @ Los Angeles Sparks,2026-08-21T02:00:00Z,Los Angeles Sparks,Atlanta Dream,Rae Burrell,,PRA,OVER,14.5,-830,DraftKings,draftkings,player_points_rebounds_assists_alternate,the-odds-api,2026-08-20T14:45:07.648190+00:00
2026-08-20,1633124eeb20fd6dff51c151adeeb077,Atlanta Dream @ Los Angeles Sparks,2026-08-21T02:00:00Z,Los Angeles Sparks,Atlanta Dream,Rae Burrell,,PRA,OVER,19.5,-204,DraftKings,draftkings,player_points_rebounds_assists_alternate,the-odds-api,2026-08-20T14:45:07.648190+00:00
2026-08-20,1633124eeb20fd6dff51c151adeeb077,Atlanta Dream @ Los Angeles Sparks,2026-08-21T02:00:00Z,Los Angeles Sparks,Atlanta Dream,Rae Burrell,,PRA,OVER,21.5,-128,DraftKings,draftkings,player_points_rebounds_assists_alternate,the-odds-api,2026-08-20T14:45:07.648190+00:00
2026-08-20,1633124eeb20fd6dff51c151adeeb077,Atlanta Dream @ Los Angeles Sparks,2026-08-21T02:00:00Z,Los Angeles Sparks,Atlanta Dream,Rae Burrell,,PRA,OVER,24.5,148,DraftKings,draftkings,player_points_rebounds_assists_alternate,the-odds-api,2026-08-20T14:45:07.648190+00:00
2026-08-20,1633124eeb20fd6dff51c151adeeb077,Atlanta Dream @ Los Angeles Sparks,2026-08-21T02:00:00Z,Los Angeles Sparks,Atlanta Dream,Rae Burrell,,PRA,OVER,29.5,420,DraftKings,draftkings,player_points_rebounds_assists_alternate,the-odds-api,2026-08-20T14:45:07.648190+00:00
2026-08-20,1633124eeb20fd6dff51c151adeeb077,Atlanta Dream @ Los Angeles Sparks,2026-08-21T02:00:00Z,Los Angeles Sparks,Atlanta Dream,Rae Burrell,,PRA,OVER,34.5,1140,DraftKings,draftkings,player_points_rebounds_assists_alternate,the-odds-api,2026-08-20T14:45:07.648190+00:00
2026-08-20,1633124eeb20fd6dff51c151adeeb077,Atlanta Dream @ Los Angeles Sparks,2026-08-21T02:00:00Z,Los Angeles Sparks,Atlanta Dream,Jordin Canada,,PRA,OVER,14.5,-1900,DraftKings,draftkings,player_points_rebounds_assists_alternate,the-odds-api,2026-08-20T14:45:07.648190+00:00
2026-08-20,1633124eeb20fd6dff51c151adeeb077,Atlanta Dream @ Los Angeles Sparks,2026-08-21T02:00:00Z,Los Angeles Sparks,Atlanta Dream,Jordin Canada,,PRA,OVER,19.5,-311,DraftKings,draftkings,player_points_rebounds_assists_alternate,the-odds-api,2026-08-20T14:45:07.648190+00:00
2026-08-20,1633124eeb20fd6dff51c151adeeb077,Atlanta Dream @ Los Angeles Sparks,2026-08-21T02:00:00Z,Los Angeles Sparks,Atlanta Dream,Jordin Canada,,PRA,OVER,23.5,-107,DraftKings,draftkings,player_points_rebounds_assists_alternate,the-odds-api,2026-08-20T14:45:07.648190+00:00
2026-08-20,1633124eeb20fd6dff51c151adeeb077,Atlanta Dream @ Los Angeles Sparks,2026-08-21T02:00:00Z,Los Angeles Sparks,Atlanta Dream,Jordin Canada,,PRA,OVER,24.5,119,DraftKings,draftkings,player_points_rebounds_assists_alternate,the-odds-api,2026-08-20T14:45:07.648190+00:00
2026-08-20,1633124eeb20fd6dff51c151adeeb077,Atlanta Dream @ Los Angeles Sparks,2026-08-21T02:00:00Z,Los Angeles Sparks,Atlanta Dream,Jordin Canada,,PRA,OVER,29.5,386,DraftKings,draftkings,player_points_rebounds_assists_alternate,the-odds-api,2026-08-20T14:45:07.648190+00:00
2026-08-20,1633124eeb20fd6dff51c151adeeb077,Atlanta Dream @ Los Angeles Sparks,2026-08-21T02:00:00Z,Los Angeles Sparks,Atlanta Dream,Jordin Canada,,PRA,OVER,34.5,1220,DraftKings,draftkings,player_points_rebounds_assists_alternate,the-odds-api,2026-08-20T14:45:07.648190+00:00
2026-08-20,1633124eeb20fd6dff51c151adeeb077,Atlanta Dream @ Los Angeles Sparks,2026-08-21T02:00:00Z,Los Angeles Sparks,Atlanta Dream,Naz Hillmon,,PRA,OVER,9.5,-1020,DraftKings,draftkings,player_points_rebounds_assists_alternate,the-odds-api,2026-08-20T14:45:07.648190+00:00
2026-08-20,1633124eeb20fd6dff51c151adeeb077,Atlanta Dream @ Los Angeles Sparks,2026-08-21T02:00:00Z,Los Angeles Sparks,Atlanta Dream,Naz Hillmon,,PRA,OVER,14.5,-157,DraftKings,draftkings,player_points_rebounds_assists_alternate,the-odds-api,2026-08-20T14:45:07.648190+00:00
2026-08-20,1633124eeb20fd6dff51c151adeeb077,Atlanta Dream @ Los Angeles Sparks,2026-08-21T02:00:00Z,Los Angeles Sparks,Atlanta Dream,Naz Hillmon,,PRA,OVER,15.5,-116,DraftKings,draftkings,player_points_rebounds_assists_alternate,the-odds-api,2026-08-20T14:45:07.648190+00:00
2026-08-20,1633124eeb20fd6dff51c151adeeb077,Atlanta Dream @ Los Angeles Sparks,2026-08-21T02:00:00Z,Los Angeles Sparks,Atlanta Dream,Naz Hillmon,,PRA,OVER,19.5,267,DraftKings,draftkings,player_points_rebounds_assists_alternate,the-odds-api,2026-08-20T14:45:07.648190+00:00
2026-08-20,1633124eeb20fd6dff51c151adeeb077,Atlanta Dream @ Los Angeles Sparks,2026-08-21T02:00:00Z,Los Angeles Sparks,Atlanta Dream,Naz Hillmon,,PRA,OVER,24.5,990,DraftKings,draftkings,player_points_rebounds_assists_alternate,the-odds-api,2026-08-20T14:45:07.648190+00:00
2026-08-20,1633124eeb20fd6dff51c151adeeb077,Atlanta Dream @ Los Angeles Sparks,2026-08-21T02:00:00Z,Los Angeles Sparks,Atlanta Dream,Erica Wheeler,,PRA,OVER,9.5,-920,DraftKings,draftkings,player_points_rebounds_assists_alternate,the-odds-api,2026-08-20T14:45:07.648190+00:00
2026-08-20,1633124eeb20fd6dff51c151adeeb077,Atlanta Dream @ Los Angeles Sparks,2026-08-21T02:00:00Z,Los Angeles Sparks,Atlanta Dream,Erica Wheeler,,PRA,OVER,14.5,-145,DraftKings,draftkings,player_points_rebounds_assists_alternate,the-odds-api,2026-08-20T14:45:07.648190+00:00
2026-08-20,1633124eeb20fd6dff51c151adeeb077,Atlanta Dream @ Los Angeles Sparks,2026-08-21T02:00:00Z,Los Angeles Sparks,Atlanta Dream,Erica Wheeler,,PRA,OVER,15.5,-108,DraftKings,draftkings,player_points_rebounds_assists_alternate,the-odds-api,2026-08-20T14:45:07.648190+00:00
2026-08-20,1633124eeb20fd6dff51c151adeeb077,Atlanta Dream @ Los Angeles Sparks,2026-08-21T02:00:00Z,Los Angeles Sparks,Atlanta Dream,Erica Wheeler,,PRA,OVER,19.5,280,DraftKings,draftkings,player_points_rebounds_assists_alternate,the-odds-api,2026-08-20T14:45:07.648190+00:00
2026-08-20,1633124eeb20fd6dff51c151adeeb077,Atlanta Dream @ Los Angeles Sparks,2026-08-21T02:00:00Z,Los Angeles Sparks,Atlanta Dream,Erica Wheeler,,PRA,OVER,24.5,1000,DraftKings,draftkings,player_points_rebounds_assists_alternate,the-odds-api,2026-08-20T14:45:07.648190+00:00
2026-08-20,1633124eeb20fd6dff51c151adeeb077,Atlanta Dream @ Los Angeles Sparks,2026-08-21T02:00:00Z,Los Angeles Sparks,Atlanta Dream,Ariel Atkins,,PRA,OVER,9.5,-620,DraftKings,draftkings,player_points_rebounds_assists_alternate,the-odds-api,2026-08-20T14:45:07.648190+00:00
2026-08-20,1633124eeb20fd6dff51c151adeeb077,Atlanta Dream @ Los Angeles Sparks,2026-08-21T02:00:00Z,Los Angeles Sparks,Atlanta Dream,Ariel Atkins,,PRA,OVER,14.5,-113,DraftKings,draftkings,player_points_rebounds_assists_alternate,the-odds-api,2026-08-20T14:45:07.648190+00:00
2026-08-20,1633124eeb20fd6dff51c151adeeb077,Atlanta Dream @ Los Angeles Sparks,2026-08-21T02:00:00Z,Los Angeles Sparks,Atlanta Dream,Ariel Atkins,,PRA,OVER,19.5,349,DraftKings,draftkings,player_points_rebounds_assists_alternate,the-odds-api,2026-08-20T14:45:07.648190+00:00
2026-08-20,1633124eeb20fd6dff51c151adeeb077,Atlanta Dream @ Los Angeles Sparks,2026-08-21T02:00:00Z,Los Angeles Sparks,Atlanta Dream,Ariel Atkins,,PRA,OVER,24.5,1220,DraftKings,draftkings,player_points_rebounds_assists_alternate,the-odds-api,2026-08-20T14:45:07.648190+00:00
2026-08-20,1633124eeb20fd6dff51c151adeeb077,Atlanta Dream @ Los Angeles Sparks,2026-08-21T02:00:00Z,Los Angeles Sparks,Atlanta Dream,Cameron Brink,,PRA,OVER,9.5,-399,DraftKings,draftkings,player_points_rebounds_assists_alternate,the-odds-api,2026-08-20T14:45:07.648190+00:00
2026-08-20,1633124eeb20fd6dff51c151adeeb077,Atlanta Dream @ Los Angeles Sparks,2026-08-21T02:00:00Z,Los Angeles Sparks,Atlanta Dream,Cameron Brink,,PRA,OVER,13.5,-102,DraftKings,draftkings,player_points_rebounds_assists_alternate,the-odds-api,2026-08-20T14:45:07.648190+00:00
2026-08-20,1633124eeb20fd6dff51c151adeeb077,Atlanta Dream @ Los Angeles Sparks,2026-08-21T02:00:00Z,Los Angeles Sparks,Atlanta Dream,Cameron Brink,,PRA,OVER,14.5,133,DraftKings,draftkings,player_points_rebounds_assists_alternate,the-odds-api,2026-08-20T14:45:07.648190+00:00
2026-08-20,1633124eeb20fd6dff51c151adeeb077,Atlanta Dream @ Los Angeles Sparks,2026-08-21T02:00:00Z,Los Angeles Sparks,Atlanta Dream,Cameron Brink,,PRA,OVER,19.5,529,DraftKings,draftkings,player_points_rebounds_assists_alternate,the-odds-api,2026-08-20T14:45:07.648190+00:00
2026-08-20,1633124eeb20fd6dff51c151adeeb077,Atlanta Dream @ Los Angeles Sparks,2026-08-21T02:00:00Z,Los Angeles Sparks,Atlanta Dream,Cameron Brink,,PRA,OVER,24.5,1680,DraftKings,draftkings,player_points_rebounds_assists_alternate,the-odds-api,2026-08-20T14:45:07.648190+00:00
2026-08-20,1633124eeb20fd6dff51c151adeeb077,Atlanta Dream @ Los Angeles Sparks,2026-08-21T02:00:00Z,Los Angeles Sparks,Atlanta Dream,Angel Reese,,REB,OVER,7.5,-1740,DraftKings,draftkings,player_rebounds_alternate,the-odds-api,2026-08-20T14:45:07.648190+00:00
2026-08-20,1633124eeb20fd6dff51c151adeeb077,Atlanta Dream @ Los Angeles Sparks,2026-08-21T02:00:00Z,Los Angeles Sparks,Atlanta Dream,Angel Reese,,REB,OVER,8.5,-880,DraftKings,draftkings,player_rebounds_alternate,the-odds-api,2026-08-20T14:45:07.648190+00:00
2026-08-20,1633124eeb20fd6dff51c151adeeb077,Atlanta Dream @ Los Angeles Sparks,2026-08-21T02:00:00Z,Los Angeles Sparks,Atlanta Dream,Angel Reese,,REB,OVER,9.5,-494,DraftKings,draftkings,player_rebounds_alternate,the-odds-api,2026-08-20T14:45:07.648190+00:00
2026-08-20,1633124eeb20fd6dff51c151adeeb077,Atlanta Dream @ Los Angeles Sparks,2026-08-21T02:00:00Z,Los Angeles Sparks,Atlanta Dream,Angel Reese,,REB,OVER,10.5,-305,DraftKings,draftkings,player_rebounds_alternate,the-odds-api,2026-08-20T14:45:07.648190+00:00
2026-08-20,1633124eeb20fd6dff51c151adeeb077,Atlanta Dream @ Los Angeles Sparks,2026-08-21T02:00:00Z,Los Angeles Sparks,Atlanta Dream,Angel Reese,,REB,OVER,11.5,-198,DraftKings,draftkings,player_rebounds_alternate,the-odds-api,2026-08-20T14:45:07.648190+00:00
2026-08-20,1633124eeb20fd6dff51c151adeeb077,Atlanta Dream @ Los Angeles Sparks,2026-08-21T02:00:00Z,Los Angeles Sparks,Atlanta Dream,Angel Reese,,REB,OVER,12.5,-131,DraftKings,draftkings,player_rebounds_alternate,the-odds-api,2026-08-20T14:45:07.648190+00:00
2026-08-20,1633124eeb20fd6dff51c151adeeb077,Atlanta Dream @ Los Angeles Sparks,2026-08-21T02:00:00Z,Los Angeles Sparks,Atlanta Dream,Angel Reese,,REB,OVER,13.5,113,DraftKings,draftkings,player_rebounds_alternate,the-odds-api,2026-08-20T14:45:07.648190+00:00
2026-08-20,1633124eeb20fd6dff51c151adeeb077,Atlanta Dream @ Los Angeles Sparks,2026-08-21T02:00:00Z,Los Angeles Sparks,Atlanta Dream,Angel Reese,,REB,OVER,14.5,165,DraftKings,draftkings,player_rebounds_alternate,the-odds-api,2026-08-20T14:45:07.648190+00:00
2026-08-20,1633124eeb20fd6dff51c151adeeb077,Atlanta Dream @ Los Angeles Sparks,2026-08-21T02:00:00Z,Los Angeles Sparks,Atlanta Dream,Angel Reese,,REB,OVER,15.5,240,DraftKings,draftkings,player_rebounds_alternate,the-odds-api,2026-08-20T14:45:07.648190+00:00
2026-08-20,1633124eeb20fd6dff51c151adeeb077,Atlanta Dream @ Los Angeles Sparks,2026-08-21T02:00:00Z,Los Angeles Sparks,Atlanta Dream,Angel Reese,,REB,OVER,16.5,345,DraftKings,draftkings,player_rebounds_alternate,the-odds-api,2026-08-20T14:45:07.648190+00:00
2026-08-20,1633124eeb20fd6dff51c151adeeb077,Atlanta Dream @ Los Angeles Sparks,2026-08-21T02:00:00Z,Los Angeles Sparks,Atlanta Dream,Angel Reese,,REB,OVER,17.5,494,DraftKings,draftkings,player_rebounds_alternate,the-odds-api,2026-08-20T14:45:07.648190+00:00
2026-08-20,1633124eeb20fd6dff51c151adeeb077,Atlanta Dream @ Los Angeles Sparks,2026-08-21T02:00:00Z,Los Angeles Sparks,Atlanta Dream,Angel Reese,,REB,OVER,18.5,720,DraftKings,draftkings,player_rebounds_alternate,the-odds-api,2026-08-20T14:45:07.648190+00:00
2026-08-20,1633124eeb20fd6dff51c151adeeb077,Atlanta Dream @ Los Angeles Sparks,2026-08-21T02:00:00Z,Los Angeles Sparks,Atlanta Dream,Angel Reese,,REB,OVER,19.5,1020,DraftKings,draftkings,player_rebounds_alternate,the-odds-api,2026-08-20T14:45:07.648190+00:00
2026-08-20,1633124eeb20fd6dff51c151adeeb077,Atlanta Dream @ Los Angeles Sparks,2026-08-21T02:00:00Z,Los Angeles Sparks,Atlanta Dream,Nneka Ogwumike,,REB,OVER,4.5,-1140,DraftKings,draftkings,player_rebounds_alternate,the-odds-api,2026-08-20T14:45:07.648190+00:00
2026-08-20,1633124eeb20fd6dff51c151adeeb077,Atlanta Dream @ Los Angeles Sparks,2026-08-21T02:00:00Z,Los Angeles Sparks,Atlanta Dream,Nneka Ogwumike,,REB,OVER,5.5,-502,DraftKings,draftkings,player_rebounds_alternate,the-odds-api,2026-08-20T14:45:07.648190+00:00
2026-08-20,1633124eeb20fd6dff51c151adeeb077,Atlanta Dream @ Los Angeles Sparks,2026-08-21T02:00:00Z,Los Angeles Sparks,Atlanta Dream,Nneka Ogwumike,,REB,OVER,6.5,-263,DraftKings,draftkings,player_rebounds_alternate,the-odds-api,2026-08-20T14:45:07.648190+00:00
2026-08-20,1633124eeb20fd6dff51c151adeeb077,Atlanta Dream @ Los Angeles Sparks,2026-08-21T02:00:00Z,Los Angeles Sparks,Atlanta Dream,Nneka Ogwumike,,REB,OVER,7.5,-150,DraftKings,draftkings,player_rebounds_alternate,the-odds-api,2026-08-20T14:45:07.648190+00:00
2026-08-20,1633124eeb20fd6dff51c151adeeb077,Atlanta Dream @ Los Angeles Sparks,2026-08-21T02:00:00Z,Los Angeles Sparks,Atlanta Dream,Nneka Ogwumike,,REB,OVER,8.5,112,DraftKings,draftkings,player_rebounds_alternate,the-odds-api,2026-08-20T14:45:07.648190+00:00
2026-08-20,1633124eeb20fd6dff51c151adeeb077,Atlanta Dream @ Los Angeles Sparks,2026-08-21T02:00:00Z,Los Angeles Sparks,Atlanta Dream,Nneka Ogwumike,,REB,OVER,9.5,185,DraftKings,draftkings,player_rebounds_alternate,the-odds-api,2026-08-20T14:45:07.648190+00:00
2026-08-20,1633124eeb20fd6dff51c151adeeb077,Atlanta Dream @ Los Angeles Sparks,2026-08-21T02:00:00Z,Los Angeles Sparks,Atlanta Dream,Nneka Ogwumike,,REB,OVER,10.5,300,DraftKings,draftkings,player_rebounds_alternate,the-odds-api,2026-08-20T14:45:07.648190+00:00
2026-08-20,1633124eeb20fd6dff51c151adeeb077,Atlanta Dream @ Los Angeles Sparks,2026-08-21T02:00:00Z,Los Angeles Sparks,Atlanta Dream,Nneka Ogwumike,,REB,OVER,11.5,482,DraftKings,draftkings,player_rebounds_alternate,the-odds-api,2026-08-20T14:45:07.648190+00:00
2026-08-20,1633124eeb20fd6dff51c151adeeb077,Atlanta Dream @ Los Angeles Sparks,2026-08-21T02:00:00Z,Los Angeles Sparks,Atlanta Dream,Nneka Ogwumike,,REB,OVER,12.5,770,DraftKings,draftkings,player_rebounds_alternate,the-odds-api,2026-08-20T14:45:07.648190+00:00
2026-08-20,1633124eeb20fd6dff51c151adeeb077,Atlanta Dream @ Los Angeles Sparks,2026-08-21T02:00:00Z,Los Angeles Sparks,Atlanta Dream,Nneka Ogwumike,,REB,OVER,13.5,1220,DraftKings,draftkings,player_rebounds_alternate,the-odds-api,2026-08-20T14:45:07.648190+00:00
2026-08-20,1633124eeb20fd6dff51c151adeeb077,Atlanta Dream @ Los Angeles Sparks,2026-08-21T02:00:00Z,Los Angeles Sparks,Atlanta Dream,Dearica Hamby,,REB,OVER,3.5,-1160,DraftKings,draftkings,player_rebounds_alternate,the-odds-api,2026-08-20T14:45:07.648190+00:00
2026-08-20,1633124eeb20fd6dff51c151adeeb077,Atlanta Dream @ Los Angeles Sparks,2026-08-21T02:00:00Z,Los Angeles Sparks,Atlanta Dream,Dearica Hamby,,REB,OVER,4.5,-481,DraftKings,draftkings,player_rebounds_alternate,the-odds-api,2026-08-20T14:45:07.648190+00:00
2026-08-20,1633124eeb20fd6dff51c151adeeb077,Atlanta Dream @ Los Angeles Sparks,2026-08-21T02:00:00Z,Los Angeles Sparks,Atlanta Dream,Dearica Hamby,,REB,OVER,5.5,-232,DraftKings,draftkings,player_rebounds_alternate,the-odds-api,2026-08-20T14:45:07.648190+00:00
2026-08-20,1633124eeb20fd6dff51c151adeeb077,Atlanta Dream @ Los Angeles Sparks,2026-08-21T02:00:00Z,Los Angeles Sparks,Atlanta Dream,Dearica Hamby,,REB,OVER,6.5,-125,DraftKings,draftkings,player_rebounds_alternate,the-odds-api,2026-08-20T14:45:07.648190+00:00
2026-08-20,1633124eeb20fd6dff51c151adeeb077,Atlanta Dream @ Los Angeles Sparks,2026-08-21T02:00:00Z,Los Angeles Sparks,Atlanta Dream,Dearica Hamby,,REB,OVER,7.5,142,DraftKings,draftkings,player_rebounds_alternate,the-odds-api,2026-08-20T14:45:07.648190+00:00
2026-08-20,1633124eeb20fd6dff51c151adeeb077,Atlanta Dream @ Los Angeles Sparks,2026-08-21T02:00:00Z,Los Angeles Sparks,Atlanta Dream,Dearica Hamby,,REB,OVER,8.5,240,DraftKings,draftkings,player_rebounds_alternate,the-odds-api,2026-08-20T14:45:07.648190+00:00
2026-08-20,1633124eeb20fd6dff51c151adeeb077,Atlanta Dream @ Los Angeles Sparks,2026-08-21T02:00:00Z,Los Angeles Sparks,Atlanta Dream,Dearica Hamby,,REB,OVER,9.5,407,DraftKings,draftkings,player_rebounds_alternate,the-odds-api,2026-08-20T14:45:07.648190+00:00
2026-08-20,1633124eeb20fd6dff51c151adeeb077,Atlanta Dream @ Los Angeles Sparks,2026-08-21T02:00:00Z,Los Angeles Sparks,Atlanta Dream,Dearica Hamby,,REB,OVER,10.5,660,DraftKings,draftkings,player_rebounds_alternate,the-odds-api,2026-08-20T14:45:07.648190+00:00
2026-08-20,1633124eeb20fd6dff51c151adeeb077,Atlanta Dream @ Los Angeles Sparks,2026-08-21T02:00:00Z,Los Angeles Sparks,Atlanta Dream,Dearica Hamby,,REB,OVER,11.5,1080,DraftKings,draftkings,player_rebounds_alternate,the-odds-api,2026-08-20T14:45:07.648190+00:00
2026-08-20,1633124eeb20fd6dff51c151adeeb077,Atlanta Dream @ Los Angeles Sparks,2026-08-21T02:00:00Z,Los Angeles Sparks,Atlanta Dream,Naz Hillmon,,REB,OVER,2.5,-970,DraftKings,draftkings,player_rebounds_alternate,the-odds-api,2026-08-20T14:45:07.648190+00:00
2026-08-20,1633124eeb20fd6dff51c151adeeb077,Atlanta Dream @ Los Angeles Sparks,2026-08-21T02:00:00Z,Los Angeles Sparks,Atlanta Dream,Naz Hillmon,,REB,OVER,3.5,-349,DraftKings,draftkings,player_rebounds_alternate,the-odds-api,2026-08-20T14:45:07.648190+00:00
2026-08-20,1633124eeb20fd6dff51c151adeeb077,Atlanta Dream @ Los Angeles Sparks,2026-08-21T02:00:00Z,Los Angeles Sparks,Atlanta Dream,Naz Hillmon,,REB,OVER,4.5,-162,DraftKings,draftkings,player_rebounds_alternate,the-odds-api,2026-08-20T14:45:07.648190+00:00
2026-08-20,1633124eeb20fd6dff51c151adeeb077,Atlanta Dream @ Los Angeles Sparks,2026-08-21T02:00:00Z,Los Angeles Sparks,Atlanta Dream,Naz Hillmon,,REB,OVER,5.5,121,DraftKings,draftkings,player_rebounds_alternate,the-odds-api,2026-08-20T14:45:07.648190+00:00
2026-08-20,1633124eeb20fd6dff51c151adeeb077,Atlanta Dream @ Los Angeles Sparks,2026-08-21T02:00:00Z,Los Angeles Sparks,Atlanta Dream,Naz Hillmon,,REB,OVER,6.5,229,DraftKings,draftkings,player_rebounds_alternate,the-odds-api,2026-08-20T14:45:07.648190+00:00
2026-08-20,1633124eeb20fd6dff51c151adeeb077,Atlanta Dream @ Los Angeles Sparks,2026-08-21T02:00:00Z,Los Angeles Sparks,Atlanta Dream,Naz Hillmon,,REB,OVER,7.5,432,DraftKings,draftkings,player_rebounds_alternate,the-odds-api,2026-08-20T14:45:07.648190+00:00
2026-08-20,1633124eeb20fd6dff51c151adeeb077,Atlanta Dream @ Los Angeles Sparks,2026-08-21T02:00:00Z,Los Angeles Sparks,Atlanta Dream,Naz Hillmon,,REB,OVER,8.5,790,DraftKings,draftkings,player_rebounds_alternate,the-odds-api,2026-08-20T14:45:07.648190+00:00
2026-08-20,1633124eeb20fd6dff51c151adeeb077,Atlanta Dream @ Los Angeles Sparks,2026-08-21T02:00:00Z,Los Angeles Sparks,Atlanta Dream,Naz Hillmon,,REB,OVER,9.5,1380,DraftKings,draftkings,player_rebounds_alternate,the-odds-api,2026-08-20T14:45:07.648190+00:00
2026-08-20,1633124eeb20fd6dff51c151adeeb077,Atlanta Dream @ Los Angeles Sparks,2026-08-21T02:00:00Z,Los Angeles Sparks,Atlanta Dream,Cameron Brink,,REB,OVER,2.5,-640,DraftKings,draftkings,player_rebounds_alternate,the-odds-api,2026-08-20T14:45:07.648190+00:00
2026-08-20,1633124eeb20fd6dff51c151adeeb077,Atlanta Dream @ Los Angeles Sparks,2026-08-21T02:00:00Z,Los Angeles Sparks,Atlanta Dream,Cameron Brink,,REB,OVER,3.5,-242,DraftKings,draftkings,player_rebounds_alternate,the-odds-api,2026-08-20T14:45:07.648190+00:00
2026-08-20,1633124eeb20fd6dff51c151adeeb077,Atlanta Dream @ Los Angeles Sparks,2026-08-21T02:00:00Z,Los Angeles Sparks,Atlanta Dream,Cameron Brink,,REB,OVER,4.5,-112,DraftKings,draftkings,player_rebounds_alternate,the-odds-api,2026-08-20T14:45:07.648190+00:00
2026-08-20,1633124eeb20fd6dff51c151adeeb077,Atlanta Dream @ Los Angeles Sparks,2026-08-21T02:00:00Z,Los Angeles Sparks,Atlanta Dream,Cameron Brink,,REB,OVER,5.5,180,DraftKings,draftkings,player_rebounds_alternate,the-odds-api,2026-08-20T14:45:07.648190+00:00
2026-08-20,1633124eeb20fd6dff51c151adeeb077,Atlanta Dream @ Los Angeles Sparks,2026-08-21T02:00:00Z,Los Angeles Sparks,Atlanta Dream,Cameron Brink,,REB,OVER,6.5,341,DraftKings,draftkings,player_rebounds_alternate,the-odds-api,2026-08-20T14:45:07.648190+00:00
2026-08-20,1633124eeb20fd6dff51c151adeeb077,Atlanta Dream @ Los Angeles Sparks,2026-08-21T02:00:00Z,Los Angeles Sparks,Atlanta Dream,Cameron Brink,,REB,OVER,7.5,630,DraftKings,draftkings,player_rebounds_alternate,the-odds-api,2026-08-20T14:45:07.648190+00:00
2026-08-20,1633124eeb20fd6dff51c151adeeb077,Atlanta Dream @ Los Angeles Sparks,2026-08-21T02:00:00Z,Los Angeles Sparks,Atlanta Dream,Cameron Brink,,REB,OVER,8.5,1140,DraftKings,draftkings,player_rebounds_alternate,the-odds-api,2026-08-20T14:45:07.648190+00:00
2026-08-20,1633124eeb20fd6dff51c151adeeb077,Atlanta Dream @ Los Angeles Sparks,2026-08-21T02:00:00Z,Los Angeles Sparks,Atlanta Dream,Jordin Canada,,REB,OVER,2.5,-220,DraftKings,draftkings,player_rebounds_alternate,the-odds-api,2026-08-20T14:45:07.648190+00:00
2026-08-20,1633124eeb20fd6dff51c151adeeb077,Atlanta Dream @ Los Angeles Sparks,2026-08-21T02:00:00Z,Los Angeles Sparks,Atlanta Dream,Jordin Canada,,REB,OVER,3.5,-107,DraftKings,draftkings,player_rebounds_alternate,the-odds-api,2026-08-20T14:45:07.648190+00:00
2026-08-20,1633124eeb20fd6dff51c151adeeb077,Atlanta Dream @ Los Angeles Sparks,2026-08-21T02:00:00Z,Los Angeles Sparks,Atlanta Dream,Jordin Canada,,REB,OVER,4.5,180,DraftKings,draftkings,player_rebounds_alternate,the-odds-api,2026-08-20T14:45:07.648190+00:00
2026-08-20,1633124eeb20fd6dff51c151adeeb077,Atlanta Dream @ Los Angeles Sparks,2026-08-21T02:00:00Z,Los Angeles Sparks,Atlanta Dream,Jordin Canada,,REB,OVER,5.5,331,DraftKings,draftkings,player_rebounds_alternate,the-odds-api,2026-08-20T14:45:07.648190+00:00
2026-08-20,1633124eeb20fd6dff51c151adeeb077,Atlanta Dream @ Los Angeles Sparks,2026-08-21T02:00:00Z,Los Angeles Sparks,Atlanta Dream,Jordin Canada,,REB,OVER,6.5,583,DraftKings,draftkings,player_rebounds_alternate,the-odds-api,2026-08-20T14:45:07.648190+00:00
2026-08-20,1633124eeb20fd6dff51c151adeeb077,Atlanta Dream @ Los Angeles Sparks,2026-08-21T02:00:00Z,Los Angeles Sparks,Atlanta Dream,Jordin Canada,,REB,OVER,7.5,1000,DraftKings,draftkings,player_rebounds_alternate,the-odds-api,2026-08-20T14:45:07.648190+00:00
2026-08-20,1633124eeb20fd6dff51c151adeeb077,Atlanta Dream @ Los Angeles Sparks,2026-08-21T02:00:00Z,Los Angeles Sparks,Atlanta Dream,Jordin Canada,,REB,OVER,8.5,1600,DraftKings,draftkings,player_rebounds_alternate,the-odds-api,2026-08-20T14:45:07.648190+00:00
2026-08-20,1633124eeb20fd6dff51c151adeeb077,Atlanta Dream @ Los Angeles Sparks,2026-08-21T02:00:00Z,Los Angeles Sparks,Atlanta Dream,Rhyne Howard,,REB,OVER,2.5,-269,DraftKings,draftkings,player_rebounds_alternate,the-odds-api,2026-08-20T14:45:07.648190+00:00
2026-08-20,1633124eeb20fd6dff51c151adeeb077,Atlanta Dream @ Los Angeles Sparks,2026-08-21T02:00:00Z,Los Angeles Sparks,Atlanta Dream,Rhyne Howard,,REB,OVER,3.5,-112,DraftKings,draftkings,player_rebounds_alternate,the-odds-api,2026-08-20T14:45:07.648190+00:00
2026-08-20,1633124eeb20fd6dff51c151adeeb077,Atlanta Dream @ Los Angeles Sparks,2026-08-21T02:00:00Z,Los Angeles Sparks,Atlanta Dream,Rhyne Howard,,REB,OVER,4.5,192,DraftKings,draftkings,player_rebounds_alternate,the-odds-api,2026-08-20T14:45:07.648190+00:00
2026-08-20,1633124eeb20fd6dff51c151adeeb077,Atlanta Dream @ Los Angeles Sparks,2026-08-21T02:00:00Z,Los Angeles Sparks,Atlanta Dream,Rhyne Howard,,REB,OVER,5.5,387,DraftKings,draftkings,player_rebounds_alternate,the-odds-api,2026-08-20T14:45:07.648190+00:00
2026-08-20,1633124eeb20fd6dff51c151adeeb077,Atlanta Dream @ Los Angeles Sparks,2026-08-21T02:00:00Z,Los Angeles Sparks,Atlanta Dream,Rhyne Howard,,REB,OVER,6.5,750,DraftKings,draftkings,player_rebounds_alternate,the-odds-api,2026-08-20T14:45:07.648190+00:00
2026-08-20,1633124eeb20fd6dff51c151adeeb077,Atlanta Dream @ Los Angeles Sparks,2026-08-21T02:00:00Z,Los Angeles Sparks,Atlanta Dream,Rhyne Howard,,REB,OVER,7.5,1360,DraftKings,draftkings,player_rebounds_alternate,the-odds-api,2026-08-20T14:45:07.648190+00:00
2026-08-20,1633124eeb20fd6dff51c151adeeb077,Atlanta Dream @ Los Angeles Sparks,2026-08-21T02:00:00Z,Los Angeles Sparks,Atlanta Dream,Allisha Gray,,REB,OVER,2.5,-238,DraftKings,draftkings,player_rebounds_alternate,the-odds-api,2026-08-20T14:45:07.648190+00:00
2026-08-20,1633124eeb20fd6dff51c151adeeb077,Atlanta Dream @ Los Angeles Sparks,2026-08-21T02:00:00Z,Los Angeles Sparks,Atlanta Dream,Allisha Gray,,REB,OVER,3.5,104,DraftKings,draftkings,player_rebounds_alternate,the-odds-api,2026-08-20T14:45:07.648190+00:00
2026-08-20,1633124eeb20fd6dff51c151adeeb077,Atlanta Dream @ Los Angeles Sparks,2026-08-21T02:00:00Z,Los Angeles Sparks,Atlanta Dream,Allisha Gray,,REB,OVER,4.5,227,DraftKings,draftkings,player_rebounds_alternate,the-odds-api,2026-08-20T14:45:07.648190+00:00
2026-08-20,1633124eeb20fd6dff51c151adeeb077,Atlanta Dream @ Los Angeles Sparks,2026-08-21T02:00:00Z,Los Angeles Sparks,Atlanta Dream,Allisha Gray,,REB,OVER,5.5,469,DraftKings,draftkings,player_rebounds_alternate,the-odds-api,2026-08-20T14:45:07.648190+00:00
2026-08-20,1633124eeb20fd6dff51c151adeeb077,Atlanta Dream @ Los Angeles Sparks,2026-08-21T02:00:00Z,Los Angeles Sparks,Atlanta Dream,Allisha Gray,,REB,OVER,6.5,940,DraftKings,draftkings,player_rebounds_alternate,the-odds-api,2026-08-20T14:45:07.648190+00:00
2026-08-20,1633124eeb20fd6dff51c151adeeb077,Atlanta Dream @ Los Angeles Sparks,2026-08-21T02:00:00Z,Los Angeles Sparks,Atlanta Dream,Ariel Atkins,,REB,OVER,2.5,-132,DraftKings,draftkings,player_rebounds_alternate,the-odds-api,2026-08-20T14:45:07.648190+00:00
2026-08-20,1633124eeb20fd6dff51c151adeeb077,Atlanta Dream @ Los Angeles Sparks,2026-08-21T02:00:00Z,Los Angeles Sparks,Atlanta Dream,Ariel Atkins,,REB,OVER,3.5,184,DraftKings,draftkings,player_rebounds_alternate,the-odds-api,2026-08-20T14:45:07.648190+00:00
2026-08-20,1633124eeb20fd6dff51c151adeeb077,Atlanta Dream @ Los Angeles Sparks,2026-08-21T02:00:00Z,Los Angeles Sparks,Atlanta Dream,Ariel Atkins,,REB,OVER,4.5,427,DraftKings,draftkings,player_rebounds_alternate,the-odds-api,2026-08-20T14:45:07.648190+00:00
2026-08-20,1633124eeb20fd6dff51c151adeeb077,Atlanta Dream @ Los Angeles Sparks,2026-08-21T02:00:00Z,Los Angeles Sparks,Atlanta Dream,Ariel Atkins,,REB,OVER,5.5,900,DraftKings,draftkings,player_rebounds_alternate,the-odds-api,2026-08-20T14:45:07.648190+00:00
2026-08-20,1633124eeb20fd6dff51c151adeeb077,Atlanta Dream @ Los Angeles Sparks,2026-08-21T02:00:00Z,Los Angeles Sparks,Atlanta Dream,Rae Burrell,,REB,OVER,2.5,116,DraftKings,draftkings,player_rebounds_alternate,the-odds-api,2026-08-20T14:45:07.648190+00:00
2026-08-20,1633124eeb20fd6dff51c151adeeb077,Atlanta Dream @ Los Angeles Sparks,2026-08-21T02:00:00Z,Los Angeles Sparks,Atlanta Dream,Rae Burrell,,REB,OVER,3.5,298,DraftKings,draftkings,player_rebounds_alternate,the-odds-api,2026-08-20T14:45:07.648190+00:00
2026-08-20,1633124eeb20fd6dff51c151adeeb077,Atlanta Dream @ Los Angeles Sparks,2026-08-21T02:00:00Z,Los Angeles Sparks,Atlanta Dream,Rae Burrell,,REB,OVER,4.5,690,DraftKings,draftkings,player_rebounds_alternate,the-odds-api,2026-08-20T14:45:07.648190+00:00
2026-08-20,1633124eeb20fd6dff51c151adeeb077,Atlanta Dream @ Los Angeles Sparks,2026-08-21T02:00:00Z,Los Angeles Sparks,Atlanta Dream,Rae Burrell,,REB,OVER,5.5,1500,DraftKings,draftkings,player_rebounds_alternate,the-odds-api,2026-08-20T14:45:07.648190+00:00
2026-08-20,1633124eeb20fd6dff51c151adeeb077,Atlanta Dream @ Los Angeles Sparks,2026-08-21T02:00:00Z,Los Angeles Sparks,Atlanta Dream,Erica Wheeler,,REB,OVER,2.5,146,DraftKings,draftkings,player_rebounds_alternate,the-odds-api,2026-08-20T14:45:07.648190+00:00
2026-08-20,1633124eeb20fd6dff51c151adeeb077,Atlanta Dream @ Los Angeles Sparks,2026-08-21T02:00:00Z,Los Angeles Sparks,Atlanta Dream,Erica Wheeler,,REB,OVER,3.5,368,DraftKings,draftkings,player_rebounds_alternate,the-odds-api,2026-08-20T14:45:07.648190+00:00
2026-08-20,1633124eeb20fd6dff51c151adeeb077,Atlanta Dream @ Los Angeles Sparks,2026-08-21T02:00:00Z,Los Angeles Sparks,Atlanta Dream,Erica Wheeler,,REB,OVER,4.5,890,DraftKings,draftkings,player_rebounds_alternate,the-odds-api,2026-08-20T14:45:07.648190+00:00
2026-08-20,1633124eeb20fd6dff51c151adeeb077,Atlanta Dream @ Los Angeles Sparks,2026-08-21T02:00:00Z,Los Angeles Sparks,Atlanta Dream,Rhyne Howard,,3PM,OVER,0.5,-6400,DraftKings,draftkings,player_threes_alternate,the-odds-api,2026-08-20T14:45:07.648190+00:00
2026-08-20,1633124eeb20fd6dff51c151adeeb077,Atlanta Dream @ Los Angeles Sparks,2026-08-21T02:00:00Z,Los Angeles Sparks,Atlanta Dream,Rhyne Howard,,3PM,OVER,1.5,-660,DraftKings,draftkings,player_threes_alternate,the-odds-api,2026-08-20T14:45:07.648190+00:00
2026-08-20,1633124eeb20fd6dff51c151adeeb077,Atlanta Dream @ Los Angeles Sparks,2026-08-21T02:00:00Z,Los Angeles Sparks,Atlanta Dream,Rhyne Howard,,3PM,OVER,2.5,-215,DraftKings,draftkings,player_threes_alternate,the-odds-api,2026-08-20T14:45:07.648190+00:00
2026-08-20,1633124eeb20fd6dff51c151adeeb077,Atlanta Dream @ Los Angeles Sparks,2026-08-21T02:00:00Z,Los Angeles Sparks,Atlanta Dream,Rhyne Howard,,3PM,OVER,3.5,110,DraftKings,draftkings,player_threes_alternate,the-odds-api,2026-08-20T14:45:07.648190+00:00
2026-08-20,1633124eeb20fd6dff51c151adeeb077,Atlanta Dream @ Los Angeles Sparks,2026-08-21T02:00:00Z,Los Angeles Sparks,Atlanta Dream,Rhyne Howard,,3PM,OVER,4.5,234,DraftKings,draftkings,player_threes_alternate,the-odds-api,2026-08-20T14:45:07.648190+00:00
2026-08-20,1633124eeb20fd6dff51c151adeeb077,Atlanta Dream @ Los Angeles Sparks,2026-08-21T02:00:00Z,Los Angeles Sparks,Atlanta Dream,Rhyne Howard,,3PM,OVER,5.5,494,DraftKings,draftkings,player_threes_alternate,the-odds-api,2026-08-20T14:45:07.648190+00:00
2026-08-20,1633124eeb20fd6dff51c151adeeb077,Atlanta Dream @ Los Angeles Sparks,2026-08-21T02:00:00Z,Los Angeles Sparks,Atlanta Dream,Rhyne Howard,,3PM,OVER,6.5,980,DraftKings,draftkings,player_threes_alternate,the-odds-api,2026-08-20T14:45:07.648190+00:00
2026-08-20,1633124eeb20fd6dff51c151adeeb077,Atlanta Dream @ Los Angeles Sparks,2026-08-21T02:00:00Z,Los Angeles Sparks,Atlanta Dream,Rhyne Howard,,3PM,OVER,7.5,1860,DraftKings,draftkings,player_threes_alternate,the-odds-api,2026-08-20T14:45:07.648190+00:00
2026-08-20,1633124eeb20fd6dff51c151adeeb077,Atlanta Dream @ Los Angeles Sparks,2026-08-21T02:00:00Z,Los Angeles Sparks,Atlanta Dream,Rhyne Howard,,3PM,OVER,8.5,2800,DraftKings,draftkings,player_threes_alternate,the-odds-api,2026-08-20T14:45:07.648190+00:00
2026-08-20,1633124eeb20fd6dff51c151adeeb077,Atlanta Dream @ Los Angeles Sparks,2026-08-21T02:00:00Z,Los Angeles Sparks,Atlanta Dream,Rae Burrell,,3PM,OVER,0.5,-1060,DraftKings,draftkings,player_threes_alternate,the-odds-api,2026-08-20T14:45:07.648190+00:00
2026-08-20,1633124eeb20fd6dff51c151adeeb077,Atlanta Dream @ Los Angeles Sparks,2026-08-21T02:00:00Z,Los Angeles Sparks,Atlanta Dream,Rae Burrell,,3PM,OVER,1.5,-207,DraftKings,draftkings,player_threes_alternate,the-odds-api,2026-08-20T14:45:07.648190+00:00
2026-08-20,1633124eeb20fd6dff51c151adeeb077,Atlanta Dream @ Los Angeles Sparks,2026-08-21T02:00:00Z,Los Angeles Sparks,Atlanta Dream,Rae Burrell,,3PM,OVER,2.5,143,DraftKings,draftkings,player_threes_alternate,the-odds-api,2026-08-20T14:45:07.648190+00:00
2026-08-20,1633124eeb20fd6dff51c151adeeb077,Atlanta Dream @ Los Angeles Sparks,2026-08-21T02:00:00Z,Los Angeles Sparks,Atlanta Dream,Rae Burrell,,3PM,OVER,3.5,362,DraftKings,draftkings,player_threes_alternate,the-odds-api,2026-08-20T14:45:07.648190+00:00
2026-08-20,1633124eeb20fd6dff51c151adeeb077,Atlanta Dream @ Los Angeles Sparks,2026-08-21T02:00:00Z,Los Angeles Sparks,Atlanta Dream,Rae Burrell,,3PM,OVER,4.5,860,DraftKings,draftkings,player_threes_alternate,the-odds-api,2026-08-20T14:45:07.648190+00:00
2026-08-20,1633124eeb20fd6dff51c151adeeb077,Atlanta Dream @ Los Angeles Sparks,2026-08-21T02:00:00Z,Los Angeles Sparks,Atlanta Dream,Rae Burrell,,3PM,OVER,5.5,1800,DraftKings,draftkings,player_threes_alternate,the-odds-api,2026-08-20T14:45:07.648190+00:00
2026-08-20,1633124eeb20fd6dff51c151adeeb077,Atlanta Dream @ Los Angeles Sparks,2026-08-21T02:00:00Z,Los Angeles Sparks,Atlanta Dream,Allisha Gray,,3PM,OVER,0.5,-680,DraftKings,draftkings,player_threes_alternate,the-odds-api,2026-08-20T14:45:07.648190+00:00
2026-08-20,1633124eeb20fd6dff51c151adeeb077,Atlanta Dream @ Los Angeles Sparks,2026-08-21T02:00:00Z,Los Angeles Sparks,Atlanta Dream,Allisha Gray,,3PM,OVER,1.5,-144,DraftKings,draftkings,player_threes_alternate,the-odds-api,2026-08-20T14:45:07.648190+00:00
2026-08-20,1633124eeb20fd6dff51c151adeeb077,Atlanta Dream @ Los Angeles Sparks,2026-08-21T02:00:00Z,Los Angeles Sparks,Atlanta Dream,Allisha Gray,,3PM,OVER,2.5,210,DraftKings,draftkings,player_threes_alternate,the-odds-api,2026-08-20T14:45:07.648190+00:00
2026-08-20,1633124eeb20fd6dff51c151adeeb077,Atlanta Dream @ Los Angeles Sparks,2026-08-21T02:00:00Z,Los Angeles Sparks,Atlanta Dream,Allisha Gray,,3PM,OVER,3.5,563,DraftKings,draftkings,player_threes_alternate,the-odds-api,2026-08-20T14:45:07.648190+00:00
2026-08-20,1633124eeb20fd6dff51c151adeeb077,Atlanta Dream @ Los Angeles Sparks,2026-08-21T02:00:00Z,Los Angeles Sparks,Atlanta Dream,Allisha Gray,,3PM,OVER,4.5,1280,DraftKings,draftkings,player_threes_alternate,the-odds-api,2026-08-20T14:45:07.648190+00:00
2026-08-20,1633124eeb20fd6dff51c151adeeb077,Atlanta Dream @ Los Angeles Sparks,2026-08-21T02:00:00Z,Los Angeles Sparks,Atlanta Dream,Allisha Gray,,3PM,OVER,5.5,2700,DraftKings,draftkings,player_threes_alternate,the-odds-api,2026-08-20T14:45:07.648190+00:00
2026-08-20,1633124eeb20fd6dff51c151adeeb077,Atlanta Dream @ Los Angeles Sparks,2026-08-21T02:00:00Z,Los Angeles Sparks,Atlanta Dream,Nneka Ogwumike,,3PM,OVER,0.5,-315,DraftKings,draftkings,player_threes_alternate,the-odds-api,2026-08-20T14:45:07.648190+00:00
2026-08-20,1633124eeb20fd6dff51c151adeeb077,Atlanta Dream @ Los Angeles Sparks,2026-08-21T02:00:00Z,Los Angeles Sparks,Atlanta Dream,Nneka Ogwumike,,3PM,OVER,1.5,142,DraftKings,draftkings,player_threes_alternate,the-odds-api,2026-08-20T14:45:07.648190+00:00
2026-08-20,1633124eeb20fd6dff51c151adeeb077,Atlanta Dream @ Los Angeles Sparks,2026-08-21T02:00:00Z,Los Angeles Sparks,Atlanta Dream,Nneka Ogwumike,,3PM,OVER,2.5,453,DraftKings,draftkings,player_threes_alternate,the-odds-api,2026-08-20T14:45:07.648190+00:00
2026-08-20,1633124eeb20fd6dff51c151adeeb077,Atlanta Dream @ Los Angeles Sparks,2026-08-21T02:00:00Z,Los Angeles Sparks,Atlanta Dream,Nneka Ogwumike,,3PM,OVER,3.5,1240,DraftKings,draftkings,player_threes_alternate,the-odds-api,2026-08-20T14:45:07.648190+00:00
2026-08-20,1633124eeb20fd6dff51c151adeeb077,Atlanta Dream @ Los Angeles Sparks,2026-08-21T02:00:00Z,Los Angeles Sparks,Atlanta Dream,Nneka Ogwumike,,3PM,OVER,4.5,2600,DraftKings,draftkings,player_threes_alternate,the-odds-api,2026-08-20T14:45:07.648190+00:00
2026-08-20,1633124eeb20fd6dff51c151adeeb077,Atlanta Dream @ Los Angeles Sparks,2026-08-21T02:00:00Z,Los Angeles Sparks,Atlanta Dream,Ariel Atkins,,3PM,OVER,0.5,-326,DraftKings,draftkings,player_threes_alternate,the-odds-api,2026-08-20T14:45:07.648190+00:00
2026-08-20,1633124eeb20fd6dff51c151adeeb077,Atlanta Dream @ Los Angeles Sparks,2026-08-21T02:00:00Z,Los Angeles Sparks,Atlanta Dream,Ariel Atkins,,3PM,OVER,1.5,141,DraftKings,draftkings,player_threes_alternate,the-odds-api,2026-08-20T14:45:07.648190+00:00
2026-08-20,1633124eeb20fd6dff51c151adeeb077,Atlanta Dream @ Los Angeles Sparks,2026-08-21T02:00:00Z,Los Angeles Sparks,Atlanta Dream,Ariel Atkins,,3PM,OVER,2.5,459,DraftKings,draftkings,player_threes_alternate,the-odds-api,2026-08-20T14:45:07.648190+00:00
2026-08-20,1633124eeb20fd6dff51c151adeeb077,Atlanta Dream @ Los Angeles Sparks,2026-08-21T02:00:00Z,Los Angeles Sparks,Atlanta Dream,Ariel Atkins,,3PM,OVER,3.5,1280,DraftKings,draftkings,player_threes_alternate,the-odds-api,2026-08-20T14:45:07.648190+00:00
2026-08-20,1633124eeb20fd6dff51c151adeeb077,Atlanta Dream @ Los Angeles Sparks,2026-08-21T02:00:00Z,Los Angeles Sparks,Atlanta Dream,Ariel Atkins,,3PM,OVER,4.5,2800,DraftKings,draftkings,player_threes_alternate,the-odds-api,2026-08-20T14:45:07.648190+00:00
2026-08-20,1633124eeb20fd6dff51c151adeeb077,Atlanta Dream @ Los Angeles Sparks,2026-08-21T02:00:00Z,Los Angeles Sparks,Atlanta Dream,Erica Wheeler,,3PM,OVER,0.5,-280,DraftKings,draftkings,player_threes_alternate,the-odds-api,2026-08-20T14:45:07.648190+00:00
2026-08-20,1633124eeb20fd6dff51c151adeeb077,Atlanta Dream @ Los Angeles Sparks,2026-08-21T02:00:00Z,Los Angeles Sparks,Atlanta Dream,Erica Wheeler,,3PM,OVER,1.5,161,DraftKings,draftkings,player_threes_alternate,the-odds-api,2026-08-20T14:45:07.648190+00:00
2026-08-20,1633124eeb20fd6dff51c151adeeb077,Atlanta Dream @ Los Angeles Sparks,2026-08-21T02:00:00Z,Los Angeles Sparks,Atlanta Dream,Erica Wheeler,,3PM,OVER,2.5,535,DraftKings,draftkings,player_threes_alternate,the-odds-api,2026-08-20T14:45:07.648190+00:00
2026-08-20,1633124eeb20fd6dff51c151adeeb077,Atlanta Dream @ Los Angeles Sparks,2026-08-21T02:00:00Z,Los Angeles Sparks,Atlanta Dream,Erica Wheeler,,3PM,OVER,3.5,1460,DraftKings,draftkings,player_threes_alternate,the-odds-api,2026-08-20T14:45:07.648190+00:00
2026-08-20,1633124eeb20fd6dff51c151adeeb077,Atlanta Dream @ Los Angeles Sparks,2026-08-21T02:00:00Z,Los Angeles Sparks,Atlanta Dream,Erica Wheeler,,3PM,OVER,4.5,2900,DraftKings,draftkings,player_threes_alternate,the-odds-api,2026-08-20T14:45:07.648190+00:00
2026-08-20,1633124eeb20fd6dff51c151adeeb077,Atlanta Dream @ Los Angeles Sparks,2026-08-21T02:00:00Z,Los Angeles Sparks,Atlanta Dream,Naz Hillmon,,3PM,OVER,0.5,-256,DraftKings,draftkings,player_threes_alternate,the-odds-api,2026-08-20T14:45:07.648190+00:00
2026-08-20,1633124eeb20fd6dff51c151adeeb077,Atlanta Dream @ Los Angeles Sparks,2026-08-21T02:00:00Z,Los Angeles Sparks,Atlanta Dream,Naz Hillmon,,3PM,OVER,1.5,181,DraftKings,draftkings,player_threes_alternate,the-odds-api,2026-08-20T14:45:07.648190+00:00
2026-08-20,1633124eeb20fd6dff51c151adeeb077,Atlanta Dream @ Los Angeles Sparks,2026-08-21T02:00:00Z,Los Angeles Sparks,Atlanta Dream,Naz Hillmon,,3PM,OVER,2.5,600,DraftKings,draftkings,player_threes_alternate,the-odds-api,2026-08-20T14:45:07.648190+00:00
2026-08-20,1633124eeb20fd6dff51c151adeeb077,Atlanta Dream @ Los Angeles Sparks,2026-08-21T02:00:00Z,Los Angeles Sparks,Atlanta Dream,Naz Hillmon,,3PM,OVER,3.5,1700,DraftKings,draftkings,player_threes_alternate,the-odds-api,2026-08-20T14:45:07.648190+00:00
2026-08-20,1633124eeb20fd6dff51c151adeeb077,Atlanta Dream @ Los Angeles Sparks,2026-08-21T02:00:00Z,Los Angeles Sparks,Atlanta Dream,Jordin Canada,,3PM,OVER,0.5,-150,DraftKings,draftkings,player_threes_alternate,the-odds-api,2026-08-20T14:45:07.648190+00:00
2026-08-20,1633124eeb20fd6dff51c151adeeb077,Atlanta Dream @ Los Angeles Sparks,2026-08-21T02:00:00Z,Los Angeles Sparks,Atlanta Dream,Jordin Canada,,3PM,OVER,1.5,317,DraftKings,draftkings,player_threes_alternate,the-odds-api,2026-08-20T14:45:07.648190+00:00
2026-08-20,1633124eeb20fd6dff51c151adeeb077,Atlanta Dream @ Los Angeles Sparks,2026-08-21T02:00:00Z,Los Angeles Sparks,Atlanta Dream,Jordin Canada,,3PM,OVER,2.5,1040,DraftKings,draftkings,player_threes_alternate,the-odds-api,2026-08-20T14:45:07.648190+00:00
2026-08-20,1633124eeb20fd6dff51c151adeeb077,Atlanta Dream @ Los Angeles Sparks,2026-08-21T02:00:00Z,Los Angeles Sparks,Atlanta Dream,Jordin Canada,,3PM,OVER,3.5,2600,DraftKings,draftkings,player_threes_alternate,the-odds-api,2026-08-20T14:45:07.648190+00:00
2026-08-20,1633124eeb20fd6dff51c151adeeb077,Atlanta Dream @ Los Angeles Sparks,2026-08-21T02:00:00Z,Los Angeles Sparks,Atlanta Dream,Cameron Brink,,3PM,OVER,0.5,-145,DraftKings,draftkings,player_threes_alternate,the-odds-api,2026-08-20T14:45:07.648190+00:00
2026-08-20,1633124eeb20fd6dff51c151adeeb077,Atlanta Dream @ Los Angeles Sparks,2026-08-21T02:00:00Z,Los Angeles Sparks,Atlanta Dream,Cameron Brink,,3PM,OVER,1.5,337,DraftKings,draftkings,player_threes_alternate,the-odds-api,2026-08-20T14:45:07.648190+00:00
2026-08-20,1633124eeb20fd6dff51c151adeeb077,Atlanta Dream @ Los Angeles Sparks,2026-08-21T02:00:00Z,Los Angeles Sparks,Atlanta Dream,Cameron Brink,,3PM,OVER,2.5,1160,DraftKings,draftkings,player_threes_alternate,the-odds-api,2026-08-20T14:45:07.648190+00:00
2026-08-20,1633124eeb20fd6dff51c151adeeb077,Atlanta Dream @ Los Angeles Sparks,2026-08-21T02:00:00Z,Los Angeles Sparks,Atlanta Dream,Cameron Brink,,3PM,OVER,3.5,2800,DraftKings,draftkings,player_threes_alternate,the-odds-api,2026-08-20T14:45:07.648190+00:00
2026-08-20,1633124eeb20fd6dff51c151adeeb077,Atlanta Dream @ Los Angeles Sparks,2026-08-21T02:00:00Z,Los Angeles Sparks,Atlanta Dream,Dearica Hamby,,3PM,OVER,0.5,223,DraftKings,draftkings,player_threes_alternate,the-odds-api,2026-08-20T14:45:07.648190+00:00
2026-08-20,1633124eeb20fd6dff51c151adeeb077,Atlanta Dream @ Los Angeles Sparks,2026-08-21T02:00:00Z,Los Angeles Sparks,Atlanta Dream,Dearica Hamby,,3PM,OVER,1.5,1280,DraftKings,draftkings,player_threes_alternate,the-odds-api,2026-08-20T14:45:07.648190+00:00
2026-08-20,1633124eeb20fd6dff51c151adeeb077,Atlanta Dream @ Los Angeles Sparks,2026-08-21T02:00:00Z,Los Angeles Sparks,Atlanta Dream,Angel Reese,,3PM,OVER,0.5,278,DraftKings,draftkings,player_threes_alternate,the-odds-api,2026-08-20T14:45:07.648190+00:00
2026-08-20,1633124eeb20fd6dff51c151adeeb077,Atlanta Dream @ Los Angeles Sparks,2026-08-21T02:00:00Z,Los Angeles Sparks,Atlanta Dream,Angel Reese,,3PM,OVER,1.5,1640,DraftKings,draftkings,player_threes_alternate,the-odds-api,2026-08-20T14:45:07.648190+00:00
2026-08-20,cdd0cd4e662b83ac6836cb4a84a152e3,Connecticut Sun @ Las Vegas Aces,2026-08-21T02:00:00Z,Las Vegas Aces,Connecticut Sun,Jackie Young,,AST,OVER,5.5,-310,FanDuel,fanduel,player_assists_alternate,the-odds-api,2026-08-20T14:45:09.017436+00:00
2026-08-20,cdd0cd4e662b83ac6836cb4a84a152e3,Connecticut Sun @ Las Vegas Aces,2026-08-21T02:00:00Z,Las Vegas Aces,Connecticut Sun,Chelsea Gray,,AST,OVER,5.5,-260,FanDuel,fanduel,player_assists_alternate,the-odds-api,2026-08-20T14:45:09.017436+00:00
2026-08-20,cdd0cd4e662b83ac6836cb4a84a152e3,Connecticut Sun @ Las Vegas Aces,2026-08-21T02:00:00Z,Las Vegas Aces,Connecticut Sun,Leïla Lacan,,AST,OVER,5.5,140,FanDuel,fanduel,player_assists_alternate,the-odds-api,2026-08-20T14:45:09.017436+00:00
2026-08-20,cdd0cd4e662b83ac6836cb4a84a152e3,Connecticut Sun @ Las Vegas Aces,2026-08-21T02:00:00Z,Las Vegas Aces,Connecticut Sun,A'ja Wilson,,AST,OVER,5.5,680,FanDuel,fanduel,player_assists_alternate,the-odds-api,2026-08-20T14:45:09.017436+00:00
2026-08-20,cdd0cd4e662b83ac6836cb4a84a152e3,Connecticut Sun @ Las Vegas Aces,2026-08-21T02:00:00Z,Las Vegas Aces,Connecticut Sun,Jackie Young,,AST,OVER,11.5,1000,FanDuel,fanduel,player_assists_alternate,the-odds-api,2026-08-20T14:45:09.017436+00:00
2026-08-20,cdd0cd4e662b83ac6836cb4a84a152e3,Connecticut Sun @ Las Vegas Aces,2026-08-21T02:00:00Z,Las Vegas Aces,Connecticut Sun,Chelsea Gray,,AST,OVER,11.5,1200,FanDuel,fanduel,player_assists_alternate,the-odds-api,2026-08-20T14:45:09.017436+00:00
2026-08-20,cdd0cd4e662b83ac6836cb4a84a152e3,Connecticut Sun @ Las Vegas Aces,2026-08-21T02:00:00Z,Las Vegas Aces,Connecticut Sun,Jackie Young,,AST,OVER,7.5,132,FanDuel,fanduel,player_assists_alternate,the-odds-api,2026-08-20T14:45:09.017436+00:00
2026-08-20,cdd0cd4e662b83ac6836cb4a84a152e3,Connecticut Sun @ Las Vegas Aces,2026-08-21T02:00:00Z,Las Vegas Aces,Connecticut Sun,Chelsea Gray,,AST,OVER,7.5,154,FanDuel,fanduel,player_assists_alternate,the-odds-api,2026-08-20T14:45:09.017436+00:00
2026-08-20,cdd0cd4e662b83ac6836cb4a84a152e3,Connecticut Sun @ Las Vegas Aces,2026-08-21T02:00:00Z,Las Vegas Aces,Connecticut Sun,Leïla Lacan,,AST,OVER,7.5,490,FanDuel,fanduel,player_assists_alternate,the-odds-api,2026-08-20T14:45:09.017436+00:00
2026-08-20,cdd0cd4e662b83ac6836cb4a84a152e3,Connecticut Sun @ Las Vegas Aces,2026-08-21T02:00:00Z,Las Vegas Aces,Connecticut Sun,A'ja Wilson,,AST,OVER,1.5,-650,FanDuel,fanduel,player_assists_alternate,the-odds-api,2026-08-20T14:45:09.017436+00:00
2026-08-20,cdd0cd4e662b83ac6836cb4a84a152e3,Connecticut Sun @ Las Vegas Aces,2026-08-21T02:00:00Z,Las Vegas Aces,Connecticut Sun,Olivia Nelson-Ododa,,AST,OVER,1.5,-122,FanDuel,fanduel,player_assists_alternate,the-odds-api,2026-08-20T14:45:09.017436+00:00
2026-08-20,cdd0cd4e662b83ac6836cb4a84a152e3,Connecticut Sun @ Las Vegas Aces,2026-08-21T02:00:00Z,Las Vegas Aces,Connecticut Sun,Jackie Young,,AST,OVER,9.5,360,FanDuel,fanduel,player_assists_alternate,the-odds-api,2026-08-20T14:45:09.017436+00:00
2026-08-20,cdd0cd4e662b83ac6836cb4a84a152e3,Connecticut Sun @ Las Vegas Aces,2026-08-21T02:00:00Z,Las Vegas Aces,Connecticut Sun,Chelsea Gray,,AST,OVER,9.5,400,FanDuel,fanduel,player_assists_alternate,the-odds-api,2026-08-20T14:45:09.017436+00:00
2026-08-20,cdd0cd4e662b83ac6836cb4a84a152e3,Connecticut Sun @ Las Vegas Aces,2026-08-21T02:00:00Z,Las Vegas Aces,Connecticut Sun,Leïla Lacan,,AST,OVER,9.5,1260,FanDuel,fanduel,player_assists_alternate,the-odds-api,2026-08-20T14:45:09.017436+00:00
2026-08-20,cdd0cd4e662b83ac6836cb4a84a152e3,Connecticut Sun @ Las Vegas Aces,2026-08-21T02:00:00Z,Las Vegas Aces,Connecticut Sun,Jackie Young,,AST,OVER,3.5,-3000,FanDuel,fanduel,player_assists_alternate,the-odds-api,2026-08-20T14:45:09.017436+00:00
2026-08-20,cdd0cd4e662b83ac6836cb4a84a152e3,Connecticut Sun @ Las Vegas Aces,2026-08-21T02:00:00Z,Las Vegas Aces,Connecticut Sun,Chelsea Gray,,AST,OVER,3.5,-2000,FanDuel,fanduel,player_assists_alternate,the-odds-api,2026-08-20T14:45:09.017436+00:00
2026-08-20,cdd0cd4e662b83ac6836cb4a84a152e3,Connecticut Sun @ Las Vegas Aces,2026-08-21T02:00:00Z,Las Vegas Aces,Connecticut Sun,Leïla Lacan,,AST,OVER,3.5,-350,FanDuel,fanduel,player_assists_alternate,the-odds-api,2026-08-20T14:45:09.017436+00:00
2026-08-20,cdd0cd4e662b83ac6836cb4a84a152e3,Connecticut Sun @ Las Vegas Aces,2026-08-21T02:00:00Z,Las Vegas Aces,Connecticut Sun,A'ja Wilson,,AST,OVER,3.5,142,FanDuel,fanduel,player_assists_alternate,the-odds-api,2026-08-20T14:45:09.017436+00:00
2026-08-20,cdd0cd4e662b83ac6836cb4a84a152e3,Connecticut Sun @ Las Vegas Aces,2026-08-21T02:00:00Z,Las Vegas Aces,Connecticut Sun,Olivia Nelson-Ododa,,PTS,OVER,14.5,118,FanDuel,fanduel,player_points_alternate,the-odds-api,2026-08-20T14:45:09.017436+00:00
2026-08-20,cdd0cd4e662b83ac6836cb4a84a152e3,Connecticut Sun @ Las Vegas Aces,2026-08-21T02:00:00Z,Las Vegas Aces,Connecticut Sun,Leïla Lacan,,PTS,OVER,14.5,230,FanDuel,fanduel,player_points_alternate,the-odds-api,2026-08-20T14:45:09.017436+00:00
2026-08-20,cdd0cd4e662b83ac6836cb4a84a152e3,Connecticut Sun @ Las Vegas Aces,2026-08-21T02:00:00Z,Las Vegas Aces,Connecticut Sun,Diamond Miller,,PTS,OVER,14.5,195,FanDuel,fanduel,player_points_alternate,the-odds-api,2026-08-20T14:45:09.017436+00:00
2026-08-20,cdd0cd4e662b83ac6836cb4a84a152e3,Connecticut Sun @ Las Vegas Aces,2026-08-21T02:00:00Z,Las Vegas Aces,Connecticut Sun,Jackie Young,,PTS,OVER,14.5,-490,FanDuel,fanduel,player_points_alternate,the-odds-api,2026-08-20T14:45:09.017436+00:00
2026-08-20,cdd0cd4e662b83ac6836cb4a84a152e3,Connecticut Sun @ Las Vegas Aces,2026-08-21T02:00:00Z,Las Vegas Aces,Connecticut Sun,Chelsea Gray,,PTS,OVER,14.5,210,FanDuel,fanduel,player_points_alternate,the-odds-api,2026-08-20T14:45:09.017436+00:00
2026-08-20,cdd0cd4e662b83ac6836cb4a84a152e3,Connecticut Sun @ Las Vegas Aces,2026-08-21T02:00:00Z,Las Vegas Aces,Connecticut Sun,NaLyssa Smith,,PTS,OVER,14.5,225,FanDuel,fanduel,player_points_alternate,the-odds-api,2026-08-20T14:45:09.017436+00:00
2026-08-20,cdd0cd4e662b83ac6836cb4a84a152e3,Connecticut Sun @ Las Vegas Aces,2026-08-21T02:00:00Z,Las Vegas Aces,Connecticut Sun,Jewell Loyd,,PTS,OVER,14.5,830,FanDuel,fanduel,player_points_alternate,the-odds-api,2026-08-20T14:45:09.017436+00:00
2026-08-20,cdd0cd4e662b83ac6836cb4a84a152e3,Connecticut Sun @ Las Vegas Aces,2026-08-21T02:00:00Z,Las Vegas Aces,Connecticut Sun,A'ja Wilson,,PTS,OVER,29.5,192,FanDuel,fanduel,player_points_alternate,the-odds-api,2026-08-20T14:45:09.017436+00:00
2026-08-20,cdd0cd4e662b83ac6836cb4a84a152e3,Connecticut Sun @ Las Vegas Aces,2026-08-21T02:00:00Z,Las Vegas Aces,Connecticut Sun,Jackie Young,,PTS,OVER,29.5,830,FanDuel,fanduel,player_points_alternate,the-odds-api,2026-08-20T14:45:09.017436+00:00
2026-08-20,cdd0cd4e662b83ac6836cb4a84a152e3,Connecticut Sun @ Las Vegas Aces,2026-08-21T02:00:00Z,Las Vegas Aces,Connecticut Sun,A'ja Wilson,,PTS,OVER,39.5,1400,FanDuel,fanduel,player_points_alternate,the-odds-api,2026-08-20T14:45:09.017436+00:00
2026-08-20,cdd0cd4e662b83ac6836cb4a84a152e3,Connecticut Sun @ Las Vegas Aces,2026-08-21T02:00:00Z,Las Vegas Aces,Connecticut Sun,Olivia Nelson-Ododa,,PTS,OVER,9.5,-405,FanDuel,fanduel,player_points_alternate,the-odds-api,2026-08-20T14:45:09.017436+00:00
2026-08-20,cdd0cd4e662b83ac6836cb4a84a152e3,Connecticut Sun @ Las Vegas Aces,2026-08-21T02:00:00Z,Las Vegas Aces,Connecticut Sun,Diamond Miller,,PTS,OVER,9.5,-220,FanDuel,fanduel,player_points_alternate,the-odds-api,2026-08-20T14:45:09.017436+00:00
2026-08-20,cdd0cd4e662b83ac6836cb4a84a152e3,Connecticut Sun @ Las Vegas Aces,2026-08-21T02:00:00Z,Las Vegas Aces,Connecticut Sun,Leïla Lacan,,PTS,OVER,9.5,-188,FanDuel,fanduel,player_points_alternate,the-odds-api,2026-08-20T14:45:09.017436+00:00
2026-08-20,cdd0cd4e662b83ac6836cb4a84a152e3,Connecticut Sun @ Las Vegas Aces,2026-08-21T02:00:00Z,Las Vegas Aces,Connecticut Sun,Chelsea Gray,,PTS,OVER,9.5,-240,FanDuel,fanduel,player_points_alternate,the-odds-api,2026-08-20T14:45:09.017436+00:00
2026-08-20,cdd0cd4e662b83ac6836cb4a84a152e3,Connecticut Sun @ Las Vegas Aces,2026-08-21T02:00:00Z,Las Vegas Aces,Connecticut Sun,NaLyssa Smith,,PTS,OVER,9.5,-215,FanDuel,fanduel,player_points_alternate,the-odds-api,2026-08-20T14:45:09.017436+00:00
2026-08-20,cdd0cd4e662b83ac6836cb4a84a152e3,Connecticut Sun @ Las Vegas Aces,2026-08-21T02:00:00Z,Las Vegas Aces,Connecticut Sun,Jewell Loyd,,PTS,OVER,9.5,185,FanDuel,fanduel,player_points_alternate,the-odds-api,2026-08-20T14:45:09.017436+00:00
2026-08-20,cdd0cd4e662b83ac6836cb4a84a152e3,Connecticut Sun @ Las Vegas Aces,2026-08-21T02:00:00Z,Las Vegas Aces,Connecticut Sun,Olivia Nelson-Ododa,,PTS,OVER,19.5,375,FanDuel,fanduel,player_points_alternate,the-odds-api,2026-08-20T14:45:09.017436+00:00
2026-08-20,cdd0cd4e662b83ac6836cb4a84a152e3,Connecticut Sun @ Las Vegas Aces,2026-08-21T02:00:00Z,Las Vegas Aces,Connecticut Sun,Leïla Lacan,,PTS,OVER,19.5,790,FanDuel,fanduel,player_points_alternate,the-odds-api,2026-08-20T14:45:09.017436+00:00
2026-08-20,cdd0cd4e662b83ac6836cb4a84a152e3,Connecticut Sun @ Las Vegas Aces,2026-08-21T02:00:00Z,Las Vegas Aces,Connecticut Sun,Diamond Miller,,PTS,OVER,19.5,670,FanDuel,fanduel,player_points_alternate,the-odds-api,2026-08-20T14:45:09.017436+00:00
2026-08-20,cdd0cd4e662b83ac6836cb4a84a152e3,Connecticut Sun @ Las Vegas Aces,2026-08-21T02:00:00Z,Las Vegas Aces,Connecticut Sun,A'ja Wilson,,PTS,OVER,19.5,-700,FanDuel,fanduel,player_points_alternate,the-odds-api,2026-08-20T14:45:09.017436+00:00
2026-08-20,cdd0cd4e662b83ac6836cb4a84a152e3,Connecticut Sun @ Las Vegas Aces,2026-08-21T02:00:00Z,Las Vegas Aces,Connecticut Sun,Jackie Young,,PTS,OVER,19.5,-115,FanDuel,fanduel,player_points_alternate,the-odds-api,2026-08-20T14:45:09.017436+00:00
2026-08-20,cdd0cd4e662b83ac6836cb4a84a152e3,Connecticut Sun @ Las Vegas Aces,2026-08-21T02:00:00Z,Las Vegas Aces,Connecticut Sun,Chelsea Gray,,PTS,OVER,19.5,830,FanDuel,fanduel,player_points_alternate,the-odds-api,2026-08-20T14:45:09.017436+00:00
2026-08-20,cdd0cd4e662b83ac6836cb4a84a152e3,Connecticut Sun @ Las Vegas Aces,2026-08-21T02:00:00Z,Las Vegas Aces,Connecticut Sun,NaLyssa Smith,,PTS,OVER,19.5,880,FanDuel,fanduel,player_points_alternate,the-odds-api,2026-08-20T14:45:09.017436+00:00
2026-08-20,cdd0cd4e662b83ac6836cb4a84a152e3,Connecticut Sun @ Las Vegas Aces,2026-08-21T02:00:00Z,Las Vegas Aces,Connecticut Sun,A'ja Wilson,,PTS,OVER,34.5,560,FanDuel,fanduel,player_points_alternate,the-odds-api,2026-08-20T14:45:09.017436+00:00
2026-08-20,cdd0cd4e662b83ac6836cb4a84a152e3,Connecticut Sun @ Las Vegas Aces,2026-08-21T02:00:00Z,Las Vegas Aces,Connecticut Sun,Olivia Nelson-Ododa,,PTS,OVER,24.5,1100,FanDuel,fanduel,player_points_alternate,the-odds-api,2026-08-20T14:45:09.017436+00:00
2026-08-20,cdd0cd4e662b83ac6836cb4a84a152e3,Connecticut Sun @ Las Vegas Aces,2026-08-21T02:00:00Z,Las Vegas Aces,Connecticut Sun,Diamond Miller,,PTS,OVER,24.5,1600,FanDuel,fanduel,player_points_alternate,the-odds-api,2026-08-20T14:45:09.017436+00:00
2026-08-20,cdd0cd4e662b83ac6836cb4a84a152e3,Connecticut Sun @ Las Vegas Aces,2026-08-21T02:00:00Z,Las Vegas Aces,Connecticut Sun,A'ja Wilson,,PTS,OVER,24.5,-178,FanDuel,fanduel,player_points_alternate,the-odds-api,2026-08-20T14:45:09.017436+00:00
2026-08-20,cdd0cd4e662b83ac6836cb4a84a152e3,Connecticut Sun @ Las Vegas Aces,2026-08-21T02:00:00Z,Las Vegas Aces,Connecticut Sun,Jackie Young,,PTS,OVER,24.5,280,FanDuel,fanduel,player_points_alternate,the-odds-api,2026-08-20T14:45:09.017436+00:00
2026-08-20,cdd0cd4e662b83ac6836cb4a84a152e3,Connecticut Sun @ Las Vegas Aces,2026-08-21T02:00:00Z,Las Vegas Aces,Connecticut Sun,A'ja Wilson,,REB,OVER,5.5,-1400,FanDuel,fanduel,player_rebounds_alternate,the-odds-api,2026-08-20T14:45:09.017436+00:00
2026-08-20,cdd0cd4e662b83ac6836cb4a84a152e3,Connecticut Sun @ Las Vegas Aces,2026-08-21T02:00:00Z,Las Vegas Aces,Connecticut Sun,Olivia Nelson-Ododa,,REB,OVER,5.5,-900,FanDuel,fanduel,player_rebounds_alternate,the-odds-api,2026-08-20T14:45:09.017436+00:00
2026-08-20,cdd0cd4e662b83ac6836cb4a84a152e3,Connecticut Sun @ Las Vegas Aces,2026-08-21T02:00:00Z,Las Vegas Aces,Connecticut Sun,NaLyssa Smith,,REB,OVER,5.5,-300,FanDuel,fanduel,player_rebounds_alternate,the-odds-api,2026-08-20T14:45:09.017436+00:00
2026-08-20,cdd0cd4e662b83ac6836cb4a84a152e3,Connecticut Sun @ Las Vegas Aces,2026-08-21T02:00:00Z,Las Vegas Aces,Connecticut Sun,Jackie Young,,REB,OVER,5.5,260,FanDuel,fanduel,player_rebounds_alternate,the-odds-api,2026-08-20T14:45:09.017436+00:00
2026-08-20,cdd0cd4e662b83ac6836cb4a84a152e3,Connecticut Sun @ Las Vegas Aces,2026-08-21T02:00:00Z,Las Vegas Aces,Connecticut Sun,Diamond Miller,,REB,OVER,5.5,350,FanDuel,fanduel,player_rebounds_alternate,the-odds-api,2026-08-20T14:45:09.017436+00:00
2026-08-20,cdd0cd4e662b83ac6836cb4a84a152e3,Connecticut Sun @ Las Vegas Aces,2026-08-21T02:00:00Z,Las Vegas Aces,Connecticut Sun,Chelsea Gray,,REB,OVER,5.5,580,FanDuel,fanduel,player_rebounds_alternate,the-odds-api,2026-08-20T14:45:09.017436+00:00
2026-08-20,cdd0cd4e662b83ac6836cb4a84a152e3,Connecticut Sun @ Las Vegas Aces,2026-08-21T02:00:00Z,Las Vegas Aces,Connecticut Sun,Leïla Lacan,,REB,OVER,5.5,750,FanDuel,fanduel,player_rebounds_alternate,the-odds-api,2026-08-20T14:45:09.017436+00:00
2026-08-20,cdd0cd4e662b83ac6836cb4a84a152e3,Connecticut Sun @ Las Vegas Aces,2026-08-21T02:00:00Z,Las Vegas Aces,Connecticut Sun,A'ja Wilson,,REB,OVER,13.5,800,FanDuel,fanduel,player_rebounds_alternate,the-odds-api,2026-08-20T14:45:09.017436+00:00
2026-08-20,cdd0cd4e662b83ac6836cb4a84a152e3,Connecticut Sun @ Las Vegas Aces,2026-08-21T02:00:00Z,Las Vegas Aces,Connecticut Sun,Olivia Nelson-Ododa,,REB,OVER,13.5,750,FanDuel,fanduel,player_rebounds_alternate,the-odds-api,2026-08-20T14:45:09.017436+00:00
2026-08-20,cdd0cd4e662b83ac6836cb4a84a152e3,Connecticut Sun @ Las Vegas Aces,2026-08-21T02:00:00Z,Las Vegas Aces,Connecticut Sun,NaLyssa Smith,,REB,OVER,3.5,-2200,FanDuel,fanduel,player_rebounds_alternate,the-odds-api,2026-08-20T14:45:09.017436+00:00
2026-08-20,cdd0cd4e662b83ac6836cb4a84a152e3,Connecticut Sun @ Las Vegas Aces,2026-08-21T02:00:00Z,Las Vegas Aces,Connecticut Sun,Jackie Young,,REB,OVER,3.5,-192,FanDuel,fanduel,player_rebounds_alternate,the-odds-api,2026-08-20T14:45:09.017436+00:00
2026-08-20,cdd0cd4e662b83ac6836cb4a84a152e3,Connecticut Sun @ Las Vegas Aces,2026-08-21T02:00:00Z,Las Vegas Aces,Connecticut Sun,Diamond Miller,,REB,OVER,3.5,-132,FanDuel,fanduel,player_rebounds_alternate,the-odds-api,2026-08-20T14:45:09.017436+00:00
2026-08-20,cdd0cd4e662b83ac6836cb4a84a152e3,Connecticut Sun @ Las Vegas Aces,2026-08-21T02:00:00Z,Las Vegas Aces,Connecticut Sun,Chelsea Gray,,REB,OVER,3.5,116,FanDuel,fanduel,player_rebounds_alternate,the-odds-api,2026-08-20T14:45:09.017436+00:00
2026-08-20,cdd0cd4e662b83ac6836cb4a84a152e3,Connecticut Sun @ Las Vegas Aces,2026-08-21T02:00:00Z,Las Vegas Aces,Connecticut Sun,Leïla Lacan,,REB,OVER,3.5,168,FanDuel,fanduel,player_rebounds_alternate,the-odds-api,2026-08-20T14:45:09.017436+00:00
2026-08-20,cdd0cd4e662b83ac6836cb4a84a152e3,Connecticut Sun @ Las Vegas Aces,2026-08-21T02:00:00Z,Las Vegas Aces,Connecticut Sun,A'ja Wilson,,REB,OVER,7.5,-260,FanDuel,fanduel,player_rebounds_alternate,the-odds-api,2026-08-20T14:45:09.017436+00:00
2026-08-20,cdd0cd4e662b83ac6836cb4a84a152e3,Connecticut Sun @ Las Vegas Aces,2026-08-21T02:00:00Z,Las Vegas Aces,Connecticut Sun,Olivia Nelson-Ododa,,REB,OVER,7.5,-220,FanDuel,fanduel,player_rebounds_alternate,the-odds-api,2026-08-20T14:45:09.017436+00:00
2026-08-20,cdd0cd4e662b83ac6836cb4a84a152e3,Connecticut Sun @ Las Vegas Aces,2026-08-21T02:00:00Z,Las Vegas Aces,Connecticut Sun,NaLyssa Smith,,REB,OVER,7.5,128,FanDuel,fanduel,player_rebounds_alternate,the-odds-api,2026-08-20T14:45:09.017436+00:00
2026-08-20,cdd0cd4e662b83ac6836cb4a84a152e3,Connecticut Sun @ Las Vegas Aces,2026-08-21T02:00:00Z,Las Vegas Aces,Connecticut Sun,Jackie Young,,REB,OVER,7.5,920,FanDuel,fanduel,player_rebounds_alternate,the-odds-api,2026-08-20T14:45:09.017436+00:00
2026-08-20,cdd0cd4e662b83ac6836cb4a84a152e3,Connecticut Sun @ Las Vegas Aces,2026-08-21T02:00:00Z,Las Vegas Aces,Connecticut Sun,Diamond Miller,,REB,OVER,7.5,1200,FanDuel,fanduel,player_rebounds_alternate,the-odds-api,2026-08-20T14:45:09.017436+00:00
2026-08-20,cdd0cd4e662b83ac6836cb4a84a152e3,Connecticut Sun @ Las Vegas Aces,2026-08-21T02:00:00Z,Las Vegas Aces,Connecticut Sun,A'ja Wilson,,REB,OVER,9.5,106,FanDuel,fanduel,player_rebounds_alternate,the-odds-api,2026-08-20T14:45:09.017436+00:00
2026-08-20,cdd0cd4e662b83ac6836cb4a84a152e3,Connecticut Sun @ Las Vegas Aces,2026-08-21T02:00:00Z,Las Vegas Aces,Connecticut Sun,Olivia Nelson-Ododa,,REB,OVER,9.5,116,FanDuel,fanduel,player_rebounds_alternate,the-odds-api,2026-08-20T14:45:09.017436+00:00
2026-08-20,cdd0cd4e662b83ac6836cb4a84a152e3,Connecticut Sun @ Las Vegas Aces,2026-08-21T02:00:00Z,Las Vegas Aces,Connecticut Sun,NaLyssa Smith,,REB,OVER,9.5,320,FanDuel,fanduel,player_rebounds_alternate,the-odds-api,2026-08-20T14:45:09.017436+00:00
2026-08-20,cdd0cd4e662b83ac6836cb4a84a152e3,Connecticut Sun @ Las Vegas Aces,2026-08-21T02:00:00Z,Las Vegas Aces,Connecticut Sun,Olivia Nelson-Ododa,,REB,OVER,11.5,310,FanDuel,fanduel,player_rebounds_alternate,the-odds-api,2026-08-20T14:45:09.017436+00:00
2026-08-20,cdd0cd4e662b83ac6836cb4a84a152e3,Connecticut Sun @ Las Vegas Aces,2026-08-21T02:00:00Z,Las Vegas Aces,Connecticut Sun,A'ja Wilson,,REB,OVER,11.5,310,FanDuel,fanduel,player_rebounds_alternate,the-odds-api,2026-08-20T14:45:09.017436+00:00
2026-08-20,cdd0cd4e662b83ac6836cb4a84a152e3,Connecticut Sun @ Las Vegas Aces,2026-08-21T02:00:00Z,Las Vegas Aces,Connecticut Sun,NaLyssa Smith,,REB,OVER,11.5,880,FanDuel,fanduel,player_rebounds_alternate,the-odds-api,2026-08-20T14:45:09.017436+00:00
2026-08-20,cdd0cd4e662b83ac6836cb4a84a152e3,Connecticut Sun @ Las Vegas Aces,2026-08-21T02:00:00Z,Las Vegas Aces,Connecticut Sun,Olivia Nelson-Ododa,,REB,OVER,15.5,1500,FanDuel,fanduel,player_rebounds_alternate,the-odds-api,2026-08-20T14:45:09.017436+00:00
2026-08-20,cdd0cd4e662b83ac6836cb4a84a152e3,Connecticut Sun @ Las Vegas Aces,2026-08-21T02:00:00Z,Las Vegas Aces,Connecticut Sun,A'ja Wilson,,REB,OVER,15.5,2000,FanDuel,fanduel,player_rebounds_alternate,the-odds-api,2026-08-20T14:45:09.017436+00:00
2026-08-20,cdd0cd4e662b83ac6836cb4a84a152e3,Connecticut Sun @ Las Vegas Aces,2026-08-21T02:00:00Z,Las Vegas Aces,Connecticut Sun,Jackie Young,,3PM,OVER,1.5,-270,FanDuel,fanduel,player_threes_alternate,the-odds-api,2026-08-20T14:45:09.017436+00:00
2026-08-20,cdd0cd4e662b83ac6836cb4a84a152e3,Connecticut Sun @ Las Vegas Aces,2026-08-21T02:00:00Z,Las Vegas Aces,Connecticut Sun,Chelsea Gray,,3PM,OVER,1.5,-130,FanDuel,fanduel,player_threes_alternate,the-odds-api,2026-08-20T14:45:09.017436+00:00
2026-08-20,cdd0cd4e662b83ac6836cb4a84a152e3,Connecticut Sun @ Las Vegas Aces,2026-08-21T02:00:00Z,Las Vegas Aces,Connecticut Sun,Diamond Miller,,3PM,OVER,1.5,102,FanDuel,fanduel,player_threes_alternate,the-odds-api,2026-08-20T14:45:09.017436+00:00
2026-08-20,cdd0cd4e662b83ac6836cb4a84a152e3,Connecticut Sun @ Las Vegas Aces,2026-08-21T02:00:00Z,Las Vegas Aces,Connecticut Sun,Jewell Loyd,,3PM,OVER,1.5,116,FanDuel,fanduel,player_threes_alternate,the-odds-api,2026-08-20T14:45:09.017436+00:00
2026-08-20,cdd0cd4e662b83ac6836cb4a84a152e3,Connecticut Sun @ Las Vegas Aces,2026-08-21T02:00:00Z,Las Vegas Aces,Connecticut Sun,Leïla Lacan,,3PM,OVER,1.5,152,FanDuel,fanduel,player_threes_alternate,the-odds-api,2026-08-20T14:45:09.017436+00:00
2026-08-20,cdd0cd4e662b83ac6836cb4a84a152e3,Connecticut Sun @ Las Vegas Aces,2026-08-21T02:00:00Z,Las Vegas Aces,Connecticut Sun,A'ja Wilson,,3PM,OVER,1.5,235,FanDuel,fanduel,player_threes_alternate,the-odds-api,2026-08-20T14:45:09.017436+00:00
2026-08-20,cdd0cd4e662b83ac6836cb4a84a152e3,Connecticut Sun @ Las Vegas Aces,2026-08-21T02:00:00Z,Las Vegas Aces,Connecticut Sun,Jackie Young,,3PM,OVER,5.5,1500,FanDuel,fanduel,player_threes_alternate,the-odds-api,2026-08-20T14:45:09.017436+00:00
2026-08-20,cdd0cd4e662b83ac6836cb4a84a152e3,Connecticut Sun @ Las Vegas Aces,2026-08-21T02:00:00Z,Las Vegas Aces,Connecticut Sun,Jackie Young,,3PM,OVER,0.5,-2000,FanDuel,fanduel,player_threes_alternate,the-odds-api,2026-08-20T14:45:09.017436+00:00
2026-08-20,cdd0cd4e662b83ac6836cb4a84a152e3,Connecticut Sun @ Las Vegas Aces,2026-08-21T02:00:00Z,Las Vegas Aces,Connecticut Sun,Chelsea Gray,,3PM,OVER,0.5,-670,FanDuel,fanduel,player_threes_alternate,the-odds-api,2026-08-20T14:45:09.017436+00:00
2026-08-20,cdd0cd4e662b83ac6836cb4a84a152e3,Connecticut Sun @ Las Vegas Aces,2026-08-21T02:00:00Z,Las Vegas Aces,Connecticut Sun,Diamond Miller,,3PM,OVER,0.5,-490,FanDuel,fanduel,player_threes_alternate,the-odds-api,2026-08-20T14:45:09.017436+00:00
2026-08-20,cdd0cd4e662b83ac6836cb4a84a152e3,Connecticut Sun @ Las Vegas Aces,2026-08-21T02:00:00Z,Las Vegas Aces,Connecticut Sun,Jewell Loyd,,3PM,OVER,0.5,-440,FanDuel,fanduel,player_threes_alternate,the-odds-api,2026-08-20T14:45:09.017436+00:00
2026-08-20,cdd0cd4e662b83ac6836cb4a84a152e3,Connecticut Sun @ Las Vegas Aces,2026-08-21T02:00:00Z,Las Vegas Aces,Connecticut Sun,Leïla Lacan,,3PM,OVER,0.5,-330,FanDuel,fanduel,player_threes_alternate,the-odds-api,2026-08-20T14:45:09.017436+00:00
2026-08-20,cdd0cd4e662b83ac6836cb4a84a152e3,Connecticut Sun @ Las Vegas Aces,2026-08-21T02:00:00Z,Las Vegas Aces,Connecticut Sun,A'ja Wilson,,3PM,OVER,0.5,-210,FanDuel,fanduel,player_threes_alternate,the-odds-api,2026-08-20T14:45:09.017436+00:00
2026-08-20,cdd0cd4e662b83ac6836cb4a84a152e3,Connecticut Sun @ Las Vegas Aces,2026-08-21T02:00:00Z,Las Vegas Aces,Connecticut Sun,Jackie Young,,3PM,OVER,2.5,122,FanDuel,fanduel,player_threes_alternate,the-odds-api,2026-08-20T14:45:09.017436+00:00
2026-08-20,cdd0cd4e662b83ac6836cb4a84a152e3,Connecticut Sun @ Las Vegas Aces,2026-08-21T02:00:00Z,Las Vegas Aces,Connecticut Sun,Chelsea Gray,,3PM,OVER,2.5,250,FanDuel,fanduel,player_threes_alternate,the-odds-api,2026-08-20T14:45:09.017436+00:00
2026-08-20,cdd0cd4e662b83ac6836cb4a84a152e3,Connecticut Sun @ Las Vegas Aces,2026-08-21T02:00:00Z,Las Vegas Aces,Connecticut Sun,Diamond Miller,,3PM,OVER,2.5,300,FanDuel,fanduel,player_threes_alternate,the-odds-api,2026-08-20T14:45:09.017436+00:00
2026-08-20,cdd0cd4e662b83ac6836cb4a84a152e3,Connecticut Sun @ Las Vegas Aces,2026-08-21T02:00:00Z,Las Vegas Aces,Connecticut Sun,Jewell Loyd,,3PM,OVER,2.5,370,FanDuel,fanduel,player_threes_alternate,the-odds-api,2026-08-20T14:45:09.017436+00:00
2026-08-20,cdd0cd4e662b83ac6836cb4a84a152e3,Connecticut Sun @ Las Vegas Aces,2026-08-21T02:00:00Z,Las Vegas Aces,Connecticut Sun,Leïla Lacan,,3PM,OVER,2.5,470,FanDuel,fanduel,player_threes_alternate,the-odds-api,2026-08-20T14:45:09.017436+00:00
2026-08-20,cdd0cd4e662b83ac6836cb4a84a152e3,Connecticut Sun @ Las Vegas Aces,2026-08-21T02:00:00Z,Las Vegas Aces,Connecticut Sun,A'ja Wilson,,3PM,OVER,2.5,800,FanDuel,fanduel,player_threes_alternate,the-odds-api,2026-08-20T14:45:09.017436+00:00
2026-08-20,cdd0cd4e662b83ac6836cb4a84a152e3,Connecticut Sun @ Las Vegas Aces,2026-08-21T02:00:00Z,Las Vegas Aces,Connecticut Sun,Jackie Young,,3PM,OVER,3.5,310,FanDuel,fanduel,player_threes_alternate,the-odds-api,2026-08-20T14:45:09.017436+00:00
2026-08-20,cdd0cd4e662b83ac6836cb4a84a152e3,Connecticut Sun @ Las Vegas Aces,2026-08-21T02:00:00Z,Las Vegas Aces,Connecticut Sun,Chelsea Gray,,3PM,OVER,3.5,680,FanDuel,fanduel,player_threes_alternate,the-odds-api,2026-08-20T14:45:09.017436+00:00
2026-08-20,cdd0cd4e662b83ac6836cb4a84a152e3,Connecticut Sun @ Las Vegas Aces,2026-08-21T02:00:00Z,Las Vegas Aces,Connecticut Sun,Diamond Miller,,3PM,OVER,3.5,750,FanDuel,fanduel,player_threes_alternate,the-odds-api,2026-08-20T14:45:09.017436+00:00
2026-08-20,cdd0cd4e662b83ac6836cb4a84a152e3,Connecticut Sun @ Las Vegas Aces,2026-08-21T02:00:00Z,Las Vegas Aces,Connecticut Sun,Jewell Loyd,,3PM,OVER,3.5,920,FanDuel,fanduel,player_threes_alternate,the-odds-api,2026-08-20T14:45:09.017436+00:00
2026-08-20,cdd0cd4e662b83ac6836cb4a84a152e3,Connecticut Sun @ Las Vegas Aces,2026-08-21T02:00:00Z,Las Vegas Aces,Connecticut Sun,Leïla Lacan,,3PM,OVER,3.5,1200,FanDuel,fanduel,player_threes_alternate,the-odds-api,2026-08-20T14:45:09.017436+00:00
2026-08-20,cdd0cd4e662b83ac6836cb4a84a152e3,Connecticut Sun @ Las Vegas Aces,2026-08-21T02:00:00Z,Las Vegas Aces,Connecticut Sun,Jackie Young,,3PM,OVER,4.5,750,FanDuel,fanduel,player_threes_alternate,the-odds-api,2026-08-20T14:45:09.017436+00:00
2026-08-20,cdd0cd4e662b83ac6836cb4a84a152e3,Connecticut Sun @ Las Vegas Aces,2026-08-21T02:00:00Z,Las Vegas Aces,Connecticut Sun,A'ja Wilson,,AST,OVER,1.5,-525,Fanatics,fanatics,player_assists_alternate,the-odds-api,2026-08-20T14:45:09.017436+00:00
2026-08-20,cdd0cd4e662b83ac6836cb4a84a152e3,Connecticut Sun @ Las Vegas Aces,2026-08-21T02:00:00Z,Las Vegas Aces,Connecticut Sun,A'ja Wilson,,AST,OVER,2.5,-175,Fanatics,fanatics,player_assists_alternate,the-odds-api,2026-08-20T14:45:09.017436+00:00
2026-08-20,cdd0cd4e662b83ac6836cb4a84a152e3,Connecticut Sun @ Las Vegas Aces,2026-08-21T02:00:00Z,Las Vegas Aces,Connecticut Sun,A'ja Wilson,,AST,OVER,3.5,130,Fanatics,fanatics,player_assists_alternate,the-odds-api,2026-08-20T14:45:09.017436+00:00
2026-08-20,cdd0cd4e662b83ac6836cb4a84a152e3,Connecticut Sun @ Las Vegas Aces,2026-08-21T02:00:00Z,Las Vegas Aces,Connecticut Sun,A'ja Wilson,,AST,OVER,4.5,270,Fanatics,fanatics,player_assists_alternate,the-odds-api,2026-08-20T14:45:09.017436+00:00
2026-08-20,cdd0cd4e662b83ac6836cb4a84a152e3,Connecticut Sun @ Las Vegas Aces,2026-08-21T02:00:00Z,Las Vegas Aces,Connecticut Sun,A'ja Wilson,,AST,OVER,5.5,550,Fanatics,fanatics,player_assists_alternate,the-odds-api,2026-08-20T14:45:09.017436+00:00
2026-08-20,cdd0cd4e662b83ac6836cb4a84a152e3,Connecticut Sun @ Las Vegas Aces,2026-08-21T02:00:00Z,Las Vegas Aces,Connecticut Sun,Jackie Young,,AST,OVER,3.5,-1200,Fanatics,fanatics,player_assists_alternate,the-odds-api,2026-08-20T14:45:09.017436+00:00
2026-08-20,cdd0cd4e662b83ac6836cb4a84a152e3,Connecticut Sun @ Las Vegas Aces,2026-08-21T02:00:00Z,Las Vegas Aces,Connecticut Sun,Jackie Young,,AST,OVER,4.5,-525,Fanatics,fanatics,player_assists_alternate,the-odds-api,2026-08-20T14:45:09.017436+00:00
2026-08-20,cdd0cd4e662b83ac6836cb4a84a152e3,Connecticut Sun @ Las Vegas Aces,2026-08-21T02:00:00Z,Las Vegas Aces,Connecticut Sun,Jackie Young,,AST,OVER,5.5,-275,Fanatics,fanatics,player_assists_alternate,the-odds-api,2026-08-20T14:45:09.017436+00:00
2026-08-20,cdd0cd4e662b83ac6836cb4a84a152e3,Connecticut Sun @ Las Vegas Aces,2026-08-21T02:00:00Z,Las Vegas Aces,Connecticut Sun,Jackie Young,,AST,OVER,6.5,-130,Fanatics,fanatics,player_assists_alternate,the-odds-api,2026-08-20T14:45:09.017436+00:00
2026-08-20,cdd0cd4e662b83ac6836cb4a84a152e3,Connecticut Sun @ Las Vegas Aces,2026-08-21T02:00:00Z,Las Vegas Aces,Connecticut Sun,Jackie Young,,AST,OVER,7.5,125,Fanatics,fanatics,player_assists_alternate,the-odds-api,2026-08-20T14:45:09.017436+00:00
2026-08-20,cdd0cd4e662b83ac6836cb4a84a152e3,Connecticut Sun @ Las Vegas Aces,2026-08-21T02:00:00Z,Las Vegas Aces,Connecticut Sun,Jackie Young,,AST,OVER,8.5,210,Fanatics,fanatics,player_assists_alternate,the-odds-api,2026-08-20T14:45:09.017436+00:00
2026-08-20,cdd0cd4e662b83ac6836cb4a84a152e3,Connecticut Sun @ Las Vegas Aces,2026-08-21T02:00:00Z,Las Vegas Aces,Connecticut Sun,Jackie Young,,AST,OVER,9.5,340,Fanatics,fanatics,player_assists_alternate,the-odds-api,2026-08-20T14:45:09.017436+00:00
2026-08-20,cdd0cd4e662b83ac6836cb4a84a152e3,Connecticut Sun @ Las Vegas Aces,2026-08-21T02:00:00Z,Las Vegas Aces,Connecticut Sun,Jackie Young,,AST,OVER,10.5,550,Fanatics,fanatics,player_assists_alternate,the-odds-api,2026-08-20T14:45:09.017436+00:00
2026-08-20,cdd0cd4e662b83ac6836cb4a84a152e3,Connecticut Sun @ Las Vegas Aces,2026-08-21T02:00:00Z,Las Vegas Aces,Connecticut Sun,Jackie Young,,AST,OVER,11.5,900,Fanatics,fanatics,player_assists_alternate,the-odds-api,2026-08-20T14:45:09.017436+00:00
2026-08-20,cdd0cd4e662b83ac6836cb4a84a152e3,Connecticut Sun @ Las Vegas Aces,2026-08-21T02:00:00Z,Las Vegas Aces,Connecticut Sun,Chelsea Gray,,AST,OVER,3.5,-1200,Fanatics,fanatics,player_assists_alternate,the-odds-api,2026-08-20T14:45:09.017436+00:00
2026-08-20,cdd0cd4e662b83ac6836cb4a84a152e3,Connecticut Sun @ Las Vegas Aces,2026-08-21T02:00:00Z,Las Vegas Aces,Connecticut Sun,Chelsea Gray,,AST,OVER,4.5,-475,Fanatics,fanatics,player_assists_alternate,the-odds-api,2026-08-20T14:45:09.017436+00:00
2026-08-20,cdd0cd4e662b83ac6836cb4a84a152e3,Connecticut Sun @ Las Vegas Aces,2026-08-21T02:00:00Z,Las Vegas Aces,Connecticut Sun,Chelsea Gray,,AST,OVER,5.5,-240,Fanatics,fanatics,player_assists_alternate,the-odds-api,2026-08-20T14:45:09.017436+00:00
2026-08-20,cdd0cd4e662b83ac6836cb4a84a152e3,Connecticut Sun @ Las Vegas Aces,2026-08-21T02:00:00Z,Las Vegas Aces,Connecticut Sun,Chelsea Gray,,AST,OVER,6.5,-120,Fanatics,fanatics,player_assists_alternate,the-odds-api,2026-08-20T14:45:09.017436+00:00
2026-08-20,cdd0cd4e662b83ac6836cb4a84a152e3,Connecticut Sun @ Las Vegas Aces,2026-08-21T02:00:00Z,Las Vegas Aces,Connecticut Sun,Chelsea Gray,,AST,OVER,7.5,135,Fanatics,fanatics,player_assists_alternate,the-odds-api,2026-08-20T14:45:09.017436+00:00
2026-08-20,cdd0cd4e662b83ac6836cb4a84a152e3,Connecticut Sun @ Las Vegas Aces,2026-08-21T02:00:00Z,Las Vegas Aces,Connecticut Sun,Chelsea Gray,,AST,OVER,8.5,225,Fanatics,fanatics,player_assists_alternate,the-odds-api,2026-08-20T14:45:09.017436+00:00
2026-08-20,cdd0cd4e662b83ac6836cb4a84a152e3,Connecticut Sun @ Las Vegas Aces,2026-08-21T02:00:00Z,Las Vegas Aces,Connecticut Sun,Chelsea Gray,,AST,OVER,9.5,340,Fanatics,fanatics,player_assists_alternate,the-odds-api,2026-08-20T14:45:09.017436+00:00
2026-08-20,cdd0cd4e662b83ac6836cb4a84a152e3,Connecticut Sun @ Las Vegas Aces,2026-08-21T02:00:00Z,Las Vegas Aces,Connecticut Sun,Chelsea Gray,,AST,OVER,10.5,550,Fanatics,fanatics,player_assists_alternate,the-odds-api,2026-08-20T14:45:09.017436+00:00
2026-08-20,cdd0cd4e662b83ac6836cb4a84a152e3,Connecticut Sun @ Las Vegas Aces,2026-08-21T02:00:00Z,Las Vegas Aces,Connecticut Sun,Chelsea Gray,,AST,OVER,11.5,900,Fanatics,fanatics,player_assists_alternate,the-odds-api,2026-08-20T14:45:09.017436+00:00
2026-08-20,cdd0cd4e662b83ac6836cb4a84a152e3,Connecticut Sun @ Las Vegas Aces,2026-08-21T02:00:00Z,Las Vegas Aces,Connecticut Sun,Olivia Nelson-Ododa,,AST,OVER,1.5,-120,Fanatics,fanatics,player_assists_alternate,the-odds-api,2026-08-20T14:45:09.017436+00:00
2026-08-20,cdd0cd4e662b83ac6836cb4a84a152e3,Connecticut Sun @ Las Vegas Aces,2026-08-21T02:00:00Z,Las Vegas Aces,Connecticut Sun,Olivia Nelson-Ododa,,AST,OVER,2.5,225,Fanatics,fanatics,player_assists_alternate,the-odds-api,2026-08-20T14:45:09.017436+00:00
2026-08-20,cdd0cd4e662b83ac6836cb4a84a152e3,Connecticut Sun @ Las Vegas Aces,2026-08-21T02:00:00Z,Las Vegas Aces,Connecticut Sun,Olivia Nelson-Ododa,,AST,OVER,3.5,500,Fanatics,fanatics,player_assists_alternate,the-odds-api,2026-08-20T14:45:09.017436+00:00
2026-08-20,cdd0cd4e662b83ac6836cb4a84a152e3,Connecticut Sun @ Las Vegas Aces,2026-08-21T02:00:00Z,Las Vegas Aces,Connecticut Sun,Leïla Lacan,,AST,OVER,2.5,-1000,Fanatics,fanatics,player_assists_alternate,the-odds-api,2026-08-20T14:45:09.017436+00:00
2026-08-20,cdd0cd4e662b83ac6836cb4a84a152e3,Connecticut Sun @ Las Vegas Aces,2026-08-21T02:00:00Z,Las Vegas Aces,Connecticut Sun,Leïla Lacan,,AST,OVER,3.5,-350,Fanatics,fanatics,player_assists_alternate,the-odds-api,2026-08-20T14:45:09.017436+00:00
2026-08-20,cdd0cd4e662b83ac6836cb4a84a152e3,Connecticut Sun @ Las Vegas Aces,2026-08-21T02:00:00Z,Las Vegas Aces,Connecticut Sun,Leïla Lacan,,AST,OVER,4.5,-165,Fanatics,fanatics,player_assists_alternate,the-odds-api,2026-08-20T14:45:09.017436+00:00
2026-08-20,cdd0cd4e662b83ac6836cb4a84a152e3,Connecticut Sun @ Las Vegas Aces,2026-08-21T02:00:00Z,Las Vegas Aces,Connecticut Sun,Leïla Lacan,,AST,OVER,5.5,125,Fanatics,fanatics,player_assists_alternate,the-odds-api,2026-08-20T14:45:09.017436+00:00
2026-08-20,cdd0cd4e662b83ac6836cb4a84a152e3,Connecticut Sun @ Las Vegas Aces,2026-08-21T02:00:00Z,Las Vegas Aces,Connecticut Sun,Leïla Lacan,,AST,OVER,6.5,200,Fanatics,fanatics,player_assists_alternate,the-odds-api,2026-08-20T14:45:09.017436+00:00
2026-08-20,cdd0cd4e662b83ac6836cb4a84a152e3,Connecticut Sun @ Las Vegas Aces,2026-08-21T02:00:00Z,Las Vegas Aces,Connecticut Sun,Leïla Lacan,,AST,OVER,7.5,350,Fanatics,fanatics,player_assists_alternate,the-odds-api,2026-08-20T14:45:09.017436+00:00
2026-08-20,cdd0cd4e662b83ac6836cb4a84a152e3,Connecticut Sun @ Las Vegas Aces,2026-08-21T02:00:00Z,Las Vegas Aces,Connecticut Sun,Leïla Lacan,,AST,OVER,8.5,650,Fanatics,fanatics,player_assists_alternate,the-odds-api,2026-08-20T14:45:09.017436+00:00
2026-08-20,cdd0cd4e662b83ac6836cb4a84a152e3,Connecticut Sun @ Las Vegas Aces,2026-08-21T02:00:00Z,Las Vegas Aces,Connecticut Sun,A'ja Wilson,,PTS,OVER,14.5,-2200,Fanatics,fanatics,player_points_alternate,the-odds-api,2026-08-20T14:45:09.017436+00:00
2026-08-20,cdd0cd4e662b83ac6836cb4a84a152e3,Connecticut Sun @ Las Vegas Aces,2026-08-21T02:00:00Z,Las Vegas Aces,Connecticut Sun,A'ja Wilson,,PTS,OVER,15.5,-1700,Fanatics,fanatics,player_points_alternate,the-odds-api,2026-08-20T14:45:09.017436+00:00
2026-08-20,cdd0cd4e662b83ac6836cb4a84a152e3,Connecticut Sun @ Las Vegas Aces,2026-08-21T02:00:00Z,Las Vegas Aces,Connecticut Sun,A'ja Wilson,,PTS,OVER,16.5,-1300,Fanatics,fanatics,player_points_alternate,the-odds-api,2026-08-20T14:45:09.017436+00:00
2026-08-20,cdd0cd4e662b83ac6836cb4a84a152e3,Connecticut Sun @ Las Vegas Aces,2026-08-21T02:00:00Z,Las Vegas Aces,Connecticut Sun,A'ja Wilson,,PTS,OVER,17.5,-900,Fanatics,fanatics,player_points_alternate,the-odds-api,2026-08-20T14:45:09.017436+00:00
2026-08-20,cdd0cd4e662b83ac6836cb4a84a152e3,Connecticut Sun @ Las Vegas Aces,2026-08-21T02:00:00Z,Las Vegas Aces,Connecticut Sun,A'ja Wilson,,PTS,OVER,18.5,-700,Fanatics,fanatics,player_points_alternate,the-odds-api,2026-08-20T14:45:09.017436+00:00
2026-08-20,cdd0cd4e662b83ac6836cb4a84a152e3,Connecticut Sun @ Las Vegas Aces,2026-08-21T02:00:00Z,Las Vegas Aces,Connecticut Sun,A'ja Wilson,,PTS,OVER,19.5,-525,Fanatics,fanatics,player_points_alternate,the-odds-api,2026-08-20T14:45:09.017436+00:00
2026-08-20,cdd0cd4e662b83ac6836cb4a84a152e3,Connecticut Sun @ Las Vegas Aces,2026-08-21T02:00:00Z,Las Vegas Aces,Connecticut Sun,A'ja Wilson,,PTS,OVER,20.5,-425,Fanatics,fanatics,player_points_alternate,the-odds-api,2026-08-20T14:45:09.017436+00:00
2026-08-20,cdd0cd4e662b83ac6836cb4a84a152e3,Connecticut Sun @ Las Vegas Aces,2026-08-21T02:00:00Z,Las Vegas Aces,Connecticut Sun,A'ja Wilson,,PTS,OVER,21.5,-325,Fanatics,fanatics,player_points_alternate,the-odds-api,2026-08-20T14:45:09.017436+00:00
2026-08-20,cdd0cd4e662b83ac6836cb4a84a152e3,Connecticut Sun @ Las Vegas Aces,2026-08-21T02:00:00Z,Las Vegas Aces,Connecticut Sun,A'ja Wilson,,PTS,OVER,22.5,-250,Fanatics,fanatics,player_points_alternate,the-odds-api,2026-08-20T14:45:09.017436+00:00
2026-08-20,cdd0cd4e662b83ac6836cb4a84a152e3,Connecticut Sun @ Las Vegas Aces,2026-08-21T02:00:00Z,Las Vegas Aces,Connecticut Sun,A'ja Wilson,,PTS,OVER,23.5,-190,Fanatics,fanatics,player_points_alternate,the-odds-api,2026-08-20T14:45:09.017436+00:00
2026-08-20,cdd0cd4e662b83ac6836cb4a84a152e3,Connecticut Sun @ Las Vegas Aces,2026-08-21T02:00:00Z,Las Vegas Aces,Connecticut Sun,A'ja Wilson,,PTS,OVER,24.5,-150,Fanatics,fanatics,player_points_alternate,the-odds-api,2026-08-20T14:45:09.017436+00:00
2026-08-20,cdd0cd4e662b83ac6836cb4a84a152e3,Connecticut Sun @ Las Vegas Aces,2026-08-21T02:00:00Z,Las Vegas Aces,Connecticut Sun,A'ja Wilson,,PTS,OVER,25.5,-120,Fanatics,fanatics,player_points_alternate,the-odds-api,2026-08-20T14:45:09.017436+00:00
2026-08-20,cdd0cd4e662b83ac6836cb4a84a152e3,Connecticut Sun @ Las Vegas Aces,2026-08-21T02:00:00Z,Las Vegas Aces,Connecticut Sun,A'ja Wilson,,PTS,OVER,26.5,100,Fanatics,fanatics,player_points_alternate,the-odds-api,2026-08-20T14:45:09.017436+00:00
2026-08-20,cdd0cd4e662b83ac6836cb4a84a152e3,Connecticut Sun @ Las Vegas Aces,2026-08-21T02:00:00Z,Las Vegas Aces,Connecticut Sun,A'ja Wilson,,PTS,OVER,27.5,120,Fanatics,fanatics,player_points_alternate,the-odds-api,2026-08-20T14:45:09.017436+00:00
2026-08-20,cdd0cd4e662b83ac6836cb4a84a152e3,Connecticut Sun @ Las Vegas Aces,2026-08-21T02:00:00Z,Las Vegas Aces,Connecticut Sun,A'ja Wilson,,PTS,OVER,28.5,140,Fanatics,fanatics,player_points_alternate,the-odds-api,2026-08-20T14:45:09.017436+00:00
2026-08-20,cdd0cd4e662b83ac6836cb4a84a152e3,Connecticut Sun @ Las Vegas Aces,2026-08-21T02:00:00Z,Las Vegas Aces,Connecticut Sun,A'ja Wilson,,PTS,OVER,29.5,170,Fanatics,fanatics,player_points_alternate,the-odds-api,2026-08-20T14:45:09.017436+00:00
2026-08-20,cdd0cd4e662b83ac6836cb4a84a152e3,Connecticut Sun @ Las Vegas Aces,2026-08-21T02:00:00Z,Las Vegas Aces,Connecticut Sun,A'ja Wilson,,PTS,OVER,30.5,200,Fanatics,fanatics,player_points_alternate,the-odds-api,2026-08-20T14:45:09.017436+00:00
2026-08-20,cdd0cd4e662b83ac6836cb4a84a152e3,Connecticut Sun @ Las Vegas Aces,2026-08-21T02:00:00Z,Las Vegas Aces,Connecticut Sun,A'ja Wilson,,PTS,OVER,31.5,240,Fanatics,fanatics,player_points_alternate,the-odds-api,2026-08-20T14:45:09.017436+00:00
2026-08-20,cdd0cd4e662b83ac6836cb4a84a152e3,Connecticut Sun @ Las Vegas Aces,2026-08-21T02:00:00Z,Las Vegas Aces,Connecticut Sun,A'ja Wilson,,PTS,OVER,32.5,290,Fanatics,fanatics,player_points_alternate,the-odds-api,2026-08-20T14:45:09.017436+00:00
2026-08-20,cdd0cd4e662b83ac6836cb4a84a152e3,Connecticut Sun @ Las Vegas Aces,2026-08-21T02:00:00Z,Las Vegas Aces,Connecticut Sun,A'ja Wilson,,PTS,OVER,33.5,340,Fanatics,fanatics,player_points_alternate,the-odds-api,2026-08-20T14:45:09.017436+00:00
2026-08-20,cdd0cd4e662b83ac6836cb4a84a152e3,Connecticut Sun @ Las Vegas Aces,2026-08-21T02:00:00Z,Las Vegas Aces,Connecticut Sun,A'ja Wilson,,PTS,OVER,34.5,400,Fanatics,fanatics,player_points_alternate,the-odds-api,2026-08-20T14:45:09.017436+00:00
2026-08-20,cdd0cd4e662b83ac6836cb4a84a152e3,Connecticut Sun @ Las Vegas Aces,2026-08-21T02:00:00Z,Las Vegas Aces,Connecticut Sun,A'ja Wilson,,PTS,OVER,35.5,475,Fanatics,fanatics,player_points_alternate,the-odds-api,2026-08-20T14:45:09.017436+00:00
2026-08-20,cdd0cd4e662b83ac6836cb4a84a152e3,Connecticut Sun @ Las Vegas Aces,2026-08-21T02:00:00Z,Las Vegas Aces,Connecticut Sun,A'ja Wilson,,PTS,OVER,36.5,600,Fanatics,fanatics,player_points_alternate,the-odds-api,2026-08-20T14:45:09.017436+00:00
2026-08-20,cdd0cd4e662b83ac6836cb4a84a152e3,Connecticut Sun @ Las Vegas Aces,2026-08-21T02:00:00Z,Las Vegas Aces,Connecticut Sun,A'ja Wilson,,PTS,OVER,37.5,750,Fanatics,fanatics,player_points_alternate,the-odds-api,2026-08-20T14:45:09.017436+00:00
2026-08-20,cdd0cd4e662b83ac6836cb4a84a152e3,Connecticut Sun @ Las Vegas Aces,2026-08-21T02:00:00Z,Las Vegas Aces,Connecticut Sun,A'ja Wilson,,PTS,OVER,38.5,900,Fanatics,fanatics,player_points_alternate,the-odds-api,2026-08-20T14:45:09.017436+00:00
2026-08-20,cdd0cd4e662b83ac6836cb4a84a152e3,Connecticut Sun @ Las Vegas Aces,2026-08-21T02:00:00Z,Las Vegas Aces,Connecticut Sun,A'ja Wilson,,PTS,OVER,39.5,1000,Fanatics,fanatics,player_points_alternate,the-odds-api,2026-08-20T14:45:09.017436+00:00
2026-08-20,cdd0cd4e662b83ac6836cb4a84a152e3,Connecticut Sun @ Las Vegas Aces,2026-08-21T02:00:00Z,Las Vegas Aces,Connecticut Sun,Jackie Young,,PTS,OVER,9.5,-2200,Fanatics,fanatics,player_points_alternate,the-odds-api,2026-08-20T14:45:09.017436+00:00
2026-08-20,cdd0cd4e662b83ac6836cb4a84a152e3,Connecticut Sun @ Las Vegas Aces,2026-08-21T02:00:00Z,Las Vegas Aces,Connecticut Sun,Jackie Young,,PTS,OVER,10.5,-1500,Fanatics,fanatics,player_points_alternate,the-odds-api,2026-08-20T14:45:09.017436+00:00
2026-08-20,cdd0cd4e662b83ac6836cb4a84a152e3,Connecticut Sun @ Las Vegas Aces,2026-08-21T02:00:00Z,Las Vegas Aces,Connecticut Sun,Jackie Young,,PTS,OVER,11.5,-1100,Fanatics,fanatics,player_points_alternate,the-odds-api,2026-08-20T14:45:09.017436+00:00
2026-08-20,cdd0cd4e662b83ac6836cb4a84a152e3,Connecticut Sun @ Las Vegas Aces,2026-08-21T02:00:00Z,Las Vegas Aces,Connecticut Sun,Jackie Young,,PTS,OVER,12.5,-800,Fanatics,fanatics,player_points_alternate,the-odds-api,2026-08-20T14:45:09.017436+00:00
2026-08-20,cdd0cd4e662b83ac6836cb4a84a152e3,Connecticut Sun @ Las Vegas Aces,2026-08-21T02:00:00Z,Las Vegas Aces,Connecticut Sun,Jackie Young,,PTS,OVER,13.5,-550,Fanatics,fanatics,player_points_alternate,the-odds-api,2026-08-20T14:45:09.017436+00:00
2026-08-20,cdd0cd4e662b83ac6836cb4a84a152e3,Connecticut Sun @ Las Vegas Aces,2026-08-21T02:00:00Z,Las Vegas Aces,Connecticut Sun,Jackie Young,,PTS,OVER,14.5,-425,Fanatics,fanatics,player_points_alternate,the-odds-api,2026-08-20T14:45:09.017436+00:00
2026-08-20,cdd0cd4e662b83ac6836cb4a84a152e3,Connecticut Sun @ Las Vegas Aces,2026-08-21T02:00:00Z,Las Vegas Aces,Connecticut Sun,Jackie Young,,PTS,OVER,15.5,-325,Fanatics,fanatics,player_points_alternate,the-odds-api,2026-08-20T14:45:09.017436+00:00
2026-08-20,cdd0cd4e662b83ac6836cb4a84a152e3,Connecticut Sun @ Las Vegas Aces,2026-08-21T02:00:00Z,Las Vegas Aces,Connecticut Sun,Jackie Young,,PTS,OVER,16.5,-240,Fanatics,fanatics,player_points_alternate,the-odds-api,2026-08-20T14:45:09.017436+00:00
2026-08-20,cdd0cd4e662b83ac6836cb4a84a152e3,Connecticut Sun @ Las Vegas Aces,2026-08-21T02:00:00Z,Las Vegas Aces,Connecticut Sun,Jackie Young,,PTS,OVER,17.5,-175,Fanatics,fanatics,player_points_alternate,the-odds-api,2026-08-20T14:45:09.017436+00:00
2026-08-20,cdd0cd4e662b83ac6836cb4a84a152e3,Connecticut Sun @ Las Vegas Aces,2026-08-21T02:00:00Z,Las Vegas Aces,Connecticut Sun,Jackie Young,,PTS,OVER,18.5,-140,Fanatics,fanatics,player_points_alternate,the-odds-api,2026-08-20T14:45:09.017436+00:00
2026-08-20,cdd0cd4e662b83ac6836cb4a84a152e3,Connecticut Sun @ Las Vegas Aces,2026-08-21T02:00:00Z,Las Vegas Aces,Connecticut Sun,Jackie Young,,PTS,OVER,19.5,-110,Fanatics,fanatics,player_points_alternate,the-odds-api,2026-08-20T14:45:09.017436+00:00
2026-08-20,cdd0cd4e662b83ac6836cb4a84a152e3,Connecticut Sun @ Las Vegas Aces,2026-08-21T02:00:00Z,Las Vegas Aces,Connecticut Sun,Jackie Young,,PTS,OVER,20.5,115,Fanatics,fanatics,player_points_alternate,the-odds-api,2026-08-20T14:45:09.017436+00:00
2026-08-20,cdd0cd4e662b83ac6836cb4a84a152e3,Connecticut Sun @ Las Vegas Aces,2026-08-21T02:00:00Z,Las Vegas Aces,Connecticut Sun,Jackie Young,,PTS,OVER,21.5,135,Fanatics,fanatics,player_points_alternate,the-odds-api,2026-08-20T14:45:09.017436+00:00
2026-08-20,cdd0cd4e662b83ac6836cb4a84a152e3,Connecticut Sun @ Las Vegas Aces,2026-08-21T02:00:00Z,Las Vegas Aces,Connecticut Sun,Jackie Young,,PTS,OVER,22.5,160,Fanatics,fanatics,player_points_alternate,the-odds-api,2026-08-20T14:45:09.017436+00:00
2026-08-20,cdd0cd4e662b83ac6836cb4a84a152e3,Connecticut Sun @ Las Vegas Aces,2026-08-21T02:00:00Z,Las Vegas Aces,Connecticut Sun,Jackie Young,,PTS,OVER,23.5,200,Fanatics,fanatics,player_points_alternate,the-odds-api,2026-08-20T14:45:09.017436+00:00
2026-08-20,cdd0cd4e662b83ac6836cb4a84a152e3,Connecticut Sun @ Las Vegas Aces,2026-08-21T02:00:00Z,Las Vegas Aces,Connecticut Sun,Jackie Young,,PTS,OVER,24.5,240,Fanatics,fanatics,player_points_alternate,the-odds-api,2026-08-20T14:45:09.017436+00:00
2026-08-20,cdd0cd4e662b83ac6836cb4a84a152e3,Connecticut Sun @ Las Vegas Aces,2026-08-21T02:00:00Z,Las Vegas Aces,Connecticut Sun,Jackie Young,,PTS,OVER,25.5,300,Fanatics,fanatics,player_points_alternate,the-odds-api,2026-08-20T14:45:09.017436+00:00
2026-08-20,cdd0cd4e662b83ac6836cb4a84a152e3,Connecticut Sun @ Las Vegas Aces,2026-08-21T02:00:00Z,Las Vegas Aces,Connecticut Sun,Jackie Young,,PTS,OVER,26.5,350,Fanatics,fanatics,player_points_alternate,the-odds-api,2026-08-20T14:45:09.017436+00:00
2026-08-20,cdd0cd4e662b83ac6836cb4a84a152e3,Connecticut Sun @ Las Vegas Aces,2026-08-21T02:00:00Z,Las Vegas Aces,Connecticut Sun,Jackie Young,,PTS,OVER,27.5,425,Fanatics,fanatics,player_points_alternate,the-odds-api,2026-08-20T14:45:09.017436+00:00
2026-08-20,cdd0cd4e662b83ac6836cb4a84a152e3,Connecticut Sun @ Las Vegas Aces,2026-08-21T02:00:00Z,Las Vegas Aces,Connecticut Sun,Jackie Young,,PTS,OVER,28.5,550,Fanatics,fanatics,player_points_alternate,the-odds-api,2026-08-20T14:45:09.017436+00:00
2026-08-20,cdd0cd4e662b83ac6836cb4a84a152e3,Connecticut Sun @ Las Vegas Aces,2026-08-21T02:00:00Z,Las Vegas Aces,Connecticut Sun,Jackie Young,,PTS,OVER,29.5,700,Fanatics,fanatics,player_points_alternate,the-odds-api,2026-08-20T14:45:09.017436+00:00
2026-08-20,cdd0cd4e662b83ac6836cb4a84a152e3,Connecticut Sun @ Las Vegas Aces,2026-08-21T02:00:00Z,Las Vegas Aces,Connecticut Sun,Jackie Young,,PTS,OVER,30.5,850,Fanatics,fanatics,player_points_alternate,the-odds-api,2026-08-20T14:45:09.017436+00:00
2026-08-20,cdd0cd4e662b83ac6836cb4a84a152e3,Connecticut Sun @ Las Vegas Aces,2026-08-21T02:00:00Z,Las Vegas Aces,Connecticut Sun,Jackie Young,,PTS,OVER,31.5,950,Fanatics,fanatics,player_points_alternate,the-odds-api,2026-08-20T14:45:09.017436+00:00
2026-08-20,cdd0cd4e662b83ac6836cb4a84a152e3,Connecticut Sun @ Las Vegas Aces,2026-08-21T02:00:00Z,Las Vegas Aces,Connecticut Sun,Jackie Young,,PTS,OVER,32.5,1100,Fanatics,fanatics,player_points_alternate,the-odds-api,2026-08-20T14:45:09.017436+00:00
2026-08-20,cdd0cd4e662b83ac6836cb4a84a152e3,Connecticut Sun @ Las Vegas Aces,2026-08-21T02:00:00Z,Las Vegas Aces,Connecticut Sun,Jackie Young,,PTS,OVER,33.5,1400,Fanatics,fanatics,player_points_alternate,the-odds-api,2026-08-20T14:45:09.017436+00:00
2026-08-20,cdd0cd4e662b83ac6836cb4a84a152e3,Connecticut Sun @ Las Vegas Aces,2026-08-21T02:00:00Z,Las Vegas Aces,Connecticut Sun,Chelsea Gray,,PTS,OVER,4.5,-1700,Fanatics,fanatics,player_points_alternate,the-odds-api,2026-08-20T14:45:09.017436+00:00
2026-08-20,cdd0cd4e662b83ac6836cb4a84a152e3,Connecticut Sun @ Las Vegas Aces,2026-08-21T02:00:00Z,Las Vegas Aces,Connecticut Sun,Chelsea Gray,,PTS,OVER,5.5,-1000,Fanatics,fanatics,player_points_alternate,the-odds-api,2026-08-20T14:45:09.017436+00:00
2026-08-20,cdd0cd4e662b83ac6836cb4a84a152e3,Connecticut Sun @ Las Vegas Aces,2026-08-21T02:00:00Z,Las Vegas Aces,Connecticut Sun,Chelsea Gray,,PTS,OVER,6.5,-650,Fanatics,fanatics,player_points_alternate,the-odds-api,2026-08-20T14:45:09.017436+00:00
2026-08-20,cdd0cd4e662b83ac6836cb4a84a152e3,Connecticut Sun @ Las Vegas Aces,2026-08-21T02:00:00Z,Las Vegas Aces,Connecticut Sun,Chelsea Gray,,PTS,OVER,7.5,-425,Fanatics,fanatics,player_points_alternate,the-odds-api,2026-08-20T14:45:09.017436+00:00
2026-08-20,cdd0cd4e662b83ac6836cb4a84a152e3,Connecticut Sun @ Las Vegas Aces,2026-08-21T02:00:00Z,Las Vegas Aces,Connecticut Sun,Chelsea Gray,,PTS,OVER,8.5,-300,Fanatics,fanatics,player_points_alternate,the-odds-api,2026-08-20T14:45:09.017436+00:00
2026-08-20,cdd0cd4e662b83ac6836cb4a84a152e3,Connecticut Sun @ Las Vegas Aces,2026-08-21T02:00:00Z,Las Vegas Aces,Connecticut Sun,Chelsea Gray,,PTS,OVER,9.5,-210,Fanatics,fanatics,player_points_alternate,the-odds-api,2026-08-20T14:45:09.017436+00:00
2026-08-20,cdd0cd4e662b83ac6836cb4a84a152e3,Connecticut Sun @ Las Vegas Aces,2026-08-21T02:00:00Z,Las Vegas Aces,Connecticut Sun,Chelsea Gray,,PTS,OVER,10.5,-145,Fanatics,fanatics,player_points_alternate,the-odds-api,2026-08-20T14:45:09.017436+00:00
2026-08-20,cdd0cd4e662b83ac6836cb4a84a152e3,Connecticut Sun @ Las Vegas Aces,2026-08-21T02:00:00Z,Las Vegas Aces,Connecticut Sun,Chelsea Gray,,PTS,OVER,11.5,-105,Fanatics,fanatics,player_points_alternate,the-odds-api,2026-08-20T14:45:09.017436+00:00
2026-08-20,cdd0cd4e662b83ac6836cb4a84a152e3,Connecticut Sun @ Las Vegas Aces,2026-08-21T02:00:00Z,Las Vegas Aces,Connecticut Sun,Chelsea Gray,,PTS,OVER,12.5,125,Fanatics,fanatics,player_points_alternate,the-odds-api,2026-08-20T14:45:09.017436+00:00
2026-08-20,cdd0cd4e662b83ac6836cb4a84a152e3,Connecticut Sun @ Las Vegas Aces,2026-08-21T02:00:00Z,Las Vegas Aces,Connecticut Sun,Chelsea Gray,,PTS,OVER,13.5,150,Fanatics,fanatics,player_points_alternate,the-odds-api,2026-08-20T14:45:09.017436+00:00
2026-08-20,cdd0cd4e662b83ac6836cb4a84a152e3,Connecticut Sun @ Las Vegas Aces,2026-08-21T02:00:00Z,Las Vegas Aces,Connecticut Sun,Chelsea Gray,,PTS,OVER,14.5,190,Fanatics,fanatics,player_points_alternate,the-odds-api,2026-08-20T14:45:09.017436+00:00
2026-08-20,cdd0cd4e662b83ac6836cb4a84a152e3,Connecticut Sun @ Las Vegas Aces,2026-08-21T02:00:00Z,Las Vegas Aces,Connecticut Sun,Chelsea Gray,,PTS,OVER,15.5,240,Fanatics,fanatics,player_points_alternate,the-odds-api,2026-08-20T14:45:09.017436+00:00
2026-08-20,cdd0cd4e662b83ac6836cb4a84a152e3,Connecticut Sun @ Las Vegas Aces,2026-08-21T02:00:00Z,Las Vegas Aces,Connecticut Sun,Chelsea Gray,,PTS,OVER,16.5,320,Fanatics,fanatics,player_points_alternate,the-odds-api,2026-08-20T14:45:09.017436+00:00
2026-08-20,cdd0cd4e662b83ac6836cb4a84a152e3,Connecticut Sun @ Las Vegas Aces,2026-08-21T02:00:00Z,Las Vegas Aces,Connecticut Sun,Chelsea Gray,,PTS,OVER,17.5,375,Fanatics,fanatics,player_points_alternate,the-odds-api,2026-08-20T14:45:09.017436+00:00
2026-08-20,cdd0cd4e662b83ac6836cb4a84a152e3,Connecticut Sun @ Las Vegas Aces,2026-08-21T02:00:00Z,Las Vegas Aces,Connecticut Sun,Chelsea Gray,,PTS,OVER,18.5,500,Fanatics,fanatics,player_points_alternate,the-odds-api,2026-08-20T14:45:09.017436+00:00
2026-08-20,cdd0cd4e662b83ac6836cb4a84a152e3,Connecticut Sun @ Las Vegas Aces,2026-08-21T02:00:00Z,Las Vegas Aces,Connecticut Sun,Chelsea Gray,,PTS,OVER,19.5,650,Fanatics,fanatics,player_points_alternate,the-odds-api,2026-08-20T14:45:09.017436+00:00
2026-08-20,cdd0cd4e662b83ac6836cb4a84a152e3,Connecticut Sun @ Las Vegas Aces,2026-08-21T02:00:00Z,Las Vegas Aces,Connecticut Sun,Chelsea Gray,,PTS,OVER,20.5,850,Fanatics,fanatics,player_points_alternate,the-odds-api,2026-08-20T14:45:09.017436+00:00
2026-08-20,cdd0cd4e662b83ac6836cb4a84a152e3,Connecticut Sun @ Las Vegas Aces,2026-08-21T02:00:00Z,Las Vegas Aces,Connecticut Sun,Chelsea Gray,,PTS,OVER,21.5,1000,Fanatics,fanatics,player_points_alternate,the-odds-api,2026-08-20T14:45:09.017436+00:00
2026-08-20,cdd0cd4e662b83ac6836cb4a84a152e3,Connecticut Sun @ Las Vegas Aces,2026-08-21T02:00:00Z,Las Vegas Aces,Connecticut Sun,Chelsea Gray,,PTS,OVER,22.5,1200,Fanatics,fanatics,player_points_alternate,the-odds-api,2026-08-20T14:45:09.017436+00:00
2026-08-20,cdd0cd4e662b83ac6836cb4a84a152e3,Connecticut Sun @ Las Vegas Aces,2026-08-21T02:00:00Z,Las Vegas Aces,Connecticut Sun,Chelsea Gray,,PTS,OVER,23.5,1600,Fanatics,fanatics,player_points_alternate,the-odds-api,2026-08-20T14:45:09.017436+00:00
2026-08-20,cdd0cd4e662b83ac6836cb4a84a152e3,Connecticut Sun @ Las Vegas Aces,2026-08-21T02:00:00Z,Las Vegas Aces,Connecticut Sun,NaLyssa Smith,,PTS,OVER,4.5,-1800,Fanatics,fanatics,player_points_alternate,the-odds-api,2026-08-20T14:45:09.017436+00:00
2026-08-20,cdd0cd4e662b83ac6836cb4a84a152e3,Connecticut Sun @ Las Vegas Aces,2026-08-21T02:00:00Z,Las Vegas Aces,Connecticut Sun,NaLyssa Smith,,PTS,OVER,5.5,-1100,Fanatics,fanatics,player_points_alternate,the-odds-api,2026-08-20T14:45:09.017436+00:00
2026-08-20,cdd0cd4e662b83ac6836cb4a84a152e3,Connecticut Sun @ Las Vegas Aces,2026-08-21T02:00:00Z,Las Vegas Aces,Connecticut Sun,NaLyssa Smith,,PTS,OVER,6.5,-700,Fanatics,fanatics,player_points_alternate,the-odds-api,2026-08-20T14:45:09.017436+00:00
2026-08-20,cdd0cd4e662b83ac6836cb4a84a152e3,Connecticut Sun @ Las Vegas Aces,2026-08-21T02:00:00Z,Las Vegas Aces,Connecticut Sun,NaLyssa Smith,,PTS,OVER,7.5,-450,Fanatics,fanatics,player_points_alternate,the-odds-api,2026-08-20T14:45:09.017436+00:00
2026-08-20,cdd0cd4e662b83ac6836cb4a84a152e3,Connecticut Sun @ Las Vegas Aces,2026-08-21T02:00:00Z,Las Vegas Aces,Connecticut Sun,NaLyssa Smith,,PTS,OVER,8.5,-325,Fanatics,fanatics,player_points_alternate,the-odds-api,2026-08-20T14:45:09.017436+00:00
2026-08-20,cdd0cd4e662b83ac6836cb4a84a152e3,Connecticut Sun @ Las Vegas Aces,2026-08-21T02:00:00Z,Las Vegas Aces,Connecticut Sun,NaLyssa Smith,,PTS,OVER,9.5,-225,Fanatics,fanatics,player_points_alternate,the-odds-api,2026-08-20T14:45:09.017436+00:00
2026-08-20,cdd0cd4e662b83ac6836cb4a84a152e3,Connecticut Sun @ Las Vegas Aces,2026-08-21T02:00:00Z,Las Vegas Aces,Connecticut Sun,NaLyssa Smith,,PTS,OVER,10.5,-150,Fanatics,fanatics,player_points_alternate,the-odds-api,2026-08-20T14:45:09.017436+00:00
2026-08-20,cdd0cd4e662b83ac6836cb4a84a152e3,Connecticut Sun @ Las Vegas Aces,2026-08-21T02:00:00Z,Las Vegas Aces,Connecticut Sun,NaLyssa Smith,,PTS,OVER,11.5,-115,Fanatics,fanatics,player_points_alternate,the-odds-api,2026-08-20T14:45:09.017436+00:00
2026-08-20,cdd0cd4e662b83ac6836cb4a84a152e3,Connecticut Sun @ Las Vegas Aces,2026-08-21T02:00:00Z,Las Vegas Aces,Connecticut Sun,NaLyssa Smith,,PTS,OVER,12.5,120,Fanatics,fanatics,player_points_alternate,the-odds-api,2026-08-20T14:45:09.017436+00:00
2026-08-20,cdd0cd4e662b83ac6836cb4a84a152e3,Connecticut Sun @ Las Vegas Aces,2026-08-21T02:00:00Z,Las Vegas Aces,Connecticut Sun,NaLyssa Smith,,PTS,OVER,13.5,150,Fanatics,fanatics,player_points_alternate,the-odds-api,2026-08-20T14:45:09.017436+00:00
2026-08-20,cdd0cd4e662b83ac6836cb4a84a152e3,Connecticut Sun @ Las Vegas Aces,2026-08-21T02:00:00Z,Las Vegas Aces,Connecticut Sun,NaLyssa Smith,,PTS,OVER,14.5,190,Fanatics,fanatics,player_points_alternate,the-odds-api,2026-08-20T14:45:09.017436+00:00
2026-08-20,cdd0cd4e662b83ac6836cb4a84a152e3,Connecticut Sun @ Las Vegas Aces,2026-08-21T02:00:00Z,Las Vegas Aces,Connecticut Sun,NaLyssa Smith,,PTS,OVER,15.5,260,Fanatics,fanatics,player_points_alternate,the-odds-api,2026-08-20T14:45:09.017436+00:00
2026-08-20,cdd0cd4e662b83ac6836cb4a84a152e3,Connecticut Sun @ Las Vegas Aces,2026-08-21T02:00:00Z,Las Vegas Aces,Connecticut Sun,NaLyssa Smith,,PTS,OVER,16.5,320,Fanatics,fanatics,player_points_alternate,the-odds-api,2026-08-20T14:45:09.017436+00:00
2026-08-20,cdd0cd4e662b83ac6836cb4a84a152e3,Connecticut Sun @ Las Vegas Aces,2026-08-21T02:00:00Z,Las Vegas Aces,Connecticut Sun,NaLyssa Smith,,PTS,OVER,17.5,400,Fanatics,fanatics,player_points_alternate,the-odds-api,2026-08-20T14:45:09.017436+00:00
2026-08-20,cdd0cd4e662b83ac6836cb4a84a152e3,Connecticut Sun @ Las Vegas Aces,2026-08-21T02:00:00Z,Las Vegas Aces,Connecticut Sun,NaLyssa Smith,,PTS,OVER,18.5,500,Fanatics,fanatics,player_points_alternate,the-odds-api,2026-08-20T14:45:09.017436+00:00
2026-08-20,cdd0cd4e662b83ac6836cb4a84a152e3,Connecticut Sun @ Las Vegas Aces,2026-08-21T02:00:00Z,Las Vegas Aces,Connecticut Sun,NaLyssa Smith,,PTS,OVER,19.5,700,Fanatics,fanatics,player_points_alternate,the-odds-api,2026-08-20T14:45:09.017436+00:00
2026-08-20,cdd0cd4e662b83ac6836cb4a84a152e3,Connecticut Sun @ Las Vegas Aces,2026-08-21T02:00:00Z,Las Vegas Aces,Connecticut Sun,NaLyssa Smith,,PTS,OVER,20.5,900,Fanatics,fanatics,player_points_alternate,the-odds-api,2026-08-20T14:45:09.017436+00:00
2026-08-20,cdd0cd4e662b83ac6836cb4a84a152e3,Connecticut Sun @ Las Vegas Aces,2026-08-21T02:00:00Z,Las Vegas Aces,Connecticut Sun,NaLyssa Smith,,PTS,OVER,21.5,1000,Fanatics,fanatics,player_points_alternate,the-odds-api,2026-08-20T14:45:09.017436+00:00
2026-08-20,cdd0cd4e662b83ac6836cb4a84a152e3,Connecticut Sun @ Las Vegas Aces,2026-08-21T02:00:00Z,Las Vegas Aces,Connecticut Sun,NaLyssa Smith,,PTS,OVER,22.5,1400,Fanatics,fanatics,player_points_alternate,the-odds-api,2026-08-20T14:45:09.017436+00:00
2026-08-20,cdd0cd4e662b83ac6836cb4a84a152e3,Connecticut Sun @ Las Vegas Aces,2026-08-21T02:00:00Z,Las Vegas Aces,Connecticut Sun,Olivia Nelson-Ododa,,PTS,OVER,5.5,-2500,Fanatics,fanatics,player_points_alternate,the-odds-api,2026-08-20T14:45:09.017436+00:00
2026-08-20,cdd0cd4e662b83ac6836cb4a84a152e3,Connecticut Sun @ Las Vegas Aces,2026-08-21T02:00:00Z,Las Vegas Aces,Connecticut Sun,Olivia Nelson-Ododa,,PTS,OVER,6.5,-1500,Fanatics,fanatics,player_points_alternate,the-odds-api,2026-08-20T14:45:09.017436+00:00
2026-08-20,cdd0cd4e662b83ac6836cb4a84a152e3,Connecticut Sun @ Las Vegas Aces,2026-08-21T02:00:00Z,Las Vegas Aces,Connecticut Sun,Olivia Nelson-Ododa,,PTS,OVER,7.5,-1000,Fanatics,fanatics,player_points_alternate,the-odds-api,2026-08-20T14:45:09.017436+00:00
2026-08-20,cdd0cd4e662b83ac6836cb4a84a152e3,Connecticut Sun @ Las Vegas Aces,2026-08-21T02:00:00Z,Las Vegas Aces,Connecticut Sun,Olivia Nelson-Ododa,,PTS,OVER,8.5,-650,Fanatics,fanatics,player_points_alternate,the-odds-api,2026-08-20T14:45:09.017436+00:00
2026-08-20,cdd0cd4e662b83ac6836cb4a84a152e3,Connecticut Sun @ Las Vegas Aces,2026-08-21T02:00:00Z,Las Vegas Aces,Connecticut Sun,Olivia Nelson-Ododa,,PTS,OVER,9.5,-425,Fanatics,fanatics,player_points_alternate,the-odds-api,2026-08-20T14:45:09.017436+00:00
2026-08-20,cdd0cd4e662b83ac6836cb4a84a152e3,Connecticut Sun @ Las Vegas Aces,2026-08-21T02:00:00Z,Las Vegas Aces,Connecticut Sun,Olivia Nelson-Ododa,,PTS,OVER,10.5,-300,Fanatics,fanatics,player_points_alternate,the-odds-api,2026-08-20T14:45:09.017436+00:00
2026-08-20,cdd0cd4e662b83ac6836cb4a84a152e3,Connecticut Sun @ Las Vegas Aces,2026-08-21T02:00:00Z,Las Vegas Aces,Connecticut Sun,Olivia Nelson-Ododa,,PTS,OVER,11.5,-225,Fanatics,fanatics,player_points_alternate,the-odds-api,2026-08-20T14:45:09.017436+00:00
2026-08-20,cdd0cd4e662b83ac6836cb4a84a152e3,Connecticut Sun @ Las Vegas Aces,2026-08-21T02:00:00Z,Las Vegas Aces,Connecticut Sun,Olivia Nelson-Ododa,,PTS,OVER,12.5,-150,Fanatics,fanatics,player_points_alternate,the-odds-api,2026-08-20T14:45:09.017436+00:00
2026-08-20,cdd0cd4e662b83ac6836cb4a84a152e3,Connecticut Sun @ Las Vegas Aces,2026-08-21T02:00:00Z,Las Vegas Aces,Connecticut Sun,Olivia Nelson-Ododa,,PTS,OVER,13.5,-115,Fanatics,fanatics,player_points_alternate,the-odds-api,2026-08-20T14:45:09.017436+00:00
2026-08-20,cdd0cd4e662b83ac6836cb4a84a152e3,Connecticut Sun @ Las Vegas Aces,2026-08-21T02:00:00Z,Las Vegas Aces,Connecticut Sun,Olivia Nelson-Ododa,,PTS,OVER,14.5,120,Fanatics,fanatics,player_points_alternate,the-odds-api,2026-08-20T14:45:09.017436+00:00
2026-08-20,cdd0cd4e662b83ac6836cb4a84a152e3,Connecticut Sun @ Las Vegas Aces,2026-08-21T02:00:00Z,Las Vegas Aces,Connecticut Sun,Olivia Nelson-Ododa,,PTS,OVER,15.5,140,Fanatics,fanatics,player_points_alternate,the-odds-api,2026-08-20T14:45:09.017436+00:00
2026-08-20,cdd0cd4e662b83ac6836cb4a84a152e3,Connecticut Sun @ Las Vegas Aces,2026-08-21T02:00:00Z,Las Vegas Aces,Connecticut Sun,Olivia Nelson-Ododa,,PTS,OVER,16.5,185,Fanatics,fanatics,player_points_alternate,the-odds-api,2026-08-20T14:45:09.017436+00:00
2026-08-20,cdd0cd4e662b83ac6836cb4a84a152e3,Connecticut Sun @ Las Vegas Aces,2026-08-21T02:00:00Z,Las Vegas Aces,Connecticut Sun,Olivia Nelson-Ododa,,PTS,OVER,17.5,230,Fanatics,fanatics,player_points_alternate,the-odds-api,2026-08-20T14:45:09.017436+00:00
2026-08-20,cdd0cd4e662b83ac6836cb4a84a152e3,Connecticut Sun @ Las Vegas Aces,2026-08-21T02:00:00Z,Las Vegas Aces,Connecticut Sun,Olivia Nelson-Ododa,,PTS,OVER,18.5,290,Fanatics,fanatics,player_points_alternate,the-odds-api,2026-08-20T14:45:09.017436+00:00
2026-08-20,cdd0cd4e662b83ac6836cb4a84a152e3,Connecticut Sun @ Las Vegas Aces,2026-08-21T02:00:00Z,Las Vegas Aces,Connecticut Sun,Olivia Nelson-Ododa,,PTS,OVER,19.5,350,Fanatics,fanatics,player_points_alternate,the-odds-api,2026-08-20T14:45:09.017436+00:00
2026-08-20,cdd0cd4e662b83ac6836cb4a84a152e3,Connecticut Sun @ Las Vegas Aces,2026-08-21T02:00:00Z,Las Vegas Aces,Connecticut Sun,Olivia Nelson-Ododa,,PTS,OVER,20.5,425,Fanatics,fanatics,player_points_alternate,the-odds-api,2026-08-20T14:45:09.017436+00:00
2026-08-20,cdd0cd4e662b83ac6836cb4a84a152e3,Connecticut Sun @ Las Vegas Aces,2026-08-21T02:00:00Z,Las Vegas Aces,Connecticut Sun,Olivia Nelson-Ododa,,PTS,OVER,21.5,600,Fanatics,fanatics,player_points_alternate,the-odds-api,2026-08-20T14:45:09.017436+00:00
2026-08-20,cdd0cd4e662b83ac6836cb4a84a152e3,Connecticut Sun @ Las Vegas Aces,2026-08-21T02:00:00Z,Las Vegas Aces,Connecticut Sun,Olivia Nelson-Ododa,,PTS,OVER,22.5,750,Fanatics,fanatics,player_points_alternate,the-odds-api,2026-08-20T14:45:09.017436+00:00
2026-08-20,cdd0cd4e662b83ac6836cb4a84a152e3,Connecticut Sun @ Las Vegas Aces,2026-08-21T02:00:00Z,Las Vegas Aces,Connecticut Sun,Olivia Nelson-Ododa,,PTS,OVER,23.5,900,Fanatics,fanatics,player_points_alternate,the-odds-api,2026-08-20T14:45:09.017436+00:00
2026-08-20,cdd0cd4e662b83ac6836cb4a84a152e3,Connecticut Sun @ Las Vegas Aces,2026-08-21T02:00:00Z,Las Vegas Aces,Connecticut Sun,Olivia Nelson-Ododa,,PTS,OVER,24.5,1000,Fanatics,fanatics,player_points_alternate,the-odds-api,2026-08-20T14:45:09.017436+00:00
2026-08-20,cdd0cd4e662b83ac6836cb4a84a152e3,Connecticut Sun @ Las Vegas Aces,2026-08-21T02:00:00Z,Las Vegas Aces,Connecticut Sun,Olivia Nelson-Ododa,,PTS,OVER,25.5,1400,Fanatics,fanatics,player_points_alternate,the-odds-api,2026-08-20T14:45:09.017436+00:00
2026-08-20,cdd0cd4e662b83ac6836cb4a84a152e3,Connecticut Sun @ Las Vegas Aces,2026-08-21T02:00:00Z,Las Vegas Aces,Connecticut Sun,Diamond Miller,,PTS,OVER,4.5,-2000,Fanatics,fanatics,player_points_alternate,the-odds-api,2026-08-20T14:45:09.017436+00:00
2026-08-20,cdd0cd4e662b83ac6836cb4a84a152e3,Connecticut Sun @ Las Vegas Aces,2026-08-21T02:00:00Z,Las Vegas Aces,Connecticut Sun,Diamond Miller,,PTS,OVER,5.5,-1200,Fanatics,fanatics,player_points_alternate,the-odds-api,2026-08-20T14:45:09.017436+00:00
2026-08-20,cdd0cd4e662b83ac6836cb4a84a152e3,Connecticut Sun @ Las Vegas Aces,2026-08-21T02:00:00Z,Las Vegas Aces,Connecticut Sun,Diamond Miller,,PTS,OVER,6.5,-800,Fanatics,fanatics,player_points_alternate,the-odds-api,2026-08-20T14:45:09.017436+00:00
2026-08-20,cdd0cd4e662b83ac6836cb4a84a152e3,Connecticut Sun @ Las Vegas Aces,2026-08-21T02:00:00Z,Las Vegas Aces,Connecticut Sun,Diamond Miller,,PTS,OVER,7.5,-475,Fanatics,fanatics,player_points_alternate,the-odds-api,2026-08-20T14:45:09.017436+00:00
2026-08-20,cdd0cd4e662b83ac6836cb4a84a152e3,Connecticut Sun @ Las Vegas Aces,2026-08-21T02:00:00Z,Las Vegas Aces,Connecticut Sun,Diamond Miller,,PTS,OVER,8.5,-350,Fanatics,fanatics,player_points_alternate,the-odds-api,2026-08-20T14:45:09.017436+00:00
2026-08-20,cdd0cd4e662b83ac6836cb4a84a152e3,Connecticut Sun @ Las Vegas Aces,2026-08-21T02:00:00Z,Las Vegas Aces,Connecticut Sun,Diamond Miller,,PTS,OVER,9.5,-240,Fanatics,fanatics,player_points_alternate,the-odds-api,2026-08-20T14:45:09.017436+00:00
2026-08-20,cdd0cd4e662b83ac6836cb4a84a152e3,Connecticut Sun @ Las Vegas Aces,2026-08-21T02:00:00Z,Las Vegas Aces,Connecticut Sun,Diamond Miller,,PTS,OVER,10.5,-165,Fanatics,fanatics,player_points_alternate,the-odds-api,2026-08-20T14:45:09.017436+00:00
2026-08-20,cdd0cd4e662b83ac6836cb4a84a152e3,Connecticut Sun @ Las Vegas Aces,2026-08-21T02:00:00Z,Las Vegas Aces,Connecticut Sun,Diamond Miller,,PTS,OVER,11.5,-115,Fanatics,fanatics,player_points_alternate,the-odds-api,2026-08-20T14:45:09.017436+00:00
2026-08-20,cdd0cd4e662b83ac6836cb4a84a152e3,Connecticut Sun @ Las Vegas Aces,2026-08-21T02:00:00Z,Las Vegas Aces,Connecticut Sun,Diamond Miller,,PTS,OVER,12.5,115,Fanatics,fanatics,player_points_alternate,the-odds-api,2026-08-20T14:45:09.017436+00:00
2026-08-20,cdd0cd4e662b83ac6836cb4a84a152e3,Connecticut Sun @ Las Vegas Aces,2026-08-21T02:00:00Z,Las Vegas Aces,Connecticut Sun,Diamond Miller,,PTS,OVER,13.5,140,Fanatics,fanatics,player_points_alternate,the-odds-api,2026-08-20T14:45:09.017436+00:00
2026-08-20,cdd0cd4e662b83ac6836cb4a84a152e3,Connecticut Sun @ Las Vegas Aces,2026-08-21T02:00:00Z,Las Vegas Aces,Connecticut Sun,Diamond Miller,,PTS,OVER,14.5,185,Fanatics,fanatics,player_points_alternate,the-odds-api,2026-08-20T14:45:09.017436+00:00
2026-08-20,cdd0cd4e662b83ac6836cb4a84a152e3,Connecticut Sun @ Las Vegas Aces,2026-08-21T02:00:00Z,Las Vegas Aces,Connecticut Sun,Diamond Miller,,PTS,OVER,15.5,230,Fanatics,fanatics,player_points_alternate,the-odds-api,2026-08-20T14:45:09.017436+00:00
2026-08-20,cdd0cd4e662b83ac6836cb4a84a152e3,Connecticut Sun @ Las Vegas Aces,2026-08-21T02:00:00Z,Las Vegas Aces,Connecticut Sun,Diamond Miller,,PTS,OVER,16.5,290,Fanatics,fanatics,player_points_alternate,the-odds-api,2026-08-20T14:45:09.017436+00:00
2026-08-20,cdd0cd4e662b83ac6836cb4a84a152e3,Connecticut Sun @ Las Vegas Aces,2026-08-21T02:00:00Z,Las Vegas Aces,Connecticut Sun,Diamond Miller,,PTS,OVER,17.5,350,Fanatics,fanatics,player_points_alternate,the-odds-api,2026-08-20T14:45:09.017436+00:00
2026-08-20,cdd0cd4e662b83ac6836cb4a84a152e3,Connecticut Sun @ Las Vegas Aces,2026-08-21T02:00:00Z,Las Vegas Aces,Connecticut Sun,Diamond Miller,,PTS,OVER,18.5,425,Fanatics,fanatics,player_points_alternate,the-odds-api,2026-08-20T14:45:09.017436+00:00
2026-08-20,cdd0cd4e662b83ac6836cb4a84a152e3,Connecticut Sun @ Las Vegas Aces,2026-08-21T02:00:00Z,Las Vegas Aces,Connecticut Sun,Diamond Miller,,PTS,OVER,19.5,600,Fanatics,fanatics,player_points_alternate,the-odds-api,2026-08-20T14:45:09.017436+00:00
2026-08-20,cdd0cd4e662b83ac6836cb4a84a152e3,Connecticut Sun @ Las Vegas Aces,2026-08-21T02:00:00Z,Las Vegas Aces,Connecticut Sun,Diamond Miller,,PTS,OVER,20.5,800,Fanatics,fanatics,player_points_alternate,the-odds-api,2026-08-20T14:45:09.017436+00:00
2026-08-20,cdd0cd4e662b83ac6836cb4a84a152e3,Connecticut Sun @ Las Vegas Aces,2026-08-21T02:00:00Z,Las Vegas Aces,Connecticut Sun,Diamond Miller,,PTS,OVER,21.5,950,Fanatics,fanatics,player_points_alternate,the-odds-api,2026-08-20T14:45:09.017436+00:00
2026-08-20,cdd0cd4e662b83ac6836cb4a84a152e3,Connecticut Sun @ Las Vegas Aces,2026-08-21T02:00:00Z,Las Vegas Aces,Connecticut Sun,Diamond Miller,,PTS,OVER,22.5,1100,Fanatics,fanatics,player_points_alternate,the-odds-api,2026-08-20T14:45:09.017436+00:00
2026-08-20,cdd0cd4e662b83ac6836cb4a84a152e3,Connecticut Sun @ Las Vegas Aces,2026-08-21T02:00:00Z,Las Vegas Aces,Connecticut Sun,Diamond Miller,,PTS,OVER,23.5,1400,Fanatics,fanatics,player_points_alternate,the-odds-api,2026-08-20T14:45:09.017436+00:00
2026-08-20,cdd0cd4e662b83ac6836cb4a84a152e3,Connecticut Sun @ Las Vegas Aces,2026-08-21T02:00:00Z,Las Vegas Aces,Connecticut Sun,Leïla Lacan,,PTS,OVER,4.5,-1700,Fanatics,fanatics,player_points_alternate,the-odds-api,2026-08-20T14:45:09.017436+00:00
2026-08-20,cdd0cd4e662b83ac6836cb4a84a152e3,Connecticut Sun @ Las Vegas Aces,2026-08-21T02:00:00Z,Las Vegas Aces,Connecticut Sun,Leïla Lacan,,PTS,OVER,5.5,-1000,Fanatics,fanatics,player_points_alternate,the-odds-api,2026-08-20T14:45:09.017436+00:00
2026-08-20,cdd0cd4e662b83ac6836cb4a84a152e3,Connecticut Sun @ Las Vegas Aces,2026-08-21T02:00:00Z,Las Vegas Aces,Connecticut Sun,Leïla Lacan,,PTS,OVER,6.5,-630,Fanatics,fanatics,player_points_alternate,the-odds-api,2026-08-20T14:45:09.017436+00:00
2026-08-20,cdd0cd4e662b83ac6836cb4a84a152e3,Connecticut Sun @ Las Vegas Aces,2026-08-21T02:00:00Z,Las Vegas Aces,Connecticut Sun,Leïla Lacan,,PTS,OVER,7.5,-400,Fanatics,fanatics,player_points_alternate,the-odds-api,2026-08-20T14:45:09.017436+00:00
2026-08-20,cdd0cd4e662b83ac6836cb4a84a152e3,Connecticut Sun @ Las Vegas Aces,2026-08-21T02:00:00Z,Las Vegas Aces,Connecticut Sun,Leïla Lacan,,PTS,OVER,8.5,-275,Fanatics,fanatics,player_points_alternate,the-odds-api,2026-08-20T14:45:09.017436+00:00
2026-08-20,cdd0cd4e662b83ac6836cb4a84a152e3,Connecticut Sun @ Las Vegas Aces,2026-08-21T02:00:00Z,Las Vegas Aces,Connecticut Sun,Leïla Lacan,,PTS,OVER,9.5,-190,Fanatics,fanatics,player_points_alternate,the-odds-api,2026-08-20T14:45:09.017436+00:00
2026-08-20,cdd0cd4e662b83ac6836cb4a84a152e3,Connecticut Sun @ Las Vegas Aces,2026-08-21T02:00:00Z,Las Vegas Aces,Connecticut Sun,Leïla Lacan,,PTS,OVER,10.5,-130,Fanatics,fanatics,player_points_alternate,the-odds-api,2026-08-20T14:45:09.017436+00:00
2026-08-20,cdd0cd4e662b83ac6836cb4a84a152e3,Connecticut Sun @ Las Vegas Aces,2026-08-21T02:00:00Z,Las Vegas Aces,Connecticut Sun,Leïla Lacan,,PTS,OVER,11.5,105,Fanatics,fanatics,player_points_alternate,the-odds-api,2026-08-20T14:45:09.017436+00:00
2026-08-20,cdd0cd4e662b83ac6836cb4a84a152e3,Connecticut Sun @ Las Vegas Aces,2026-08-21T02:00:00Z,Las Vegas Aces,Connecticut Sun,Leïla Lacan,,PTS,OVER,12.5,130,Fanatics,fanatics,player_points_alternate,the-odds-api,2026-08-20T14:45:09.017436+00:00
2026-08-20,cdd0cd4e662b83ac6836cb4a84a152e3,Connecticut Sun @ Las Vegas Aces,2026-08-21T02:00:00Z,Las Vegas Aces,Connecticut Sun,Leïla Lacan,,PTS,OVER,13.5,170,Fanatics,fanatics,player_points_alternate,the-odds-api,2026-08-20T14:45:09.017436+00:00
2026-08-20,cdd0cd4e662b83ac6836cb4a84a152e3,Connecticut Sun @ Las Vegas Aces,2026-08-21T02:00:00Z,Las Vegas Aces,Connecticut Sun,Leïla Lacan,,PTS,OVER,14.5,225,Fanatics,fanatics,player_points_alternate,the-odds-api,2026-08-20T14:45:09.017436+00:00
2026-08-20,cdd0cd4e662b83ac6836cb4a84a152e3,Connecticut Sun @ Las Vegas Aces,2026-08-21T02:00:00Z,Las Vegas Aces,Connecticut Sun,Leïla Lacan,,PTS,OVER,15.5,290,Fanatics,fanatics,player_points_alternate,the-odds-api,2026-08-20T14:45:09.017436+00:00
2026-08-20,cdd0cd4e662b83ac6836cb4a84a152e3,Connecticut Sun @ Las Vegas Aces,2026-08-21T02:00:00Z,Las Vegas Aces,Connecticut Sun,Leïla Lacan,,PTS,OVER,16.5,350,Fanatics,fanatics,player_points_alternate,the-odds-api,2026-08-20T14:45:09.017436+00:00
2026-08-20,cdd0cd4e662b83ac6836cb4a84a152e3,Connecticut Sun @ Las Vegas Aces,2026-08-21T02:00:00Z,Las Vegas Aces,Connecticut Sun,Leïla Lacan,,PTS,OVER,17.5,425,Fanatics,fanatics,player_points_alternate,the-odds-api,2026-08-20T14:45:09.017436+00:00
2026-08-20,cdd0cd4e662b83ac6836cb4a84a152e3,Connecticut Sun @ Las Vegas Aces,2026-08-21T02:00:00Z,Las Vegas Aces,Connecticut Sun,Leïla Lacan,,PTS,OVER,18.5,600,Fanatics,fanatics,player_points_alternate,the-odds-api,2026-08-20T14:45:09.017436+00:00
2026-08-20,cdd0cd4e662b83ac6836cb4a84a152e3,Connecticut Sun @ Las Vegas Aces,2026-08-21T02:00:00Z,Las Vegas Aces,Connecticut Sun,Leïla Lacan,,PTS,OVER,19.5,750,Fanatics,fanatics,player_points_alternate,the-odds-api,2026-08-20T14:45:09.017436+00:00
2026-08-20,cdd0cd4e662b83ac6836cb4a84a152e3,Connecticut Sun @ Las Vegas Aces,2026-08-21T02:00:00Z,Las Vegas Aces,Connecticut Sun,Leïla Lacan,,PTS,OVER,20.5,950,Fanatics,fanatics,player_points_alternate,the-odds-api,2026-08-20T14:45:09.017436+00:00
2026-08-20,cdd0cd4e662b83ac6836cb4a84a152e3,Connecticut Sun @ Las Vegas Aces,2026-08-21T02:00:00Z,Las Vegas Aces,Connecticut Sun,Leïla Lacan,,PTS,OVER,21.5,1100,Fanatics,fanatics,player_points_alternate,the-odds-api,2026-08-20T14:45:09.017436+00:00
2026-08-20,cdd0cd4e662b83ac6836cb4a84a152e3,Connecticut Sun @ Las Vegas Aces,2026-08-21T02:00:00Z,Las Vegas Aces,Connecticut Sun,Leïla Lacan,,PTS,OVER,22.5,1400,Fanatics,fanatics,player_points_alternate,the-odds-api,2026-08-20T14:45:09.017436+00:00
2026-08-20,cdd0cd4e662b83ac6836cb4a84a152e3,Connecticut Sun @ Las Vegas Aces,2026-08-21T02:00:00Z,Las Vegas Aces,Connecticut Sun,Jewell Loyd,,PTS,OVER,4.5,-425,Fanatics,fanatics,player_points_alternate,the-odds-api,2026-08-20T14:45:09.017436+00:00
2026-08-20,cdd0cd4e662b83ac6836cb4a84a152e3,Connecticut Sun @ Las Vegas Aces,2026-08-21T02:00:00Z,Las Vegas Aces,Connecticut Sun,Jewell Loyd,,PTS,OVER,5.5,-275,Fanatics,fanatics,player_points_alternate,the-odds-api,2026-08-20T14:45:09.017436+00:00
2026-08-20,cdd0cd4e662b83ac6836cb4a84a152e3,Connecticut Sun @ Las Vegas Aces,2026-08-21T02:00:00Z,Las Vegas Aces,Connecticut Sun,Jewell Loyd,,PTS,OVER,6.5,-175,Fanatics,fanatics,player_points_alternate,the-odds-api,2026-08-20T14:45:09.017436+00:00
2026-08-20,cdd0cd4e662b83ac6836cb4a84a152e3,Connecticut Sun @ Las Vegas Aces,2026-08-21T02:00:00Z,Las Vegas Aces,Connecticut Sun,Jewell Loyd,,PTS,OVER,7.5,-120,Fanatics,fanatics,player_points_alternate,the-odds-api,2026-08-20T14:45:09.017436+00:00
2026-08-20,cdd0cd4e662b83ac6836cb4a84a152e3,Connecticut Sun @ Las Vegas Aces,2026-08-21T02:00:00Z,Las Vegas Aces,Connecticut Sun,Jewell Loyd,,PTS,OVER,8.5,120,Fanatics,fanatics,player_points_alternate,the-odds-api,2026-08-20T14:45:09.017436+00:00
2026-08-20,cdd0cd4e662b83ac6836cb4a84a152e3,Connecticut Sun @ Las Vegas Aces,2026-08-21T02:00:00Z,Las Vegas Aces,Connecticut Sun,Jewell Loyd,,PTS,OVER,9.5,150,Fanatics,fanatics,player_points_alternate,the-odds-api,2026-08-20T14:45:09.017436+00:00
2026-08-20,cdd0cd4e662b83ac6836cb4a84a152e3,Connecticut Sun @ Las Vegas Aces,2026-08-21T02:00:00Z,Las Vegas Aces,Connecticut Sun,Jewell Loyd,,PTS,OVER,10.5,190,Fanatics,fanatics,player_points_alternate,the-odds-api,2026-08-20T14:45:09.017436+00:00
2026-08-20,cdd0cd4e662b83ac6836cb4a84a152e3,Connecticut Sun @ Las Vegas Aces,2026-08-21T02:00:00Z,Las Vegas Aces,Connecticut Sun,Jewell Loyd,,PTS,OVER,11.5,260,Fanatics,fanatics,player_points_alternate,the-odds-api,2026-08-20T14:45:09.017436+00:00
2026-08-20,cdd0cd4e662b83ac6836cb4a84a152e3,Connecticut Sun @ Las Vegas Aces,2026-08-21T02:00:00Z,Las Vegas Aces,Connecticut Sun,Jewell Loyd,,PTS,OVER,12.5,340,Fanatics,fanatics,player_points_alternate,the-odds-api,2026-08-20T14:45:09.017436+00:00
2026-08-20,cdd0cd4e662b83ac6836cb4a84a152e3,Connecticut Sun @ Las Vegas Aces,2026-08-21T02:00:00Z,Las Vegas Aces,Connecticut Sun,Jewell Loyd,,PTS,OVER,13.5,425,Fanatics,fanatics,player_points_alternate,the-odds-api,2026-08-20T14:45:09.017436+00:00
2026-08-20,cdd0cd4e662b83ac6836cb4a84a152e3,Connecticut Sun @ Las Vegas Aces,2026-08-21T02:00:00Z,Las Vegas Aces,Connecticut Sun,Jewell Loyd,,PTS,OVER,14.5,600,Fanatics,fanatics,player_points_alternate,the-odds-api,2026-08-20T14:45:09.017436+00:00
2026-08-20,cdd0cd4e662b83ac6836cb4a84a152e3,Connecticut Sun @ Las Vegas Aces,2026-08-21T02:00:00Z,Las Vegas Aces,Connecticut Sun,Jewell Loyd,,PTS,OVER,15.5,800,Fanatics,fanatics,player_points_alternate,the-odds-api,2026-08-20T14:45:09.017436+00:00
2026-08-20,cdd0cd4e662b83ac6836cb4a84a152e3,Connecticut Sun @ Las Vegas Aces,2026-08-21T02:00:00Z,Las Vegas Aces,Connecticut Sun,Jewell Loyd,,PTS,OVER,16.5,950,Fanatics,fanatics,player_points_alternate,the-odds-api,2026-08-20T14:45:09.017436+00:00
2026-08-20,cdd0cd4e662b83ac6836cb4a84a152e3,Connecticut Sun @ Las Vegas Aces,2026-08-21T02:00:00Z,Las Vegas Aces,Connecticut Sun,Jewell Loyd,,PTS,OVER,17.5,1100,Fanatics,fanatics,player_points_alternate,the-odds-api,2026-08-20T14:45:09.017436+00:00
2026-08-20,cdd0cd4e662b83ac6836cb4a84a152e3,Connecticut Sun @ Las Vegas Aces,2026-08-21T02:00:00Z,Las Vegas Aces,Connecticut Sun,Jewell Loyd,,PTS,OVER,18.5,1500,Fanatics,fanatics,player_points_alternate,the-odds-api,2026-08-20T14:45:09.017436+00:00
2026-08-20,cdd0cd4e662b83ac6836cb4a84a152e3,Connecticut Sun @ Las Vegas Aces,2026-08-21T02:00:00Z,Las Vegas Aces,Connecticut Sun,A'ja Wilson,,REB,OVER,4.5,-1800,Fanatics,fanatics,player_rebounds_alternate,the-odds-api,2026-08-20T14:45:09.017436+00:00
2026-08-20,cdd0cd4e662b83ac6836cb4a84a152e3,Connecticut Sun @ Las Vegas Aces,2026-08-21T02:00:00Z,Las Vegas Aces,Connecticut Sun,A'ja Wilson,,REB,OVER,5.5,-900,Fanatics,fanatics,player_rebounds_alternate,the-odds-api,2026-08-20T14:45:09.017436+00:00
2026-08-20,cdd0cd4e662b83ac6836cb4a84a152e3,Connecticut Sun @ Las Vegas Aces,2026-08-21T02:00:00Z,Las Vegas Aces,Connecticut Sun,A'ja Wilson,,REB,OVER,6.5,-475,Fanatics,fanatics,player_rebounds_alternate,the-odds-api,2026-08-20T14:45:09.017436+00:00
2026-08-20,cdd0cd4e662b83ac6836cb4a84a152e3,Connecticut Sun @ Las Vegas Aces,2026-08-21T02:00:00Z,Las Vegas Aces,Connecticut Sun,A'ja Wilson,,REB,OVER,7.5,-275,Fanatics,fanatics,player_rebounds_alternate,the-odds-api,2026-08-20T14:45:09.017436+00:00
2026-08-20,cdd0cd4e662b83ac6836cb4a84a152e3,Connecticut Sun @ Las Vegas Aces,2026-08-21T02:00:00Z,Las Vegas Aces,Connecticut Sun,A'ja Wilson,,REB,OVER,8.5,-145,Fanatics,fanatics,player_rebounds_alternate,the-odds-api,2026-08-20T14:45:09.017436+00:00
2026-08-20,cdd0cd4e662b83ac6836cb4a84a152e3,Connecticut Sun @ Las Vegas Aces,2026-08-21T02:00:00Z,Las Vegas Aces,Connecticut Sun,A'ja Wilson,,REB,OVER,9.5,110,Fanatics,fanatics,player_rebounds_alternate,the-odds-api,2026-08-20T14:45:09.017436+00:00
2026-08-20,cdd0cd4e662b83ac6836cb4a84a152e3,Connecticut Sun @ Las Vegas Aces,2026-08-21T02:00:00Z,Las Vegas Aces,Connecticut Sun,A'ja Wilson,,REB,OVER,10.5,160,Fanatics,fanatics,player_rebounds_alternate,the-odds-api,2026-08-20T14:45:09.017436+00:00
2026-08-20,cdd0cd4e662b83ac6836cb4a84a152e3,Connecticut Sun @ Las Vegas Aces,2026-08-21T02:00:00Z,Las Vegas Aces,Connecticut Sun,A'ja Wilson,,REB,OVER,11.5,240,Fanatics,fanatics,player_rebounds_alternate,the-odds-api,2026-08-20T14:45:09.017436+00:00
2026-08-20,cdd0cd4e662b83ac6836cb4a84a152e3,Connecticut Sun @ Las Vegas Aces,2026-08-21T02:00:00Z,Las Vegas Aces,Connecticut Sun,A'ja Wilson,,REB,OVER,12.5,350,Fanatics,fanatics,player_rebounds_alternate,the-odds-api,2026-08-20T14:45:09.017436+00:00
2026-08-20,cdd0cd4e662b83ac6836cb4a84a152e3,Connecticut Sun @ Las Vegas Aces,2026-08-21T02:00:00Z,Las Vegas Aces,Connecticut Sun,A'ja Wilson,,REB,OVER,13.5,550,Fanatics,fanatics,player_rebounds_alternate,the-odds-api,2026-08-20T14:45:09.017436+00:00
2026-08-20,cdd0cd4e662b83ac6836cb4a84a152e3,Connecticut Sun @ Las Vegas Aces,2026-08-21T02:00:00Z,Las Vegas Aces,Connecticut Sun,A'ja Wilson,,REB,OVER,14.5,800,Fanatics,fanatics,player_rebounds_alternate,the-odds-api,2026-08-20T14:45:09.017436+00:00
2026-08-20,cdd0cd4e662b83ac6836cb4a84a152e3,Connecticut Sun @ Las Vegas Aces,2026-08-21T02:00:00Z,Las Vegas Aces,Connecticut Sun,Jackie Young,,REB,OVER,1.5,-1300,Fanatics,fanatics,player_rebounds_alternate,the-odds-api,2026-08-20T14:45:09.017436+00:00
2026-08-20,cdd0cd4e662b83ac6836cb4a84a152e3,Connecticut Sun @ Las Vegas Aces,2026-08-21T02:00:00Z,Las Vegas Aces,Connecticut Sun,Jackie Young,,REB,OVER,2.5,-425,Fanatics,fanatics,player_rebounds_alternate,the-odds-api,2026-08-20T14:45:09.017436+00:00
2026-08-20,cdd0cd4e662b83ac6836cb4a84a152e3,Connecticut Sun @ Las Vegas Aces,2026-08-21T02:00:00Z,Las Vegas Aces,Connecticut Sun,Jackie Young,,REB,OVER,3.5,-175,Fanatics,fanatics,player_rebounds_alternate,the-odds-api,2026-08-20T14:45:09.017436+00:00
2026-08-20,cdd0cd4e662b83ac6836cb4a84a152e3,Connecticut Sun @ Las Vegas Aces,2026-08-21T02:00:00Z,Las Vegas Aces,Connecticut Sun,Jackie Young,,REB,OVER,4.5,125,Fanatics,fanatics,player_rebounds_alternate,the-odds-api,2026-08-20T14:45:09.017436+00:00
2026-08-20,cdd0cd4e662b83ac6836cb4a84a152e3,Connecticut Sun @ Las Vegas Aces,2026-08-21T02:00:00Z,Las Vegas Aces,Connecticut Sun,Jackie Young,,REB,OVER,5.5,225,Fanatics,fanatics,player_rebounds_alternate,the-odds-api,2026-08-20T14:45:09.017436+00:00
2026-08-20,cdd0cd4e662b83ac6836cb4a84a152e3,Connecticut Sun @ Las Vegas Aces,2026-08-21T02:00:00Z,Las Vegas Aces,Connecticut Sun,Jackie Young,,REB,OVER,6.5,400,Fanatics,fanatics,player_rebounds_alternate,the-odds-api,2026-08-20T14:45:09.017436+00:00
2026-08-20,cdd0cd4e662b83ac6836cb4a84a152e3,Connecticut Sun @ Las Vegas Aces,2026-08-21T02:00:00Z,Las Vegas Aces,Connecticut Sun,Jackie Young,,REB,OVER,7.5,750,Fanatics,fanatics,player_rebounds_alternate,the-odds-api,2026-08-20T14:45:09.017436+00:00
2026-08-20,cdd0cd4e662b83ac6836cb4a84a152e3,Connecticut Sun @ Las Vegas Aces,2026-08-21T02:00:00Z,Las Vegas Aces,Connecticut Sun,Chelsea Gray,,REB,OVER,1.5,-630,Fanatics,fanatics,player_rebounds_alternate,the-odds-api,2026-08-20T14:45:09.017436+00:00
2026-08-20,cdd0cd4e662b83ac6836cb4a84a152e3,Connecticut Sun @ Las Vegas Aces,2026-08-21T02:00:00Z,Las Vegas Aces,Connecticut Sun,Chelsea Gray,,REB,OVER,2.5,-210,Fanatics,fanatics,player_rebounds_alternate,the-odds-api,2026-08-20T14:45:09.017436+00:00
2026-08-20,cdd0cd4e662b83ac6836cb4a84a152e3,Connecticut Sun @ Las Vegas Aces,2026-08-21T02:00:00Z,Las Vegas Aces,Connecticut Sun,Chelsea Gray,,REB,OVER,3.5,125,Fanatics,fanatics,player_rebounds_alternate,the-odds-api,2026-08-20T14:45:09.017436+00:00
2026-08-20,cdd0cd4e662b83ac6836cb4a84a152e3,Connecticut Sun @ Las Vegas Aces,2026-08-21T02:00:00Z,Las Vegas Aces,Connecticut Sun,Chelsea Gray,,REB,OVER,4.5,230,Fanatics,fanatics,player_rebounds_alternate,the-odds-api,2026-08-20T14:45:09.017436+00:00
2026-08-20,cdd0cd4e662b83ac6836cb4a84a152e3,Connecticut Sun @ Las Vegas Aces,2026-08-21T02:00:00Z,Las Vegas Aces,Connecticut Sun,Chelsea Gray,,REB,OVER,5.5,425,Fanatics,fanatics,player_rebounds_alternate,the-odds-api,2026-08-20T14:45:09.017436+00:00
2026-08-20,cdd0cd4e662b83ac6836cb4a84a152e3,Connecticut Sun @ Las Vegas Aces,2026-08-21T02:00:00Z,Las Vegas Aces,Connecticut Sun,Chelsea Gray,,REB,OVER,6.5,900,Fanatics,fanatics,player_rebounds_alternate,the-odds-api,2026-08-20T14:45:09.017436+00:00
2026-08-20,cdd0cd4e662b83ac6836cb4a84a152e3,Connecticut Sun @ Las Vegas Aces,2026-08-21T02:00:00Z,Las Vegas Aces,Connecticut Sun,NaLyssa Smith,,REB,OVER,3.5,-1300,Fanatics,fanatics,player_rebounds_alternate,the-odds-api,2026-08-20T14:45:09.017436+00:00
2026-08-20,cdd0cd4e662b83ac6836cb4a84a152e3,Connecticut Sun @ Las Vegas Aces,2026-08-21T02:00:00Z,Las Vegas Aces,Connecticut Sun,NaLyssa Smith,,REB,OVER,4.5,-550,Fanatics,fanatics,player_rebounds_alternate,the-odds-api,2026-08-20T14:45:09.017436+00:00
2026-08-20,cdd0cd4e662b83ac6836cb4a84a152e3,Connecticut Sun @ Las Vegas Aces,2026-08-21T02:00:00Z,Las Vegas Aces,Connecticut Sun,NaLyssa Smith,,REB,OVER,5.5,-300,Fanatics,fanatics,player_rebounds_alternate,the-odds-api,2026-08-20T14:45:09.017436+00:00
2026-08-20,cdd0cd4e662b83ac6836cb4a84a152e3,Connecticut Sun @ Las Vegas Aces,2026-08-21T02:00:00Z,Las Vegas Aces,Connecticut Sun,NaLyssa Smith,,REB,OVER,6.5,-140,Fanatics,fanatics,player_rebounds_alternate,the-odds-api,2026-08-20T14:45:09.017436+00:00
2026-08-20,cdd0cd4e662b83ac6836cb4a84a152e3,Connecticut Sun @ Las Vegas Aces,2026-08-21T02:00:00Z,Las Vegas Aces,Connecticut Sun,NaLyssa Smith,,REB,OVER,7.5,120,Fanatics,fanatics,player_rebounds_alternate,the-odds-api,2026-08-20T14:45:09.017436+00:00
2026-08-20,cdd0cd4e662b83ac6836cb4a84a152e3,Connecticut Sun @ Las Vegas Aces,2026-08-21T02:00:00Z,Las Vegas Aces,Connecticut Sun,NaLyssa Smith,,REB,OVER,8.5,185,Fanatics,fanatics,player_rebounds_alternate,the-odds-api,2026-08-20T14:45:09.017436+00:00
2026-08-20,cdd0cd4e662b83ac6836cb4a84a152e3,Connecticut Sun @ Las Vegas Aces,2026-08-21T02:00:00Z,Las Vegas Aces,Connecticut Sun,NaLyssa Smith,,REB,OVER,9.5,300,Fanatics,fanatics,player_rebounds_alternate,the-odds-api,2026-08-20T14:45:09.017436+00:00
2026-08-20,cdd0cd4e662b83ac6836cb4a84a152e3,Connecticut Sun @ Las Vegas Aces,2026-08-21T02:00:00Z,Las Vegas Aces,Connecticut Sun,NaLyssa Smith,,REB,OVER,10.5,475,Fanatics,fanatics,player_rebounds_alternate,the-odds-api,2026-08-20T14:45:09.017436+00:00
2026-08-20,cdd0cd4e662b83ac6836cb4a84a152e3,Connecticut Sun @ Las Vegas Aces,2026-08-21T02:00:00Z,Las Vegas Aces,Connecticut Sun,NaLyssa Smith,,REB,OVER,11.5,750,Fanatics,fanatics,player_rebounds_alternate,the-odds-api,2026-08-20T14:45:09.017436+00:00
2026-08-20,cdd0cd4e662b83ac6836cb4a84a152e3,Connecticut Sun @ Las Vegas Aces,2026-08-21T02:00:00Z,Las Vegas Aces,Connecticut Sun,Olivia Nelson-Ododa,,REB,OVER,4.5,-1500,Fanatics,fanatics,player_rebounds_alternate,the-odds-api,2026-08-20T14:45:09.017436+00:00
2026-08-20,cdd0cd4e662b83ac6836cb4a84a152e3,Connecticut Sun @ Las Vegas Aces,2026-08-21T02:00:00Z,Las Vegas Aces,Connecticut Sun,Olivia Nelson-Ododa,,REB,OVER,5.5,-700,Fanatics,fanatics,player_rebounds_alternate,the-odds-api,2026-08-20T14:45:09.017436+00:00
2026-08-20,cdd0cd4e662b83ac6836cb4a84a152e3,Connecticut Sun @ Las Vegas Aces,2026-08-21T02:00:00Z,Las Vegas Aces,Connecticut Sun,Olivia Nelson-Ododa,,REB,OVER,6.5,-375,Fanatics,fanatics,player_rebounds_alternate,the-odds-api,2026-08-20T14:45:09.017436+00:00
2026-08-20,cdd0cd4e662b83ac6836cb4a84a152e3,Connecticut Sun @ Las Vegas Aces,2026-08-21T02:00:00Z,Las Vegas Aces,Connecticut Sun,Olivia Nelson-Ododa,,REB,OVER,7.5,-225,Fanatics,fanatics,player_rebounds_alternate,the-odds-api,2026-08-20T14:45:09.017436+00:00
2026-08-20,cdd0cd4e662b83ac6836cb4a84a152e3,Connecticut Sun @ Las Vegas Aces,2026-08-21T02:00:00Z,Las Vegas Aces,Connecticut Sun,Olivia Nelson-Ododa,,REB,OVER,8.5,-120,Fanatics,fanatics,player_rebounds_alternate,the-odds-api,2026-08-20T14:45:09.017436+00:00
2026-08-20,cdd0cd4e662b83ac6836cb4a84a152e3,Connecticut Sun @ Las Vegas Aces,2026-08-21T02:00:00Z,Las Vegas Aces,Connecticut Sun,Olivia Nelson-Ododa,,REB,OVER,9.5,130,Fanatics,fanatics,player_rebounds_alternate,the-odds-api,2026-08-20T14:45:09.017436+00:00
2026-08-20,cdd0cd4e662b83ac6836cb4a84a152e3,Connecticut Sun @ Las Vegas Aces,2026-08-21T02:00:00Z,Las Vegas Aces,Connecticut Sun,Olivia Nelson-Ododa,,REB,OVER,10.5,190,Fanatics,fanatics,player_rebounds_alternate,the-odds-api,2026-08-20T14:45:09.017436+00:00
2026-08-20,cdd0cd4e662b83ac6836cb4a84a152e3,Connecticut Sun @ Las Vegas Aces,2026-08-21T02:00:00Z,Las Vegas Aces,Connecticut Sun,Olivia Nelson-Ododa,,REB,OVER,11.5,290,Fanatics,fanatics,player_rebounds_alternate,the-odds-api,2026-08-20T14:45:09.017436+00:00
2026-08-20,cdd0cd4e662b83ac6836cb4a84a152e3,Connecticut Sun @ Las Vegas Aces,2026-08-21T02:00:00Z,Las Vegas Aces,Connecticut Sun,Olivia Nelson-Ododa,,REB,OVER,12.5,425,Fanatics,fanatics,player_rebounds_alternate,the-odds-api,2026-08-20T14:45:09.017436+00:00
2026-08-20,cdd0cd4e662b83ac6836cb4a84a152e3,Connecticut Sun @ Las Vegas Aces,2026-08-21T02:00:00Z,Las Vegas Aces,Connecticut Sun,Olivia Nelson-Ododa,,REB,OVER,13.5,700,Fanatics,fanatics,player_rebounds_alternate,the-odds-api,2026-08-20T14:45:09.017436+00:00
2026-08-20,cdd0cd4e662b83ac6836cb4a84a152e3,Connecticut Sun @ Las Vegas Aces,2026-08-21T02:00:00Z,Las Vegas Aces,Connecticut Sun,Diamond Miller,,REB,OVER,1.5,-1000,Fanatics,fanatics,player_rebounds_alternate,the-odds-api,2026-08-20T14:45:09.017436+00:00
2026-08-20,cdd0cd4e662b83ac6836cb4a84a152e3,Connecticut Sun @ Las Vegas Aces,2026-08-21T02:00:00Z,Las Vegas Aces,Connecticut Sun,Diamond Miller,,REB,OVER,2.5,-325,Fanatics,fanatics,player_rebounds_alternate,the-odds-api,2026-08-20T14:45:09.017436+00:00
2026-08-20,cdd0cd4e662b83ac6836cb4a84a152e3,Connecticut Sun @ Las Vegas Aces,2026-08-21T02:00:00Z,Las Vegas Aces,Connecticut Sun,Diamond Miller,,REB,OVER,3.5,-120,Fanatics,fanatics,player_rebounds_alternate,the-odds-api,2026-08-20T14:45:09.017436+00:00
2026-08-20,cdd0cd4e662b83ac6836cb4a84a152e3,Connecticut Sun @ Las Vegas Aces,2026-08-21T02:00:00Z,Las Vegas Aces,Connecticut Sun,Diamond Miller,,REB,OVER,4.5,160,Fanatics,fanatics,player_rebounds_alternate,the-odds-api,2026-08-20T14:45:09.017436+00:00
2026-08-20,cdd0cd4e662b83ac6836cb4a84a152e3,Connecticut Sun @ Las Vegas Aces,2026-08-21T02:00:00Z,Las Vegas Aces,Connecticut Sun,Diamond Miller,,REB,OVER,5.5,320,Fanatics,fanatics,player_rebounds_alternate,the-odds-api,2026-08-20T14:45:09.017436+00:00
2026-08-20,cdd0cd4e662b83ac6836cb4a84a152e3,Connecticut Sun @ Las Vegas Aces,2026-08-21T02:00:00Z,Las Vegas Aces,Connecticut Sun,Diamond Miller,,REB,OVER,6.5,600,Fanatics,fanatics,player_rebounds_alternate,the-odds-api,2026-08-20T14:45:09.017436+00:00
2026-08-20,cdd0cd4e662b83ac6836cb4a84a152e3,Connecticut Sun @ Las Vegas Aces,2026-08-21T02:00:00Z,Las Vegas Aces,Connecticut Sun,Leïla Lacan,,REB,OVER,1.5,-450,Fanatics,fanatics,player_rebounds_alternate,the-odds-api,2026-08-20T14:45:09.017436+00:00
2026-08-20,cdd0cd4e662b83ac6836cb4a84a152e3,Connecticut Sun @ Las Vegas Aces,2026-08-21T02:00:00Z,Las Vegas Aces,Connecticut Sun,Leïla Lacan,,REB,OVER,2.5,-145,Fanatics,fanatics,player_rebounds_alternate,the-odds-api,2026-08-20T14:45:09.017436+00:00
2026-08-20,cdd0cd4e662b83ac6836cb4a84a152e3,Connecticut Sun @ Las Vegas Aces,2026-08-21T02:00:00Z,Las Vegas Aces,Connecticut Sun,Leïla Lacan,,REB,OVER,3.5,150,Fanatics,fanatics,player_rebounds_alternate,the-odds-api,2026-08-20T14:45:09.017436+00:00
2026-08-20,cdd0cd4e662b83ac6836cb4a84a152e3,Connecticut Sun @ Las Vegas Aces,2026-08-21T02:00:00Z,Las Vegas Aces,Connecticut Sun,Leïla Lacan,,REB,OVER,4.5,300,Fanatics,fanatics,player_rebounds_alternate,the-odds-api,2026-08-20T14:45:09.017436+00:00
2026-08-20,cdd0cd4e662b83ac6836cb4a84a152e3,Connecticut Sun @ Las Vegas Aces,2026-08-21T02:00:00Z,Las Vegas Aces,Connecticut Sun,Leïla Lacan,,REB,OVER,5.5,600,Fanatics,fanatics,player_rebounds_alternate,the-odds-api,2026-08-20T14:45:09.017436+00:00
2026-08-20,cdd0cd4e662b83ac6836cb4a84a152e3,Connecticut Sun @ Las Vegas Aces,2026-08-21T02:00:00Z,Las Vegas Aces,Connecticut Sun,Jewell Loyd,,REB,OVER,1.5,-275,Fanatics,fanatics,player_rebounds_alternate,the-odds-api,2026-08-20T14:45:09.017436+00:00
2026-08-20,cdd0cd4e662b83ac6836cb4a84a152e3,Connecticut Sun @ Las Vegas Aces,2026-08-21T02:00:00Z,Las Vegas Aces,Connecticut Sun,Jewell Loyd,,REB,OVER,2.5,110,Fanatics,fanatics,player_rebounds_alternate,the-odds-api,2026-08-20T14:45:09.017436+00:00
2026-08-20,cdd0cd4e662b83ac6836cb4a84a152e3,Connecticut Sun @ Las Vegas Aces,2026-08-21T02:00:00Z,Las Vegas Aces,Connecticut Sun,Jewell Loyd,,REB,OVER,3.5,240,Fanatics,fanatics,player_rebounds_alternate,the-odds-api,2026-08-20T14:45:09.017436+00:00
2026-08-20,cdd0cd4e662b83ac6836cb4a84a152e3,Connecticut Sun @ Las Vegas Aces,2026-08-21T02:00:00Z,Las Vegas Aces,Connecticut Sun,Jewell Loyd,,REB,OVER,4.5,475,Fanatics,fanatics,player_rebounds_alternate,the-odds-api,2026-08-20T14:45:09.017436+00:00
2026-08-20,cdd0cd4e662b83ac6836cb4a84a152e3,Connecticut Sun @ Las Vegas Aces,2026-08-21T02:00:00Z,Las Vegas Aces,Connecticut Sun,Chelsea Gray,,3PM,OVER,0.5,-550,Fanatics,fanatics,player_threes_alternate,the-odds-api,2026-08-20T14:45:09.017436+00:00
2026-08-20,cdd0cd4e662b83ac6836cb4a84a152e3,Connecticut Sun @ Las Vegas Aces,2026-08-21T02:00:00Z,Las Vegas Aces,Connecticut Sun,Chelsea Gray,,3PM,OVER,1.5,-115,Fanatics,fanatics,player_threes_alternate,the-odds-api,2026-08-20T14:45:09.017436+00:00
2026-08-20,cdd0cd4e662b83ac6836cb4a84a152e3,Connecticut Sun @ Las Vegas Aces,2026-08-21T02:00:00Z,Las Vegas Aces,Connecticut Sun,Chelsea Gray,,3PM,OVER,2.5,225,Fanatics,fanatics,player_threes_alternate,the-odds-api,2026-08-20T14:45:09.017436+00:00
2026-08-20,cdd0cd4e662b83ac6836cb4a84a152e3,Connecticut Sun @ Las Vegas Aces,2026-08-21T02:00:00Z,Las Vegas Aces,Connecticut Sun,Chelsea Gray,,3PM,OVER,3.5,550,Fanatics,fanatics,player_threes_alternate,the-odds-api,2026-08-20T14:45:09.017436+00:00
2026-08-20,cdd0cd4e662b83ac6836cb4a84a152e3,Connecticut Sun @ Las Vegas Aces,2026-08-21T02:00:00Z,Las Vegas Aces,Connecticut Sun,Chelsea Gray,,3PM,OVER,4.5,1100,Fanatics,fanatics,player_threes_alternate,the-odds-api,2026-08-20T14:45:09.017436+00:00
2026-08-20,cdd0cd4e662b83ac6836cb4a84a152e3,Connecticut Sun @ Las Vegas Aces,2026-08-21T02:00:00Z,Las Vegas Aces,Connecticut Sun,Jackie Young,,3PM,OVER,0.5,-1100,Fanatics,fanatics,player_threes_alternate,the-odds-api,2026-08-20T14:45:09.017436+00:00
2026-08-20,cdd0cd4e662b83ac6836cb4a84a152e3,Connecticut Sun @ Las Vegas Aces,2026-08-21T02:00:00Z,Las Vegas Aces,Connecticut Sun,Jackie Young,,3PM,OVER,1.5,-225,Fanatics,fanatics,player_threes_alternate,the-odds-api,2026-08-20T14:45:09.017436+00:00
2026-08-20,cdd0cd4e662b83ac6836cb4a84a152e3,Connecticut Sun @ Las Vegas Aces,2026-08-21T02:00:00Z,Las Vegas Aces,Connecticut Sun,Jackie Young,,3PM,OVER,2.5,125,Fanatics,fanatics,player_threes_alternate,the-odds-api,2026-08-20T14:45:09.017436+00:00
2026-08-20,cdd0cd4e662b83ac6836cb4a84a152e3,Connecticut Sun @ Las Vegas Aces,2026-08-21T02:00:00Z,Las Vegas Aces,Connecticut Sun,Jackie Young,,3PM,OVER,3.5,300,Fanatics,fanatics,player_threes_alternate,the-odds-api,2026-08-20T14:45:09.017436+00:00
2026-08-20,cdd0cd4e662b83ac6836cb4a84a152e3,Connecticut Sun @ Las Vegas Aces,2026-08-21T02:00:00Z,Las Vegas Aces,Connecticut Sun,Jackie Young,,3PM,OVER,4.5,650,Fanatics,fanatics,player_threes_alternate,the-odds-api,2026-08-20T14:45:09.017436+00:00
2026-08-20,cdd0cd4e662b83ac6836cb4a84a152e3,Connecticut Sun @ Las Vegas Aces,2026-08-21T02:00:00Z,Las Vegas Aces,Connecticut Sun,Jackie Young,,3PM,OVER,5.5,1200,Fanatics,fanatics,player_threes_alternate,the-odds-api,2026-08-20T14:45:09.017436+00:00
2026-08-20,cdd0cd4e662b83ac6836cb4a84a152e3,Connecticut Sun @ Las Vegas Aces,2026-08-21T02:00:00Z,Las Vegas Aces,Connecticut Sun,Leïla Lacan,,3PM,OVER,0.5,-325,Fanatics,fanatics,player_threes_alternate,the-odds-api,2026-08-20T14:45:09.017436+00:00
2026-08-20,cdd0cd4e662b83ac6836cb4a84a152e3,Connecticut Sun @ Las Vegas Aces,2026-08-21T02:00:00Z,Las Vegas Aces,Connecticut Sun,Leïla Lacan,,3PM,OVER,1.5,135,Fanatics,fanatics,player_threes_alternate,the-odds-api,2026-08-20T14:45:09.017436+00:00
2026-08-20,cdd0cd4e662b83ac6836cb4a84a152e3,Connecticut Sun @ Las Vegas Aces,2026-08-21T02:00:00Z,Las Vegas Aces,Connecticut Sun,Leïla Lacan,,3PM,OVER,2.5,375,Fanatics,fanatics,player_threes_alternate,the-odds-api,2026-08-20T14:45:09.017436+00:00
2026-08-20,cdd0cd4e662b83ac6836cb4a84a152e3,Connecticut Sun @ Las Vegas Aces,2026-08-21T02:00:00Z,Las Vegas Aces,Connecticut Sun,Leïla Lacan,,3PM,OVER,3.5,1000,Fanatics,fanatics,player_threes_alternate,the-odds-api,2026-08-20T14:45:09.017436+00:00
2026-08-20,cdd0cd4e662b83ac6836cb4a84a152e3,Connecticut Sun @ Las Vegas Aces,2026-08-21T02:00:00Z,Las Vegas Aces,Connecticut Sun,Diamond Miller,,3PM,OVER,0.5,-450,Fanatics,fanatics,player_threes_alternate,the-odds-api,2026-08-20T14:45:09.017436+00:00
2026-08-20,cdd0cd4e662b83ac6836cb4a84a152e3,Connecticut Sun @ Las Vegas Aces,2026-08-21T02:00:00Z,Las Vegas Aces,Connecticut Sun,Diamond Miller,,3PM,OVER,1.5,105,Fanatics,fanatics,player_threes_alternate,the-odds-api,2026-08-20T14:45:09.017436+00:00
2026-08-20,cdd0cd4e662b83ac6836cb4a84a152e3,Connecticut Sun @ Las Vegas Aces,2026-08-21T02:00:00Z,Las Vegas Aces,Connecticut Sun,Diamond Miller,,3PM,OVER,2.5,290,Fanatics,fanatics,player_threes_alternate,the-odds-api,2026-08-20T14:45:09.017436+00:00
2026-08-20,cdd0cd4e662b83ac6836cb4a84a152e3,Connecticut Sun @ Las Vegas Aces,2026-08-21T02:00:00Z,Las Vegas Aces,Connecticut Sun,Diamond Miller,,3PM,OVER,3.5,750,Fanatics,fanatics,player_threes_alternate,the-odds-api,2026-08-20T14:45:09.017436+00:00
2026-08-20,cdd0cd4e662b83ac6836cb4a84a152e3,Connecticut Sun @ Las Vegas Aces,2026-08-21T02:00:00Z,Las Vegas Aces,Connecticut Sun,Diamond Miller,,3PM,OVER,4.5,1500,Fanatics,fanatics,player_threes_alternate,the-odds-api,2026-08-20T14:45:09.017436+00:00
2026-08-20,cdd0cd4e662b83ac6836cb4a84a152e3,Connecticut Sun @ Las Vegas Aces,2026-08-21T02:00:00Z,Las Vegas Aces,Connecticut Sun,Jewell Loyd,,3PM,OVER,0.5,-375,Fanatics,fanatics,player_threes_alternate,the-odds-api,2026-08-20T14:45:09.017436+00:00
2026-08-20,cdd0cd4e662b83ac6836cb4a84a152e3,Connecticut Sun @ Las Vegas Aces,2026-08-21T02:00:00Z,Las Vegas Aces,Connecticut Sun,Jewell Loyd,,3PM,OVER,1.5,125,Fanatics,fanatics,player_threes_alternate,the-odds-api,2026-08-20T14:45:09.017436+00:00
2026-08-20,cdd0cd4e662b83ac6836cb4a84a152e3,Connecticut Sun @ Las Vegas Aces,2026-08-21T02:00:00Z,Las Vegas Aces,Connecticut Sun,Jewell Loyd,,3PM,OVER,2.5,340,Fanatics,fanatics,player_threes_alternate,the-odds-api,2026-08-20T14:45:09.017436+00:00
2026-08-20,cdd0cd4e662b83ac6836cb4a84a152e3,Connecticut Sun @ Las Vegas Aces,2026-08-21T02:00:00Z,Las Vegas Aces,Connecticut Sun,Jewell Loyd,,3PM,OVER,3.5,850,Fanatics,fanatics,player_threes_alternate,the-odds-api,2026-08-20T14:45:09.017436+00:00
2026-08-20,cdd0cd4e662b83ac6836cb4a84a152e3,Connecticut Sun @ Las Vegas Aces,2026-08-21T02:00:00Z,Las Vegas Aces,Connecticut Sun,Jackie Young,,AST,OVER,3.5,-1060,DraftKings,draftkings,player_assists_alternate,the-odds-api,2026-08-20T14:45:09.017436+00:00
2026-08-20,cdd0cd4e662b83ac6836cb4a84a152e3,Connecticut Sun @ Las Vegas Aces,2026-08-21T02:00:00Z,Las Vegas Aces,Connecticut Sun,Jackie Young,,AST,OVER,4.5,-462,DraftKings,draftkings,player_assists_alternate,the-odds-api,2026-08-20T14:45:09.017436+00:00
2026-08-20,cdd0cd4e662b83ac6836cb4a84a152e3,Connecticut Sun @ Las Vegas Aces,2026-08-21T02:00:00Z,Las Vegas Aces,Connecticut Sun,Jackie Young,,AST,OVER,5.5,-233,DraftKings,draftkings,player_assists_alternate,the-odds-api,2026-08-20T14:45:09.017436+00:00
2026-08-20,cdd0cd4e662b83ac6836cb4a84a152e3,Connecticut Sun @ Las Vegas Aces,2026-08-21T02:00:00Z,Las Vegas Aces,Connecticut Sun,Jackie Young,,AST,OVER,6.5,-131,DraftKings,draftkings,player_assists_alternate,the-odds-api,2026-08-20T14:45:09.017436+00:00
2026-08-20,cdd0cd4e662b83ac6836cb4a84a152e3,Connecticut Sun @ Las Vegas Aces,2026-08-21T02:00:00Z,Las Vegas Aces,Connecticut Sun,Jackie Young,,AST,OVER,7.5,130,DraftKings,draftkings,player_assists_alternate,the-odds-api,2026-08-20T14:45:09.017436+00:00
2026-08-20,cdd0cd4e662b83ac6836cb4a84a152e3,Connecticut Sun @ Las Vegas Aces,2026-08-21T02:00:00Z,Las Vegas Aces,Connecticut Sun,Jackie Young,,AST,OVER,8.5,222,DraftKings,draftkings,player_assists_alternate,the-odds-api,2026-08-20T14:45:09.017436+00:00
2026-08-20,cdd0cd4e662b83ac6836cb4a84a152e3,Connecticut Sun @ Las Vegas Aces,2026-08-21T02:00:00Z,Las Vegas Aces,Connecticut Sun,Jackie Young,,AST,OVER,9.5,368,DraftKings,draftkings,player_assists_alternate,the-odds-api,2026-08-20T14:45:09.017436+00:00
2026-08-20,cdd0cd4e662b83ac6836cb4a84a152e3,Connecticut Sun @ Las Vegas Aces,2026-08-21T02:00:00Z,Las Vegas Aces,Connecticut Sun,Jackie Young,,AST,OVER,10.5,620,DraftKings,draftkings,player_assists_alternate,the-odds-api,2026-08-20T14:45:09.017436+00:00
2026-08-20,cdd0cd4e662b83ac6836cb4a84a152e3,Connecticut Sun @ Las Vegas Aces,2026-08-21T02:00:00Z,Las Vegas Aces,Connecticut Sun,Jackie Young,,AST,OVER,11.5,1000,DraftKings,draftkings,player_assists_alternate,the-odds-api,2026-08-20T14:45:09.017436+00:00
2026-08-20,cdd0cd4e662b83ac6836cb4a84a152e3,Connecticut Sun @ Las Vegas Aces,2026-08-21T02:00:00Z,Las Vegas Aces,Connecticut Sun,Jackie Young,,AST,OVER,12.5,1560,DraftKings,draftkings,player_assists_alternate,the-odds-api,2026-08-20T14:45:09.017436+00:00
2026-08-20,cdd0cd4e662b83ac6836cb4a84a152e3,Connecticut Sun @ Las Vegas Aces,2026-08-21T02:00:00Z,Las Vegas Aces,Connecticut Sun,Chelsea Gray,,AST,OVER,2.5,-3100,DraftKings,draftkings,player_assists_alternate,the-odds-api,2026-08-20T14:45:09.017436+00:00
2026-08-20,cdd0cd4e662b83ac6836cb4a84a152e3,Connecticut Sun @ Las Vegas Aces,2026-08-21T02:00:00Z,Las Vegas Aces,Connecticut Sun,Chelsea Gray,,AST,OVER,3.5,-940,DraftKings,draftkings,player_assists_alternate,the-odds-api,2026-08-20T14:45:09.017436+00:00
2026-08-20,cdd0cd4e662b83ac6836cb4a84a152e3,Connecticut Sun @ Las Vegas Aces,2026-08-21T02:00:00Z,Las Vegas Aces,Connecticut Sun,Chelsea Gray,,AST,OVER,4.5,-409,DraftKings,draftkings,player_assists_alternate,the-odds-api,2026-08-20T14:45:09.017436+00:00
2026-08-20,cdd0cd4e662b83ac6836cb4a84a152e3,Connecticut Sun @ Las Vegas Aces,2026-08-21T02:00:00Z,Las Vegas Aces,Connecticut Sun,Chelsea Gray,,AST,OVER,5.5,-208,DraftKings,draftkings,player_assists_alternate,the-odds-api,2026-08-20T14:45:09.017436+00:00
2026-08-20,cdd0cd4e662b83ac6836cb4a84a152e3,Connecticut Sun @ Las Vegas Aces,2026-08-21T02:00:00Z,Las Vegas Aces,Connecticut Sun,Chelsea Gray,,AST,OVER,6.5,-118,DraftKings,draftkings,player_assists_alternate,the-odds-api,2026-08-20T14:45:09.017436+00:00
2026-08-20,cdd0cd4e662b83ac6836cb4a84a152e3,Connecticut Sun @ Las Vegas Aces,2026-08-21T02:00:00Z,Las Vegas Aces,Connecticut Sun,Chelsea Gray,,AST,OVER,7.5,148,DraftKings,draftkings,player_assists_alternate,the-odds-api,2026-08-20T14:45:09.017436+00:00
2026-08-20,cdd0cd4e662b83ac6836cb4a84a152e3,Connecticut Sun @ Las Vegas Aces,2026-08-21T02:00:00Z,Las Vegas Aces,Connecticut Sun,Chelsea Gray,,AST,OVER,8.5,252,DraftKings,draftkings,player_assists_alternate,the-odds-api,2026-08-20T14:45:09.017436+00:00
2026-08-20,cdd0cd4e662b83ac6836cb4a84a152e3,Connecticut Sun @ Las Vegas Aces,2026-08-21T02:00:00Z,Las Vegas Aces,Connecticut Sun,Chelsea Gray,,AST,OVER,9.5,415,DraftKings,draftkings,player_assists_alternate,the-odds-api,2026-08-20T14:45:09.017436+00:00
2026-08-20,cdd0cd4e662b83ac6836cb4a84a152e3,Connecticut Sun @ Las Vegas Aces,2026-08-21T02:00:00Z,Las Vegas Aces,Connecticut Sun,Chelsea Gray,,AST,OVER,10.5,700,DraftKings,draftkings,player_assists_alternate,the-odds-api,2026-08-20T14:45:09.017436+00:00
2026-08-20,cdd0cd4e662b83ac6836cb4a84a152e3,Connecticut Sun @ Las Vegas Aces,2026-08-21T02:00:00Z,Las Vegas Aces,Connecticut Sun,Chelsea Gray,,AST,OVER,11.5,1140,DraftKings,draftkings,player_assists_alternate,the-odds-api,2026-08-20T14:45:09.017436+00:00
2026-08-20,cdd0cd4e662b83ac6836cb4a84a152e3,Connecticut Sun @ Las Vegas Aces,2026-08-21T02:00:00Z,Las Vegas Aces,Connecticut Sun,Leïla Lacan,,AST,OVER,2.5,-910,DraftKings,draftkings,player_assists_alternate,the-odds-api,2026-08-20T14:45:09.017436+00:00
2026-08-20,cdd0cd4e662b83ac6836cb4a84a152e3,Connecticut Sun @ Las Vegas Aces,2026-08-21T02:00:00Z,Las Vegas Aces,Connecticut Sun,Leïla Lacan,,AST,OVER,3.5,-346,DraftKings,draftkings,player_assists_alternate,the-odds-api,2026-08-20T14:45:09.017436+00:00
2026-08-20,cdd0cd4e662b83ac6836cb4a84a152e3,Connecticut Sun @ Las Vegas Aces,2026-08-21T02:00:00Z,Las Vegas Aces,Connecticut Sun,Leïla Lacan,,AST,OVER,4.5,-160,DraftKings,draftkings,player_assists_alternate,the-odds-api,2026-08-20T14:45:09.017436+00:00
2026-08-20,cdd0cd4e662b83ac6836cb4a84a152e3,Connecticut Sun @ Las Vegas Aces,2026-08-21T02:00:00Z,Las Vegas Aces,Connecticut Sun,Leïla Lacan,,AST,OVER,5.5,124,DraftKings,draftkings,player_assists_alternate,the-odds-api,2026-08-20T14:45:09.017436+00:00
2026-08-20,cdd0cd4e662b83ac6836cb4a84a152e3,Connecticut Sun @ Las Vegas Aces,2026-08-21T02:00:00Z,Las Vegas Aces,Connecticut Sun,Leïla Lacan,,AST,OVER,6.5,227,DraftKings,draftkings,player_assists_alternate,the-odds-api,2026-08-20T14:45:09.017436+00:00
2026-08-20,cdd0cd4e662b83ac6836cb4a84a152e3,Connecticut Sun @ Las Vegas Aces,2026-08-21T02:00:00Z,Las Vegas Aces,Connecticut Sun,Leïla Lacan,,AST,OVER,7.5,404,DraftKings,draftkings,player_assists_alternate,the-odds-api,2026-08-20T14:45:09.017436+00:00
2026-08-20,cdd0cd4e662b83ac6836cb4a84a152e3,Connecticut Sun @ Las Vegas Aces,2026-08-21T02:00:00Z,Las Vegas Aces,Connecticut Sun,Leïla Lacan,,AST,OVER,8.5,730,DraftKings,draftkings,player_assists_alternate,the-odds-api,2026-08-20T14:45:09.017436+00:00
2026-08-20,cdd0cd4e662b83ac6836cb4a84a152e3,Connecticut Sun @ Las Vegas Aces,2026-08-21T02:00:00Z,Las Vegas Aces,Connecticut Sun,Leïla Lacan,,AST,OVER,9.5,1260,DraftKings,draftkings,player_assists_alternate,the-odds-api,2026-08-20T14:45:09.017436+00:00
2026-08-20,cdd0cd4e662b83ac6836cb4a84a152e3,Connecticut Sun @ Las Vegas Aces,2026-08-21T02:00:00Z,Las Vegas Aces,Connecticut Sun,A'ja Wilson,,AST,OVER,2.5,-163,DraftKings,draftkings,player_assists_alternate,the-odds-api,2026-08-20T14:45:09.017436+00:00
2026-08-20,cdd0cd4e662b83ac6836cb4a84a152e3,Connecticut Sun @ Las Vegas Aces,2026-08-21T02:00:00Z,Las Vegas Aces,Connecticut Sun,A'ja Wilson,,AST,OVER,3.5,147,DraftKings,draftkings,player_assists_alternate,the-odds-api,2026-08-20T14:45:09.017436+00:00
2026-08-20,cdd0cd4e662b83ac6836cb4a84a152e3,Connecticut Sun @ Las Vegas Aces,2026-08-21T02:00:00Z,Las Vegas Aces,Connecticut Sun,A'ja Wilson,,AST,OVER,4.5,329,DraftKings,draftkings,player_assists_alternate,the-odds-api,2026-08-20T14:45:09.017436+00:00
2026-08-20,cdd0cd4e662b83ac6836cb4a84a152e3,Connecticut Sun @ Las Vegas Aces,2026-08-21T02:00:00Z,Las Vegas Aces,Connecticut Sun,A'ja Wilson,,AST,OVER,5.5,710,DraftKings,draftkings,player_assists_alternate,the-odds-api,2026-08-20T14:45:09.017436+00:00
2026-08-20,cdd0cd4e662b83ac6836cb4a84a152e3,Connecticut Sun @ Las Vegas Aces,2026-08-21T02:00:00Z,Las Vegas Aces,Connecticut Sun,A'ja Wilson,,AST,OVER,6.5,1400,DraftKings,draftkings,player_assists_alternate,the-odds-api,2026-08-20T14:45:09.017436+00:00
2026-08-20,cdd0cd4e662b83ac6836cb4a84a152e3,Connecticut Sun @ Las Vegas Aces,2026-08-21T02:00:00Z,Las Vegas Aces,Connecticut Sun,Olivia Nelson-Ododa,,AST,OVER,1.5,-119,DraftKings,draftkings,player_assists_alternate,the-odds-api,2026-08-20T14:45:09.017436+00:00
2026-08-20,cdd0cd4e662b83ac6836cb4a84a152e3,Connecticut Sun @ Las Vegas Aces,2026-08-21T02:00:00Z,Las Vegas Aces,Connecticut Sun,Olivia Nelson-Ododa,,AST,OVER,2.5,247,DraftKings,draftkings,player_assists_alternate,the-odds-api,2026-08-20T14:45:09.017436+00:00
2026-08-20,cdd0cd4e662b83ac6836cb4a84a152e3,Connecticut Sun @ Las Vegas Aces,2026-08-21T02:00:00Z,Las Vegas Aces,Connecticut Sun,Olivia Nelson-Ododa,,AST,OVER,3.5,650,DraftKings,draftkings,player_assists_alternate,the-odds-api,2026-08-20T14:45:09.017436+00:00
2026-08-20,cdd0cd4e662b83ac6836cb4a84a152e3,Connecticut Sun @ Las Vegas Aces,2026-08-21T02:00:00Z,Las Vegas Aces,Connecticut Sun,Olivia Nelson-Ododa,,AST,OVER,4.5,1520,DraftKings,draftkings,player_assists_alternate,the-odds-api,2026-08-20T14:45:09.017436+00:00
2026-08-20,cdd0cd4e662b83ac6836cb4a84a152e3,Connecticut Sun @ Las Vegas Aces,2026-08-21T02:00:00Z,Las Vegas Aces,Connecticut Sun,Diamond Miller,,AST,OVER,1.5,112,DraftKings,draftkings,player_assists_alternate,the-odds-api,2026-08-20T14:45:09.017436+00:00
2026-08-20,cdd0cd4e662b83ac6836cb4a84a152e3,Connecticut Sun @ Las Vegas Aces,2026-08-21T02:00:00Z,Las Vegas Aces,Connecticut Sun,Diamond Miller,,AST,OVER,2.5,356,DraftKings,draftkings,player_assists_alternate,the-odds-api,2026-08-20T14:45:09.017436+00:00
2026-08-20,cdd0cd4e662b83ac6836cb4a84a152e3,Connecticut Sun @ Las Vegas Aces,2026-08-21T02:00:00Z,Las Vegas Aces,Connecticut Sun,Diamond Miller,,AST,OVER,3.5,940,DraftKings,draftkings,player_assists_alternate,the-odds-api,2026-08-20T14:45:09.017436+00:00
2026-08-20,cdd0cd4e662b83ac6836cb4a84a152e3,Connecticut Sun @ Las Vegas Aces,2026-08-21T02:00:00Z,Las Vegas Aces,Connecticut Sun,Jewell Loyd,,AST,OVER,1.5,143,DraftKings,draftkings,player_assists_alternate,the-odds-api,2026-08-20T14:45:09.017436+00:00
2026-08-20,cdd0cd4e662b83ac6836cb4a84a152e3,Connecticut Sun @ Las Vegas Aces,2026-08-21T02:00:00Z,Las Vegas Aces,Connecticut Sun,Jewell Loyd,,AST,OVER,2.5,445,DraftKings,draftkings,player_assists_alternate,the-odds-api,2026-08-20T14:45:09.017436+00:00
2026-08-20,cdd0cd4e662b83ac6836cb4a84a152e3,Connecticut Sun @ Las Vegas Aces,2026-08-21T02:00:00Z,Las Vegas Aces,Connecticut Sun,Jewell Loyd,,AST,OVER,3.5,1200,DraftKings,draftkings,player_assists_alternate,the-odds-api,2026-08-20T14:45:09.017436+00:00
2026-08-20,cdd0cd4e662b83ac6836cb4a84a152e3,Connecticut Sun @ Las Vegas Aces,2026-08-21T02:00:00Z,Las Vegas Aces,Connecticut Sun,NaLyssa Smith,,AST,OVER,0.5,-182,DraftKings,draftkings,player_assists_alternate,the-odds-api,2026-08-20T14:45:09.017436+00:00
2026-08-20,cdd0cd4e662b83ac6836cb4a84a152e3,Connecticut Sun @ Las Vegas Aces,2026-08-21T02:00:00Z,Las Vegas Aces,Connecticut Sun,NaLyssa Smith,,AST,OVER,2.5,870,DraftKings,draftkings,player_assists_alternate,the-odds-api,2026-08-20T14:45:09.017436+00:00
2026-08-20,cdd0cd4e662b83ac6836cb4a84a152e3,Connecticut Sun @ Las Vegas Aces,2026-08-21T02:00:00Z,Las Vegas Aces,Connecticut Sun,A'ja Wilson,,PTS,OVER,17.5,-980,DraftKings,draftkings,player_points_alternate,the-odds-api,2026-08-20T14:45:09.017436+00:00
2026-08-20,cdd0cd4e662b83ac6836cb4a84a152e3,Connecticut Sun @ Las Vegas Aces,2026-08-21T02:00:00Z,Las Vegas Aces,Connecticut Sun,A'ja Wilson,,PTS,OVER,19.5,-563,DraftKings,draftkings,player_points_alternate,the-odds-api,2026-08-20T14:45:09.017436+00:00
2026-08-20,cdd0cd4e662b83ac6836cb4a84a152e3,Connecticut Sun @ Las Vegas Aces,2026-08-21T02:00:00Z,Las Vegas Aces,Connecticut Sun,A'ja Wilson,,PTS,OVER,24.5,-168,DraftKings,draftkings,player_points_alternate,the-odds-api,2026-08-20T14:45:09.017436+00:00
2026-08-20,cdd0cd4e662b83ac6836cb4a84a152e3,Connecticut Sun @ Las Vegas Aces,2026-08-21T02:00:00Z,Las Vegas Aces,Connecticut Sun,A'ja Wilson,,PTS,OVER,26.5,-112,DraftKings,draftkings,player_points_alternate,the-odds-api,2026-08-20T14:45:09.017436+00:00
2026-08-20,cdd0cd4e662b83ac6836cb4a84a152e3,Connecticut Sun @ Las Vegas Aces,2026-08-21T02:00:00Z,Las Vegas Aces,Connecticut Sun,A'ja Wilson,,PTS,OVER,29.5,163,DraftKings,draftkings,player_points_alternate,the-odds-api,2026-08-20T14:45:09.017436+00:00
2026-08-20,cdd0cd4e662b83ac6836cb4a84a152e3,Connecticut Sun @ Las Vegas Aces,2026-08-21T02:00:00Z,Las Vegas Aces,Connecticut Sun,A'ja Wilson,,PTS,OVER,34.5,434,DraftKings,draftkings,player_points_alternate,the-odds-api,2026-08-20T14:45:09.017436+00:00
2026-08-20,cdd0cd4e662b83ac6836cb4a84a152e3,Connecticut Sun @ Las Vegas Aces,2026-08-21T02:00:00Z,Las Vegas Aces,Connecticut Sun,A'ja Wilson,,PTS,OVER,39.5,1100,DraftKings,draftkings,player_points_alternate,the-odds-api,2026-08-20T14:45:09.017436+00:00
2026-08-20,cdd0cd4e662b83ac6836cb4a84a152e3,Connecticut Sun @ Las Vegas Aces,2026-08-21T02:00:00Z,Las Vegas Aces,Connecticut Sun,Jackie Young,,PTS,OVER,9.5,-2000,DraftKings,draftkings,player_points_alternate,the-odds-api,2026-08-20T14:45:09.017436+00:00
2026-08-20,cdd0cd4e662b83ac6836cb4a84a152e3,Connecticut Sun @ Las Vegas Aces,2026-08-21T02:00:00Z,Las Vegas Aces,Connecticut Sun,Jackie Young,,PTS,OVER,11.5,-890,DraftKings,draftkings,player_points_alternate,the-odds-api,2026-08-20T14:45:09.017436+00:00
2026-08-20,cdd0cd4e662b83ac6836cb4a84a152e3,Connecticut Sun @ Las Vegas Aces,2026-08-21T02:00:00Z,Las Vegas Aces,Connecticut Sun,Jackie Young,,PTS,OVER,14.5,-357,DraftKings,draftkings,player_points_alternate,the-odds-api,2026-08-20T14:45:09.017436+00:00
2026-08-20,cdd0cd4e662b83ac6836cb4a84a152e3,Connecticut Sun @ Las Vegas Aces,2026-08-21T02:00:00Z,Las Vegas Aces,Connecticut Sun,Jackie Young,,PTS,OVER,17.5,-165,DraftKings,draftkings,player_points_alternate,the-odds-api,2026-08-20T14:45:09.017436+00:00
2026-08-20,cdd0cd4e662b83ac6836cb4a84a152e3,Connecticut Sun @ Las Vegas Aces,2026-08-21T02:00:00Z,Las Vegas Aces,Connecticut Sun,Jackie Young,,PTS,OVER,19.5,-105,DraftKings,draftkings,player_points_alternate,the-odds-api,2026-08-20T14:45:09.017436+00:00
2026-08-20,cdd0cd4e662b83ac6836cb4a84a152e3,Connecticut Sun @ Las Vegas Aces,2026-08-21T02:00:00Z,Las Vegas Aces,Connecticut Sun,Jackie Young,,PTS,OVER,24.5,273,DraftKings,draftkings,player_points_alternate,the-odds-api,2026-08-20T14:45:09.017436+00:00
2026-08-20,cdd0cd4e662b83ac6836cb4a84a152e3,Connecticut Sun @ Las Vegas Aces,2026-08-21T02:00:00Z,Las Vegas Aces,Connecticut Sun,Jackie Young,,PTS,OVER,29.5,750,DraftKings,draftkings,player_points_alternate,the-odds-api,2026-08-20T14:45:09.017436+00:00
2026-08-20,cdd0cd4e662b83ac6836cb4a84a152e3,Connecticut Sun @ Las Vegas Aces,2026-08-21T02:00:00Z,Las Vegas Aces,Connecticut Sun,Olivia Nelson-Ododa,,PTS,OVER,5.5,-2800,DraftKings,draftkings,player_points_alternate,the-odds-api,2026-08-20T14:45:09.017436+00:00
2026-08-20,cdd0cd4e662b83ac6836cb4a84a152e3,Connecticut Sun @ Las Vegas Aces,2026-08-21T02:00:00Z,Las Vegas Aces,Connecticut Sun,Olivia Nelson-Ododa,,PTS,OVER,7.5,-840,DraftKings,draftkings,player_points_alternate,the-odds-api,2026-08-20T14:45:09.017436+00:00
2026-08-20,cdd0cd4e662b83ac6836cb4a84a152e3,Connecticut Sun @ Las Vegas Aces,2026-08-21T02:00:00Z,Las Vegas Aces,Connecticut Sun,Olivia Nelson-Ododa,,PTS,OVER,9.5,-378,DraftKings,draftkings,player_points_alternate,the-odds-api,2026-08-20T14:45:09.017436+00:00
2026-08-20,cdd0cd4e662b83ac6836cb4a84a152e3,Connecticut Sun @ Las Vegas Aces,2026-08-21T02:00:00Z,Las Vegas Aces,Connecticut Sun,Olivia Nelson-Ododa,,PTS,OVER,11.5,-200,DraftKings,draftkings,player_points_alternate,the-odds-api,2026-08-20T14:45:09.017436+00:00
2026-08-20,cdd0cd4e662b83ac6836cb4a84a152e3,Connecticut Sun @ Las Vegas Aces,2026-08-21T02:00:00Z,Las Vegas Aces,Connecticut Sun,Olivia Nelson-Ododa,,PTS,OVER,13.5,-113,DraftKings,draftkings,player_points_alternate,the-odds-api,2026-08-20T14:45:09.017436+00:00
2026-08-20,cdd0cd4e662b83ac6836cb4a84a152e3,Connecticut Sun @ Las Vegas Aces,2026-08-21T02:00:00Z,Las Vegas Aces,Connecticut Sun,Olivia Nelson-Ododa,,PTS,OVER,14.5,119,DraftKings,draftkings,player_points_alternate,the-odds-api,2026-08-20T14:45:09.017436+00:00
2026-08-20,cdd0cd4e662b83ac6836cb4a84a152e3,Connecticut Sun @ Las Vegas Aces,2026-08-21T02:00:00Z,Las Vegas Aces,Connecticut Sun,Olivia Nelson-Ododa,,PTS,OVER,17.5,241,DraftKings,draftkings,player_points_alternate,the-odds-api,2026-08-20T14:45:09.017436+00:00
2026-08-20,cdd0cd4e662b83ac6836cb4a84a152e3,Connecticut Sun @ Las Vegas Aces,2026-08-21T02:00:00Z,Las Vegas Aces,Connecticut Sun,Olivia Nelson-Ododa,,PTS,OVER,19.5,386,DraftKings,draftkings,player_points_alternate,the-odds-api,2026-08-20T14:45:09.017436+00:00
2026-08-20,cdd0cd4e662b83ac6836cb4a84a152e3,Connecticut Sun @ Las Vegas Aces,2026-08-21T02:00:00Z,Las Vegas Aces,Connecticut Sun,Olivia Nelson-Ododa,,PTS,OVER,24.5,1180,DraftKings,draftkings,player_points_alternate,the-odds-api,2026-08-20T14:45:09.017436+00:00
2026-08-20,cdd0cd4e662b83ac6836cb4a84a152e3,Connecticut Sun @ Las Vegas Aces,2026-08-21T02:00:00Z,Las Vegas Aces,Connecticut Sun,Diamond Miller,,PTS,OVER,5.5,-1020,DraftKings,draftkings,player_points_alternate,the-odds-api,2026-08-20T14:45:09.017436+00:00
2026-08-20,cdd0cd4e662b83ac6836cb4a84a152e3,Connecticut Sun @ Las Vegas Aces,2026-08-21T02:00:00Z,Las Vegas Aces,Connecticut Sun,Diamond Miller,,PTS,OVER,7.5,-429,DraftKings,draftkings,player_points_alternate,the-odds-api,2026-08-20T14:45:09.017436+00:00
2026-08-20,cdd0cd4e662b83ac6836cb4a84a152e3,Connecticut Sun @ Las Vegas Aces,2026-08-21T02:00:00Z,Las Vegas Aces,Connecticut Sun,Diamond Miller,,PTS,OVER,9.5,-216,DraftKings,draftkings,player_points_alternate,the-odds-api,2026-08-20T14:45:09.017436+00:00
2026-08-20,cdd0cd4e662b83ac6836cb4a84a152e3,Connecticut Sun @ Las Vegas Aces,2026-08-21T02:00:00Z,Las Vegas Aces,Connecticut Sun,Diamond Miller,,PTS,OVER,11.5,-120,DraftKings,draftkings,player_points_alternate,the-odds-api,2026-08-20T14:45:09.017436+00:00
2026-08-20,cdd0cd4e662b83ac6836cb4a84a152e3,Connecticut Sun @ Las Vegas Aces,2026-08-21T02:00:00Z,Las Vegas Aces,Connecticut Sun,Diamond Miller,,PTS,OVER,14.5,182,DraftKings,draftkings,player_points_alternate,the-odds-api,2026-08-20T14:45:09.017436+00:00
2026-08-20,cdd0cd4e662b83ac6836cb4a84a152e3,Connecticut Sun @ Las Vegas Aces,2026-08-21T02:00:00Z,Las Vegas Aces,Connecticut Sun,Diamond Miller,,PTS,OVER,17.5,382,DraftKings,draftkings,player_points_alternate,the-odds-api,2026-08-20T14:45:09.017436+00:00
2026-08-20,cdd0cd4e662b83ac6836cb4a84a152e3,Connecticut Sun @ Las Vegas Aces,2026-08-21T02:00:00Z,Las Vegas Aces,Connecticut Sun,Diamond Miller,,PTS,OVER,19.5,610,DraftKings,draftkings,player_points_alternate,the-odds-api,2026-08-20T14:45:09.017436+00:00
2026-08-20,cdd0cd4e662b83ac6836cb4a84a152e3,Connecticut Sun @ Las Vegas Aces,2026-08-21T02:00:00Z,Las Vegas Aces,Connecticut Sun,Chelsea Gray,,PTS,OVER,5.5,-960,DraftKings,draftkings,player_points_alternate,the-odds-api,2026-08-20T14:45:09.017436+00:00
2026-08-20,cdd0cd4e662b83ac6836cb4a84a152e3,Connecticut Sun @ Las Vegas Aces,2026-08-21T02:00:00Z,Las Vegas Aces,Connecticut Sun,Chelsea Gray,,PTS,OVER,7.5,-404,DraftKings,draftkings,player_points_alternate,the-odds-api,2026-08-20T14:45:09.017436+00:00
2026-08-20,cdd0cd4e662b83ac6836cb4a84a152e3,Connecticut Sun @ Las Vegas Aces,2026-08-21T02:00:00Z,Las Vegas Aces,Connecticut Sun,Chelsea Gray,,PTS,OVER,9.5,-201,DraftKings,draftkings,player_points_alternate,the-odds-api,2026-08-20T14:45:09.017436+00:00
2026-08-20,cdd0cd4e662b83ac6836cb4a84a152e3,Connecticut Sun @ Las Vegas Aces,2026-08-21T02:00:00Z,Las Vegas Aces,Connecticut Sun,Chelsea Gray,,PTS,OVER,11.5,-108,DraftKings,draftkings,player_points_alternate,the-odds-api,2026-08-20T14:45:09.017436+00:00
2026-08-20,cdd0cd4e662b83ac6836cb4a84a152e3,Connecticut Sun @ Las Vegas Aces,2026-08-21T02:00:00Z,Las Vegas Aces,Connecticut Sun,Chelsea Gray,,PTS,OVER,14.5,207,DraftKings,draftkings,player_points_alternate,the-odds-api,2026-08-20T14:45:09.017436+00:00
2026-08-20,cdd0cd4e662b83ac6836cb4a84a152e3,Connecticut Sun @ Las Vegas Aces,2026-08-21T02:00:00Z,Las Vegas Aces,Connecticut Sun,Chelsea Gray,,PTS,OVER,17.5,445,DraftKings,draftkings,player_points_alternate,the-odds-api,2026-08-20T14:45:09.017436+00:00
2026-08-20,cdd0cd4e662b83ac6836cb4a84a152e3,Connecticut Sun @ Las Vegas Aces,2026-08-21T02:00:00Z,Las Vegas Aces,Connecticut Sun,Chelsea Gray,,PTS,OVER,19.5,730,DraftKings,draftkings,player_points_alternate,the-odds-api,2026-08-20T14:45:09.017436+00:00
2026-08-20,cdd0cd4e662b83ac6836cb4a84a152e3,Connecticut Sun @ Las Vegas Aces,2026-08-21T02:00:00Z,Las Vegas Aces,Connecticut Sun,Leïla Lacan,,PTS,OVER,5.5,-830,DraftKings,draftkings,player_points_alternate,the-odds-api,2026-08-20T14:45:09.017436+00:00
2026-08-20,cdd0cd4e662b83ac6836cb4a84a152e3,Connecticut Sun @ Las Vegas Aces,2026-08-21T02:00:00Z,Las Vegas Aces,Connecticut Sun,Leïla Lacan,,PTS,OVER,7.5,-352,DraftKings,draftkings,player_points_alternate,the-odds-api,2026-08-20T14:45:09.017436+00:00
2026-08-20,cdd0cd4e662b83ac6836cb4a84a152e3,Connecticut Sun @ Las Vegas Aces,2026-08-21T02:00:00Z,Las Vegas Aces,Connecticut Sun,Leïla Lacan,,PTS,OVER,9.5,-180,DraftKings,draftkings,player_points_alternate,the-odds-api,2026-08-20T14:45:09.017436+00:00
2026-08-20,cdd0cd4e662b83ac6836cb4a84a152e3,Connecticut Sun @ Las Vegas Aces,2026-08-21T02:00:00Z,Las Vegas Aces,Connecticut Sun,Leïla Lacan,,PTS,OVER,11.5,-101,DraftKings,draftkings,player_points_alternate,the-odds-api,2026-08-20T14:45:09.017436+00:00
2026-08-20,cdd0cd4e662b83ac6836cb4a84a152e3,Connecticut Sun @ Las Vegas Aces,2026-08-21T02:00:00Z,Las Vegas Aces,Connecticut Sun,Leïla Lacan,,PTS,OVER,14.5,217,DraftKings,draftkings,player_points_alternate,the-odds-api,2026-08-20T14:45:09.017436+00:00
2026-08-20,cdd0cd4e662b83ac6836cb4a84a152e3,Connecticut Sun @ Las Vegas Aces,2026-08-21T02:00:00Z,Las Vegas Aces,Connecticut Sun,Leïla Lacan,,PTS,OVER,17.5,458,DraftKings,draftkings,player_points_alternate,the-odds-api,2026-08-20T14:45:09.017436+00:00
2026-08-20,cdd0cd4e662b83ac6836cb4a84a152e3,Connecticut Sun @ Las Vegas Aces,2026-08-21T02:00:00Z,Las Vegas Aces,Connecticut Sun,Leïla Lacan,,PTS,OVER,19.5,730,DraftKings,draftkings,player_points_alternate,the-odds-api,2026-08-20T14:45:09.017436+00:00
2026-08-20,cdd0cd4e662b83ac6836cb4a84a152e3,Connecticut Sun @ Las Vegas Aces,2026-08-21T02:00:00Z,Las Vegas Aces,Connecticut Sun,NaLyssa Smith,,PTS,OVER,5.5,-1400,DraftKings,draftkings,player_points_alternate,the-odds-api,2026-08-20T14:45:09.017436+00:00
2026-08-20,cdd0cd4e662b83ac6836cb4a84a152e3,Connecticut Sun @ Las Vegas Aces,2026-08-21T02:00:00Z,Las Vegas Aces,Connecticut Sun,NaLyssa Smith,,PTS,OVER,7.5,-496,DraftKings,draftkings,player_points_alternate,the-odds-api,2026-08-20T14:45:09.017436+00:00
2026-08-20,cdd0cd4e662b83ac6836cb4a84a152e3,Connecticut Sun @ Las Vegas Aces,2026-08-21T02:00:00Z,Las Vegas Aces,Connecticut Sun,NaLyssa Smith,,PTS,OVER,9.5,-224,DraftKings,draftkings,player_points_alternate,the-odds-api,2026-08-20T14:45:09.017436+00:00
2026-08-20,cdd0cd4e662b83ac6836cb4a84a152e3,Connecticut Sun @ Las Vegas Aces,2026-08-21T02:00:00Z,Las Vegas Aces,Connecticut Sun,NaLyssa Smith,,PTS,OVER,11.5,-115,DraftKings,draftkings,player_points_alternate,the-odds-api,2026-08-20T14:45:09.017436+00:00
2026-08-20,cdd0cd4e662b83ac6836cb4a84a152e3,Connecticut Sun @ Las Vegas Aces,2026-08-21T02:00:00Z,Las Vegas Aces,Connecticut Sun,NaLyssa Smith,,PTS,OVER,14.5,223,DraftKings,draftkings,player_points_alternate,the-odds-api,2026-08-20T14:45:09.017436+00:00
2026-08-20,cdd0cd4e662b83ac6836cb4a84a152e3,Connecticut Sun @ Las Vegas Aces,2026-08-21T02:00:00Z,Las Vegas Aces,Connecticut Sun,NaLyssa Smith,,PTS,OVER,17.5,486,DraftKings,draftkings,player_points_alternate,the-odds-api,2026-08-20T14:45:09.017436+00:00
2026-08-20,cdd0cd4e662b83ac6836cb4a84a152e3,Connecticut Sun @ Las Vegas Aces,2026-08-21T02:00:00Z,Las Vegas Aces,Connecticut Sun,NaLyssa Smith,,PTS,OVER,19.5,810,DraftKings,draftkings,player_points_alternate,the-odds-api,2026-08-20T14:45:09.017436+00:00
2026-08-20,cdd0cd4e662b83ac6836cb4a84a152e3,Connecticut Sun @ Las Vegas Aces,2026-08-21T02:00:00Z,Las Vegas Aces,Connecticut Sun,Jewell Loyd,,PTS,OVER,5.5,-244,DraftKings,draftkings,player_points_alternate,the-odds-api,2026-08-20T14:45:09.017436+00:00
2026-08-20,cdd0cd4e662b83ac6836cb4a84a152e3,Connecticut Sun @ Las Vegas Aces,2026-08-21T02:00:00Z,Las Vegas Aces,Connecticut Sun,Jewell Loyd,,PTS,OVER,7.5,-123,DraftKings,draftkings,player_points_alternate,the-odds-api,2026-08-20T14:45:09.017436+00:00
2026-08-20,cdd0cd4e662b83ac6836cb4a84a152e3,Connecticut Sun @ Las Vegas Aces,2026-08-21T02:00:00Z,Las Vegas Aces,Connecticut Sun,Jewell Loyd,,PTS,OVER,9.5,158,DraftKings,draftkings,player_points_alternate,the-odds-api,2026-08-20T14:45:09.017436+00:00
2026-08-20,cdd0cd4e662b83ac6836cb4a84a152e3,Connecticut Sun @ Las Vegas Aces,2026-08-21T02:00:00Z,Las Vegas Aces,Connecticut Sun,Jewell Loyd,,PTS,OVER,11.5,287,DraftKings,draftkings,player_points_alternate,the-odds-api,2026-08-20T14:45:09.017436+00:00
2026-08-20,cdd0cd4e662b83ac6836cb4a84a152e3,Connecticut Sun @ Las Vegas Aces,2026-08-21T02:00:00Z,Las Vegas Aces,Connecticut Sun,Jewell Loyd,,PTS,OVER,14.5,650,DraftKings,draftkings,player_points_alternate,the-odds-api,2026-08-20T14:45:09.017436+00:00
2026-08-20,cdd0cd4e662b83ac6836cb4a84a152e3,Connecticut Sun @ Las Vegas Aces,2026-08-21T02:00:00Z,Las Vegas Aces,Connecticut Sun,Jewell Loyd,,PTS,OVER,17.5,1460,DraftKings,draftkings,player_points_alternate,the-odds-api,2026-08-20T14:45:09.017436+00:00
2026-08-20,cdd0cd4e662b83ac6836cb4a84a152e3,Connecticut Sun @ Las Vegas Aces,2026-08-21T02:00:00Z,Las Vegas Aces,Connecticut Sun,A'ja Wilson,,PA,OVER,19.5,-1320,DraftKings,draftkings,player_points_assists_alternate,the-odds-api,2026-08-20T14:45:09.017436+00:00
2026-08-20,cdd0cd4e662b83ac6836cb4a84a152e3,Connecticut Sun @ Las Vegas Aces,2026-08-21T02:00:00Z,Las Vegas Aces,Connecticut Sun,A'ja Wilson,,PA,OVER,24.5,-334,DraftKings,draftkings,player_points_assists_alternate,the-odds-api,2026-08-20T14:45:09.017436+00:00
2026-08-20,cdd0cd4e662b83ac6836cb4a84a152e3,Connecticut Sun @ Las Vegas Aces,2026-08-21T02:00:00Z,Las Vegas Aces,Connecticut Sun,A'ja Wilson,,PA,OVER,29.5,-117,DraftKings,draftkings,player_points_assists_alternate,the-odds-api,2026-08-20T14:45:09.017436+00:00
2026-08-20,cdd0cd4e662b83ac6836cb4a84a152e3,Connecticut Sun @ Las Vegas Aces,2026-08-21T02:00:00Z,Las Vegas Aces,Connecticut Sun,A'ja Wilson,,PA,OVER,34.5,230,DraftKings,draftkings,player_points_assists_alternate,the-odds-api,2026-08-20T14:45:09.017436+00:00
2026-08-20,cdd0cd4e662b83ac6836cb4a84a152e3,Connecticut Sun @ Las Vegas Aces,2026-08-21T02:00:00Z,Las Vegas Aces,Connecticut Sun,A'ja Wilson,,PA,OVER,39.5,600,DraftKings,draftkings,player_points_assists_alternate,the-odds-api,2026-08-20T14:45:09.017436+00:00
2026-08-20,cdd0cd4e662b83ac6836cb4a84a152e3,Connecticut Sun @ Las Vegas Aces,2026-08-21T02:00:00Z,Las Vegas Aces,Connecticut Sun,A'ja Wilson,,PA,OVER,44.5,1460,DraftKings,draftkings,player_points_assists_alternate,the-odds-api,2026-08-20T14:45:09.017436+00:00
2026-08-20,cdd0cd4e662b83ac6836cb4a84a152e3,Connecticut Sun @ Las Vegas Aces,2026-08-21T02:00:00Z,Las Vegas Aces,Connecticut Sun,Jackie Young,,PA,OVER,19.5,-560,DraftKings,draftkings,player_points_assists_alternate,the-odds-api,2026-08-20T14:45:09.017436+00:00
2026-08-20,cdd0cd4e662b83ac6836cb4a84a152e3,Connecticut Sun @ Las Vegas Aces,2026-08-21T02:00:00Z,Las Vegas Aces,Connecticut Sun,Jackie Young,,PA,OVER,24.5,-166,DraftKings,draftkings,player_points_assists_alternate,the-odds-api,2026-08-20T14:45:09.017436+00:00
2026-08-20,cdd0cd4e662b83ac6836cb4a84a152e3,Connecticut Sun @ Las Vegas Aces,2026-08-21T02:00:00Z,Las Vegas Aces,Connecticut Sun,Jackie Young,,PA,OVER,26.5,-107,DraftKings,draftkings,player_points_assists_alternate,the-odds-api,2026-08-20T14:45:09.017436+00:00
2026-08-20,cdd0cd4e662b83ac6836cb4a84a152e3,Connecticut Sun @ Las Vegas Aces,2026-08-21T02:00:00Z,Las Vegas Aces,Connecticut Sun,Jackie Young,,PA,OVER,29.5,173,DraftKings,draftkings,player_points_assists_alternate,the-odds-api,2026-08-20T14:45:09.017436+00:00
2026-08-20,cdd0cd4e662b83ac6836cb4a84a152e3,Connecticut Sun @ Las Vegas Aces,2026-08-21T02:00:00Z,Las Vegas Aces,Connecticut Sun,Jackie Young,,PA,OVER,34.5,464,DraftKings,draftkings,player_points_assists_alternate,the-odds-api,2026-08-20T14:45:09.017436+00:00
2026-08-20,cdd0cd4e662b83ac6836cb4a84a152e3,Connecticut Sun @ Las Vegas Aces,2026-08-21T02:00:00Z,Las Vegas Aces,Connecticut Sun,Jackie Young,,PA,OVER,39.5,1200,DraftKings,draftkings,player_points_assists_alternate,the-odds-api,2026-08-20T14:45:09.017436+00:00
2026-08-20,cdd0cd4e662b83ac6836cb4a84a152e3,Connecticut Sun @ Las Vegas Aces,2026-08-21T02:00:00Z,Las Vegas Aces,Connecticut Sun,Chelsea Gray,,PA,OVER,9.5,-2900,DraftKings,draftkings,player_points_assists_alternate,the-odds-api,2026-08-20T14:45:09.017436+00:00
2026-08-20,cdd0cd4e662b83ac6836cb4a84a152e3,Connecticut Sun @ Las Vegas Aces,2026-08-21T02:00:00Z,Las Vegas Aces,Connecticut Sun,Chelsea Gray,,PA,OVER,14.5,-335,DraftKings,draftkings,player_points_assists_alternate,the-odds-api,2026-08-20T14:45:09.017436+00:00
2026-08-20,cdd0cd4e662b83ac6836cb4a84a152e3,Connecticut Sun @ Las Vegas Aces,2026-08-21T02:00:00Z,Las Vegas Aces,Connecticut Sun,Chelsea Gray,,PA,OVER,18.5,-107,DraftKings,draftkings,player_points_assists_alternate,the-odds-api,2026-08-20T14:45:09.017436+00:00
2026-08-20,cdd0cd4e662b83ac6836cb4a84a152e3,Connecticut Sun @ Las Vegas Aces,2026-08-21T02:00:00Z,Las Vegas Aces,Connecticut Sun,Chelsea Gray,,PA,OVER,19.5,122,DraftKings,draftkings,player_points_assists_alternate,the-odds-api,2026-08-20T14:45:09.017436+00:00
2026-08-20,cdd0cd4e662b83ac6836cb4a84a152e3,Connecticut Sun @ Las Vegas Aces,2026-08-21T02:00:00Z,Las Vegas Aces,Connecticut Sun,Chelsea Gray,,PA,OVER,24.5,420,DraftKings,draftkings,player_points_assists_alternate,the-odds-api,2026-08-20T14:45:09.017436+00:00
2026-08-20,cdd0cd4e662b83ac6836cb4a84a152e3,Connecticut Sun @ Las Vegas Aces,2026-08-21T02:00:00Z,Las Vegas Aces,Connecticut Sun,Chelsea Gray,,PA,OVER,29.5,1340,DraftKings,draftkings,player_points_assists_alternate,the-odds-api,2026-08-20T14:45:09.017436+00:00
2026-08-20,cdd0cd4e662b83ac6836cb4a84a152e3,Connecticut Sun @ Las Vegas Aces,2026-08-21T02:00:00Z,Las Vegas Aces,Connecticut Sun,Leïla Lacan,,PA,OVER,9.5,-970,DraftKings,draftkings,player_points_assists_alternate,the-odds-api,2026-08-20T14:45:09.017436+00:00
2026-08-20,cdd0cd4e662b83ac6836cb4a84a152e3,Connecticut Sun @ Las Vegas Aces,2026-08-21T02:00:00Z,Las Vegas Aces,Connecticut Sun,Leïla Lacan,,PA,OVER,14.5,-180,DraftKings,draftkings,player_points_assists_alternate,the-odds-api,2026-08-20T14:45:09.017436+00:00
2026-08-20,cdd0cd4e662b83ac6836cb4a84a152e3,Connecticut Sun @ Las Vegas Aces,2026-08-21T02:00:00Z,Las Vegas Aces,Connecticut Sun,Leïla Lacan,,PA,OVER,16.5,-108,DraftKings,draftkings,player_points_assists_alternate,the-odds-api,2026-08-20T14:45:09.017436+00:00
2026-08-20,cdd0cd4e662b83ac6836cb4a84a152e3,Connecticut Sun @ Las Vegas Aces,2026-08-21T02:00:00Z,Las Vegas Aces,Connecticut Sun,Leïla Lacan,,PA,OVER,19.5,188,DraftKings,draftkings,player_points_assists_alternate,the-odds-api,2026-08-20T14:45:09.017436+00:00
2026-08-20,cdd0cd4e662b83ac6836cb4a84a152e3,Connecticut Sun @ Las Vegas Aces,2026-08-21T02:00:00Z,Las Vegas Aces,Connecticut Sun,Leïla Lacan,,PA,OVER,24.5,566,DraftKings,draftkings,player_points_assists_alternate,the-odds-api,2026-08-20T14:45:09.017436+00:00
2026-08-20,cdd0cd4e662b83ac6836cb4a84a152e3,Connecticut Sun @ Las Vegas Aces,2026-08-21T02:00:00Z,Las Vegas Aces,Connecticut Sun,Leïla Lacan,,PA,OVER,29.5,1540,DraftKings,draftkings,player_points_assists_alternate,the-odds-api,2026-08-20T14:45:09.017436+00:00
2026-08-20,cdd0cd4e662b83ac6836cb4a84a152e3,Connecticut Sun @ Las Vegas Aces,2026-08-21T02:00:00Z,Las Vegas Aces,Connecticut Sun,Olivia Nelson-Ododa,,PA,OVER,9.5,-650,DraftKings,draftkings,player_points_assists_alternate,the-odds-api,2026-08-20T14:45:09.017436+00:00
2026-08-20,cdd0cd4e662b83ac6836cb4a84a152e3,Connecticut Sun @ Las Vegas Aces,2026-08-21T02:00:00Z,Las Vegas Aces,Connecticut Sun,Olivia Nelson-Ododa,,PA,OVER,14.5,-137,DraftKings,draftkings,player_points_assists_alternate,the-odds-api,2026-08-20T14:45:09.017436+00:00
2026-08-20,cdd0cd4e662b83ac6836cb4a84a152e3,Connecticut Sun @ Las Vegas Aces,2026-08-21T02:00:00Z,Las Vegas Aces,Connecticut Sun,Olivia Nelson-Ododa,,PA,OVER,15.5,-105,DraftKings,draftkings,player_points_assists_alternate,the-odds-api,2026-08-20T14:45:09.017436+00:00
2026-08-20,cdd0cd4e662b83ac6836cb4a84a152e3,Connecticut Sun @ Las Vegas Aces,2026-08-21T02:00:00Z,Las Vegas Aces,Connecticut Sun,Olivia Nelson-Ododa,,PA,OVER,19.5,248,DraftKings,draftkings,player_points_assists_alternate,the-odds-api,2026-08-20T14:45:09.017436+00:00
2026-08-20,cdd0cd4e662b83ac6836cb4a84a152e3,Connecticut Sun @ Las Vegas Aces,2026-08-21T02:00:00Z,Las Vegas Aces,Connecticut Sun,Olivia Nelson-Ododa,,PA,OVER,24.5,740,DraftKings,draftkings,player_points_assists_alternate,the-odds-api,2026-08-20T14:45:09.017436+00:00
2026-08-20,cdd0cd4e662b83ac6836cb4a84a152e3,Connecticut Sun @ Las Vegas Aces,2026-08-21T02:00:00Z,Las Vegas Aces,Connecticut Sun,Diamond Miller,,PA,OVER,9.5,-346,DraftKings,draftkings,player_points_assists_alternate,the-odds-api,2026-08-20T14:45:09.017436+00:00
2026-08-20,cdd0cd4e662b83ac6836cb4a84a152e3,Connecticut Sun @ Las Vegas Aces,2026-08-21T02:00:00Z,Las Vegas Aces,Connecticut Sun,Diamond Miller,,PA,OVER,13.5,-107,DraftKings,draftkings,player_points_assists_alternate,the-odds-api,2026-08-20T14:45:09.017436+00:00
2026-08-20,cdd0cd4e662b83ac6836cb4a84a152e3,Connecticut Sun @ Las Vegas Aces,2026-08-21T02:00:00Z,Las Vegas Aces,Connecticut Sun,Diamond Miller,,PA,OVER,14.5,123,DraftKings,draftkings,player_points_assists_alternate,the-odds-api,2026-08-20T14:45:09.017436+00:00
2026-08-20,cdd0cd4e662b83ac6836cb4a84a152e3,Connecticut Sun @ Las Vegas Aces,2026-08-21T02:00:00Z,Las Vegas Aces,Connecticut Sun,Diamond Miller,,PA,OVER,19.5,400,DraftKings,draftkings,player_points_assists_alternate,the-odds-api,2026-08-20T14:45:09.017436+00:00
2026-08-20,cdd0cd4e662b83ac6836cb4a84a152e3,Connecticut Sun @ Las Vegas Aces,2026-08-21T02:00:00Z,Las Vegas Aces,Connecticut Sun,Diamond Miller,,PA,OVER,24.5,1240,DraftKings,draftkings,player_points_assists_alternate,the-odds-api,2026-08-20T14:45:09.017436+00:00
2026-08-20,cdd0cd4e662b83ac6836cb4a84a152e3,Connecticut Sun @ Las Vegas Aces,2026-08-21T02:00:00Z,Las Vegas Aces,Connecticut Sun,NaLyssa Smith,,PA,OVER,9.5,-296,DraftKings,draftkings,player_points_assists_alternate,the-odds-api,2026-08-20T14:45:09.017436+00:00
2026-08-20,cdd0cd4e662b83ac6836cb4a84a152e3,Connecticut Sun @ Las Vegas Aces,2026-08-21T02:00:00Z,Las Vegas Aces,Connecticut Sun,NaLyssa Smith,,PA,OVER,12.5,-109,DraftKings,draftkings,player_points_assists_alternate,the-odds-api,2026-08-20T14:45:09.017436+00:00
2026-08-20,cdd0cd4e662b83ac6836cb4a84a152e3,Connecticut Sun @ Las Vegas Aces,2026-08-21T02:00:00Z,Las Vegas Aces,Connecticut Sun,NaLyssa Smith,,PA,OVER,14.5,165,DraftKings,draftkings,player_points_assists_alternate,the-odds-api,2026-08-20T14:45:09.017436+00:00
2026-08-20,cdd0cd4e662b83ac6836cb4a84a152e3,Connecticut Sun @ Las Vegas Aces,2026-08-21T02:00:00Z,Las Vegas Aces,Connecticut Sun,NaLyssa Smith,,PA,OVER,19.5,630,DraftKings,draftkings,player_points_assists_alternate,the-odds-api,2026-08-20T14:45:09.017436+00:00
2026-08-20,cdd0cd4e662b83ac6836cb4a84a152e3,Connecticut Sun @ Las Vegas Aces,2026-08-21T02:00:00Z,Las Vegas Aces,Connecticut Sun,Jewell Loyd,,PA,OVER,4.5,-750,DraftKings,draftkings,player_points_assists_alternate,the-odds-api,2026-08-20T14:45:09.017436+00:00
2026-08-20,cdd0cd4e662b83ac6836cb4a84a152e3,Connecticut Sun @ Las Vegas Aces,2026-08-21T02:00:00Z,Las Vegas Aces,Connecticut Sun,Jewell Loyd,,PA,OVER,8.5,-136,DraftKings,draftkings,player_points_assists_alternate,the-odds-api,2026-08-20T14:45:09.017436+00:00
2026-08-20,cdd0cd4e662b83ac6836cb4a84a152e3,Connecticut Sun @ Las Vegas Aces,2026-08-21T02:00:00Z,Las Vegas Aces,Connecticut Sun,Jewell Loyd,,PA,OVER,9.5,101,DraftKings,draftkings,player_points_assists_alternate,the-odds-api,2026-08-20T14:45:09.017436+00:00
2026-08-20,cdd0cd4e662b83ac6836cb4a84a152e3,Connecticut Sun @ Las Vegas Aces,2026-08-21T02:00:00Z,Las Vegas Aces,Connecticut Sun,Jewell Loyd,,PA,OVER,14.5,425,DraftKings,draftkings,player_points_assists_alternate,the-odds-api,2026-08-20T14:45:09.017436+00:00
2026-08-20,cdd0cd4e662b83ac6836cb4a84a152e3,Connecticut Sun @ Las Vegas Aces,2026-08-21T02:00:00Z,Las Vegas Aces,Connecticut Sun,Jewell Loyd,,PA,OVER,19.5,1560,DraftKings,draftkings,player_points_assists_alternate,the-odds-api,2026-08-20T14:45:09.017436+00:00
2026-08-20,cdd0cd4e662b83ac6836cb4a84a152e3,Connecticut Sun @ Las Vegas Aces,2026-08-21T02:00:00Z,Las Vegas Aces,Connecticut Sun,A'ja Wilson,,PR,OVER,24.5,-1240,DraftKings,draftkings,player_points_rebounds_alternate,the-odds-api,2026-08-20T14:45:09.017436+00:00
2026-08-20,cdd0cd4e662b83ac6836cb4a84a152e3,Connecticut Sun @ Las Vegas Aces,2026-08-21T02:00:00Z,Las Vegas Aces,Connecticut Sun,A'ja Wilson,,PR,OVER,29.5,-374,DraftKings,draftkings,player_points_rebounds_alternate,the-odds-api,2026-08-20T14:45:09.017436+00:00
2026-08-20,cdd0cd4e662b83ac6836cb4a84a152e3,Connecticut Sun @ Las Vegas Aces,2026-08-21T02:00:00Z,Las Vegas Aces,Connecticut Sun,A'ja Wilson,,PR,OVER,34.5,-144,DraftKings,draftkings,player_points_rebounds_alternate,the-odds-api,2026-08-20T14:45:09.017436+00:00
2026-08-20,cdd0cd4e662b83ac6836cb4a84a152e3,Connecticut Sun @ Las Vegas Aces,2026-08-21T02:00:00Z,Las Vegas Aces,Connecticut Sun,A'ja Wilson,,PR,OVER,35.5,-121,DraftKings,draftkings,player_points_rebounds_alternate,the-odds-api,2026-08-20T14:45:09.017436+00:00
2026-08-20,cdd0cd4e662b83ac6836cb4a84a152e3,Connecticut Sun @ Las Vegas Aces,2026-08-21T02:00:00Z,Las Vegas Aces,Connecticut Sun,A'ja Wilson,,PR,OVER,39.5,167,DraftKings,draftkings,player_points_rebounds_alternate,the-odds-api,2026-08-20T14:45:09.017436+00:00
2026-08-20,cdd0cd4e662b83ac6836cb4a84a152e3,Connecticut Sun @ Las Vegas Aces,2026-08-21T02:00:00Z,Las Vegas Aces,Connecticut Sun,A'ja Wilson,,PR,OVER,44.5,398,DraftKings,draftkings,player_points_rebounds_alternate,the-odds-api,2026-08-20T14:45:09.017436+00:00
2026-08-20,cdd0cd4e662b83ac6836cb4a84a152e3,Connecticut Sun @ Las Vegas Aces,2026-08-21T02:00:00Z,Las Vegas Aces,Connecticut Sun,A'ja Wilson,,PR,OVER,49.5,940,DraftKings,draftkings,player_points_rebounds_alternate,the-odds-api,2026-08-20T14:45:09.017436+00:00
2026-08-20,cdd0cd4e662b83ac6836cb4a84a152e3,Connecticut Sun @ Las Vegas Aces,2026-08-21T02:00:00Z,Las Vegas Aces,Connecticut Sun,Jackie Young,,PR,OVER,14.5,-1140,DraftKings,draftkings,player_points_rebounds_alternate,the-odds-api,2026-08-20T14:45:09.017436+00:00
2026-08-20,cdd0cd4e662b83ac6836cb4a84a152e3,Connecticut Sun @ Las Vegas Aces,2026-08-21T02:00:00Z,Las Vegas Aces,Connecticut Sun,Jackie Young,,PR,OVER,19.5,-282,DraftKings,draftkings,player_points_rebounds_alternate,the-odds-api,2026-08-20T14:45:09.017436+00:00
2026-08-20,cdd0cd4e662b83ac6836cb4a84a152e3,Connecticut Sun @ Las Vegas Aces,2026-08-21T02:00:00Z,Las Vegas Aces,Connecticut Sun,Jackie Young,,PR,OVER,23.5,-116,DraftKings,draftkings,player_points_rebounds_alternate,the-odds-api,2026-08-20T14:45:09.017436+00:00
2026-08-20,cdd0cd4e662b83ac6836cb4a84a152e3,Connecticut Sun @ Las Vegas Aces,2026-08-21T02:00:00Z,Las Vegas Aces,Connecticut Sun,Jackie Young,,PR,OVER,24.5,107,DraftKings,draftkings,player_points_rebounds_alternate,the-odds-api,2026-08-20T14:45:09.017436+00:00
2026-08-20,cdd0cd4e662b83ac6836cb4a84a152e3,Connecticut Sun @ Las Vegas Aces,2026-08-21T02:00:00Z,Las Vegas Aces,Connecticut Sun,Jackie Young,,PR,OVER,29.5,287,DraftKings,draftkings,player_points_rebounds_alternate,the-odds-api,2026-08-20T14:45:09.017436+00:00
2026-08-20,cdd0cd4e662b83ac6836cb4a84a152e3,Connecticut Sun @ Las Vegas Aces,2026-08-21T02:00:00Z,Las Vegas Aces,Connecticut Sun,Jackie Young,,PR,OVER,34.5,740,DraftKings,draftkings,player_points_rebounds_alternate,the-odds-api,2026-08-20T14:45:09.017436+00:00
2026-08-20,cdd0cd4e662b83ac6836cb4a84a152e3,Connecticut Sun @ Las Vegas Aces,2026-08-21T02:00:00Z,Las Vegas Aces,Connecticut Sun,Olivia Nelson-Ododa,,PR,OVER,14.5,-800,DraftKings,draftkings,player_points_rebounds_alternate,the-odds-api,2026-08-20T14:45:09.017436+00:00
2026-08-20,cdd0cd4e662b83ac6836cb4a84a152e3,Connecticut Sun @ Las Vegas Aces,2026-08-21T02:00:00Z,Las Vegas Aces,Connecticut Sun,Olivia Nelson-Ododa,,PR,OVER,19.5,-215,DraftKings,draftkings,player_points_rebounds_alternate,the-odds-api,2026-08-20T14:45:09.017436+00:00
2026-08-20,cdd0cd4e662b83ac6836cb4a84a152e3,Connecticut Sun @ Las Vegas Aces,2026-08-21T02:00:00Z,Las Vegas Aces,Connecticut Sun,Olivia Nelson-Ododa,,PR,OVER,22.5,-112,DraftKings,draftkings,player_points_rebounds_alternate,the-odds-api,2026-08-20T14:45:09.017436+00:00
2026-08-20,cdd0cd4e662b83ac6836cb4a84a152e3,Connecticut Sun @ Las Vegas Aces,2026-08-21T02:00:00Z,Las Vegas Aces,Connecticut Sun,Olivia Nelson-Ododa,,PR,OVER,24.5,133,DraftKings,draftkings,player_points_rebounds_alternate,the-odds-api,2026-08-20T14:45:09.017436+00:00
2026-08-20,cdd0cd4e662b83ac6836cb4a84a152e3,Connecticut Sun @ Las Vegas Aces,2026-08-21T02:00:00Z,Las Vegas Aces,Connecticut Sun,Olivia Nelson-Ododa,,PR,OVER,29.5,332,DraftKings,draftkings,player_points_rebounds_alternate,the-odds-api,2026-08-20T14:45:09.017436+00:00
2026-08-20,cdd0cd4e662b83ac6836cb4a84a152e3,Connecticut Sun @ Las Vegas Aces,2026-08-21T02:00:00Z,Las Vegas Aces,Connecticut Sun,Olivia Nelson-Ododa,,PR,OVER,34.5,820,DraftKings,draftkings,player_points_rebounds_alternate,the-odds-api,2026-08-20T14:45:09.017436+00:00
2026-08-20,cdd0cd4e662b83ac6836cb4a84a152e3,Connecticut Sun @ Las Vegas Aces,2026-08-21T02:00:00Z,Las Vegas Aces,Connecticut Sun,NaLyssa Smith,,PR,OVER,9.5,-2900,DraftKings,draftkings,player_points_rebounds_alternate,the-odds-api,2026-08-20T14:45:09.017436+00:00
2026-08-20,cdd0cd4e662b83ac6836cb4a84a152e3,Connecticut Sun @ Las Vegas Aces,2026-08-21T02:00:00Z,Las Vegas Aces,Connecticut Sun,NaLyssa Smith,,PR,OVER,14.5,-346,DraftKings,draftkings,player_points_rebounds_alternate,the-odds-api,2026-08-20T14:45:09.017436+00:00
2026-08-20,cdd0cd4e662b83ac6836cb4a84a152e3,Connecticut Sun @ Las Vegas Aces,2026-08-21T02:00:00Z,Las Vegas Aces,Connecticut Sun,NaLyssa Smith,,PR,OVER,18.5,-120,DraftKings,draftkings,player_points_rebounds_alternate,the-odds-api,2026-08-20T14:45:09.017436+00:00
2026-08-20,cdd0cd4e662b83ac6836cb4a84a152e3,Connecticut Sun @ Las Vegas Aces,2026-08-21T02:00:00Z,Las Vegas Aces,Connecticut Sun,NaLyssa Smith,,PR,OVER,19.5,107,DraftKings,draftkings,player_points_rebounds_alternate,the-odds-api,2026-08-20T14:45:09.017436+00:00
2026-08-20,cdd0cd4e662b83ac6836cb4a84a152e3,Connecticut Sun @ Las Vegas Aces,2026-08-21T02:00:00Z,Las Vegas Aces,Connecticut Sun,NaLyssa Smith,,PR,OVER,24.5,330,DraftKings,draftkings,player_points_rebounds_alternate,the-odds-api,2026-08-20T14:45:09.017436+00:00
2026-08-20,cdd0cd4e662b83ac6836cb4a84a152e3,Connecticut Sun @ Las Vegas Aces,2026-08-21T02:00:00Z,Las Vegas Aces,Connecticut Sun,NaLyssa Smith,,PR,OVER,29.5,960,DraftKings,draftkings,player_points_rebounds_alternate,the-odds-api,2026-08-20T14:45:09.017436+00:00
2026-08-20,cdd0cd4e662b83ac6836cb4a84a152e3,Connecticut Sun @ Las Vegas Aces,2026-08-21T02:00:00Z,Las Vegas Aces,Connecticut Sun,Diamond Miller,,PR,OVER,9.5,-720,DraftKings,draftkings,player_points_rebounds_alternate,the-odds-api,2026-08-20T14:45:09.017436+00:00
2026-08-20,cdd0cd4e662b83ac6836cb4a84a152e3,Connecticut Sun @ Las Vegas Aces,2026-08-21T02:00:00Z,Las Vegas Aces,Connecticut Sun,Diamond Miller,,PR,OVER,14.5,-150,DraftKings,draftkings,player_points_rebounds_alternate,the-odds-api,2026-08-20T14:45:09.017436+00:00
2026-08-20,cdd0cd4e662b83ac6836cb4a84a152e3,Connecticut Sun @ Las Vegas Aces,2026-08-21T02:00:00Z,Las Vegas Aces,Connecticut Sun,Diamond Miller,,PR,OVER,15.5,-117,DraftKings,draftkings,player_points_rebounds_alternate,the-odds-api,2026-08-20T14:45:09.017436+00:00
2026-08-20,cdd0cd4e662b83ac6836cb4a84a152e3,Connecticut Sun @ Las Vegas Aces,2026-08-21T02:00:00Z,Las Vegas Aces,Connecticut Sun,Diamond Miller,,PR,OVER,19.5,216,DraftKings,draftkings,player_points_rebounds_alternate,the-odds-api,2026-08-20T14:45:09.017436+00:00
2026-08-20,cdd0cd4e662b83ac6836cb4a84a152e3,Connecticut Sun @ Las Vegas Aces,2026-08-21T02:00:00Z,Las Vegas Aces,Connecticut Sun,Diamond Miller,,PR,OVER,24.5,630,DraftKings,draftkings,player_points_rebounds_alternate,the-odds-api,2026-08-20T14:45:09.017436+00:00
2026-08-20,cdd0cd4e662b83ac6836cb4a84a152e3,Connecticut Sun @ Las Vegas Aces,2026-08-21T02:00:00Z,Las Vegas Aces,Connecticut Sun,Diamond Miller,,PR,OVER,29.5,1620,DraftKings,draftkings,player_points_rebounds_alternate,the-odds-api,2026-08-20T14:45:09.017436+00:00
2026-08-20,cdd0cd4e662b83ac6836cb4a84a152e3,Connecticut Sun @ Las Vegas Aces,2026-08-21T02:00:00Z,Las Vegas Aces,Connecticut Sun,Leïla Lacan,,PR,OVER,9.5,-461,DraftKings,draftkings,player_points_rebounds_alternate,the-odds-api,2026-08-20T14:45:09.017436+00:00
2026-08-20,cdd0cd4e662b83ac6836cb4a84a152e3,Connecticut Sun @ Las Vegas Aces,2026-08-21T02:00:00Z,Las Vegas Aces,Connecticut Sun,Leïla Lacan,,PR,OVER,14.5,-106,DraftKings,draftkings,player_points_rebounds_alternate,the-odds-api,2026-08-20T14:45:09.017436+00:00
2026-08-20,cdd0cd4e662b83ac6836cb4a84a152e3,Connecticut Sun @ Las Vegas Aces,2026-08-21T02:00:00Z,Las Vegas Aces,Connecticut Sun,Leïla Lacan,,PR,OVER,19.5,308,DraftKings,draftkings,player_points_rebounds_alternate,the-odds-api,2026-08-20T14:45:09.017436+00:00
2026-08-20,cdd0cd4e662b83ac6836cb4a84a152e3,Connecticut Sun @ Las Vegas Aces,2026-08-21T02:00:00Z,Las Vegas Aces,Connecticut Sun,Leïla Lacan,,PR,OVER,24.5,910,DraftKings,draftkings,player_points_rebounds_alternate,the-odds-api,2026-08-20T14:45:09.017436+00:00
2026-08-20,cdd0cd4e662b83ac6836cb4a84a152e3,Connecticut Sun @ Las Vegas Aces,2026-08-21T02:00:00Z,Las Vegas Aces,Connecticut Sun,Chelsea Gray,,PR,OVER,9.5,-579,DraftKings,draftkings,player_points_rebounds_alternate,the-odds-api,2026-08-20T14:45:09.017436+00:00
2026-08-20,cdd0cd4e662b83ac6836cb4a84a152e3,Connecticut Sun @ Las Vegas Aces,2026-08-21T02:00:00Z,Las Vegas Aces,Connecticut Sun,Chelsea Gray,,PR,OVER,14.5,-120,DraftKings,draftkings,player_points_rebounds_alternate,the-odds-api,2026-08-20T14:45:09.017436+00:00
2026-08-20,cdd0cd4e662b83ac6836cb4a84a152e3,Connecticut Sun @ Las Vegas Aces,2026-08-21T02:00:00Z,Las Vegas Aces,Connecticut Sun,Chelsea Gray,,PR,OVER,19.5,293,DraftKings,draftkings,player_points_rebounds_alternate,the-odds-api,2026-08-20T14:45:09.017436+00:00
2026-08-20,cdd0cd4e662b83ac6836cb4a84a152e3,Connecticut Sun @ Las Vegas Aces,2026-08-21T02:00:00Z,Las Vegas Aces,Connecticut Sun,Chelsea Gray,,PR,OVER,24.5,960,DraftKings,draftkings,player_points_rebounds_alternate,the-odds-api,2026-08-20T14:45:09.017436+00:00
2026-08-20,cdd0cd4e662b83ac6836cb4a84a152e3,Connecticut Sun @ Las Vegas Aces,2026-08-21T02:00:00Z,Las Vegas Aces,Connecticut Sun,Jewell Loyd,,PR,OVER,4.5,-1260,DraftKings,draftkings,player_points_rebounds_alternate,the-odds-api,2026-08-20T14:45:09.017436+00:00
2026-08-20,cdd0cd4e662b83ac6836cb4a84a152e3,Connecticut Sun @ Las Vegas Aces,2026-08-21T02:00:00Z,Las Vegas Aces,Connecticut Sun,Jewell Loyd,,PR,OVER,9.5,-141,DraftKings,draftkings,player_points_rebounds_alternate,the-odds-api,2026-08-20T14:45:09.017436+00:00
2026-08-20,cdd0cd4e662b83ac6836cb4a84a152e3,Connecticut Sun @ Las Vegas Aces,2026-08-21T02:00:00Z,Las Vegas Aces,Connecticut Sun,Jewell Loyd,,PR,OVER,10.5,-103,DraftKings,draftkings,player_points_rebounds_alternate,the-odds-api,2026-08-20T14:45:09.017436+00:00
2026-08-20,cdd0cd4e662b83ac6836cb4a84a152e3,Connecticut Sun @ Las Vegas Aces,2026-08-21T02:00:00Z,Las Vegas Aces,Connecticut Sun,Jewell Loyd,,PR,OVER,14.5,306,DraftKings,draftkings,player_points_rebounds_alternate,the-odds-api,2026-08-20T14:45:09.017436+00:00
2026-08-20,cdd0cd4e662b83ac6836cb4a84a152e3,Connecticut Sun @ Las Vegas Aces,2026-08-21T02:00:00Z,Las Vegas Aces,Connecticut Sun,Jewell Loyd,,PR,OVER,19.5,1080,DraftKings,draftkings,player_points_rebounds_alternate,the-odds-api,2026-08-20T14:45:09.017436+00:00
2026-08-20,cdd0cd4e662b83ac6836cb4a84a152e3,Connecticut Sun @ Las Vegas Aces,2026-08-21T02:00:00Z,Las Vegas Aces,Connecticut Sun,A'ja Wilson,,PRA,OVER,24.5,-2900,DraftKings,draftkings,player_points_rebounds_assists_alternate,the-odds-api,2026-08-20T14:45:09.017436+00:00
2026-08-20,cdd0cd4e662b83ac6836cb4a84a152e3,Connecticut Sun @ Las Vegas Aces,2026-08-21T02:00:00Z,Las Vegas Aces,Connecticut Sun,A'ja Wilson,,PRA,OVER,29.5,-720,DraftKings,draftkings,player_points_rebounds_assists_alternate,the-odds-api,2026-08-20T14:45:09.017436+00:00
2026-08-20,cdd0cd4e662b83ac6836cb4a84a152e3,Connecticut Sun @ Las Vegas Aces,2026-08-21T02:00:00Z,Las Vegas Aces,Connecticut Sun,A'ja Wilson,,PRA,OVER,34.5,-251,DraftKings,draftkings,player_points_rebounds_assists_alternate,the-odds-api,2026-08-20T14:45:09.017436+00:00
2026-08-20,cdd0cd4e662b83ac6836cb4a84a152e3,Connecticut Sun @ Las Vegas Aces,2026-08-21T02:00:00Z,Las Vegas Aces,Connecticut Sun,A'ja Wilson,,PRA,OVER,38.5,-123,DraftKings,draftkings,player_points_rebounds_assists_alternate,the-odds-api,2026-08-20T14:45:09.017436+00:00
2026-08-20,cdd0cd4e662b83ac6836cb4a84a152e3,Connecticut Sun @ Las Vegas Aces,2026-08-21T02:00:00Z,Las Vegas Aces,Connecticut Sun,A'ja Wilson,,PRA,OVER,39.5,-103,DraftKings,draftkings,player_points_rebounds_assists_alternate,the-odds-api,2026-08-20T14:45:09.017436+00:00
2026-08-20,cdd0cd4e662b83ac6836cb4a84a152e3,Connecticut Sun @ Las Vegas Aces,2026-08-21T02:00:00Z,Las Vegas Aces,Connecticut Sun,A'ja Wilson,,PRA,OVER,44.5,229,DraftKings,draftkings,player_points_rebounds_assists_alternate,the-odds-api,2026-08-20T14:45:09.017436+00:00
2026-08-20,cdd0cd4e662b83ac6836cb4a84a152e3,Connecticut Sun @ Las Vegas Aces,2026-08-21T02:00:00Z,Las Vegas Aces,Connecticut Sun,A'ja Wilson,,PRA,OVER,49.5,540,DraftKings,draftkings,player_points_rebounds_assists_alternate,the-odds-api,2026-08-20T14:45:09.017436+00:00
2026-08-20,cdd0cd4e662b83ac6836cb4a84a152e3,Connecticut Sun @ Las Vegas Aces,2026-08-21T02:00:00Z,Las Vegas Aces,Connecticut Sun,A'ja Wilson,,PRA,OVER,54.5,1260,DraftKings,draftkings,player_points_rebounds_assists_alternate,the-odds-api,2026-08-20T14:45:09.017436+00:00
2026-08-20,cdd0cd4e662b83ac6836cb4a84a152e3,Connecticut Sun @ Las Vegas Aces,2026-08-21T02:00:00Z,Las Vegas Aces,Connecticut Sun,Jackie Young,,PRA,OVER,19.5,-1800,DraftKings,draftkings,player_points_rebounds_assists_alternate,the-odds-api,2026-08-20T14:45:09.017436+00:00
2026-08-20,cdd0cd4e662b83ac6836cb4a84a152e3,Connecticut Sun @ Las Vegas Aces,2026-08-21T02:00:00Z,Las Vegas Aces,Connecticut Sun,Jackie Young,,PRA,OVER,24.5,-418,DraftKings,draftkings,player_points_rebounds_assists_alternate,the-odds-api,2026-08-20T14:45:09.017436+00:00
2026-08-20,cdd0cd4e662b83ac6836cb4a84a152e3,Connecticut Sun @ Las Vegas Aces,2026-08-21T02:00:00Z,Las Vegas Aces,Connecticut Sun,Jackie Young,,PRA,OVER,29.5,-140,DraftKings,draftkings,player_points_rebounds_assists_alternate,the-odds-api,2026-08-20T14:45:09.017436+00:00
2026-08-20,cdd0cd4e662b83ac6836cb4a84a152e3,Connecticut Sun @ Las Vegas Aces,2026-08-21T02:00:00Z,Las Vegas Aces,Connecticut Sun,Jackie Young,,PRA,OVER,30.5,-115,DraftKings,draftkings,player_points_rebounds_assists_alternate,the-odds-api,2026-08-20T14:45:09.017436+00:00
2026-08-20,cdd0cd4e662b83ac6836cb4a84a152e3,Connecticut Sun @ Las Vegas Aces,2026-08-21T02:00:00Z,Las Vegas Aces,Connecticut Sun,Jackie Young,,PRA,OVER,34.5,186,DraftKings,draftkings,player_points_rebounds_assists_alternate,the-odds-api,2026-08-20T14:45:09.017436+00:00
2026-08-20,cdd0cd4e662b83ac6836cb4a84a152e3,Connecticut Sun @ Las Vegas Aces,2026-08-21T02:00:00Z,Las Vegas Aces,Connecticut Sun,Jackie Young,,PRA,OVER,39.5,479,DraftKings,draftkings,player_points_rebounds_assists_alternate,the-odds-api,2026-08-20T14:45:09.017436+00:00
2026-08-20,cdd0cd4e662b83ac6836cb4a84a152e3,Connecticut Sun @ Las Vegas Aces,2026-08-21T02:00:00Z,Las Vegas Aces,Connecticut Sun,Jackie Young,,PRA,OVER,44.5,1140,DraftKings,draftkings,player_points_rebounds_assists_alternate,the-odds-api,2026-08-20T14:45:09.017436+00:00
2026-08-20,cdd0cd4e662b83ac6836cb4a84a152e3,Connecticut Sun @ Las Vegas Aces,2026-08-21T02:00:00Z,Las Vegas Aces,Connecticut Sun,Olivia Nelson-Ododa,,PRA,OVER,14.5,-1380,DraftKings,draftkings,player_points_rebounds_assists_alternate,the-odds-api,2026-08-20T14:45:09.017436+00:00
2026-08-20,cdd0cd4e662b83ac6836cb4a84a152e3,Connecticut Sun @ Las Vegas Aces,2026-08-21T02:00:00Z,Las Vegas Aces,Connecticut Sun,Olivia Nelson-Ododa,,PRA,OVER,19.5,-323,DraftKings,draftkings,player_points_rebounds_assists_alternate,the-odds-api,2026-08-20T14:45:09.017436+00:00
2026-08-20,cdd0cd4e662b83ac6836cb4a84a152e3,Connecticut Sun @ Las Vegas Aces,2026-08-21T02:00:00Z,Las Vegas Aces,Connecticut Sun,Olivia Nelson-Ododa,,PRA,OVER,24.5,-107,DraftKings,draftkings,player_points_rebounds_assists_alternate,the-odds-api,2026-08-20T14:45:09.017436+00:00
2026-08-20,cdd0cd4e662b83ac6836cb4a84a152e3,Connecticut Sun @ Las Vegas Aces,2026-08-21T02:00:00Z,Las Vegas Aces,Connecticut Sun,Olivia Nelson-Ododa,,PRA,OVER,29.5,234,DraftKings,draftkings,player_points_rebounds_assists_alternate,the-odds-api,2026-08-20T14:45:09.017436+00:00
2026-08-20,cdd0cd4e662b83ac6836cb4a84a152e3,Connecticut Sun @ Las Vegas Aces,2026-08-21T02:00:00Z,Las Vegas Aces,Connecticut Sun,Olivia Nelson-Ododa,,PRA,OVER,34.5,577,DraftKings,draftkings,player_points_rebounds_assists_alternate,the-odds-api,2026-08-20T14:45:09.017436+00:00
2026-08-20,cdd0cd4e662b83ac6836cb4a84a152e3,Connecticut Sun @ Las Vegas Aces,2026-08-21T02:00:00Z,Las Vegas Aces,Connecticut Sun,Olivia Nelson-Ododa,,PRA,OVER,39.5,1280,DraftKings,draftkings,player_points_rebounds_assists_alternate,the-odds-api,2026-08-20T14:45:09.017436+00:00
2026-08-20,cdd0cd4e662b83ac6836cb4a84a152e3,Connecticut Sun @ Las Vegas Aces,2026-08-21T02:00:00Z,Las Vegas Aces,Connecticut Sun,Chelsea Gray,,PRA,OVER,14.5,-920,DraftKings,draftkings,player_points_rebounds_assists_alternate,the-odds-api,2026-08-20T14:45:09.017436+00:00
2026-08-20,cdd0cd4e662b83ac6836cb4a84a152e3,Connecticut Sun @ Las Vegas Aces,2026-08-21T02:00:00Z,Las Vegas Aces,Connecticut Sun,Chelsea Gray,,PRA,OVER,19.5,-192,DraftKings,draftkings,player_points_rebounds_assists_alternate,the-odds-api,2026-08-20T14:45:09.017436+00:00
2026-08-20,cdd0cd4e662b83ac6836cb4a84a152e3,Connecticut Sun @ Las Vegas Aces,2026-08-21T02:00:00Z,Las Vegas Aces,Connecticut Sun,Chelsea Gray,,PRA,OVER,21.5,-116,DraftKings,draftkings,player_points_rebounds_assists_alternate,the-odds-api,2026-08-20T14:45:09.017436+00:00
2026-08-20,cdd0cd4e662b83ac6836cb4a84a152e3,Connecticut Sun @ Las Vegas Aces,2026-08-21T02:00:00Z,Las Vegas Aces,Connecticut Sun,Chelsea Gray,,PRA,OVER,24.5,175,DraftKings,draftkings,player_points_rebounds_assists_alternate,the-odds-api,2026-08-20T14:45:09.017436+00:00
2026-08-20,cdd0cd4e662b83ac6836cb4a84a152e3,Connecticut Sun @ Las Vegas Aces,2026-08-21T02:00:00Z,Las Vegas Aces,Connecticut Sun,Chelsea Gray,,PRA,OVER,29.5,558,DraftKings,draftkings,player_points_rebounds_assists_alternate,the-odds-api,2026-08-20T14:45:09.017436+00:00
2026-08-20,cdd0cd4e662b83ac6836cb4a84a152e3,Connecticut Sun @ Las Vegas Aces,2026-08-21T02:00:00Z,Las Vegas Aces,Connecticut Sun,Chelsea Gray,,PRA,OVER,34.5,1640,DraftKings,draftkings,player_points_rebounds_assists_alternate,the-odds-api,2026-08-20T14:45:09.017436+00:00
2026-08-20,cdd0cd4e662b83ac6836cb4a84a152e3,Connecticut Sun @ Las Vegas Aces,2026-08-21T02:00:00Z,Las Vegas Aces,Connecticut Sun,Leïla Lacan,,PRA,OVER,14.5,-408,DraftKings,draftkings,player_points_rebounds_assists_alternate,the-odds-api,2026-08-20T14:45:09.017436+00:00
2026-08-20,cdd0cd4e662b83ac6836cb4a84a152e3,Connecticut Sun @ Las Vegas Aces,2026-08-21T02:00:00Z,Las Vegas Aces,Connecticut Sun,Leïla Lacan,,PRA,OVER,19.5,-111,DraftKings,draftkings,player_points_rebounds_assists_alternate,the-odds-api,2026-08-20T14:45:09.017436+00:00
2026-08-20,cdd0cd4e662b83ac6836cb4a84a152e3,Connecticut Sun @ Las Vegas Aces,2026-08-21T02:00:00Z,Las Vegas Aces,Connecticut Sun,Leïla Lacan,,PRA,OVER,24.5,263,DraftKings,draftkings,player_points_rebounds_assists_alternate,the-odds-api,2026-08-20T14:45:09.017436+00:00
2026-08-20,cdd0cd4e662b83ac6836cb4a84a152e3,Connecticut Sun @ Las Vegas Aces,2026-08-21T02:00:00Z,Las Vegas Aces,Connecticut Sun,Leïla Lacan,,PRA,OVER,29.5,710,DraftKings,draftkings,player_points_rebounds_assists_alternate,the-odds-api,2026-08-20T14:45:09.017436+00:00
2026-08-20,cdd0cd4e662b83ac6836cb4a84a152e3,Connecticut Sun @ Las Vegas Aces,2026-08-21T02:00:00Z,Las Vegas Aces,Connecticut Sun,NaLyssa Smith,,PRA,OVER,14.5,-456,DraftKings,draftkings,player_points_rebounds_assists_alternate,the-odds-api,2026-08-20T14:45:09.017436+00:00
2026-08-20,cdd0cd4e662b83ac6836cb4a84a152e3,Connecticut Sun @ Las Vegas Aces,2026-08-21T02:00:00Z,Las Vegas Aces,Connecticut Sun,NaLyssa Smith,,PRA,OVER,19.5,-119,DraftKings,draftkings,player_points_rebounds_assists_alternate,the-odds-api,2026-08-20T14:45:09.017436+00:00
2026-08-20,cdd0cd4e662b83ac6836cb4a84a152e3,Connecticut Sun @ Las Vegas Aces,2026-08-21T02:00:00Z,Las Vegas Aces,Connecticut Sun,NaLyssa Smith,,PRA,OVER,24.5,265,DraftKings,draftkings,player_points_rebounds_assists_alternate,the-odds-api,2026-08-20T14:45:09.017436+00:00
2026-08-20,cdd0cd4e662b83ac6836cb4a84a152e3,Connecticut Sun @ Las Vegas Aces,2026-08-21T02:00:00Z,Las Vegas Aces,Connecticut Sun,NaLyssa Smith,,PRA,OVER,29.5,750,DraftKings,draftkings,player_points_rebounds_assists_alternate,the-odds-api,2026-08-20T14:45:09.017436+00:00
2026-08-20,cdd0cd4e662b83ac6836cb4a84a152e3,Connecticut Sun @ Las Vegas Aces,2026-08-21T02:00:00Z,Las Vegas Aces,Connecticut Sun,Diamond Miller,,PRA,OVER,9.5,-1220,DraftKings,draftkings,player_points_rebounds_assists_alternate,the-odds-api,2026-08-20T14:45:09.017436+00:00
2026-08-20,cdd0cd4e662b83ac6836cb4a84a152e3,Connecticut Sun @ Las Vegas Aces,2026-08-21T02:00:00Z,Las Vegas Aces,Connecticut Sun,Diamond Miller,,PRA,OVER,14.5,-221,DraftKings,draftkings,player_points_rebounds_assists_alternate,the-odds-api,2026-08-20T14:45:09.017436+00:00
2026-08-20,cdd0cd4e662b83ac6836cb4a84a152e3,Connecticut Sun @ Las Vegas Aces,2026-08-21T02:00:00Z,Las Vegas Aces,Connecticut Sun,Diamond Miller,,PRA,OVER,17.5,-106,DraftKings,draftkings,player_points_rebounds_assists_alternate,the-odds-api,2026-08-20T14:45:09.017436+00:00
2026-08-20,cdd0cd4e662b83ac6836cb4a84a152e3,Connecticut Sun @ Las Vegas Aces,2026-08-21T02:00:00Z,Las Vegas Aces,Connecticut Sun,Diamond Miller,,PRA,OVER,19.5,149,DraftKings,draftkings,player_points_rebounds_assists_alternate,the-odds-api,2026-08-20T14:45:09.017436+00:00
2026-08-20,cdd0cd4e662b83ac6836cb4a84a152e3,Connecticut Sun @ Las Vegas Aces,2026-08-21T02:00:00Z,Las Vegas Aces,Connecticut Sun,Diamond Miller,,PRA,OVER,24.5,430,DraftKings,draftkings,player_points_rebounds_assists_alternate,the-odds-api,2026-08-20T14:45:09.017436+00:00
2026-08-20,cdd0cd4e662b83ac6836cb4a84a152e3,Connecticut Sun @ Las Vegas Aces,2026-08-21T02:00:00Z,Las Vegas Aces,Connecticut Sun,Diamond Miller,,PRA,OVER,29.5,1160,DraftKings,draftkings,player_points_rebounds_assists_alternate,the-odds-api,2026-08-20T14:45:09.017436+00:00
2026-08-20,cdd0cd4e662b83ac6836cb4a84a152e3,Connecticut Sun @ Las Vegas Aces,2026-08-21T02:00:00Z,Las Vegas Aces,Connecticut Sun,Jewell Loyd,,PRA,OVER,4.5,-2900,DraftKings,draftkings,player_points_rebounds_assists_alternate,the-odds-api,2026-08-20T14:45:09.017436+00:00
2026-08-20,cdd0cd4e662b83ac6836cb4a84a152e3,Connecticut Sun @ Las Vegas Aces,2026-08-21T02:00:00Z,Las Vegas Aces,Connecticut Sun,Jewell Loyd,,PRA,OVER,9.5,-220,DraftKings,draftkings,player_points_rebounds_assists_alternate,the-odds-api,2026-08-20T14:45:09.017436+00:00
2026-08-20,cdd0cd4e662b83ac6836cb4a84a152e3,Connecticut Sun @ Las Vegas Aces,2026-08-21T02:00:00Z,Las Vegas Aces,Connecticut Sun,Jewell Loyd,,PRA,OVER,11.5,-116,DraftKings,draftkings,player_points_rebounds_assists_alternate,the-odds-api,2026-08-20T14:45:09.017436+00:00
2026-08-20,cdd0cd4e662b83ac6836cb4a84a152e3,Connecticut Sun @ Las Vegas Aces,2026-08-21T02:00:00Z,Las Vegas Aces,Connecticut Sun,Jewell Loyd,,PRA,OVER,14.5,206,DraftKings,draftkings,player_points_rebounds_assists_alternate,the-odds-api,2026-08-20T14:45:09.017436+00:00
2026-08-20,cdd0cd4e662b83ac6836cb4a84a152e3,Connecticut Sun @ Las Vegas Aces,2026-08-21T02:00:00Z,Las Vegas Aces,Connecticut Sun,Jewell Loyd,,PRA,OVER,19.5,750,DraftKings,draftkings,player_points_rebounds_assists_alternate,the-odds-api,2026-08-20T14:45:09.017436+00:00
2026-08-20,cdd0cd4e662b83ac6836cb4a84a152e3,Connecticut Sun @ Las Vegas Aces,2026-08-21T02:00:00Z,Las Vegas Aces,Connecticut Sun,Olivia Nelson-Ododa,,REB,OVER,4.5,-1340,DraftKings,draftkings,player_rebounds_alternate,the-odds-api,2026-08-20T14:45:09.017436+00:00
2026-08-20,cdd0cd4e662b83ac6836cb4a84a152e3,Connecticut Sun @ Las Vegas Aces,2026-08-21T02:00:00Z,Las Vegas Aces,Connecticut Sun,Olivia Nelson-Ododa,,REB,OVER,5.5,-620,DraftKings,draftkings,player_rebounds_alternate,the-odds-api,2026-08-20T14:45:09.017436+00:00
2026-08-20,cdd0cd4e662b83ac6836cb4a84a152e3,Connecticut Sun @ Las Vegas Aces,2026-08-21T02:00:00Z,Las Vegas Aces,Connecticut Sun,Olivia Nelson-Ododa,,REB,OVER,6.5,-336,DraftKings,draftkings,player_rebounds_alternate,the-odds-api,2026-08-20T14:45:09.017436+00:00
2026-08-20,cdd0cd4e662b83ac6836cb4a84a152e3,Connecticut Sun @ Las Vegas Aces,2026-08-21T02:00:00Z,Las Vegas Aces,Connecticut Sun,Olivia Nelson-Ododa,,REB,OVER,7.5,-202,DraftKings,draftkings,player_rebounds_alternate,the-odds-api,2026-08-20T14:45:09.017436+00:00
2026-08-20,cdd0cd4e662b83ac6836cb4a84a152e3,Connecticut Sun @ Las Vegas Aces,2026-08-21T02:00:00Z,Las Vegas Aces,Connecticut Sun,Olivia Nelson-Ododa,,REB,OVER,8.5,-128,DraftKings,draftkings,player_rebounds_alternate,the-odds-api,2026-08-20T14:45:09.017436+00:00
2026-08-20,cdd0cd4e662b83ac6836cb4a84a152e3,Connecticut Sun @ Las Vegas Aces,2026-08-21T02:00:00Z,Las Vegas Aces,Connecticut Sun,Olivia Nelson-Ododa,,REB,OVER,9.5,119,DraftKings,draftkings,player_rebounds_alternate,the-odds-api,2026-08-20T14:45:09.017436+00:00
2026-08-20,cdd0cd4e662b83ac6836cb4a84a152e3,Connecticut Sun @ Las Vegas Aces,2026-08-21T02:00:00Z,Las Vegas Aces,Connecticut Sun,Olivia Nelson-Ododa,,REB,OVER,10.5,180,DraftKings,draftkings,player_rebounds_alternate,the-odds-api,2026-08-20T14:45:09.017436+00:00
2026-08-20,cdd0cd4e662b83ac6836cb4a84a152e3,Connecticut Sun @ Las Vegas Aces,2026-08-21T02:00:00Z,Las Vegas Aces,Connecticut Sun,Olivia Nelson-Ododa,,REB,OVER,11.5,269,DraftKings,draftkings,player_rebounds_alternate,the-odds-api,2026-08-20T14:45:09.017436+00:00
2026-08-20,cdd0cd4e662b83ac6836cb4a84a152e3,Connecticut Sun @ Las Vegas Aces,2026-08-21T02:00:00Z,Las Vegas Aces,Connecticut Sun,Olivia Nelson-Ododa,,REB,OVER,12.5,397,DraftKings,draftkings,player_rebounds_alternate,the-odds-api,2026-08-20T14:45:09.017436+00:00
2026-08-20,cdd0cd4e662b83ac6836cb4a84a152e3,Connecticut Sun @ Las Vegas Aces,2026-08-21T02:00:00Z,Las Vegas Aces,Connecticut Sun,Olivia Nelson-Ododa,,REB,OVER,13.5,582,DraftKings,draftkings,player_rebounds_alternate,the-odds-api,2026-08-20T14:45:09.017436+00:00
2026-08-20,cdd0cd4e662b83ac6836cb4a84a152e3,Connecticut Sun @ Las Vegas Aces,2026-08-21T02:00:00Z,Las Vegas Aces,Connecticut Sun,Olivia Nelson-Ododa,,REB,OVER,14.5,830,DraftKings,draftkings,player_rebounds_alternate,the-odds-api,2026-08-20T14:45:09.017436+00:00
2026-08-20,cdd0cd4e662b83ac6836cb4a84a152e3,Connecticut Sun @ Las Vegas Aces,2026-08-21T02:00:00Z,Las Vegas Aces,Connecticut Sun,Olivia Nelson-Ododa,,REB,OVER,15.5,1160,DraftKings,draftkings,player_rebounds_alternate,the-odds-api,2026-08-20T14:45:09.017436+00:00
2026-08-20,cdd0cd4e662b83ac6836cb4a84a152e3,Connecticut Sun @ Las Vegas Aces,2026-08-21T02:00:00Z,Las Vegas Aces,Connecticut Sun,Olivia Nelson-Ododa,,REB,OVER,16.5,1620,DraftKings,draftkings,player_rebounds_alternate,the-odds-api,2026-08-20T14:45:09.017436+00:00
2026-08-20,cdd0cd4e662b83ac6836cb4a84a152e3,Connecticut Sun @ Las Vegas Aces,2026-08-21T02:00:00Z,Las Vegas Aces,Connecticut Sun,A'ja Wilson,,REB,OVER,4.5,-1920,DraftKings,draftkings,player_rebounds_alternate,the-odds-api,2026-08-20T14:45:09.017436+00:00
2026-08-20,cdd0cd4e662b83ac6836cb4a84a152e3,Connecticut Sun @ Las Vegas Aces,2026-08-21T02:00:00Z,Las Vegas Aces,Connecticut Sun,A'ja Wilson,,REB,OVER,5.5,-810,DraftKings,draftkings,player_rebounds_alternate,the-odds-api,2026-08-20T14:45:09.017436+00:00
2026-08-20,cdd0cd4e662b83ac6836cb4a84a152e3,Connecticut Sun @ Las Vegas Aces,2026-08-21T02:00:00Z,Las Vegas Aces,Connecticut Sun,A'ja Wilson,,REB,OVER,6.5,-435,DraftKings,draftkings,player_rebounds_alternate,the-odds-api,2026-08-20T14:45:09.017436+00:00
2026-08-20,cdd0cd4e662b83ac6836cb4a84a152e3,Connecticut Sun @ Las Vegas Aces,2026-08-21T02:00:00Z,Las Vegas Aces,Connecticut Sun,A'ja Wilson,,REB,OVER,7.5,-251,DraftKings,draftkings,player_rebounds_alternate,the-odds-api,2026-08-20T14:45:09.017436+00:00
2026-08-20,cdd0cd4e662b83ac6836cb4a84a152e3,Connecticut Sun @ Las Vegas Aces,2026-08-21T02:00:00Z,Las Vegas Aces,Connecticut Sun,A'ja Wilson,,REB,OVER,8.5,-154,DraftKings,draftkings,player_rebounds_alternate,the-odds-api,2026-08-20T14:45:09.017436+00:00
2026-08-20,cdd0cd4e662b83ac6836cb4a84a152e3,Connecticut Sun @ Las Vegas Aces,2026-08-21T02:00:00Z,Las Vegas Aces,Connecticut Sun,A'ja Wilson,,REB,OVER,9.5,103,DraftKings,draftkings,player_rebounds_alternate,the-odds-api,2026-08-20T14:45:09.017436+00:00
2026-08-20,cdd0cd4e662b83ac6836cb4a84a152e3,Connecticut Sun @ Las Vegas Aces,2026-08-21T02:00:00Z,Las Vegas Aces,Connecticut Sun,A'ja Wilson,,REB,OVER,10.5,157,DraftKings,draftkings,player_rebounds_alternate,the-odds-api,2026-08-20T14:45:09.017436+00:00
2026-08-20,cdd0cd4e662b83ac6836cb4a84a152e3,Connecticut Sun @ Las Vegas Aces,2026-08-21T02:00:00Z,Las Vegas Aces,Connecticut Sun,A'ja Wilson,,REB,OVER,11.5,240,DraftKings,draftkings,player_rebounds_alternate,the-odds-api,2026-08-20T14:45:09.017436+00:00
2026-08-20,cdd0cd4e662b83ac6836cb4a84a152e3,Connecticut Sun @ Las Vegas Aces,2026-08-21T02:00:00Z,Las Vegas Aces,Connecticut Sun,A'ja Wilson,,REB,OVER,12.5,365,DraftKings,draftkings,player_rebounds_alternate,the-odds-api,2026-08-20T14:45:09.017436+00:00
2026-08-20,cdd0cd4e662b83ac6836cb4a84a152e3,Connecticut Sun @ Las Vegas Aces,2026-08-21T02:00:00Z,Las Vegas Aces,Connecticut Sun,A'ja Wilson,,REB,OVER,13.5,546,DraftKings,draftkings,player_rebounds_alternate,the-odds-api,2026-08-20T14:45:09.017436+00:00
2026-08-20,cdd0cd4e662b83ac6836cb4a84a152e3,Connecticut Sun @ Las Vegas Aces,2026-08-21T02:00:00Z,Las Vegas Aces,Connecticut Sun,A'ja Wilson,,REB,OVER,14.5,810,DraftKings,draftkings,player_rebounds_alternate,the-odds-api,2026-08-20T14:45:09.017436+00:00
2026-08-20,cdd0cd4e662b83ac6836cb4a84a152e3,Connecticut Sun @ Las Vegas Aces,2026-08-21T02:00:00Z,Las Vegas Aces,Connecticut Sun,A'ja Wilson,,REB,OVER,15.5,1200,DraftKings,draftkings,player_rebounds_alternate,the-odds-api,2026-08-20T14:45:09.017436+00:00
2026-08-20,cdd0cd4e662b83ac6836cb4a84a152e3,Connecticut Sun @ Las Vegas Aces,2026-08-21T02:00:00Z,Las Vegas Aces,Connecticut Sun,A'ja Wilson,,REB,OVER,16.5,1680,DraftKings,draftkings,player_rebounds_alternate,the-odds-api,2026-08-20T14:45:09.017436+00:00
2026-08-20,cdd0cd4e662b83ac6836cb4a84a152e3,Connecticut Sun @ Las Vegas Aces,2026-08-21T02:00:00Z,Las Vegas Aces,Connecticut Sun,NaLyssa Smith,,REB,OVER,3.5,-1220,DraftKings,draftkings,player_rebounds_alternate,the-odds-api,2026-08-20T14:45:09.017436+00:00
2026-08-20,cdd0cd4e662b83ac6836cb4a84a152e3,Connecticut Sun @ Las Vegas Aces,2026-08-21T02:00:00Z,Las Vegas Aces,Connecticut Sun,NaLyssa Smith,,REB,OVER,4.5,-520,DraftKings,draftkings,player_rebounds_alternate,the-odds-api,2026-08-20T14:45:09.017436+00:00
2026-08-20,cdd0cd4e662b83ac6836cb4a84a152e3,Connecticut Sun @ Las Vegas Aces,2026-08-21T02:00:00Z,Las Vegas Aces,Connecticut Sun,NaLyssa Smith,,REB,OVER,5.5,-268,DraftKings,draftkings,player_rebounds_alternate,the-odds-api,2026-08-20T14:45:09.017436+00:00
2026-08-20,cdd0cd4e662b83ac6836cb4a84a152e3,Connecticut Sun @ Las Vegas Aces,2026-08-21T02:00:00Z,Las Vegas Aces,Connecticut Sun,NaLyssa Smith,,REB,OVER,6.5,-153,DraftKings,draftkings,player_rebounds_alternate,the-odds-api,2026-08-20T14:45:09.017436+00:00
2026-08-20,cdd0cd4e662b83ac6836cb4a84a152e3,Connecticut Sun @ Las Vegas Aces,2026-08-21T02:00:00Z,Las Vegas Aces,Connecticut Sun,NaLyssa Smith,,REB,OVER,7.5,109,DraftKings,draftkings,player_rebounds_alternate,the-odds-api,2026-08-20T14:45:09.017436+00:00
2026-08-20,cdd0cd4e662b83ac6836cb4a84a152e3,Connecticut Sun @ Las Vegas Aces,2026-08-21T02:00:00Z,Las Vegas Aces,Connecticut Sun,NaLyssa Smith,,REB,OVER,8.5,176,DraftKings,draftkings,player_rebounds_alternate,the-odds-api,2026-08-20T14:45:09.017436+00:00
2026-08-20,cdd0cd4e662b83ac6836cb4a84a152e3,Connecticut Sun @ Las Vegas Aces,2026-08-21T02:00:00Z,Las Vegas Aces,Connecticut Sun,NaLyssa Smith,,REB,OVER,9.5,274,DraftKings,draftkings,player_rebounds_alternate,the-odds-api,2026-08-20T14:45:09.017436+00:00
2026-08-20,cdd0cd4e662b83ac6836cb4a84a152e3,Connecticut Sun @ Las Vegas Aces,2026-08-21T02:00:00Z,Las Vegas Aces,Connecticut Sun,NaLyssa Smith,,REB,OVER,10.5,441,DraftKings,draftkings,player_rebounds_alternate,the-odds-api,2026-08-20T14:45:09.017436+00:00
2026-08-20,cdd0cd4e662b83ac6836cb4a84a152e3,Connecticut Sun @ Las Vegas Aces,2026-08-21T02:00:00Z,Las Vegas Aces,Connecticut Sun,NaLyssa Smith,,REB,OVER,11.5,670,DraftKings,draftkings,player_rebounds_alternate,the-odds-api,2026-08-20T14:45:09.017436+00:00
2026-08-20,cdd0cd4e662b83ac6836cb4a84a152e3,Connecticut Sun @ Las Vegas Aces,2026-08-21T02:00:00Z,Las Vegas Aces,Connecticut Sun,NaLyssa Smith,,REB,OVER,12.5,1000,DraftKings,draftkings,player_rebounds_alternate,the-odds-api,2026-08-20T14:45:09.017436+00:00
2026-08-20,cdd0cd4e662b83ac6836cb4a84a152e3,Connecticut Sun @ Las Vegas Aces,2026-08-21T02:00:00Z,Las Vegas Aces,Connecticut Sun,NaLyssa Smith,,REB,OVER,13.5,1480,DraftKings,draftkings,player_rebounds_alternate,the-odds-api,2026-08-20T14:45:09.017436+00:00
2026-08-20,cdd0cd4e662b83ac6836cb4a84a152e3,Connecticut Sun @ Las Vegas Aces,2026-08-21T02:00:00Z,Las Vegas Aces,Connecticut Sun,Jackie Young,,REB,OVER,2.5,-377,DraftKings,draftkings,player_rebounds_alternate,the-odds-api,2026-08-20T14:45:09.017436+00:00
2026-08-20,cdd0cd4e662b83ac6836cb4a84a152e3,Connecticut Sun @ Las Vegas Aces,2026-08-21T02:00:00Z,Las Vegas Aces,Connecticut Sun,Jackie Young,,REB,OVER,3.5,-164,DraftKings,draftkings,player_rebounds_alternate,the-odds-api,2026-08-20T14:45:09.017436+00:00
2026-08-20,cdd0cd4e662b83ac6836cb4a84a152e3,Connecticut Sun @ Las Vegas Aces,2026-08-21T02:00:00Z,Las Vegas Aces,Connecticut Sun,Jackie Young,,REB,OVER,4.5,117,DraftKings,draftkings,player_rebounds_alternate,the-odds-api,2026-08-20T14:45:09.017436+00:00
2026-08-20,cdd0cd4e662b83ac6836cb4a84a152e3,Connecticut Sun @ Las Vegas Aces,2026-08-21T02:00:00Z,Las Vegas Aces,Connecticut Sun,Jackie Young,,REB,OVER,5.5,215,DraftKings,draftkings,player_rebounds_alternate,the-odds-api,2026-08-20T14:45:09.017436+00:00
2026-08-20,cdd0cd4e662b83ac6836cb4a84a152e3,Connecticut Sun @ Las Vegas Aces,2026-08-21T02:00:00Z,Las Vegas Aces,Connecticut Sun,Jackie Young,,REB,OVER,6.5,379,DraftKings,draftkings,player_rebounds_alternate,the-odds-api,2026-08-20T14:45:09.017436+00:00
2026-08-20,cdd0cd4e662b83ac6836cb4a84a152e3,Connecticut Sun @ Las Vegas Aces,2026-08-21T02:00:00Z,Las Vegas Aces,Connecticut Sun,Jackie Young,,REB,OVER,7.5,640,DraftKings,draftkings,player_rebounds_alternate,the-odds-api,2026-08-20T14:45:09.017436+00:00
2026-08-20,cdd0cd4e662b83ac6836cb4a84a152e3,Connecticut Sun @ Las Vegas Aces,2026-08-21T02:00:00Z,Las Vegas Aces,Connecticut Sun,Jackie Young,,REB,OVER,8.5,1060,DraftKings,draftkings,player_rebounds_alternate,the-odds-api,2026-08-20T14:45:09.017436+00:00
2026-08-20,cdd0cd4e662b83ac6836cb4a84a152e3,Connecticut Sun @ Las Vegas Aces,2026-08-21T02:00:00Z,Las Vegas Aces,Connecticut Sun,Jackie Young,,REB,OVER,9.5,1680,DraftKings,draftkings,player_rebounds_alternate,the-odds-api,2026-08-20T14:45:09.017436+00:00
2026-08-20,cdd0cd4e662b83ac6836cb4a84a152e3,Connecticut Sun @ Las Vegas Aces,2026-08-21T02:00:00Z,Las Vegas Aces,Connecticut Sun,Diamond Miller,,REB,OVER,2.5,-328,DraftKings,draftkings,player_rebounds_alternate,the-odds-api,2026-08-20T14:45:09.017436+00:00
2026-08-20,cdd0cd4e662b83ac6836cb4a84a152e3,Connecticut Sun @ Las Vegas Aces,2026-08-21T02:00:00Z,Las Vegas Aces,Connecticut Sun,Diamond Miller,,REB,OVER,3.5,-141,DraftKings,draftkings,player_rebounds_alternate,the-odds-api,2026-08-20T14:45:09.017436+00:00
2026-08-20,cdd0cd4e662b83ac6836cb4a84a152e3,Connecticut Sun @ Las Vegas Aces,2026-08-21T02:00:00Z,Las Vegas Aces,Connecticut Sun,Diamond Miller,,REB,OVER,4.5,148,DraftKings,draftkings,player_rebounds_alternate,the-odds-api,2026-08-20T14:45:09.017436+00:00
2026-08-20,cdd0cd4e662b83ac6836cb4a84a152e3,Connecticut Sun @ Las Vegas Aces,2026-08-21T02:00:00Z,Las Vegas Aces,Connecticut Sun,Diamond Miller,,REB,OVER,5.5,285,DraftKings,draftkings,player_rebounds_alternate,the-odds-api,2026-08-20T14:45:09.017436+00:00
2026-08-20,cdd0cd4e662b83ac6836cb4a84a152e3,Connecticut Sun @ Las Vegas Aces,2026-08-21T02:00:00Z,Las Vegas Aces,Connecticut Sun,Diamond Miller,,REB,OVER,6.5,537,DraftKings,draftkings,player_rebounds_alternate,the-odds-api,2026-08-20T14:45:09.017436+00:00
2026-08-20,cdd0cd4e662b83ac6836cb4a84a152e3,Connecticut Sun @ Las Vegas Aces,2026-08-21T02:00:00Z,Las Vegas Aces,Connecticut Sun,Diamond Miller,,REB,OVER,7.5,970,DraftKings,draftkings,player_rebounds_alternate,the-odds-api,2026-08-20T14:45:09.017436+00:00
2026-08-20,cdd0cd4e662b83ac6836cb4a84a152e3,Connecticut Sun @ Las Vegas Aces,2026-08-21T02:00:00Z,Las Vegas Aces,Connecticut Sun,Diamond Miller,,REB,OVER,8.5,1660,DraftKings,draftkings,player_rebounds_alternate,the-odds-api,2026-08-20T14:45:09.017436+00:00
2026-08-20,cdd0cd4e662b83ac6836cb4a84a152e3,Connecticut Sun @ Las Vegas Aces,2026-08-21T02:00:00Z,Las Vegas Aces,Connecticut Sun,Chelsea Gray,,REB,OVER,2.5,-185,DraftKings,draftkings,player_rebounds_alternate,the-odds-api,2026-08-20T14:45:09.017436+00:00
2026-08-20,cdd0cd4e662b83ac6836cb4a84a152e3,Connecticut Sun @ Las Vegas Aces,2026-08-21T02:00:00Z,Las Vegas Aces,Connecticut Sun,Chelsea Gray,,REB,OVER,3.5,124,DraftKings,draftkings,player_rebounds_alternate,the-odds-api,2026-08-20T14:45:09.017436+00:00
2026-08-20,cdd0cd4e662b83ac6836cb4a84a152e3,Connecticut Sun @ Las Vegas Aces,2026-08-21T02:00:00Z,Las Vegas Aces,Connecticut Sun,Chelsea Gray,,REB,OVER,4.5,253,DraftKings,draftkings,player_rebounds_alternate,the-odds-api,2026-08-20T14:45:09.017436+00:00
2026-08-20,cdd0cd4e662b83ac6836cb4a84a152e3,Connecticut Sun @ Las Vegas Aces,2026-08-21T02:00:00Z,Las Vegas Aces,Connecticut Sun,Chelsea Gray,,REB,OVER,5.5,507,DraftKings,draftkings,player_rebounds_alternate,the-odds-api,2026-08-20T14:45:09.017436+00:00
2026-08-20,cdd0cd4e662b83ac6836cb4a84a152e3,Connecticut Sun @ Las Vegas Aces,2026-08-21T02:00:00Z,Las Vegas Aces,Connecticut Sun,Chelsea Gray,,REB,OVER,6.5,960,DraftKings,draftkings,player_rebounds_alternate,the-odds-api,2026-08-20T14:45:09.017436+00:00
2026-08-20,cdd0cd4e662b83ac6836cb4a84a152e3,Connecticut Sun @ Las Vegas Aces,2026-08-21T02:00:00Z,Las Vegas Aces,Connecticut Sun,Leïla Lacan,,REB,OVER,2.5,-167,DraftKings,draftkings,player_rebounds_alternate,the-odds-api,2026-08-20T14:45:09.017436+00:00
2026-08-20,cdd0cd4e662b83ac6836cb4a84a152e3,Connecticut Sun @ Las Vegas Aces,2026-08-21T02:00:00Z,Las Vegas Aces,Connecticut Sun,Leïla Lacan,,REB,OVER,3.5,142,DraftKings,draftkings,player_rebounds_alternate,the-odds-api,2026-08-20T14:45:09.017436+00:00
2026-08-20,cdd0cd4e662b83ac6836cb4a84a152e3,Connecticut Sun @ Las Vegas Aces,2026-08-21T02:00:00Z,Las Vegas Aces,Connecticut Sun,Leïla Lacan,,REB,OVER,4.5,295,DraftKings,draftkings,player_rebounds_alternate,the-odds-api,2026-08-20T14:45:09.017436+00:00
2026-08-20,cdd0cd4e662b83ac6836cb4a84a152e3,Connecticut Sun @ Las Vegas Aces,2026-08-21T02:00:00Z,Las Vegas Aces,Connecticut Sun,Leïla Lacan,,REB,OVER,5.5,599,DraftKings,draftkings,player_rebounds_alternate,the-odds-api,2026-08-20T14:45:09.017436+00:00
2026-08-20,cdd0cd4e662b83ac6836cb4a84a152e3,Connecticut Sun @ Las Vegas Aces,2026-08-21T02:00:00Z,Las Vegas Aces,Connecticut Sun,Leïla Lacan,,REB,OVER,6.5,1160,DraftKings,draftkings,player_rebounds_alternate,the-odds-api,2026-08-20T14:45:09.017436+00:00
2026-08-20,cdd0cd4e662b83ac6836cb4a84a152e3,Connecticut Sun @ Las Vegas Aces,2026-08-21T02:00:00Z,Las Vegas Aces,Connecticut Sun,Jewell Loyd,,REB,OVER,2.5,105,DraftKings,draftkings,player_rebounds_alternate,the-odds-api,2026-08-20T14:45:09.017436+00:00
2026-08-20,cdd0cd4e662b83ac6836cb4a84a152e3,Connecticut Sun @ Las Vegas Aces,2026-08-21T02:00:00Z,Las Vegas Aces,Connecticut Sun,Jewell Loyd,,REB,OVER,3.5,262,DraftKings,draftkings,player_rebounds_alternate,the-odds-api,2026-08-20T14:45:09.017436+00:00
2026-08-20,cdd0cd4e662b83ac6836cb4a84a152e3,Connecticut Sun @ Las Vegas Aces,2026-08-21T02:00:00Z,Las Vegas Aces,Connecticut Sun,Jewell Loyd,,REB,OVER,4.5,589,DraftKings,draftkings,player_rebounds_alternate,the-odds-api,2026-08-20T14:45:09.017436+00:00
2026-08-20,cdd0cd4e662b83ac6836cb4a84a152e3,Connecticut Sun @ Las Vegas Aces,2026-08-21T02:00:00Z,Las Vegas Aces,Connecticut Sun,Jewell Loyd,,REB,OVER,5.5,1240,DraftKings,draftkings,player_rebounds_alternate,the-odds-api,2026-08-20T14:45:09.017436+00:00
2026-08-20,cdd0cd4e662b83ac6836cb4a84a152e3,Connecticut Sun @ Las Vegas Aces,2026-08-21T02:00:00Z,Las Vegas Aces,Connecticut Sun,Jackie Young,,3PM,OVER,0.5,-970,DraftKings,draftkings,player_threes_alternate,the-odds-api,2026-08-20T14:45:09.017436+00:00
2026-08-20,cdd0cd4e662b83ac6836cb4a84a152e3,Connecticut Sun @ Las Vegas Aces,2026-08-21T02:00:00Z,Las Vegas Aces,Connecticut Sun,Jackie Young,,3PM,OVER,1.5,-206,DraftKings,draftkings,player_threes_alternate,the-odds-api,2026-08-20T14:45:09.017436+00:00
2026-08-20,cdd0cd4e662b83ac6836cb4a84a152e3,Connecticut Sun @ Las Vegas Aces,2026-08-21T02:00:00Z,Las Vegas Aces,Connecticut Sun,Jackie Young,,3PM,OVER,2.5,134,DraftKings,draftkings,player_threes_alternate,the-odds-api,2026-08-20T14:45:09.017436+00:00
2026-08-20,cdd0cd4e662b83ac6836cb4a84a152e3,Connecticut Sun @ Las Vegas Aces,2026-08-21T02:00:00Z,Las Vegas Aces,Connecticut Sun,Jackie Young,,3PM,OVER,3.5,317,DraftKings,draftkings,player_threes_alternate,the-odds-api,2026-08-20T14:45:09.017436+00:00
2026-08-20,cdd0cd4e662b83ac6836cb4a84a152e3,Connecticut Sun @ Las Vegas Aces,2026-08-21T02:00:00Z,Las Vegas Aces,Connecticut Sun,Jackie Young,,3PM,OVER,4.5,700,DraftKings,draftkings,player_threes_alternate,the-odds-api,2026-08-20T14:45:09.017436+00:00
2026-08-20,cdd0cd4e662b83ac6836cb4a84a152e3,Connecticut Sun @ Las Vegas Aces,2026-08-21T02:00:00Z,Las Vegas Aces,Connecticut Sun,Jackie Young,,3PM,OVER,5.5,1520,DraftKings,draftkings,player_threes_alternate,the-odds-api,2026-08-20T14:45:09.017436+00:00
2026-08-20,cdd0cd4e662b83ac6836cb4a84a152e3,Connecticut Sun @ Las Vegas Aces,2026-08-21T02:00:00Z,Las Vegas Aces,Connecticut Sun,Jackie Young,,3PM,OVER,6.5,2600,DraftKings,draftkings,player_threes_alternate,the-odds-api,2026-08-20T14:45:09.017436+00:00
2026-08-20,cdd0cd4e662b83ac6836cb4a84a152e3,Connecticut Sun @ Las Vegas Aces,2026-08-21T02:00:00Z,Las Vegas Aces,Connecticut Sun,Chelsea Gray,,3PM,OVER,0.5,-582,DraftKings,draftkings,player_threes_alternate,the-odds-api,2026-08-20T14:45:09.017436+00:00
2026-08-20,cdd0cd4e662b83ac6836cb4a84a152e3,Connecticut Sun @ Las Vegas Aces,2026-08-21T02:00:00Z,Las Vegas Aces,Connecticut Sun,Chelsea Gray,,3PM,OVER,1.5,-131,DraftKings,draftkings,player_threes_alternate,the-odds-api,2026-08-20T14:45:09.017436+00:00
2026-08-20,cdd0cd4e662b83ac6836cb4a84a152e3,Connecticut Sun @ Las Vegas Aces,2026-08-21T02:00:00Z,Las Vegas Aces,Connecticut Sun,Chelsea Gray,,3PM,OVER,2.5,229,DraftKings,draftkings,player_threes_alternate,the-odds-api,2026-08-20T14:45:09.017436+00:00
2026-08-20,cdd0cd4e662b83ac6836cb4a84a152e3,Connecticut Sun @ Las Vegas Aces,2026-08-21T02:00:00Z,Las Vegas Aces,Connecticut Sun,Chelsea Gray,,3PM,OVER,3.5,582,DraftKings,draftkings,player_threes_alternate,the-odds-api,2026-08-20T14:45:09.017436+00:00
2026-08-20,cdd0cd4e662b83ac6836cb4a84a152e3,Connecticut Sun @ Las Vegas Aces,2026-08-21T02:00:00Z,Las Vegas Aces,Connecticut Sun,Chelsea Gray,,3PM,OVER,4.5,1380,DraftKings,draftkings,player_threes_alternate,the-odds-api,2026-08-20T14:45:09.017436+00:00
2026-08-20,cdd0cd4e662b83ac6836cb4a84a152e3,Connecticut Sun @ Las Vegas Aces,2026-08-21T02:00:00Z,Las Vegas Aces,Connecticut Sun,Chelsea Gray,,3PM,OVER,5.5,2700,DraftKings,draftkings,player_threes_alternate,the-odds-api,2026-08-20T14:45:09.017436+00:00
2026-08-20,cdd0cd4e662b83ac6836cb4a84a152e3,Connecticut Sun @ Las Vegas Aces,2026-08-21T02:00:00Z,Las Vegas Aces,Connecticut Sun,Diamond Miller,,3PM,OVER,0.5,-449,DraftKings,draftkings,player_threes_alternate,the-odds-api,2026-08-20T14:45:09.017436+00:00
2026-08-20,cdd0cd4e662b83ac6836cb4a84a152e3,Connecticut Sun @ Las Vegas Aces,2026-08-21T02:00:00Z,Las Vegas Aces,Connecticut Sun,Diamond Miller,,3PM,OVER,1.5,-102,DraftKings,draftkings,player_threes_alternate,the-odds-api,2026-08-20T14:45:09.017436+00:00
2026-08-20,cdd0cd4e662b83ac6836cb4a84a152e3,Connecticut Sun @ Las Vegas Aces,2026-08-21T02:00:00Z,Las Vegas Aces,Connecticut Sun,Diamond Miller,,3PM,OVER,2.5,293,DraftKings,draftkings,player_threes_alternate,the-odds-api,2026-08-20T14:45:09.017436+00:00
2026-08-20,cdd0cd4e662b83ac6836cb4a84a152e3,Connecticut Sun @ Las Vegas Aces,2026-08-21T02:00:00Z,Las Vegas Aces,Connecticut Sun,Diamond Miller,,3PM,OVER,3.5,740,DraftKings,draftkings,player_threes_alternate,the-odds-api,2026-08-20T14:45:09.017436+00:00
2026-08-20,cdd0cd4e662b83ac6836cb4a84a152e3,Connecticut Sun @ Las Vegas Aces,2026-08-21T02:00:00Z,Las Vegas Aces,Connecticut Sun,Diamond Miller,,3PM,OVER,4.5,1740,DraftKings,draftkings,player_threes_alternate,the-odds-api,2026-08-20T14:45:09.017436+00:00
2026-08-20,cdd0cd4e662b83ac6836cb4a84a152e3,Connecticut Sun @ Las Vegas Aces,2026-08-21T02:00:00Z,Las Vegas Aces,Connecticut Sun,Jewell Loyd,,3PM,OVER,0.5,-411,DraftKings,draftkings,player_threes_alternate,the-odds-api,2026-08-20T14:45:09.017436+00:00
2026-08-20,cdd0cd4e662b83ac6836cb4a84a152e3,Connecticut Sun @ Las Vegas Aces,2026-08-21T02:00:00Z,Las Vegas Aces,Connecticut Sun,Jewell Loyd,,3PM,OVER,1.5,109,DraftKings,draftkings,player_threes_alternate,the-odds-api,2026-08-20T14:45:09.017436+00:00
2026-08-20,cdd0cd4e662b83ac6836cb4a84a152e3,Connecticut Sun @ Las Vegas Aces,2026-08-21T02:00:00Z,Las Vegas Aces,Connecticut Sun,Jewell Loyd,,3PM,OVER,2.5,326,DraftKings,draftkings,player_threes_alternate,the-odds-api,2026-08-20T14:45:09.017436+00:00
2026-08-20,cdd0cd4e662b83ac6836cb4a84a152e3,Connecticut Sun @ Las Vegas Aces,2026-08-21T02:00:00Z,Las Vegas Aces,Connecticut Sun,Jewell Loyd,,3PM,OVER,3.5,840,DraftKings,draftkings,player_threes_alternate,the-odds-api,2026-08-20T14:45:09.017436+00:00
2026-08-20,cdd0cd4e662b83ac6836cb4a84a152e3,Connecticut Sun @ Las Vegas Aces,2026-08-21T02:00:00Z,Las Vegas Aces,Connecticut Sun,Jewell Loyd,,3PM,OVER,4.5,1900,DraftKings,draftkings,player_threes_alternate,the-odds-api,2026-08-20T14:45:09.017436+00:00
2026-08-20,cdd0cd4e662b83ac6836cb4a84a152e3,Connecticut Sun @ Las Vegas Aces,2026-08-21T02:00:00Z,Las Vegas Aces,Connecticut Sun,Leïla Lacan,,3PM,OVER,0.5,-303,DraftKings,draftkings,player_threes_alternate,the-odds-api,2026-08-20T14:45:09.017436+00:00
2026-08-20,cdd0cd4e662b83ac6836cb4a84a152e3,Connecticut Sun @ Las Vegas Aces,2026-08-21T02:00:00Z,Las Vegas Aces,Connecticut Sun,Leïla Lacan,,3PM,OVER,1.5,138,DraftKings,draftkings,player_threes_alternate,the-odds-api,2026-08-20T14:45:09.017436+00:00
2026-08-20,cdd0cd4e662b83ac6836cb4a84a152e3,Connecticut Sun @ Las Vegas Aces,2026-08-21T02:00:00Z,Las Vegas Aces,Connecticut Sun,Leïla Lacan,,3PM,OVER,2.5,430,DraftKings,draftkings,player_threes_alternate,the-odds-api,2026-08-20T14:45:09.017436+00:00
2026-08-20,cdd0cd4e662b83ac6836cb4a84a152e3,Connecticut Sun @ Las Vegas Aces,2026-08-21T02:00:00Z,Las Vegas Aces,Connecticut Sun,Leïla Lacan,,3PM,OVER,3.5,1100,DraftKings,draftkings,player_threes_alternate,the-odds-api,2026-08-20T14:45:09.017436+00:00
2026-08-20,cdd0cd4e662b83ac6836cb4a84a152e3,Connecticut Sun @ Las Vegas Aces,2026-08-21T02:00:00Z,Las Vegas Aces,Connecticut Sun,Leïla Lacan,,3PM,OVER,4.5,2300,DraftKings,draftkings,player_threes_alternate,the-odds-api,2026-08-20T14:45:09.017436+00:00
2026-08-20,cdd0cd4e662b83ac6836cb4a84a152e3,Connecticut Sun @ Las Vegas Aces,2026-08-21T02:00:00Z,Las Vegas Aces,Connecticut Sun,A'ja Wilson,,3PM,OVER,0.5,-218,DraftKings,draftkings,player_threes_alternate,the-odds-api,2026-08-20T14:45:09.017436+00:00
2026-08-20,cdd0cd4e662b83ac6836cb4a84a152e3,Connecticut Sun @ Las Vegas Aces,2026-08-21T02:00:00Z,Las Vegas Aces,Connecticut Sun,A'ja Wilson,,3PM,OVER,1.5,211,DraftKings,draftkings,player_threes_alternate,the-odds-api,2026-08-20T14:45:09.017436+00:00
2026-08-20,cdd0cd4e662b83ac6836cb4a84a152e3,Connecticut Sun @ Las Vegas Aces,2026-08-21T02:00:00Z,Las Vegas Aces,Connecticut Sun,A'ja Wilson,,3PM,OVER,2.5,720,DraftKings,draftkings,player_threes_alternate,the-odds-api,2026-08-20T14:45:09.017436+00:00
2026-08-20,cdd0cd4e662b83ac6836cb4a84a152e3,Connecticut Sun @ Las Vegas Aces,2026-08-21T02:00:00Z,Las Vegas Aces,Connecticut Sun,A'ja Wilson,,3PM,OVER,3.5,1920,DraftKings,draftkings,player_threes_alternate,the-odds-api,2026-08-20T14:45:09.017436+00:00
