game_date,event_id,game,game_time,home_team,away_team,player,team,stat,side,threshold,odds,sportsbook,sportsbook_key,market_key,source,scraped_at
2026-08-22,a05ae0cd5516fbbcdd9fda35e698f70d,Indiana Fever @ New York Liberty,2026-08-22T23:00:00Z,New York Liberty,Indiana Fever,Caitlin Clark,,AST,OVER,7.5,-245,FanDuel,fanduel,player_assists_alternate,the-odds-api,2026-08-22T21:39:37.704148+00:00
2026-08-22,a05ae0cd5516fbbcdd9fda35e698f70d,Indiana Fever @ New York Liberty,2026-08-22T23:00:00Z,New York Liberty,Indiana Fever,Sabrina Ionescu,,AST,OVER,7.5,390,FanDuel,fanduel,player_assists_alternate,the-odds-api,2026-08-22T21:39:37.704148+00:00
2026-08-22,a05ae0cd5516fbbcdd9fda35e698f70d,Indiana Fever @ New York Liberty,2026-08-22T23:00:00Z,New York Liberty,Indiana Fever,Caitlin Clark,,AST,OVER,9.5,116,FanDuel,fanduel,player_assists_alternate,the-odds-api,2026-08-22T21:39:37.704148+00:00
2026-08-22,a05ae0cd5516fbbcdd9fda35e698f70d,Indiana Fever @ New York Liberty,2026-08-22T23:00:00Z,New York Liberty,Indiana Fever,Sabrina Ionescu,,AST,OVER,9.5,920,FanDuel,fanduel,player_assists_alternate,the-odds-api,2026-08-22T21:39:37.704148+00:00
2026-08-22,a05ae0cd5516fbbcdd9fda35e698f70d,Indiana Fever @ New York Liberty,2026-08-22T23:00:00Z,New York Liberty,Indiana Fever,Caitlin Clark,,AST,OVER,13.5,880,FanDuel,fanduel,player_assists_alternate,the-odds-api,2026-08-22T21:39:37.704148+00:00
2026-08-22,a05ae0cd5516fbbcdd9fda35e698f70d,Indiana Fever @ New York Liberty,2026-08-22T23:00:00Z,New York Liberty,Indiana Fever,Caitlin Clark,,AST,OVER,5.5,-1200,FanDuel,fanduel,player_assists_alternate,the-odds-api,2026-08-22T21:39:37.704148+00:00
2026-08-22,a05ae0cd5516fbbcdd9fda35e698f70d,Indiana Fever @ New York Liberty,2026-08-22T23:00:00Z,New York Liberty,Indiana Fever,Sabrina Ionescu,,AST,OVER,5.5,104,FanDuel,fanduel,player_assists_alternate,the-odds-api,2026-08-22T21:39:37.704148+00:00
2026-08-22,a05ae0cd5516fbbcdd9fda35e698f70d,Indiana Fever @ New York Liberty,2026-08-22T23:00:00Z,New York Liberty,Indiana Fever,Breanna Stewart,,AST,OVER,5.5,430,FanDuel,fanduel,player_assists_alternate,the-odds-api,2026-08-22T21:39:37.704148+00:00
2026-08-22,a05ae0cd5516fbbcdd9fda35e698f70d,Indiana Fever @ New York Liberty,2026-08-22T23:00:00Z,New York Liberty,Indiana Fever,Aliyah Boston,,AST,OVER,5.5,680,FanDuel,fanduel,player_assists_alternate,the-odds-api,2026-08-22T21:39:37.704148+00:00
2026-08-22,a05ae0cd5516fbbcdd9fda35e698f70d,Indiana Fever @ New York Liberty,2026-08-22T23:00:00Z,New York Liberty,Indiana Fever,Pauline Astier,,AST,OVER,5.5,850,FanDuel,fanduel,player_assists_alternate,the-odds-api,2026-08-22T21:39:37.704148+00:00
2026-08-22,a05ae0cd5516fbbcdd9fda35e698f70d,Indiana Fever @ New York Liberty,2026-08-22T23:00:00Z,New York Liberty,Indiana Fever,Sabrina Ionescu,,AST,OVER,3.5,-500,FanDuel,fanduel,player_assists_alternate,the-odds-api,2026-08-22T21:39:37.704148+00:00
2026-08-22,a05ae0cd5516fbbcdd9fda35e698f70d,Indiana Fever @ New York Liberty,2026-08-22T23:00:00Z,New York Liberty,Indiana Fever,Breanna Stewart,,AST,OVER,3.5,-104,FanDuel,fanduel,player_assists_alternate,the-odds-api,2026-08-22T21:39:37.704148+00:00
2026-08-22,a05ae0cd5516fbbcdd9fda35e698f70d,Indiana Fever @ New York Liberty,2026-08-22T23:00:00Z,New York Liberty,Indiana Fever,Aliyah Boston,,AST,OVER,3.5,140,FanDuel,fanduel,player_assists_alternate,the-odds-api,2026-08-22T21:39:37.704148+00:00
2026-08-22,a05ae0cd5516fbbcdd9fda35e698f70d,Indiana Fever @ New York Liberty,2026-08-22T23:00:00Z,New York Liberty,Indiana Fever,Pauline Astier,,AST,OVER,3.5,182,FanDuel,fanduel,player_assists_alternate,the-odds-api,2026-08-22T21:39:37.704148+00:00
2026-08-22,a05ae0cd5516fbbcdd9fda35e698f70d,Indiana Fever @ New York Liberty,2026-08-22T23:00:00Z,New York Liberty,Indiana Fever,Jonquel Jones,,AST,OVER,3.5,250,FanDuel,fanduel,player_assists_alternate,the-odds-api,2026-08-22T21:39:37.704148+00:00
2026-08-22,a05ae0cd5516fbbcdd9fda35e698f70d,Indiana Fever @ New York Liberty,2026-08-22T23:00:00Z,New York Liberty,Indiana Fever,Kelsey Mitchell,,AST,OVER,3.5,320,FanDuel,fanduel,player_assists_alternate,the-odds-api,2026-08-22T21:39:37.704148+00:00
2026-08-22,a05ae0cd5516fbbcdd9fda35e698f70d,Indiana Fever @ New York Liberty,2026-08-22T23:00:00Z,New York Liberty,Indiana Fever,Caitlin Clark,,AST,OVER,11.5,320,FanDuel,fanduel,player_assists_alternate,the-odds-api,2026-08-22T21:39:37.704148+00:00
2026-08-22,a05ae0cd5516fbbcdd9fda35e698f70d,Indiana Fever @ New York Liberty,2026-08-22T23:00:00Z,New York Liberty,Indiana Fever,Breanna Stewart,,AST,OVER,1.5,-1100,FanDuel,fanduel,player_assists_alternate,the-odds-api,2026-08-22T21:39:37.704148+00:00
2026-08-22,a05ae0cd5516fbbcdd9fda35e698f70d,Indiana Fever @ New York Liberty,2026-08-22T23:00:00Z,New York Liberty,Indiana Fever,Aliyah Boston,,AST,OVER,1.5,-650,FanDuel,fanduel,player_assists_alternate,the-odds-api,2026-08-22T21:39:37.704148+00:00
2026-08-22,a05ae0cd5516fbbcdd9fda35e698f70d,Indiana Fever @ New York Liberty,2026-08-22T23:00:00Z,New York Liberty,Indiana Fever,Pauline Astier,,AST,OVER,1.5,-420,FanDuel,fanduel,player_assists_alternate,the-odds-api,2026-08-22T21:39:37.704148+00:00
2026-08-22,a05ae0cd5516fbbcdd9fda35e698f70d,Indiana Fever @ New York Liberty,2026-08-22T23:00:00Z,New York Liberty,Indiana Fever,Jonquel Jones,,AST,OVER,1.5,-330,FanDuel,fanduel,player_assists_alternate,the-odds-api,2026-08-22T21:39:37.704148+00:00
2026-08-22,a05ae0cd5516fbbcdd9fda35e698f70d,Indiana Fever @ New York Liberty,2026-08-22T23:00:00Z,New York Liberty,Indiana Fever,Kelsey Mitchell,,AST,OVER,1.5,-250,FanDuel,fanduel,player_assists_alternate,the-odds-api,2026-08-22T21:39:37.704148+00:00
2026-08-22,a05ae0cd5516fbbcdd9fda35e698f70d,Indiana Fever @ New York Liberty,2026-08-22T23:00:00Z,New York Liberty,Indiana Fever,Kelsey Mitchell,,PTS,OVER,39.5,1400,FanDuel,fanduel,player_points_alternate,the-odds-api,2026-08-22T21:39:37.704148+00:00
2026-08-22,a05ae0cd5516fbbcdd9fda35e698f70d,Indiana Fever @ New York Liberty,2026-08-22T23:00:00Z,New York Liberty,Indiana Fever,Aliyah Boston,,PTS,OVER,9.5,-700,FanDuel,fanduel,player_points_alternate,the-odds-api,2026-08-22T21:39:37.704148+00:00
2026-08-22,a05ae0cd5516fbbcdd9fda35e698f70d,Indiana Fever @ New York Liberty,2026-08-22T23:00:00Z,New York Liberty,Indiana Fever,Makayla Timpson,,PTS,OVER,9.5,192,FanDuel,fanduel,player_points_alternate,the-odds-api,2026-08-22T21:39:37.704148+00:00
2026-08-22,a05ae0cd5516fbbcdd9fda35e698f70d,Indiana Fever @ New York Liberty,2026-08-22T23:00:00Z,New York Liberty,Indiana Fever,Sophie Cunningham,,PTS,OVER,9.5,220,FanDuel,fanduel,player_points_alternate,the-odds-api,2026-08-22T21:39:37.704148+00:00
2026-08-22,a05ae0cd5516fbbcdd9fda35e698f70d,Indiana Fever @ New York Liberty,2026-08-22T23:00:00Z,New York Liberty,Indiana Fever,Lexie Hull,,PTS,OVER,9.5,790,FanDuel,fanduel,player_points_alternate,the-odds-api,2026-08-22T21:39:37.704148+00:00
2026-08-22,a05ae0cd5516fbbcdd9fda35e698f70d,Indiana Fever @ New York Liberty,2026-08-22T23:00:00Z,New York Liberty,Indiana Fever,Monique Billings,,PTS,OVER,9.5,310,FanDuel,fanduel,player_points_alternate,the-odds-api,2026-08-22T21:39:37.704148+00:00
2026-08-22,a05ae0cd5516fbbcdd9fda35e698f70d,Indiana Fever @ New York Liberty,2026-08-22T23:00:00Z,New York Liberty,Indiana Fever,Sabrina Ionescu,,PTS,OVER,9.5,-2000,FanDuel,fanduel,player_points_alternate,the-odds-api,2026-08-22T21:39:37.704148+00:00
2026-08-22,a05ae0cd5516fbbcdd9fda35e698f70d,Indiana Fever @ New York Liberty,2026-08-22T23:00:00Z,New York Liberty,Indiana Fever,Rebecca Allen,,PTS,OVER,9.5,195,FanDuel,fanduel,player_points_alternate,the-odds-api,2026-08-22T21:39:37.704148+00:00
2026-08-22,a05ae0cd5516fbbcdd9fda35e698f70d,Indiana Fever @ New York Liberty,2026-08-22T23:00:00Z,New York Liberty,Indiana Fever,Pauline Astier,,PTS,OVER,9.5,195,FanDuel,fanduel,player_points_alternate,the-odds-api,2026-08-22T21:39:37.704148+00:00
2026-08-22,a05ae0cd5516fbbcdd9fda35e698f70d,Indiana Fever @ New York Liberty,2026-08-22T23:00:00Z,New York Liberty,Indiana Fever,Jonquel Jones,,PTS,OVER,9.5,-580,FanDuel,fanduel,player_points_alternate,the-odds-api,2026-08-22T21:39:37.704148+00:00
2026-08-22,a05ae0cd5516fbbcdd9fda35e698f70d,Indiana Fever @ New York Liberty,2026-08-22T23:00:00Z,New York Liberty,Indiana Fever,Leonie Fiebich,,PTS,OVER,9.5,265,FanDuel,fanduel,player_points_alternate,the-odds-api,2026-08-22T21:39:37.704148+00:00
2026-08-22,a05ae0cd5516fbbcdd9fda35e698f70d,Indiana Fever @ New York Liberty,2026-08-22T23:00:00Z,New York Liberty,Indiana Fever,Han Xu,,PTS,OVER,9.5,300,FanDuel,fanduel,player_points_alternate,the-odds-api,2026-08-22T21:39:37.704148+00:00
2026-08-22,a05ae0cd5516fbbcdd9fda35e698f70d,Indiana Fever @ New York Liberty,2026-08-22T23:00:00Z,New York Liberty,Indiana Fever,Marine Johannes,,PTS,OVER,9.5,188,FanDuel,fanduel,player_points_alternate,the-odds-api,2026-08-22T21:39:37.704148+00:00
2026-08-22,a05ae0cd5516fbbcdd9fda35e698f70d,Indiana Fever @ New York Liberty,2026-08-22T23:00:00Z,New York Liberty,Indiana Fever,Kelsey Mitchell,,PTS,OVER,24.5,-135,FanDuel,fanduel,player_points_alternate,the-odds-api,2026-08-22T21:39:37.704148+00:00
2026-08-22,a05ae0cd5516fbbcdd9fda35e698f70d,Indiana Fever @ New York Liberty,2026-08-22T23:00:00Z,New York Liberty,Indiana Fever,Caitlin Clark,,PTS,OVER,24.5,158,FanDuel,fanduel,player_points_alternate,the-odds-api,2026-08-22T21:39:37.704148+00:00
2026-08-22,a05ae0cd5516fbbcdd9fda35e698f70d,Indiana Fever @ New York Liberty,2026-08-22T23:00:00Z,New York Liberty,Indiana Fever,Aliyah Boston,,PTS,OVER,24.5,980,FanDuel,fanduel,player_points_alternate,the-odds-api,2026-08-22T21:39:37.704148+00:00
2026-08-22,a05ae0cd5516fbbcdd9fda35e698f70d,Indiana Fever @ New York Liberty,2026-08-22T23:00:00Z,New York Liberty,Indiana Fever,Breanna Stewart,,PTS,OVER,24.5,154,FanDuel,fanduel,player_points_alternate,the-odds-api,2026-08-22T21:39:37.704148+00:00
2026-08-22,a05ae0cd5516fbbcdd9fda35e698f70d,Indiana Fever @ New York Liberty,2026-08-22T23:00:00Z,New York Liberty,Indiana Fever,Sabrina Ionescu,,PTS,OVER,24.5,390,FanDuel,fanduel,player_points_alternate,the-odds-api,2026-08-22T21:39:37.704148+00:00
2026-08-22,a05ae0cd5516fbbcdd9fda35e698f70d,Indiana Fever @ New York Liberty,2026-08-22T23:00:00Z,New York Liberty,Indiana Fever,Jonquel Jones,,PTS,OVER,24.5,980,FanDuel,fanduel,player_points_alternate,the-odds-api,2026-08-22T21:39:37.704148+00:00
2026-08-22,a05ae0cd5516fbbcdd9fda35e698f70d,Indiana Fever @ New York Liberty,2026-08-22T23:00:00Z,New York Liberty,Indiana Fever,Caitlin Clark,,PTS,OVER,34.5,1020,FanDuel,fanduel,player_points_alternate,the-odds-api,2026-08-22T21:39:37.704148+00:00
2026-08-22,a05ae0cd5516fbbcdd9fda35e698f70d,Indiana Fever @ New York Liberty,2026-08-22T23:00:00Z,New York Liberty,Indiana Fever,Kelsey Mitchell,,PTS,OVER,34.5,560,FanDuel,fanduel,player_points_alternate,the-odds-api,2026-08-22T21:39:37.704148+00:00
2026-08-22,a05ae0cd5516fbbcdd9fda35e698f70d,Indiana Fever @ New York Liberty,2026-08-22T23:00:00Z,New York Liberty,Indiana Fever,Breanna Stewart,,PTS,OVER,34.5,1160,FanDuel,fanduel,player_points_alternate,the-odds-api,2026-08-22T21:39:37.704148+00:00
2026-08-22,a05ae0cd5516fbbcdd9fda35e698f70d,Indiana Fever @ New York Liberty,2026-08-22T23:00:00Z,New York Liberty,Indiana Fever,Kelsey Mitchell,,PTS,OVER,29.5,220,FanDuel,fanduel,player_points_alternate,the-odds-api,2026-08-22T21:39:37.704148+00:00
2026-08-22,a05ae0cd5516fbbcdd9fda35e698f70d,Indiana Fever @ New York Liberty,2026-08-22T23:00:00Z,New York Liberty,Indiana Fever,Caitlin Clark,,PTS,OVER,29.5,430,FanDuel,fanduel,player_points_alternate,the-odds-api,2026-08-22T21:39:37.704148+00:00
2026-08-22,a05ae0cd5516fbbcdd9fda35e698f70d,Indiana Fever @ New York Liberty,2026-08-22T23:00:00Z,New York Liberty,Indiana Fever,Breanna Stewart,,PTS,OVER,29.5,460,FanDuel,fanduel,player_points_alternate,the-odds-api,2026-08-22T21:39:37.704148+00:00
2026-08-22,a05ae0cd5516fbbcdd9fda35e698f70d,Indiana Fever @ New York Liberty,2026-08-22T23:00:00Z,New York Liberty,Indiana Fever,Sabrina Ionescu,,PTS,OVER,29.5,980,FanDuel,fanduel,player_points_alternate,the-odds-api,2026-08-22T21:39:37.704148+00:00
2026-08-22,a05ae0cd5516fbbcdd9fda35e698f70d,Indiana Fever @ New York Liberty,2026-08-22T23:00:00Z,New York Liberty,Indiana Fever,Jonquel Jones,,PTS,OVER,29.5,2800,FanDuel,fanduel,player_points_alternate,the-odds-api,2026-08-22T21:39:37.704148+00:00
2026-08-22,a05ae0cd5516fbbcdd9fda35e698f70d,Indiana Fever @ New York Liberty,2026-08-22T23:00:00Z,New York Liberty,Indiana Fever,Caitlin Clark,,PTS,OVER,14.5,-870,FanDuel,fanduel,player_points_alternate,the-odds-api,2026-08-22T21:39:37.704148+00:00
2026-08-22,a05ae0cd5516fbbcdd9fda35e698f70d,Indiana Fever @ New York Liberty,2026-08-22T23:00:00Z,New York Liberty,Indiana Fever,Kelsey Mitchell,,PTS,OVER,14.5,-4000,FanDuel,fanduel,player_points_alternate,the-odds-api,2026-08-22T21:39:37.704148+00:00
2026-08-22,a05ae0cd5516fbbcdd9fda35e698f70d,Indiana Fever @ New York Liberty,2026-08-22T23:00:00Z,New York Liberty,Indiana Fever,Aliyah Boston,,PTS,OVER,14.5,-128,FanDuel,fanduel,player_points_alternate,the-odds-api,2026-08-22T21:39:37.704148+00:00
2026-08-22,a05ae0cd5516fbbcdd9fda35e698f70d,Indiana Fever @ New York Liberty,2026-08-22T23:00:00Z,New York Liberty,Indiana Fever,Makayla Timpson,,PTS,OVER,14.5,940,FanDuel,fanduel,player_points_alternate,the-odds-api,2026-08-22T21:39:37.704148+00:00
2026-08-22,a05ae0cd5516fbbcdd9fda35e698f70d,Indiana Fever @ New York Liberty,2026-08-22T23:00:00Z,New York Liberty,Indiana Fever,Sophie Cunningham,,PTS,OVER,14.5,900,FanDuel,fanduel,player_points_alternate,the-odds-api,2026-08-22T21:39:37.704148+00:00
2026-08-22,a05ae0cd5516fbbcdd9fda35e698f70d,Indiana Fever @ New York Liberty,2026-08-22T23:00:00Z,New York Liberty,Indiana Fever,Monique Billings,,PTS,OVER,14.5,940,FanDuel,fanduel,player_points_alternate,the-odds-api,2026-08-22T21:39:37.704148+00:00
2026-08-22,a05ae0cd5516fbbcdd9fda35e698f70d,Indiana Fever @ New York Liberty,2026-08-22T23:00:00Z,New York Liberty,Indiana Fever,Breanna Stewart,,PTS,OVER,14.5,-950,FanDuel,fanduel,player_points_alternate,the-odds-api,2026-08-22T21:39:37.704148+00:00
2026-08-22,a05ae0cd5516fbbcdd9fda35e698f70d,Indiana Fever @ New York Liberty,2026-08-22T23:00:00Z,New York Liberty,Indiana Fever,Sabrina Ionescu,,PTS,OVER,14.5,-270,FanDuel,fanduel,player_points_alternate,the-odds-api,2026-08-22T21:39:37.704148+00:00
2026-08-22,a05ae0cd5516fbbcdd9fda35e698f70d,Indiana Fever @ New York Liberty,2026-08-22T23:00:00Z,New York Liberty,Indiana Fever,Rebecca Allen,,PTS,OVER,14.5,880,FanDuel,fanduel,player_points_alternate,the-odds-api,2026-08-22T21:39:37.704148+00:00
2026-08-22,a05ae0cd5516fbbcdd9fda35e698f70d,Indiana Fever @ New York Liberty,2026-08-22T23:00:00Z,New York Liberty,Indiana Fever,Pauline Astier,,PTS,OVER,14.5,880,FanDuel,fanduel,player_points_alternate,the-odds-api,2026-08-22T21:39:37.704148+00:00
2026-08-22,a05ae0cd5516fbbcdd9fda35e698f70d,Indiana Fever @ New York Liberty,2026-08-22T23:00:00Z,New York Liberty,Indiana Fever,Jonquel Jones,,PTS,OVER,14.5,-114,FanDuel,fanduel,player_points_alternate,the-odds-api,2026-08-22T21:39:37.704148+00:00
2026-08-22,a05ae0cd5516fbbcdd9fda35e698f70d,Indiana Fever @ New York Liberty,2026-08-22T23:00:00Z,New York Liberty,Indiana Fever,Marine Johannes,,PTS,OVER,14.5,580,FanDuel,fanduel,player_points_alternate,the-odds-api,2026-08-22T21:39:37.704148+00:00
2026-08-22,a05ae0cd5516fbbcdd9fda35e698f70d,Indiana Fever @ New York Liberty,2026-08-22T23:00:00Z,New York Liberty,Indiana Fever,Kelsey Mitchell,,PTS,OVER,19.5,-520,FanDuel,fanduel,player_points_alternate,the-odds-api,2026-08-22T21:39:37.704148+00:00
2026-08-22,a05ae0cd5516fbbcdd9fda35e698f70d,Indiana Fever @ New York Liberty,2026-08-22T23:00:00Z,New York Liberty,Indiana Fever,Caitlin Clark,,PTS,OVER,19.5,-210,FanDuel,fanduel,player_points_alternate,the-odds-api,2026-08-22T21:39:37.704148+00:00
2026-08-22,a05ae0cd5516fbbcdd9fda35e698f70d,Indiana Fever @ New York Liberty,2026-08-22T23:00:00Z,New York Liberty,Indiana Fever,Aliyah Boston,,PTS,OVER,19.5,320,FanDuel,fanduel,player_points_alternate,the-odds-api,2026-08-22T21:39:37.704148+00:00
2026-08-22,a05ae0cd5516fbbcdd9fda35e698f70d,Indiana Fever @ New York Liberty,2026-08-22T23:00:00Z,New York Liberty,Indiana Fever,Breanna Stewart,,PTS,OVER,19.5,-215,FanDuel,fanduel,player_points_alternate,the-odds-api,2026-08-22T21:39:37.704148+00:00
2026-08-22,a05ae0cd5516fbbcdd9fda35e698f70d,Indiana Fever @ New York Liberty,2026-08-22T23:00:00Z,New York Liberty,Indiana Fever,Sabrina Ionescu,,PTS,OVER,19.5,130,FanDuel,fanduel,player_points_alternate,the-odds-api,2026-08-22T21:39:37.704148+00:00
2026-08-22,a05ae0cd5516fbbcdd9fda35e698f70d,Indiana Fever @ New York Liberty,2026-08-22T23:00:00Z,New York Liberty,Indiana Fever,Jonquel Jones,,PTS,OVER,19.5,320,FanDuel,fanduel,player_points_alternate,the-odds-api,2026-08-22T21:39:37.704148+00:00
2026-08-22,a05ae0cd5516fbbcdd9fda35e698f70d,Indiana Fever @ New York Liberty,2026-08-22T23:00:00Z,New York Liberty,Indiana Fever,Jonquel Jones,,REB,OVER,7.5,-250,FanDuel,fanduel,player_rebounds_alternate,the-odds-api,2026-08-22T21:39:37.704148+00:00
2026-08-22,a05ae0cd5516fbbcdd9fda35e698f70d,Indiana Fever @ New York Liberty,2026-08-22T23:00:00Z,New York Liberty,Indiana Fever,Aliyah Boston,,REB,OVER,7.5,-180,FanDuel,fanduel,player_rebounds_alternate,the-odds-api,2026-08-22T21:39:37.704148+00:00
2026-08-22,a05ae0cd5516fbbcdd9fda35e698f70d,Indiana Fever @ New York Liberty,2026-08-22T23:00:00Z,New York Liberty,Indiana Fever,Breanna Stewart,,REB,OVER,7.5,-136,FanDuel,fanduel,player_rebounds_alternate,the-odds-api,2026-08-22T21:39:37.704148+00:00
2026-08-22,a05ae0cd5516fbbcdd9fda35e698f70d,Indiana Fever @ New York Liberty,2026-08-22T23:00:00Z,New York Liberty,Indiana Fever,Makayla Timpson,,REB,OVER,7.5,116,FanDuel,fanduel,player_rebounds_alternate,the-odds-api,2026-08-22T21:39:37.704148+00:00
2026-08-22,a05ae0cd5516fbbcdd9fda35e698f70d,Indiana Fever @ New York Liberty,2026-08-22T23:00:00Z,New York Liberty,Indiana Fever,Monique Billings,,REB,OVER,7.5,360,FanDuel,fanduel,player_rebounds_alternate,the-odds-api,2026-08-22T21:39:37.704148+00:00
2026-08-22,a05ae0cd5516fbbcdd9fda35e698f70d,Indiana Fever @ New York Liberty,2026-08-22T23:00:00Z,New York Liberty,Indiana Fever,Sabrina Ionescu,,REB,OVER,7.5,680,FanDuel,fanduel,player_rebounds_alternate,the-odds-api,2026-08-22T21:39:37.704148+00:00
2026-08-22,a05ae0cd5516fbbcdd9fda35e698f70d,Indiana Fever @ New York Liberty,2026-08-22T23:00:00Z,New York Liberty,Indiana Fever,Caitlin Clark,,REB,OVER,7.5,1260,FanDuel,fanduel,player_rebounds_alternate,the-odds-api,2026-08-22T21:39:37.704148+00:00
2026-08-22,a05ae0cd5516fbbcdd9fda35e698f70d,Indiana Fever @ New York Liberty,2026-08-22T23:00:00Z,New York Liberty,Indiana Fever,Han Xu,,REB,OVER,7.5,1280,FanDuel,fanduel,player_rebounds_alternate,the-odds-api,2026-08-22T21:39:37.704148+00:00
2026-08-22,a05ae0cd5516fbbcdd9fda35e698f70d,Indiana Fever @ New York Liberty,2026-08-22T23:00:00Z,New York Liberty,Indiana Fever,Jonquel Jones,,REB,OVER,13.5,630,FanDuel,fanduel,player_rebounds_alternate,the-odds-api,2026-08-22T21:39:37.704148+00:00
2026-08-22,a05ae0cd5516fbbcdd9fda35e698f70d,Indiana Fever @ New York Liberty,2026-08-22T23:00:00Z,New York Liberty,Indiana Fever,Aliyah Boston,,REB,OVER,13.5,880,FanDuel,fanduel,player_rebounds_alternate,the-odds-api,2026-08-22T21:39:37.704148+00:00
2026-08-22,a05ae0cd5516fbbcdd9fda35e698f70d,Indiana Fever @ New York Liberty,2026-08-22T23:00:00Z,New York Liberty,Indiana Fever,Breanna Stewart,,REB,OVER,13.5,1280,FanDuel,fanduel,player_rebounds_alternate,the-odds-api,2026-08-22T21:39:37.704148+00:00
2026-08-22,a05ae0cd5516fbbcdd9fda35e698f70d,Indiana Fever @ New York Liberty,2026-08-22T23:00:00Z,New York Liberty,Indiana Fever,Makayla Timpson,,REB,OVER,13.5,2200,FanDuel,fanduel,player_rebounds_alternate,the-odds-api,2026-08-22T21:39:37.704148+00:00
2026-08-22,a05ae0cd5516fbbcdd9fda35e698f70d,Indiana Fever @ New York Liberty,2026-08-22T23:00:00Z,New York Liberty,Indiana Fever,Jonquel Jones,,REB,OVER,9.5,102,FanDuel,fanduel,player_rebounds_alternate,the-odds-api,2026-08-22T21:39:37.704148+00:00
2026-08-22,a05ae0cd5516fbbcdd9fda35e698f70d,Indiana Fever @ New York Liberty,2026-08-22T23:00:00Z,New York Liberty,Indiana Fever,Aliyah Boston,,REB,OVER,9.5,142,FanDuel,fanduel,player_rebounds_alternate,the-odds-api,2026-08-22T21:39:37.704148+00:00
2026-08-22,a05ae0cd5516fbbcdd9fda35e698f70d,Indiana Fever @ New York Liberty,2026-08-22T23:00:00Z,New York Liberty,Indiana Fever,Breanna Stewart,,REB,OVER,9.5,188,FanDuel,fanduel,player_rebounds_alternate,the-odds-api,2026-08-22T21:39:37.704148+00:00
2026-08-22,a05ae0cd5516fbbcdd9fda35e698f70d,Indiana Fever @ New York Liberty,2026-08-22T23:00:00Z,New York Liberty,Indiana Fever,Makayla Timpson,,REB,OVER,9.5,290,FanDuel,fanduel,player_rebounds_alternate,the-odds-api,2026-08-22T21:39:37.704148+00:00
2026-08-22,a05ae0cd5516fbbcdd9fda35e698f70d,Indiana Fever @ New York Liberty,2026-08-22T23:00:00Z,New York Liberty,Indiana Fever,Monique Billings,,REB,OVER,9.5,750,FanDuel,fanduel,player_rebounds_alternate,the-odds-api,2026-08-22T21:39:37.704148+00:00
2026-08-22,a05ae0cd5516fbbcdd9fda35e698f70d,Indiana Fever @ New York Liberty,2026-08-22T23:00:00Z,New York Liberty,Indiana Fever,Sabrina Ionescu,,REB,OVER,9.5,1700,FanDuel,fanduel,player_rebounds_alternate,the-odds-api,2026-08-22T21:39:37.704148+00:00
2026-08-22,a05ae0cd5516fbbcdd9fda35e698f70d,Indiana Fever @ New York Liberty,2026-08-22T23:00:00Z,New York Liberty,Indiana Fever,Makayla Timpson,,REB,OVER,3.5,-2200,FanDuel,fanduel,player_rebounds_alternate,the-odds-api,2026-08-22T21:39:37.704148+00:00
2026-08-22,a05ae0cd5516fbbcdd9fda35e698f70d,Indiana Fever @ New York Liberty,2026-08-22T23:00:00Z,New York Liberty,Indiana Fever,Sabrina Ionescu,,REB,OVER,3.5,-260,FanDuel,fanduel,player_rebounds_alternate,the-odds-api,2026-08-22T21:39:37.704148+00:00
2026-08-22,a05ae0cd5516fbbcdd9fda35e698f70d,Indiana Fever @ New York Liberty,2026-08-22T23:00:00Z,New York Liberty,Indiana Fever,Monique Billings,,REB,OVER,3.5,-210,FanDuel,fanduel,player_rebounds_alternate,the-odds-api,2026-08-22T21:39:37.704148+00:00
2026-08-22,a05ae0cd5516fbbcdd9fda35e698f70d,Indiana Fever @ New York Liberty,2026-08-22T23:00:00Z,New York Liberty,Indiana Fever,Caitlin Clark,,REB,OVER,3.5,-136,FanDuel,fanduel,player_rebounds_alternate,the-odds-api,2026-08-22T21:39:37.704148+00:00
2026-08-22,a05ae0cd5516fbbcdd9fda35e698f70d,Indiana Fever @ New York Liberty,2026-08-22T23:00:00Z,New York Liberty,Indiana Fever,Han Xu,,REB,OVER,3.5,128,FanDuel,fanduel,player_rebounds_alternate,the-odds-api,2026-08-22T21:39:37.704148+00:00
2026-08-22,a05ae0cd5516fbbcdd9fda35e698f70d,Indiana Fever @ New York Liberty,2026-08-22T23:00:00Z,New York Liberty,Indiana Fever,Rebecca Allen,,REB,OVER,3.5,178,FanDuel,fanduel,player_rebounds_alternate,the-odds-api,2026-08-22T21:39:37.704148+00:00
2026-08-22,a05ae0cd5516fbbcdd9fda35e698f70d,Indiana Fever @ New York Liberty,2026-08-22T23:00:00Z,New York Liberty,Indiana Fever,Lexie Hull,,REB,OVER,3.5,280,FanDuel,fanduel,player_rebounds_alternate,the-odds-api,2026-08-22T21:39:37.704148+00:00
2026-08-22,a05ae0cd5516fbbcdd9fda35e698f70d,Indiana Fever @ New York Liberty,2026-08-22T23:00:00Z,New York Liberty,Indiana Fever,Jonquel Jones,,REB,OVER,11.5,270,FanDuel,fanduel,player_rebounds_alternate,the-odds-api,2026-08-22T21:39:37.704148+00:00
2026-08-22,a05ae0cd5516fbbcdd9fda35e698f70d,Indiana Fever @ New York Liberty,2026-08-22T23:00:00Z,New York Liberty,Indiana Fever,Aliyah Boston,,REB,OVER,11.5,390,FanDuel,fanduel,player_rebounds_alternate,the-odds-api,2026-08-22T21:39:37.704148+00:00
2026-08-22,a05ae0cd5516fbbcdd9fda35e698f70d,Indiana Fever @ New York Liberty,2026-08-22T23:00:00Z,New York Liberty,Indiana Fever,Breanna Stewart,,REB,OVER,11.5,550,FanDuel,fanduel,player_rebounds_alternate,the-odds-api,2026-08-22T21:39:37.704148+00:00
2026-08-22,a05ae0cd5516fbbcdd9fda35e698f70d,Indiana Fever @ New York Liberty,2026-08-22T23:00:00Z,New York Liberty,Indiana Fever,Makayla Timpson,,REB,OVER,11.5,800,FanDuel,fanduel,player_rebounds_alternate,the-odds-api,2026-08-22T21:39:37.704148+00:00
2026-08-22,a05ae0cd5516fbbcdd9fda35e698f70d,Indiana Fever @ New York Liberty,2026-08-22T23:00:00Z,New York Liberty,Indiana Fever,Monique Billings,,REB,OVER,11.5,1280,FanDuel,fanduel,player_rebounds_alternate,the-odds-api,2026-08-22T21:39:37.704148+00:00
2026-08-22,a05ae0cd5516fbbcdd9fda35e698f70d,Indiana Fever @ New York Liberty,2026-08-22T23:00:00Z,New York Liberty,Indiana Fever,Jonquel Jones,,REB,OVER,5.5,-1200,FanDuel,fanduel,player_rebounds_alternate,the-odds-api,2026-08-22T21:39:37.704148+00:00
2026-08-22,a05ae0cd5516fbbcdd9fda35e698f70d,Indiana Fever @ New York Liberty,2026-08-22T23:00:00Z,New York Liberty,Indiana Fever,Aliyah Boston,,REB,OVER,5.5,-700,FanDuel,fanduel,player_rebounds_alternate,the-odds-api,2026-08-22T21:39:37.704148+00:00
2026-08-22,a05ae0cd5516fbbcdd9fda35e698f70d,Indiana Fever @ New York Liberty,2026-08-22T23:00:00Z,New York Liberty,Indiana Fever,Breanna Stewart,,REB,OVER,5.5,-490,FanDuel,fanduel,player_rebounds_alternate,the-odds-api,2026-08-22T21:39:37.704148+00:00
2026-08-22,a05ae0cd5516fbbcdd9fda35e698f70d,Indiana Fever @ New York Liberty,2026-08-22T23:00:00Z,New York Liberty,Indiana Fever,Makayla Timpson,,REB,OVER,5.5,-310,FanDuel,fanduel,player_rebounds_alternate,the-odds-api,2026-08-22T21:39:37.704148+00:00
2026-08-22,a05ae0cd5516fbbcdd9fda35e698f70d,Indiana Fever @ New York Liberty,2026-08-22T23:00:00Z,New York Liberty,Indiana Fever,Monique Billings,,REB,OVER,5.5,148,FanDuel,fanduel,player_rebounds_alternate,the-odds-api,2026-08-22T21:39:37.704148+00:00
2026-08-22,a05ae0cd5516fbbcdd9fda35e698f70d,Indiana Fever @ New York Liberty,2026-08-22T23:00:00Z,New York Liberty,Indiana Fever,Sabrina Ionescu,,REB,OVER,5.5,194,FanDuel,fanduel,player_rebounds_alternate,the-odds-api,2026-08-22T21:39:37.704148+00:00
2026-08-22,a05ae0cd5516fbbcdd9fda35e698f70d,Indiana Fever @ New York Liberty,2026-08-22T23:00:00Z,New York Liberty,Indiana Fever,Caitlin Clark,,REB,OVER,5.5,360,FanDuel,fanduel,player_rebounds_alternate,the-odds-api,2026-08-22T21:39:37.704148+00:00
2026-08-22,a05ae0cd5516fbbcdd9fda35e698f70d,Indiana Fever @ New York Liberty,2026-08-22T23:00:00Z,New York Liberty,Indiana Fever,Han Xu,,REB,OVER,5.5,490,FanDuel,fanduel,player_rebounds_alternate,the-odds-api,2026-08-22T21:39:37.704148+00:00
2026-08-22,a05ae0cd5516fbbcdd9fda35e698f70d,Indiana Fever @ New York Liberty,2026-08-22T23:00:00Z,New York Liberty,Indiana Fever,Rebecca Allen,,REB,OVER,5.5,880,FanDuel,fanduel,player_rebounds_alternate,the-odds-api,2026-08-22T21:39:37.704148+00:00
2026-08-22,a05ae0cd5516fbbcdd9fda35e698f70d,Indiana Fever @ New York Liberty,2026-08-22T23:00:00Z,New York Liberty,Indiana Fever,Jonquel Jones,,REB,OVER,15.5,1280,FanDuel,fanduel,player_rebounds_alternate,the-odds-api,2026-08-22T21:39:37.704148+00:00
2026-08-22,a05ae0cd5516fbbcdd9fda35e698f70d,Indiana Fever @ New York Liberty,2026-08-22T23:00:00Z,New York Liberty,Indiana Fever,Aliyah Boston,,REB,OVER,15.5,2200,FanDuel,fanduel,player_rebounds_alternate,the-odds-api,2026-08-22T21:39:37.704148+00:00
2026-08-22,a05ae0cd5516fbbcdd9fda35e698f70d,Indiana Fever @ New York Liberty,2026-08-22T23:00:00Z,New York Liberty,Indiana Fever,Kelsey Mitchell,,3PM,OVER,1.5,-670,FanDuel,fanduel,player_threes_alternate,the-odds-api,2026-08-22T21:39:37.704148+00:00
2026-08-22,a05ae0cd5516fbbcdd9fda35e698f70d,Indiana Fever @ New York Liberty,2026-08-22T23:00:00Z,New York Liberty,Indiana Fever,Caitlin Clark,,3PM,OVER,1.5,-550,FanDuel,fanduel,player_threes_alternate,the-odds-api,2026-08-22T21:39:37.704148+00:00
2026-08-22,a05ae0cd5516fbbcdd9fda35e698f70d,Indiana Fever @ New York Liberty,2026-08-22T23:00:00Z,New York Liberty,Indiana Fever,Sabrina Ionescu,,3PM,OVER,1.5,-260,FanDuel,fanduel,player_threes_alternate,the-odds-api,2026-08-22T21:39:37.704148+00:00
2026-08-22,a05ae0cd5516fbbcdd9fda35e698f70d,Indiana Fever @ New York Liberty,2026-08-22T23:00:00Z,New York Liberty,Indiana Fever,Marine Johannes,,3PM,OVER,1.5,-140,FanDuel,fanduel,player_threes_alternate,the-odds-api,2026-08-22T21:39:37.704148+00:00
2026-08-22,a05ae0cd5516fbbcdd9fda35e698f70d,Indiana Fever @ New York Liberty,2026-08-22T23:00:00Z,New York Liberty,Indiana Fever,Jonquel Jones,,3PM,OVER,1.5,-114,FanDuel,fanduel,player_threes_alternate,the-odds-api,2026-08-22T21:39:37.704148+00:00
2026-08-22,a05ae0cd5516fbbcdd9fda35e698f70d,Indiana Fever @ New York Liberty,2026-08-22T23:00:00Z,New York Liberty,Indiana Fever,Sophie Cunningham,,3PM,OVER,1.5,126,FanDuel,fanduel,player_threes_alternate,the-odds-api,2026-08-22T21:39:37.704148+00:00
2026-08-22,a05ae0cd5516fbbcdd9fda35e698f70d,Indiana Fever @ New York Liberty,2026-08-22T23:00:00Z,New York Liberty,Indiana Fever,Rebecca Allen,,3PM,OVER,1.5,154,FanDuel,fanduel,player_threes_alternate,the-odds-api,2026-08-22T21:39:37.704148+00:00
2026-08-22,a05ae0cd5516fbbcdd9fda35e698f70d,Indiana Fever @ New York Liberty,2026-08-22T23:00:00Z,New York Liberty,Indiana Fever,Leonie Fiebich,,3PM,OVER,1.5,164,FanDuel,fanduel,player_threes_alternate,the-odds-api,2026-08-22T21:39:37.704148+00:00
2026-08-22,a05ae0cd5516fbbcdd9fda35e698f70d,Indiana Fever @ New York Liberty,2026-08-22T23:00:00Z,New York Liberty,Indiana Fever,Breanna Stewart,,3PM,OVER,1.5,225,FanDuel,fanduel,player_threes_alternate,the-odds-api,2026-08-22T21:39:37.704148+00:00
2026-08-22,a05ae0cd5516fbbcdd9fda35e698f70d,Indiana Fever @ New York Liberty,2026-08-22T23:00:00Z,New York Liberty,Indiana Fever,Aliyah Boston,,3PM,OVER,1.5,250,FanDuel,fanduel,player_threes_alternate,the-odds-api,2026-08-22T21:39:37.704148+00:00
2026-08-22,a05ae0cd5516fbbcdd9fda35e698f70d,Indiana Fever @ New York Liberty,2026-08-22T23:00:00Z,New York Liberty,Indiana Fever,Lexie Hull,,3PM,OVER,1.5,370,FanDuel,fanduel,player_threes_alternate,the-odds-api,2026-08-22T21:39:37.704148+00:00
2026-08-22,a05ae0cd5516fbbcdd9fda35e698f70d,Indiana Fever @ New York Liberty,2026-08-22T23:00:00Z,New York Liberty,Indiana Fever,Kelsey Mitchell,,3PM,OVER,3.5,138,FanDuel,fanduel,player_threes_alternate,the-odds-api,2026-08-22T21:39:37.704148+00:00
2026-08-22,a05ae0cd5516fbbcdd9fda35e698f70d,Indiana Fever @ New York Liberty,2026-08-22T23:00:00Z,New York Liberty,Indiana Fever,Caitlin Clark,,3PM,OVER,3.5,162,FanDuel,fanduel,player_threes_alternate,the-odds-api,2026-08-22T21:39:37.704148+00:00
2026-08-22,a05ae0cd5516fbbcdd9fda35e698f70d,Indiana Fever @ New York Liberty,2026-08-22T23:00:00Z,New York Liberty,Indiana Fever,Sabrina Ionescu,,3PM,OVER,3.5,320,FanDuel,fanduel,player_threes_alternate,the-odds-api,2026-08-22T21:39:37.704148+00:00
2026-08-22,a05ae0cd5516fbbcdd9fda35e698f70d,Indiana Fever @ New York Liberty,2026-08-22T23:00:00Z,New York Liberty,Indiana Fever,Marine Johannes,,3PM,OVER,3.5,470,FanDuel,fanduel,player_threes_alternate,the-odds-api,2026-08-22T21:39:37.704148+00:00
2026-08-22,a05ae0cd5516fbbcdd9fda35e698f70d,Indiana Fever @ New York Liberty,2026-08-22T23:00:00Z,New York Liberty,Indiana Fever,Jonquel Jones,,3PM,OVER,3.5,750,FanDuel,fanduel,player_threes_alternate,the-odds-api,2026-08-22T21:39:37.704148+00:00
2026-08-22,a05ae0cd5516fbbcdd9fda35e698f70d,Indiana Fever @ New York Liberty,2026-08-22T23:00:00Z,New York Liberty,Indiana Fever,Sophie Cunningham,,3PM,OVER,3.5,920,FanDuel,fanduel,player_threes_alternate,the-odds-api,2026-08-22T21:39:37.704148+00:00
2026-08-22,a05ae0cd5516fbbcdd9fda35e698f70d,Indiana Fever @ New York Liberty,2026-08-22T23:00:00Z,New York Liberty,Indiana Fever,Rebecca Allen,,3PM,OVER,3.5,1200,FanDuel,fanduel,player_threes_alternate,the-odds-api,2026-08-22T21:39:37.704148+00:00
2026-08-22,a05ae0cd5516fbbcdd9fda35e698f70d,Indiana Fever @ New York Liberty,2026-08-22T23:00:00Z,New York Liberty,Indiana Fever,Leonie Fiebich,,3PM,OVER,3.5,1280,FanDuel,fanduel,player_threes_alternate,the-odds-api,2026-08-22T21:39:37.704148+00:00
2026-08-22,a05ae0cd5516fbbcdd9fda35e698f70d,Indiana Fever @ New York Liberty,2026-08-22T23:00:00Z,New York Liberty,Indiana Fever,Kelsey Mitchell,,3PM,OVER,5.5,640,FanDuel,fanduel,player_threes_alternate,the-odds-api,2026-08-22T21:39:37.704148+00:00
2026-08-22,a05ae0cd5516fbbcdd9fda35e698f70d,Indiana Fever @ New York Liberty,2026-08-22T23:00:00Z,New York Liberty,Indiana Fever,Caitlin Clark,,3PM,OVER,5.5,750,FanDuel,fanduel,player_threes_alternate,the-odds-api,2026-08-22T21:39:37.704148+00:00
2026-08-22,a05ae0cd5516fbbcdd9fda35e698f70d,Indiana Fever @ New York Liberty,2026-08-22T23:00:00Z,New York Liberty,Indiana Fever,Sabrina Ionescu,,3PM,OVER,5.5,1400,FanDuel,fanduel,player_threes_alternate,the-odds-api,2026-08-22T21:39:37.704148+00:00
2026-08-22,a05ae0cd5516fbbcdd9fda35e698f70d,Indiana Fever @ New York Liberty,2026-08-22T23:00:00Z,New York Liberty,Indiana Fever,Kelsey Mitchell,,3PM,OVER,6.5,1260,FanDuel,fanduel,player_threes_alternate,the-odds-api,2026-08-22T21:39:37.704148+00:00
2026-08-22,a05ae0cd5516fbbcdd9fda35e698f70d,Indiana Fever @ New York Liberty,2026-08-22T23:00:00Z,New York Liberty,Indiana Fever,Caitlin Clark,,3PM,OVER,6.5,1400,FanDuel,fanduel,player_threes_alternate,the-odds-api,2026-08-22T21:39:37.704148+00:00
2026-08-22,a05ae0cd5516fbbcdd9fda35e698f70d,Indiana Fever @ New York Liberty,2026-08-22T23:00:00Z,New York Liberty,Indiana Fever,Sabrina Ionescu,,3PM,OVER,0.5,-1800,FanDuel,fanduel,player_threes_alternate,the-odds-api,2026-08-22T21:39:37.704148+00:00
2026-08-22,a05ae0cd5516fbbcdd9fda35e698f70d,Indiana Fever @ New York Liberty,2026-08-22T23:00:00Z,New York Liberty,Indiana Fever,Marine Johannes,,3PM,OVER,0.5,-650,FanDuel,fanduel,player_threes_alternate,the-odds-api,2026-08-22T21:39:37.704148+00:00
2026-08-22,a05ae0cd5516fbbcdd9fda35e698f70d,Indiana Fever @ New York Liberty,2026-08-22T23:00:00Z,New York Liberty,Indiana Fever,Jonquel Jones,,3PM,OVER,0.5,-600,FanDuel,fanduel,player_threes_alternate,the-odds-api,2026-08-22T21:39:37.704148+00:00
2026-08-22,a05ae0cd5516fbbcdd9fda35e698f70d,Indiana Fever @ New York Liberty,2026-08-22T23:00:00Z,New York Liberty,Indiana Fever,Sophie Cunningham,,3PM,OVER,0.5,-400,FanDuel,fanduel,player_threes_alternate,the-odds-api,2026-08-22T21:39:37.704148+00:00
2026-08-22,a05ae0cd5516fbbcdd9fda35e698f70d,Indiana Fever @ New York Liberty,2026-08-22T23:00:00Z,New York Liberty,Indiana Fever,Rebecca Allen,,3PM,OVER,0.5,-320,FanDuel,fanduel,player_threes_alternate,the-odds-api,2026-08-22T21:39:37.704148+00:00
2026-08-22,a05ae0cd5516fbbcdd9fda35e698f70d,Indiana Fever @ New York Liberty,2026-08-22T23:00:00Z,New York Liberty,Indiana Fever,Leonie Fiebich,,3PM,OVER,0.5,-310,FanDuel,fanduel,player_threes_alternate,the-odds-api,2026-08-22T21:39:37.704148+00:00
2026-08-22,a05ae0cd5516fbbcdd9fda35e698f70d,Indiana Fever @ New York Liberty,2026-08-22T23:00:00Z,New York Liberty,Indiana Fever,Breanna Stewart,,3PM,OVER,0.5,-225,FanDuel,fanduel,player_threes_alternate,the-odds-api,2026-08-22T21:39:37.704148+00:00
2026-08-22,a05ae0cd5516fbbcdd9fda35e698f70d,Indiana Fever @ New York Liberty,2026-08-22T23:00:00Z,New York Liberty,Indiana Fever,Aliyah Boston,,3PM,OVER,0.5,-205,FanDuel,fanduel,player_threes_alternate,the-odds-api,2026-08-22T21:39:37.704148+00:00
2026-08-22,a05ae0cd5516fbbcdd9fda35e698f70d,Indiana Fever @ New York Liberty,2026-08-22T23:00:00Z,New York Liberty,Indiana Fever,Lexie Hull,,3PM,OVER,0.5,-132,FanDuel,fanduel,player_threes_alternate,the-odds-api,2026-08-22T21:39:37.704148+00:00
2026-08-22,a05ae0cd5516fbbcdd9fda35e698f70d,Indiana Fever @ New York Liberty,2026-08-22T23:00:00Z,New York Liberty,Indiana Fever,Kelsey Mitchell,,3PM,OVER,4.5,310,FanDuel,fanduel,player_threes_alternate,the-odds-api,2026-08-22T21:39:37.704148+00:00
2026-08-22,a05ae0cd5516fbbcdd9fda35e698f70d,Indiana Fever @ New York Liberty,2026-08-22T23:00:00Z,New York Liberty,Indiana Fever,Caitlin Clark,,3PM,OVER,4.5,370,FanDuel,fanduel,player_threes_alternate,the-odds-api,2026-08-22T21:39:37.704148+00:00
2026-08-22,a05ae0cd5516fbbcdd9fda35e698f70d,Indiana Fever @ New York Liberty,2026-08-22T23:00:00Z,New York Liberty,Indiana Fever,Sabrina Ionescu,,3PM,OVER,4.5,750,FanDuel,fanduel,player_threes_alternate,the-odds-api,2026-08-22T21:39:37.704148+00:00
2026-08-22,a05ae0cd5516fbbcdd9fda35e698f70d,Indiana Fever @ New York Liberty,2026-08-22T23:00:00Z,New York Liberty,Indiana Fever,Marine Johannes,,3PM,OVER,4.5,920,FanDuel,fanduel,player_threes_alternate,the-odds-api,2026-08-22T21:39:37.704148+00:00
2026-08-22,a05ae0cd5516fbbcdd9fda35e698f70d,Indiana Fever @ New York Liberty,2026-08-22T23:00:00Z,New York Liberty,Indiana Fever,Kelsey Mitchell,,3PM,OVER,2.5,-194,FanDuel,fanduel,player_threes_alternate,the-odds-api,2026-08-22T21:39:37.704148+00:00
2026-08-22,a05ae0cd5516fbbcdd9fda35e698f70d,Indiana Fever @ New York Liberty,2026-08-22T23:00:00Z,New York Liberty,Indiana Fever,Caitlin Clark,,3PM,OVER,2.5,-160,FanDuel,fanduel,player_threes_alternate,the-odds-api,2026-08-22T21:39:37.704148+00:00
2026-08-22,a05ae0cd5516fbbcdd9fda35e698f70d,Indiana Fever @ New York Liberty,2026-08-22T23:00:00Z,New York Liberty,Indiana Fever,Sabrina Ionescu,,3PM,OVER,2.5,124,FanDuel,fanduel,player_threes_alternate,the-odds-api,2026-08-22T21:39:37.704148+00:00
2026-08-22,a05ae0cd5516fbbcdd9fda35e698f70d,Indiana Fever @ New York Liberty,2026-08-22T23:00:00Z,New York Liberty,Indiana Fever,Marine Johannes,,3PM,OVER,2.5,205,FanDuel,fanduel,player_threes_alternate,the-odds-api,2026-08-22T21:39:37.704148+00:00
2026-08-22,a05ae0cd5516fbbcdd9fda35e698f70d,Indiana Fever @ New York Liberty,2026-08-22T23:00:00Z,New York Liberty,Indiana Fever,Jonquel Jones,,3PM,OVER,2.5,280,FanDuel,fanduel,player_threes_alternate,the-odds-api,2026-08-22T21:39:37.704148+00:00
2026-08-22,a05ae0cd5516fbbcdd9fda35e698f70d,Indiana Fever @ New York Liberty,2026-08-22T23:00:00Z,New York Liberty,Indiana Fever,Sophie Cunningham,,3PM,OVER,2.5,390,FanDuel,fanduel,player_threes_alternate,the-odds-api,2026-08-22T21:39:37.704148+00:00
2026-08-22,a05ae0cd5516fbbcdd9fda35e698f70d,Indiana Fever @ New York Liberty,2026-08-22T23:00:00Z,New York Liberty,Indiana Fever,Rebecca Allen,,3PM,OVER,2.5,490,FanDuel,fanduel,player_threes_alternate,the-odds-api,2026-08-22T21:39:37.704148+00:00
2026-08-22,a05ae0cd5516fbbcdd9fda35e698f70d,Indiana Fever @ New York Liberty,2026-08-22T23:00:00Z,New York Liberty,Indiana Fever,Leonie Fiebich,,3PM,OVER,2.5,520,FanDuel,fanduel,player_threes_alternate,the-odds-api,2026-08-22T21:39:37.704148+00:00
2026-08-22,a05ae0cd5516fbbcdd9fda35e698f70d,Indiana Fever @ New York Liberty,2026-08-22T23:00:00Z,New York Liberty,Indiana Fever,Breanna Stewart,,3PM,OVER,2.5,750,FanDuel,fanduel,player_threes_alternate,the-odds-api,2026-08-22T21:39:37.704148+00:00
2026-08-22,a05ae0cd5516fbbcdd9fda35e698f70d,Indiana Fever @ New York Liberty,2026-08-22T23:00:00Z,New York Liberty,Indiana Fever,Aliyah Boston,,3PM,OVER,2.5,850,FanDuel,fanduel,player_threes_alternate,the-odds-api,2026-08-22T21:39:37.704148+00:00
2026-08-22,a05ae0cd5516fbbcdd9fda35e698f70d,Indiana Fever @ New York Liberty,2026-08-22T23:00:00Z,New York Liberty,Indiana Fever,Pauline Astier,,AST,OVER,1.5,-450,Fanatics,fanatics,player_assists_alternate,the-odds-api,2026-08-22T21:39:37.704148+00:00
2026-08-22,a05ae0cd5516fbbcdd9fda35e698f70d,Indiana Fever @ New York Liberty,2026-08-22T23:00:00Z,New York Liberty,Indiana Fever,Pauline Astier,,AST,OVER,2.5,-145,Fanatics,fanatics,player_assists_alternate,the-odds-api,2026-08-22T21:39:37.704148+00:00
2026-08-22,a05ae0cd5516fbbcdd9fda35e698f70d,Indiana Fever @ New York Liberty,2026-08-22T23:00:00Z,New York Liberty,Indiana Fever,Pauline Astier,,AST,OVER,3.5,150,Fanatics,fanatics,player_assists_alternate,the-odds-api,2026-08-22T21:39:37.704148+00:00
2026-08-22,a05ae0cd5516fbbcdd9fda35e698f70d,Indiana Fever @ New York Liberty,2026-08-22T23:00:00Z,New York Liberty,Indiana Fever,Pauline Astier,,AST,OVER,4.5,300,Fanatics,fanatics,player_assists_alternate,the-odds-api,2026-08-22T21:39:37.704148+00:00
2026-08-22,a05ae0cd5516fbbcdd9fda35e698f70d,Indiana Fever @ New York Liberty,2026-08-22T23:00:00Z,New York Liberty,Indiana Fever,Pauline Astier,,AST,OVER,5.5,650,Fanatics,fanatics,player_assists_alternate,the-odds-api,2026-08-22T21:39:37.704148+00:00
2026-08-22,a05ae0cd5516fbbcdd9fda35e698f70d,Indiana Fever @ New York Liberty,2026-08-22T23:00:00Z,New York Liberty,Indiana Fever,Sabrina Ionescu,,AST,OVER,2.5,-1100,Fanatics,fanatics,player_assists_alternate,the-odds-api,2026-08-22T21:39:37.704148+00:00
2026-08-22,a05ae0cd5516fbbcdd9fda35e698f70d,Indiana Fever @ New York Liberty,2026-08-22T23:00:00Z,New York Liberty,Indiana Fever,Sabrina Ionescu,,AST,OVER,3.5,-450,Fanatics,fanatics,player_assists_alternate,the-odds-api,2026-08-22T21:39:37.704148+00:00
2026-08-22,a05ae0cd5516fbbcdd9fda35e698f70d,Indiana Fever @ New York Liberty,2026-08-22T23:00:00Z,New York Liberty,Indiana Fever,Sabrina Ionescu,,AST,OVER,4.5,-210,Fanatics,fanatics,player_assists_alternate,the-odds-api,2026-08-22T21:39:37.704148+00:00
2026-08-22,a05ae0cd5516fbbcdd9fda35e698f70d,Indiana Fever @ New York Liberty,2026-08-22T23:00:00Z,New York Liberty,Indiana Fever,Sabrina Ionescu,,AST,OVER,5.5,-105,Fanatics,fanatics,player_assists_alternate,the-odds-api,2026-08-22T21:39:37.704148+00:00
2026-08-22,a05ae0cd5516fbbcdd9fda35e698f70d,Indiana Fever @ New York Liberty,2026-08-22T23:00:00Z,New York Liberty,Indiana Fever,Sabrina Ionescu,,AST,OVER,6.5,155,Fanatics,fanatics,player_assists_alternate,the-odds-api,2026-08-22T21:39:37.704148+00:00
2026-08-22,a05ae0cd5516fbbcdd9fda35e698f70d,Indiana Fever @ New York Liberty,2026-08-22T23:00:00Z,New York Liberty,Indiana Fever,Sabrina Ionescu,,AST,OVER,7.5,290,Fanatics,fanatics,player_assists_alternate,the-odds-api,2026-08-22T21:39:37.704148+00:00
2026-08-22,a05ae0cd5516fbbcdd9fda35e698f70d,Indiana Fever @ New York Liberty,2026-08-22T23:00:00Z,New York Liberty,Indiana Fever,Sabrina Ionescu,,AST,OVER,8.5,425,Fanatics,fanatics,player_assists_alternate,the-odds-api,2026-08-22T21:39:37.704148+00:00
2026-08-22,a05ae0cd5516fbbcdd9fda35e698f70d,Indiana Fever @ New York Liberty,2026-08-22T23:00:00Z,New York Liberty,Indiana Fever,Sabrina Ionescu,,AST,OVER,9.5,800,Fanatics,fanatics,player_assists_alternate,the-odds-api,2026-08-22T21:39:37.704148+00:00
2026-08-22,a05ae0cd5516fbbcdd9fda35e698f70d,Indiana Fever @ New York Liberty,2026-08-22T23:00:00Z,New York Liberty,Indiana Fever,Breanna Stewart,,AST,OVER,1.5,-800,Fanatics,fanatics,player_assists_alternate,the-odds-api,2026-08-22T21:39:37.704148+00:00
2026-08-22,a05ae0cd5516fbbcdd9fda35e698f70d,Indiana Fever @ New York Liberty,2026-08-22T23:00:00Z,New York Liberty,Indiana Fever,Breanna Stewart,,AST,OVER,2.5,-275,Fanatics,fanatics,player_assists_alternate,the-odds-api,2026-08-22T21:39:37.704148+00:00
2026-08-22,a05ae0cd5516fbbcdd9fda35e698f70d,Indiana Fever @ New York Liberty,2026-08-22T23:00:00Z,New York Liberty,Indiana Fever,Breanna Stewart,,AST,OVER,3.5,-115,Fanatics,fanatics,player_assists_alternate,the-odds-api,2026-08-22T21:39:37.704148+00:00
2026-08-22,a05ae0cd5516fbbcdd9fda35e698f70d,Indiana Fever @ New York Liberty,2026-08-22T23:00:00Z,New York Liberty,Indiana Fever,Breanna Stewart,,AST,OVER,4.5,170,Fanatics,fanatics,player_assists_alternate,the-odds-api,2026-08-22T21:39:37.704148+00:00
2026-08-22,a05ae0cd5516fbbcdd9fda35e698f70d,Indiana Fever @ New York Liberty,2026-08-22T23:00:00Z,New York Liberty,Indiana Fever,Breanna Stewart,,AST,OVER,5.5,320,Fanatics,fanatics,player_assists_alternate,the-odds-api,2026-08-22T21:39:37.704148+00:00
2026-08-22,a05ae0cd5516fbbcdd9fda35e698f70d,Indiana Fever @ New York Liberty,2026-08-22T23:00:00Z,New York Liberty,Indiana Fever,Breanna Stewart,,AST,OVER,6.5,650,Fanatics,fanatics,player_assists_alternate,the-odds-api,2026-08-22T21:39:37.704148+00:00
2026-08-22,a05ae0cd5516fbbcdd9fda35e698f70d,Indiana Fever @ New York Liberty,2026-08-22T23:00:00Z,New York Liberty,Indiana Fever,Kelsey Mitchell,,AST,OVER,1.5,-250,Fanatics,fanatics,player_assists_alternate,the-odds-api,2026-08-22T21:39:37.704148+00:00
2026-08-22,a05ae0cd5516fbbcdd9fda35e698f70d,Indiana Fever @ New York Liberty,2026-08-22T23:00:00Z,New York Liberty,Indiana Fever,Kelsey Mitchell,,AST,OVER,2.5,120,Fanatics,fanatics,player_assists_alternate,the-odds-api,2026-08-22T21:39:37.704148+00:00
2026-08-22,a05ae0cd5516fbbcdd9fda35e698f70d,Indiana Fever @ New York Liberty,2026-08-22T23:00:00Z,New York Liberty,Indiana Fever,Kelsey Mitchell,,AST,OVER,3.5,270,Fanatics,fanatics,player_assists_alternate,the-odds-api,2026-08-22T21:39:37.704148+00:00
2026-08-22,a05ae0cd5516fbbcdd9fda35e698f70d,Indiana Fever @ New York Liberty,2026-08-22T23:00:00Z,New York Liberty,Indiana Fever,Kelsey Mitchell,,AST,OVER,4.5,600,Fanatics,fanatics,player_assists_alternate,the-odds-api,2026-08-22T21:39:37.704148+00:00
2026-08-22,a05ae0cd5516fbbcdd9fda35e698f70d,Indiana Fever @ New York Liberty,2026-08-22T23:00:00Z,New York Liberty,Indiana Fever,Caitlin Clark,,AST,OVER,4.5,-2000,Fanatics,fanatics,player_assists_alternate,the-odds-api,2026-08-22T21:39:37.704148+00:00
2026-08-22,a05ae0cd5516fbbcdd9fda35e698f70d,Indiana Fever @ New York Liberty,2026-08-22T23:00:00Z,New York Liberty,Indiana Fever,Caitlin Clark,,AST,OVER,5.5,-1000,Fanatics,fanatics,player_assists_alternate,the-odds-api,2026-08-22T21:39:37.704148+00:00
2026-08-22,a05ae0cd5516fbbcdd9fda35e698f70d,Indiana Fever @ New York Liberty,2026-08-22T23:00:00Z,New York Liberty,Indiana Fever,Caitlin Clark,,AST,OVER,6.5,-475,Fanatics,fanatics,player_assists_alternate,the-odds-api,2026-08-22T21:39:37.704148+00:00
2026-08-22,a05ae0cd5516fbbcdd9fda35e698f70d,Indiana Fever @ New York Liberty,2026-08-22T23:00:00Z,New York Liberty,Indiana Fever,Caitlin Clark,,AST,OVER,7.5,-275,Fanatics,fanatics,player_assists_alternate,the-odds-api,2026-08-22T21:39:37.704148+00:00
2026-08-22,a05ae0cd5516fbbcdd9fda35e698f70d,Indiana Fever @ New York Liberty,2026-08-22T23:00:00Z,New York Liberty,Indiana Fever,Caitlin Clark,,AST,OVER,8.5,-150,Fanatics,fanatics,player_assists_alternate,the-odds-api,2026-08-22T21:39:37.704148+00:00
2026-08-22,a05ae0cd5516fbbcdd9fda35e698f70d,Indiana Fever @ New York Liberty,2026-08-22T23:00:00Z,New York Liberty,Indiana Fever,Caitlin Clark,,AST,OVER,9.5,115,Fanatics,fanatics,player_assists_alternate,the-odds-api,2026-08-22T21:39:37.704148+00:00
2026-08-22,a05ae0cd5516fbbcdd9fda35e698f70d,Indiana Fever @ New York Liberty,2026-08-22T23:00:00Z,New York Liberty,Indiana Fever,Caitlin Clark,,AST,OVER,10.5,160,Fanatics,fanatics,player_assists_alternate,the-odds-api,2026-08-22T21:39:37.704148+00:00
2026-08-22,a05ae0cd5516fbbcdd9fda35e698f70d,Indiana Fever @ New York Liberty,2026-08-22T23:00:00Z,New York Liberty,Indiana Fever,Caitlin Clark,,AST,OVER,11.5,240,Fanatics,fanatics,player_assists_alternate,the-odds-api,2026-08-22T21:39:37.704148+00:00
2026-08-22,a05ae0cd5516fbbcdd9fda35e698f70d,Indiana Fever @ New York Liberty,2026-08-22T23:00:00Z,New York Liberty,Indiana Fever,Caitlin Clark,,AST,OVER,12.5,375,Fanatics,fanatics,player_assists_alternate,the-odds-api,2026-08-22T21:39:37.704148+00:00
2026-08-22,a05ae0cd5516fbbcdd9fda35e698f70d,Indiana Fever @ New York Liberty,2026-08-22T23:00:00Z,New York Liberty,Indiana Fever,Caitlin Clark,,AST,OVER,13.5,600,Fanatics,fanatics,player_assists_alternate,the-odds-api,2026-08-22T21:39:37.704148+00:00
2026-08-22,a05ae0cd5516fbbcdd9fda35e698f70d,Indiana Fever @ New York Liberty,2026-08-22T23:00:00Z,New York Liberty,Indiana Fever,Caitlin Clark,,AST,OVER,14.5,900,Fanatics,fanatics,player_assists_alternate,the-odds-api,2026-08-22T21:39:37.704148+00:00
2026-08-22,a05ae0cd5516fbbcdd9fda35e698f70d,Indiana Fever @ New York Liberty,2026-08-22T23:00:00Z,New York Liberty,Indiana Fever,Aliyah Boston,,AST,OVER,1.5,-525,Fanatics,fanatics,player_assists_alternate,the-odds-api,2026-08-22T21:39:37.704148+00:00
2026-08-22,a05ae0cd5516fbbcdd9fda35e698f70d,Indiana Fever @ New York Liberty,2026-08-22T23:00:00Z,New York Liberty,Indiana Fever,Aliyah Boston,,AST,OVER,2.5,-175,Fanatics,fanatics,player_assists_alternate,the-odds-api,2026-08-22T21:39:37.704148+00:00
2026-08-22,a05ae0cd5516fbbcdd9fda35e698f70d,Indiana Fever @ New York Liberty,2026-08-22T23:00:00Z,New York Liberty,Indiana Fever,Aliyah Boston,,AST,OVER,3.5,130,Fanatics,fanatics,player_assists_alternate,the-odds-api,2026-08-22T21:39:37.704148+00:00
2026-08-22,a05ae0cd5516fbbcdd9fda35e698f70d,Indiana Fever @ New York Liberty,2026-08-22T23:00:00Z,New York Liberty,Indiana Fever,Aliyah Boston,,AST,OVER,4.5,270,Fanatics,fanatics,player_assists_alternate,the-odds-api,2026-08-22T21:39:37.704148+00:00
2026-08-22,a05ae0cd5516fbbcdd9fda35e698f70d,Indiana Fever @ New York Liberty,2026-08-22T23:00:00Z,New York Liberty,Indiana Fever,Aliyah Boston,,AST,OVER,5.5,500,Fanatics,fanatics,player_assists_alternate,the-odds-api,2026-08-22T21:39:37.704148+00:00
2026-08-22,a05ae0cd5516fbbcdd9fda35e698f70d,Indiana Fever @ New York Liberty,2026-08-22T23:00:00Z,New York Liberty,Indiana Fever,Jonquel Jones,,AST,OVER,1.5,-350,Fanatics,fanatics,player_assists_alternate,the-odds-api,2026-08-22T21:39:37.704148+00:00
2026-08-22,a05ae0cd5516fbbcdd9fda35e698f70d,Indiana Fever @ New York Liberty,2026-08-22T23:00:00Z,New York Liberty,Indiana Fever,Jonquel Jones,,AST,OVER,2.5,-110,Fanatics,fanatics,player_assists_alternate,the-odds-api,2026-08-22T21:39:37.704148+00:00
2026-08-22,a05ae0cd5516fbbcdd9fda35e698f70d,Indiana Fever @ New York Liberty,2026-08-22T23:00:00Z,New York Liberty,Indiana Fever,Jonquel Jones,,AST,OVER,3.5,200,Fanatics,fanatics,player_assists_alternate,the-odds-api,2026-08-22T21:39:37.704148+00:00
2026-08-22,a05ae0cd5516fbbcdd9fda35e698f70d,Indiana Fever @ New York Liberty,2026-08-22T23:00:00Z,New York Liberty,Indiana Fever,Jonquel Jones,,AST,OVER,4.5,400,Fanatics,fanatics,player_assists_alternate,the-odds-api,2026-08-22T21:39:37.704148+00:00
2026-08-22,a05ae0cd5516fbbcdd9fda35e698f70d,Indiana Fever @ New York Liberty,2026-08-22T23:00:00Z,New York Liberty,Indiana Fever,Jonquel Jones,,AST,OVER,5.5,850,Fanatics,fanatics,player_assists_alternate,the-odds-api,2026-08-22T21:39:37.704148+00:00
2026-08-22,a05ae0cd5516fbbcdd9fda35e698f70d,Indiana Fever @ New York Liberty,2026-08-22T23:00:00Z,New York Liberty,Indiana Fever,Rebecca Allen,,PTS,OVER,4.5,-325,Fanatics,fanatics,player_points_alternate,the-odds-api,2026-08-22T21:39:37.704148+00:00
2026-08-22,a05ae0cd5516fbbcdd9fda35e698f70d,Indiana Fever @ New York Liberty,2026-08-22T23:00:00Z,New York Liberty,Indiana Fever,Rebecca Allen,,PTS,OVER,5.5,-210,Fanatics,fanatics,player_points_alternate,the-odds-api,2026-08-22T21:39:37.704148+00:00
2026-08-22,a05ae0cd5516fbbcdd9fda35e698f70d,Indiana Fever @ New York Liberty,2026-08-22T23:00:00Z,New York Liberty,Indiana Fever,Rebecca Allen,,PTS,OVER,6.5,-130,Fanatics,fanatics,player_points_alternate,the-odds-api,2026-08-22T21:39:37.704148+00:00
2026-08-22,a05ae0cd5516fbbcdd9fda35e698f70d,Indiana Fever @ New York Liberty,2026-08-22T23:00:00Z,New York Liberty,Indiana Fever,Rebecca Allen,,PTS,OVER,7.5,110,Fanatics,fanatics,player_points_alternate,the-odds-api,2026-08-22T21:39:37.704148+00:00
2026-08-22,a05ae0cd5516fbbcdd9fda35e698f70d,Indiana Fever @ New York Liberty,2026-08-22T23:00:00Z,New York Liberty,Indiana Fever,Rebecca Allen,,PTS,OVER,8.5,140,Fanatics,fanatics,player_points_alternate,the-odds-api,2026-08-22T21:39:37.704148+00:00
2026-08-22,a05ae0cd5516fbbcdd9fda35e698f70d,Indiana Fever @ New York Liberty,2026-08-22T23:00:00Z,New York Liberty,Indiana Fever,Rebecca Allen,,PTS,OVER,9.5,190,Fanatics,fanatics,player_points_alternate,the-odds-api,2026-08-22T21:39:37.704148+00:00
2026-08-22,a05ae0cd5516fbbcdd9fda35e698f70d,Indiana Fever @ New York Liberty,2026-08-22T23:00:00Z,New York Liberty,Indiana Fever,Rebecca Allen,,PTS,OVER,10.5,260,Fanatics,fanatics,player_points_alternate,the-odds-api,2026-08-22T21:39:37.704148+00:00
2026-08-22,a05ae0cd5516fbbcdd9fda35e698f70d,Indiana Fever @ New York Liberty,2026-08-22T23:00:00Z,New York Liberty,Indiana Fever,Rebecca Allen,,PTS,OVER,11.5,340,Fanatics,fanatics,player_points_alternate,the-odds-api,2026-08-22T21:39:37.704148+00:00
2026-08-22,a05ae0cd5516fbbcdd9fda35e698f70d,Indiana Fever @ New York Liberty,2026-08-22T23:00:00Z,New York Liberty,Indiana Fever,Rebecca Allen,,PTS,OVER,12.5,425,Fanatics,fanatics,player_points_alternate,the-odds-api,2026-08-22T21:39:37.704148+00:00
2026-08-22,a05ae0cd5516fbbcdd9fda35e698f70d,Indiana Fever @ New York Liberty,2026-08-22T23:00:00Z,New York Liberty,Indiana Fever,Rebecca Allen,,PTS,OVER,13.5,600,Fanatics,fanatics,player_points_alternate,the-odds-api,2026-08-22T21:39:37.704148+00:00
2026-08-22,a05ae0cd5516fbbcdd9fda35e698f70d,Indiana Fever @ New York Liberty,2026-08-22T23:00:00Z,New York Liberty,Indiana Fever,Rebecca Allen,,PTS,OVER,14.5,850,Fanatics,fanatics,player_points_alternate,the-odds-api,2026-08-22T21:39:37.704148+00:00
2026-08-22,a05ae0cd5516fbbcdd9fda35e698f70d,Indiana Fever @ New York Liberty,2026-08-22T23:00:00Z,New York Liberty,Indiana Fever,Rebecca Allen,,PTS,OVER,15.5,1000,Fanatics,fanatics,player_points_alternate,the-odds-api,2026-08-22T21:39:37.704148+00:00
2026-08-22,a05ae0cd5516fbbcdd9fda35e698f70d,Indiana Fever @ New York Liberty,2026-08-22T23:00:00Z,New York Liberty,Indiana Fever,Rebecca Allen,,PTS,OVER,16.5,1200,Fanatics,fanatics,player_points_alternate,the-odds-api,2026-08-22T21:39:37.704148+00:00
2026-08-22,a05ae0cd5516fbbcdd9fda35e698f70d,Indiana Fever @ New York Liberty,2026-08-22T23:00:00Z,New York Liberty,Indiana Fever,Sabrina Ionescu,,PTS,OVER,8.5,-1800,Fanatics,fanatics,player_points_alternate,the-odds-api,2026-08-22T21:39:37.704148+00:00
2026-08-22,a05ae0cd5516fbbcdd9fda35e698f70d,Indiana Fever @ New York Liberty,2026-08-22T23:00:00Z,New York Liberty,Indiana Fever,Sabrina Ionescu,,PTS,OVER,9.5,-1400,Fanatics,fanatics,player_points_alternate,the-odds-api,2026-08-22T21:39:37.704148+00:00
2026-08-22,a05ae0cd5516fbbcdd9fda35e698f70d,Indiana Fever @ New York Liberty,2026-08-22T23:00:00Z,New York Liberty,Indiana Fever,Sabrina Ionescu,,PTS,OVER,10.5,-1000,Fanatics,fanatics,player_points_alternate,the-odds-api,2026-08-22T21:39:37.704148+00:00
2026-08-22,a05ae0cd5516fbbcdd9fda35e698f70d,Indiana Fever @ New York Liberty,2026-08-22T23:00:00Z,New York Liberty,Indiana Fever,Sabrina Ionescu,,PTS,OVER,11.5,-700,Fanatics,fanatics,player_points_alternate,the-odds-api,2026-08-22T21:39:37.704148+00:00
2026-08-22,a05ae0cd5516fbbcdd9fda35e698f70d,Indiana Fever @ New York Liberty,2026-08-22T23:00:00Z,New York Liberty,Indiana Fever,Sabrina Ionescu,,PTS,OVER,12.5,-525,Fanatics,fanatics,player_points_alternate,the-odds-api,2026-08-22T21:39:37.704148+00:00
2026-08-22,a05ae0cd5516fbbcdd9fda35e698f70d,Indiana Fever @ New York Liberty,2026-08-22T23:00:00Z,New York Liberty,Indiana Fever,Sabrina Ionescu,,PTS,OVER,13.5,-375,Fanatics,fanatics,player_points_alternate,the-odds-api,2026-08-22T21:39:37.704148+00:00
2026-08-22,a05ae0cd5516fbbcdd9fda35e698f70d,Indiana Fever @ New York Liberty,2026-08-22T23:00:00Z,New York Liberty,Indiana Fever,Sabrina Ionescu,,PTS,OVER,14.5,-300,Fanatics,fanatics,player_points_alternate,the-odds-api,2026-08-22T21:39:37.704148+00:00
2026-08-22,a05ae0cd5516fbbcdd9fda35e698f70d,Indiana Fever @ New York Liberty,2026-08-22T23:00:00Z,New York Liberty,Indiana Fever,Sabrina Ionescu,,PTS,OVER,15.5,-225,Fanatics,fanatics,player_points_alternate,the-odds-api,2026-08-22T21:39:37.704148+00:00
2026-08-22,a05ae0cd5516fbbcdd9fda35e698f70d,Indiana Fever @ New York Liberty,2026-08-22T23:00:00Z,New York Liberty,Indiana Fever,Sabrina Ionescu,,PTS,OVER,16.5,-165,Fanatics,fanatics,player_points_alternate,the-odds-api,2026-08-22T21:39:37.704148+00:00
2026-08-22,a05ae0cd5516fbbcdd9fda35e698f70d,Indiana Fever @ New York Liberty,2026-08-22T23:00:00Z,New York Liberty,Indiana Fever,Sabrina Ionescu,,PTS,OVER,17.5,-125,Fanatics,fanatics,player_points_alternate,the-odds-api,2026-08-22T21:39:37.704148+00:00
2026-08-22,a05ae0cd5516fbbcdd9fda35e698f70d,Indiana Fever @ New York Liberty,2026-08-22T23:00:00Z,New York Liberty,Indiana Fever,Sabrina Ionescu,,PTS,OVER,18.5,100,Fanatics,fanatics,player_points_alternate,the-odds-api,2026-08-22T21:39:37.704148+00:00
2026-08-22,a05ae0cd5516fbbcdd9fda35e698f70d,Indiana Fever @ New York Liberty,2026-08-22T23:00:00Z,New York Liberty,Indiana Fever,Sabrina Ionescu,,PTS,OVER,19.5,120,Fanatics,fanatics,player_points_alternate,the-odds-api,2026-08-22T21:39:37.704148+00:00
2026-08-22,a05ae0cd5516fbbcdd9fda35e698f70d,Indiana Fever @ New York Liberty,2026-08-22T23:00:00Z,New York Liberty,Indiana Fever,Sabrina Ionescu,,PTS,OVER,20.5,140,Fanatics,fanatics,player_points_alternate,the-odds-api,2026-08-22T21:39:37.704148+00:00
2026-08-22,a05ae0cd5516fbbcdd9fda35e698f70d,Indiana Fever @ New York Liberty,2026-08-22T23:00:00Z,New York Liberty,Indiana Fever,Sabrina Ionescu,,PTS,OVER,21.5,170,Fanatics,fanatics,player_points_alternate,the-odds-api,2026-08-22T21:39:37.704148+00:00
2026-08-22,a05ae0cd5516fbbcdd9fda35e698f70d,Indiana Fever @ New York Liberty,2026-08-22T23:00:00Z,New York Liberty,Indiana Fever,Sabrina Ionescu,,PTS,OVER,22.5,200,Fanatics,fanatics,player_points_alternate,the-odds-api,2026-08-22T21:39:37.704148+00:00
2026-08-22,a05ae0cd5516fbbcdd9fda35e698f70d,Indiana Fever @ New York Liberty,2026-08-22T23:00:00Z,New York Liberty,Indiana Fever,Sabrina Ionescu,,PTS,OVER,23.5,260,Fanatics,fanatics,player_points_alternate,the-odds-api,2026-08-22T21:39:37.704148+00:00
2026-08-22,a05ae0cd5516fbbcdd9fda35e698f70d,Indiana Fever @ New York Liberty,2026-08-22T23:00:00Z,New York Liberty,Indiana Fever,Sabrina Ionescu,,PTS,OVER,24.5,300,Fanatics,fanatics,player_points_alternate,the-odds-api,2026-08-22T21:39:37.704148+00:00
2026-08-22,a05ae0cd5516fbbcdd9fda35e698f70d,Indiana Fever @ New York Liberty,2026-08-22T23:00:00Z,New York Liberty,Indiana Fever,Sabrina Ionescu,,PTS,OVER,25.5,350,Fanatics,fanatics,player_points_alternate,the-odds-api,2026-08-22T21:39:37.704148+00:00
2026-08-22,a05ae0cd5516fbbcdd9fda35e698f70d,Indiana Fever @ New York Liberty,2026-08-22T23:00:00Z,New York Liberty,Indiana Fever,Sabrina Ionescu,,PTS,OVER,26.5,425,Fanatics,fanatics,player_points_alternate,the-odds-api,2026-08-22T21:39:37.704148+00:00
2026-08-22,a05ae0cd5516fbbcdd9fda35e698f70d,Indiana Fever @ New York Liberty,2026-08-22T23:00:00Z,New York Liberty,Indiana Fever,Sabrina Ionescu,,PTS,OVER,27.5,500,Fanatics,fanatics,player_points_alternate,the-odds-api,2026-08-22T21:39:37.704148+00:00
2026-08-22,a05ae0cd5516fbbcdd9fda35e698f70d,Indiana Fever @ New York Liberty,2026-08-22T23:00:00Z,New York Liberty,Indiana Fever,Sabrina Ionescu,,PTS,OVER,28.5,650,Fanatics,fanatics,player_points_alternate,the-odds-api,2026-08-22T21:39:37.704148+00:00
2026-08-22,a05ae0cd5516fbbcdd9fda35e698f70d,Indiana Fever @ New York Liberty,2026-08-22T23:00:00Z,New York Liberty,Indiana Fever,Sabrina Ionescu,,PTS,OVER,29.5,850,Fanatics,fanatics,player_points_alternate,the-odds-api,2026-08-22T21:39:37.704148+00:00
2026-08-22,a05ae0cd5516fbbcdd9fda35e698f70d,Indiana Fever @ New York Liberty,2026-08-22T23:00:00Z,New York Liberty,Indiana Fever,Sabrina Ionescu,,PTS,OVER,30.5,950,Fanatics,fanatics,player_points_alternate,the-odds-api,2026-08-22T21:39:37.704148+00:00
2026-08-22,a05ae0cd5516fbbcdd9fda35e698f70d,Indiana Fever @ New York Liberty,2026-08-22T23:00:00Z,New York Liberty,Indiana Fever,Sabrina Ionescu,,PTS,OVER,31.5,1100,Fanatics,fanatics,player_points_alternate,the-odds-api,2026-08-22T21:39:37.704148+00:00
2026-08-22,a05ae0cd5516fbbcdd9fda35e698f70d,Indiana Fever @ New York Liberty,2026-08-22T23:00:00Z,New York Liberty,Indiana Fever,Sabrina Ionescu,,PTS,OVER,32.5,1200,Fanatics,fanatics,player_points_alternate,the-odds-api,2026-08-22T21:39:37.704148+00:00
2026-08-22,a05ae0cd5516fbbcdd9fda35e698f70d,Indiana Fever @ New York Liberty,2026-08-22T23:00:00Z,New York Liberty,Indiana Fever,Pauline Astier,,PTS,OVER,4.5,-400,Fanatics,fanatics,player_points_alternate,the-odds-api,2026-08-22T21:39:37.704148+00:00
2026-08-22,a05ae0cd5516fbbcdd9fda35e698f70d,Indiana Fever @ New York Liberty,2026-08-22T23:00:00Z,New York Liberty,Indiana Fever,Pauline Astier,,PTS,OVER,5.5,-275,Fanatics,fanatics,player_points_alternate,the-odds-api,2026-08-22T21:39:37.704148+00:00
2026-08-22,a05ae0cd5516fbbcdd9fda35e698f70d,Indiana Fever @ New York Liberty,2026-08-22T23:00:00Z,New York Liberty,Indiana Fever,Pauline Astier,,PTS,OVER,6.5,-165,Fanatics,fanatics,player_points_alternate,the-odds-api,2026-08-22T21:39:37.704148+00:00
2026-08-22,a05ae0cd5516fbbcdd9fda35e698f70d,Indiana Fever @ New York Liberty,2026-08-22T23:00:00Z,New York Liberty,Indiana Fever,Pauline Astier,,PTS,OVER,7.5,100,Fanatics,fanatics,player_points_alternate,the-odds-api,2026-08-22T21:39:37.704148+00:00
2026-08-22,a05ae0cd5516fbbcdd9fda35e698f70d,Indiana Fever @ New York Liberty,2026-08-22T23:00:00Z,New York Liberty,Indiana Fever,Pauline Astier,,PTS,OVER,8.5,135,Fanatics,fanatics,player_points_alternate,the-odds-api,2026-08-22T21:39:37.704148+00:00
2026-08-22,a05ae0cd5516fbbcdd9fda35e698f70d,Indiana Fever @ New York Liberty,2026-08-22T23:00:00Z,New York Liberty,Indiana Fever,Pauline Astier,,PTS,OVER,9.5,185,Fanatics,fanatics,player_points_alternate,the-odds-api,2026-08-22T21:39:37.704148+00:00
2026-08-22,a05ae0cd5516fbbcdd9fda35e698f70d,Indiana Fever @ New York Liberty,2026-08-22T23:00:00Z,New York Liberty,Indiana Fever,Pauline Astier,,PTS,OVER,10.5,240,Fanatics,fanatics,player_points_alternate,the-odds-api,2026-08-22T21:39:37.704148+00:00
2026-08-22,a05ae0cd5516fbbcdd9fda35e698f70d,Indiana Fever @ New York Liberty,2026-08-22T23:00:00Z,New York Liberty,Indiana Fever,Pauline Astier,,PTS,OVER,11.5,340,Fanatics,fanatics,player_points_alternate,the-odds-api,2026-08-22T21:39:37.704148+00:00
2026-08-22,a05ae0cd5516fbbcdd9fda35e698f70d,Indiana Fever @ New York Liberty,2026-08-22T23:00:00Z,New York Liberty,Indiana Fever,Pauline Astier,,PTS,OVER,12.5,425,Fanatics,fanatics,player_points_alternate,the-odds-api,2026-08-22T21:39:37.704148+00:00
2026-08-22,a05ae0cd5516fbbcdd9fda35e698f70d,Indiana Fever @ New York Liberty,2026-08-22T23:00:00Z,New York Liberty,Indiana Fever,Pauline Astier,,PTS,OVER,13.5,650,Fanatics,fanatics,player_points_alternate,the-odds-api,2026-08-22T21:39:37.704148+00:00
2026-08-22,a05ae0cd5516fbbcdd9fda35e698f70d,Indiana Fever @ New York Liberty,2026-08-22T23:00:00Z,New York Liberty,Indiana Fever,Pauline Astier,,PTS,OVER,14.5,850,Fanatics,fanatics,player_points_alternate,the-odds-api,2026-08-22T21:39:37.704148+00:00
2026-08-22,a05ae0cd5516fbbcdd9fda35e698f70d,Indiana Fever @ New York Liberty,2026-08-22T23:00:00Z,New York Liberty,Indiana Fever,Pauline Astier,,PTS,OVER,15.5,1100,Fanatics,fanatics,player_points_alternate,the-odds-api,2026-08-22T21:39:37.704148+00:00
2026-08-22,a05ae0cd5516fbbcdd9fda35e698f70d,Indiana Fever @ New York Liberty,2026-08-22T23:00:00Z,New York Liberty,Indiana Fever,Pauline Astier,,PTS,OVER,16.5,1500,Fanatics,fanatics,player_points_alternate,the-odds-api,2026-08-22T21:39:37.704148+00:00
2026-08-22,a05ae0cd5516fbbcdd9fda35e698f70d,Indiana Fever @ New York Liberty,2026-08-22T23:00:00Z,New York Liberty,Indiana Fever,Breanna Stewart,,PTS,OVER,11.5,-2200,Fanatics,fanatics,player_points_alternate,the-odds-api,2026-08-22T21:39:37.704148+00:00
2026-08-22,a05ae0cd5516fbbcdd9fda35e698f70d,Indiana Fever @ New York Liberty,2026-08-22T23:00:00Z,New York Liberty,Indiana Fever,Breanna Stewart,,PTS,OVER,12.5,-1500,Fanatics,fanatics,player_points_alternate,the-odds-api,2026-08-22T21:39:37.704148+00:00
2026-08-22,a05ae0cd5516fbbcdd9fda35e698f70d,Indiana Fever @ New York Liberty,2026-08-22T23:00:00Z,New York Liberty,Indiana Fever,Breanna Stewart,,PTS,OVER,13.5,-1100,Fanatics,fanatics,player_points_alternate,the-odds-api,2026-08-22T21:39:37.704148+00:00
2026-08-22,a05ae0cd5516fbbcdd9fda35e698f70d,Indiana Fever @ New York Liberty,2026-08-22T23:00:00Z,New York Liberty,Indiana Fever,Breanna Stewart,,PTS,OVER,14.5,-800,Fanatics,fanatics,player_points_alternate,the-odds-api,2026-08-22T21:39:37.704148+00:00
2026-08-22,a05ae0cd5516fbbcdd9fda35e698f70d,Indiana Fever @ New York Liberty,2026-08-22T23:00:00Z,New York Liberty,Indiana Fever,Breanna Stewart,,PTS,OVER,15.5,-630,Fanatics,fanatics,player_points_alternate,the-odds-api,2026-08-22T21:39:37.704148+00:00
2026-08-22,a05ae0cd5516fbbcdd9fda35e698f70d,Indiana Fever @ New York Liberty,2026-08-22T23:00:00Z,New York Liberty,Indiana Fever,Breanna Stewart,,PTS,OVER,16.5,-450,Fanatics,fanatics,player_points_alternate,the-odds-api,2026-08-22T21:39:37.704148+00:00
2026-08-22,a05ae0cd5516fbbcdd9fda35e698f70d,Indiana Fever @ New York Liberty,2026-08-22T23:00:00Z,New York Liberty,Indiana Fever,Breanna Stewart,,PTS,OVER,17.5,-350,Fanatics,fanatics,player_points_alternate,the-odds-api,2026-08-22T21:39:37.704148+00:00
2026-08-22,a05ae0cd5516fbbcdd9fda35e698f70d,Indiana Fever @ New York Liberty,2026-08-22T23:00:00Z,New York Liberty,Indiana Fever,Breanna Stewart,,PTS,OVER,18.5,-275,Fanatics,fanatics,player_points_alternate,the-odds-api,2026-08-22T21:39:37.704148+00:00
2026-08-22,a05ae0cd5516fbbcdd9fda35e698f70d,Indiana Fever @ New York Liberty,2026-08-22T23:00:00Z,New York Liberty,Indiana Fever,Breanna Stewart,,PTS,OVER,19.5,-210,Fanatics,fanatics,player_points_alternate,the-odds-api,2026-08-22T21:39:37.704148+00:00
2026-08-22,a05ae0cd5516fbbcdd9fda35e698f70d,Indiana Fever @ New York Liberty,2026-08-22T23:00:00Z,New York Liberty,Indiana Fever,Breanna Stewart,,PTS,OVER,20.5,-165,Fanatics,fanatics,player_points_alternate,the-odds-api,2026-08-22T21:39:37.704148+00:00
2026-08-22,a05ae0cd5516fbbcdd9fda35e698f70d,Indiana Fever @ New York Liberty,2026-08-22T23:00:00Z,New York Liberty,Indiana Fever,Breanna Stewart,,PTS,OVER,21.5,-130,Fanatics,fanatics,player_points_alternate,the-odds-api,2026-08-22T21:39:37.704148+00:00
2026-08-22,a05ae0cd5516fbbcdd9fda35e698f70d,Indiana Fever @ New York Liberty,2026-08-22T23:00:00Z,New York Liberty,Indiana Fever,Breanna Stewart,,PTS,OVER,22.5,-105,Fanatics,fanatics,player_points_alternate,the-odds-api,2026-08-22T21:39:37.704148+00:00
2026-08-22,a05ae0cd5516fbbcdd9fda35e698f70d,Indiana Fever @ New York Liberty,2026-08-22T23:00:00Z,New York Liberty,Indiana Fever,Breanna Stewart,,PTS,OVER,23.5,120,Fanatics,fanatics,player_points_alternate,the-odds-api,2026-08-22T21:39:37.704148+00:00
2026-08-22,a05ae0cd5516fbbcdd9fda35e698f70d,Indiana Fever @ New York Liberty,2026-08-22T23:00:00Z,New York Liberty,Indiana Fever,Breanna Stewart,,PTS,OVER,24.5,135,Fanatics,fanatics,player_points_alternate,the-odds-api,2026-08-22T21:39:37.704148+00:00
2026-08-22,a05ae0cd5516fbbcdd9fda35e698f70d,Indiana Fever @ New York Liberty,2026-08-22T23:00:00Z,New York Liberty,Indiana Fever,Breanna Stewart,,PTS,OVER,25.5,155,Fanatics,fanatics,player_points_alternate,the-odds-api,2026-08-22T21:39:37.704148+00:00
2026-08-22,a05ae0cd5516fbbcdd9fda35e698f70d,Indiana Fever @ New York Liberty,2026-08-22T23:00:00Z,New York Liberty,Indiana Fever,Breanna Stewart,,PTS,OVER,26.5,190,Fanatics,fanatics,player_points_alternate,the-odds-api,2026-08-22T21:39:37.704148+00:00
2026-08-22,a05ae0cd5516fbbcdd9fda35e698f70d,Indiana Fever @ New York Liberty,2026-08-22T23:00:00Z,New York Liberty,Indiana Fever,Breanna Stewart,,PTS,OVER,27.5,230,Fanatics,fanatics,player_points_alternate,the-odds-api,2026-08-22T21:39:37.704148+00:00
2026-08-22,a05ae0cd5516fbbcdd9fda35e698f70d,Indiana Fever @ New York Liberty,2026-08-22T23:00:00Z,New York Liberty,Indiana Fever,Breanna Stewart,,PTS,OVER,28.5,270,Fanatics,fanatics,player_points_alternate,the-odds-api,2026-08-22T21:39:37.704148+00:00
2026-08-22,a05ae0cd5516fbbcdd9fda35e698f70d,Indiana Fever @ New York Liberty,2026-08-22T23:00:00Z,New York Liberty,Indiana Fever,Breanna Stewart,,PTS,OVER,29.5,320,Fanatics,fanatics,player_points_alternate,the-odds-api,2026-08-22T21:39:37.704148+00:00
2026-08-22,a05ae0cd5516fbbcdd9fda35e698f70d,Indiana Fever @ New York Liberty,2026-08-22T23:00:00Z,New York Liberty,Indiana Fever,Breanna Stewart,,PTS,OVER,30.5,375,Fanatics,fanatics,player_points_alternate,the-odds-api,2026-08-22T21:39:37.704148+00:00
2026-08-22,a05ae0cd5516fbbcdd9fda35e698f70d,Indiana Fever @ New York Liberty,2026-08-22T23:00:00Z,New York Liberty,Indiana Fever,Breanna Stewart,,PTS,OVER,31.5,425,Fanatics,fanatics,player_points_alternate,the-odds-api,2026-08-22T21:39:37.704148+00:00
2026-08-22,a05ae0cd5516fbbcdd9fda35e698f70d,Indiana Fever @ New York Liberty,2026-08-22T23:00:00Z,New York Liberty,Indiana Fever,Breanna Stewart,,PTS,OVER,32.5,550,Fanatics,fanatics,player_points_alternate,the-odds-api,2026-08-22T21:39:37.704148+00:00
2026-08-22,a05ae0cd5516fbbcdd9fda35e698f70d,Indiana Fever @ New York Liberty,2026-08-22T23:00:00Z,New York Liberty,Indiana Fever,Breanna Stewart,,PTS,OVER,33.5,700,Fanatics,fanatics,player_points_alternate,the-odds-api,2026-08-22T21:39:37.704148+00:00
2026-08-22,a05ae0cd5516fbbcdd9fda35e698f70d,Indiana Fever @ New York Liberty,2026-08-22T23:00:00Z,New York Liberty,Indiana Fever,Breanna Stewart,,PTS,OVER,34.5,800,Fanatics,fanatics,player_points_alternate,the-odds-api,2026-08-22T21:39:37.704148+00:00
2026-08-22,a05ae0cd5516fbbcdd9fda35e698f70d,Indiana Fever @ New York Liberty,2026-08-22T23:00:00Z,New York Liberty,Indiana Fever,Breanna Stewart,,PTS,OVER,35.5,950,Fanatics,fanatics,player_points_alternate,the-odds-api,2026-08-22T21:39:37.704148+00:00
2026-08-22,a05ae0cd5516fbbcdd9fda35e698f70d,Indiana Fever @ New York Liberty,2026-08-22T23:00:00Z,New York Liberty,Indiana Fever,Breanna Stewart,,PTS,OVER,36.5,1100,Fanatics,fanatics,player_points_alternate,the-odds-api,2026-08-22T21:39:37.704148+00:00
2026-08-22,a05ae0cd5516fbbcdd9fda35e698f70d,Indiana Fever @ New York Liberty,2026-08-22T23:00:00Z,New York Liberty,Indiana Fever,Breanna Stewart,,PTS,OVER,37.5,1200,Fanatics,fanatics,player_points_alternate,the-odds-api,2026-08-22T21:39:37.704148+00:00
2026-08-22,a05ae0cd5516fbbcdd9fda35e698f70d,Indiana Fever @ New York Liberty,2026-08-22T23:00:00Z,New York Liberty,Indiana Fever,Caitlin Clark,,PTS,OVER,11.5,-2200,Fanatics,fanatics,player_points_alternate,the-odds-api,2026-08-22T21:39:37.704148+00:00
2026-08-22,a05ae0cd5516fbbcdd9fda35e698f70d,Indiana Fever @ New York Liberty,2026-08-22T23:00:00Z,New York Liberty,Indiana Fever,Caitlin Clark,,PTS,OVER,12.5,-1500,Fanatics,fanatics,player_points_alternate,the-odds-api,2026-08-22T21:39:37.704148+00:00
2026-08-22,a05ae0cd5516fbbcdd9fda35e698f70d,Indiana Fever @ New York Liberty,2026-08-22T23:00:00Z,New York Liberty,Indiana Fever,Caitlin Clark,,PTS,OVER,13.5,-1100,Fanatics,fanatics,player_points_alternate,the-odds-api,2026-08-22T21:39:37.704148+00:00
2026-08-22,a05ae0cd5516fbbcdd9fda35e698f70d,Indiana Fever @ New York Liberty,2026-08-22T23:00:00Z,New York Liberty,Indiana Fever,Caitlin Clark,,PTS,OVER,14.5,-800,Fanatics,fanatics,player_points_alternate,the-odds-api,2026-08-22T21:39:37.704148+00:00
2026-08-22,a05ae0cd5516fbbcdd9fda35e698f70d,Indiana Fever @ New York Liberty,2026-08-22T23:00:00Z,New York Liberty,Indiana Fever,Caitlin Clark,,PTS,OVER,15.5,-550,Fanatics,fanatics,player_points_alternate,the-odds-api,2026-08-22T21:39:37.704148+00:00
2026-08-22,a05ae0cd5516fbbcdd9fda35e698f70d,Indiana Fever @ New York Liberty,2026-08-22T23:00:00Z,New York Liberty,Indiana Fever,Caitlin Clark,,PTS,OVER,16.5,-425,Fanatics,fanatics,player_points_alternate,the-odds-api,2026-08-22T21:39:37.704148+00:00
2026-08-22,a05ae0cd5516fbbcdd9fda35e698f70d,Indiana Fever @ New York Liberty,2026-08-22T23:00:00Z,New York Liberty,Indiana Fever,Caitlin Clark,,PTS,OVER,17.5,-325,Fanatics,fanatics,player_points_alternate,the-odds-api,2026-08-22T21:39:37.704148+00:00
2026-08-22,a05ae0cd5516fbbcdd9fda35e698f70d,Indiana Fever @ New York Liberty,2026-08-22T23:00:00Z,New York Liberty,Indiana Fever,Caitlin Clark,,PTS,OVER,18.5,-275,Fanatics,fanatics,player_points_alternate,the-odds-api,2026-08-22T21:39:37.704148+00:00
2026-08-22,a05ae0cd5516fbbcdd9fda35e698f70d,Indiana Fever @ New York Liberty,2026-08-22T23:00:00Z,New York Liberty,Indiana Fever,Caitlin Clark,,PTS,OVER,19.5,-210,Fanatics,fanatics,player_points_alternate,the-odds-api,2026-08-22T21:39:37.704148+00:00
2026-08-22,a05ae0cd5516fbbcdd9fda35e698f70d,Indiana Fever @ New York Liberty,2026-08-22T23:00:00Z,New York Liberty,Indiana Fever,Caitlin Clark,,PTS,OVER,20.5,-150,Fanatics,fanatics,player_points_alternate,the-odds-api,2026-08-22T21:39:37.704148+00:00
2026-08-22,a05ae0cd5516fbbcdd9fda35e698f70d,Indiana Fever @ New York Liberty,2026-08-22T23:00:00Z,New York Liberty,Indiana Fever,Caitlin Clark,,PTS,OVER,21.5,-125,Fanatics,fanatics,player_points_alternate,the-odds-api,2026-08-22T21:39:37.704148+00:00
2026-08-22,a05ae0cd5516fbbcdd9fda35e698f70d,Indiana Fever @ New York Liberty,2026-08-22T23:00:00Z,New York Liberty,Indiana Fever,Caitlin Clark,,PTS,OVER,22.5,100,Fanatics,fanatics,player_points_alternate,the-odds-api,2026-08-22T21:39:37.704148+00:00
2026-08-22,a05ae0cd5516fbbcdd9fda35e698f70d,Indiana Fever @ New York Liberty,2026-08-22T23:00:00Z,New York Liberty,Indiana Fever,Caitlin Clark,,PTS,OVER,23.5,120,Fanatics,fanatics,player_points_alternate,the-odds-api,2026-08-22T21:39:37.704148+00:00
2026-08-22,a05ae0cd5516fbbcdd9fda35e698f70d,Indiana Fever @ New York Liberty,2026-08-22T23:00:00Z,New York Liberty,Indiana Fever,Caitlin Clark,,PTS,OVER,24.5,140,Fanatics,fanatics,player_points_alternate,the-odds-api,2026-08-22T21:39:37.704148+00:00
2026-08-22,a05ae0cd5516fbbcdd9fda35e698f70d,Indiana Fever @ New York Liberty,2026-08-22T23:00:00Z,New York Liberty,Indiana Fever,Caitlin Clark,,PTS,OVER,25.5,170,Fanatics,fanatics,player_points_alternate,the-odds-api,2026-08-22T21:39:37.704148+00:00
2026-08-22,a05ae0cd5516fbbcdd9fda35e698f70d,Indiana Fever @ New York Liberty,2026-08-22T23:00:00Z,New York Liberty,Indiana Fever,Caitlin Clark,,PTS,OVER,26.5,200,Fanatics,fanatics,player_points_alternate,the-odds-api,2026-08-22T21:39:37.704148+00:00
2026-08-22,a05ae0cd5516fbbcdd9fda35e698f70d,Indiana Fever @ New York Liberty,2026-08-22T23:00:00Z,New York Liberty,Indiana Fever,Caitlin Clark,,PTS,OVER,27.5,240,Fanatics,fanatics,player_points_alternate,the-odds-api,2026-08-22T21:39:37.704148+00:00
2026-08-22,a05ae0cd5516fbbcdd9fda35e698f70d,Indiana Fever @ New York Liberty,2026-08-22T23:00:00Z,New York Liberty,Indiana Fever,Caitlin Clark,,PTS,OVER,28.5,300,Fanatics,fanatics,player_points_alternate,the-odds-api,2026-08-22T21:39:37.704148+00:00
2026-08-22,a05ae0cd5516fbbcdd9fda35e698f70d,Indiana Fever @ New York Liberty,2026-08-22T23:00:00Z,New York Liberty,Indiana Fever,Caitlin Clark,,PTS,OVER,29.5,350,Fanatics,fanatics,player_points_alternate,the-odds-api,2026-08-22T21:39:37.704148+00:00
2026-08-22,a05ae0cd5516fbbcdd9fda35e698f70d,Indiana Fever @ New York Liberty,2026-08-22T23:00:00Z,New York Liberty,Indiana Fever,Caitlin Clark,,PTS,OVER,30.5,400,Fanatics,fanatics,player_points_alternate,the-odds-api,2026-08-22T21:39:37.704148+00:00
2026-08-22,a05ae0cd5516fbbcdd9fda35e698f70d,Indiana Fever @ New York Liberty,2026-08-22T23:00:00Z,New York Liberty,Indiana Fever,Caitlin Clark,,PTS,OVER,31.5,500,Fanatics,fanatics,player_points_alternate,the-odds-api,2026-08-22T21:39:37.704148+00:00
2026-08-22,a05ae0cd5516fbbcdd9fda35e698f70d,Indiana Fever @ New York Liberty,2026-08-22T23:00:00Z,New York Liberty,Indiana Fever,Caitlin Clark,,PTS,OVER,32.5,600,Fanatics,fanatics,player_points_alternate,the-odds-api,2026-08-22T21:39:37.704148+00:00
2026-08-22,a05ae0cd5516fbbcdd9fda35e698f70d,Indiana Fever @ New York Liberty,2026-08-22T23:00:00Z,New York Liberty,Indiana Fever,Caitlin Clark,,PTS,OVER,33.5,750,Fanatics,fanatics,player_points_alternate,the-odds-api,2026-08-22T21:39:37.704148+00:00
2026-08-22,a05ae0cd5516fbbcdd9fda35e698f70d,Indiana Fever @ New York Liberty,2026-08-22T23:00:00Z,New York Liberty,Indiana Fever,Caitlin Clark,,PTS,OVER,34.5,850,Fanatics,fanatics,player_points_alternate,the-odds-api,2026-08-22T21:39:37.704148+00:00
2026-08-22,a05ae0cd5516fbbcdd9fda35e698f70d,Indiana Fever @ New York Liberty,2026-08-22T23:00:00Z,New York Liberty,Indiana Fever,Caitlin Clark,,PTS,OVER,35.5,950,Fanatics,fanatics,player_points_alternate,the-odds-api,2026-08-22T21:39:37.704148+00:00
2026-08-22,a05ae0cd5516fbbcdd9fda35e698f70d,Indiana Fever @ New York Liberty,2026-08-22T23:00:00Z,New York Liberty,Indiana Fever,Caitlin Clark,,PTS,OVER,36.5,1100,Fanatics,fanatics,player_points_alternate,the-odds-api,2026-08-22T21:39:37.704148+00:00
2026-08-22,a05ae0cd5516fbbcdd9fda35e698f70d,Indiana Fever @ New York Liberty,2026-08-22T23:00:00Z,New York Liberty,Indiana Fever,Caitlin Clark,,PTS,OVER,37.5,1400,Fanatics,fanatics,player_points_alternate,the-odds-api,2026-08-22T21:39:37.704148+00:00
2026-08-22,a05ae0cd5516fbbcdd9fda35e698f70d,Indiana Fever @ New York Liberty,2026-08-22T23:00:00Z,New York Liberty,Indiana Fever,Kelsey Mitchell,,PTS,OVER,13.5,-2200,Fanatics,fanatics,player_points_alternate,the-odds-api,2026-08-22T21:39:37.704148+00:00
2026-08-22,a05ae0cd5516fbbcdd9fda35e698f70d,Indiana Fever @ New York Liberty,2026-08-22T23:00:00Z,New York Liberty,Indiana Fever,Kelsey Mitchell,,PTS,OVER,14.5,-1700,Fanatics,fanatics,player_points_alternate,the-odds-api,2026-08-22T21:39:37.704148+00:00
2026-08-22,a05ae0cd5516fbbcdd9fda35e698f70d,Indiana Fever @ New York Liberty,2026-08-22T23:00:00Z,New York Liberty,Indiana Fever,Kelsey Mitchell,,PTS,OVER,15.5,-1200,Fanatics,fanatics,player_points_alternate,the-odds-api,2026-08-22T21:39:37.704148+00:00
2026-08-22,a05ae0cd5516fbbcdd9fda35e698f70d,Indiana Fever @ New York Liberty,2026-08-22T23:00:00Z,New York Liberty,Indiana Fever,Kelsey Mitchell,,PTS,OVER,16.5,-900,Fanatics,fanatics,player_points_alternate,the-odds-api,2026-08-22T21:39:37.704148+00:00
2026-08-22,a05ae0cd5516fbbcdd9fda35e698f70d,Indiana Fever @ New York Liberty,2026-08-22T23:00:00Z,New York Liberty,Indiana Fever,Kelsey Mitchell,,PTS,OVER,17.5,-700,Fanatics,fanatics,player_points_alternate,the-odds-api,2026-08-22T21:39:37.704148+00:00
2026-08-22,a05ae0cd5516fbbcdd9fda35e698f70d,Indiana Fever @ New York Liberty,2026-08-22T23:00:00Z,New York Liberty,Indiana Fever,Kelsey Mitchell,,PTS,OVER,18.5,-550,Fanatics,fanatics,player_points_alternate,the-odds-api,2026-08-22T21:39:37.704148+00:00
2026-08-22,a05ae0cd5516fbbcdd9fda35e698f70d,Indiana Fever @ New York Liberty,2026-08-22T23:00:00Z,New York Liberty,Indiana Fever,Kelsey Mitchell,,PTS,OVER,19.5,-425,Fanatics,fanatics,player_points_alternate,the-odds-api,2026-08-22T21:39:37.704148+00:00
2026-08-22,a05ae0cd5516fbbcdd9fda35e698f70d,Indiana Fever @ New York Liberty,2026-08-22T23:00:00Z,New York Liberty,Indiana Fever,Kelsey Mitchell,,PTS,OVER,20.5,-350,Fanatics,fanatics,player_points_alternate,the-odds-api,2026-08-22T21:39:37.704148+00:00
2026-08-22,a05ae0cd5516fbbcdd9fda35e698f70d,Indiana Fever @ New York Liberty,2026-08-22T23:00:00Z,New York Liberty,Indiana Fever,Kelsey Mitchell,,PTS,OVER,21.5,-275,Fanatics,fanatics,player_points_alternate,the-odds-api,2026-08-22T21:39:37.704148+00:00
2026-08-22,a05ae0cd5516fbbcdd9fda35e698f70d,Indiana Fever @ New York Liberty,2026-08-22T23:00:00Z,New York Liberty,Indiana Fever,Kelsey Mitchell,,PTS,OVER,22.5,-225,Fanatics,fanatics,player_points_alternate,the-odds-api,2026-08-22T21:39:37.704148+00:00
2026-08-22,a05ae0cd5516fbbcdd9fda35e698f70d,Indiana Fever @ New York Liberty,2026-08-22T23:00:00Z,New York Liberty,Indiana Fever,Kelsey Mitchell,,PTS,OVER,23.5,-175,Fanatics,fanatics,player_points_alternate,the-odds-api,2026-08-22T21:39:37.704148+00:00
2026-08-22,a05ae0cd5516fbbcdd9fda35e698f70d,Indiana Fever @ New York Liberty,2026-08-22T23:00:00Z,New York Liberty,Indiana Fever,Kelsey Mitchell,,PTS,OVER,24.5,-140,Fanatics,fanatics,player_points_alternate,the-odds-api,2026-08-22T21:39:37.704148+00:00
2026-08-22,a05ae0cd5516fbbcdd9fda35e698f70d,Indiana Fever @ New York Liberty,2026-08-22T23:00:00Z,New York Liberty,Indiana Fever,Kelsey Mitchell,,PTS,OVER,25.5,-115,Fanatics,fanatics,player_points_alternate,the-odds-api,2026-08-22T21:39:37.704148+00:00
2026-08-22,a05ae0cd5516fbbcdd9fda35e698f70d,Indiana Fever @ New York Liberty,2026-08-22T23:00:00Z,New York Liberty,Indiana Fever,Kelsey Mitchell,,PTS,OVER,26.5,105,Fanatics,fanatics,player_points_alternate,the-odds-api,2026-08-22T21:39:37.704148+00:00
2026-08-22,a05ae0cd5516fbbcdd9fda35e698f70d,Indiana Fever @ New York Liberty,2026-08-22T23:00:00Z,New York Liberty,Indiana Fever,Kelsey Mitchell,,PTS,OVER,27.5,125,Fanatics,fanatics,player_points_alternate,the-odds-api,2026-08-22T21:39:37.704148+00:00
2026-08-22,a05ae0cd5516fbbcdd9fda35e698f70d,Indiana Fever @ New York Liberty,2026-08-22T23:00:00Z,New York Liberty,Indiana Fever,Kelsey Mitchell,,PTS,OVER,28.5,140,Fanatics,fanatics,player_points_alternate,the-odds-api,2026-08-22T21:39:37.704148+00:00
2026-08-22,a05ae0cd5516fbbcdd9fda35e698f70d,Indiana Fever @ New York Liberty,2026-08-22T23:00:00Z,New York Liberty,Indiana Fever,Kelsey Mitchell,,PTS,OVER,29.5,170,Fanatics,fanatics,player_points_alternate,the-odds-api,2026-08-22T21:39:37.704148+00:00
2026-08-22,a05ae0cd5516fbbcdd9fda35e698f70d,Indiana Fever @ New York Liberty,2026-08-22T23:00:00Z,New York Liberty,Indiana Fever,Kelsey Mitchell,,PTS,OVER,30.5,190,Fanatics,fanatics,player_points_alternate,the-odds-api,2026-08-22T21:39:37.704148+00:00
2026-08-22,a05ae0cd5516fbbcdd9fda35e698f70d,Indiana Fever @ New York Liberty,2026-08-22T23:00:00Z,New York Liberty,Indiana Fever,Kelsey Mitchell,,PTS,OVER,31.5,230,Fanatics,fanatics,player_points_alternate,the-odds-api,2026-08-22T21:39:37.704148+00:00
2026-08-22,a05ae0cd5516fbbcdd9fda35e698f70d,Indiana Fever @ New York Liberty,2026-08-22T23:00:00Z,New York Liberty,Indiana Fever,Kelsey Mitchell,,PTS,OVER,32.5,290,Fanatics,fanatics,player_points_alternate,the-odds-api,2026-08-22T21:39:37.704148+00:00
2026-08-22,a05ae0cd5516fbbcdd9fda35e698f70d,Indiana Fever @ New York Liberty,2026-08-22T23:00:00Z,New York Liberty,Indiana Fever,Kelsey Mitchell,,PTS,OVER,33.5,340,Fanatics,fanatics,player_points_alternate,the-odds-api,2026-08-22T21:39:37.704148+00:00
2026-08-22,a05ae0cd5516fbbcdd9fda35e698f70d,Indiana Fever @ New York Liberty,2026-08-22T23:00:00Z,New York Liberty,Indiana Fever,Kelsey Mitchell,,PTS,OVER,34.5,375,Fanatics,fanatics,player_points_alternate,the-odds-api,2026-08-22T21:39:37.704148+00:00
2026-08-22,a05ae0cd5516fbbcdd9fda35e698f70d,Indiana Fever @ New York Liberty,2026-08-22T23:00:00Z,New York Liberty,Indiana Fever,Kelsey Mitchell,,PTS,OVER,35.5,425,Fanatics,fanatics,player_points_alternate,the-odds-api,2026-08-22T21:39:37.704148+00:00
2026-08-22,a05ae0cd5516fbbcdd9fda35e698f70d,Indiana Fever @ New York Liberty,2026-08-22T23:00:00Z,New York Liberty,Indiana Fever,Kelsey Mitchell,,PTS,OVER,36.5,550,Fanatics,fanatics,player_points_alternate,the-odds-api,2026-08-22T21:39:37.704148+00:00
2026-08-22,a05ae0cd5516fbbcdd9fda35e698f70d,Indiana Fever @ New York Liberty,2026-08-22T23:00:00Z,New York Liberty,Indiana Fever,Kelsey Mitchell,,PTS,OVER,37.5,650,Fanatics,fanatics,player_points_alternate,the-odds-api,2026-08-22T21:39:37.704148+00:00
2026-08-22,a05ae0cd5516fbbcdd9fda35e698f70d,Indiana Fever @ New York Liberty,2026-08-22T23:00:00Z,New York Liberty,Indiana Fever,Kelsey Mitchell,,PTS,OVER,38.5,800,Fanatics,fanatics,player_points_alternate,the-odds-api,2026-08-22T21:39:37.704148+00:00
2026-08-22,a05ae0cd5516fbbcdd9fda35e698f70d,Indiana Fever @ New York Liberty,2026-08-22T23:00:00Z,New York Liberty,Indiana Fever,Kelsey Mitchell,,PTS,OVER,39.5,900,Fanatics,fanatics,player_points_alternate,the-odds-api,2026-08-22T21:39:37.704148+00:00
2026-08-22,a05ae0cd5516fbbcdd9fda35e698f70d,Indiana Fever @ New York Liberty,2026-08-22T23:00:00Z,New York Liberty,Indiana Fever,Kelsey Mitchell,,PTS,OVER,40.5,1000,Fanatics,fanatics,player_points_alternate,the-odds-api,2026-08-22T21:39:37.704148+00:00
2026-08-22,a05ae0cd5516fbbcdd9fda35e698f70d,Indiana Fever @ New York Liberty,2026-08-22T23:00:00Z,New York Liberty,Indiana Fever,Aliyah Boston,,PTS,OVER,7.5,-1800,Fanatics,fanatics,player_points_alternate,the-odds-api,2026-08-22T21:39:37.704148+00:00
2026-08-22,a05ae0cd5516fbbcdd9fda35e698f70d,Indiana Fever @ New York Liberty,2026-08-22T23:00:00Z,New York Liberty,Indiana Fever,Aliyah Boston,,PTS,OVER,8.5,-1200,Fanatics,fanatics,player_points_alternate,the-odds-api,2026-08-22T21:39:37.704148+00:00
2026-08-22,a05ae0cd5516fbbcdd9fda35e698f70d,Indiana Fever @ New York Liberty,2026-08-22T23:00:00Z,New York Liberty,Indiana Fever,Aliyah Boston,,PTS,OVER,9.5,-800,Fanatics,fanatics,player_points_alternate,the-odds-api,2026-08-22T21:39:37.704148+00:00
2026-08-22,a05ae0cd5516fbbcdd9fda35e698f70d,Indiana Fever @ New York Liberty,2026-08-22T23:00:00Z,New York Liberty,Indiana Fever,Aliyah Boston,,PTS,OVER,10.5,-550,Fanatics,fanatics,player_points_alternate,the-odds-api,2026-08-22T21:39:37.704148+00:00
2026-08-22,a05ae0cd5516fbbcdd9fda35e698f70d,Indiana Fever @ New York Liberty,2026-08-22T23:00:00Z,New York Liberty,Indiana Fever,Aliyah Boston,,PTS,OVER,11.5,-400,Fanatics,fanatics,player_points_alternate,the-odds-api,2026-08-22T21:39:37.704148+00:00
2026-08-22,a05ae0cd5516fbbcdd9fda35e698f70d,Indiana Fever @ New York Liberty,2026-08-22T23:00:00Z,New York Liberty,Indiana Fever,Aliyah Boston,,PTS,OVER,12.5,-300,Fanatics,fanatics,player_points_alternate,the-odds-api,2026-08-22T21:39:37.704148+00:00
2026-08-22,a05ae0cd5516fbbcdd9fda35e698f70d,Indiana Fever @ New York Liberty,2026-08-22T23:00:00Z,New York Liberty,Indiana Fever,Aliyah Boston,,PTS,OVER,13.5,-210,Fanatics,fanatics,player_points_alternate,the-odds-api,2026-08-22T21:39:37.704148+00:00
2026-08-22,a05ae0cd5516fbbcdd9fda35e698f70d,Indiana Fever @ New York Liberty,2026-08-22T23:00:00Z,New York Liberty,Indiana Fever,Aliyah Boston,,PTS,OVER,14.5,-145,Fanatics,fanatics,player_points_alternate,the-odds-api,2026-08-22T21:39:37.704148+00:00
2026-08-22,a05ae0cd5516fbbcdd9fda35e698f70d,Indiana Fever @ New York Liberty,2026-08-22T23:00:00Z,New York Liberty,Indiana Fever,Aliyah Boston,,PTS,OVER,15.5,-115,Fanatics,fanatics,player_points_alternate,the-odds-api,2026-08-22T21:39:37.704148+00:00
2026-08-22,a05ae0cd5516fbbcdd9fda35e698f70d,Indiana Fever @ New York Liberty,2026-08-22T23:00:00Z,New York Liberty,Indiana Fever,Aliyah Boston,,PTS,OVER,16.5,115,Fanatics,fanatics,player_points_alternate,the-odds-api,2026-08-22T21:39:37.704148+00:00
2026-08-22,a05ae0cd5516fbbcdd9fda35e698f70d,Indiana Fever @ New York Liberty,2026-08-22T23:00:00Z,New York Liberty,Indiana Fever,Aliyah Boston,,PTS,OVER,17.5,140,Fanatics,fanatics,player_points_alternate,the-odds-api,2026-08-22T21:39:37.704148+00:00
2026-08-22,a05ae0cd5516fbbcdd9fda35e698f70d,Indiana Fever @ New York Liberty,2026-08-22T23:00:00Z,New York Liberty,Indiana Fever,Aliyah Boston,,PTS,OVER,18.5,175,Fanatics,fanatics,player_points_alternate,the-odds-api,2026-08-22T21:39:37.704148+00:00
2026-08-22,a05ae0cd5516fbbcdd9fda35e698f70d,Indiana Fever @ New York Liberty,2026-08-22T23:00:00Z,New York Liberty,Indiana Fever,Aliyah Boston,,PTS,OVER,19.5,230,Fanatics,fanatics,player_points_alternate,the-odds-api,2026-08-22T21:39:37.704148+00:00
2026-08-22,a05ae0cd5516fbbcdd9fda35e698f70d,Indiana Fever @ New York Liberty,2026-08-22T23:00:00Z,New York Liberty,Indiana Fever,Aliyah Boston,,PTS,OVER,20.5,290,Fanatics,fanatics,player_points_alternate,the-odds-api,2026-08-22T21:39:37.704148+00:00
2026-08-22,a05ae0cd5516fbbcdd9fda35e698f70d,Indiana Fever @ New York Liberty,2026-08-22T23:00:00Z,New York Liberty,Indiana Fever,Aliyah Boston,,PTS,OVER,21.5,350,Fanatics,fanatics,player_points_alternate,the-odds-api,2026-08-22T21:39:37.704148+00:00
2026-08-22,a05ae0cd5516fbbcdd9fda35e698f70d,Indiana Fever @ New York Liberty,2026-08-22T23:00:00Z,New York Liberty,Indiana Fever,Aliyah Boston,,PTS,OVER,22.5,425,Fanatics,fanatics,player_points_alternate,the-odds-api,2026-08-22T21:39:37.704148+00:00
2026-08-22,a05ae0cd5516fbbcdd9fda35e698f70d,Indiana Fever @ New York Liberty,2026-08-22T23:00:00Z,New York Liberty,Indiana Fever,Aliyah Boston,,PTS,OVER,23.5,550,Fanatics,fanatics,player_points_alternate,the-odds-api,2026-08-22T21:39:37.704148+00:00
2026-08-22,a05ae0cd5516fbbcdd9fda35e698f70d,Indiana Fever @ New York Liberty,2026-08-22T23:00:00Z,New York Liberty,Indiana Fever,Aliyah Boston,,PTS,OVER,24.5,750,Fanatics,fanatics,player_points_alternate,the-odds-api,2026-08-22T21:39:37.704148+00:00
2026-08-22,a05ae0cd5516fbbcdd9fda35e698f70d,Indiana Fever @ New York Liberty,2026-08-22T23:00:00Z,New York Liberty,Indiana Fever,Aliyah Boston,,PTS,OVER,25.5,900,Fanatics,fanatics,player_points_alternate,the-odds-api,2026-08-22T21:39:37.704148+00:00
2026-08-22,a05ae0cd5516fbbcdd9fda35e698f70d,Indiana Fever @ New York Liberty,2026-08-22T23:00:00Z,New York Liberty,Indiana Fever,Aliyah Boston,,PTS,OVER,26.5,1000,Fanatics,fanatics,player_points_alternate,the-odds-api,2026-08-22T21:39:37.704148+00:00
2026-08-22,a05ae0cd5516fbbcdd9fda35e698f70d,Indiana Fever @ New York Liberty,2026-08-22T23:00:00Z,New York Liberty,Indiana Fever,Aliyah Boston,,PTS,OVER,27.5,1200,Fanatics,fanatics,player_points_alternate,the-odds-api,2026-08-22T21:39:37.704148+00:00
2026-08-22,a05ae0cd5516fbbcdd9fda35e698f70d,Indiana Fever @ New York Liberty,2026-08-22T23:00:00Z,New York Liberty,Indiana Fever,Aliyah Boston,,PTS,OVER,28.5,1500,Fanatics,fanatics,player_points_alternate,the-odds-api,2026-08-22T21:39:37.704148+00:00
2026-08-22,a05ae0cd5516fbbcdd9fda35e698f70d,Indiana Fever @ New York Liberty,2026-08-22T23:00:00Z,New York Liberty,Indiana Fever,Makayla Timpson,,PTS,OVER,4.5,-450,Fanatics,fanatics,player_points_alternate,the-odds-api,2026-08-22T21:39:37.704148+00:00
2026-08-22,a05ae0cd5516fbbcdd9fda35e698f70d,Indiana Fever @ New York Liberty,2026-08-22T23:00:00Z,New York Liberty,Indiana Fever,Makayla Timpson,,PTS,OVER,5.5,-275,Fanatics,fanatics,player_points_alternate,the-odds-api,2026-08-22T21:39:37.704148+00:00
2026-08-22,a05ae0cd5516fbbcdd9fda35e698f70d,Indiana Fever @ New York Liberty,2026-08-22T23:00:00Z,New York Liberty,Indiana Fever,Makayla Timpson,,PTS,OVER,6.5,-175,Fanatics,fanatics,player_points_alternate,the-odds-api,2026-08-22T21:39:37.704148+00:00
2026-08-22,a05ae0cd5516fbbcdd9fda35e698f70d,Indiana Fever @ New York Liberty,2026-08-22T23:00:00Z,New York Liberty,Indiana Fever,Makayla Timpson,,PTS,OVER,7.5,-115,Fanatics,fanatics,player_points_alternate,the-odds-api,2026-08-22T21:39:37.704148+00:00
2026-08-22,a05ae0cd5516fbbcdd9fda35e698f70d,Indiana Fever @ New York Liberty,2026-08-22T23:00:00Z,New York Liberty,Indiana Fever,Makayla Timpson,,PTS,OVER,8.5,125,Fanatics,fanatics,player_points_alternate,the-odds-api,2026-08-22T21:39:37.704148+00:00
2026-08-22,a05ae0cd5516fbbcdd9fda35e698f70d,Indiana Fever @ New York Liberty,2026-08-22T23:00:00Z,New York Liberty,Indiana Fever,Makayla Timpson,,PTS,OVER,9.5,160,Fanatics,fanatics,player_points_alternate,the-odds-api,2026-08-22T21:39:37.704148+00:00
2026-08-22,a05ae0cd5516fbbcdd9fda35e698f70d,Indiana Fever @ New York Liberty,2026-08-22T23:00:00Z,New York Liberty,Indiana Fever,Makayla Timpson,,PTS,OVER,10.5,225,Fanatics,fanatics,player_points_alternate,the-odds-api,2026-08-22T21:39:37.704148+00:00
2026-08-22,a05ae0cd5516fbbcdd9fda35e698f70d,Indiana Fever @ New York Liberty,2026-08-22T23:00:00Z,New York Liberty,Indiana Fever,Makayla Timpson,,PTS,OVER,11.5,300,Fanatics,fanatics,player_points_alternate,the-odds-api,2026-08-22T21:39:37.704148+00:00
2026-08-22,a05ae0cd5516fbbcdd9fda35e698f70d,Indiana Fever @ New York Liberty,2026-08-22T23:00:00Z,New York Liberty,Indiana Fever,Makayla Timpson,,PTS,OVER,12.5,400,Fanatics,fanatics,player_points_alternate,the-odds-api,2026-08-22T21:39:37.704148+00:00
2026-08-22,a05ae0cd5516fbbcdd9fda35e698f70d,Indiana Fever @ New York Liberty,2026-08-22T23:00:00Z,New York Liberty,Indiana Fever,Makayla Timpson,,PTS,OVER,13.5,500,Fanatics,fanatics,player_points_alternate,the-odds-api,2026-08-22T21:39:37.704148+00:00
2026-08-22,a05ae0cd5516fbbcdd9fda35e698f70d,Indiana Fever @ New York Liberty,2026-08-22T23:00:00Z,New York Liberty,Indiana Fever,Makayla Timpson,,PTS,OVER,14.5,750,Fanatics,fanatics,player_points_alternate,the-odds-api,2026-08-22T21:39:37.704148+00:00
2026-08-22,a05ae0cd5516fbbcdd9fda35e698f70d,Indiana Fever @ New York Liberty,2026-08-22T23:00:00Z,New York Liberty,Indiana Fever,Makayla Timpson,,PTS,OVER,15.5,950,Fanatics,fanatics,player_points_alternate,the-odds-api,2026-08-22T21:39:37.704148+00:00
2026-08-22,a05ae0cd5516fbbcdd9fda35e698f70d,Indiana Fever @ New York Liberty,2026-08-22T23:00:00Z,New York Liberty,Indiana Fever,Makayla Timpson,,PTS,OVER,16.5,1100,Fanatics,fanatics,player_points_alternate,the-odds-api,2026-08-22T21:39:37.704148+00:00
2026-08-22,a05ae0cd5516fbbcdd9fda35e698f70d,Indiana Fever @ New York Liberty,2026-08-22T23:00:00Z,New York Liberty,Indiana Fever,Sophie Cunningham,,PTS,OVER,4.5,-350,Fanatics,fanatics,player_points_alternate,the-odds-api,2026-08-22T21:39:37.704148+00:00
2026-08-22,a05ae0cd5516fbbcdd9fda35e698f70d,Indiana Fever @ New York Liberty,2026-08-22T23:00:00Z,New York Liberty,Indiana Fever,Sophie Cunningham,,PTS,OVER,5.5,-225,Fanatics,fanatics,player_points_alternate,the-odds-api,2026-08-22T21:39:37.704148+00:00
2026-08-22,a05ae0cd5516fbbcdd9fda35e698f70d,Indiana Fever @ New York Liberty,2026-08-22T23:00:00Z,New York Liberty,Indiana Fever,Sophie Cunningham,,PTS,OVER,6.5,-145,Fanatics,fanatics,player_points_alternate,the-odds-api,2026-08-22T21:39:37.704148+00:00
2026-08-22,a05ae0cd5516fbbcdd9fda35e698f70d,Indiana Fever @ New York Liberty,2026-08-22T23:00:00Z,New York Liberty,Indiana Fever,Sophie Cunningham,,PTS,OVER,7.5,-105,Fanatics,fanatics,player_points_alternate,the-odds-api,2026-08-22T21:39:37.704148+00:00
2026-08-22,a05ae0cd5516fbbcdd9fda35e698f70d,Indiana Fever @ New York Liberty,2026-08-22T23:00:00Z,New York Liberty,Indiana Fever,Sophie Cunningham,,PTS,OVER,8.5,130,Fanatics,fanatics,player_points_alternate,the-odds-api,2026-08-22T21:39:37.704148+00:00
2026-08-22,a05ae0cd5516fbbcdd9fda35e698f70d,Indiana Fever @ New York Liberty,2026-08-22T23:00:00Z,New York Liberty,Indiana Fever,Sophie Cunningham,,PTS,OVER,9.5,170,Fanatics,fanatics,player_points_alternate,the-odds-api,2026-08-22T21:39:37.704148+00:00
2026-08-22,a05ae0cd5516fbbcdd9fda35e698f70d,Indiana Fever @ New York Liberty,2026-08-22T23:00:00Z,New York Liberty,Indiana Fever,Sophie Cunningham,,PTS,OVER,10.5,230,Fanatics,fanatics,player_points_alternate,the-odds-api,2026-08-22T21:39:37.704148+00:00
2026-08-22,a05ae0cd5516fbbcdd9fda35e698f70d,Indiana Fever @ New York Liberty,2026-08-22T23:00:00Z,New York Liberty,Indiana Fever,Sophie Cunningham,,PTS,OVER,11.5,300,Fanatics,fanatics,player_points_alternate,the-odds-api,2026-08-22T21:39:37.704148+00:00
2026-08-22,a05ae0cd5516fbbcdd9fda35e698f70d,Indiana Fever @ New York Liberty,2026-08-22T23:00:00Z,New York Liberty,Indiana Fever,Sophie Cunningham,,PTS,OVER,12.5,375,Fanatics,fanatics,player_points_alternate,the-odds-api,2026-08-22T21:39:37.704148+00:00
2026-08-22,a05ae0cd5516fbbcdd9fda35e698f70d,Indiana Fever @ New York Liberty,2026-08-22T23:00:00Z,New York Liberty,Indiana Fever,Sophie Cunningham,,PTS,OVER,13.5,500,Fanatics,fanatics,player_points_alternate,the-odds-api,2026-08-22T21:39:37.704148+00:00
2026-08-22,a05ae0cd5516fbbcdd9fda35e698f70d,Indiana Fever @ New York Liberty,2026-08-22T23:00:00Z,New York Liberty,Indiana Fever,Sophie Cunningham,,PTS,OVER,14.5,700,Fanatics,fanatics,player_points_alternate,the-odds-api,2026-08-22T21:39:37.704148+00:00
2026-08-22,a05ae0cd5516fbbcdd9fda35e698f70d,Indiana Fever @ New York Liberty,2026-08-22T23:00:00Z,New York Liberty,Indiana Fever,Sophie Cunningham,,PTS,OVER,15.5,900,Fanatics,fanatics,player_points_alternate,the-odds-api,2026-08-22T21:39:37.704148+00:00
2026-08-22,a05ae0cd5516fbbcdd9fda35e698f70d,Indiana Fever @ New York Liberty,2026-08-22T23:00:00Z,New York Liberty,Indiana Fever,Sophie Cunningham,,PTS,OVER,16.5,1100,Fanatics,fanatics,player_points_alternate,the-odds-api,2026-08-22T21:39:37.704148+00:00
2026-08-22,a05ae0cd5516fbbcdd9fda35e698f70d,Indiana Fever @ New York Liberty,2026-08-22T23:00:00Z,New York Liberty,Indiana Fever,Sophie Cunningham,,PTS,OVER,17.5,1400,Fanatics,fanatics,player_points_alternate,the-odds-api,2026-08-22T21:39:37.704148+00:00
2026-08-22,a05ae0cd5516fbbcdd9fda35e698f70d,Indiana Fever @ New York Liberty,2026-08-22T23:00:00Z,New York Liberty,Indiana Fever,Jonquel Jones,,PTS,OVER,6.5,-1800,Fanatics,fanatics,player_points_alternate,the-odds-api,2026-08-22T21:39:37.704148+00:00
2026-08-22,a05ae0cd5516fbbcdd9fda35e698f70d,Indiana Fever @ New York Liberty,2026-08-22T23:00:00Z,New York Liberty,Indiana Fever,Jonquel Jones,,PTS,OVER,7.5,-1200,Fanatics,fanatics,player_points_alternate,the-odds-api,2026-08-22T21:39:37.704148+00:00
2026-08-22,a05ae0cd5516fbbcdd9fda35e698f70d,Indiana Fever @ New York Liberty,2026-08-22T23:00:00Z,New York Liberty,Indiana Fever,Jonquel Jones,,PTS,OVER,8.5,-800,Fanatics,fanatics,player_points_alternate,the-odds-api,2026-08-22T21:39:37.704148+00:00
2026-08-22,a05ae0cd5516fbbcdd9fda35e698f70d,Indiana Fever @ New York Liberty,2026-08-22T23:00:00Z,New York Liberty,Indiana Fever,Jonquel Jones,,PTS,OVER,9.5,-525,Fanatics,fanatics,player_points_alternate,the-odds-api,2026-08-22T21:39:37.704148+00:00
2026-08-22,a05ae0cd5516fbbcdd9fda35e698f70d,Indiana Fever @ New York Liberty,2026-08-22T23:00:00Z,New York Liberty,Indiana Fever,Jonquel Jones,,PTS,OVER,10.5,-375,Fanatics,fanatics,player_points_alternate,the-odds-api,2026-08-22T21:39:37.704148+00:00
2026-08-22,a05ae0cd5516fbbcdd9fda35e698f70d,Indiana Fever @ New York Liberty,2026-08-22T23:00:00Z,New York Liberty,Indiana Fever,Jonquel Jones,,PTS,OVER,11.5,-300,Fanatics,fanatics,player_points_alternate,the-odds-api,2026-08-22T21:39:37.704148+00:00
2026-08-22,a05ae0cd5516fbbcdd9fda35e698f70d,Indiana Fever @ New York Liberty,2026-08-22T23:00:00Z,New York Liberty,Indiana Fever,Jonquel Jones,,PTS,OVER,12.5,-210,Fanatics,fanatics,player_points_alternate,the-odds-api,2026-08-22T21:39:37.704148+00:00
2026-08-22,a05ae0cd5516fbbcdd9fda35e698f70d,Indiana Fever @ New York Liberty,2026-08-22T23:00:00Z,New York Liberty,Indiana Fever,Jonquel Jones,,PTS,OVER,13.5,-150,Fanatics,fanatics,player_points_alternate,the-odds-api,2026-08-22T21:39:37.704148+00:00
2026-08-22,a05ae0cd5516fbbcdd9fda35e698f70d,Indiana Fever @ New York Liberty,2026-08-22T23:00:00Z,New York Liberty,Indiana Fever,Jonquel Jones,,PTS,OVER,14.5,-115,Fanatics,fanatics,player_points_alternate,the-odds-api,2026-08-22T21:39:37.704148+00:00
2026-08-22,a05ae0cd5516fbbcdd9fda35e698f70d,Indiana Fever @ New York Liberty,2026-08-22T23:00:00Z,New York Liberty,Indiana Fever,Jonquel Jones,,PTS,OVER,15.5,115,Fanatics,fanatics,player_points_alternate,the-odds-api,2026-08-22T21:39:37.704148+00:00
2026-08-22,a05ae0cd5516fbbcdd9fda35e698f70d,Indiana Fever @ New York Liberty,2026-08-22T23:00:00Z,New York Liberty,Indiana Fever,Jonquel Jones,,PTS,OVER,16.5,135,Fanatics,fanatics,player_points_alternate,the-odds-api,2026-08-22T21:39:37.704148+00:00
2026-08-22,a05ae0cd5516fbbcdd9fda35e698f70d,Indiana Fever @ New York Liberty,2026-08-22T23:00:00Z,New York Liberty,Indiana Fever,Jonquel Jones,,PTS,OVER,17.5,170,Fanatics,fanatics,player_points_alternate,the-odds-api,2026-08-22T21:39:37.704148+00:00
2026-08-22,a05ae0cd5516fbbcdd9fda35e698f70d,Indiana Fever @ New York Liberty,2026-08-22T23:00:00Z,New York Liberty,Indiana Fever,Jonquel Jones,,PTS,OVER,18.5,210,Fanatics,fanatics,player_points_alternate,the-odds-api,2026-08-22T21:39:37.704148+00:00
2026-08-22,a05ae0cd5516fbbcdd9fda35e698f70d,Indiana Fever @ New York Liberty,2026-08-22T23:00:00Z,New York Liberty,Indiana Fever,Jonquel Jones,,PTS,OVER,19.5,270,Fanatics,fanatics,player_points_alternate,the-odds-api,2026-08-22T21:39:37.704148+00:00
2026-08-22,a05ae0cd5516fbbcdd9fda35e698f70d,Indiana Fever @ New York Liberty,2026-08-22T23:00:00Z,New York Liberty,Indiana Fever,Jonquel Jones,,PTS,OVER,20.5,320,Fanatics,fanatics,player_points_alternate,the-odds-api,2026-08-22T21:39:37.704148+00:00
2026-08-22,a05ae0cd5516fbbcdd9fda35e698f70d,Indiana Fever @ New York Liberty,2026-08-22T23:00:00Z,New York Liberty,Indiana Fever,Jonquel Jones,,PTS,OVER,21.5,375,Fanatics,fanatics,player_points_alternate,the-odds-api,2026-08-22T21:39:37.704148+00:00
2026-08-22,a05ae0cd5516fbbcdd9fda35e698f70d,Indiana Fever @ New York Liberty,2026-08-22T23:00:00Z,New York Liberty,Indiana Fever,Jonquel Jones,,PTS,OVER,22.5,475,Fanatics,fanatics,player_points_alternate,the-odds-api,2026-08-22T21:39:37.704148+00:00
2026-08-22,a05ae0cd5516fbbcdd9fda35e698f70d,Indiana Fever @ New York Liberty,2026-08-22T23:00:00Z,New York Liberty,Indiana Fever,Jonquel Jones,,PTS,OVER,23.5,650,Fanatics,fanatics,player_points_alternate,the-odds-api,2026-08-22T21:39:37.704148+00:00
2026-08-22,a05ae0cd5516fbbcdd9fda35e698f70d,Indiana Fever @ New York Liberty,2026-08-22T23:00:00Z,New York Liberty,Indiana Fever,Jonquel Jones,,PTS,OVER,24.5,800,Fanatics,fanatics,player_points_alternate,the-odds-api,2026-08-22T21:39:37.704148+00:00
2026-08-22,a05ae0cd5516fbbcdd9fda35e698f70d,Indiana Fever @ New York Liberty,2026-08-22T23:00:00Z,New York Liberty,Indiana Fever,Jonquel Jones,,PTS,OVER,25.5,900,Fanatics,fanatics,player_points_alternate,the-odds-api,2026-08-22T21:39:37.704148+00:00
2026-08-22,a05ae0cd5516fbbcdd9fda35e698f70d,Indiana Fever @ New York Liberty,2026-08-22T23:00:00Z,New York Liberty,Indiana Fever,Jonquel Jones,,PTS,OVER,26.5,1100,Fanatics,fanatics,player_points_alternate,the-odds-api,2026-08-22T21:39:37.704148+00:00
2026-08-22,a05ae0cd5516fbbcdd9fda35e698f70d,Indiana Fever @ New York Liberty,2026-08-22T23:00:00Z,New York Liberty,Indiana Fever,Jonquel Jones,,PTS,OVER,27.5,1200,Fanatics,fanatics,player_points_alternate,the-odds-api,2026-08-22T21:39:37.704148+00:00
2026-08-22,a05ae0cd5516fbbcdd9fda35e698f70d,Indiana Fever @ New York Liberty,2026-08-22T23:00:00Z,New York Liberty,Indiana Fever,Jonquel Jones,,PTS,OVER,28.5,1500,Fanatics,fanatics,player_points_alternate,the-odds-api,2026-08-22T21:39:37.704148+00:00
2026-08-22,a05ae0cd5516fbbcdd9fda35e698f70d,Indiana Fever @ New York Liberty,2026-08-22T23:00:00Z,New York Liberty,Indiana Fever,Leonie Fiebich,,PTS,OVER,4.5,-300,Fanatics,fanatics,player_points_alternate,the-odds-api,2026-08-22T21:39:37.704148+00:00
2026-08-22,a05ae0cd5516fbbcdd9fda35e698f70d,Indiana Fever @ New York Liberty,2026-08-22T23:00:00Z,New York Liberty,Indiana Fever,Leonie Fiebich,,PTS,OVER,5.5,-190,Fanatics,fanatics,player_points_alternate,the-odds-api,2026-08-22T21:39:37.704148+00:00
2026-08-22,a05ae0cd5516fbbcdd9fda35e698f70d,Indiana Fever @ New York Liberty,2026-08-22T23:00:00Z,New York Liberty,Indiana Fever,Leonie Fiebich,,PTS,OVER,6.5,-115,Fanatics,fanatics,player_points_alternate,the-odds-api,2026-08-22T21:39:37.704148+00:00
2026-08-22,a05ae0cd5516fbbcdd9fda35e698f70d,Indiana Fever @ New York Liberty,2026-08-22T23:00:00Z,New York Liberty,Indiana Fever,Leonie Fiebich,,PTS,OVER,7.5,120,Fanatics,fanatics,player_points_alternate,the-odds-api,2026-08-22T21:39:37.704148+00:00
2026-08-22,a05ae0cd5516fbbcdd9fda35e698f70d,Indiana Fever @ New York Liberty,2026-08-22T23:00:00Z,New York Liberty,Indiana Fever,Leonie Fiebich,,PTS,OVER,8.5,155,Fanatics,fanatics,player_points_alternate,the-odds-api,2026-08-22T21:39:37.704148+00:00
2026-08-22,a05ae0cd5516fbbcdd9fda35e698f70d,Indiana Fever @ New York Liberty,2026-08-22T23:00:00Z,New York Liberty,Indiana Fever,Leonie Fiebich,,PTS,OVER,9.5,225,Fanatics,fanatics,player_points_alternate,the-odds-api,2026-08-22T21:39:37.704148+00:00
2026-08-22,a05ae0cd5516fbbcdd9fda35e698f70d,Indiana Fever @ New York Liberty,2026-08-22T23:00:00Z,New York Liberty,Indiana Fever,Leonie Fiebich,,PTS,OVER,10.5,300,Fanatics,fanatics,player_points_alternate,the-odds-api,2026-08-22T21:39:37.704148+00:00
2026-08-22,a05ae0cd5516fbbcdd9fda35e698f70d,Indiana Fever @ New York Liberty,2026-08-22T23:00:00Z,New York Liberty,Indiana Fever,Leonie Fiebich,,PTS,OVER,11.5,375,Fanatics,fanatics,player_points_alternate,the-odds-api,2026-08-22T21:39:37.704148+00:00
2026-08-22,a05ae0cd5516fbbcdd9fda35e698f70d,Indiana Fever @ New York Liberty,2026-08-22T23:00:00Z,New York Liberty,Indiana Fever,Leonie Fiebich,,PTS,OVER,12.5,500,Fanatics,fanatics,player_points_alternate,the-odds-api,2026-08-22T21:39:37.704148+00:00
2026-08-22,a05ae0cd5516fbbcdd9fda35e698f70d,Indiana Fever @ New York Liberty,2026-08-22T23:00:00Z,New York Liberty,Indiana Fever,Leonie Fiebich,,PTS,OVER,13.5,750,Fanatics,fanatics,player_points_alternate,the-odds-api,2026-08-22T21:39:37.704148+00:00
2026-08-22,a05ae0cd5516fbbcdd9fda35e698f70d,Indiana Fever @ New York Liberty,2026-08-22T23:00:00Z,New York Liberty,Indiana Fever,Leonie Fiebich,,PTS,OVER,14.5,950,Fanatics,fanatics,player_points_alternate,the-odds-api,2026-08-22T21:39:37.704148+00:00
2026-08-22,a05ae0cd5516fbbcdd9fda35e698f70d,Indiana Fever @ New York Liberty,2026-08-22T23:00:00Z,New York Liberty,Indiana Fever,Leonie Fiebich,,PTS,OVER,15.5,1100,Fanatics,fanatics,player_points_alternate,the-odds-api,2026-08-22T21:39:37.704148+00:00
2026-08-22,a05ae0cd5516fbbcdd9fda35e698f70d,Indiana Fever @ New York Liberty,2026-08-22T23:00:00Z,New York Liberty,Indiana Fever,Leonie Fiebich,,PTS,OVER,16.5,1500,Fanatics,fanatics,player_points_alternate,the-odds-api,2026-08-22T21:39:37.704148+00:00
2026-08-22,a05ae0cd5516fbbcdd9fda35e698f70d,Indiana Fever @ New York Liberty,2026-08-22T23:00:00Z,New York Liberty,Indiana Fever,Han Xu,,PTS,OVER,4.5,-225,Fanatics,fanatics,player_points_alternate,the-odds-api,2026-08-22T21:39:37.704148+00:00
2026-08-22,a05ae0cd5516fbbcdd9fda35e698f70d,Indiana Fever @ New York Liberty,2026-08-22T23:00:00Z,New York Liberty,Indiana Fever,Han Xu,,PTS,OVER,5.5,-125,Fanatics,fanatics,player_points_alternate,the-odds-api,2026-08-22T21:39:37.704148+00:00
2026-08-22,a05ae0cd5516fbbcdd9fda35e698f70d,Indiana Fever @ New York Liberty,2026-08-22T23:00:00Z,New York Liberty,Indiana Fever,Han Xu,,PTS,OVER,6.5,120,Fanatics,fanatics,player_points_alternate,the-odds-api,2026-08-22T21:39:37.704148+00:00
2026-08-22,a05ae0cd5516fbbcdd9fda35e698f70d,Indiana Fever @ New York Liberty,2026-08-22T23:00:00Z,New York Liberty,Indiana Fever,Han Xu,,PTS,OVER,7.5,155,Fanatics,fanatics,player_points_alternate,the-odds-api,2026-08-22T21:39:37.704148+00:00
2026-08-22,a05ae0cd5516fbbcdd9fda35e698f70d,Indiana Fever @ New York Liberty,2026-08-22T23:00:00Z,New York Liberty,Indiana Fever,Han Xu,,PTS,OVER,8.5,230,Fanatics,fanatics,player_points_alternate,the-odds-api,2026-08-22T21:39:37.704148+00:00
2026-08-22,a05ae0cd5516fbbcdd9fda35e698f70d,Indiana Fever @ New York Liberty,2026-08-22T23:00:00Z,New York Liberty,Indiana Fever,Han Xu,,PTS,OVER,9.5,320,Fanatics,fanatics,player_points_alternate,the-odds-api,2026-08-22T21:39:37.704148+00:00
2026-08-22,a05ae0cd5516fbbcdd9fda35e698f70d,Indiana Fever @ New York Liberty,2026-08-22T23:00:00Z,New York Liberty,Indiana Fever,Han Xu,,PTS,OVER,10.5,400,Fanatics,fanatics,player_points_alternate,the-odds-api,2026-08-22T21:39:37.704148+00:00
2026-08-22,a05ae0cd5516fbbcdd9fda35e698f70d,Indiana Fever @ New York Liberty,2026-08-22T23:00:00Z,New York Liberty,Indiana Fever,Han Xu,,PTS,OVER,11.5,600,Fanatics,fanatics,player_points_alternate,the-odds-api,2026-08-22T21:39:37.704148+00:00
2026-08-22,a05ae0cd5516fbbcdd9fda35e698f70d,Indiana Fever @ New York Liberty,2026-08-22T23:00:00Z,New York Liberty,Indiana Fever,Han Xu,,PTS,OVER,12.5,800,Fanatics,fanatics,player_points_alternate,the-odds-api,2026-08-22T21:39:37.704148+00:00
2026-08-22,a05ae0cd5516fbbcdd9fda35e698f70d,Indiana Fever @ New York Liberty,2026-08-22T23:00:00Z,New York Liberty,Indiana Fever,Han Xu,,PTS,OVER,13.5,1000,Fanatics,fanatics,player_points_alternate,the-odds-api,2026-08-22T21:39:37.704148+00:00
2026-08-22,a05ae0cd5516fbbcdd9fda35e698f70d,Indiana Fever @ New York Liberty,2026-08-22T23:00:00Z,New York Liberty,Indiana Fever,Han Xu,,PTS,OVER,14.5,1200,Fanatics,fanatics,player_points_alternate,the-odds-api,2026-08-22T21:39:37.704148+00:00
2026-08-22,a05ae0cd5516fbbcdd9fda35e698f70d,Indiana Fever @ New York Liberty,2026-08-22T23:00:00Z,New York Liberty,Indiana Fever,Marine Johannes,,PTS,OVER,4.5,-325,Fanatics,fanatics,player_points_alternate,the-odds-api,2026-08-22T21:39:37.704148+00:00
2026-08-22,a05ae0cd5516fbbcdd9fda35e698f70d,Indiana Fever @ New York Liberty,2026-08-22T23:00:00Z,New York Liberty,Indiana Fever,Marine Johannes,,PTS,OVER,5.5,-190,Fanatics,fanatics,player_points_alternate,the-odds-api,2026-08-22T21:39:37.704148+00:00
2026-08-22,a05ae0cd5516fbbcdd9fda35e698f70d,Indiana Fever @ New York Liberty,2026-08-22T23:00:00Z,New York Liberty,Indiana Fever,Marine Johannes,,PTS,OVER,6.5,-120,Fanatics,fanatics,player_points_alternate,the-odds-api,2026-08-22T21:39:37.704148+00:00
2026-08-22,a05ae0cd5516fbbcdd9fda35e698f70d,Indiana Fever @ New York Liberty,2026-08-22T23:00:00Z,New York Liberty,Indiana Fever,Marine Johannes,,PTS,OVER,7.5,120,Fanatics,fanatics,player_points_alternate,the-odds-api,2026-08-22T21:39:37.704148+00:00
2026-08-22,a05ae0cd5516fbbcdd9fda35e698f70d,Indiana Fever @ New York Liberty,2026-08-22T23:00:00Z,New York Liberty,Indiana Fever,Marine Johannes,,PTS,OVER,8.5,155,Fanatics,fanatics,player_points_alternate,the-odds-api,2026-08-22T21:39:37.704148+00:00
2026-08-22,a05ae0cd5516fbbcdd9fda35e698f70d,Indiana Fever @ New York Liberty,2026-08-22T23:00:00Z,New York Liberty,Indiana Fever,Marine Johannes,,PTS,OVER,9.5,210,Fanatics,fanatics,player_points_alternate,the-odds-api,2026-08-22T21:39:37.704148+00:00
2026-08-22,a05ae0cd5516fbbcdd9fda35e698f70d,Indiana Fever @ New York Liberty,2026-08-22T23:00:00Z,New York Liberty,Indiana Fever,Marine Johannes,,PTS,OVER,10.5,290,Fanatics,fanatics,player_points_alternate,the-odds-api,2026-08-22T21:39:37.704148+00:00
2026-08-22,a05ae0cd5516fbbcdd9fda35e698f70d,Indiana Fever @ New York Liberty,2026-08-22T23:00:00Z,New York Liberty,Indiana Fever,Marine Johannes,,PTS,OVER,11.5,375,Fanatics,fanatics,player_points_alternate,the-odds-api,2026-08-22T21:39:37.704148+00:00
2026-08-22,a05ae0cd5516fbbcdd9fda35e698f70d,Indiana Fever @ New York Liberty,2026-08-22T23:00:00Z,New York Liberty,Indiana Fever,Marine Johannes,,PTS,OVER,12.5,500,Fanatics,fanatics,player_points_alternate,the-odds-api,2026-08-22T21:39:37.704148+00:00
2026-08-22,a05ae0cd5516fbbcdd9fda35e698f70d,Indiana Fever @ New York Liberty,2026-08-22T23:00:00Z,New York Liberty,Indiana Fever,Marine Johannes,,PTS,OVER,13.5,700,Fanatics,fanatics,player_points_alternate,the-odds-api,2026-08-22T21:39:37.704148+00:00
2026-08-22,a05ae0cd5516fbbcdd9fda35e698f70d,Indiana Fever @ New York Liberty,2026-08-22T23:00:00Z,New York Liberty,Indiana Fever,Marine Johannes,,PTS,OVER,14.5,900,Fanatics,fanatics,player_points_alternate,the-odds-api,2026-08-22T21:39:37.704148+00:00
2026-08-22,a05ae0cd5516fbbcdd9fda35e698f70d,Indiana Fever @ New York Liberty,2026-08-22T23:00:00Z,New York Liberty,Indiana Fever,Marine Johannes,,PTS,OVER,15.5,1100,Fanatics,fanatics,player_points_alternate,the-odds-api,2026-08-22T21:39:37.704148+00:00
2026-08-22,a05ae0cd5516fbbcdd9fda35e698f70d,Indiana Fever @ New York Liberty,2026-08-22T23:00:00Z,New York Liberty,Indiana Fever,Marine Johannes,,PTS,OVER,16.5,1500,Fanatics,fanatics,player_points_alternate,the-odds-api,2026-08-22T21:39:37.704148+00:00
2026-08-22,a05ae0cd5516fbbcdd9fda35e698f70d,Indiana Fever @ New York Liberty,2026-08-22T23:00:00Z,New York Liberty,Indiana Fever,Sabrina Ionescu,,REB,OVER,1.5,-1500,Fanatics,fanatics,player_rebounds_alternate,the-odds-api,2026-08-22T21:39:37.704148+00:00
2026-08-22,a05ae0cd5516fbbcdd9fda35e698f70d,Indiana Fever @ New York Liberty,2026-08-22T23:00:00Z,New York Liberty,Indiana Fever,Sabrina Ionescu,,REB,OVER,2.5,-525,Fanatics,fanatics,player_rebounds_alternate,the-odds-api,2026-08-22T21:39:37.704148+00:00
2026-08-22,a05ae0cd5516fbbcdd9fda35e698f70d,Indiana Fever @ New York Liberty,2026-08-22T23:00:00Z,New York Liberty,Indiana Fever,Sabrina Ionescu,,REB,OVER,3.5,-210,Fanatics,fanatics,player_rebounds_alternate,the-odds-api,2026-08-22T21:39:37.704148+00:00
2026-08-22,a05ae0cd5516fbbcdd9fda35e698f70d,Indiana Fever @ New York Liberty,2026-08-22T23:00:00Z,New York Liberty,Indiana Fever,Sabrina Ionescu,,REB,OVER,4.5,105,Fanatics,fanatics,player_rebounds_alternate,the-odds-api,2026-08-22T21:39:37.704148+00:00
2026-08-22,a05ae0cd5516fbbcdd9fda35e698f70d,Indiana Fever @ New York Liberty,2026-08-22T23:00:00Z,New York Liberty,Indiana Fever,Sabrina Ionescu,,REB,OVER,5.5,185,Fanatics,fanatics,player_rebounds_alternate,the-odds-api,2026-08-22T21:39:37.704148+00:00
2026-08-22,a05ae0cd5516fbbcdd9fda35e698f70d,Indiana Fever @ New York Liberty,2026-08-22T23:00:00Z,New York Liberty,Indiana Fever,Sabrina Ionescu,,REB,OVER,6.5,320,Fanatics,fanatics,player_rebounds_alternate,the-odds-api,2026-08-22T21:39:37.704148+00:00
2026-08-22,a05ae0cd5516fbbcdd9fda35e698f70d,Indiana Fever @ New York Liberty,2026-08-22T23:00:00Z,New York Liberty,Indiana Fever,Sabrina Ionescu,,REB,OVER,7.5,600,Fanatics,fanatics,player_rebounds_alternate,the-odds-api,2026-08-22T21:39:37.704148+00:00
2026-08-22,a05ae0cd5516fbbcdd9fda35e698f70d,Indiana Fever @ New York Liberty,2026-08-22T23:00:00Z,New York Liberty,Indiana Fever,Breanna Stewart,,REB,OVER,3.5,-1800,Fanatics,fanatics,player_rebounds_alternate,the-odds-api,2026-08-22T21:39:37.704148+00:00
2026-08-22,a05ae0cd5516fbbcdd9fda35e698f70d,Indiana Fever @ New York Liberty,2026-08-22T23:00:00Z,New York Liberty,Indiana Fever,Breanna Stewart,,REB,OVER,4.5,-900,Fanatics,fanatics,player_rebounds_alternate,the-odds-api,2026-08-22T21:39:37.704148+00:00
2026-08-22,a05ae0cd5516fbbcdd9fda35e698f70d,Indiana Fever @ New York Liberty,2026-08-22T23:00:00Z,New York Liberty,Indiana Fever,Breanna Stewart,,REB,OVER,5.5,-425,Fanatics,fanatics,player_rebounds_alternate,the-odds-api,2026-08-22T21:39:37.704148+00:00
2026-08-22,a05ae0cd5516fbbcdd9fda35e698f70d,Indiana Fever @ New York Liberty,2026-08-22T23:00:00Z,New York Liberty,Indiana Fever,Breanna Stewart,,REB,OVER,6.5,-240,Fanatics,fanatics,player_rebounds_alternate,the-odds-api,2026-08-22T21:39:37.704148+00:00
2026-08-22,a05ae0cd5516fbbcdd9fda35e698f70d,Indiana Fever @ New York Liberty,2026-08-22T23:00:00Z,New York Liberty,Indiana Fever,Breanna Stewart,,REB,OVER,7.5,-125,Fanatics,fanatics,player_rebounds_alternate,the-odds-api,2026-08-22T21:39:37.704148+00:00
2026-08-22,a05ae0cd5516fbbcdd9fda35e698f70d,Indiana Fever @ New York Liberty,2026-08-22T23:00:00Z,New York Liberty,Indiana Fever,Breanna Stewart,,REB,OVER,8.5,125,Fanatics,fanatics,player_rebounds_alternate,the-odds-api,2026-08-22T21:39:37.704148+00:00
2026-08-22,a05ae0cd5516fbbcdd9fda35e698f70d,Indiana Fever @ New York Liberty,2026-08-22T23:00:00Z,New York Liberty,Indiana Fever,Breanna Stewart,,REB,OVER,9.5,185,Fanatics,fanatics,player_rebounds_alternate,the-odds-api,2026-08-22T21:39:37.704148+00:00
2026-08-22,a05ae0cd5516fbbcdd9fda35e698f70d,Indiana Fever @ New York Liberty,2026-08-22T23:00:00Z,New York Liberty,Indiana Fever,Breanna Stewart,,REB,OVER,10.5,290,Fanatics,fanatics,player_rebounds_alternate,the-odds-api,2026-08-22T21:39:37.704148+00:00
2026-08-22,a05ae0cd5516fbbcdd9fda35e698f70d,Indiana Fever @ New York Liberty,2026-08-22T23:00:00Z,New York Liberty,Indiana Fever,Breanna Stewart,,REB,OVER,11.5,400,Fanatics,fanatics,player_rebounds_alternate,the-odds-api,2026-08-22T21:39:37.704148+00:00
2026-08-22,a05ae0cd5516fbbcdd9fda35e698f70d,Indiana Fever @ New York Liberty,2026-08-22T23:00:00Z,New York Liberty,Indiana Fever,Breanna Stewart,,REB,OVER,12.5,700,Fanatics,fanatics,player_rebounds_alternate,the-odds-api,2026-08-22T21:39:37.704148+00:00
2026-08-22,a05ae0cd5516fbbcdd9fda35e698f70d,Indiana Fever @ New York Liberty,2026-08-22T23:00:00Z,New York Liberty,Indiana Fever,Rebecca Allen,,REB,OVER,1.5,-400,Fanatics,fanatics,player_rebounds_alternate,the-odds-api,2026-08-22T21:39:37.704148+00:00
2026-08-22,a05ae0cd5516fbbcdd9fda35e698f70d,Indiana Fever @ New York Liberty,2026-08-22T23:00:00Z,New York Liberty,Indiana Fever,Rebecca Allen,,REB,OVER,2.5,-120,Fanatics,fanatics,player_rebounds_alternate,the-odds-api,2026-08-22T21:39:37.704148+00:00
2026-08-22,a05ae0cd5516fbbcdd9fda35e698f70d,Indiana Fever @ New York Liberty,2026-08-22T23:00:00Z,New York Liberty,Indiana Fever,Rebecca Allen,,REB,OVER,3.5,170,Fanatics,fanatics,player_rebounds_alternate,the-odds-api,2026-08-22T21:39:37.704148+00:00
2026-08-22,a05ae0cd5516fbbcdd9fda35e698f70d,Indiana Fever @ New York Liberty,2026-08-22T23:00:00Z,New York Liberty,Indiana Fever,Rebecca Allen,,REB,OVER,4.5,350,Fanatics,fanatics,player_rebounds_alternate,the-odds-api,2026-08-22T21:39:37.704148+00:00
2026-08-22,a05ae0cd5516fbbcdd9fda35e698f70d,Indiana Fever @ New York Liberty,2026-08-22T23:00:00Z,New York Liberty,Indiana Fever,Rebecca Allen,,REB,OVER,5.5,750,Fanatics,fanatics,player_rebounds_alternate,the-odds-api,2026-08-22T21:39:37.704148+00:00
2026-08-22,a05ae0cd5516fbbcdd9fda35e698f70d,Indiana Fever @ New York Liberty,2026-08-22T23:00:00Z,New York Liberty,Indiana Fever,Caitlin Clark,,REB,OVER,1.5,-1000,Fanatics,fanatics,player_rebounds_alternate,the-odds-api,2026-08-22T21:39:37.704148+00:00
2026-08-22,a05ae0cd5516fbbcdd9fda35e698f70d,Indiana Fever @ New York Liberty,2026-08-22T23:00:00Z,New York Liberty,Indiana Fever,Caitlin Clark,,REB,OVER,2.5,-325,Fanatics,fanatics,player_rebounds_alternate,the-odds-api,2026-08-22T21:39:37.704148+00:00
2026-08-22,a05ae0cd5516fbbcdd9fda35e698f70d,Indiana Fever @ New York Liberty,2026-08-22T23:00:00Z,New York Liberty,Indiana Fever,Caitlin Clark,,REB,OVER,3.5,-120,Fanatics,fanatics,player_rebounds_alternate,the-odds-api,2026-08-22T21:39:37.704148+00:00
2026-08-22,a05ae0cd5516fbbcdd9fda35e698f70d,Indiana Fever @ New York Liberty,2026-08-22T23:00:00Z,New York Liberty,Indiana Fever,Caitlin Clark,,REB,OVER,4.5,160,Fanatics,fanatics,player_rebounds_alternate,the-odds-api,2026-08-22T21:39:37.704148+00:00
2026-08-22,a05ae0cd5516fbbcdd9fda35e698f70d,Indiana Fever @ New York Liberty,2026-08-22T23:00:00Z,New York Liberty,Indiana Fever,Caitlin Clark,,REB,OVER,5.5,300,Fanatics,fanatics,player_rebounds_alternate,the-odds-api,2026-08-22T21:39:37.704148+00:00
2026-08-22,a05ae0cd5516fbbcdd9fda35e698f70d,Indiana Fever @ New York Liberty,2026-08-22T23:00:00Z,New York Liberty,Indiana Fever,Caitlin Clark,,REB,OVER,6.5,550,Fanatics,fanatics,player_rebounds_alternate,the-odds-api,2026-08-22T21:39:37.704148+00:00
2026-08-22,a05ae0cd5516fbbcdd9fda35e698f70d,Indiana Fever @ New York Liberty,2026-08-22T23:00:00Z,New York Liberty,Indiana Fever,Aliyah Boston,,REB,OVER,4.5,-1500,Fanatics,fanatics,player_rebounds_alternate,the-odds-api,2026-08-22T21:39:37.704148+00:00
2026-08-22,a05ae0cd5516fbbcdd9fda35e698f70d,Indiana Fever @ New York Liberty,2026-08-22T23:00:00Z,New York Liberty,Indiana Fever,Aliyah Boston,,REB,OVER,5.5,-700,Fanatics,fanatics,player_rebounds_alternate,the-odds-api,2026-08-22T21:39:37.704148+00:00
2026-08-22,a05ae0cd5516fbbcdd9fda35e698f70d,Indiana Fever @ New York Liberty,2026-08-22T23:00:00Z,New York Liberty,Indiana Fever,Aliyah Boston,,REB,OVER,6.5,-375,Fanatics,fanatics,player_rebounds_alternate,the-odds-api,2026-08-22T21:39:37.704148+00:00
2026-08-22,a05ae0cd5516fbbcdd9fda35e698f70d,Indiana Fever @ New York Liberty,2026-08-22T23:00:00Z,New York Liberty,Indiana Fever,Aliyah Boston,,REB,OVER,7.5,-210,Fanatics,fanatics,player_rebounds_alternate,the-odds-api,2026-08-22T21:39:37.704148+00:00
2026-08-22,a05ae0cd5516fbbcdd9fda35e698f70d,Indiana Fever @ New York Liberty,2026-08-22T23:00:00Z,New York Liberty,Indiana Fever,Aliyah Boston,,REB,OVER,8.5,-115,Fanatics,fanatics,player_rebounds_alternate,the-odds-api,2026-08-22T21:39:37.704148+00:00
2026-08-22,a05ae0cd5516fbbcdd9fda35e698f70d,Indiana Fever @ New York Liberty,2026-08-22T23:00:00Z,New York Liberty,Indiana Fever,Aliyah Boston,,REB,OVER,9.5,135,Fanatics,fanatics,player_rebounds_alternate,the-odds-api,2026-08-22T21:39:37.704148+00:00
2026-08-22,a05ae0cd5516fbbcdd9fda35e698f70d,Indiana Fever @ New York Liberty,2026-08-22T23:00:00Z,New York Liberty,Indiana Fever,Aliyah Boston,,REB,OVER,10.5,200,Fanatics,fanatics,player_rebounds_alternate,the-odds-api,2026-08-22T21:39:37.704148+00:00
2026-08-22,a05ae0cd5516fbbcdd9fda35e698f70d,Indiana Fever @ New York Liberty,2026-08-22T23:00:00Z,New York Liberty,Indiana Fever,Aliyah Boston,,REB,OVER,11.5,320,Fanatics,fanatics,player_rebounds_alternate,the-odds-api,2026-08-22T21:39:37.704148+00:00
2026-08-22,a05ae0cd5516fbbcdd9fda35e698f70d,Indiana Fever @ New York Liberty,2026-08-22T23:00:00Z,New York Liberty,Indiana Fever,Aliyah Boston,,REB,OVER,12.5,425,Fanatics,fanatics,player_rebounds_alternate,the-odds-api,2026-08-22T21:39:37.704148+00:00
2026-08-22,a05ae0cd5516fbbcdd9fda35e698f70d,Indiana Fever @ New York Liberty,2026-08-22T23:00:00Z,New York Liberty,Indiana Fever,Aliyah Boston,,REB,OVER,13.5,750,Fanatics,fanatics,player_rebounds_alternate,the-odds-api,2026-08-22T21:39:37.704148+00:00
2026-08-22,a05ae0cd5516fbbcdd9fda35e698f70d,Indiana Fever @ New York Liberty,2026-08-22T23:00:00Z,New York Liberty,Indiana Fever,Makayla Timpson,,REB,OVER,3.5,-1300,Fanatics,fanatics,player_rebounds_alternate,the-odds-api,2026-08-22T21:39:37.704148+00:00
2026-08-22,a05ae0cd5516fbbcdd9fda35e698f70d,Indiana Fever @ New York Liberty,2026-08-22T23:00:00Z,New York Liberty,Indiana Fever,Makayla Timpson,,REB,OVER,4.5,-550,Fanatics,fanatics,player_rebounds_alternate,the-odds-api,2026-08-22T21:39:37.704148+00:00
2026-08-22,a05ae0cd5516fbbcdd9fda35e698f70d,Indiana Fever @ New York Liberty,2026-08-22T23:00:00Z,New York Liberty,Indiana Fever,Makayla Timpson,,REB,OVER,5.5,-275,Fanatics,fanatics,player_rebounds_alternate,the-odds-api,2026-08-22T21:39:37.704148+00:00
2026-08-22,a05ae0cd5516fbbcdd9fda35e698f70d,Indiana Fever @ New York Liberty,2026-08-22T23:00:00Z,New York Liberty,Indiana Fever,Makayla Timpson,,REB,OVER,6.5,-140,Fanatics,fanatics,player_rebounds_alternate,the-odds-api,2026-08-22T21:39:37.704148+00:00
2026-08-22,a05ae0cd5516fbbcdd9fda35e698f70d,Indiana Fever @ New York Liberty,2026-08-22T23:00:00Z,New York Liberty,Indiana Fever,Makayla Timpson,,REB,OVER,7.5,120,Fanatics,fanatics,player_rebounds_alternate,the-odds-api,2026-08-22T21:39:37.704148+00:00
2026-08-22,a05ae0cd5516fbbcdd9fda35e698f70d,Indiana Fever @ New York Liberty,2026-08-22T23:00:00Z,New York Liberty,Indiana Fever,Makayla Timpson,,REB,OVER,8.5,190,Fanatics,fanatics,player_rebounds_alternate,the-odds-api,2026-08-22T21:39:37.704148+00:00
2026-08-22,a05ae0cd5516fbbcdd9fda35e698f70d,Indiana Fever @ New York Liberty,2026-08-22T23:00:00Z,New York Liberty,Indiana Fever,Makayla Timpson,,REB,OVER,9.5,300,Fanatics,fanatics,player_rebounds_alternate,the-odds-api,2026-08-22T21:39:37.704148+00:00
2026-08-22,a05ae0cd5516fbbcdd9fda35e698f70d,Indiana Fever @ New York Liberty,2026-08-22T23:00:00Z,New York Liberty,Indiana Fever,Makayla Timpson,,REB,OVER,10.5,475,Fanatics,fanatics,player_rebounds_alternate,the-odds-api,2026-08-22T21:39:37.704148+00:00
2026-08-22,a05ae0cd5516fbbcdd9fda35e698f70d,Indiana Fever @ New York Liberty,2026-08-22T23:00:00Z,New York Liberty,Indiana Fever,Makayla Timpson,,REB,OVER,11.5,800,Fanatics,fanatics,player_rebounds_alternate,the-odds-api,2026-08-22T21:39:37.704148+00:00
2026-08-22,a05ae0cd5516fbbcdd9fda35e698f70d,Indiana Fever @ New York Liberty,2026-08-22T23:00:00Z,New York Liberty,Indiana Fever,Jonquel Jones,,REB,OVER,4.5,-1700,Fanatics,fanatics,player_rebounds_alternate,the-odds-api,2026-08-22T21:39:37.704148+00:00
2026-08-22,a05ae0cd5516fbbcdd9fda35e698f70d,Indiana Fever @ New York Liberty,2026-08-22T23:00:00Z,New York Liberty,Indiana Fever,Jonquel Jones,,REB,OVER,5.5,-800,Fanatics,fanatics,player_rebounds_alternate,the-odds-api,2026-08-22T21:39:37.704148+00:00
2026-08-22,a05ae0cd5516fbbcdd9fda35e698f70d,Indiana Fever @ New York Liberty,2026-08-22T23:00:00Z,New York Liberty,Indiana Fever,Jonquel Jones,,REB,OVER,6.5,-425,Fanatics,fanatics,player_rebounds_alternate,the-odds-api,2026-08-22T21:39:37.704148+00:00
2026-08-22,a05ae0cd5516fbbcdd9fda35e698f70d,Indiana Fever @ New York Liberty,2026-08-22T23:00:00Z,New York Liberty,Indiana Fever,Jonquel Jones,,REB,OVER,7.5,-250,Fanatics,fanatics,player_rebounds_alternate,the-odds-api,2026-08-22T21:39:37.704148+00:00
2026-08-22,a05ae0cd5516fbbcdd9fda35e698f70d,Indiana Fever @ New York Liberty,2026-08-22T23:00:00Z,New York Liberty,Indiana Fever,Jonquel Jones,,REB,OVER,8.5,-145,Fanatics,fanatics,player_rebounds_alternate,the-odds-api,2026-08-22T21:39:37.704148+00:00
2026-08-22,a05ae0cd5516fbbcdd9fda35e698f70d,Indiana Fever @ New York Liberty,2026-08-22T23:00:00Z,New York Liberty,Indiana Fever,Jonquel Jones,,REB,OVER,9.5,110,Fanatics,fanatics,player_rebounds_alternate,the-odds-api,2026-08-22T21:39:37.704148+00:00
2026-08-22,a05ae0cd5516fbbcdd9fda35e698f70d,Indiana Fever @ New York Liberty,2026-08-22T23:00:00Z,New York Liberty,Indiana Fever,Jonquel Jones,,REB,OVER,10.5,155,Fanatics,fanatics,player_rebounds_alternate,the-odds-api,2026-08-22T21:39:37.704148+00:00
2026-08-22,a05ae0cd5516fbbcdd9fda35e698f70d,Indiana Fever @ New York Liberty,2026-08-22T23:00:00Z,New York Liberty,Indiana Fever,Jonquel Jones,,REB,OVER,11.5,230,Fanatics,fanatics,player_rebounds_alternate,the-odds-api,2026-08-22T21:39:37.704148+00:00
2026-08-22,a05ae0cd5516fbbcdd9fda35e698f70d,Indiana Fever @ New York Liberty,2026-08-22T23:00:00Z,New York Liberty,Indiana Fever,Jonquel Jones,,REB,OVER,12.5,340,Fanatics,fanatics,player_rebounds_alternate,the-odds-api,2026-08-22T21:39:37.704148+00:00
2026-08-22,a05ae0cd5516fbbcdd9fda35e698f70d,Indiana Fever @ New York Liberty,2026-08-22T23:00:00Z,New York Liberty,Indiana Fever,Jonquel Jones,,REB,OVER,13.5,500,Fanatics,fanatics,player_rebounds_alternate,the-odds-api,2026-08-22T21:39:37.704148+00:00
2026-08-22,a05ae0cd5516fbbcdd9fda35e698f70d,Indiana Fever @ New York Liberty,2026-08-22T23:00:00Z,New York Liberty,Indiana Fever,Jonquel Jones,,REB,OVER,14.5,800,Fanatics,fanatics,player_rebounds_alternate,the-odds-api,2026-08-22T21:39:37.704148+00:00
2026-08-22,a05ae0cd5516fbbcdd9fda35e698f70d,Indiana Fever @ New York Liberty,2026-08-22T23:00:00Z,New York Liberty,Indiana Fever,Han Xu,,REB,OVER,1.5,-525,Fanatics,fanatics,player_rebounds_alternate,the-odds-api,2026-08-22T21:39:37.704148+00:00
2026-08-22,a05ae0cd5516fbbcdd9fda35e698f70d,Indiana Fever @ New York Liberty,2026-08-22T23:00:00Z,New York Liberty,Indiana Fever,Han Xu,,REB,OVER,2.5,-175,Fanatics,fanatics,player_rebounds_alternate,the-odds-api,2026-08-22T21:39:37.704148+00:00
2026-08-22,a05ae0cd5516fbbcdd9fda35e698f70d,Indiana Fever @ New York Liberty,2026-08-22T23:00:00Z,New York Liberty,Indiana Fever,Han Xu,,REB,OVER,3.5,130,Fanatics,fanatics,player_rebounds_alternate,the-odds-api,2026-08-22T21:39:37.704148+00:00
2026-08-22,a05ae0cd5516fbbcdd9fda35e698f70d,Indiana Fever @ New York Liberty,2026-08-22T23:00:00Z,New York Liberty,Indiana Fever,Han Xu,,REB,OVER,4.5,260,Fanatics,fanatics,player_rebounds_alternate,the-odds-api,2026-08-22T21:39:37.704148+00:00
2026-08-22,a05ae0cd5516fbbcdd9fda35e698f70d,Indiana Fever @ New York Liberty,2026-08-22T23:00:00Z,New York Liberty,Indiana Fever,Han Xu,,REB,OVER,5.5,475,Fanatics,fanatics,player_rebounds_alternate,the-odds-api,2026-08-22T21:39:37.704148+00:00
2026-08-22,a05ae0cd5516fbbcdd9fda35e698f70d,Indiana Fever @ New York Liberty,2026-08-22T23:00:00Z,New York Liberty,Indiana Fever,Han Xu,,REB,OVER,6.5,900,Fanatics,fanatics,player_rebounds_alternate,the-odds-api,2026-08-22T21:39:37.704148+00:00
2026-08-22,a05ae0cd5516fbbcdd9fda35e698f70d,Indiana Fever @ New York Liberty,2026-08-22T23:00:00Z,New York Liberty,Indiana Fever,Monique Billings,,REB,OVER,1.5,-1800,Fanatics,fanatics,player_rebounds_alternate,the-odds-api,2026-08-22T21:39:37.704148+00:00
2026-08-22,a05ae0cd5516fbbcdd9fda35e698f70d,Indiana Fever @ New York Liberty,2026-08-22T23:00:00Z,New York Liberty,Indiana Fever,Monique Billings,,REB,OVER,2.5,-630,Fanatics,fanatics,player_rebounds_alternate,the-odds-api,2026-08-22T21:39:37.704148+00:00
2026-08-22,a05ae0cd5516fbbcdd9fda35e698f70d,Indiana Fever @ New York Liberty,2026-08-22T23:00:00Z,New York Liberty,Indiana Fever,Monique Billings,,REB,OVER,3.5,-250,Fanatics,fanatics,player_rebounds_alternate,the-odds-api,2026-08-22T21:39:37.704148+00:00
2026-08-22,a05ae0cd5516fbbcdd9fda35e698f70d,Indiana Fever @ New York Liberty,2026-08-22T23:00:00Z,New York Liberty,Indiana Fever,Monique Billings,,REB,OVER,4.5,-105,Fanatics,fanatics,player_rebounds_alternate,the-odds-api,2026-08-22T21:39:37.704148+00:00
2026-08-22,a05ae0cd5516fbbcdd9fda35e698f70d,Indiana Fever @ New York Liberty,2026-08-22T23:00:00Z,New York Liberty,Indiana Fever,Monique Billings,,REB,OVER,5.5,170,Fanatics,fanatics,player_rebounds_alternate,the-odds-api,2026-08-22T21:39:37.704148+00:00
2026-08-22,a05ae0cd5516fbbcdd9fda35e698f70d,Indiana Fever @ New York Liberty,2026-08-22T23:00:00Z,New York Liberty,Indiana Fever,Monique Billings,,REB,OVER,6.5,300,Fanatics,fanatics,player_rebounds_alternate,the-odds-api,2026-08-22T21:39:37.704148+00:00
2026-08-22,a05ae0cd5516fbbcdd9fda35e698f70d,Indiana Fever @ New York Liberty,2026-08-22T23:00:00Z,New York Liberty,Indiana Fever,Monique Billings,,REB,OVER,7.5,500,Fanatics,fanatics,player_rebounds_alternate,the-odds-api,2026-08-22T21:39:37.704148+00:00
2026-08-22,a05ae0cd5516fbbcdd9fda35e698f70d,Indiana Fever @ New York Liberty,2026-08-22T23:00:00Z,New York Liberty,Indiana Fever,Monique Billings,,REB,OVER,8.5,900,Fanatics,fanatics,player_rebounds_alternate,the-odds-api,2026-08-22T21:39:37.704148+00:00
2026-08-22,a05ae0cd5516fbbcdd9fda35e698f70d,Indiana Fever @ New York Liberty,2026-08-22T23:00:00Z,New York Liberty,Indiana Fever,Kelsey Mitchell,,REB,OVER,1.5,-190,Fanatics,fanatics,player_rebounds_alternate,the-odds-api,2026-08-22T21:39:37.704148+00:00
2026-08-22,a05ae0cd5516fbbcdd9fda35e698f70d,Indiana Fever @ New York Liberty,2026-08-22T23:00:00Z,New York Liberty,Indiana Fever,Kelsey Mitchell,,REB,OVER,2.5,150,Fanatics,fanatics,player_rebounds_alternate,the-odds-api,2026-08-22T21:39:37.704148+00:00
2026-08-22,a05ae0cd5516fbbcdd9fda35e698f70d,Indiana Fever @ New York Liberty,2026-08-22T23:00:00Z,New York Liberty,Indiana Fever,Kelsey Mitchell,,REB,OVER,3.5,340,Fanatics,fanatics,player_rebounds_alternate,the-odds-api,2026-08-22T21:39:37.704148+00:00
2026-08-22,a05ae0cd5516fbbcdd9fda35e698f70d,Indiana Fever @ New York Liberty,2026-08-22T23:00:00Z,New York Liberty,Indiana Fever,Kelsey Mitchell,,REB,OVER,4.5,800,Fanatics,fanatics,player_rebounds_alternate,the-odds-api,2026-08-22T21:39:37.704148+00:00
2026-08-22,a05ae0cd5516fbbcdd9fda35e698f70d,Indiana Fever @ New York Liberty,2026-08-22T23:00:00Z,New York Liberty,Indiana Fever,Rebecca Allen,,3PM,OVER,0.5,-300,Fanatics,fanatics,player_threes_alternate,the-odds-api,2026-08-22T21:39:37.704148+00:00
2026-08-22,a05ae0cd5516fbbcdd9fda35e698f70d,Indiana Fever @ New York Liberty,2026-08-22T23:00:00Z,New York Liberty,Indiana Fever,Rebecca Allen,,3PM,OVER,1.5,150,Fanatics,fanatics,player_threes_alternate,the-odds-api,2026-08-22T21:39:37.704148+00:00
2026-08-22,a05ae0cd5516fbbcdd9fda35e698f70d,Indiana Fever @ New York Liberty,2026-08-22T23:00:00Z,New York Liberty,Indiana Fever,Rebecca Allen,,3PM,OVER,2.5,400,Fanatics,fanatics,player_threes_alternate,the-odds-api,2026-08-22T21:39:37.704148+00:00
2026-08-22,a05ae0cd5516fbbcdd9fda35e698f70d,Indiana Fever @ New York Liberty,2026-08-22T23:00:00Z,New York Liberty,Indiana Fever,Rebecca Allen,,3PM,OVER,3.5,1100,Fanatics,fanatics,player_threes_alternate,the-odds-api,2026-08-22T21:39:37.704148+00:00
2026-08-22,a05ae0cd5516fbbcdd9fda35e698f70d,Indiana Fever @ New York Liberty,2026-08-22T23:00:00Z,New York Liberty,Indiana Fever,Sabrina Ionescu,,3PM,OVER,0.5,-1100,Fanatics,fanatics,player_threes_alternate,the-odds-api,2026-08-22T21:39:37.704148+00:00
2026-08-22,a05ae0cd5516fbbcdd9fda35e698f70d,Indiana Fever @ New York Liberty,2026-08-22T23:00:00Z,New York Liberty,Indiana Fever,Sabrina Ionescu,,3PM,OVER,1.5,-240,Fanatics,fanatics,player_threes_alternate,the-odds-api,2026-08-22T21:39:37.704148+00:00
2026-08-22,a05ae0cd5516fbbcdd9fda35e698f70d,Indiana Fever @ New York Liberty,2026-08-22T23:00:00Z,New York Liberty,Indiana Fever,Sabrina Ionescu,,3PM,OVER,2.5,125,Fanatics,fanatics,player_threes_alternate,the-odds-api,2026-08-22T21:39:37.704148+00:00
2026-08-22,a05ae0cd5516fbbcdd9fda35e698f70d,Indiana Fever @ New York Liberty,2026-08-22T23:00:00Z,New York Liberty,Indiana Fever,Sabrina Ionescu,,3PM,OVER,3.5,290,Fanatics,fanatics,player_threes_alternate,the-odds-api,2026-08-22T21:39:37.704148+00:00
2026-08-22,a05ae0cd5516fbbcdd9fda35e698f70d,Indiana Fever @ New York Liberty,2026-08-22T23:00:00Z,New York Liberty,Indiana Fever,Sabrina Ionescu,,3PM,OVER,4.5,650,Fanatics,fanatics,player_threes_alternate,the-odds-api,2026-08-22T21:39:37.704148+00:00
2026-08-22,a05ae0cd5516fbbcdd9fda35e698f70d,Indiana Fever @ New York Liberty,2026-08-22T23:00:00Z,New York Liberty,Indiana Fever,Sabrina Ionescu,,3PM,OVER,5.5,1200,Fanatics,fanatics,player_threes_alternate,the-odds-api,2026-08-22T21:39:37.704148+00:00
2026-08-22,a05ae0cd5516fbbcdd9fda35e698f70d,Indiana Fever @ New York Liberty,2026-08-22T23:00:00Z,New York Liberty,Indiana Fever,Kelsey Mitchell,,3PM,OVER,0.5,-2500,Fanatics,fanatics,player_threes_alternate,the-odds-api,2026-08-22T21:39:37.704148+00:00
2026-08-22,a05ae0cd5516fbbcdd9fda35e698f70d,Indiana Fever @ New York Liberty,2026-08-22T23:00:00Z,New York Liberty,Indiana Fever,Kelsey Mitchell,,3PM,OVER,1.5,-550,Fanatics,fanatics,player_threes_alternate,the-odds-api,2026-08-22T21:39:37.704148+00:00
2026-08-22,a05ae0cd5516fbbcdd9fda35e698f70d,Indiana Fever @ New York Liberty,2026-08-22T23:00:00Z,New York Liberty,Indiana Fever,Kelsey Mitchell,,3PM,OVER,2.5,-175,Fanatics,fanatics,player_threes_alternate,the-odds-api,2026-08-22T21:39:37.704148+00:00
2026-08-22,a05ae0cd5516fbbcdd9fda35e698f70d,Indiana Fever @ New York Liberty,2026-08-22T23:00:00Z,New York Liberty,Indiana Fever,Kelsey Mitchell,,3PM,OVER,3.5,135,Fanatics,fanatics,player_threes_alternate,the-odds-api,2026-08-22T21:39:37.704148+00:00
2026-08-22,a05ae0cd5516fbbcdd9fda35e698f70d,Indiana Fever @ New York Liberty,2026-08-22T23:00:00Z,New York Liberty,Indiana Fever,Kelsey Mitchell,,3PM,OVER,4.5,270,Fanatics,fanatics,player_threes_alternate,the-odds-api,2026-08-22T21:39:37.704148+00:00
2026-08-22,a05ae0cd5516fbbcdd9fda35e698f70d,Indiana Fever @ New York Liberty,2026-08-22T23:00:00Z,New York Liberty,Indiana Fever,Kelsey Mitchell,,3PM,OVER,5.5,500,Fanatics,fanatics,player_threes_alternate,the-odds-api,2026-08-22T21:39:37.704148+00:00
2026-08-22,a05ae0cd5516fbbcdd9fda35e698f70d,Indiana Fever @ New York Liberty,2026-08-22T23:00:00Z,New York Liberty,Indiana Fever,Kelsey Mitchell,,3PM,OVER,6.5,950,Fanatics,fanatics,player_threes_alternate,the-odds-api,2026-08-22T21:39:37.704148+00:00
2026-08-22,a05ae0cd5516fbbcdd9fda35e698f70d,Indiana Fever @ New York Liberty,2026-08-22T23:00:00Z,New York Liberty,Indiana Fever,Caitlin Clark,,3PM,OVER,0.5,-2500,Fanatics,fanatics,player_threes_alternate,the-odds-api,2026-08-22T21:39:37.704148+00:00
2026-08-22,a05ae0cd5516fbbcdd9fda35e698f70d,Indiana Fever @ New York Liberty,2026-08-22T23:00:00Z,New York Liberty,Indiana Fever,Caitlin Clark,,3PM,OVER,1.5,-475,Fanatics,fanatics,player_threes_alternate,the-odds-api,2026-08-22T21:39:37.704148+00:00
2026-08-22,a05ae0cd5516fbbcdd9fda35e698f70d,Indiana Fever @ New York Liberty,2026-08-22T23:00:00Z,New York Liberty,Indiana Fever,Caitlin Clark,,3PM,OVER,2.5,-150,Fanatics,fanatics,player_threes_alternate,the-odds-api,2026-08-22T21:39:37.704148+00:00
2026-08-22,a05ae0cd5516fbbcdd9fda35e698f70d,Indiana Fever @ New York Liberty,2026-08-22T23:00:00Z,New York Liberty,Indiana Fever,Caitlin Clark,,3PM,OVER,3.5,150,Fanatics,fanatics,player_threes_alternate,the-odds-api,2026-08-22T21:39:37.704148+00:00
2026-08-22,a05ae0cd5516fbbcdd9fda35e698f70d,Indiana Fever @ New York Liberty,2026-08-22T23:00:00Z,New York Liberty,Indiana Fever,Caitlin Clark,,3PM,OVER,4.5,320,Fanatics,fanatics,player_threes_alternate,the-odds-api,2026-08-22T21:39:37.704148+00:00
2026-08-22,a05ae0cd5516fbbcdd9fda35e698f70d,Indiana Fever @ New York Liberty,2026-08-22T23:00:00Z,New York Liberty,Indiana Fever,Caitlin Clark,,3PM,OVER,5.5,650,Fanatics,fanatics,player_threes_alternate,the-odds-api,2026-08-22T21:39:37.704148+00:00
2026-08-22,a05ae0cd5516fbbcdd9fda35e698f70d,Indiana Fever @ New York Liberty,2026-08-22T23:00:00Z,New York Liberty,Indiana Fever,Caitlin Clark,,3PM,OVER,6.5,1200,Fanatics,fanatics,player_threes_alternate,the-odds-api,2026-08-22T21:39:37.704148+00:00
2026-08-22,a05ae0cd5516fbbcdd9fda35e698f70d,Indiana Fever @ New York Liberty,2026-08-22T23:00:00Z,New York Liberty,Indiana Fever,Sophie Cunningham,,3PM,OVER,0.5,-375,Fanatics,fanatics,player_threes_alternate,the-odds-api,2026-08-22T21:39:37.704148+00:00
2026-08-22,a05ae0cd5516fbbcdd9fda35e698f70d,Indiana Fever @ New York Liberty,2026-08-22T23:00:00Z,New York Liberty,Indiana Fever,Sophie Cunningham,,3PM,OVER,1.5,125,Fanatics,fanatics,player_threes_alternate,the-odds-api,2026-08-22T21:39:37.704148+00:00
2026-08-22,a05ae0cd5516fbbcdd9fda35e698f70d,Indiana Fever @ New York Liberty,2026-08-22T23:00:00Z,New York Liberty,Indiana Fever,Sophie Cunningham,,3PM,OVER,2.5,340,Fanatics,fanatics,player_threes_alternate,the-odds-api,2026-08-22T21:39:37.704148+00:00
2026-08-22,a05ae0cd5516fbbcdd9fda35e698f70d,Indiana Fever @ New York Liberty,2026-08-22T23:00:00Z,New York Liberty,Indiana Fever,Sophie Cunningham,,3PM,OVER,3.5,850,Fanatics,fanatics,player_threes_alternate,the-odds-api,2026-08-22T21:39:37.704148+00:00
2026-08-22,a05ae0cd5516fbbcdd9fda35e698f70d,Indiana Fever @ New York Liberty,2026-08-22T23:00:00Z,New York Liberty,Indiana Fever,Jonquel Jones,,3PM,OVER,0.5,-525,Fanatics,fanatics,player_threes_alternate,the-odds-api,2026-08-22T21:39:37.704148+00:00
2026-08-22,a05ae0cd5516fbbcdd9fda35e698f70d,Indiana Fever @ New York Liberty,2026-08-22T23:00:00Z,New York Liberty,Indiana Fever,Jonquel Jones,,3PM,OVER,1.5,-115,Fanatics,fanatics,player_threes_alternate,the-odds-api,2026-08-22T21:39:37.704148+00:00
2026-08-22,a05ae0cd5516fbbcdd9fda35e698f70d,Indiana Fever @ New York Liberty,2026-08-22T23:00:00Z,New York Liberty,Indiana Fever,Jonquel Jones,,3PM,OVER,2.5,240,Fanatics,fanatics,player_threes_alternate,the-odds-api,2026-08-22T21:39:37.704148+00:00
2026-08-22,a05ae0cd5516fbbcdd9fda35e698f70d,Indiana Fever @ New York Liberty,2026-08-22T23:00:00Z,New York Liberty,Indiana Fever,Jonquel Jones,,3PM,OVER,3.5,600,Fanatics,fanatics,player_threes_alternate,the-odds-api,2026-08-22T21:39:37.704148+00:00
2026-08-22,a05ae0cd5516fbbcdd9fda35e698f70d,Indiana Fever @ New York Liberty,2026-08-22T23:00:00Z,New York Liberty,Indiana Fever,Jonquel Jones,,3PM,OVER,4.5,1200,Fanatics,fanatics,player_threes_alternate,the-odds-api,2026-08-22T21:39:37.704148+00:00
2026-08-22,a05ae0cd5516fbbcdd9fda35e698f70d,Indiana Fever @ New York Liberty,2026-08-22T23:00:00Z,New York Liberty,Indiana Fever,Breanna Stewart,,3PM,OVER,0.5,-225,Fanatics,fanatics,player_threes_alternate,the-odds-api,2026-08-22T21:39:37.704148+00:00
2026-08-22,a05ae0cd5516fbbcdd9fda35e698f70d,Indiana Fever @ New York Liberty,2026-08-22T23:00:00Z,New York Liberty,Indiana Fever,Breanna Stewart,,3PM,OVER,1.5,185,Fanatics,fanatics,player_threes_alternate,the-odds-api,2026-08-22T21:39:37.704148+00:00
2026-08-22,a05ae0cd5516fbbcdd9fda35e698f70d,Indiana Fever @ New York Liberty,2026-08-22T23:00:00Z,New York Liberty,Indiana Fever,Breanna Stewart,,3PM,OVER,2.5,550,Fanatics,fanatics,player_threes_alternate,the-odds-api,2026-08-22T21:39:37.704148+00:00
2026-08-22,a05ae0cd5516fbbcdd9fda35e698f70d,Indiana Fever @ New York Liberty,2026-08-22T23:00:00Z,New York Liberty,Indiana Fever,Breanna Stewart,,3PM,OVER,3.5,1400,Fanatics,fanatics,player_threes_alternate,the-odds-api,2026-08-22T21:39:37.704148+00:00
2026-08-22,a05ae0cd5516fbbcdd9fda35e698f70d,Indiana Fever @ New York Liberty,2026-08-22T23:00:00Z,New York Liberty,Indiana Fever,Caitlin Clark,,AST,OVER,5.5,-1120,DraftKings,draftkings,player_assists_alternate,the-odds-api,2026-08-22T21:39:37.704148+00:00
2026-08-22,a05ae0cd5516fbbcdd9fda35e698f70d,Indiana Fever @ New York Liberty,2026-08-22T23:00:00Z,New York Liberty,Indiana Fever,Caitlin Clark,,AST,OVER,6.5,-511,DraftKings,draftkings,player_assists_alternate,the-odds-api,2026-08-22T21:39:37.704148+00:00
2026-08-22,a05ae0cd5516fbbcdd9fda35e698f70d,Indiana Fever @ New York Liberty,2026-08-22T23:00:00Z,New York Liberty,Indiana Fever,Caitlin Clark,,AST,OVER,7.5,-265,DraftKings,draftkings,player_assists_alternate,the-odds-api,2026-08-22T21:39:37.704148+00:00
2026-08-22,a05ae0cd5516fbbcdd9fda35e698f70d,Indiana Fever @ New York Liberty,2026-08-22T23:00:00Z,New York Liberty,Indiana Fever,Caitlin Clark,,AST,OVER,8.5,-149,DraftKings,draftkings,player_assists_alternate,the-odds-api,2026-08-22T21:39:37.704148+00:00
2026-08-22,a05ae0cd5516fbbcdd9fda35e698f70d,Indiana Fever @ New York Liberty,2026-08-22T23:00:00Z,New York Liberty,Indiana Fever,Caitlin Clark,,AST,OVER,9.5,113,DraftKings,draftkings,player_assists_alternate,the-odds-api,2026-08-22T21:39:37.704148+00:00
2026-08-22,a05ae0cd5516fbbcdd9fda35e698f70d,Indiana Fever @ New York Liberty,2026-08-22T23:00:00Z,New York Liberty,Indiana Fever,Caitlin Clark,,AST,OVER,10.5,186,DraftKings,draftkings,player_assists_alternate,the-odds-api,2026-08-22T21:39:37.704148+00:00
2026-08-22,a05ae0cd5516fbbcdd9fda35e698f70d,Indiana Fever @ New York Liberty,2026-08-22T23:00:00Z,New York Liberty,Indiana Fever,Caitlin Clark,,AST,OVER,11.5,311,DraftKings,draftkings,player_assists_alternate,the-odds-api,2026-08-22T21:39:37.704148+00:00
2026-08-22,a05ae0cd5516fbbcdd9fda35e698f70d,Indiana Fever @ New York Liberty,2026-08-22T23:00:00Z,New York Liberty,Indiana Fever,Caitlin Clark,,AST,OVER,12.5,513,DraftKings,draftkings,player_assists_alternate,the-odds-api,2026-08-22T21:39:37.704148+00:00
2026-08-22,a05ae0cd5516fbbcdd9fda35e698f70d,Indiana Fever @ New York Liberty,2026-08-22T23:00:00Z,New York Liberty,Indiana Fever,Caitlin Clark,,AST,OVER,13.5,830,DraftKings,draftkings,player_assists_alternate,the-odds-api,2026-08-22T21:39:37.704148+00:00
2026-08-22,a05ae0cd5516fbbcdd9fda35e698f70d,Indiana Fever @ New York Liberty,2026-08-22T23:00:00Z,New York Liberty,Indiana Fever,Caitlin Clark,,AST,OVER,14.5,1340,DraftKings,draftkings,player_assists_alternate,the-odds-api,2026-08-22T21:39:37.704148+00:00
2026-08-22,a05ae0cd5516fbbcdd9fda35e698f70d,Indiana Fever @ New York Liberty,2026-08-22T23:00:00Z,New York Liberty,Indiana Fever,Sabrina Ionescu,,AST,OVER,2.5,-1060,DraftKings,draftkings,player_assists_alternate,the-odds-api,2026-08-22T21:39:37.704148+00:00
2026-08-22,a05ae0cd5516fbbcdd9fda35e698f70d,Indiana Fever @ New York Liberty,2026-08-22T23:00:00Z,New York Liberty,Indiana Fever,Sabrina Ionescu,,AST,OVER,3.5,-397,DraftKings,draftkings,player_assists_alternate,the-odds-api,2026-08-22T21:39:37.704148+00:00
2026-08-22,a05ae0cd5516fbbcdd9fda35e698f70d,Indiana Fever @ New York Liberty,2026-08-22T23:00:00Z,New York Liberty,Indiana Fever,Sabrina Ionescu,,AST,OVER,4.5,-190,DraftKings,draftkings,player_assists_alternate,the-odds-api,2026-08-22T21:39:37.704148+00:00
2026-08-22,a05ae0cd5516fbbcdd9fda35e698f70d,Indiana Fever @ New York Liberty,2026-08-22T23:00:00Z,New York Liberty,Indiana Fever,Sabrina Ionescu,,AST,OVER,5.5,100,DraftKings,draftkings,player_assists_alternate,the-odds-api,2026-08-22T21:39:37.704148+00:00
2026-08-22,a05ae0cd5516fbbcdd9fda35e698f70d,Indiana Fever @ New York Liberty,2026-08-22T23:00:00Z,New York Liberty,Indiana Fever,Sabrina Ionescu,,AST,OVER,6.5,181,DraftKings,draftkings,player_assists_alternate,the-odds-api,2026-08-22T21:39:37.704148+00:00
2026-08-22,a05ae0cd5516fbbcdd9fda35e698f70d,Indiana Fever @ New York Liberty,2026-08-22T23:00:00Z,New York Liberty,Indiana Fever,Sabrina Ionescu,,AST,OVER,7.5,324,DraftKings,draftkings,player_assists_alternate,the-odds-api,2026-08-22T21:39:37.704148+00:00
2026-08-22,a05ae0cd5516fbbcdd9fda35e698f70d,Indiana Fever @ New York Liberty,2026-08-22T23:00:00Z,New York Liberty,Indiana Fever,Sabrina Ionescu,,AST,OVER,8.5,570,DraftKings,draftkings,player_assists_alternate,the-odds-api,2026-08-22T21:39:37.704148+00:00
2026-08-22,a05ae0cd5516fbbcdd9fda35e698f70d,Indiana Fever @ New York Liberty,2026-08-22T23:00:00Z,New York Liberty,Indiana Fever,Sabrina Ionescu,,AST,OVER,9.5,970,DraftKings,draftkings,player_assists_alternate,the-odds-api,2026-08-22T21:39:37.704148+00:00
2026-08-22,a05ae0cd5516fbbcdd9fda35e698f70d,Indiana Fever @ New York Liberty,2026-08-22T23:00:00Z,New York Liberty,Indiana Fever,Sabrina Ionescu,,AST,OVER,10.5,1620,DraftKings,draftkings,player_assists_alternate,the-odds-api,2026-08-22T21:39:37.704148+00:00
2026-08-22,a05ae0cd5516fbbcdd9fda35e698f70d,Indiana Fever @ New York Liberty,2026-08-22T23:00:00Z,New York Liberty,Indiana Fever,Breanna Stewart,,AST,OVER,2.5,-272,DraftKings,draftkings,player_assists_alternate,the-odds-api,2026-08-22T21:39:37.704148+00:00
2026-08-22,a05ae0cd5516fbbcdd9fda35e698f70d,Indiana Fever @ New York Liberty,2026-08-22T23:00:00Z,New York Liberty,Indiana Fever,Breanna Stewart,,AST,OVER,3.5,-110,DraftKings,draftkings,player_assists_alternate,the-odds-api,2026-08-22T21:39:37.704148+00:00
2026-08-22,a05ae0cd5516fbbcdd9fda35e698f70d,Indiana Fever @ New York Liberty,2026-08-22T23:00:00Z,New York Liberty,Indiana Fever,Breanna Stewart,,AST,OVER,4.5,199,DraftKings,draftkings,player_assists_alternate,the-odds-api,2026-08-22T21:39:37.704148+00:00
2026-08-22,a05ae0cd5516fbbcdd9fda35e698f70d,Indiana Fever @ New York Liberty,2026-08-22T23:00:00Z,New York Liberty,Indiana Fever,Breanna Stewart,,AST,OVER,5.5,415,DraftKings,draftkings,player_assists_alternate,the-odds-api,2026-08-22T21:39:37.704148+00:00
2026-08-22,a05ae0cd5516fbbcdd9fda35e698f70d,Indiana Fever @ New York Liberty,2026-08-22T23:00:00Z,New York Liberty,Indiana Fever,Breanna Stewart,,AST,OVER,6.5,830,DraftKings,draftkings,player_assists_alternate,the-odds-api,2026-08-22T21:39:37.704148+00:00
2026-08-22,a05ae0cd5516fbbcdd9fda35e698f70d,Indiana Fever @ New York Liberty,2026-08-22T23:00:00Z,New York Liberty,Indiana Fever,Breanna Stewart,,AST,OVER,7.5,1540,DraftKings,draftkings,player_assists_alternate,the-odds-api,2026-08-22T21:39:37.704148+00:00
2026-08-22,a05ae0cd5516fbbcdd9fda35e698f70d,Indiana Fever @ New York Liberty,2026-08-22T23:00:00Z,New York Liberty,Indiana Fever,Aliyah Boston,,AST,OVER,2.5,-175,DraftKings,draftkings,player_assists_alternate,the-odds-api,2026-08-22T21:39:37.704148+00:00
2026-08-22,a05ae0cd5516fbbcdd9fda35e698f70d,Indiana Fever @ New York Liberty,2026-08-22T23:00:00Z,New York Liberty,Indiana Fever,Aliyah Boston,,AST,OVER,3.5,137,DraftKings,draftkings,player_assists_alternate,the-odds-api,2026-08-22T21:39:37.704148+00:00
2026-08-22,a05ae0cd5516fbbcdd9fda35e698f70d,Indiana Fever @ New York Liberty,2026-08-22T23:00:00Z,New York Liberty,Indiana Fever,Aliyah Boston,,AST,OVER,4.5,286,DraftKings,draftkings,player_assists_alternate,the-odds-api,2026-08-22T21:39:37.704148+00:00
2026-08-22,a05ae0cd5516fbbcdd9fda35e698f70d,Indiana Fever @ New York Liberty,2026-08-22T23:00:00Z,New York Liberty,Indiana Fever,Aliyah Boston,,AST,OVER,5.5,592,DraftKings,draftkings,player_assists_alternate,the-odds-api,2026-08-22T21:39:37.704148+00:00
2026-08-22,a05ae0cd5516fbbcdd9fda35e698f70d,Indiana Fever @ New York Liberty,2026-08-22T23:00:00Z,New York Liberty,Indiana Fever,Aliyah Boston,,AST,OVER,6.5,1160,DraftKings,draftkings,player_assists_alternate,the-odds-api,2026-08-22T21:39:37.704148+00:00
2026-08-22,a05ae0cd5516fbbcdd9fda35e698f70d,Indiana Fever @ New York Liberty,2026-08-22T23:00:00Z,New York Liberty,Indiana Fever,Pauline Astier,,AST,OVER,2.5,-144,DraftKings,draftkings,player_assists_alternate,the-odds-api,2026-08-22T21:39:37.704148+00:00
2026-08-22,a05ae0cd5516fbbcdd9fda35e698f70d,Indiana Fever @ New York Liberty,2026-08-22T23:00:00Z,New York Liberty,Indiana Fever,Pauline Astier,,AST,OVER,3.5,175,DraftKings,draftkings,player_assists_alternate,the-odds-api,2026-08-22T21:39:37.704148+00:00
2026-08-22,a05ae0cd5516fbbcdd9fda35e698f70d,Indiana Fever @ New York Liberty,2026-08-22T23:00:00Z,New York Liberty,Indiana Fever,Pauline Astier,,AST,OVER,4.5,402,DraftKings,draftkings,player_assists_alternate,the-odds-api,2026-08-22T21:39:37.704148+00:00
2026-08-22,a05ae0cd5516fbbcdd9fda35e698f70d,Indiana Fever @ New York Liberty,2026-08-22T23:00:00Z,New York Liberty,Indiana Fever,Pauline Astier,,AST,OVER,5.5,890,DraftKings,draftkings,player_assists_alternate,the-odds-api,2026-08-22T21:39:37.704148+00:00
2026-08-22,a05ae0cd5516fbbcdd9fda35e698f70d,Indiana Fever @ New York Liberty,2026-08-22T23:00:00Z,New York Liberty,Indiana Fever,Jonquel Jones,,AST,OVER,2.5,-106,DraftKings,draftkings,player_assists_alternate,the-odds-api,2026-08-22T21:39:37.704148+00:00
2026-08-22,a05ae0cd5516fbbcdd9fda35e698f70d,Indiana Fever @ New York Liberty,2026-08-22T23:00:00Z,New York Liberty,Indiana Fever,Jonquel Jones,,AST,OVER,3.5,238,DraftKings,draftkings,player_assists_alternate,the-odds-api,2026-08-22T21:39:37.704148+00:00
2026-08-22,a05ae0cd5516fbbcdd9fda35e698f70d,Indiana Fever @ New York Liberty,2026-08-22T23:00:00Z,New York Liberty,Indiana Fever,Jonquel Jones,,AST,OVER,4.5,555,DraftKings,draftkings,player_assists_alternate,the-odds-api,2026-08-22T21:39:37.704148+00:00
2026-08-22,a05ae0cd5516fbbcdd9fda35e698f70d,Indiana Fever @ New York Liberty,2026-08-22T23:00:00Z,New York Liberty,Indiana Fever,Jonquel Jones,,AST,OVER,5.5,1200,DraftKings,draftkings,player_assists_alternate,the-odds-api,2026-08-22T21:39:37.704148+00:00
2026-08-22,a05ae0cd5516fbbcdd9fda35e698f70d,Indiana Fever @ New York Liberty,2026-08-22T23:00:00Z,New York Liberty,Indiana Fever,Kelsey Mitchell,,AST,OVER,2.5,118,DraftKings,draftkings,player_assists_alternate,the-odds-api,2026-08-22T21:39:37.704148+00:00
2026-08-22,a05ae0cd5516fbbcdd9fda35e698f70d,Indiana Fever @ New York Liberty,2026-08-22T23:00:00Z,New York Liberty,Indiana Fever,Kelsey Mitchell,,AST,OVER,3.5,300,DraftKings,draftkings,player_assists_alternate,the-odds-api,2026-08-22T21:39:37.704148+00:00
2026-08-22,a05ae0cd5516fbbcdd9fda35e698f70d,Indiana Fever @ New York Liberty,2026-08-22T23:00:00Z,New York Liberty,Indiana Fever,Kelsey Mitchell,,AST,OVER,4.5,690,DraftKings,draftkings,player_assists_alternate,the-odds-api,2026-08-22T21:39:37.704148+00:00
2026-08-22,a05ae0cd5516fbbcdd9fda35e698f70d,Indiana Fever @ New York Liberty,2026-08-22T23:00:00Z,New York Liberty,Indiana Fever,Kelsey Mitchell,,AST,OVER,5.5,1460,DraftKings,draftkings,player_assists_alternate,the-odds-api,2026-08-22T21:39:37.704148+00:00
2026-08-22,a05ae0cd5516fbbcdd9fda35e698f70d,Indiana Fever @ New York Liberty,2026-08-22T23:00:00Z,New York Liberty,Indiana Fever,Kelsey Mitchell,,PTS,OVER,14.5,-2400,DraftKings,draftkings,player_points_alternate,the-odds-api,2026-08-22T21:39:37.704148+00:00
2026-08-22,a05ae0cd5516fbbcdd9fda35e698f70d,Indiana Fever @ New York Liberty,2026-08-22T23:00:00Z,New York Liberty,Indiana Fever,Kelsey Mitchell,,PTS,OVER,17.5,-830,DraftKings,draftkings,player_points_alternate,the-odds-api,2026-08-22T21:39:37.704148+00:00
2026-08-22,a05ae0cd5516fbbcdd9fda35e698f70d,Indiana Fever @ New York Liberty,2026-08-22T23:00:00Z,New York Liberty,Indiana Fever,Kelsey Mitchell,,PTS,OVER,19.5,-477,DraftKings,draftkings,player_points_alternate,the-odds-api,2026-08-22T21:39:37.704148+00:00
2026-08-22,a05ae0cd5516fbbcdd9fda35e698f70d,Indiana Fever @ New York Liberty,2026-08-22T23:00:00Z,New York Liberty,Indiana Fever,Kelsey Mitchell,,PTS,OVER,24.5,-151,DraftKings,draftkings,player_points_alternate,the-odds-api,2026-08-22T21:39:37.704148+00:00
2026-08-22,a05ae0cd5516fbbcdd9fda35e698f70d,Indiana Fever @ New York Liberty,2026-08-22T23:00:00Z,New York Liberty,Indiana Fever,Kelsey Mitchell,,PTS,OVER,25.5,-123,DraftKings,draftkings,player_points_alternate,the-odds-api,2026-08-22T21:39:37.704148+00:00
2026-08-22,a05ae0cd5516fbbcdd9fda35e698f70d,Indiana Fever @ New York Liberty,2026-08-22T23:00:00Z,New York Liberty,Indiana Fever,Kelsey Mitchell,,PTS,OVER,29.5,186,DraftKings,draftkings,player_points_alternate,the-odds-api,2026-08-22T21:39:37.704148+00:00
2026-08-22,a05ae0cd5516fbbcdd9fda35e698f70d,Indiana Fever @ New York Liberty,2026-08-22T23:00:00Z,New York Liberty,Indiana Fever,Kelsey Mitchell,,PTS,OVER,34.5,490,DraftKings,draftkings,player_points_alternate,the-odds-api,2026-08-22T21:39:37.704148+00:00
2026-08-22,a05ae0cd5516fbbcdd9fda35e698f70d,Indiana Fever @ New York Liberty,2026-08-22T23:00:00Z,New York Liberty,Indiana Fever,Kelsey Mitchell,,PTS,OVER,39.5,1320,DraftKings,draftkings,player_points_alternate,the-odds-api,2026-08-22T21:39:37.704148+00:00
2026-08-22,a05ae0cd5516fbbcdd9fda35e698f70d,Indiana Fever @ New York Liberty,2026-08-22T23:00:00Z,New York Liberty,Indiana Fever,Caitlin Clark,,PTS,OVER,11.5,-1480,DraftKings,draftkings,player_points_alternate,the-odds-api,2026-08-22T21:39:37.704148+00:00
2026-08-22,a05ae0cd5516fbbcdd9fda35e698f70d,Indiana Fever @ New York Liberty,2026-08-22T23:00:00Z,New York Liberty,Indiana Fever,Caitlin Clark,,PTS,OVER,14.5,-570,DraftKings,draftkings,player_points_alternate,the-odds-api,2026-08-22T21:39:37.704148+00:00
2026-08-22,a05ae0cd5516fbbcdd9fda35e698f70d,Indiana Fever @ New York Liberty,2026-08-22T23:00:00Z,New York Liberty,Indiana Fever,Caitlin Clark,,PTS,OVER,17.5,-273,DraftKings,draftkings,player_points_alternate,the-odds-api,2026-08-22T21:39:37.704148+00:00
2026-08-22,a05ae0cd5516fbbcdd9fda35e698f70d,Indiana Fever @ New York Liberty,2026-08-22T23:00:00Z,New York Liberty,Indiana Fever,Caitlin Clark,,PTS,OVER,19.5,-180,DraftKings,draftkings,player_points_alternate,the-odds-api,2026-08-22T21:39:37.704148+00:00
2026-08-22,a05ae0cd5516fbbcdd9fda35e698f70d,Indiana Fever @ New York Liberty,2026-08-22T23:00:00Z,New York Liberty,Indiana Fever,Caitlin Clark,,PTS,OVER,21.5,-121,DraftKings,draftkings,player_points_alternate,the-odds-api,2026-08-22T21:39:37.704148+00:00
2026-08-22,a05ae0cd5516fbbcdd9fda35e698f70d,Indiana Fever @ New York Liberty,2026-08-22T23:00:00Z,New York Liberty,Indiana Fever,Caitlin Clark,,PTS,OVER,24.5,142,DraftKings,draftkings,player_points_alternate,the-odds-api,2026-08-22T21:39:37.704148+00:00
2026-08-22,a05ae0cd5516fbbcdd9fda35e698f70d,Indiana Fever @ New York Liberty,2026-08-22T23:00:00Z,New York Liberty,Indiana Fever,Caitlin Clark,,PTS,OVER,29.5,342,DraftKings,draftkings,player_points_alternate,the-odds-api,2026-08-22T21:39:37.704148+00:00
2026-08-22,a05ae0cd5516fbbcdd9fda35e698f70d,Indiana Fever @ New York Liberty,2026-08-22T23:00:00Z,New York Liberty,Indiana Fever,Caitlin Clark,,PTS,OVER,34.5,800,DraftKings,draftkings,player_points_alternate,the-odds-api,2026-08-22T21:39:37.704148+00:00
2026-08-22,a05ae0cd5516fbbcdd9fda35e698f70d,Indiana Fever @ New York Liberty,2026-08-22T23:00:00Z,New York Liberty,Indiana Fever,Caitlin Clark,,PTS,OVER,39.5,1680,DraftKings,draftkings,player_points_alternate,the-odds-api,2026-08-22T21:39:37.704148+00:00
2026-08-22,a05ae0cd5516fbbcdd9fda35e698f70d,Indiana Fever @ New York Liberty,2026-08-22T23:00:00Z,New York Liberty,Indiana Fever,Breanna Stewart,,PTS,OVER,11.5,-2800,DraftKings,draftkings,player_points_alternate,the-odds-api,2026-08-22T21:39:37.704148+00:00
2026-08-22,a05ae0cd5516fbbcdd9fda35e698f70d,Indiana Fever @ New York Liberty,2026-08-22T23:00:00Z,New York Liberty,Indiana Fever,Breanna Stewart,,PTS,OVER,14.5,-850,DraftKings,draftkings,player_points_alternate,the-odds-api,2026-08-22T21:39:37.704148+00:00
2026-08-22,a05ae0cd5516fbbcdd9fda35e698f70d,Indiana Fever @ New York Liberty,2026-08-22T23:00:00Z,New York Liberty,Indiana Fever,Breanna Stewart,,PTS,OVER,17.5,-363,DraftKings,draftkings,player_points_alternate,the-odds-api,2026-08-22T21:39:37.704148+00:00
2026-08-22,a05ae0cd5516fbbcdd9fda35e698f70d,Indiana Fever @ New York Liberty,2026-08-22T23:00:00Z,New York Liberty,Indiana Fever,Breanna Stewart,,PTS,OVER,19.5,-227,DraftKings,draftkings,player_points_alternate,the-odds-api,2026-08-22T21:39:37.704148+00:00
2026-08-22,a05ae0cd5516fbbcdd9fda35e698f70d,Indiana Fever @ New York Liberty,2026-08-22T23:00:00Z,New York Liberty,Indiana Fever,Breanna Stewart,,PTS,OVER,22.5,-117,DraftKings,draftkings,player_points_alternate,the-odds-api,2026-08-22T21:39:37.704148+00:00
2026-08-22,a05ae0cd5516fbbcdd9fda35e698f70d,Indiana Fever @ New York Liberty,2026-08-22T23:00:00Z,New York Liberty,Indiana Fever,Breanna Stewart,,PTS,OVER,24.5,131,DraftKings,draftkings,player_points_alternate,the-odds-api,2026-08-22T21:39:37.704148+00:00
2026-08-22,a05ae0cd5516fbbcdd9fda35e698f70d,Indiana Fever @ New York Liberty,2026-08-22T23:00:00Z,New York Liberty,Indiana Fever,Breanna Stewart,,PTS,OVER,29.5,359,DraftKings,draftkings,player_points_alternate,the-odds-api,2026-08-22T21:39:37.704148+00:00
2026-08-22,a05ae0cd5516fbbcdd9fda35e698f70d,Indiana Fever @ New York Liberty,2026-08-22T23:00:00Z,New York Liberty,Indiana Fever,Breanna Stewart,,PTS,OVER,34.5,970,DraftKings,draftkings,player_points_alternate,the-odds-api,2026-08-22T21:39:37.704148+00:00
2026-08-22,a05ae0cd5516fbbcdd9fda35e698f70d,Indiana Fever @ New York Liberty,2026-08-22T23:00:00Z,New York Liberty,Indiana Fever,Sabrina Ionescu,,PTS,OVER,9.5,-1540,DraftKings,draftkings,player_points_alternate,the-odds-api,2026-08-22T21:39:37.704148+00:00
2026-08-22,a05ae0cd5516fbbcdd9fda35e698f70d,Indiana Fever @ New York Liberty,2026-08-22T23:00:00Z,New York Liberty,Indiana Fever,Sabrina Ionescu,,PTS,OVER,11.5,-700,DraftKings,draftkings,player_points_alternate,the-odds-api,2026-08-22T21:39:37.704148+00:00
2026-08-22,a05ae0cd5516fbbcdd9fda35e698f70d,Indiana Fever @ New York Liberty,2026-08-22T23:00:00Z,New York Liberty,Indiana Fever,Sabrina Ionescu,,PTS,OVER,14.5,-291,DraftKings,draftkings,player_points_alternate,the-odds-api,2026-08-22T21:39:37.704148+00:00
2026-08-22,a05ae0cd5516fbbcdd9fda35e698f70d,Indiana Fever @ New York Liberty,2026-08-22T23:00:00Z,New York Liberty,Indiana Fever,Sabrina Ionescu,,PTS,OVER,17.5,-138,DraftKings,draftkings,player_points_alternate,the-odds-api,2026-08-22T21:39:37.704148+00:00
2026-08-22,a05ae0cd5516fbbcdd9fda35e698f70d,Indiana Fever @ New York Liberty,2026-08-22T23:00:00Z,New York Liberty,Indiana Fever,Sabrina Ionescu,,PTS,OVER,18.5,-110,DraftKings,draftkings,player_points_alternate,the-odds-api,2026-08-22T21:39:37.704148+00:00
2026-08-22,a05ae0cd5516fbbcdd9fda35e698f70d,Indiana Fever @ New York Liberty,2026-08-22T23:00:00Z,New York Liberty,Indiana Fever,Sabrina Ionescu,,PTS,OVER,19.5,115,DraftKings,draftkings,player_points_alternate,the-odds-api,2026-08-22T21:39:37.704148+00:00
2026-08-22,a05ae0cd5516fbbcdd9fda35e698f70d,Indiana Fever @ New York Liberty,2026-08-22T23:00:00Z,New York Liberty,Indiana Fever,Sabrina Ionescu,,PTS,OVER,24.5,343,DraftKings,draftkings,player_points_alternate,the-odds-api,2026-08-22T21:39:37.704148+00:00
2026-08-22,a05ae0cd5516fbbcdd9fda35e698f70d,Indiana Fever @ New York Liberty,2026-08-22T23:00:00Z,New York Liberty,Indiana Fever,Sabrina Ionescu,,PTS,OVER,29.5,980,DraftKings,draftkings,player_points_alternate,the-odds-api,2026-08-22T21:39:37.704148+00:00
2026-08-22,a05ae0cd5516fbbcdd9fda35e698f70d,Indiana Fever @ New York Liberty,2026-08-22T23:00:00Z,New York Liberty,Indiana Fever,Aliyah Boston,,PTS,OVER,7.5,-2200,DraftKings,draftkings,player_points_alternate,the-odds-api,2026-08-22T21:39:37.704148+00:00
2026-08-22,a05ae0cd5516fbbcdd9fda35e698f70d,Indiana Fever @ New York Liberty,2026-08-22T23:00:00Z,New York Liberty,Indiana Fever,Aliyah Boston,,PTS,OVER,9.5,-810,DraftKings,draftkings,player_points_alternate,the-odds-api,2026-08-22T21:39:37.704148+00:00
2026-08-22,a05ae0cd5516fbbcdd9fda35e698f70d,Indiana Fever @ New York Liberty,2026-08-22T23:00:00Z,New York Liberty,Indiana Fever,Aliyah Boston,,PTS,OVER,11.5,-394,DraftKings,draftkings,player_points_alternate,the-odds-api,2026-08-22T21:39:37.704148+00:00
2026-08-22,a05ae0cd5516fbbcdd9fda35e698f70d,Indiana Fever @ New York Liberty,2026-08-22T23:00:00Z,New York Liberty,Indiana Fever,Aliyah Boston,,PTS,OVER,14.5,-160,DraftKings,draftkings,player_points_alternate,the-odds-api,2026-08-22T21:39:37.704148+00:00
2026-08-22,a05ae0cd5516fbbcdd9fda35e698f70d,Indiana Fever @ New York Liberty,2026-08-22T23:00:00Z,New York Liberty,Indiana Fever,Aliyah Boston,,PTS,OVER,15.5,-123,DraftKings,draftkings,player_points_alternate,the-odds-api,2026-08-22T21:39:37.704148+00:00
2026-08-22,a05ae0cd5516fbbcdd9fda35e698f70d,Indiana Fever @ New York Liberty,2026-08-22T23:00:00Z,New York Liberty,Indiana Fever,Aliyah Boston,,PTS,OVER,17.5,133,DraftKings,draftkings,player_points_alternate,the-odds-api,2026-08-22T21:39:37.704148+00:00
2026-08-22,a05ae0cd5516fbbcdd9fda35e698f70d,Indiana Fever @ New York Liberty,2026-08-22T23:00:00Z,New York Liberty,Indiana Fever,Aliyah Boston,,PTS,OVER,19.5,216,DraftKings,draftkings,player_points_alternate,the-odds-api,2026-08-22T21:39:37.704148+00:00
2026-08-22,a05ae0cd5516fbbcdd9fda35e698f70d,Indiana Fever @ New York Liberty,2026-08-22T23:00:00Z,New York Liberty,Indiana Fever,Aliyah Boston,,PTS,OVER,24.5,700,DraftKings,draftkings,player_points_alternate,the-odds-api,2026-08-22T21:39:37.704148+00:00
2026-08-22,a05ae0cd5516fbbcdd9fda35e698f70d,Indiana Fever @ New York Liberty,2026-08-22T23:00:00Z,New York Liberty,Indiana Fever,Jonquel Jones,,PTS,OVER,7.5,-1360,DraftKings,draftkings,player_points_alternate,the-odds-api,2026-08-22T21:39:37.704148+00:00
2026-08-22,a05ae0cd5516fbbcdd9fda35e698f70d,Indiana Fever @ New York Liberty,2026-08-22T23:00:00Z,New York Liberty,Indiana Fever,Jonquel Jones,,PTS,OVER,9.5,-558,DraftKings,draftkings,player_points_alternate,the-odds-api,2026-08-22T21:39:37.704148+00:00
2026-08-22,a05ae0cd5516fbbcdd9fda35e698f70d,Indiana Fever @ New York Liberty,2026-08-22T23:00:00Z,New York Liberty,Indiana Fever,Jonquel Jones,,PTS,OVER,11.5,-293,DraftKings,draftkings,player_points_alternate,the-odds-api,2026-08-22T21:39:37.704148+00:00
2026-08-22,a05ae0cd5516fbbcdd9fda35e698f70d,Indiana Fever @ New York Liberty,2026-08-22T23:00:00Z,New York Liberty,Indiana Fever,Jonquel Jones,,PTS,OVER,14.5,-124,DraftKings,draftkings,player_points_alternate,the-odds-api,2026-08-22T21:39:37.704148+00:00
2026-08-22,a05ae0cd5516fbbcdd9fda35e698f70d,Indiana Fever @ New York Liberty,2026-08-22T23:00:00Z,New York Liberty,Indiana Fever,Jonquel Jones,,PTS,OVER,17.5,172,DraftKings,draftkings,player_points_alternate,the-odds-api,2026-08-22T21:39:37.704148+00:00
2026-08-22,a05ae0cd5516fbbcdd9fda35e698f70d,Indiana Fever @ New York Liberty,2026-08-22T23:00:00Z,New York Liberty,Indiana Fever,Jonquel Jones,,PTS,OVER,19.5,272,DraftKings,draftkings,player_points_alternate,the-odds-api,2026-08-22T21:39:37.704148+00:00
2026-08-22,a05ae0cd5516fbbcdd9fda35e698f70d,Indiana Fever @ New York Liberty,2026-08-22T23:00:00Z,New York Liberty,Indiana Fever,Jonquel Jones,,PTS,OVER,24.5,850,DraftKings,draftkings,player_points_alternate,the-odds-api,2026-08-22T21:39:37.704148+00:00
2026-08-22,a05ae0cd5516fbbcdd9fda35e698f70d,Indiana Fever @ New York Liberty,2026-08-22T23:00:00Z,New York Liberty,Indiana Fever,Marine Johannes,,PTS,OVER,5.5,-280,DraftKings,draftkings,player_points_alternate,the-odds-api,2026-08-22T21:39:37.704148+00:00
2026-08-22,a05ae0cd5516fbbcdd9fda35e698f70d,Indiana Fever @ New York Liberty,2026-08-22T23:00:00Z,New York Liberty,Indiana Fever,Marine Johannes,,PTS,OVER,7.5,-141,DraftKings,draftkings,player_points_alternate,the-odds-api,2026-08-22T21:39:37.704148+00:00
2026-08-22,a05ae0cd5516fbbcdd9fda35e698f70d,Indiana Fever @ New York Liberty,2026-08-22T23:00:00Z,New York Liberty,Indiana Fever,Marine Johannes,,PTS,OVER,8.5,104,DraftKings,draftkings,player_points_alternate,the-odds-api,2026-08-22T21:39:37.704148+00:00
2026-08-22,a05ae0cd5516fbbcdd9fda35e698f70d,Indiana Fever @ New York Liberty,2026-08-22T23:00:00Z,New York Liberty,Indiana Fever,Marine Johannes,,PTS,OVER,9.5,143,DraftKings,draftkings,player_points_alternate,the-odds-api,2026-08-22T21:39:37.704148+00:00
2026-08-22,a05ae0cd5516fbbcdd9fda35e698f70d,Indiana Fever @ New York Liberty,2026-08-22T23:00:00Z,New York Liberty,Indiana Fever,Marine Johannes,,PTS,OVER,11.5,255,DraftKings,draftkings,player_points_alternate,the-odds-api,2026-08-22T21:39:37.704148+00:00
2026-08-22,a05ae0cd5516fbbcdd9fda35e698f70d,Indiana Fever @ New York Liberty,2026-08-22T23:00:00Z,New York Liberty,Indiana Fever,Marine Johannes,,PTS,OVER,14.5,582,DraftKings,draftkings,player_points_alternate,the-odds-api,2026-08-22T21:39:37.704148+00:00
2026-08-22,a05ae0cd5516fbbcdd9fda35e698f70d,Indiana Fever @ New York Liberty,2026-08-22T23:00:00Z,New York Liberty,Indiana Fever,Marine Johannes,,PTS,OVER,17.5,1220,DraftKings,draftkings,player_points_alternate,the-odds-api,2026-08-22T21:39:37.704148+00:00
2026-08-22,a05ae0cd5516fbbcdd9fda35e698f70d,Indiana Fever @ New York Liberty,2026-08-22T23:00:00Z,New York Liberty,Indiana Fever,Sophie Cunningham,,PTS,OVER,5.5,-218,DraftKings,draftkings,player_points_alternate,the-odds-api,2026-08-22T21:39:37.704148+00:00
2026-08-22,a05ae0cd5516fbbcdd9fda35e698f70d,Indiana Fever @ New York Liberty,2026-08-22T23:00:00Z,New York Liberty,Indiana Fever,Sophie Cunningham,,PTS,OVER,7.5,-106,DraftKings,draftkings,player_points_alternate,the-odds-api,2026-08-22T21:39:37.704148+00:00
2026-08-22,a05ae0cd5516fbbcdd9fda35e698f70d,Indiana Fever @ New York Liberty,2026-08-22T23:00:00Z,New York Liberty,Indiana Fever,Sophie Cunningham,,PTS,OVER,9.5,189,DraftKings,draftkings,player_points_alternate,the-odds-api,2026-08-22T21:39:37.704148+00:00
2026-08-22,a05ae0cd5516fbbcdd9fda35e698f70d,Indiana Fever @ New York Liberty,2026-08-22T23:00:00Z,New York Liberty,Indiana Fever,Sophie Cunningham,,PTS,OVER,11.5,346,DraftKings,draftkings,player_points_alternate,the-odds-api,2026-08-22T21:39:37.704148+00:00
2026-08-22,a05ae0cd5516fbbcdd9fda35e698f70d,Indiana Fever @ New York Liberty,2026-08-22T23:00:00Z,New York Liberty,Indiana Fever,Sophie Cunningham,,PTS,OVER,14.5,840,DraftKings,draftkings,player_points_alternate,the-odds-api,2026-08-22T21:39:37.704148+00:00
2026-08-22,a05ae0cd5516fbbcdd9fda35e698f70d,Indiana Fever @ New York Liberty,2026-08-22T23:00:00Z,New York Liberty,Indiana Fever,Makayla Timpson,,PTS,OVER,5.5,-256,DraftKings,draftkings,player_points_alternate,the-odds-api,2026-08-22T21:39:37.704148+00:00
2026-08-22,a05ae0cd5516fbbcdd9fda35e698f70d,Indiana Fever @ New York Liberty,2026-08-22T23:00:00Z,New York Liberty,Indiana Fever,Makayla Timpson,,PTS,OVER,7.5,-112,DraftKings,draftkings,player_points_alternate,the-odds-api,2026-08-22T21:39:37.704148+00:00
2026-08-22,a05ae0cd5516fbbcdd9fda35e698f70d,Indiana Fever @ New York Liberty,2026-08-22T23:00:00Z,New York Liberty,Indiana Fever,Makayla Timpson,,PTS,OVER,9.5,180,DraftKings,draftkings,player_points_alternate,the-odds-api,2026-08-22T21:39:37.704148+00:00
2026-08-22,a05ae0cd5516fbbcdd9fda35e698f70d,Indiana Fever @ New York Liberty,2026-08-22T23:00:00Z,New York Liberty,Indiana Fever,Makayla Timpson,,PTS,OVER,11.5,347,DraftKings,draftkings,player_points_alternate,the-odds-api,2026-08-22T21:39:37.704148+00:00
2026-08-22,a05ae0cd5516fbbcdd9fda35e698f70d,Indiana Fever @ New York Liberty,2026-08-22T23:00:00Z,New York Liberty,Indiana Fever,Makayla Timpson,,PTS,OVER,14.5,900,DraftKings,draftkings,player_points_alternate,the-odds-api,2026-08-22T21:39:37.704148+00:00
2026-08-22,a05ae0cd5516fbbcdd9fda35e698f70d,Indiana Fever @ New York Liberty,2026-08-22T23:00:00Z,New York Liberty,Indiana Fever,Pauline Astier,,PTS,OVER,5.5,-261,DraftKings,draftkings,player_points_alternate,the-odds-api,2026-08-22T21:39:37.704148+00:00
2026-08-22,a05ae0cd5516fbbcdd9fda35e698f70d,Indiana Fever @ New York Liberty,2026-08-22T23:00:00Z,New York Liberty,Indiana Fever,Pauline Astier,,PTS,OVER,7.5,-112,DraftKings,draftkings,player_points_alternate,the-odds-api,2026-08-22T21:39:37.704148+00:00
2026-08-22,a05ae0cd5516fbbcdd9fda35e698f70d,Indiana Fever @ New York Liberty,2026-08-22T23:00:00Z,New York Liberty,Indiana Fever,Pauline Astier,,PTS,OVER,9.5,183,DraftKings,draftkings,player_points_alternate,the-odds-api,2026-08-22T21:39:37.704148+00:00
2026-08-22,a05ae0cd5516fbbcdd9fda35e698f70d,Indiana Fever @ New York Liberty,2026-08-22T23:00:00Z,New York Liberty,Indiana Fever,Pauline Astier,,PTS,OVER,11.5,369,DraftKings,draftkings,player_points_alternate,the-odds-api,2026-08-22T21:39:37.704148+00:00
2026-08-22,a05ae0cd5516fbbcdd9fda35e698f70d,Indiana Fever @ New York Liberty,2026-08-22T23:00:00Z,New York Liberty,Indiana Fever,Pauline Astier,,PTS,OVER,14.5,950,DraftKings,draftkings,player_points_alternate,the-odds-api,2026-08-22T21:39:37.704148+00:00
2026-08-22,a05ae0cd5516fbbcdd9fda35e698f70d,Indiana Fever @ New York Liberty,2026-08-22T23:00:00Z,New York Liberty,Indiana Fever,Rebecca Allen,,PTS,OVER,5.5,-181,DraftKings,draftkings,player_points_alternate,the-odds-api,2026-08-22T21:39:37.704148+00:00
2026-08-22,a05ae0cd5516fbbcdd9fda35e698f70d,Indiana Fever @ New York Liberty,2026-08-22T23:00:00Z,New York Liberty,Indiana Fever,Rebecca Allen,,PTS,OVER,6.5,-126,DraftKings,draftkings,player_points_alternate,the-odds-api,2026-08-22T21:39:37.704148+00:00
2026-08-22,a05ae0cd5516fbbcdd9fda35e698f70d,Indiana Fever @ New York Liberty,2026-08-22T23:00:00Z,New York Liberty,Indiana Fever,Rebecca Allen,,PTS,OVER,7.5,112,DraftKings,draftkings,player_points_alternate,the-odds-api,2026-08-22T21:39:37.704148+00:00
2026-08-22,a05ae0cd5516fbbcdd9fda35e698f70d,Indiana Fever @ New York Liberty,2026-08-22T23:00:00Z,New York Liberty,Indiana Fever,Rebecca Allen,,PTS,OVER,9.5,224,DraftKings,draftkings,player_points_alternate,the-odds-api,2026-08-22T21:39:37.704148+00:00
2026-08-22,a05ae0cd5516fbbcdd9fda35e698f70d,Indiana Fever @ New York Liberty,2026-08-22T23:00:00Z,New York Liberty,Indiana Fever,Rebecca Allen,,PTS,OVER,11.5,423,DraftKings,draftkings,player_points_alternate,the-odds-api,2026-08-22T21:39:37.704148+00:00
2026-08-22,a05ae0cd5516fbbcdd9fda35e698f70d,Indiana Fever @ New York Liberty,2026-08-22T23:00:00Z,New York Liberty,Indiana Fever,Rebecca Allen,,PTS,OVER,14.5,1060,DraftKings,draftkings,player_points_alternate,the-odds-api,2026-08-22T21:39:37.704148+00:00
2026-08-22,a05ae0cd5516fbbcdd9fda35e698f70d,Indiana Fever @ New York Liberty,2026-08-22T23:00:00Z,New York Liberty,Indiana Fever,Leonie Fiebich,,PTS,OVER,5.5,-175,DraftKings,draftkings,player_points_alternate,the-odds-api,2026-08-22T21:39:37.704148+00:00
2026-08-22,a05ae0cd5516fbbcdd9fda35e698f70d,Indiana Fever @ New York Liberty,2026-08-22T23:00:00Z,New York Liberty,Indiana Fever,Leonie Fiebich,,PTS,OVER,6.5,-121,DraftKings,draftkings,player_points_alternate,the-odds-api,2026-08-22T21:39:37.704148+00:00
2026-08-22,a05ae0cd5516fbbcdd9fda35e698f70d,Indiana Fever @ New York Liberty,2026-08-22T23:00:00Z,New York Liberty,Indiana Fever,Leonie Fiebich,,PTS,OVER,7.5,115,DraftKings,draftkings,player_points_alternate,the-odds-api,2026-08-22T21:39:37.704148+00:00
2026-08-22,a05ae0cd5516fbbcdd9fda35e698f70d,Indiana Fever @ New York Liberty,2026-08-22T23:00:00Z,New York Liberty,Indiana Fever,Leonie Fiebich,,PTS,OVER,9.5,229,DraftKings,draftkings,player_points_alternate,the-odds-api,2026-08-22T21:39:37.704148+00:00
2026-08-22,a05ae0cd5516fbbcdd9fda35e698f70d,Indiana Fever @ New York Liberty,2026-08-22T23:00:00Z,New York Liberty,Indiana Fever,Leonie Fiebich,,PTS,OVER,11.5,450,DraftKings,draftkings,player_points_alternate,the-odds-api,2026-08-22T21:39:37.704148+00:00
2026-08-22,a05ae0cd5516fbbcdd9fda35e698f70d,Indiana Fever @ New York Liberty,2026-08-22T23:00:00Z,New York Liberty,Indiana Fever,Leonie Fiebich,,PTS,OVER,14.5,1080,DraftKings,draftkings,player_points_alternate,the-odds-api,2026-08-22T21:39:37.704148+00:00
2026-08-22,a05ae0cd5516fbbcdd9fda35e698f70d,Indiana Fever @ New York Liberty,2026-08-22T23:00:00Z,New York Liberty,Indiana Fever,Lexie Hull,,PTS,OVER,4.5,-140,DraftKings,draftkings,player_points_alternate,the-odds-api,2026-08-22T21:39:37.704148+00:00
2026-08-22,a05ae0cd5516fbbcdd9fda35e698f70d,Indiana Fever @ New York Liberty,2026-08-22T23:00:00Z,New York Liberty,Indiana Fever,Lexie Hull,,PTS,OVER,5.5,119,DraftKings,draftkings,player_points_alternate,the-odds-api,2026-08-22T21:39:37.704148+00:00
2026-08-22,a05ae0cd5516fbbcdd9fda35e698f70d,Indiana Fever @ New York Liberty,2026-08-22T23:00:00Z,New York Liberty,Indiana Fever,Lexie Hull,,PTS,OVER,7.5,246,DraftKings,draftkings,player_points_alternate,the-odds-api,2026-08-22T21:39:37.704148+00:00
2026-08-22,a05ae0cd5516fbbcdd9fda35e698f70d,Indiana Fever @ New York Liberty,2026-08-22T23:00:00Z,New York Liberty,Indiana Fever,Lexie Hull,,PTS,OVER,9.5,525,DraftKings,draftkings,player_points_alternate,the-odds-api,2026-08-22T21:39:37.704148+00:00
2026-08-22,a05ae0cd5516fbbcdd9fda35e698f70d,Indiana Fever @ New York Liberty,2026-08-22T23:00:00Z,New York Liberty,Indiana Fever,Lexie Hull,,PTS,OVER,11.5,1020,DraftKings,draftkings,player_points_alternate,the-odds-api,2026-08-22T21:39:37.704148+00:00
2026-08-22,a05ae0cd5516fbbcdd9fda35e698f70d,Indiana Fever @ New York Liberty,2026-08-22T23:00:00Z,New York Liberty,Indiana Fever,Caitlin Clark,,PA,OVER,19.5,-1400,DraftKings,draftkings,player_points_assists_alternate,the-odds-api,2026-08-22T21:39:37.704148+00:00
2026-08-22,a05ae0cd5516fbbcdd9fda35e698f70d,Indiana Fever @ New York Liberty,2026-08-22T23:00:00Z,New York Liberty,Indiana Fever,Caitlin Clark,,PA,OVER,24.5,-400,DraftKings,draftkings,player_points_assists_alternate,the-odds-api,2026-08-22T21:39:37.704148+00:00
2026-08-22,a05ae0cd5516fbbcdd9fda35e698f70d,Indiana Fever @ New York Liberty,2026-08-22T23:00:00Z,New York Liberty,Indiana Fever,Caitlin Clark,,PA,OVER,29.5,-154,DraftKings,draftkings,player_points_assists_alternate,the-odds-api,2026-08-22T21:39:37.704148+00:00
2026-08-22,a05ae0cd5516fbbcdd9fda35e698f70d,Indiana Fever @ New York Liberty,2026-08-22T23:00:00Z,New York Liberty,Indiana Fever,Caitlin Clark,,PA,OVER,31.5,-109,DraftKings,draftkings,player_points_assists_alternate,the-odds-api,2026-08-22T21:39:37.704148+00:00
2026-08-22,a05ae0cd5516fbbcdd9fda35e698f70d,Indiana Fever @ New York Liberty,2026-08-22T23:00:00Z,New York Liberty,Indiana Fever,Caitlin Clark,,PA,OVER,34.5,153,DraftKings,draftkings,player_points_assists_alternate,the-odds-api,2026-08-22T21:39:37.704148+00:00
2026-08-22,a05ae0cd5516fbbcdd9fda35e698f70d,Indiana Fever @ New York Liberty,2026-08-22T23:00:00Z,New York Liberty,Indiana Fever,Caitlin Clark,,PA,OVER,39.5,346,DraftKings,draftkings,player_points_assists_alternate,the-odds-api,2026-08-22T21:39:37.704148+00:00
2026-08-22,a05ae0cd5516fbbcdd9fda35e698f70d,Indiana Fever @ New York Liberty,2026-08-22T23:00:00Z,New York Liberty,Indiana Fever,Caitlin Clark,,PA,OVER,44.5,780,DraftKings,draftkings,player_points_assists_alternate,the-odds-api,2026-08-22T21:39:37.704148+00:00
2026-08-22,a05ae0cd5516fbbcdd9fda35e698f70d,Indiana Fever @ New York Liberty,2026-08-22T23:00:00Z,New York Liberty,Indiana Fever,Caitlin Clark,,PA,OVER,49.5,1620,DraftKings,draftkings,player_points_assists_alternate,the-odds-api,2026-08-22T21:39:37.704148+00:00
2026-08-22,a05ae0cd5516fbbcdd9fda35e698f70d,Indiana Fever @ New York Liberty,2026-08-22T23:00:00Z,New York Liberty,Indiana Fever,Kelsey Mitchell,,PA,OVER,19.5,-850,DraftKings,draftkings,player_points_assists_alternate,the-odds-api,2026-08-22T21:39:37.704148+00:00
2026-08-22,a05ae0cd5516fbbcdd9fda35e698f70d,Indiana Fever @ New York Liberty,2026-08-22T23:00:00Z,New York Liberty,Indiana Fever,Kelsey Mitchell,,PA,OVER,24.5,-251,DraftKings,draftkings,player_points_assists_alternate,the-odds-api,2026-08-22T21:39:37.704148+00:00
2026-08-22,a05ae0cd5516fbbcdd9fda35e698f70d,Indiana Fever @ New York Liberty,2026-08-22T23:00:00Z,New York Liberty,Indiana Fever,Kelsey Mitchell,,PA,OVER,28.5,-109,DraftKings,draftkings,player_points_assists_alternate,the-odds-api,2026-08-22T21:39:37.704148+00:00
2026-08-22,a05ae0cd5516fbbcdd9fda35e698f70d,Indiana Fever @ New York Liberty,2026-08-22T23:00:00Z,New York Liberty,Indiana Fever,Kelsey Mitchell,,PA,OVER,29.5,112,DraftKings,draftkings,player_points_assists_alternate,the-odds-api,2026-08-22T21:39:37.704148+00:00
2026-08-22,a05ae0cd5516fbbcdd9fda35e698f70d,Indiana Fever @ New York Liberty,2026-08-22T23:00:00Z,New York Liberty,Indiana Fever,Kelsey Mitchell,,PA,OVER,34.5,295,DraftKings,draftkings,player_points_assists_alternate,the-odds-api,2026-08-22T21:39:37.704148+00:00
2026-08-22,a05ae0cd5516fbbcdd9fda35e698f70d,Indiana Fever @ New York Liberty,2026-08-22T23:00:00Z,New York Liberty,Indiana Fever,Kelsey Mitchell,,PA,OVER,39.5,760,DraftKings,draftkings,player_points_assists_alternate,the-odds-api,2026-08-22T21:39:37.704148+00:00
2026-08-22,a05ae0cd5516fbbcdd9fda35e698f70d,Indiana Fever @ New York Liberty,2026-08-22T23:00:00Z,New York Liberty,Indiana Fever,Breanna Stewart,,PA,OVER,14.5,-2900,DraftKings,draftkings,player_points_assists_alternate,the-odds-api,2026-08-22T21:39:37.704148+00:00
2026-08-22,a05ae0cd5516fbbcdd9fda35e698f70d,Indiana Fever @ New York Liberty,2026-08-22T23:00:00Z,New York Liberty,Indiana Fever,Breanna Stewart,,PA,OVER,19.5,-542,DraftKings,draftkings,player_points_assists_alternate,the-odds-api,2026-08-22T21:39:37.704148+00:00
2026-08-22,a05ae0cd5516fbbcdd9fda35e698f70d,Indiana Fever @ New York Liberty,2026-08-22T23:00:00Z,New York Liberty,Indiana Fever,Breanna Stewart,,PA,OVER,24.5,-167,DraftKings,draftkings,player_points_assists_alternate,the-odds-api,2026-08-22T21:39:37.704148+00:00
2026-08-22,a05ae0cd5516fbbcdd9fda35e698f70d,Indiana Fever @ New York Liberty,2026-08-22T23:00:00Z,New York Liberty,Indiana Fever,Breanna Stewart,,PA,OVER,26.5,-110,DraftKings,draftkings,player_points_assists_alternate,the-odds-api,2026-08-22T21:39:37.704148+00:00
2026-08-22,a05ae0cd5516fbbcdd9fda35e698f70d,Indiana Fever @ New York Liberty,2026-08-22T23:00:00Z,New York Liberty,Indiana Fever,Breanna Stewart,,PA,OVER,29.5,167,DraftKings,draftkings,player_points_assists_alternate,the-odds-api,2026-08-22T21:39:37.704148+00:00
2026-08-22,a05ae0cd5516fbbcdd9fda35e698f70d,Indiana Fever @ New York Liberty,2026-08-22T23:00:00Z,New York Liberty,Indiana Fever,Breanna Stewart,,PA,OVER,34.5,435,DraftKings,draftkings,player_points_assists_alternate,the-odds-api,2026-08-22T21:39:37.704148+00:00
2026-08-22,a05ae0cd5516fbbcdd9fda35e698f70d,Indiana Fever @ New York Liberty,2026-08-22T23:00:00Z,New York Liberty,Indiana Fever,Breanna Stewart,,PA,OVER,39.5,1120,DraftKings,draftkings,player_points_assists_alternate,the-odds-api,2026-08-22T21:39:37.704148+00:00
2026-08-22,a05ae0cd5516fbbcdd9fda35e698f70d,Indiana Fever @ New York Liberty,2026-08-22T23:00:00Z,New York Liberty,Indiana Fever,Sabrina Ionescu,,PA,OVER,14.5,-1400,DraftKings,draftkings,player_points_assists_alternate,the-odds-api,2026-08-22T21:39:37.704148+00:00
2026-08-22,a05ae0cd5516fbbcdd9fda35e698f70d,Indiana Fever @ New York Liberty,2026-08-22T23:00:00Z,New York Liberty,Indiana Fever,Sabrina Ionescu,,PA,OVER,19.5,-317,DraftKings,draftkings,player_points_assists_alternate,the-odds-api,2026-08-22T21:39:37.704148+00:00
2026-08-22,a05ae0cd5516fbbcdd9fda35e698f70d,Indiana Fever @ New York Liberty,2026-08-22T23:00:00Z,New York Liberty,Indiana Fever,Sabrina Ionescu,,PA,OVER,23.5,-126,DraftKings,draftkings,player_points_assists_alternate,the-odds-api,2026-08-22T21:39:37.704148+00:00
2026-08-22,a05ae0cd5516fbbcdd9fda35e698f70d,Indiana Fever @ New York Liberty,2026-08-22T23:00:00Z,New York Liberty,Indiana Fever,Sabrina Ionescu,,PA,OVER,24.5,-101,DraftKings,draftkings,player_points_assists_alternate,the-odds-api,2026-08-22T21:39:37.704148+00:00
2026-08-22,a05ae0cd5516fbbcdd9fda35e698f70d,Indiana Fever @ New York Liberty,2026-08-22T23:00:00Z,New York Liberty,Indiana Fever,Sabrina Ionescu,,PA,OVER,29.5,286,DraftKings,draftkings,player_points_assists_alternate,the-odds-api,2026-08-22T21:39:37.704148+00:00
2026-08-22,a05ae0cd5516fbbcdd9fda35e698f70d,Indiana Fever @ New York Liberty,2026-08-22T23:00:00Z,New York Liberty,Indiana Fever,Sabrina Ionescu,,PA,OVER,34.5,810,DraftKings,draftkings,player_points_assists_alternate,the-odds-api,2026-08-22T21:39:37.704148+00:00
2026-08-22,a05ae0cd5516fbbcdd9fda35e698f70d,Indiana Fever @ New York Liberty,2026-08-22T23:00:00Z,New York Liberty,Indiana Fever,Aliyah Boston,,PA,OVER,14.5,-389,DraftKings,draftkings,player_points_assists_alternate,the-odds-api,2026-08-22T21:39:37.704148+00:00
2026-08-22,a05ae0cd5516fbbcdd9fda35e698f70d,Indiana Fever @ New York Liberty,2026-08-22T23:00:00Z,New York Liberty,Indiana Fever,Aliyah Boston,,PA,OVER,18.5,-133,DraftKings,draftkings,player_points_assists_alternate,the-odds-api,2026-08-22T21:39:37.704148+00:00
2026-08-22,a05ae0cd5516fbbcdd9fda35e698f70d,Indiana Fever @ New York Liberty,2026-08-22T23:00:00Z,New York Liberty,Indiana Fever,Aliyah Boston,,PA,OVER,19.5,-102,DraftKings,draftkings,player_points_assists_alternate,the-odds-api,2026-08-22T21:39:37.704148+00:00
2026-08-22,a05ae0cd5516fbbcdd9fda35e698f70d,Indiana Fever @ New York Liberty,2026-08-22T23:00:00Z,New York Liberty,Indiana Fever,Aliyah Boston,,PA,OVER,24.5,313,DraftKings,draftkings,player_points_assists_alternate,the-odds-api,2026-08-22T21:39:37.704148+00:00
2026-08-22,a05ae0cd5516fbbcdd9fda35e698f70d,Indiana Fever @ New York Liberty,2026-08-22T23:00:00Z,New York Liberty,Indiana Fever,Aliyah Boston,,PA,OVER,29.5,940,DraftKings,draftkings,player_points_assists_alternate,the-odds-api,2026-08-22T21:39:37.704148+00:00
2026-08-22,a05ae0cd5516fbbcdd9fda35e698f70d,Indiana Fever @ New York Liberty,2026-08-22T23:00:00Z,New York Liberty,Indiana Fever,Jonquel Jones,,PA,OVER,9.5,-1600,DraftKings,draftkings,player_points_assists_alternate,the-odds-api,2026-08-22T21:39:37.704148+00:00
2026-08-22,a05ae0cd5516fbbcdd9fda35e698f70d,Indiana Fever @ New York Liberty,2026-08-22T23:00:00Z,New York Liberty,Indiana Fever,Jonquel Jones,,PA,OVER,14.5,-259,DraftKings,draftkings,player_points_assists_alternate,the-odds-api,2026-08-22T21:39:37.704148+00:00
2026-08-22,a05ae0cd5516fbbcdd9fda35e698f70d,Indiana Fever @ New York Liberty,2026-08-22T23:00:00Z,New York Liberty,Indiana Fever,Jonquel Jones,,PA,OVER,17.5,-114,DraftKings,draftkings,player_points_assists_alternate,the-odds-api,2026-08-22T21:39:37.704148+00:00
2026-08-22,a05ae0cd5516fbbcdd9fda35e698f70d,Indiana Fever @ New York Liberty,2026-08-22T23:00:00Z,New York Liberty,Indiana Fever,Jonquel Jones,,PA,OVER,19.5,144,DraftKings,draftkings,player_points_assists_alternate,the-odds-api,2026-08-22T21:39:37.704148+00:00
2026-08-22,a05ae0cd5516fbbcdd9fda35e698f70d,Indiana Fever @ New York Liberty,2026-08-22T23:00:00Z,New York Liberty,Indiana Fever,Jonquel Jones,,PA,OVER,24.5,451,DraftKings,draftkings,player_points_assists_alternate,the-odds-api,2026-08-22T21:39:37.704148+00:00
2026-08-22,a05ae0cd5516fbbcdd9fda35e698f70d,Indiana Fever @ New York Liberty,2026-08-22T23:00:00Z,New York Liberty,Indiana Fever,Jonquel Jones,,PA,OVER,29.5,1300,DraftKings,draftkings,player_points_assists_alternate,the-odds-api,2026-08-22T21:39:37.704148+00:00
2026-08-22,a05ae0cd5516fbbcdd9fda35e698f70d,Indiana Fever @ New York Liberty,2026-08-22T23:00:00Z,New York Liberty,Indiana Fever,Pauline Astier,,PA,OVER,4.5,-2400,DraftKings,draftkings,player_points_assists_alternate,the-odds-api,2026-08-22T21:39:37.704148+00:00
2026-08-22,a05ae0cd5516fbbcdd9fda35e698f70d,Indiana Fever @ New York Liberty,2026-08-22T23:00:00Z,New York Liberty,Indiana Fever,Pauline Astier,,PA,OVER,9.5,-156,DraftKings,draftkings,player_points_assists_alternate,the-odds-api,2026-08-22T21:39:37.704148+00:00
2026-08-22,a05ae0cd5516fbbcdd9fda35e698f70d,Indiana Fever @ New York Liberty,2026-08-22T23:00:00Z,New York Liberty,Indiana Fever,Pauline Astier,,PA,OVER,10.5,-109,DraftKings,draftkings,player_points_assists_alternate,the-odds-api,2026-08-22T21:39:37.704148+00:00
2026-08-22,a05ae0cd5516fbbcdd9fda35e698f70d,Indiana Fever @ New York Liberty,2026-08-22T23:00:00Z,New York Liberty,Indiana Fever,Pauline Astier,,PA,OVER,14.5,341,DraftKings,draftkings,player_points_assists_alternate,the-odds-api,2026-08-22T21:39:37.704148+00:00
2026-08-22,a05ae0cd5516fbbcdd9fda35e698f70d,Indiana Fever @ New York Liberty,2026-08-22T23:00:00Z,New York Liberty,Indiana Fever,Pauline Astier,,PA,OVER,19.5,1560,DraftKings,draftkings,player_points_assists_alternate,the-odds-api,2026-08-22T21:39:37.704148+00:00
2026-08-22,a05ae0cd5516fbbcdd9fda35e698f70d,Indiana Fever @ New York Liberty,2026-08-22T23:00:00Z,New York Liberty,Indiana Fever,Rebecca Allen,,PA,OVER,4.5,-429,DraftKings,draftkings,player_points_assists_alternate,the-odds-api,2026-08-22T21:39:37.704148+00:00
2026-08-22,a05ae0cd5516fbbcdd9fda35e698f70d,Indiana Fever @ New York Liberty,2026-08-22T23:00:00Z,New York Liberty,Indiana Fever,Rebecca Allen,,PA,OVER,7.5,-122,DraftKings,draftkings,player_points_assists_alternate,the-odds-api,2026-08-22T21:39:37.704148+00:00
2026-08-22,a05ae0cd5516fbbcdd9fda35e698f70d,Indiana Fever @ New York Liberty,2026-08-22T23:00:00Z,New York Liberty,Indiana Fever,Rebecca Allen,,PA,OVER,9.5,165,DraftKings,draftkings,player_points_assists_alternate,the-odds-api,2026-08-22T21:39:37.704148+00:00
2026-08-22,a05ae0cd5516fbbcdd9fda35e698f70d,Indiana Fever @ New York Liberty,2026-08-22T23:00:00Z,New York Liberty,Indiana Fever,Rebecca Allen,,PA,OVER,14.5,790,DraftKings,draftkings,player_points_assists_alternate,the-odds-api,2026-08-22T21:39:37.704148+00:00
2026-08-22,a05ae0cd5516fbbcdd9fda35e698f70d,Indiana Fever @ New York Liberty,2026-08-22T23:00:00Z,New York Liberty,Indiana Fever,Breanna Stewart,,PR,OVER,19.5,-1480,DraftKings,draftkings,player_points_rebounds_alternate,the-odds-api,2026-08-22T21:39:37.704148+00:00
2026-08-22,a05ae0cd5516fbbcdd9fda35e698f70d,Indiana Fever @ New York Liberty,2026-08-22T23:00:00Z,New York Liberty,Indiana Fever,Breanna Stewart,,PR,OVER,24.5,-406,DraftKings,draftkings,player_points_rebounds_alternate,the-odds-api,2026-08-22T21:39:37.704148+00:00
2026-08-22,a05ae0cd5516fbbcdd9fda35e698f70d,Indiana Fever @ New York Liberty,2026-08-22T23:00:00Z,New York Liberty,Indiana Fever,Breanna Stewart,,PR,OVER,29.5,-146,DraftKings,draftkings,player_points_rebounds_alternate,the-odds-api,2026-08-22T21:39:37.704148+00:00
2026-08-22,a05ae0cd5516fbbcdd9fda35e698f70d,Indiana Fever @ New York Liberty,2026-08-22T23:00:00Z,New York Liberty,Indiana Fever,Breanna Stewart,,PR,OVER,30.5,-121,DraftKings,draftkings,player_points_rebounds_alternate,the-odds-api,2026-08-22T21:39:37.704148+00:00
2026-08-22,a05ae0cd5516fbbcdd9fda35e698f70d,Indiana Fever @ New York Liberty,2026-08-22T23:00:00Z,New York Liberty,Indiana Fever,Breanna Stewart,,PR,OVER,34.5,172,DraftKings,draftkings,player_points_rebounds_alternate,the-odds-api,2026-08-22T21:39:37.704148+00:00
2026-08-22,a05ae0cd5516fbbcdd9fda35e698f70d,Indiana Fever @ New York Liberty,2026-08-22T23:00:00Z,New York Liberty,Indiana Fever,Breanna Stewart,,PR,OVER,39.5,421,DraftKings,draftkings,player_points_rebounds_alternate,the-odds-api,2026-08-22T21:39:37.704148+00:00
2026-08-22,a05ae0cd5516fbbcdd9fda35e698f70d,Indiana Fever @ New York Liberty,2026-08-22T23:00:00Z,New York Liberty,Indiana Fever,Breanna Stewart,,PR,OVER,44.5,1020,DraftKings,draftkings,player_points_rebounds_alternate,the-odds-api,2026-08-22T21:39:37.704148+00:00
2026-08-22,a05ae0cd5516fbbcdd9fda35e698f70d,Indiana Fever @ New York Liberty,2026-08-22T23:00:00Z,New York Liberty,Indiana Fever,Caitlin Clark,,PR,OVER,14.5,-1660,DraftKings,draftkings,player_points_rebounds_alternate,the-odds-api,2026-08-22T21:39:37.704148+00:00
2026-08-22,a05ae0cd5516fbbcdd9fda35e698f70d,Indiana Fever @ New York Liberty,2026-08-22T23:00:00Z,New York Liberty,Indiana Fever,Caitlin Clark,,PR,OVER,19.5,-402,DraftKings,draftkings,player_points_rebounds_alternate,the-odds-api,2026-08-22T21:39:37.704148+00:00
2026-08-22,a05ae0cd5516fbbcdd9fda35e698f70d,Indiana Fever @ New York Liberty,2026-08-22T23:00:00Z,New York Liberty,Indiana Fever,Caitlin Clark,,PR,OVER,24.5,-149,DraftKings,draftkings,player_points_rebounds_alternate,the-odds-api,2026-08-22T21:39:37.704148+00:00
2026-08-22,a05ae0cd5516fbbcdd9fda35e698f70d,Indiana Fever @ New York Liberty,2026-08-22T23:00:00Z,New York Liberty,Indiana Fever,Caitlin Clark,,PR,OVER,25.5,-125,DraftKings,draftkings,player_points_rebounds_alternate,the-odds-api,2026-08-22T21:39:37.704148+00:00
2026-08-22,a05ae0cd5516fbbcdd9fda35e698f70d,Indiana Fever @ New York Liberty,2026-08-22T23:00:00Z,New York Liberty,Indiana Fever,Caitlin Clark,,PR,OVER,29.5,159,DraftKings,draftkings,player_points_rebounds_alternate,the-odds-api,2026-08-22T21:39:37.704148+00:00
2026-08-22,a05ae0cd5516fbbcdd9fda35e698f70d,Indiana Fever @ New York Liberty,2026-08-22T23:00:00Z,New York Liberty,Indiana Fever,Caitlin Clark,,PR,OVER,34.5,355,DraftKings,draftkings,player_points_rebounds_alternate,the-odds-api,2026-08-22T21:39:37.704148+00:00
2026-08-22,a05ae0cd5516fbbcdd9fda35e698f70d,Indiana Fever @ New York Liberty,2026-08-22T23:00:00Z,New York Liberty,Indiana Fever,Caitlin Clark,,PR,OVER,39.5,790,DraftKings,draftkings,player_points_rebounds_alternate,the-odds-api,2026-08-22T21:39:37.704148+00:00
2026-08-22,a05ae0cd5516fbbcdd9fda35e698f70d,Indiana Fever @ New York Liberty,2026-08-22T23:00:00Z,New York Liberty,Indiana Fever,Caitlin Clark,,PR,OVER,44.5,1580,DraftKings,draftkings,player_points_rebounds_alternate,the-odds-api,2026-08-22T21:39:37.704148+00:00
2026-08-22,a05ae0cd5516fbbcdd9fda35e698f70d,Indiana Fever @ New York Liberty,2026-08-22T23:00:00Z,New York Liberty,Indiana Fever,Kelsey Mitchell,,PR,OVER,19.5,-770,DraftKings,draftkings,player_points_rebounds_alternate,the-odds-api,2026-08-22T21:39:37.704148+00:00
2026-08-22,a05ae0cd5516fbbcdd9fda35e698f70d,Indiana Fever @ New York Liberty,2026-08-22T23:00:00Z,New York Liberty,Indiana Fever,Kelsey Mitchell,,PR,OVER,24.5,-230,DraftKings,draftkings,player_points_rebounds_alternate,the-odds-api,2026-08-22T21:39:37.704148+00:00
2026-08-22,a05ae0cd5516fbbcdd9fda35e698f70d,Indiana Fever @ New York Liberty,2026-08-22T23:00:00Z,New York Liberty,Indiana Fever,Kelsey Mitchell,,PR,OVER,27.5,-125,DraftKings,draftkings,player_points_rebounds_alternate,the-odds-api,2026-08-22T21:39:37.704148+00:00
2026-08-22,a05ae0cd5516fbbcdd9fda35e698f70d,Indiana Fever @ New York Liberty,2026-08-22T23:00:00Z,New York Liberty,Indiana Fever,Kelsey Mitchell,,PR,OVER,29.5,120,DraftKings,draftkings,player_points_rebounds_alternate,the-odds-api,2026-08-22T21:39:37.704148+00:00
2026-08-22,a05ae0cd5516fbbcdd9fda35e698f70d,Indiana Fever @ New York Liberty,2026-08-22T23:00:00Z,New York Liberty,Indiana Fever,Kelsey Mitchell,,PR,OVER,34.5,313,DraftKings,draftkings,player_points_rebounds_alternate,the-odds-api,2026-08-22T21:39:37.704148+00:00
2026-08-22,a05ae0cd5516fbbcdd9fda35e698f70d,Indiana Fever @ New York Liberty,2026-08-22T23:00:00Z,New York Liberty,Indiana Fever,Kelsey Mitchell,,PR,OVER,39.5,810,DraftKings,draftkings,player_points_rebounds_alternate,the-odds-api,2026-08-22T21:39:37.704148+00:00
2026-08-22,a05ae0cd5516fbbcdd9fda35e698f70d,Indiana Fever @ New York Liberty,2026-08-22T23:00:00Z,New York Liberty,Indiana Fever,Aliyah Boston,,PR,OVER,14.5,-2200,DraftKings,draftkings,player_points_rebounds_alternate,the-odds-api,2026-08-22T21:39:37.704148+00:00
2026-08-22,a05ae0cd5516fbbcdd9fda35e698f70d,Indiana Fever @ New York Liberty,2026-08-22T23:00:00Z,New York Liberty,Indiana Fever,Aliyah Boston,,PR,OVER,19.5,-417,DraftKings,draftkings,player_points_rebounds_alternate,the-odds-api,2026-08-22T21:39:37.704148+00:00
2026-08-22,a05ae0cd5516fbbcdd9fda35e698f70d,Indiana Fever @ New York Liberty,2026-08-22T23:00:00Z,New York Liberty,Indiana Fever,Aliyah Boston,,PR,OVER,24.5,-125,DraftKings,draftkings,player_points_rebounds_alternate,the-odds-api,2026-08-22T21:39:37.704148+00:00
2026-08-22,a05ae0cd5516fbbcdd9fda35e698f70d,Indiana Fever @ New York Liberty,2026-08-22T23:00:00Z,New York Liberty,Indiana Fever,Aliyah Boston,,PR,OVER,29.5,229,DraftKings,draftkings,player_points_rebounds_alternate,the-odds-api,2026-08-22T21:39:37.704148+00:00
2026-08-22,a05ae0cd5516fbbcdd9fda35e698f70d,Indiana Fever @ New York Liberty,2026-08-22T23:00:00Z,New York Liberty,Indiana Fever,Aliyah Boston,,PR,OVER,34.5,620,DraftKings,draftkings,player_points_rebounds_alternate,the-odds-api,2026-08-22T21:39:37.704148+00:00
2026-08-22,a05ae0cd5516fbbcdd9fda35e698f70d,Indiana Fever @ New York Liberty,2026-08-22T23:00:00Z,New York Liberty,Indiana Fever,Aliyah Boston,,PR,OVER,39.5,1660,DraftKings,draftkings,player_points_rebounds_alternate,the-odds-api,2026-08-22T21:39:37.704148+00:00
2026-08-22,a05ae0cd5516fbbcdd9fda35e698f70d,Indiana Fever @ New York Liberty,2026-08-22T23:00:00Z,New York Liberty,Indiana Fever,Jonquel Jones,,PR,OVER,14.5,-1680,DraftKings,draftkings,player_points_rebounds_alternate,the-odds-api,2026-08-22T21:39:37.704148+00:00
2026-08-22,a05ae0cd5516fbbcdd9fda35e698f70d,Indiana Fever @ New York Liberty,2026-08-22T23:00:00Z,New York Liberty,Indiana Fever,Jonquel Jones,,PR,OVER,19.5,-344,DraftKings,draftkings,player_points_rebounds_alternate,the-odds-api,2026-08-22T21:39:37.704148+00:00
2026-08-22,a05ae0cd5516fbbcdd9fda35e698f70d,Indiana Fever @ New York Liberty,2026-08-22T23:00:00Z,New York Liberty,Indiana Fever,Jonquel Jones,,PR,OVER,24.5,-105,DraftKings,draftkings,player_points_rebounds_alternate,the-odds-api,2026-08-22T21:39:37.704148+00:00
2026-08-22,a05ae0cd5516fbbcdd9fda35e698f70d,Indiana Fever @ New York Liberty,2026-08-22T23:00:00Z,New York Liberty,Indiana Fever,Jonquel Jones,,PR,OVER,29.5,267,DraftKings,draftkings,player_points_rebounds_alternate,the-odds-api,2026-08-22T21:39:37.704148+00:00
2026-08-22,a05ae0cd5516fbbcdd9fda35e698f70d,Indiana Fever @ New York Liberty,2026-08-22T23:00:00Z,New York Liberty,Indiana Fever,Jonquel Jones,,PR,OVER,34.5,730,DraftKings,draftkings,player_points_rebounds_alternate,the-odds-api,2026-08-22T21:39:37.704148+00:00
2026-08-22,a05ae0cd5516fbbcdd9fda35e698f70d,Indiana Fever @ New York Liberty,2026-08-22T23:00:00Z,New York Liberty,Indiana Fever,Sabrina Ionescu,,PR,OVER,14.5,-970,DraftKings,draftkings,player_points_rebounds_alternate,the-odds-api,2026-08-22T21:39:37.704148+00:00
2026-08-22,a05ae0cd5516fbbcdd9fda35e698f70d,Indiana Fever @ New York Liberty,2026-08-22T23:00:00Z,New York Liberty,Indiana Fever,Sabrina Ionescu,,PR,OVER,19.5,-244,DraftKings,draftkings,player_points_rebounds_alternate,the-odds-api,2026-08-22T21:39:37.704148+00:00
2026-08-22,a05ae0cd5516fbbcdd9fda35e698f70d,Indiana Fever @ New York Liberty,2026-08-22T23:00:00Z,New York Liberty,Indiana Fever,Sabrina Ionescu,,PR,OVER,22.5,-125,DraftKings,draftkings,player_points_rebounds_alternate,the-odds-api,2026-08-22T21:39:37.704148+00:00
2026-08-22,a05ae0cd5516fbbcdd9fda35e698f70d,Indiana Fever @ New York Liberty,2026-08-22T23:00:00Z,New York Liberty,Indiana Fever,Sabrina Ionescu,,PR,OVER,24.5,122,DraftKings,draftkings,player_points_rebounds_alternate,the-odds-api,2026-08-22T21:39:37.704148+00:00
2026-08-22,a05ae0cd5516fbbcdd9fda35e698f70d,Indiana Fever @ New York Liberty,2026-08-22T23:00:00Z,New York Liberty,Indiana Fever,Sabrina Ionescu,,PR,OVER,29.5,332,DraftKings,draftkings,player_points_rebounds_alternate,the-odds-api,2026-08-22T21:39:37.704148+00:00
2026-08-22,a05ae0cd5516fbbcdd9fda35e698f70d,Indiana Fever @ New York Liberty,2026-08-22T23:00:00Z,New York Liberty,Indiana Fever,Sabrina Ionescu,,PR,OVER,34.5,900,DraftKings,draftkings,player_points_rebounds_alternate,the-odds-api,2026-08-22T21:39:37.704148+00:00
2026-08-22,a05ae0cd5516fbbcdd9fda35e698f70d,Indiana Fever @ New York Liberty,2026-08-22T23:00:00Z,New York Liberty,Indiana Fever,Makayla Timpson,,PR,OVER,9.5,-660,DraftKings,draftkings,player_points_rebounds_alternate,the-odds-api,2026-08-22T21:39:37.704148+00:00
2026-08-22,a05ae0cd5516fbbcdd9fda35e698f70d,Indiana Fever @ New York Liberty,2026-08-22T23:00:00Z,New York Liberty,Indiana Fever,Makayla Timpson,,PR,OVER,14.5,-120,DraftKings,draftkings,player_points_rebounds_alternate,the-odds-api,2026-08-22T21:39:37.704148+00:00
2026-08-22,a05ae0cd5516fbbcdd9fda35e698f70d,Indiana Fever @ New York Liberty,2026-08-22T23:00:00Z,New York Liberty,Indiana Fever,Makayla Timpson,,PR,OVER,19.5,317,DraftKings,draftkings,player_points_rebounds_alternate,the-odds-api,2026-08-22T21:39:37.704148+00:00
2026-08-22,a05ae0cd5516fbbcdd9fda35e698f70d,Indiana Fever @ New York Liberty,2026-08-22T23:00:00Z,New York Liberty,Indiana Fever,Makayla Timpson,,PR,OVER,24.5,1060,DraftKings,draftkings,player_points_rebounds_alternate,the-odds-api,2026-08-22T21:39:37.704148+00:00
2026-08-22,a05ae0cd5516fbbcdd9fda35e698f70d,Indiana Fever @ New York Liberty,2026-08-22T23:00:00Z,New York Liberty,Indiana Fever,Rebecca Allen,,PR,OVER,4.5,-1180,DraftKings,draftkings,player_points_rebounds_alternate,the-odds-api,2026-08-22T21:39:37.704148+00:00
2026-08-22,a05ae0cd5516fbbcdd9fda35e698f70d,Indiana Fever @ New York Liberty,2026-08-22T23:00:00Z,New York Liberty,Indiana Fever,Rebecca Allen,,PR,OVER,9.5,-124,DraftKings,draftkings,player_points_rebounds_alternate,the-odds-api,2026-08-22T21:39:37.704148+00:00
2026-08-22,a05ae0cd5516fbbcdd9fda35e698f70d,Indiana Fever @ New York Liberty,2026-08-22T23:00:00Z,New York Liberty,Indiana Fever,Rebecca Allen,,PR,OVER,14.5,378,DraftKings,draftkings,player_points_rebounds_alternate,the-odds-api,2026-08-22T21:39:37.704148+00:00
2026-08-22,a05ae0cd5516fbbcdd9fda35e698f70d,Indiana Fever @ New York Liberty,2026-08-22T23:00:00Z,New York Liberty,Indiana Fever,Rebecca Allen,,PR,OVER,19.5,1500,DraftKings,draftkings,player_points_rebounds_alternate,the-odds-api,2026-08-22T21:39:37.704148+00:00
2026-08-22,a05ae0cd5516fbbcdd9fda35e698f70d,Indiana Fever @ New York Liberty,2026-08-22T23:00:00Z,New York Liberty,Indiana Fever,Pauline Astier,,PR,OVER,4.5,-1320,DraftKings,draftkings,player_points_rebounds_alternate,the-odds-api,2026-08-22T21:39:37.704148+00:00
2026-08-22,a05ae0cd5516fbbcdd9fda35e698f70d,Indiana Fever @ New York Liberty,2026-08-22T23:00:00Z,New York Liberty,Indiana Fever,Pauline Astier,,PR,OVER,9.5,-121,DraftKings,draftkings,player_points_rebounds_alternate,the-odds-api,2026-08-22T21:39:37.704148+00:00
2026-08-22,a05ae0cd5516fbbcdd9fda35e698f70d,Indiana Fever @ New York Liberty,2026-08-22T23:00:00Z,New York Liberty,Indiana Fever,Pauline Astier,,PR,OVER,14.5,407,DraftKings,draftkings,player_points_rebounds_alternate,the-odds-api,2026-08-22T21:39:37.704148+00:00
2026-08-22,a05ae0cd5516fbbcdd9fda35e698f70d,Indiana Fever @ New York Liberty,2026-08-22T23:00:00Z,New York Liberty,Indiana Fever,Pauline Astier,,PR,OVER,19.5,1620,DraftKings,draftkings,player_points_rebounds_alternate,the-odds-api,2026-08-22T21:39:37.704148+00:00
2026-08-22,a05ae0cd5516fbbcdd9fda35e698f70d,Indiana Fever @ New York Liberty,2026-08-22T23:00:00Z,New York Liberty,Indiana Fever,Caitlin Clark,,PRA,OVER,24.5,-860,DraftKings,draftkings,player_points_rebounds_assists_alternate,the-odds-api,2026-08-22T21:39:37.704148+00:00
2026-08-22,a05ae0cd5516fbbcdd9fda35e698f70d,Indiana Fever @ New York Liberty,2026-08-22T23:00:00Z,New York Liberty,Indiana Fever,Caitlin Clark,,PRA,OVER,29.5,-307,DraftKings,draftkings,player_points_rebounds_assists_alternate,the-odds-api,2026-08-22T21:39:37.704148+00:00
2026-08-22,a05ae0cd5516fbbcdd9fda35e698f70d,Indiana Fever @ New York Liberty,2026-08-22T23:00:00Z,New York Liberty,Indiana Fever,Caitlin Clark,,PRA,OVER,34.5,-132,DraftKings,draftkings,player_points_rebounds_assists_alternate,the-odds-api,2026-08-22T21:39:37.704148+00:00
2026-08-22,a05ae0cd5516fbbcdd9fda35e698f70d,Indiana Fever @ New York Liberty,2026-08-22T23:00:00Z,New York Liberty,Indiana Fever,Caitlin Clark,,PRA,OVER,35.5,-112,DraftKings,draftkings,player_points_rebounds_assists_alternate,the-odds-api,2026-08-22T21:39:37.704148+00:00
2026-08-22,a05ae0cd5516fbbcdd9fda35e698f70d,Indiana Fever @ New York Liberty,2026-08-22T23:00:00Z,New York Liberty,Indiana Fever,Caitlin Clark,,PRA,OVER,39.5,168,DraftKings,draftkings,player_points_rebounds_assists_alternate,the-odds-api,2026-08-22T21:39:37.704148+00:00
2026-08-22,a05ae0cd5516fbbcdd9fda35e698f70d,Indiana Fever @ New York Liberty,2026-08-22T23:00:00Z,New York Liberty,Indiana Fever,Caitlin Clark,,PRA,OVER,44.5,363,DraftKings,draftkings,player_points_rebounds_assists_alternate,the-odds-api,2026-08-22T21:39:37.704148+00:00
2026-08-22,a05ae0cd5516fbbcdd9fda35e698f70d,Indiana Fever @ New York Liberty,2026-08-22T23:00:00Z,New York Liberty,Indiana Fever,Caitlin Clark,,PRA,OVER,49.5,750,DraftKings,draftkings,player_points_rebounds_assists_alternate,the-odds-api,2026-08-22T21:39:37.704148+00:00
2026-08-22,a05ae0cd5516fbbcdd9fda35e698f70d,Indiana Fever @ New York Liberty,2026-08-22T23:00:00Z,New York Liberty,Indiana Fever,Caitlin Clark,,PRA,OVER,54.5,1560,DraftKings,draftkings,player_points_rebounds_assists_alternate,the-odds-api,2026-08-22T21:39:37.704148+00:00
2026-08-22,a05ae0cd5516fbbcdd9fda35e698f70d,Indiana Fever @ New York Liberty,2026-08-22T23:00:00Z,New York Liberty,Indiana Fever,Breanna Stewart,,PRA,OVER,24.5,-880,DraftKings,draftkings,player_points_rebounds_assists_alternate,the-odds-api,2026-08-22T21:39:37.704148+00:00
2026-08-22,a05ae0cd5516fbbcdd9fda35e698f70d,Indiana Fever @ New York Liberty,2026-08-22T23:00:00Z,New York Liberty,Indiana Fever,Breanna Stewart,,PRA,OVER,29.5,-295,DraftKings,draftkings,player_points_rebounds_assists_alternate,the-odds-api,2026-08-22T21:39:37.704148+00:00
2026-08-22,a05ae0cd5516fbbcdd9fda35e698f70d,Indiana Fever @ New York Liberty,2026-08-22T23:00:00Z,New York Liberty,Indiana Fever,Breanna Stewart,,PRA,OVER,34.5,-113,DraftKings,draftkings,player_points_rebounds_assists_alternate,the-odds-api,2026-08-22T21:39:37.704148+00:00
2026-08-22,a05ae0cd5516fbbcdd9fda35e698f70d,Indiana Fever @ New York Liberty,2026-08-22T23:00:00Z,New York Liberty,Indiana Fever,Breanna Stewart,,PRA,OVER,39.5,211,DraftKings,draftkings,player_points_rebounds_assists_alternate,the-odds-api,2026-08-22T21:39:37.704148+00:00
2026-08-22,a05ae0cd5516fbbcdd9fda35e698f70d,Indiana Fever @ New York Liberty,2026-08-22T23:00:00Z,New York Liberty,Indiana Fever,Breanna Stewart,,PRA,OVER,44.5,505,DraftKings,draftkings,player_points_rebounds_assists_alternate,the-odds-api,2026-08-22T21:39:37.704148+00:00
2026-08-22,a05ae0cd5516fbbcdd9fda35e698f70d,Indiana Fever @ New York Liberty,2026-08-22T23:00:00Z,New York Liberty,Indiana Fever,Breanna Stewart,,PRA,OVER,49.5,1180,DraftKings,draftkings,player_points_rebounds_assists_alternate,the-odds-api,2026-08-22T21:39:37.704148+00:00
2026-08-22,a05ae0cd5516fbbcdd9fda35e698f70d,Indiana Fever @ New York Liberty,2026-08-22T23:00:00Z,New York Liberty,Indiana Fever,Kelsey Mitchell,,PRA,OVER,19.5,-1380,DraftKings,draftkings,player_points_rebounds_assists_alternate,the-odds-api,2026-08-22T21:39:37.704148+00:00
2026-08-22,a05ae0cd5516fbbcdd9fda35e698f70d,Indiana Fever @ New York Liberty,2026-08-22T23:00:00Z,New York Liberty,Indiana Fever,Kelsey Mitchell,,PRA,OVER,24.5,-374,DraftKings,draftkings,player_points_rebounds_assists_alternate,the-odds-api,2026-08-22T21:39:37.704148+00:00
2026-08-22,a05ae0cd5516fbbcdd9fda35e698f70d,Indiana Fever @ New York Liberty,2026-08-22T23:00:00Z,New York Liberty,Indiana Fever,Kelsey Mitchell,,PRA,OVER,29.5,-134,DraftKings,draftkings,player_points_rebounds_assists_alternate,the-odds-api,2026-08-22T21:39:37.704148+00:00
2026-08-22,a05ae0cd5516fbbcdd9fda35e698f70d,Indiana Fever @ New York Liberty,2026-08-22T23:00:00Z,New York Liberty,Indiana Fever,Kelsey Mitchell,,PRA,OVER,30.5,-110,DraftKings,draftkings,player_points_rebounds_assists_alternate,the-odds-api,2026-08-22T21:39:37.704148+00:00
2026-08-22,a05ae0cd5516fbbcdd9fda35e698f70d,Indiana Fever @ New York Liberty,2026-08-22T23:00:00Z,New York Liberty,Indiana Fever,Kelsey Mitchell,,PRA,OVER,34.5,193,DraftKings,draftkings,player_points_rebounds_assists_alternate,the-odds-api,2026-08-22T21:39:37.704148+00:00
2026-08-22,a05ae0cd5516fbbcdd9fda35e698f70d,Indiana Fever @ New York Liberty,2026-08-22T23:00:00Z,New York Liberty,Indiana Fever,Kelsey Mitchell,,PRA,OVER,39.5,483,DraftKings,draftkings,player_points_rebounds_assists_alternate,the-odds-api,2026-08-22T21:39:37.704148+00:00
2026-08-22,a05ae0cd5516fbbcdd9fda35e698f70d,Indiana Fever @ New York Liberty,2026-08-22T23:00:00Z,New York Liberty,Indiana Fever,Kelsey Mitchell,,PRA,OVER,44.5,1200,DraftKings,draftkings,player_points_rebounds_assists_alternate,the-odds-api,2026-08-22T21:39:37.704148+00:00
2026-08-22,a05ae0cd5516fbbcdd9fda35e698f70d,Indiana Fever @ New York Liberty,2026-08-22T23:00:00Z,New York Liberty,Indiana Fever,Sabrina Ionescu,,PRA,OVER,19.5,-930,DraftKings,draftkings,player_points_rebounds_assists_alternate,the-odds-api,2026-08-22T21:39:37.704148+00:00
2026-08-22,a05ae0cd5516fbbcdd9fda35e698f70d,Indiana Fever @ New York Liberty,2026-08-22T23:00:00Z,New York Liberty,Indiana Fever,Sabrina Ionescu,,PRA,OVER,24.5,-266,DraftKings,draftkings,player_points_rebounds_assists_alternate,the-odds-api,2026-08-22T21:39:37.704148+00:00
2026-08-22,a05ae0cd5516fbbcdd9fda35e698f70d,Indiana Fever @ New York Liberty,2026-08-22T23:00:00Z,New York Liberty,Indiana Fever,Sabrina Ionescu,,PRA,OVER,28.5,-115,DraftKings,draftkings,player_points_rebounds_assists_alternate,the-odds-api,2026-08-22T21:39:37.704148+00:00
2026-08-22,a05ae0cd5516fbbcdd9fda35e698f70d,Indiana Fever @ New York Liberty,2026-08-22T23:00:00Z,New York Liberty,Indiana Fever,Sabrina Ionescu,,PRA,OVER,29.5,105,DraftKings,draftkings,player_points_rebounds_assists_alternate,the-odds-api,2026-08-22T21:39:37.704148+00:00
2026-08-22,a05ae0cd5516fbbcdd9fda35e698f70d,Indiana Fever @ New York Liberty,2026-08-22T23:00:00Z,New York Liberty,Indiana Fever,Sabrina Ionescu,,PRA,OVER,34.5,287,DraftKings,draftkings,player_points_rebounds_assists_alternate,the-odds-api,2026-08-22T21:39:37.704148+00:00
2026-08-22,a05ae0cd5516fbbcdd9fda35e698f70d,Indiana Fever @ New York Liberty,2026-08-22T23:00:00Z,New York Liberty,Indiana Fever,Sabrina Ionescu,,PRA,OVER,39.5,760,DraftKings,draftkings,player_points_rebounds_assists_alternate,the-odds-api,2026-08-22T21:39:37.704148+00:00
2026-08-22,a05ae0cd5516fbbcdd9fda35e698f70d,Indiana Fever @ New York Liberty,2026-08-22T23:00:00Z,New York Liberty,Indiana Fever,Aliyah Boston,,PRA,OVER,19.5,-980,DraftKings,draftkings,player_points_rebounds_assists_alternate,the-odds-api,2026-08-22T21:39:37.704148+00:00
2026-08-22,a05ae0cd5516fbbcdd9fda35e698f70d,Indiana Fever @ New York Liberty,2026-08-22T23:00:00Z,New York Liberty,Indiana Fever,Aliyah Boston,,PRA,OVER,24.5,-249,DraftKings,draftkings,player_points_rebounds_assists_alternate,the-odds-api,2026-08-22T21:39:37.704148+00:00
2026-08-22,a05ae0cd5516fbbcdd9fda35e698f70d,Indiana Fever @ New York Liberty,2026-08-22T23:00:00Z,New York Liberty,Indiana Fever,Aliyah Boston,,PRA,OVER,27.5,-129,DraftKings,draftkings,player_points_rebounds_assists_alternate,the-odds-api,2026-08-22T21:39:37.704148+00:00
2026-08-22,a05ae0cd5516fbbcdd9fda35e698f70d,Indiana Fever @ New York Liberty,2026-08-22T23:00:00Z,New York Liberty,Indiana Fever,Aliyah Boston,,PRA,OVER,29.5,118,DraftKings,draftkings,player_points_rebounds_assists_alternate,the-odds-api,2026-08-22T21:39:37.704148+00:00
2026-08-22,a05ae0cd5516fbbcdd9fda35e698f70d,Indiana Fever @ New York Liberty,2026-08-22T23:00:00Z,New York Liberty,Indiana Fever,Aliyah Boston,,PRA,OVER,34.5,316,DraftKings,draftkings,player_points_rebounds_assists_alternate,the-odds-api,2026-08-22T21:39:37.704148+00:00
2026-08-22,a05ae0cd5516fbbcdd9fda35e698f70d,Indiana Fever @ New York Liberty,2026-08-22T23:00:00Z,New York Liberty,Indiana Fever,Aliyah Boston,,PRA,OVER,39.5,850,DraftKings,draftkings,player_points_rebounds_assists_alternate,the-odds-api,2026-08-22T21:39:37.704148+00:00
2026-08-22,a05ae0cd5516fbbcdd9fda35e698f70d,Indiana Fever @ New York Liberty,2026-08-22T23:00:00Z,New York Liberty,Indiana Fever,Jonquel Jones,,PRA,OVER,19.5,-650,DraftKings,draftkings,player_points_rebounds_assists_alternate,the-odds-api,2026-08-22T21:39:37.704148+00:00
2026-08-22,a05ae0cd5516fbbcdd9fda35e698f70d,Indiana Fever @ New York Liberty,2026-08-22T23:00:00Z,New York Liberty,Indiana Fever,Jonquel Jones,,PRA,OVER,24.5,-189,DraftKings,draftkings,player_points_rebounds_assists_alternate,the-odds-api,2026-08-22T21:39:37.704148+00:00
2026-08-22,a05ae0cd5516fbbcdd9fda35e698f70d,Indiana Fever @ New York Liberty,2026-08-22T23:00:00Z,New York Liberty,Indiana Fever,Jonquel Jones,,PRA,OVER,26.5,-121,DraftKings,draftkings,player_points_rebounds_assists_alternate,the-odds-api,2026-08-22T21:39:37.704148+00:00
2026-08-22,a05ae0cd5516fbbcdd9fda35e698f70d,Indiana Fever @ New York Liberty,2026-08-22T23:00:00Z,New York Liberty,Indiana Fever,Jonquel Jones,,PRA,OVER,29.5,157,DraftKings,draftkings,player_points_rebounds_assists_alternate,the-odds-api,2026-08-22T21:39:37.704148+00:00
2026-08-22,a05ae0cd5516fbbcdd9fda35e698f70d,Indiana Fever @ New York Liberty,2026-08-22T23:00:00Z,New York Liberty,Indiana Fever,Jonquel Jones,,PRA,OVER,34.5,411,DraftKings,draftkings,player_points_rebounds_assists_alternate,the-odds-api,2026-08-22T21:39:37.704148+00:00
2026-08-22,a05ae0cd5516fbbcdd9fda35e698f70d,Indiana Fever @ New York Liberty,2026-08-22T23:00:00Z,New York Liberty,Indiana Fever,Jonquel Jones,,PRA,OVER,39.5,1120,DraftKings,draftkings,player_points_rebounds_assists_alternate,the-odds-api,2026-08-22T21:39:37.704148+00:00
2026-08-22,a05ae0cd5516fbbcdd9fda35e698f70d,Indiana Fever @ New York Liberty,2026-08-22T23:00:00Z,New York Liberty,Indiana Fever,Pauline Astier,,PRA,OVER,9.5,-356,DraftKings,draftkings,player_points_rebounds_assists_alternate,the-odds-api,2026-08-22T21:39:37.704148+00:00
2026-08-22,a05ae0cd5516fbbcdd9fda35e698f70d,Indiana Fever @ New York Liberty,2026-08-22T23:00:00Z,New York Liberty,Indiana Fever,Pauline Astier,,PRA,OVER,12.5,-117,DraftKings,draftkings,player_points_rebounds_assists_alternate,the-odds-api,2026-08-22T21:39:37.704148+00:00
2026-08-22,a05ae0cd5516fbbcdd9fda35e698f70d,Indiana Fever @ New York Liberty,2026-08-22T23:00:00Z,New York Liberty,Indiana Fever,Pauline Astier,,PRA,OVER,14.5,161,DraftKings,draftkings,player_points_rebounds_assists_alternate,the-odds-api,2026-08-22T21:39:37.704148+00:00
2026-08-22,a05ae0cd5516fbbcdd9fda35e698f70d,Indiana Fever @ New York Liberty,2026-08-22T23:00:00Z,New York Liberty,Indiana Fever,Pauline Astier,,PRA,OVER,19.5,690,DraftKings,draftkings,player_points_rebounds_assists_alternate,the-odds-api,2026-08-22T21:39:37.704148+00:00
2026-08-22,a05ae0cd5516fbbcdd9fda35e698f70d,Indiana Fever @ New York Liberty,2026-08-22T23:00:00Z,New York Liberty,Indiana Fever,Rebecca Allen,,PRA,OVER,4.5,-2100,DraftKings,draftkings,player_points_rebounds_assists_alternate,the-odds-api,2026-08-22T21:39:37.704148+00:00
2026-08-22,a05ae0cd5516fbbcdd9fda35e698f70d,Indiana Fever @ New York Liberty,2026-08-22T23:00:00Z,New York Liberty,Indiana Fever,Rebecca Allen,,PRA,OVER,9.5,-164,DraftKings,draftkings,player_points_rebounds_assists_alternate,the-odds-api,2026-08-22T21:39:37.704148+00:00
2026-08-22,a05ae0cd5516fbbcdd9fda35e698f70d,Indiana Fever @ New York Liberty,2026-08-22T23:00:00Z,New York Liberty,Indiana Fever,Rebecca Allen,,PRA,OVER,10.5,-115,DraftKings,draftkings,player_points_rebounds_assists_alternate,the-odds-api,2026-08-22T21:39:37.704148+00:00
2026-08-22,a05ae0cd5516fbbcdd9fda35e698f70d,Indiana Fever @ New York Liberty,2026-08-22T23:00:00Z,New York Liberty,Indiana Fever,Rebecca Allen,,PRA,OVER,14.5,296,DraftKings,draftkings,player_points_rebounds_assists_alternate,the-odds-api,2026-08-22T21:39:37.704148+00:00
2026-08-22,a05ae0cd5516fbbcdd9fda35e698f70d,Indiana Fever @ New York Liberty,2026-08-22T23:00:00Z,New York Liberty,Indiana Fever,Rebecca Allen,,PRA,OVER,19.5,1200,DraftKings,draftkings,player_points_rebounds_assists_alternate,the-odds-api,2026-08-22T21:39:37.704148+00:00
2026-08-22,a05ae0cd5516fbbcdd9fda35e698f70d,Indiana Fever @ New York Liberty,2026-08-22T23:00:00Z,New York Liberty,Indiana Fever,Jonquel Jones,,REB,OVER,4.5,-2400,DraftKings,draftkings,player_rebounds_alternate,the-odds-api,2026-08-22T21:39:37.704148+00:00
2026-08-22,a05ae0cd5516fbbcdd9fda35e698f70d,Indiana Fever @ New York Liberty,2026-08-22T23:00:00Z,New York Liberty,Indiana Fever,Jonquel Jones,,REB,OVER,5.5,-940,DraftKings,draftkings,player_rebounds_alternate,the-odds-api,2026-08-22T21:39:37.704148+00:00
2026-08-22,a05ae0cd5516fbbcdd9fda35e698f70d,Indiana Fever @ New York Liberty,2026-08-22T23:00:00Z,New York Liberty,Indiana Fever,Jonquel Jones,,REB,OVER,6.5,-469,DraftKings,draftkings,player_rebounds_alternate,the-odds-api,2026-08-22T21:39:37.704148+00:00
2026-08-22,a05ae0cd5516fbbcdd9fda35e698f70d,Indiana Fever @ New York Liberty,2026-08-22T23:00:00Z,New York Liberty,Indiana Fever,Jonquel Jones,,REB,OVER,7.5,-257,DraftKings,draftkings,player_rebounds_alternate,the-odds-api,2026-08-22T21:39:37.704148+00:00
2026-08-22,a05ae0cd5516fbbcdd9fda35e698f70d,Indiana Fever @ New York Liberty,2026-08-22T23:00:00Z,New York Liberty,Indiana Fever,Jonquel Jones,,REB,OVER,8.5,-148,DraftKings,draftkings,player_rebounds_alternate,the-odds-api,2026-08-22T21:39:37.704148+00:00
2026-08-22,a05ae0cd5516fbbcdd9fda35e698f70d,Indiana Fever @ New York Liberty,2026-08-22T23:00:00Z,New York Liberty,Indiana Fever,Jonquel Jones,,REB,OVER,9.5,111,DraftKings,draftkings,player_rebounds_alternate,the-odds-api,2026-08-22T21:39:37.704148+00:00
2026-08-22,a05ae0cd5516fbbcdd9fda35e698f70d,Indiana Fever @ New York Liberty,2026-08-22T23:00:00Z,New York Liberty,Indiana Fever,Jonquel Jones,,REB,OVER,10.5,180,DraftKings,draftkings,player_rebounds_alternate,the-odds-api,2026-08-22T21:39:37.704148+00:00
2026-08-22,a05ae0cd5516fbbcdd9fda35e698f70d,Indiana Fever @ New York Liberty,2026-08-22T23:00:00Z,New York Liberty,Indiana Fever,Jonquel Jones,,REB,OVER,11.5,290,DraftKings,draftkings,player_rebounds_alternate,the-odds-api,2026-08-22T21:39:37.704148+00:00
2026-08-22,a05ae0cd5516fbbcdd9fda35e698f70d,Indiana Fever @ New York Liberty,2026-08-22T23:00:00Z,New York Liberty,Indiana Fever,Jonquel Jones,,REB,OVER,12.5,455,DraftKings,draftkings,player_rebounds_alternate,the-odds-api,2026-08-22T21:39:37.704148+00:00
2026-08-22,a05ae0cd5516fbbcdd9fda35e698f70d,Indiana Fever @ New York Liberty,2026-08-22T23:00:00Z,New York Liberty,Indiana Fever,Jonquel Jones,,REB,OVER,13.5,710,DraftKings,draftkings,player_rebounds_alternate,the-odds-api,2026-08-22T21:39:37.704148+00:00
2026-08-22,a05ae0cd5516fbbcdd9fda35e698f70d,Indiana Fever @ New York Liberty,2026-08-22T23:00:00Z,New York Liberty,Indiana Fever,Jonquel Jones,,REB,OVER,14.5,1080,DraftKings,draftkings,player_rebounds_alternate,the-odds-api,2026-08-22T21:39:37.704148+00:00
2026-08-22,a05ae0cd5516fbbcdd9fda35e698f70d,Indiana Fever @ New York Liberty,2026-08-22T23:00:00Z,New York Liberty,Indiana Fever,Jonquel Jones,,REB,OVER,15.5,1620,DraftKings,draftkings,player_rebounds_alternate,the-odds-api,2026-08-22T21:39:37.704148+00:00
2026-08-22,a05ae0cd5516fbbcdd9fda35e698f70d,Indiana Fever @ New York Liberty,2026-08-22T23:00:00Z,New York Liberty,Indiana Fever,Aliyah Boston,,REB,OVER,4.5,-2100,DraftKings,draftkings,player_rebounds_alternate,the-odds-api,2026-08-22T21:39:37.704148+00:00
2026-08-22,a05ae0cd5516fbbcdd9fda35e698f70d,Indiana Fever @ New York Liberty,2026-08-22T23:00:00Z,New York Liberty,Indiana Fever,Aliyah Boston,,REB,OVER,5.5,-800,DraftKings,draftkings,player_rebounds_alternate,the-odds-api,2026-08-22T21:39:37.704148+00:00
2026-08-22,a05ae0cd5516fbbcdd9fda35e698f70d,Indiana Fever @ New York Liberty,2026-08-22T23:00:00Z,New York Liberty,Indiana Fever,Aliyah Boston,,REB,OVER,6.5,-406,DraftKings,draftkings,player_rebounds_alternate,the-odds-api,2026-08-22T21:39:37.704148+00:00
2026-08-22,a05ae0cd5516fbbcdd9fda35e698f70d,Indiana Fever @ New York Liberty,2026-08-22T23:00:00Z,New York Liberty,Indiana Fever,Aliyah Boston,,REB,OVER,7.5,-226,DraftKings,draftkings,player_rebounds_alternate,the-odds-api,2026-08-22T21:39:37.704148+00:00
2026-08-22,a05ae0cd5516fbbcdd9fda35e698f70d,Indiana Fever @ New York Liberty,2026-08-22T23:00:00Z,New York Liberty,Indiana Fever,Aliyah Boston,,REB,OVER,8.5,-132,DraftKings,draftkings,player_rebounds_alternate,the-odds-api,2026-08-22T21:39:37.704148+00:00
2026-08-22,a05ae0cd5516fbbcdd9fda35e698f70d,Indiana Fever @ New York Liberty,2026-08-22T23:00:00Z,New York Liberty,Indiana Fever,Aliyah Boston,,REB,OVER,9.5,123,DraftKings,draftkings,player_rebounds_alternate,the-odds-api,2026-08-22T21:39:37.704148+00:00
2026-08-22,a05ae0cd5516fbbcdd9fda35e698f70d,Indiana Fever @ New York Liberty,2026-08-22T23:00:00Z,New York Liberty,Indiana Fever,Aliyah Boston,,REB,OVER,10.5,193,DraftKings,draftkings,player_rebounds_alternate,the-odds-api,2026-08-22T21:39:37.704148+00:00
2026-08-22,a05ae0cd5516fbbcdd9fda35e698f70d,Indiana Fever @ New York Liberty,2026-08-22T23:00:00Z,New York Liberty,Indiana Fever,Aliyah Boston,,REB,OVER,11.5,307,DraftKings,draftkings,player_rebounds_alternate,the-odds-api,2026-08-22T21:39:37.704148+00:00
2026-08-22,a05ae0cd5516fbbcdd9fda35e698f70d,Indiana Fever @ New York Liberty,2026-08-22T23:00:00Z,New York Liberty,Indiana Fever,Aliyah Boston,,REB,OVER,12.5,482,DraftKings,draftkings,player_rebounds_alternate,the-odds-api,2026-08-22T21:39:37.704148+00:00
2026-08-22,a05ae0cd5516fbbcdd9fda35e698f70d,Indiana Fever @ New York Liberty,2026-08-22T23:00:00Z,New York Liberty,Indiana Fever,Aliyah Boston,,REB,OVER,13.5,780,DraftKings,draftkings,player_rebounds_alternate,the-odds-api,2026-08-22T21:39:37.704148+00:00
2026-08-22,a05ae0cd5516fbbcdd9fda35e698f70d,Indiana Fever @ New York Liberty,2026-08-22T23:00:00Z,New York Liberty,Indiana Fever,Aliyah Boston,,REB,OVER,14.5,1220,DraftKings,draftkings,player_rebounds_alternate,the-odds-api,2026-08-22T21:39:37.704148+00:00
2026-08-22,a05ae0cd5516fbbcdd9fda35e698f70d,Indiana Fever @ New York Liberty,2026-08-22T23:00:00Z,New York Liberty,Indiana Fever,Breanna Stewart,,REB,OVER,3.5,-3200,DraftKings,draftkings,player_rebounds_alternate,the-odds-api,2026-08-22T21:39:37.704148+00:00
2026-08-22,a05ae0cd5516fbbcdd9fda35e698f70d,Indiana Fever @ New York Liberty,2026-08-22T23:00:00Z,New York Liberty,Indiana Fever,Breanna Stewart,,REB,OVER,4.5,-1020,DraftKings,draftkings,player_rebounds_alternate,the-odds-api,2026-08-22T21:39:37.704148+00:00
2026-08-22,a05ae0cd5516fbbcdd9fda35e698f70d,Indiana Fever @ New York Liberty,2026-08-22T23:00:00Z,New York Liberty,Indiana Fever,Breanna Stewart,,REB,OVER,5.5,-462,DraftKings,draftkings,player_rebounds_alternate,the-odds-api,2026-08-22T21:39:37.704148+00:00
2026-08-22,a05ae0cd5516fbbcdd9fda35e698f70d,Indiana Fever @ New York Liberty,2026-08-22T23:00:00Z,New York Liberty,Indiana Fever,Breanna Stewart,,REB,OVER,6.5,-246,DraftKings,draftkings,player_rebounds_alternate,the-odds-api,2026-08-22T21:39:37.704148+00:00
2026-08-22,a05ae0cd5516fbbcdd9fda35e698f70d,Indiana Fever @ New York Liberty,2026-08-22T23:00:00Z,New York Liberty,Indiana Fever,Breanna Stewart,,REB,OVER,7.5,-141,DraftKings,draftkings,player_rebounds_alternate,the-odds-api,2026-08-22T21:39:37.704148+00:00
2026-08-22,a05ae0cd5516fbbcdd9fda35e698f70d,Indiana Fever @ New York Liberty,2026-08-22T23:00:00Z,New York Liberty,Indiana Fever,Breanna Stewart,,REB,OVER,8.5,121,DraftKings,draftkings,player_rebounds_alternate,the-odds-api,2026-08-22T21:39:37.704148+00:00
2026-08-22,a05ae0cd5516fbbcdd9fda35e698f70d,Indiana Fever @ New York Liberty,2026-08-22T23:00:00Z,New York Liberty,Indiana Fever,Breanna Stewart,,REB,OVER,9.5,196,DraftKings,draftkings,player_rebounds_alternate,the-odds-api,2026-08-22T21:39:37.704148+00:00
2026-08-22,a05ae0cd5516fbbcdd9fda35e698f70d,Indiana Fever @ New York Liberty,2026-08-22T23:00:00Z,New York Liberty,Indiana Fever,Breanna Stewart,,REB,OVER,10.5,317,DraftKings,draftkings,player_rebounds_alternate,the-odds-api,2026-08-22T21:39:37.704148+00:00
2026-08-22,a05ae0cd5516fbbcdd9fda35e698f70d,Indiana Fever @ New York Liberty,2026-08-22T23:00:00Z,New York Liberty,Indiana Fever,Breanna Stewart,,REB,OVER,11.5,508,DraftKings,draftkings,player_rebounds_alternate,the-odds-api,2026-08-22T21:39:37.704148+00:00
2026-08-22,a05ae0cd5516fbbcdd9fda35e698f70d,Indiana Fever @ New York Liberty,2026-08-22T23:00:00Z,New York Liberty,Indiana Fever,Breanna Stewart,,REB,OVER,12.5,810,DraftKings,draftkings,player_rebounds_alternate,the-odds-api,2026-08-22T21:39:37.704148+00:00
2026-08-22,a05ae0cd5516fbbcdd9fda35e698f70d,Indiana Fever @ New York Liberty,2026-08-22T23:00:00Z,New York Liberty,Indiana Fever,Breanna Stewart,,REB,OVER,13.5,1240,DraftKings,draftkings,player_rebounds_alternate,the-odds-api,2026-08-22T21:39:37.704148+00:00
2026-08-22,a05ae0cd5516fbbcdd9fda35e698f70d,Indiana Fever @ New York Liberty,2026-08-22T23:00:00Z,New York Liberty,Indiana Fever,Makayla Timpson,,REB,OVER,3.5,-1340,DraftKings,draftkings,player_rebounds_alternate,the-odds-api,2026-08-22T21:39:37.704148+00:00
2026-08-22,a05ae0cd5516fbbcdd9fda35e698f70d,Indiana Fever @ New York Liberty,2026-08-22T23:00:00Z,New York Liberty,Indiana Fever,Makayla Timpson,,REB,OVER,4.5,-531,DraftKings,draftkings,player_rebounds_alternate,the-odds-api,2026-08-22T21:39:37.704148+00:00
2026-08-22,a05ae0cd5516fbbcdd9fda35e698f70d,Indiana Fever @ New York Liberty,2026-08-22T23:00:00Z,New York Liberty,Indiana Fever,Makayla Timpson,,REB,OVER,5.5,-269,DraftKings,draftkings,player_rebounds_alternate,the-odds-api,2026-08-22T21:39:37.704148+00:00
2026-08-22,a05ae0cd5516fbbcdd9fda35e698f70d,Indiana Fever @ New York Liberty,2026-08-22T23:00:00Z,New York Liberty,Indiana Fever,Makayla Timpson,,REB,OVER,6.5,-146,DraftKings,draftkings,player_rebounds_alternate,the-odds-api,2026-08-22T21:39:37.704148+00:00
2026-08-22,a05ae0cd5516fbbcdd9fda35e698f70d,Indiana Fever @ New York Liberty,2026-08-22T23:00:00Z,New York Liberty,Indiana Fever,Makayla Timpson,,REB,OVER,7.5,115,DraftKings,draftkings,player_rebounds_alternate,the-odds-api,2026-08-22T21:39:37.704148+00:00
2026-08-22,a05ae0cd5516fbbcdd9fda35e698f70d,Indiana Fever @ New York Liberty,2026-08-22T23:00:00Z,New York Liberty,Indiana Fever,Makayla Timpson,,REB,OVER,8.5,187,DraftKings,draftkings,player_rebounds_alternate,the-odds-api,2026-08-22T21:39:37.704148+00:00
2026-08-22,a05ae0cd5516fbbcdd9fda35e698f70d,Indiana Fever @ New York Liberty,2026-08-22T23:00:00Z,New York Liberty,Indiana Fever,Makayla Timpson,,REB,OVER,9.5,301,DraftKings,draftkings,player_rebounds_alternate,the-odds-api,2026-08-22T21:39:37.704148+00:00
2026-08-22,a05ae0cd5516fbbcdd9fda35e698f70d,Indiana Fever @ New York Liberty,2026-08-22T23:00:00Z,New York Liberty,Indiana Fever,Makayla Timpson,,REB,OVER,10.5,484,DraftKings,draftkings,player_rebounds_alternate,the-odds-api,2026-08-22T21:39:37.704148+00:00
2026-08-22,a05ae0cd5516fbbcdd9fda35e698f70d,Indiana Fever @ New York Liberty,2026-08-22T23:00:00Z,New York Liberty,Indiana Fever,Makayla Timpson,,REB,OVER,11.5,760,DraftKings,draftkings,player_rebounds_alternate,the-odds-api,2026-08-22T21:39:37.704148+00:00
2026-08-22,a05ae0cd5516fbbcdd9fda35e698f70d,Indiana Fever @ New York Liberty,2026-08-22T23:00:00Z,New York Liberty,Indiana Fever,Makayla Timpson,,REB,OVER,12.5,1140,DraftKings,draftkings,player_rebounds_alternate,the-odds-api,2026-08-22T21:39:37.704148+00:00
2026-08-22,a05ae0cd5516fbbcdd9fda35e698f70d,Indiana Fever @ New York Liberty,2026-08-22T23:00:00Z,New York Liberty,Indiana Fever,Makayla Timpson,,REB,OVER,13.5,1660,DraftKings,draftkings,player_rebounds_alternate,the-odds-api,2026-08-22T21:39:37.704148+00:00
2026-08-22,a05ae0cd5516fbbcdd9fda35e698f70d,Indiana Fever @ New York Liberty,2026-08-22T23:00:00Z,New York Liberty,Indiana Fever,Caitlin Clark,,REB,OVER,2.5,-313,DraftKings,draftkings,player_rebounds_alternate,the-odds-api,2026-08-22T21:39:37.704148+00:00
2026-08-22,a05ae0cd5516fbbcdd9fda35e698f70d,Indiana Fever @ New York Liberty,2026-08-22T23:00:00Z,New York Liberty,Indiana Fever,Caitlin Clark,,REB,OVER,3.5,-141,DraftKings,draftkings,player_rebounds_alternate,the-odds-api,2026-08-22T21:39:37.704148+00:00
2026-08-22,a05ae0cd5516fbbcdd9fda35e698f70d,Indiana Fever @ New York Liberty,2026-08-22T23:00:00Z,New York Liberty,Indiana Fever,Caitlin Clark,,REB,OVER,4.5,135,DraftKings,draftkings,player_rebounds_alternate,the-odds-api,2026-08-22T21:39:37.704148+00:00
2026-08-22,a05ae0cd5516fbbcdd9fda35e698f70d,Indiana Fever @ New York Liberty,2026-08-22T23:00:00Z,New York Liberty,Indiana Fever,Caitlin Clark,,REB,OVER,5.5,244,DraftKings,draftkings,player_rebounds_alternate,the-odds-api,2026-08-22T21:39:37.704148+00:00
2026-08-22,a05ae0cd5516fbbcdd9fda35e698f70d,Indiana Fever @ New York Liberty,2026-08-22T23:00:00Z,New York Liberty,Indiana Fever,Caitlin Clark,,REB,OVER,6.5,434,DraftKings,draftkings,player_rebounds_alternate,the-odds-api,2026-08-22T21:39:37.704148+00:00
2026-08-22,a05ae0cd5516fbbcdd9fda35e698f70d,Indiana Fever @ New York Liberty,2026-08-22T23:00:00Z,New York Liberty,Indiana Fever,Caitlin Clark,,REB,OVER,7.5,740,DraftKings,draftkings,player_rebounds_alternate,the-odds-api,2026-08-22T21:39:37.704148+00:00
2026-08-22,a05ae0cd5516fbbcdd9fda35e698f70d,Indiana Fever @ New York Liberty,2026-08-22T23:00:00Z,New York Liberty,Indiana Fever,Caitlin Clark,,REB,OVER,8.5,1220,DraftKings,draftkings,player_rebounds_alternate,the-odds-api,2026-08-22T21:39:37.704148+00:00
2026-08-22,a05ae0cd5516fbbcdd9fda35e698f70d,Indiana Fever @ New York Liberty,2026-08-22T23:00:00Z,New York Liberty,Indiana Fever,Sabrina Ionescu,,REB,OVER,2.5,-536,DraftKings,draftkings,player_rebounds_alternate,the-odds-api,2026-08-22T21:39:37.704148+00:00
2026-08-22,a05ae0cd5516fbbcdd9fda35e698f70d,Indiana Fever @ New York Liberty,2026-08-22T23:00:00Z,New York Liberty,Indiana Fever,Sabrina Ionescu,,REB,OVER,3.5,-214,DraftKings,draftkings,player_rebounds_alternate,the-odds-api,2026-08-22T21:39:37.704148+00:00
2026-08-22,a05ae0cd5516fbbcdd9fda35e698f70d,Indiana Fever @ New York Liberty,2026-08-22T23:00:00Z,New York Liberty,Indiana Fever,Sabrina Ionescu,,REB,OVER,4.5,100,DraftKings,draftkings,player_rebounds_alternate,the-odds-api,2026-08-22T21:39:37.704148+00:00
2026-08-22,a05ae0cd5516fbbcdd9fda35e698f70d,Indiana Fever @ New York Liberty,2026-08-22T23:00:00Z,New York Liberty,Indiana Fever,Sabrina Ionescu,,REB,OVER,5.5,198,DraftKings,draftkings,player_rebounds_alternate,the-odds-api,2026-08-22T21:39:37.704148+00:00
2026-08-22,a05ae0cd5516fbbcdd9fda35e698f70d,Indiana Fever @ New York Liberty,2026-08-22T23:00:00Z,New York Liberty,Indiana Fever,Sabrina Ionescu,,REB,OVER,6.5,375,DraftKings,draftkings,player_rebounds_alternate,the-odds-api,2026-08-22T21:39:37.704148+00:00
2026-08-22,a05ae0cd5516fbbcdd9fda35e698f70d,Indiana Fever @ New York Liberty,2026-08-22T23:00:00Z,New York Liberty,Indiana Fever,Sabrina Ionescu,,REB,OVER,7.5,710,DraftKings,draftkings,player_rebounds_alternate,the-odds-api,2026-08-22T21:39:37.704148+00:00
2026-08-22,a05ae0cd5516fbbcdd9fda35e698f70d,Indiana Fever @ New York Liberty,2026-08-22T23:00:00Z,New York Liberty,Indiana Fever,Sabrina Ionescu,,REB,OVER,8.5,1260,DraftKings,draftkings,player_rebounds_alternate,the-odds-api,2026-08-22T21:39:37.704148+00:00
2026-08-22,a05ae0cd5516fbbcdd9fda35e698f70d,Indiana Fever @ New York Liberty,2026-08-22T23:00:00Z,New York Liberty,Indiana Fever,Rebecca Allen,,REB,OVER,2.5,-141,DraftKings,draftkings,player_rebounds_alternate,the-odds-api,2026-08-22T21:39:37.704148+00:00
2026-08-22,a05ae0cd5516fbbcdd9fda35e698f70d,Indiana Fever @ New York Liberty,2026-08-22T23:00:00Z,New York Liberty,Indiana Fever,Rebecca Allen,,REB,OVER,3.5,170,DraftKings,draftkings,player_rebounds_alternate,the-odds-api,2026-08-22T21:39:37.704148+00:00
2026-08-22,a05ae0cd5516fbbcdd9fda35e698f70d,Indiana Fever @ New York Liberty,2026-08-22T23:00:00Z,New York Liberty,Indiana Fever,Rebecca Allen,,REB,OVER,4.5,387,DraftKings,draftkings,player_rebounds_alternate,the-odds-api,2026-08-22T21:39:37.704148+00:00
2026-08-22,a05ae0cd5516fbbcdd9fda35e698f70d,Indiana Fever @ New York Liberty,2026-08-22T23:00:00Z,New York Liberty,Indiana Fever,Rebecca Allen,,REB,OVER,5.5,800,DraftKings,draftkings,player_rebounds_alternate,the-odds-api,2026-08-22T21:39:37.704148+00:00
2026-08-22,a05ae0cd5516fbbcdd9fda35e698f70d,Indiana Fever @ New York Liberty,2026-08-22T23:00:00Z,New York Liberty,Indiana Fever,Rebecca Allen,,REB,OVER,6.5,1620,DraftKings,draftkings,player_rebounds_alternate,the-odds-api,2026-08-22T21:39:37.704148+00:00
2026-08-22,a05ae0cd5516fbbcdd9fda35e698f70d,Indiana Fever @ New York Liberty,2026-08-22T23:00:00Z,New York Liberty,Indiana Fever,Lexie Hull,,REB,OVER,2.5,-128,DraftKings,draftkings,player_rebounds_alternate,the-odds-api,2026-08-22T21:39:37.704148+00:00
2026-08-22,a05ae0cd5516fbbcdd9fda35e698f70d,Indiana Fever @ New York Liberty,2026-08-22T23:00:00Z,New York Liberty,Indiana Fever,Lexie Hull,,REB,OVER,3.5,192,DraftKings,draftkings,player_rebounds_alternate,the-odds-api,2026-08-22T21:39:37.704148+00:00
2026-08-22,a05ae0cd5516fbbcdd9fda35e698f70d,Indiana Fever @ New York Liberty,2026-08-22T23:00:00Z,New York Liberty,Indiana Fever,Lexie Hull,,REB,OVER,4.5,419,DraftKings,draftkings,player_rebounds_alternate,the-odds-api,2026-08-22T21:39:37.704148+00:00
2026-08-22,a05ae0cd5516fbbcdd9fda35e698f70d,Indiana Fever @ New York Liberty,2026-08-22T23:00:00Z,New York Liberty,Indiana Fever,Lexie Hull,,REB,OVER,5.5,860,DraftKings,draftkings,player_rebounds_alternate,the-odds-api,2026-08-22T21:39:37.704148+00:00
2026-08-22,a05ae0cd5516fbbcdd9fda35e698f70d,Indiana Fever @ New York Liberty,2026-08-22T23:00:00Z,New York Liberty,Indiana Fever,Lexie Hull,,REB,OVER,6.5,1660,DraftKings,draftkings,player_rebounds_alternate,the-odds-api,2026-08-22T21:39:37.704148+00:00
2026-08-22,a05ae0cd5516fbbcdd9fda35e698f70d,Indiana Fever @ New York Liberty,2026-08-22T23:00:00Z,New York Liberty,Indiana Fever,Pauline Astier,,REB,OVER,2.5,138,DraftKings,draftkings,player_rebounds_alternate,the-odds-api,2026-08-22T21:39:37.704148+00:00
2026-08-22,a05ae0cd5516fbbcdd9fda35e698f70d,Indiana Fever @ New York Liberty,2026-08-22T23:00:00Z,New York Liberty,Indiana Fever,Pauline Astier,,REB,OVER,3.5,347,DraftKings,draftkings,player_rebounds_alternate,the-odds-api,2026-08-22T21:39:37.704148+00:00
2026-08-22,a05ae0cd5516fbbcdd9fda35e698f70d,Indiana Fever @ New York Liberty,2026-08-22T23:00:00Z,New York Liberty,Indiana Fever,Pauline Astier,,REB,OVER,4.5,800,DraftKings,draftkings,player_rebounds_alternate,the-odds-api,2026-08-22T21:39:37.704148+00:00
2026-08-22,a05ae0cd5516fbbcdd9fda35e698f70d,Indiana Fever @ New York Liberty,2026-08-22T23:00:00Z,New York Liberty,Indiana Fever,Pauline Astier,,REB,OVER,5.5,1660,DraftKings,draftkings,player_rebounds_alternate,the-odds-api,2026-08-22T21:39:37.704148+00:00
2026-08-22,a05ae0cd5516fbbcdd9fda35e698f70d,Indiana Fever @ New York Liberty,2026-08-22T23:00:00Z,New York Liberty,Indiana Fever,Kelsey Mitchell,,REB,OVER,1.5,-170,DraftKings,draftkings,player_rebounds_alternate,the-odds-api,2026-08-22T21:39:37.704148+00:00
2026-08-22,a05ae0cd5516fbbcdd9fda35e698f70d,Indiana Fever @ New York Liberty,2026-08-22T23:00:00Z,New York Liberty,Indiana Fever,Kelsey Mitchell,,REB,OVER,2.5,175,DraftKings,draftkings,player_rebounds_alternate,the-odds-api,2026-08-22T21:39:37.704148+00:00
2026-08-22,a05ae0cd5516fbbcdd9fda35e698f70d,Indiana Fever @ New York Liberty,2026-08-22T23:00:00Z,New York Liberty,Indiana Fever,Kelsey Mitchell,,REB,OVER,3.5,442,DraftKings,draftkings,player_rebounds_alternate,the-odds-api,2026-08-22T21:39:37.704148+00:00
2026-08-22,a05ae0cd5516fbbcdd9fda35e698f70d,Indiana Fever @ New York Liberty,2026-08-22T23:00:00Z,New York Liberty,Indiana Fever,Kelsey Mitchell,,REB,OVER,4.5,1040,DraftKings,draftkings,player_rebounds_alternate,the-odds-api,2026-08-22T21:39:37.704148+00:00
2026-08-22,a05ae0cd5516fbbcdd9fda35e698f70d,Indiana Fever @ New York Liberty,2026-08-22T23:00:00Z,New York Liberty,Indiana Fever,Caitlin Clark,,3PM,OVER,0.5,-2500,DraftKings,draftkings,player_threes_alternate,the-odds-api,2026-08-22T21:39:37.704148+00:00
2026-08-22,a05ae0cd5516fbbcdd9fda35e698f70d,Indiana Fever @ New York Liberty,2026-08-22T23:00:00Z,New York Liberty,Indiana Fever,Caitlin Clark,,3PM,OVER,1.5,-446,DraftKings,draftkings,player_threes_alternate,the-odds-api,2026-08-22T21:39:37.704148+00:00
2026-08-22,a05ae0cd5516fbbcdd9fda35e698f70d,Indiana Fever @ New York Liberty,2026-08-22T23:00:00Z,New York Liberty,Indiana Fever,Caitlin Clark,,3PM,OVER,2.5,-165,DraftKings,draftkings,player_threes_alternate,the-odds-api,2026-08-22T21:39:37.704148+00:00
2026-08-22,a05ae0cd5516fbbcdd9fda35e698f70d,Indiana Fever @ New York Liberty,2026-08-22T23:00:00Z,New York Liberty,Indiana Fever,Caitlin Clark,,3PM,OVER,3.5,133,DraftKings,draftkings,player_threes_alternate,the-odds-api,2026-08-22T21:39:37.704148+00:00
2026-08-22,a05ae0cd5516fbbcdd9fda35e698f70d,Indiana Fever @ New York Liberty,2026-08-22T23:00:00Z,New York Liberty,Indiana Fever,Caitlin Clark,,3PM,OVER,4.5,274,DraftKings,draftkings,player_threes_alternate,the-odds-api,2026-08-22T21:39:37.704148+00:00
2026-08-22,a05ae0cd5516fbbcdd9fda35e698f70d,Indiana Fever @ New York Liberty,2026-08-22T23:00:00Z,New York Liberty,Indiana Fever,Caitlin Clark,,3PM,OVER,5.5,528,DraftKings,draftkings,player_threes_alternate,the-odds-api,2026-08-22T21:39:37.704148+00:00
2026-08-22,a05ae0cd5516fbbcdd9fda35e698f70d,Indiana Fever @ New York Liberty,2026-08-22T23:00:00Z,New York Liberty,Indiana Fever,Caitlin Clark,,3PM,OVER,6.5,970,DraftKings,draftkings,player_threes_alternate,the-odds-api,2026-08-22T21:39:37.704148+00:00
2026-08-22,a05ae0cd5516fbbcdd9fda35e698f70d,Indiana Fever @ New York Liberty,2026-08-22T23:00:00Z,New York Liberty,Indiana Fever,Caitlin Clark,,3PM,OVER,7.5,1700,DraftKings,draftkings,player_threes_alternate,the-odds-api,2026-08-22T21:39:37.704148+00:00
2026-08-22,a05ae0cd5516fbbcdd9fda35e698f70d,Indiana Fever @ New York Liberty,2026-08-22T23:00:00Z,New York Liberty,Indiana Fever,Caitlin Clark,,3PM,OVER,8.5,2700,DraftKings,draftkings,player_threes_alternate,the-odds-api,2026-08-22T21:39:37.704148+00:00
2026-08-22,a05ae0cd5516fbbcdd9fda35e698f70d,Indiana Fever @ New York Liberty,2026-08-22T23:00:00Z,New York Liberty,Indiana Fever,Kelsey Mitchell,,3PM,OVER,0.5,-10000,DraftKings,draftkings,player_threes_alternate,the-odds-api,2026-08-22T21:39:37.704148+00:00
2026-08-22,a05ae0cd5516fbbcdd9fda35e698f70d,Indiana Fever @ New York Liberty,2026-08-22T23:00:00Z,New York Liberty,Indiana Fever,Kelsey Mitchell,,3PM,OVER,1.5,-710,DraftKings,draftkings,player_threes_alternate,the-odds-api,2026-08-22T21:39:37.704148+00:00
2026-08-22,a05ae0cd5516fbbcdd9fda35e698f70d,Indiana Fever @ New York Liberty,2026-08-22T23:00:00Z,New York Liberty,Indiana Fever,Kelsey Mitchell,,3PM,OVER,2.5,-199,DraftKings,draftkings,player_threes_alternate,the-odds-api,2026-08-22T21:39:37.704148+00:00
2026-08-22,a05ae0cd5516fbbcdd9fda35e698f70d,Indiana Fever @ New York Liberty,2026-08-22T23:00:00Z,New York Liberty,Indiana Fever,Kelsey Mitchell,,3PM,OVER,3.5,133,DraftKings,draftkings,player_threes_alternate,the-odds-api,2026-08-22T21:39:37.704148+00:00
2026-08-22,a05ae0cd5516fbbcdd9fda35e698f70d,Indiana Fever @ New York Liberty,2026-08-22T23:00:00Z,New York Liberty,Indiana Fever,Kelsey Mitchell,,3PM,OVER,4.5,316,DraftKings,draftkings,player_threes_alternate,the-odds-api,2026-08-22T21:39:37.704148+00:00
2026-08-22,a05ae0cd5516fbbcdd9fda35e698f70d,Indiana Fever @ New York Liberty,2026-08-22T23:00:00Z,New York Liberty,Indiana Fever,Kelsey Mitchell,,3PM,OVER,5.5,710,DraftKings,draftkings,player_threes_alternate,the-odds-api,2026-08-22T21:39:37.704148+00:00
2026-08-22,a05ae0cd5516fbbcdd9fda35e698f70d,Indiana Fever @ New York Liberty,2026-08-22T23:00:00Z,New York Liberty,Indiana Fever,Kelsey Mitchell,,3PM,OVER,6.5,1500,DraftKings,draftkings,player_threes_alternate,the-odds-api,2026-08-22T21:39:37.704148+00:00
2026-08-22,a05ae0cd5516fbbcdd9fda35e698f70d,Indiana Fever @ New York Liberty,2026-08-22T23:00:00Z,New York Liberty,Indiana Fever,Kelsey Mitchell,,3PM,OVER,7.5,2700,DraftKings,draftkings,player_threes_alternate,the-odds-api,2026-08-22T21:39:37.704148+00:00
2026-08-22,a05ae0cd5516fbbcdd9fda35e698f70d,Indiana Fever @ New York Liberty,2026-08-22T23:00:00Z,New York Liberty,Indiana Fever,Sabrina Ionescu,,3PM,OVER,0.5,-1300,DraftKings,draftkings,player_threes_alternate,the-odds-api,2026-08-22T21:39:37.704148+00:00
2026-08-22,a05ae0cd5516fbbcdd9fda35e698f70d,Indiana Fever @ New York Liberty,2026-08-22T23:00:00Z,New York Liberty,Indiana Fever,Sabrina Ionescu,,3PM,OVER,1.5,-236,DraftKings,draftkings,player_threes_alternate,the-odds-api,2026-08-22T21:39:37.704148+00:00
2026-08-22,a05ae0cd5516fbbcdd9fda35e698f70d,Indiana Fever @ New York Liberty,2026-08-22T23:00:00Z,New York Liberty,Indiana Fever,Sabrina Ionescu,,3PM,OVER,2.5,125,DraftKings,draftkings,player_threes_alternate,the-odds-api,2026-08-22T21:39:37.704148+00:00
2026-08-22,a05ae0cd5516fbbcdd9fda35e698f70d,Indiana Fever @ New York Liberty,2026-08-22T23:00:00Z,New York Liberty,Indiana Fever,Sabrina Ionescu,,3PM,OVER,3.5,320,DraftKings,draftkings,player_threes_alternate,the-odds-api,2026-08-22T21:39:37.704148+00:00
2026-08-22,a05ae0cd5516fbbcdd9fda35e698f70d,Indiana Fever @ New York Liberty,2026-08-22T23:00:00Z,New York Liberty,Indiana Fever,Sabrina Ionescu,,3PM,OVER,4.5,760,DraftKings,draftkings,player_threes_alternate,the-odds-api,2026-08-22T21:39:37.704148+00:00
2026-08-22,a05ae0cd5516fbbcdd9fda35e698f70d,Indiana Fever @ New York Liberty,2026-08-22T23:00:00Z,New York Liberty,Indiana Fever,Sabrina Ionescu,,3PM,OVER,5.5,1680,DraftKings,draftkings,player_threes_alternate,the-odds-api,2026-08-22T21:39:37.704148+00:00
2026-08-22,a05ae0cd5516fbbcdd9fda35e698f70d,Indiana Fever @ New York Liberty,2026-08-22T23:00:00Z,New York Liberty,Indiana Fever,Sabrina Ionescu,,3PM,OVER,6.5,2800,DraftKings,draftkings,player_threes_alternate,the-odds-api,2026-08-22T21:39:37.704148+00:00
2026-08-22,a05ae0cd5516fbbcdd9fda35e698f70d,Indiana Fever @ New York Liberty,2026-08-22T23:00:00Z,New York Liberty,Indiana Fever,Marine Johannes,,3PM,OVER,0.5,-690,DraftKings,draftkings,player_threes_alternate,the-odds-api,2026-08-22T21:39:37.704148+00:00
2026-08-22,a05ae0cd5516fbbcdd9fda35e698f70d,Indiana Fever @ New York Liberty,2026-08-22T23:00:00Z,New York Liberty,Indiana Fever,Marine Johannes,,3PM,OVER,1.5,-147,DraftKings,draftkings,player_threes_alternate,the-odds-api,2026-08-22T21:39:37.704148+00:00
2026-08-22,a05ae0cd5516fbbcdd9fda35e698f70d,Indiana Fever @ New York Liberty,2026-08-22T23:00:00Z,New York Liberty,Indiana Fever,Marine Johannes,,3PM,OVER,2.5,202,DraftKings,draftkings,player_threes_alternate,the-odds-api,2026-08-22T21:39:37.704148+00:00
2026-08-22,a05ae0cd5516fbbcdd9fda35e698f70d,Indiana Fever @ New York Liberty,2026-08-22T23:00:00Z,New York Liberty,Indiana Fever,Marine Johannes,,3PM,OVER,3.5,513,DraftKings,draftkings,player_threes_alternate,the-odds-api,2026-08-22T21:39:37.704148+00:00
2026-08-22,a05ae0cd5516fbbcdd9fda35e698f70d,Indiana Fever @ New York Liberty,2026-08-22T23:00:00Z,New York Liberty,Indiana Fever,Marine Johannes,,3PM,OVER,4.5,1180,DraftKings,draftkings,player_threes_alternate,the-odds-api,2026-08-22T21:39:37.704148+00:00
2026-08-22,a05ae0cd5516fbbcdd9fda35e698f70d,Indiana Fever @ New York Liberty,2026-08-22T23:00:00Z,New York Liberty,Indiana Fever,Marine Johannes,,3PM,OVER,5.5,2200,DraftKings,draftkings,player_threes_alternate,the-odds-api,2026-08-22T21:39:37.704148+00:00
2026-08-22,a05ae0cd5516fbbcdd9fda35e698f70d,Indiana Fever @ New York Liberty,2026-08-22T23:00:00Z,New York Liberty,Indiana Fever,Jonquel Jones,,3PM,OVER,0.5,-560,DraftKings,draftkings,player_threes_alternate,the-odds-api,2026-08-22T21:39:37.704148+00:00
2026-08-22,a05ae0cd5516fbbcdd9fda35e698f70d,Indiana Fever @ New York Liberty,2026-08-22T23:00:00Z,New York Liberty,Indiana Fever,Jonquel Jones,,3PM,OVER,1.5,-125,DraftKings,draftkings,player_threes_alternate,the-odds-api,2026-08-22T21:39:37.704148+00:00
2026-08-22,a05ae0cd5516fbbcdd9fda35e698f70d,Indiana Fever @ New York Liberty,2026-08-22T23:00:00Z,New York Liberty,Indiana Fever,Jonquel Jones,,3PM,OVER,2.5,240,DraftKings,draftkings,player_threes_alternate,the-odds-api,2026-08-22T21:39:37.704148+00:00
2026-08-22,a05ae0cd5516fbbcdd9fda35e698f70d,Indiana Fever @ New York Liberty,2026-08-22T23:00:00Z,New York Liberty,Indiana Fever,Jonquel Jones,,3PM,OVER,3.5,650,DraftKings,draftkings,player_threes_alternate,the-odds-api,2026-08-22T21:39:37.704148+00:00
2026-08-22,a05ae0cd5516fbbcdd9fda35e698f70d,Indiana Fever @ New York Liberty,2026-08-22T23:00:00Z,New York Liberty,Indiana Fever,Jonquel Jones,,3PM,OVER,4.5,1640,DraftKings,draftkings,player_threes_alternate,the-odds-api,2026-08-22T21:39:37.704148+00:00
2026-08-22,a05ae0cd5516fbbcdd9fda35e698f70d,Indiana Fever @ New York Liberty,2026-08-22T23:00:00Z,New York Liberty,Indiana Fever,Sophie Cunningham,,3PM,OVER,0.5,-385,DraftKings,draftkings,player_threes_alternate,the-odds-api,2026-08-22T21:39:37.704148+00:00
2026-08-22,a05ae0cd5516fbbcdd9fda35e698f70d,Indiana Fever @ New York Liberty,2026-08-22T23:00:00Z,New York Liberty,Indiana Fever,Sophie Cunningham,,3PM,OVER,1.5,118,DraftKings,draftkings,player_threes_alternate,the-odds-api,2026-08-22T21:39:37.704148+00:00
2026-08-22,a05ae0cd5516fbbcdd9fda35e698f70d,Indiana Fever @ New York Liberty,2026-08-22T23:00:00Z,New York Liberty,Indiana Fever,Sophie Cunningham,,3PM,OVER,2.5,375,DraftKings,draftkings,player_threes_alternate,the-odds-api,2026-08-22T21:39:37.704148+00:00
2026-08-22,a05ae0cd5516fbbcdd9fda35e698f70d,Indiana Fever @ New York Liberty,2026-08-22T23:00:00Z,New York Liberty,Indiana Fever,Sophie Cunningham,,3PM,OVER,3.5,1060,DraftKings,draftkings,player_threes_alternate,the-odds-api,2026-08-22T21:39:37.704148+00:00
2026-08-22,a05ae0cd5516fbbcdd9fda35e698f70d,Indiana Fever @ New York Liberty,2026-08-22T23:00:00Z,New York Liberty,Indiana Fever,Sophie Cunningham,,3PM,OVER,4.5,2300,DraftKings,draftkings,player_threes_alternate,the-odds-api,2026-08-22T21:39:37.704148+00:00
2026-08-22,a05ae0cd5516fbbcdd9fda35e698f70d,Indiana Fever @ New York Liberty,2026-08-22T23:00:00Z,New York Liberty,Indiana Fever,Breanna Stewart,,3PM,OVER,0.5,-330,DraftKings,draftkings,player_threes_alternate,the-odds-api,2026-08-22T21:39:37.704148+00:00
2026-08-22,a05ae0cd5516fbbcdd9fda35e698f70d,Indiana Fever @ New York Liberty,2026-08-22T23:00:00Z,New York Liberty,Indiana Fever,Breanna Stewart,,3PM,OVER,1.5,133,DraftKings,draftkings,player_threes_alternate,the-odds-api,2026-08-22T21:39:37.704148+00:00
2026-08-22,a05ae0cd5516fbbcdd9fda35e698f70d,Indiana Fever @ New York Liberty,2026-08-22T23:00:00Z,New York Liberty,Indiana Fever,Breanna Stewart,,3PM,OVER,2.5,417,DraftKings,draftkings,player_threes_alternate,the-odds-api,2026-08-22T21:39:37.704148+00:00
2026-08-22,a05ae0cd5516fbbcdd9fda35e698f70d,Indiana Fever @ New York Liberty,2026-08-22T23:00:00Z,New York Liberty,Indiana Fever,Breanna Stewart,,3PM,OVER,3.5,1140,DraftKings,draftkings,player_threes_alternate,the-odds-api,2026-08-22T21:39:37.704148+00:00
2026-08-22,a05ae0cd5516fbbcdd9fda35e698f70d,Indiana Fever @ New York Liberty,2026-08-22T23:00:00Z,New York Liberty,Indiana Fever,Breanna Stewart,,3PM,OVER,4.5,2500,DraftKings,draftkings,player_threes_alternate,the-odds-api,2026-08-22T21:39:37.704148+00:00
2026-08-22,a05ae0cd5516fbbcdd9fda35e698f70d,Indiana Fever @ New York Liberty,2026-08-22T23:00:00Z,New York Liberty,Indiana Fever,Rebecca Allen,,3PM,OVER,0.5,-305,DraftKings,draftkings,player_threes_alternate,the-odds-api,2026-08-22T21:39:37.704148+00:00
2026-08-22,a05ae0cd5516fbbcdd9fda35e698f70d,Indiana Fever @ New York Liberty,2026-08-22T23:00:00Z,New York Liberty,Indiana Fever,Rebecca Allen,,3PM,OVER,1.5,153,DraftKings,draftkings,player_threes_alternate,the-odds-api,2026-08-22T21:39:37.704148+00:00
2026-08-22,a05ae0cd5516fbbcdd9fda35e698f70d,Indiana Fever @ New York Liberty,2026-08-22T23:00:00Z,New York Liberty,Indiana Fever,Rebecca Allen,,3PM,OVER,2.5,494,DraftKings,draftkings,player_threes_alternate,the-odds-api,2026-08-22T21:39:37.704148+00:00
2026-08-22,a05ae0cd5516fbbcdd9fda35e698f70d,Indiana Fever @ New York Liberty,2026-08-22T23:00:00Z,New York Liberty,Indiana Fever,Rebecca Allen,,3PM,OVER,3.5,1380,DraftKings,draftkings,player_threes_alternate,the-odds-api,2026-08-22T21:39:37.704148+00:00
2026-08-22,a05ae0cd5516fbbcdd9fda35e698f70d,Indiana Fever @ New York Liberty,2026-08-22T23:00:00Z,New York Liberty,Indiana Fever,Rebecca Allen,,3PM,OVER,4.5,2800,DraftKings,draftkings,player_threes_alternate,the-odds-api,2026-08-22T21:39:37.704148+00:00
2026-08-22,a05ae0cd5516fbbcdd9fda35e698f70d,Indiana Fever @ New York Liberty,2026-08-22T23:00:00Z,New York Liberty,Indiana Fever,Leonie Fiebich,,3PM,OVER,0.5,-270,DraftKings,draftkings,player_threes_alternate,the-odds-api,2026-08-22T21:39:37.704148+00:00
2026-08-22,a05ae0cd5516fbbcdd9fda35e698f70d,Indiana Fever @ New York Liberty,2026-08-22T23:00:00Z,New York Liberty,Indiana Fever,Leonie Fiebich,,3PM,OVER,1.5,167,DraftKings,draftkings,player_threes_alternate,the-odds-api,2026-08-22T21:39:37.704148+00:00
2026-08-22,a05ae0cd5516fbbcdd9fda35e698f70d,Indiana Fever @ New York Liberty,2026-08-22T23:00:00Z,New York Liberty,Indiana Fever,Leonie Fiebich,,3PM,OVER,2.5,556,DraftKings,draftkings,player_threes_alternate,the-odds-api,2026-08-22T21:39:37.704148+00:00
2026-08-22,a05ae0cd5516fbbcdd9fda35e698f70d,Indiana Fever @ New York Liberty,2026-08-22T23:00:00Z,New York Liberty,Indiana Fever,Leonie Fiebich,,3PM,OVER,3.5,1460,DraftKings,draftkings,player_threes_alternate,the-odds-api,2026-08-22T21:39:37.704148+00:00
2026-08-22,a05ae0cd5516fbbcdd9fda35e698f70d,Indiana Fever @ New York Liberty,2026-08-22T23:00:00Z,New York Liberty,Indiana Fever,Aliyah Boston,,3PM,OVER,0.5,-239,DraftKings,draftkings,player_threes_alternate,the-odds-api,2026-08-22T21:39:37.704148+00:00
2026-08-22,a05ae0cd5516fbbcdd9fda35e698f70d,Indiana Fever @ New York Liberty,2026-08-22T23:00:00Z,New York Liberty,Indiana Fever,Aliyah Boston,,3PM,OVER,1.5,198,DraftKings,draftkings,player_threes_alternate,the-odds-api,2026-08-22T21:39:37.704148+00:00
2026-08-22,a05ae0cd5516fbbcdd9fda35e698f70d,Indiana Fever @ New York Liberty,2026-08-22T23:00:00Z,New York Liberty,Indiana Fever,Aliyah Boston,,3PM,OVER,2.5,650,DraftKings,draftkings,player_threes_alternate,the-odds-api,2026-08-22T21:39:37.704148+00:00
2026-08-22,a05ae0cd5516fbbcdd9fda35e698f70d,Indiana Fever @ New York Liberty,2026-08-22T23:00:00Z,New York Liberty,Indiana Fever,Aliyah Boston,,3PM,OVER,3.5,1680,DraftKings,draftkings,player_threes_alternate,the-odds-api,2026-08-22T21:39:37.704148+00:00
2026-08-22,a05ae0cd5516fbbcdd9fda35e698f70d,Indiana Fever @ New York Liberty,2026-08-22T23:00:00Z,New York Liberty,Indiana Fever,Lexie Hull,,3PM,OVER,0.5,-149,DraftKings,draftkings,player_threes_alternate,the-odds-api,2026-08-22T21:39:37.704148+00:00
2026-08-22,a05ae0cd5516fbbcdd9fda35e698f70d,Indiana Fever @ New York Liberty,2026-08-22T23:00:00Z,New York Liberty,Indiana Fever,Lexie Hull,,3PM,OVER,1.5,322,DraftKings,draftkings,player_threes_alternate,the-odds-api,2026-08-22T21:39:37.704148+00:00
2026-08-22,a05ae0cd5516fbbcdd9fda35e698f70d,Indiana Fever @ New York Liberty,2026-08-22T23:00:00Z,New York Liberty,Indiana Fever,Lexie Hull,,3PM,OVER,2.5,1080,DraftKings,draftkings,player_threes_alternate,the-odds-api,2026-08-22T21:39:37.704148+00:00
2026-08-22,a05ae0cd5516fbbcdd9fda35e698f70d,Indiana Fever @ New York Liberty,2026-08-22T23:00:00Z,New York Liberty,Indiana Fever,Lexie Hull,,3PM,OVER,3.5,2700,DraftKings,draftkings,player_threes_alternate,the-odds-api,2026-08-22T21:39:37.704148+00:00
2026-08-22,d2c4b90e59812d0ba7bb21319e5c25a6,Connecticut Sun @ Los Angeles Sparks,2026-08-23T01:00:00Z,Los Angeles Sparks,Connecticut Sun,Rae Burrell,,AST,OVER,1.5,-450,Fanatics,fanatics,player_assists_alternate,the-odds-api,2026-08-22T21:39:39.275008+00:00
2026-08-22,d2c4b90e59812d0ba7bb21319e5c25a6,Connecticut Sun @ Los Angeles Sparks,2026-08-23T01:00:00Z,Los Angeles Sparks,Connecticut Sun,Rae Burrell,,AST,OVER,2.5,-140,Fanatics,fanatics,player_assists_alternate,the-odds-api,2026-08-22T21:39:39.275008+00:00
2026-08-22,d2c4b90e59812d0ba7bb21319e5c25a6,Connecticut Sun @ Los Angeles Sparks,2026-08-23T01:00:00Z,Los Angeles Sparks,Connecticut Sun,Rae Burrell,,AST,OVER,3.5,155,Fanatics,fanatics,player_assists_alternate,the-odds-api,2026-08-22T21:39:39.275008+00:00
2026-08-22,d2c4b90e59812d0ba7bb21319e5c25a6,Connecticut Sun @ Los Angeles Sparks,2026-08-23T01:00:00Z,Los Angeles Sparks,Connecticut Sun,Rae Burrell,,AST,OVER,4.5,320,Fanatics,fanatics,player_assists_alternate,the-odds-api,2026-08-22T21:39:39.275008+00:00
2026-08-22,d2c4b90e59812d0ba7bb21319e5c25a6,Connecticut Sun @ Los Angeles Sparks,2026-08-23T01:00:00Z,Los Angeles Sparks,Connecticut Sun,Rae Burrell,,AST,OVER,5.5,650,Fanatics,fanatics,player_assists_alternate,the-odds-api,2026-08-22T21:39:39.275008+00:00
2026-08-22,d2c4b90e59812d0ba7bb21319e5c25a6,Connecticut Sun @ Los Angeles Sparks,2026-08-23T01:00:00Z,Los Angeles Sparks,Connecticut Sun,Nneka Ogwumike,,AST,OVER,1.5,-325,Fanatics,fanatics,player_assists_alternate,the-odds-api,2026-08-22T21:39:39.275008+00:00
2026-08-22,d2c4b90e59812d0ba7bb21319e5c25a6,Connecticut Sun @ Los Angeles Sparks,2026-08-23T01:00:00Z,Los Angeles Sparks,Connecticut Sun,Nneka Ogwumike,,AST,OVER,2.5,100,Fanatics,fanatics,player_assists_alternate,the-odds-api,2026-08-22T21:39:39.275008+00:00
2026-08-22,d2c4b90e59812d0ba7bb21319e5c25a6,Connecticut Sun @ Los Angeles Sparks,2026-08-23T01:00:00Z,Los Angeles Sparks,Connecticut Sun,Nneka Ogwumike,,AST,OVER,3.5,210,Fanatics,fanatics,player_assists_alternate,the-odds-api,2026-08-22T21:39:39.275008+00:00
2026-08-22,d2c4b90e59812d0ba7bb21319e5c25a6,Connecticut Sun @ Los Angeles Sparks,2026-08-23T01:00:00Z,Los Angeles Sparks,Connecticut Sun,Nneka Ogwumike,,AST,OVER,4.5,425,Fanatics,fanatics,player_assists_alternate,the-odds-api,2026-08-22T21:39:39.275008+00:00
2026-08-22,d2c4b90e59812d0ba7bb21319e5c25a6,Connecticut Sun @ Los Angeles Sparks,2026-08-23T01:00:00Z,Los Angeles Sparks,Connecticut Sun,Dearica Hamby,,AST,OVER,1.5,-275,Fanatics,fanatics,player_assists_alternate,the-odds-api,2026-08-22T21:39:39.275008+00:00
2026-08-22,d2c4b90e59812d0ba7bb21319e5c25a6,Connecticut Sun @ Los Angeles Sparks,2026-08-23T01:00:00Z,Los Angeles Sparks,Connecticut Sun,Dearica Hamby,,AST,OVER,2.5,120,Fanatics,fanatics,player_assists_alternate,the-odds-api,2026-08-22T21:39:39.275008+00:00
2026-08-22,d2c4b90e59812d0ba7bb21319e5c25a6,Connecticut Sun @ Los Angeles Sparks,2026-08-23T01:00:00Z,Los Angeles Sparks,Connecticut Sun,Dearica Hamby,,AST,OVER,3.5,260,Fanatics,fanatics,player_assists_alternate,the-odds-api,2026-08-22T21:39:39.275008+00:00
2026-08-22,d2c4b90e59812d0ba7bb21319e5c25a6,Connecticut Sun @ Los Angeles Sparks,2026-08-23T01:00:00Z,Los Angeles Sparks,Connecticut Sun,Dearica Hamby,,AST,OVER,4.5,550,Fanatics,fanatics,player_assists_alternate,the-odds-api,2026-08-22T21:39:39.275008+00:00
2026-08-22,d2c4b90e59812d0ba7bb21319e5c25a6,Connecticut Sun @ Los Angeles Sparks,2026-08-23T01:00:00Z,Los Angeles Sparks,Connecticut Sun,Leïla Lacan,,AST,OVER,2.5,-1100,Fanatics,fanatics,player_assists_alternate,the-odds-api,2026-08-22T21:39:39.275008+00:00
2026-08-22,d2c4b90e59812d0ba7bb21319e5c25a6,Connecticut Sun @ Los Angeles Sparks,2026-08-23T01:00:00Z,Los Angeles Sparks,Connecticut Sun,Leïla Lacan,,AST,OVER,3.5,-425,Fanatics,fanatics,player_assists_alternate,the-odds-api,2026-08-22T21:39:39.275008+00:00
2026-08-22,d2c4b90e59812d0ba7bb21319e5c25a6,Connecticut Sun @ Los Angeles Sparks,2026-08-23T01:00:00Z,Los Angeles Sparks,Connecticut Sun,Leïla Lacan,,AST,OVER,4.5,-190,Fanatics,fanatics,player_assists_alternate,the-odds-api,2026-08-22T21:39:39.275008+00:00
2026-08-22,d2c4b90e59812d0ba7bb21319e5c25a6,Connecticut Sun @ Los Angeles Sparks,2026-08-23T01:00:00Z,Los Angeles Sparks,Connecticut Sun,Leïla Lacan,,AST,OVER,5.5,110,Fanatics,fanatics,player_assists_alternate,the-odds-api,2026-08-22T21:39:39.275008+00:00
2026-08-22,d2c4b90e59812d0ba7bb21319e5c25a6,Connecticut Sun @ Los Angeles Sparks,2026-08-23T01:00:00Z,Los Angeles Sparks,Connecticut Sun,Leïla Lacan,,AST,OVER,6.5,175,Fanatics,fanatics,player_assists_alternate,the-odds-api,2026-08-22T21:39:39.275008+00:00
2026-08-22,d2c4b90e59812d0ba7bb21319e5c25a6,Connecticut Sun @ Los Angeles Sparks,2026-08-23T01:00:00Z,Los Angeles Sparks,Connecticut Sun,Leïla Lacan,,AST,OVER,7.5,320,Fanatics,fanatics,player_assists_alternate,the-odds-api,2026-08-22T21:39:39.275008+00:00
2026-08-22,d2c4b90e59812d0ba7bb21319e5c25a6,Connecticut Sun @ Los Angeles Sparks,2026-08-23T01:00:00Z,Los Angeles Sparks,Connecticut Sun,Leïla Lacan,,AST,OVER,8.5,550,Fanatics,fanatics,player_assists_alternate,the-odds-api,2026-08-22T21:39:39.275008+00:00
2026-08-22,d2c4b90e59812d0ba7bb21319e5c25a6,Connecticut Sun @ Los Angeles Sparks,2026-08-23T01:00:00Z,Los Angeles Sparks,Connecticut Sun,Ariel Atkins,,AST,OVER,1.5,-375,Fanatics,fanatics,player_assists_alternate,the-odds-api,2026-08-22T21:39:39.275008+00:00
2026-08-22,d2c4b90e59812d0ba7bb21319e5c25a6,Connecticut Sun @ Los Angeles Sparks,2026-08-23T01:00:00Z,Los Angeles Sparks,Connecticut Sun,Ariel Atkins,,AST,OVER,2.5,-120,Fanatics,fanatics,player_assists_alternate,the-odds-api,2026-08-22T21:39:39.275008+00:00
2026-08-22,d2c4b90e59812d0ba7bb21319e5c25a6,Connecticut Sun @ Los Angeles Sparks,2026-08-23T01:00:00Z,Los Angeles Sparks,Connecticut Sun,Ariel Atkins,,AST,OVER,3.5,175,Fanatics,fanatics,player_assists_alternate,the-odds-api,2026-08-22T21:39:39.275008+00:00
2026-08-22,d2c4b90e59812d0ba7bb21319e5c25a6,Connecticut Sun @ Los Angeles Sparks,2026-08-23T01:00:00Z,Los Angeles Sparks,Connecticut Sun,Ariel Atkins,,AST,OVER,4.5,350,Fanatics,fanatics,player_assists_alternate,the-odds-api,2026-08-22T21:39:39.275008+00:00
2026-08-22,d2c4b90e59812d0ba7bb21319e5c25a6,Connecticut Sun @ Los Angeles Sparks,2026-08-23T01:00:00Z,Los Angeles Sparks,Connecticut Sun,Ariel Atkins,,AST,OVER,5.5,800,Fanatics,fanatics,player_assists_alternate,the-odds-api,2026-08-22T21:39:39.275008+00:00
2026-08-22,d2c4b90e59812d0ba7bb21319e5c25a6,Connecticut Sun @ Los Angeles Sparks,2026-08-23T01:00:00Z,Los Angeles Sparks,Connecticut Sun,Erica Wheeler,,AST,OVER,1.5,-2000,Fanatics,fanatics,player_assists_alternate,the-odds-api,2026-08-22T21:39:39.275008+00:00
2026-08-22,d2c4b90e59812d0ba7bb21319e5c25a6,Connecticut Sun @ Los Angeles Sparks,2026-08-23T01:00:00Z,Los Angeles Sparks,Connecticut Sun,Erica Wheeler,,AST,OVER,2.5,-550,Fanatics,fanatics,player_assists_alternate,the-odds-api,2026-08-22T21:39:39.275008+00:00
2026-08-22,d2c4b90e59812d0ba7bb21319e5c25a6,Connecticut Sun @ Los Angeles Sparks,2026-08-23T01:00:00Z,Los Angeles Sparks,Connecticut Sun,Erica Wheeler,,AST,OVER,3.5,-240,Fanatics,fanatics,player_assists_alternate,the-odds-api,2026-08-22T21:39:39.275008+00:00
2026-08-22,d2c4b90e59812d0ba7bb21319e5c25a6,Connecticut Sun @ Los Angeles Sparks,2026-08-23T01:00:00Z,Los Angeles Sparks,Connecticut Sun,Erica Wheeler,,AST,OVER,4.5,100,Fanatics,fanatics,player_assists_alternate,the-odds-api,2026-08-22T21:39:39.275008+00:00
2026-08-22,d2c4b90e59812d0ba7bb21319e5c25a6,Connecticut Sun @ Los Angeles Sparks,2026-08-23T01:00:00Z,Los Angeles Sparks,Connecticut Sun,Erica Wheeler,,AST,OVER,5.5,175,Fanatics,fanatics,player_assists_alternate,the-odds-api,2026-08-22T21:39:39.275008+00:00
2026-08-22,d2c4b90e59812d0ba7bb21319e5c25a6,Connecticut Sun @ Los Angeles Sparks,2026-08-23T01:00:00Z,Los Angeles Sparks,Connecticut Sun,Erica Wheeler,,AST,OVER,6.5,320,Fanatics,fanatics,player_assists_alternate,the-odds-api,2026-08-22T21:39:39.275008+00:00
2026-08-22,d2c4b90e59812d0ba7bb21319e5c25a6,Connecticut Sun @ Los Angeles Sparks,2026-08-23T01:00:00Z,Los Angeles Sparks,Connecticut Sun,Erica Wheeler,,AST,OVER,7.5,600,Fanatics,fanatics,player_assists_alternate,the-odds-api,2026-08-22T21:39:39.275008+00:00
2026-08-22,d2c4b90e59812d0ba7bb21319e5c25a6,Connecticut Sun @ Los Angeles Sparks,2026-08-23T01:00:00Z,Los Angeles Sparks,Connecticut Sun,Diamond Miller,,AST,OVER,1.5,-190,Fanatics,fanatics,player_assists_alternate,the-odds-api,2026-08-22T21:39:39.275008+00:00
2026-08-22,d2c4b90e59812d0ba7bb21319e5c25a6,Connecticut Sun @ Los Angeles Sparks,2026-08-23T01:00:00Z,Los Angeles Sparks,Connecticut Sun,Diamond Miller,,AST,OVER,2.5,140,Fanatics,fanatics,player_assists_alternate,the-odds-api,2026-08-22T21:39:39.275008+00:00
2026-08-22,d2c4b90e59812d0ba7bb21319e5c25a6,Connecticut Sun @ Los Angeles Sparks,2026-08-23T01:00:00Z,Los Angeles Sparks,Connecticut Sun,Diamond Miller,,AST,OVER,3.5,340,Fanatics,fanatics,player_assists_alternate,the-odds-api,2026-08-22T21:39:39.275008+00:00
2026-08-22,d2c4b90e59812d0ba7bb21319e5c25a6,Connecticut Sun @ Los Angeles Sparks,2026-08-23T01:00:00Z,Los Angeles Sparks,Connecticut Sun,Diamond Miller,,AST,OVER,4.5,800,Fanatics,fanatics,player_assists_alternate,the-odds-api,2026-08-22T21:39:39.275008+00:00
2026-08-22,d2c4b90e59812d0ba7bb21319e5c25a6,Connecticut Sun @ Los Angeles Sparks,2026-08-23T01:00:00Z,Los Angeles Sparks,Connecticut Sun,Charlisse Leger-Walker,,AST,OVER,1.5,-1500,Fanatics,fanatics,player_assists_alternate,the-odds-api,2026-08-22T21:39:39.275008+00:00
2026-08-22,d2c4b90e59812d0ba7bb21319e5c25a6,Connecticut Sun @ Los Angeles Sparks,2026-08-23T01:00:00Z,Los Angeles Sparks,Connecticut Sun,Charlisse Leger-Walker,,AST,OVER,2.5,-525,Fanatics,fanatics,player_assists_alternate,the-odds-api,2026-08-22T21:39:39.275008+00:00
2026-08-22,d2c4b90e59812d0ba7bb21319e5c25a6,Connecticut Sun @ Los Angeles Sparks,2026-08-23T01:00:00Z,Los Angeles Sparks,Connecticut Sun,Charlisse Leger-Walker,,AST,OVER,3.5,-190,Fanatics,fanatics,player_assists_alternate,the-odds-api,2026-08-22T21:39:39.275008+00:00
2026-08-22,d2c4b90e59812d0ba7bb21319e5c25a6,Connecticut Sun @ Los Angeles Sparks,2026-08-23T01:00:00Z,Los Angeles Sparks,Connecticut Sun,Charlisse Leger-Walker,,AST,OVER,4.5,110,Fanatics,fanatics,player_assists_alternate,the-odds-api,2026-08-22T21:39:39.275008+00:00
2026-08-22,d2c4b90e59812d0ba7bb21319e5c25a6,Connecticut Sun @ Los Angeles Sparks,2026-08-23T01:00:00Z,Los Angeles Sparks,Connecticut Sun,Charlisse Leger-Walker,,AST,OVER,5.5,200,Fanatics,fanatics,player_assists_alternate,the-odds-api,2026-08-22T21:39:39.275008+00:00
2026-08-22,d2c4b90e59812d0ba7bb21319e5c25a6,Connecticut Sun @ Los Angeles Sparks,2026-08-23T01:00:00Z,Los Angeles Sparks,Connecticut Sun,Charlisse Leger-Walker,,AST,OVER,6.5,375,Fanatics,fanatics,player_assists_alternate,the-odds-api,2026-08-22T21:39:39.275008+00:00
2026-08-22,d2c4b90e59812d0ba7bb21319e5c25a6,Connecticut Sun @ Los Angeles Sparks,2026-08-23T01:00:00Z,Los Angeles Sparks,Connecticut Sun,Charlisse Leger-Walker,,AST,OVER,7.5,700,Fanatics,fanatics,player_assists_alternate,the-odds-api,2026-08-22T21:39:39.275008+00:00
2026-08-22,d2c4b90e59812d0ba7bb21319e5c25a6,Connecticut Sun @ Los Angeles Sparks,2026-08-23T01:00:00Z,Los Angeles Sparks,Connecticut Sun,Saniya Rivers,,AST,OVER,1.5,-700,Fanatics,fanatics,player_assists_alternate,the-odds-api,2026-08-22T21:39:39.275008+00:00
2026-08-22,d2c4b90e59812d0ba7bb21319e5c25a6,Connecticut Sun @ Los Angeles Sparks,2026-08-23T01:00:00Z,Los Angeles Sparks,Connecticut Sun,Saniya Rivers,,AST,OVER,2.5,-240,Fanatics,fanatics,player_assists_alternate,the-odds-api,2026-08-22T21:39:39.275008+00:00
2026-08-22,d2c4b90e59812d0ba7bb21319e5c25a6,Connecticut Sun @ Los Angeles Sparks,2026-08-23T01:00:00Z,Los Angeles Sparks,Connecticut Sun,Saniya Rivers,,AST,OVER,3.5,115,Fanatics,fanatics,player_assists_alternate,the-odds-api,2026-08-22T21:39:39.275008+00:00
2026-08-22,d2c4b90e59812d0ba7bb21319e5c25a6,Connecticut Sun @ Los Angeles Sparks,2026-08-23T01:00:00Z,Los Angeles Sparks,Connecticut Sun,Saniya Rivers,,AST,OVER,4.5,225,Fanatics,fanatics,player_assists_alternate,the-odds-api,2026-08-22T21:39:39.275008+00:00
2026-08-22,d2c4b90e59812d0ba7bb21319e5c25a6,Connecticut Sun @ Los Angeles Sparks,2026-08-23T01:00:00Z,Los Angeles Sparks,Connecticut Sun,Saniya Rivers,,AST,OVER,5.5,400,Fanatics,fanatics,player_assists_alternate,the-odds-api,2026-08-22T21:39:39.275008+00:00
2026-08-22,d2c4b90e59812d0ba7bb21319e5c25a6,Connecticut Sun @ Los Angeles Sparks,2026-08-23T01:00:00Z,Los Angeles Sparks,Connecticut Sun,Saniya Rivers,,AST,OVER,6.5,900,Fanatics,fanatics,player_assists_alternate,the-odds-api,2026-08-22T21:39:39.275008+00:00
2026-08-22,d2c4b90e59812d0ba7bb21319e5c25a6,Connecticut Sun @ Los Angeles Sparks,2026-08-23T01:00:00Z,Los Angeles Sparks,Connecticut Sun,Nneka Ogwumike,,PTS,OVER,6.5,-2500,Fanatics,fanatics,player_points_alternate,the-odds-api,2026-08-22T21:39:39.275008+00:00
2026-08-22,d2c4b90e59812d0ba7bb21319e5c25a6,Connecticut Sun @ Los Angeles Sparks,2026-08-23T01:00:00Z,Los Angeles Sparks,Connecticut Sun,Nneka Ogwumike,,PTS,OVER,7.5,-1500,Fanatics,fanatics,player_points_alternate,the-odds-api,2026-08-22T21:39:39.275008+00:00
2026-08-22,d2c4b90e59812d0ba7bb21319e5c25a6,Connecticut Sun @ Los Angeles Sparks,2026-08-23T01:00:00Z,Los Angeles Sparks,Connecticut Sun,Nneka Ogwumike,,PTS,OVER,8.5,-1000,Fanatics,fanatics,player_points_alternate,the-odds-api,2026-08-22T21:39:39.275008+00:00
2026-08-22,d2c4b90e59812d0ba7bb21319e5c25a6,Connecticut Sun @ Los Angeles Sparks,2026-08-23T01:00:00Z,Los Angeles Sparks,Connecticut Sun,Nneka Ogwumike,,PTS,OVER,9.5,-700,Fanatics,fanatics,player_points_alternate,the-odds-api,2026-08-22T21:39:39.275008+00:00
2026-08-22,d2c4b90e59812d0ba7bb21319e5c25a6,Connecticut Sun @ Los Angeles Sparks,2026-08-23T01:00:00Z,Los Angeles Sparks,Connecticut Sun,Nneka Ogwumike,,PTS,OVER,10.5,-475,Fanatics,fanatics,player_points_alternate,the-odds-api,2026-08-22T21:39:39.275008+00:00
2026-08-22,d2c4b90e59812d0ba7bb21319e5c25a6,Connecticut Sun @ Los Angeles Sparks,2026-08-23T01:00:00Z,Los Angeles Sparks,Connecticut Sun,Nneka Ogwumike,,PTS,OVER,11.5,-350,Fanatics,fanatics,player_points_alternate,the-odds-api,2026-08-22T21:39:39.275008+00:00
2026-08-22,d2c4b90e59812d0ba7bb21319e5c25a6,Connecticut Sun @ Los Angeles Sparks,2026-08-23T01:00:00Z,Los Angeles Sparks,Connecticut Sun,Nneka Ogwumike,,PTS,OVER,12.5,-250,Fanatics,fanatics,player_points_alternate,the-odds-api,2026-08-22T21:39:39.275008+00:00
2026-08-22,d2c4b90e59812d0ba7bb21319e5c25a6,Connecticut Sun @ Los Angeles Sparks,2026-08-23T01:00:00Z,Los Angeles Sparks,Connecticut Sun,Nneka Ogwumike,,PTS,OVER,13.5,-175,Fanatics,fanatics,player_points_alternate,the-odds-api,2026-08-22T21:39:39.275008+00:00
2026-08-22,d2c4b90e59812d0ba7bb21319e5c25a6,Connecticut Sun @ Los Angeles Sparks,2026-08-23T01:00:00Z,Los Angeles Sparks,Connecticut Sun,Nneka Ogwumike,,PTS,OVER,14.5,-130,Fanatics,fanatics,player_points_alternate,the-odds-api,2026-08-22T21:39:39.275008+00:00
2026-08-22,d2c4b90e59812d0ba7bb21319e5c25a6,Connecticut Sun @ Los Angeles Sparks,2026-08-23T01:00:00Z,Los Angeles Sparks,Connecticut Sun,Nneka Ogwumike,,PTS,OVER,15.5,100,Fanatics,fanatics,player_points_alternate,the-odds-api,2026-08-22T21:39:39.275008+00:00
2026-08-22,d2c4b90e59812d0ba7bb21319e5c25a6,Connecticut Sun @ Los Angeles Sparks,2026-08-23T01:00:00Z,Los Angeles Sparks,Connecticut Sun,Nneka Ogwumike,,PTS,OVER,16.5,125,Fanatics,fanatics,player_points_alternate,the-odds-api,2026-08-22T21:39:39.275008+00:00
2026-08-22,d2c4b90e59812d0ba7bb21319e5c25a6,Connecticut Sun @ Los Angeles Sparks,2026-08-23T01:00:00Z,Los Angeles Sparks,Connecticut Sun,Nneka Ogwumike,,PTS,OVER,17.5,155,Fanatics,fanatics,player_points_alternate,the-odds-api,2026-08-22T21:39:39.275008+00:00
2026-08-22,d2c4b90e59812d0ba7bb21319e5c25a6,Connecticut Sun @ Los Angeles Sparks,2026-08-23T01:00:00Z,Los Angeles Sparks,Connecticut Sun,Nneka Ogwumike,,PTS,OVER,18.5,190,Fanatics,fanatics,player_points_alternate,the-odds-api,2026-08-22T21:39:39.275008+00:00
2026-08-22,d2c4b90e59812d0ba7bb21319e5c25a6,Connecticut Sun @ Los Angeles Sparks,2026-08-23T01:00:00Z,Los Angeles Sparks,Connecticut Sun,Nneka Ogwumike,,PTS,OVER,19.5,240,Fanatics,fanatics,player_points_alternate,the-odds-api,2026-08-22T21:39:39.275008+00:00
2026-08-22,d2c4b90e59812d0ba7bb21319e5c25a6,Connecticut Sun @ Los Angeles Sparks,2026-08-23T01:00:00Z,Los Angeles Sparks,Connecticut Sun,Nneka Ogwumike,,PTS,OVER,20.5,300,Fanatics,fanatics,player_points_alternate,the-odds-api,2026-08-22T21:39:39.275008+00:00
2026-08-22,d2c4b90e59812d0ba7bb21319e5c25a6,Connecticut Sun @ Los Angeles Sparks,2026-08-23T01:00:00Z,Los Angeles Sparks,Connecticut Sun,Nneka Ogwumike,,PTS,OVER,21.5,375,Fanatics,fanatics,player_points_alternate,the-odds-api,2026-08-22T21:39:39.275008+00:00
2026-08-22,d2c4b90e59812d0ba7bb21319e5c25a6,Connecticut Sun @ Los Angeles Sparks,2026-08-23T01:00:00Z,Los Angeles Sparks,Connecticut Sun,Nneka Ogwumike,,PTS,OVER,22.5,475,Fanatics,fanatics,player_points_alternate,the-odds-api,2026-08-22T21:39:39.275008+00:00
2026-08-22,d2c4b90e59812d0ba7bb21319e5c25a6,Connecticut Sun @ Los Angeles Sparks,2026-08-23T01:00:00Z,Los Angeles Sparks,Connecticut Sun,Nneka Ogwumike,,PTS,OVER,23.5,600,Fanatics,fanatics,player_points_alternate,the-odds-api,2026-08-22T21:39:39.275008+00:00
2026-08-22,d2c4b90e59812d0ba7bb21319e5c25a6,Connecticut Sun @ Los Angeles Sparks,2026-08-23T01:00:00Z,Los Angeles Sparks,Connecticut Sun,Nneka Ogwumike,,PTS,OVER,24.5,800,Fanatics,fanatics,player_points_alternate,the-odds-api,2026-08-22T21:39:39.275008+00:00
2026-08-22,d2c4b90e59812d0ba7bb21319e5c25a6,Connecticut Sun @ Los Angeles Sparks,2026-08-23T01:00:00Z,Los Angeles Sparks,Connecticut Sun,Nneka Ogwumike,,PTS,OVER,25.5,950,Fanatics,fanatics,player_points_alternate,the-odds-api,2026-08-22T21:39:39.275008+00:00
2026-08-22,d2c4b90e59812d0ba7bb21319e5c25a6,Connecticut Sun @ Los Angeles Sparks,2026-08-23T01:00:00Z,Los Angeles Sparks,Connecticut Sun,Nneka Ogwumike,,PTS,OVER,26.5,1100,Fanatics,fanatics,player_points_alternate,the-odds-api,2026-08-22T21:39:39.275008+00:00
2026-08-22,d2c4b90e59812d0ba7bb21319e5c25a6,Connecticut Sun @ Los Angeles Sparks,2026-08-23T01:00:00Z,Los Angeles Sparks,Connecticut Sun,Nneka Ogwumike,,PTS,OVER,27.5,1400,Fanatics,fanatics,player_points_alternate,the-odds-api,2026-08-22T21:39:39.275008+00:00
2026-08-22,d2c4b90e59812d0ba7bb21319e5c25a6,Connecticut Sun @ Los Angeles Sparks,2026-08-23T01:00:00Z,Los Angeles Sparks,Connecticut Sun,Dearica Hamby,,PTS,OVER,6.5,-1800,Fanatics,fanatics,player_points_alternate,the-odds-api,2026-08-22T21:39:39.275008+00:00
2026-08-22,d2c4b90e59812d0ba7bb21319e5c25a6,Connecticut Sun @ Los Angeles Sparks,2026-08-23T01:00:00Z,Los Angeles Sparks,Connecticut Sun,Dearica Hamby,,PTS,OVER,7.5,-1200,Fanatics,fanatics,player_points_alternate,the-odds-api,2026-08-22T21:39:39.275008+00:00
2026-08-22,d2c4b90e59812d0ba7bb21319e5c25a6,Connecticut Sun @ Los Angeles Sparks,2026-08-23T01:00:00Z,Los Angeles Sparks,Connecticut Sun,Dearica Hamby,,PTS,OVER,8.5,-900,Fanatics,fanatics,player_points_alternate,the-odds-api,2026-08-22T21:39:39.275008+00:00
2026-08-22,d2c4b90e59812d0ba7bb21319e5c25a6,Connecticut Sun @ Los Angeles Sparks,2026-08-23T01:00:00Z,Los Angeles Sparks,Connecticut Sun,Dearica Hamby,,PTS,OVER,9.5,-550,Fanatics,fanatics,player_points_alternate,the-odds-api,2026-08-22T21:39:39.275008+00:00
2026-08-22,d2c4b90e59812d0ba7bb21319e5c25a6,Connecticut Sun @ Los Angeles Sparks,2026-08-23T01:00:00Z,Los Angeles Sparks,Connecticut Sun,Dearica Hamby,,PTS,OVER,10.5,-400,Fanatics,fanatics,player_points_alternate,the-odds-api,2026-08-22T21:39:39.275008+00:00
2026-08-22,d2c4b90e59812d0ba7bb21319e5c25a6,Connecticut Sun @ Los Angeles Sparks,2026-08-23T01:00:00Z,Los Angeles Sparks,Connecticut Sun,Dearica Hamby,,PTS,OVER,11.5,-300,Fanatics,fanatics,player_points_alternate,the-odds-api,2026-08-22T21:39:39.275008+00:00
2026-08-22,d2c4b90e59812d0ba7bb21319e5c25a6,Connecticut Sun @ Los Angeles Sparks,2026-08-23T01:00:00Z,Los Angeles Sparks,Connecticut Sun,Dearica Hamby,,PTS,OVER,12.5,-210,Fanatics,fanatics,player_points_alternate,the-odds-api,2026-08-22T21:39:39.275008+00:00
2026-08-22,d2c4b90e59812d0ba7bb21319e5c25a6,Connecticut Sun @ Los Angeles Sparks,2026-08-23T01:00:00Z,Los Angeles Sparks,Connecticut Sun,Dearica Hamby,,PTS,OVER,13.5,-150,Fanatics,fanatics,player_points_alternate,the-odds-api,2026-08-22T21:39:39.275008+00:00
2026-08-22,d2c4b90e59812d0ba7bb21319e5c25a6,Connecticut Sun @ Los Angeles Sparks,2026-08-23T01:00:00Z,Los Angeles Sparks,Connecticut Sun,Dearica Hamby,,PTS,OVER,14.5,-115,Fanatics,fanatics,player_points_alternate,the-odds-api,2026-08-22T21:39:39.275008+00:00
2026-08-22,d2c4b90e59812d0ba7bb21319e5c25a6,Connecticut Sun @ Los Angeles Sparks,2026-08-23T01:00:00Z,Los Angeles Sparks,Connecticut Sun,Dearica Hamby,,PTS,OVER,15.5,115,Fanatics,fanatics,player_points_alternate,the-odds-api,2026-08-22T21:39:39.275008+00:00
2026-08-22,d2c4b90e59812d0ba7bb21319e5c25a6,Connecticut Sun @ Los Angeles Sparks,2026-08-23T01:00:00Z,Los Angeles Sparks,Connecticut Sun,Dearica Hamby,,PTS,OVER,16.5,140,Fanatics,fanatics,player_points_alternate,the-odds-api,2026-08-22T21:39:39.275008+00:00
2026-08-22,d2c4b90e59812d0ba7bb21319e5c25a6,Connecticut Sun @ Los Angeles Sparks,2026-08-23T01:00:00Z,Los Angeles Sparks,Connecticut Sun,Dearica Hamby,,PTS,OVER,17.5,175,Fanatics,fanatics,player_points_alternate,the-odds-api,2026-08-22T21:39:39.275008+00:00
2026-08-22,d2c4b90e59812d0ba7bb21319e5c25a6,Connecticut Sun @ Los Angeles Sparks,2026-08-23T01:00:00Z,Los Angeles Sparks,Connecticut Sun,Dearica Hamby,,PTS,OVER,18.5,230,Fanatics,fanatics,player_points_alternate,the-odds-api,2026-08-22T21:39:39.275008+00:00
2026-08-22,d2c4b90e59812d0ba7bb21319e5c25a6,Connecticut Sun @ Los Angeles Sparks,2026-08-23T01:00:00Z,Los Angeles Sparks,Connecticut Sun,Dearica Hamby,,PTS,OVER,19.5,290,Fanatics,fanatics,player_points_alternate,the-odds-api,2026-08-22T21:39:39.275008+00:00
2026-08-22,d2c4b90e59812d0ba7bb21319e5c25a6,Connecticut Sun @ Los Angeles Sparks,2026-08-23T01:00:00Z,Los Angeles Sparks,Connecticut Sun,Dearica Hamby,,PTS,OVER,20.5,350,Fanatics,fanatics,player_points_alternate,the-odds-api,2026-08-22T21:39:39.275008+00:00
2026-08-22,d2c4b90e59812d0ba7bb21319e5c25a6,Connecticut Sun @ Los Angeles Sparks,2026-08-23T01:00:00Z,Los Angeles Sparks,Connecticut Sun,Dearica Hamby,,PTS,OVER,21.5,425,Fanatics,fanatics,player_points_alternate,the-odds-api,2026-08-22T21:39:39.275008+00:00
2026-08-22,d2c4b90e59812d0ba7bb21319e5c25a6,Connecticut Sun @ Los Angeles Sparks,2026-08-23T01:00:00Z,Los Angeles Sparks,Connecticut Sun,Dearica Hamby,,PTS,OVER,22.5,600,Fanatics,fanatics,player_points_alternate,the-odds-api,2026-08-22T21:39:39.275008+00:00
2026-08-22,d2c4b90e59812d0ba7bb21319e5c25a6,Connecticut Sun @ Los Angeles Sparks,2026-08-23T01:00:00Z,Los Angeles Sparks,Connecticut Sun,Dearica Hamby,,PTS,OVER,23.5,750,Fanatics,fanatics,player_points_alternate,the-odds-api,2026-08-22T21:39:39.275008+00:00
2026-08-22,d2c4b90e59812d0ba7bb21319e5c25a6,Connecticut Sun @ Los Angeles Sparks,2026-08-23T01:00:00Z,Los Angeles Sparks,Connecticut Sun,Dearica Hamby,,PTS,OVER,24.5,900,Fanatics,fanatics,player_points_alternate,the-odds-api,2026-08-22T21:39:39.275008+00:00
2026-08-22,d2c4b90e59812d0ba7bb21319e5c25a6,Connecticut Sun @ Los Angeles Sparks,2026-08-23T01:00:00Z,Los Angeles Sparks,Connecticut Sun,Dearica Hamby,,PTS,OVER,25.5,1000,Fanatics,fanatics,player_points_alternate,the-odds-api,2026-08-22T21:39:39.275008+00:00
2026-08-22,d2c4b90e59812d0ba7bb21319e5c25a6,Connecticut Sun @ Los Angeles Sparks,2026-08-23T01:00:00Z,Los Angeles Sparks,Connecticut Sun,Dearica Hamby,,PTS,OVER,26.5,1200,Fanatics,fanatics,player_points_alternate,the-odds-api,2026-08-22T21:39:39.275008+00:00
2026-08-22,d2c4b90e59812d0ba7bb21319e5c25a6,Connecticut Sun @ Los Angeles Sparks,2026-08-23T01:00:00Z,Los Angeles Sparks,Connecticut Sun,Rae Burrell,,PTS,OVER,6.5,-2200,Fanatics,fanatics,player_points_alternate,the-odds-api,2026-08-22T21:39:39.275008+00:00
2026-08-22,d2c4b90e59812d0ba7bb21319e5c25a6,Connecticut Sun @ Los Angeles Sparks,2026-08-23T01:00:00Z,Los Angeles Sparks,Connecticut Sun,Rae Burrell,,PTS,OVER,7.5,-1500,Fanatics,fanatics,player_points_alternate,the-odds-api,2026-08-22T21:39:39.275008+00:00
2026-08-22,d2c4b90e59812d0ba7bb21319e5c25a6,Connecticut Sun @ Los Angeles Sparks,2026-08-23T01:00:00Z,Los Angeles Sparks,Connecticut Sun,Rae Burrell,,PTS,OVER,8.5,-1000,Fanatics,fanatics,player_points_alternate,the-odds-api,2026-08-22T21:39:39.275008+00:00
2026-08-22,d2c4b90e59812d0ba7bb21319e5c25a6,Connecticut Sun @ Los Angeles Sparks,2026-08-23T01:00:00Z,Los Angeles Sparks,Connecticut Sun,Rae Burrell,,PTS,OVER,9.5,-700,Fanatics,fanatics,player_points_alternate,the-odds-api,2026-08-22T21:39:39.275008+00:00
2026-08-22,d2c4b90e59812d0ba7bb21319e5c25a6,Connecticut Sun @ Los Angeles Sparks,2026-08-23T01:00:00Z,Los Angeles Sparks,Connecticut Sun,Rae Burrell,,PTS,OVER,10.5,-475,Fanatics,fanatics,player_points_alternate,the-odds-api,2026-08-22T21:39:39.275008+00:00
2026-08-22,d2c4b90e59812d0ba7bb21319e5c25a6,Connecticut Sun @ Los Angeles Sparks,2026-08-23T01:00:00Z,Los Angeles Sparks,Connecticut Sun,Rae Burrell,,PTS,OVER,11.5,-350,Fanatics,fanatics,player_points_alternate,the-odds-api,2026-08-22T21:39:39.275008+00:00
2026-08-22,d2c4b90e59812d0ba7bb21319e5c25a6,Connecticut Sun @ Los Angeles Sparks,2026-08-23T01:00:00Z,Los Angeles Sparks,Connecticut Sun,Rae Burrell,,PTS,OVER,12.5,-250,Fanatics,fanatics,player_points_alternate,the-odds-api,2026-08-22T21:39:39.275008+00:00
2026-08-22,d2c4b90e59812d0ba7bb21319e5c25a6,Connecticut Sun @ Los Angeles Sparks,2026-08-23T01:00:00Z,Los Angeles Sparks,Connecticut Sun,Rae Burrell,,PTS,OVER,13.5,-190,Fanatics,fanatics,player_points_alternate,the-odds-api,2026-08-22T21:39:39.275008+00:00
2026-08-22,d2c4b90e59812d0ba7bb21319e5c25a6,Connecticut Sun @ Los Angeles Sparks,2026-08-23T01:00:00Z,Los Angeles Sparks,Connecticut Sun,Rae Burrell,,PTS,OVER,14.5,-140,Fanatics,fanatics,player_points_alternate,the-odds-api,2026-08-22T21:39:39.275008+00:00
2026-08-22,d2c4b90e59812d0ba7bb21319e5c25a6,Connecticut Sun @ Los Angeles Sparks,2026-08-23T01:00:00Z,Los Angeles Sparks,Connecticut Sun,Rae Burrell,,PTS,OVER,15.5,-105,Fanatics,fanatics,player_points_alternate,the-odds-api,2026-08-22T21:39:39.275008+00:00
2026-08-22,d2c4b90e59812d0ba7bb21319e5c25a6,Connecticut Sun @ Los Angeles Sparks,2026-08-23T01:00:00Z,Los Angeles Sparks,Connecticut Sun,Rae Burrell,,PTS,OVER,16.5,120,Fanatics,fanatics,player_points_alternate,the-odds-api,2026-08-22T21:39:39.275008+00:00
2026-08-22,d2c4b90e59812d0ba7bb21319e5c25a6,Connecticut Sun @ Los Angeles Sparks,2026-08-23T01:00:00Z,Los Angeles Sparks,Connecticut Sun,Rae Burrell,,PTS,OVER,17.5,140,Fanatics,fanatics,player_points_alternate,the-odds-api,2026-08-22T21:39:39.275008+00:00
2026-08-22,d2c4b90e59812d0ba7bb21319e5c25a6,Connecticut Sun @ Los Angeles Sparks,2026-08-23T01:00:00Z,Los Angeles Sparks,Connecticut Sun,Rae Burrell,,PTS,OVER,18.5,175,Fanatics,fanatics,player_points_alternate,the-odds-api,2026-08-22T21:39:39.275008+00:00
2026-08-22,d2c4b90e59812d0ba7bb21319e5c25a6,Connecticut Sun @ Los Angeles Sparks,2026-08-23T01:00:00Z,Los Angeles Sparks,Connecticut Sun,Rae Burrell,,PTS,OVER,19.5,225,Fanatics,fanatics,player_points_alternate,the-odds-api,2026-08-22T21:39:39.275008+00:00
2026-08-22,d2c4b90e59812d0ba7bb21319e5c25a6,Connecticut Sun @ Los Angeles Sparks,2026-08-23T01:00:00Z,Los Angeles Sparks,Connecticut Sun,Rae Burrell,,PTS,OVER,20.5,270,Fanatics,fanatics,player_points_alternate,the-odds-api,2026-08-22T21:39:39.275008+00:00
2026-08-22,d2c4b90e59812d0ba7bb21319e5c25a6,Connecticut Sun @ Los Angeles Sparks,2026-08-23T01:00:00Z,Los Angeles Sparks,Connecticut Sun,Rae Burrell,,PTS,OVER,21.5,320,Fanatics,fanatics,player_points_alternate,the-odds-api,2026-08-22T21:39:39.275008+00:00
2026-08-22,d2c4b90e59812d0ba7bb21319e5c25a6,Connecticut Sun @ Los Angeles Sparks,2026-08-23T01:00:00Z,Los Angeles Sparks,Connecticut Sun,Rae Burrell,,PTS,OVER,22.5,375,Fanatics,fanatics,player_points_alternate,the-odds-api,2026-08-22T21:39:39.275008+00:00
2026-08-22,d2c4b90e59812d0ba7bb21319e5c25a6,Connecticut Sun @ Los Angeles Sparks,2026-08-23T01:00:00Z,Los Angeles Sparks,Connecticut Sun,Rae Burrell,,PTS,OVER,23.5,475,Fanatics,fanatics,player_points_alternate,the-odds-api,2026-08-22T21:39:39.275008+00:00
2026-08-22,d2c4b90e59812d0ba7bb21319e5c25a6,Connecticut Sun @ Los Angeles Sparks,2026-08-23T01:00:00Z,Los Angeles Sparks,Connecticut Sun,Rae Burrell,,PTS,OVER,24.5,650,Fanatics,fanatics,player_points_alternate,the-odds-api,2026-08-22T21:39:39.275008+00:00
2026-08-22,d2c4b90e59812d0ba7bb21319e5c25a6,Connecticut Sun @ Los Angeles Sparks,2026-08-23T01:00:00Z,Los Angeles Sparks,Connecticut Sun,Rae Burrell,,PTS,OVER,25.5,850,Fanatics,fanatics,player_points_alternate,the-odds-api,2026-08-22T21:39:39.275008+00:00
2026-08-22,d2c4b90e59812d0ba7bb21319e5c25a6,Connecticut Sun @ Los Angeles Sparks,2026-08-23T01:00:00Z,Los Angeles Sparks,Connecticut Sun,Rae Burrell,,PTS,OVER,26.5,950,Fanatics,fanatics,player_points_alternate,the-odds-api,2026-08-22T21:39:39.275008+00:00
2026-08-22,d2c4b90e59812d0ba7bb21319e5c25a6,Connecticut Sun @ Los Angeles Sparks,2026-08-23T01:00:00Z,Los Angeles Sparks,Connecticut Sun,Rae Burrell,,PTS,OVER,27.5,1100,Fanatics,fanatics,player_points_alternate,the-odds-api,2026-08-22T21:39:39.275008+00:00
2026-08-22,d2c4b90e59812d0ba7bb21319e5c25a6,Connecticut Sun @ Los Angeles Sparks,2026-08-23T01:00:00Z,Los Angeles Sparks,Connecticut Sun,Rae Burrell,,PTS,OVER,28.5,1400,Fanatics,fanatics,player_points_alternate,the-odds-api,2026-08-22T21:39:39.275008+00:00
2026-08-22,d2c4b90e59812d0ba7bb21319e5c25a6,Connecticut Sun @ Los Angeles Sparks,2026-08-23T01:00:00Z,Los Angeles Sparks,Connecticut Sun,Leïla Lacan,,PTS,OVER,4.5,-2500,Fanatics,fanatics,player_points_alternate,the-odds-api,2026-08-22T21:39:39.275008+00:00
2026-08-22,d2c4b90e59812d0ba7bb21319e5c25a6,Connecticut Sun @ Los Angeles Sparks,2026-08-23T01:00:00Z,Los Angeles Sparks,Connecticut Sun,Leïla Lacan,,PTS,OVER,5.5,-1500,Fanatics,fanatics,player_points_alternate,the-odds-api,2026-08-22T21:39:39.275008+00:00
2026-08-22,d2c4b90e59812d0ba7bb21319e5c25a6,Connecticut Sun @ Los Angeles Sparks,2026-08-23T01:00:00Z,Los Angeles Sparks,Connecticut Sun,Leïla Lacan,,PTS,OVER,6.5,-1000,Fanatics,fanatics,player_points_alternate,the-odds-api,2026-08-22T21:39:39.275008+00:00
2026-08-22,d2c4b90e59812d0ba7bb21319e5c25a6,Connecticut Sun @ Los Angeles Sparks,2026-08-23T01:00:00Z,Los Angeles Sparks,Connecticut Sun,Leïla Lacan,,PTS,OVER,7.5,-630,Fanatics,fanatics,player_points_alternate,the-odds-api,2026-08-22T21:39:39.275008+00:00
2026-08-22,d2c4b90e59812d0ba7bb21319e5c25a6,Connecticut Sun @ Los Angeles Sparks,2026-08-23T01:00:00Z,Los Angeles Sparks,Connecticut Sun,Leïla Lacan,,PTS,OVER,8.5,-425,Fanatics,fanatics,player_points_alternate,the-odds-api,2026-08-22T21:39:39.275008+00:00
2026-08-22,d2c4b90e59812d0ba7bb21319e5c25a6,Connecticut Sun @ Los Angeles Sparks,2026-08-23T01:00:00Z,Los Angeles Sparks,Connecticut Sun,Leïla Lacan,,PTS,OVER,9.5,-300,Fanatics,fanatics,player_points_alternate,the-odds-api,2026-08-22T21:39:39.275008+00:00
2026-08-22,d2c4b90e59812d0ba7bb21319e5c25a6,Connecticut Sun @ Los Angeles Sparks,2026-08-23T01:00:00Z,Los Angeles Sparks,Connecticut Sun,Leïla Lacan,,PTS,OVER,10.5,-210,Fanatics,fanatics,player_points_alternate,the-odds-api,2026-08-22T21:39:39.275008+00:00
2026-08-22,d2c4b90e59812d0ba7bb21319e5c25a6,Connecticut Sun @ Los Angeles Sparks,2026-08-23T01:00:00Z,Los Angeles Sparks,Connecticut Sun,Leïla Lacan,,PTS,OVER,11.5,-145,Fanatics,fanatics,player_points_alternate,the-odds-api,2026-08-22T21:39:39.275008+00:00
2026-08-22,d2c4b90e59812d0ba7bb21319e5c25a6,Connecticut Sun @ Los Angeles Sparks,2026-08-23T01:00:00Z,Los Angeles Sparks,Connecticut Sun,Leïla Lacan,,PTS,OVER,12.5,-110,Fanatics,fanatics,player_points_alternate,the-odds-api,2026-08-22T21:39:39.275008+00:00
2026-08-22,d2c4b90e59812d0ba7bb21319e5c25a6,Connecticut Sun @ Los Angeles Sparks,2026-08-23T01:00:00Z,Los Angeles Sparks,Connecticut Sun,Leïla Lacan,,PTS,OVER,13.5,120,Fanatics,fanatics,player_points_alternate,the-odds-api,2026-08-22T21:39:39.275008+00:00
2026-08-22,d2c4b90e59812d0ba7bb21319e5c25a6,Connecticut Sun @ Los Angeles Sparks,2026-08-23T01:00:00Z,Los Angeles Sparks,Connecticut Sun,Leïla Lacan,,PTS,OVER,14.5,150,Fanatics,fanatics,player_points_alternate,the-odds-api,2026-08-22T21:39:39.275008+00:00
2026-08-22,d2c4b90e59812d0ba7bb21319e5c25a6,Connecticut Sun @ Los Angeles Sparks,2026-08-23T01:00:00Z,Los Angeles Sparks,Connecticut Sun,Leïla Lacan,,PTS,OVER,15.5,190,Fanatics,fanatics,player_points_alternate,the-odds-api,2026-08-22T21:39:39.275008+00:00
2026-08-22,d2c4b90e59812d0ba7bb21319e5c25a6,Connecticut Sun @ Los Angeles Sparks,2026-08-23T01:00:00Z,Los Angeles Sparks,Connecticut Sun,Leïla Lacan,,PTS,OVER,16.5,260,Fanatics,fanatics,player_points_alternate,the-odds-api,2026-08-22T21:39:39.275008+00:00
2026-08-22,d2c4b90e59812d0ba7bb21319e5c25a6,Connecticut Sun @ Los Angeles Sparks,2026-08-23T01:00:00Z,Los Angeles Sparks,Connecticut Sun,Leïla Lacan,,PTS,OVER,17.5,320,Fanatics,fanatics,player_points_alternate,the-odds-api,2026-08-22T21:39:39.275008+00:00
2026-08-22,d2c4b90e59812d0ba7bb21319e5c25a6,Connecticut Sun @ Los Angeles Sparks,2026-08-23T01:00:00Z,Los Angeles Sparks,Connecticut Sun,Leïla Lacan,,PTS,OVER,18.5,400,Fanatics,fanatics,player_points_alternate,the-odds-api,2026-08-22T21:39:39.275008+00:00
2026-08-22,d2c4b90e59812d0ba7bb21319e5c25a6,Connecticut Sun @ Los Angeles Sparks,2026-08-23T01:00:00Z,Los Angeles Sparks,Connecticut Sun,Leïla Lacan,,PTS,OVER,19.5,500,Fanatics,fanatics,player_points_alternate,the-odds-api,2026-08-22T21:39:39.275008+00:00
2026-08-22,d2c4b90e59812d0ba7bb21319e5c25a6,Connecticut Sun @ Los Angeles Sparks,2026-08-23T01:00:00Z,Los Angeles Sparks,Connecticut Sun,Leïla Lacan,,PTS,OVER,20.5,700,Fanatics,fanatics,player_points_alternate,the-odds-api,2026-08-22T21:39:39.275008+00:00
2026-08-22,d2c4b90e59812d0ba7bb21319e5c25a6,Connecticut Sun @ Los Angeles Sparks,2026-08-23T01:00:00Z,Los Angeles Sparks,Connecticut Sun,Leïla Lacan,,PTS,OVER,21.5,850,Fanatics,fanatics,player_points_alternate,the-odds-api,2026-08-22T21:39:39.275008+00:00
2026-08-22,d2c4b90e59812d0ba7bb21319e5c25a6,Connecticut Sun @ Los Angeles Sparks,2026-08-23T01:00:00Z,Los Angeles Sparks,Connecticut Sun,Leïla Lacan,,PTS,OVER,22.5,1000,Fanatics,fanatics,player_points_alternate,the-odds-api,2026-08-22T21:39:39.275008+00:00
2026-08-22,d2c4b90e59812d0ba7bb21319e5c25a6,Connecticut Sun @ Los Angeles Sparks,2026-08-23T01:00:00Z,Los Angeles Sparks,Connecticut Sun,Leïla Lacan,,PTS,OVER,23.5,1200,Fanatics,fanatics,player_points_alternate,the-odds-api,2026-08-22T21:39:39.275008+00:00
2026-08-22,d2c4b90e59812d0ba7bb21319e5c25a6,Connecticut Sun @ Los Angeles Sparks,2026-08-23T01:00:00Z,Los Angeles Sparks,Connecticut Sun,Leïla Lacan,,PTS,OVER,24.5,1500,Fanatics,fanatics,player_points_alternate,the-odds-api,2026-08-22T21:39:39.275008+00:00
2026-08-22,d2c4b90e59812d0ba7bb21319e5c25a6,Connecticut Sun @ Los Angeles Sparks,2026-08-23T01:00:00Z,Los Angeles Sparks,Connecticut Sun,Olivia Nelson-Ododa,,PTS,OVER,6.5,-2000,Fanatics,fanatics,player_points_alternate,the-odds-api,2026-08-22T21:39:39.275008+00:00
2026-08-22,d2c4b90e59812d0ba7bb21319e5c25a6,Connecticut Sun @ Los Angeles Sparks,2026-08-23T01:00:00Z,Los Angeles Sparks,Connecticut Sun,Olivia Nelson-Ododa,,PTS,OVER,7.5,-1300,Fanatics,fanatics,player_points_alternate,the-odds-api,2026-08-22T21:39:39.275008+00:00
2026-08-22,d2c4b90e59812d0ba7bb21319e5c25a6,Connecticut Sun @ Los Angeles Sparks,2026-08-23T01:00:00Z,Los Angeles Sparks,Connecticut Sun,Olivia Nelson-Ododa,,PTS,OVER,8.5,-800,Fanatics,fanatics,player_points_alternate,the-odds-api,2026-08-22T21:39:39.275008+00:00
2026-08-22,d2c4b90e59812d0ba7bb21319e5c25a6,Connecticut Sun @ Los Angeles Sparks,2026-08-23T01:00:00Z,Los Angeles Sparks,Connecticut Sun,Olivia Nelson-Ododa,,PTS,OVER,9.5,-550,Fanatics,fanatics,player_points_alternate,the-odds-api,2026-08-22T21:39:39.275008+00:00
2026-08-22,d2c4b90e59812d0ba7bb21319e5c25a6,Connecticut Sun @ Los Angeles Sparks,2026-08-23T01:00:00Z,Los Angeles Sparks,Connecticut Sun,Olivia Nelson-Ododa,,PTS,OVER,10.5,-375,Fanatics,fanatics,player_points_alternate,the-odds-api,2026-08-22T21:39:39.275008+00:00
2026-08-22,d2c4b90e59812d0ba7bb21319e5c25a6,Connecticut Sun @ Los Angeles Sparks,2026-08-23T01:00:00Z,Los Angeles Sparks,Connecticut Sun,Olivia Nelson-Ododa,,PTS,OVER,11.5,-275,Fanatics,fanatics,player_points_alternate,the-odds-api,2026-08-22T21:39:39.275008+00:00
2026-08-22,d2c4b90e59812d0ba7bb21319e5c25a6,Connecticut Sun @ Los Angeles Sparks,2026-08-23T01:00:00Z,Los Angeles Sparks,Connecticut Sun,Olivia Nelson-Ododa,,PTS,OVER,12.5,-190,Fanatics,fanatics,player_points_alternate,the-odds-api,2026-08-22T21:39:39.275008+00:00
2026-08-22,d2c4b90e59812d0ba7bb21319e5c25a6,Connecticut Sun @ Los Angeles Sparks,2026-08-23T01:00:00Z,Los Angeles Sparks,Connecticut Sun,Olivia Nelson-Ododa,,PTS,OVER,13.5,-140,Fanatics,fanatics,player_points_alternate,the-odds-api,2026-08-22T21:39:39.275008+00:00
2026-08-22,d2c4b90e59812d0ba7bb21319e5c25a6,Connecticut Sun @ Los Angeles Sparks,2026-08-23T01:00:00Z,Los Angeles Sparks,Connecticut Sun,Olivia Nelson-Ododa,,PTS,OVER,14.5,-105,Fanatics,fanatics,player_points_alternate,the-odds-api,2026-08-22T21:39:39.275008+00:00
2026-08-22,d2c4b90e59812d0ba7bb21319e5c25a6,Connecticut Sun @ Los Angeles Sparks,2026-08-23T01:00:00Z,Los Angeles Sparks,Connecticut Sun,Olivia Nelson-Ododa,,PTS,OVER,15.5,120,Fanatics,fanatics,player_points_alternate,the-odds-api,2026-08-22T21:39:39.275008+00:00
2026-08-22,d2c4b90e59812d0ba7bb21319e5c25a6,Connecticut Sun @ Los Angeles Sparks,2026-08-23T01:00:00Z,Los Angeles Sparks,Connecticut Sun,Olivia Nelson-Ododa,,PTS,OVER,16.5,150,Fanatics,fanatics,player_points_alternate,the-odds-api,2026-08-22T21:39:39.275008+00:00
2026-08-22,d2c4b90e59812d0ba7bb21319e5c25a6,Connecticut Sun @ Los Angeles Sparks,2026-08-23T01:00:00Z,Los Angeles Sparks,Connecticut Sun,Olivia Nelson-Ododa,,PTS,OVER,17.5,190,Fanatics,fanatics,player_points_alternate,the-odds-api,2026-08-22T21:39:39.275008+00:00
2026-08-22,d2c4b90e59812d0ba7bb21319e5c25a6,Connecticut Sun @ Los Angeles Sparks,2026-08-23T01:00:00Z,Los Angeles Sparks,Connecticut Sun,Olivia Nelson-Ododa,,PTS,OVER,18.5,240,Fanatics,fanatics,player_points_alternate,the-odds-api,2026-08-22T21:39:39.275008+00:00
2026-08-22,d2c4b90e59812d0ba7bb21319e5c25a6,Connecticut Sun @ Los Angeles Sparks,2026-08-23T01:00:00Z,Los Angeles Sparks,Connecticut Sun,Olivia Nelson-Ododa,,PTS,OVER,19.5,300,Fanatics,fanatics,player_points_alternate,the-odds-api,2026-08-22T21:39:39.275008+00:00
2026-08-22,d2c4b90e59812d0ba7bb21319e5c25a6,Connecticut Sun @ Los Angeles Sparks,2026-08-23T01:00:00Z,Los Angeles Sparks,Connecticut Sun,Olivia Nelson-Ododa,,PTS,OVER,20.5,375,Fanatics,fanatics,player_points_alternate,the-odds-api,2026-08-22T21:39:39.275008+00:00
2026-08-22,d2c4b90e59812d0ba7bb21319e5c25a6,Connecticut Sun @ Los Angeles Sparks,2026-08-23T01:00:00Z,Los Angeles Sparks,Connecticut Sun,Olivia Nelson-Ododa,,PTS,OVER,21.5,475,Fanatics,fanatics,player_points_alternate,the-odds-api,2026-08-22T21:39:39.275008+00:00
2026-08-22,d2c4b90e59812d0ba7bb21319e5c25a6,Connecticut Sun @ Los Angeles Sparks,2026-08-23T01:00:00Z,Los Angeles Sparks,Connecticut Sun,Olivia Nelson-Ododa,,PTS,OVER,22.5,600,Fanatics,fanatics,player_points_alternate,the-odds-api,2026-08-22T21:39:39.275008+00:00
2026-08-22,d2c4b90e59812d0ba7bb21319e5c25a6,Connecticut Sun @ Los Angeles Sparks,2026-08-23T01:00:00Z,Los Angeles Sparks,Connecticut Sun,Olivia Nelson-Ododa,,PTS,OVER,23.5,800,Fanatics,fanatics,player_points_alternate,the-odds-api,2026-08-22T21:39:39.275008+00:00
2026-08-22,d2c4b90e59812d0ba7bb21319e5c25a6,Connecticut Sun @ Los Angeles Sparks,2026-08-23T01:00:00Z,Los Angeles Sparks,Connecticut Sun,Olivia Nelson-Ododa,,PTS,OVER,24.5,950,Fanatics,fanatics,player_points_alternate,the-odds-api,2026-08-22T21:39:39.275008+00:00
2026-08-22,d2c4b90e59812d0ba7bb21319e5c25a6,Connecticut Sun @ Los Angeles Sparks,2026-08-23T01:00:00Z,Los Angeles Sparks,Connecticut Sun,Olivia Nelson-Ododa,,PTS,OVER,25.5,1100,Fanatics,fanatics,player_points_alternate,the-odds-api,2026-08-22T21:39:39.275008+00:00
2026-08-22,d2c4b90e59812d0ba7bb21319e5c25a6,Connecticut Sun @ Los Angeles Sparks,2026-08-23T01:00:00Z,Los Angeles Sparks,Connecticut Sun,Olivia Nelson-Ododa,,PTS,OVER,26.5,1400,Fanatics,fanatics,player_points_alternate,the-odds-api,2026-08-22T21:39:39.275008+00:00
2026-08-22,d2c4b90e59812d0ba7bb21319e5c25a6,Connecticut Sun @ Los Angeles Sparks,2026-08-23T01:00:00Z,Los Angeles Sparks,Connecticut Sun,Ariel Atkins,,PTS,OVER,4.5,-630,Fanatics,fanatics,player_points_alternate,the-odds-api,2026-08-22T21:39:39.275008+00:00
2026-08-22,d2c4b90e59812d0ba7bb21319e5c25a6,Connecticut Sun @ Los Angeles Sparks,2026-08-23T01:00:00Z,Los Angeles Sparks,Connecticut Sun,Ariel Atkins,,PTS,OVER,5.5,-400,Fanatics,fanatics,player_points_alternate,the-odds-api,2026-08-22T21:39:39.275008+00:00
2026-08-22,d2c4b90e59812d0ba7bb21319e5c25a6,Connecticut Sun @ Los Angeles Sparks,2026-08-23T01:00:00Z,Los Angeles Sparks,Connecticut Sun,Ariel Atkins,,PTS,OVER,6.5,-275,Fanatics,fanatics,player_points_alternate,the-odds-api,2026-08-22T21:39:39.275008+00:00
2026-08-22,d2c4b90e59812d0ba7bb21319e5c25a6,Connecticut Sun @ Los Angeles Sparks,2026-08-23T01:00:00Z,Los Angeles Sparks,Connecticut Sun,Ariel Atkins,,PTS,OVER,7.5,-165,Fanatics,fanatics,player_points_alternate,the-odds-api,2026-08-22T21:39:39.275008+00:00
2026-08-22,d2c4b90e59812d0ba7bb21319e5c25a6,Connecticut Sun @ Los Angeles Sparks,2026-08-23T01:00:00Z,Los Angeles Sparks,Connecticut Sun,Ariel Atkins,,PTS,OVER,8.5,-115,Fanatics,fanatics,player_points_alternate,the-odds-api,2026-08-22T21:39:39.275008+00:00
2026-08-22,d2c4b90e59812d0ba7bb21319e5c25a6,Connecticut Sun @ Los Angeles Sparks,2026-08-23T01:00:00Z,Los Angeles Sparks,Connecticut Sun,Ariel Atkins,,PTS,OVER,9.5,120,Fanatics,fanatics,player_points_alternate,the-odds-api,2026-08-22T21:39:39.275008+00:00
2026-08-22,d2c4b90e59812d0ba7bb21319e5c25a6,Connecticut Sun @ Los Angeles Sparks,2026-08-23T01:00:00Z,Los Angeles Sparks,Connecticut Sun,Ariel Atkins,,PTS,OVER,10.5,155,Fanatics,fanatics,player_points_alternate,the-odds-api,2026-08-22T21:39:39.275008+00:00
2026-08-22,d2c4b90e59812d0ba7bb21319e5c25a6,Connecticut Sun @ Los Angeles Sparks,2026-08-23T01:00:00Z,Los Angeles Sparks,Connecticut Sun,Ariel Atkins,,PTS,OVER,11.5,210,Fanatics,fanatics,player_points_alternate,the-odds-api,2026-08-22T21:39:39.275008+00:00
2026-08-22,d2c4b90e59812d0ba7bb21319e5c25a6,Connecticut Sun @ Los Angeles Sparks,2026-08-23T01:00:00Z,Los Angeles Sparks,Connecticut Sun,Ariel Atkins,,PTS,OVER,12.5,270,Fanatics,fanatics,player_points_alternate,the-odds-api,2026-08-22T21:39:39.275008+00:00
2026-08-22,d2c4b90e59812d0ba7bb21319e5c25a6,Connecticut Sun @ Los Angeles Sparks,2026-08-23T01:00:00Z,Los Angeles Sparks,Connecticut Sun,Ariel Atkins,,PTS,OVER,13.5,350,Fanatics,fanatics,player_points_alternate,the-odds-api,2026-08-22T21:39:39.275008+00:00
2026-08-22,d2c4b90e59812d0ba7bb21319e5c25a6,Connecticut Sun @ Los Angeles Sparks,2026-08-23T01:00:00Z,Los Angeles Sparks,Connecticut Sun,Ariel Atkins,,PTS,OVER,14.5,475,Fanatics,fanatics,player_points_alternate,the-odds-api,2026-08-22T21:39:39.275008+00:00
2026-08-22,d2c4b90e59812d0ba7bb21319e5c25a6,Connecticut Sun @ Los Angeles Sparks,2026-08-23T01:00:00Z,Los Angeles Sparks,Connecticut Sun,Ariel Atkins,,PTS,OVER,15.5,650,Fanatics,fanatics,player_points_alternate,the-odds-api,2026-08-22T21:39:39.275008+00:00
2026-08-22,d2c4b90e59812d0ba7bb21319e5c25a6,Connecticut Sun @ Los Angeles Sparks,2026-08-23T01:00:00Z,Los Angeles Sparks,Connecticut Sun,Ariel Atkins,,PTS,OVER,16.5,850,Fanatics,fanatics,player_points_alternate,the-odds-api,2026-08-22T21:39:39.275008+00:00
2026-08-22,d2c4b90e59812d0ba7bb21319e5c25a6,Connecticut Sun @ Los Angeles Sparks,2026-08-23T01:00:00Z,Los Angeles Sparks,Connecticut Sun,Ariel Atkins,,PTS,OVER,17.5,1000,Fanatics,fanatics,player_points_alternate,the-odds-api,2026-08-22T21:39:39.275008+00:00
2026-08-22,d2c4b90e59812d0ba7bb21319e5c25a6,Connecticut Sun @ Los Angeles Sparks,2026-08-23T01:00:00Z,Los Angeles Sparks,Connecticut Sun,Ariel Atkins,,PTS,OVER,18.5,1200,Fanatics,fanatics,player_points_alternate,the-odds-api,2026-08-22T21:39:39.275008+00:00
2026-08-22,d2c4b90e59812d0ba7bb21319e5c25a6,Connecticut Sun @ Los Angeles Sparks,2026-08-23T01:00:00Z,Los Angeles Sparks,Connecticut Sun,Erica Wheeler,,PTS,OVER,4.5,-550,Fanatics,fanatics,player_points_alternate,the-odds-api,2026-08-22T21:39:39.275008+00:00
2026-08-22,d2c4b90e59812d0ba7bb21319e5c25a6,Connecticut Sun @ Los Angeles Sparks,2026-08-23T01:00:00Z,Los Angeles Sparks,Connecticut Sun,Erica Wheeler,,PTS,OVER,5.5,-350,Fanatics,fanatics,player_points_alternate,the-odds-api,2026-08-22T21:39:39.275008+00:00
2026-08-22,d2c4b90e59812d0ba7bb21319e5c25a6,Connecticut Sun @ Los Angeles Sparks,2026-08-23T01:00:00Z,Los Angeles Sparks,Connecticut Sun,Erica Wheeler,,PTS,OVER,6.5,-240,Fanatics,fanatics,player_points_alternate,the-odds-api,2026-08-22T21:39:39.275008+00:00
2026-08-22,d2c4b90e59812d0ba7bb21319e5c25a6,Connecticut Sun @ Los Angeles Sparks,2026-08-23T01:00:00Z,Los Angeles Sparks,Connecticut Sun,Erica Wheeler,,PTS,OVER,7.5,-150,Fanatics,fanatics,player_points_alternate,the-odds-api,2026-08-22T21:39:39.275008+00:00
2026-08-22,d2c4b90e59812d0ba7bb21319e5c25a6,Connecticut Sun @ Los Angeles Sparks,2026-08-23T01:00:00Z,Los Angeles Sparks,Connecticut Sun,Erica Wheeler,,PTS,OVER,8.5,-105,Fanatics,fanatics,player_points_alternate,the-odds-api,2026-08-22T21:39:39.275008+00:00
2026-08-22,d2c4b90e59812d0ba7bb21319e5c25a6,Connecticut Sun @ Los Angeles Sparks,2026-08-23T01:00:00Z,Los Angeles Sparks,Connecticut Sun,Erica Wheeler,,PTS,OVER,9.5,130,Fanatics,fanatics,player_points_alternate,the-odds-api,2026-08-22T21:39:39.275008+00:00
2026-08-22,d2c4b90e59812d0ba7bb21319e5c25a6,Connecticut Sun @ Los Angeles Sparks,2026-08-23T01:00:00Z,Los Angeles Sparks,Connecticut Sun,Erica Wheeler,,PTS,OVER,10.5,170,Fanatics,fanatics,player_points_alternate,the-odds-api,2026-08-22T21:39:39.275008+00:00
2026-08-22,d2c4b90e59812d0ba7bb21319e5c25a6,Connecticut Sun @ Los Angeles Sparks,2026-08-23T01:00:00Z,Los Angeles Sparks,Connecticut Sun,Erica Wheeler,,PTS,OVER,11.5,225,Fanatics,fanatics,player_points_alternate,the-odds-api,2026-08-22T21:39:39.275008+00:00
2026-08-22,d2c4b90e59812d0ba7bb21319e5c25a6,Connecticut Sun @ Los Angeles Sparks,2026-08-23T01:00:00Z,Los Angeles Sparks,Connecticut Sun,Erica Wheeler,,PTS,OVER,12.5,290,Fanatics,fanatics,player_points_alternate,the-odds-api,2026-08-22T21:39:39.275008+00:00
2026-08-22,d2c4b90e59812d0ba7bb21319e5c25a6,Connecticut Sun @ Los Angeles Sparks,2026-08-23T01:00:00Z,Los Angeles Sparks,Connecticut Sun,Erica Wheeler,,PTS,OVER,13.5,375,Fanatics,fanatics,player_points_alternate,the-odds-api,2026-08-22T21:39:39.275008+00:00
2026-08-22,d2c4b90e59812d0ba7bb21319e5c25a6,Connecticut Sun @ Los Angeles Sparks,2026-08-23T01:00:00Z,Los Angeles Sparks,Connecticut Sun,Erica Wheeler,,PTS,OVER,14.5,475,Fanatics,fanatics,player_points_alternate,the-odds-api,2026-08-22T21:39:39.275008+00:00
2026-08-22,d2c4b90e59812d0ba7bb21319e5c25a6,Connecticut Sun @ Los Angeles Sparks,2026-08-23T01:00:00Z,Los Angeles Sparks,Connecticut Sun,Erica Wheeler,,PTS,OVER,15.5,700,Fanatics,fanatics,player_points_alternate,the-odds-api,2026-08-22T21:39:39.275008+00:00
2026-08-22,d2c4b90e59812d0ba7bb21319e5c25a6,Connecticut Sun @ Los Angeles Sparks,2026-08-23T01:00:00Z,Los Angeles Sparks,Connecticut Sun,Erica Wheeler,,PTS,OVER,16.5,900,Fanatics,fanatics,player_points_alternate,the-odds-api,2026-08-22T21:39:39.275008+00:00
2026-08-22,d2c4b90e59812d0ba7bb21319e5c25a6,Connecticut Sun @ Los Angeles Sparks,2026-08-23T01:00:00Z,Los Angeles Sparks,Connecticut Sun,Erica Wheeler,,PTS,OVER,17.5,1100,Fanatics,fanatics,player_points_alternate,the-odds-api,2026-08-22T21:39:39.275008+00:00
2026-08-22,d2c4b90e59812d0ba7bb21319e5c25a6,Connecticut Sun @ Los Angeles Sparks,2026-08-23T01:00:00Z,Los Angeles Sparks,Connecticut Sun,Erica Wheeler,,PTS,OVER,18.5,1400,Fanatics,fanatics,player_points_alternate,the-odds-api,2026-08-22T21:39:39.275008+00:00
2026-08-22,d2c4b90e59812d0ba7bb21319e5c25a6,Connecticut Sun @ Los Angeles Sparks,2026-08-23T01:00:00Z,Los Angeles Sparks,Connecticut Sun,Diamond Miller,,PTS,OVER,4.5,-2000,Fanatics,fanatics,player_points_alternate,the-odds-api,2026-08-22T21:39:39.275008+00:00
2026-08-22,d2c4b90e59812d0ba7bb21319e5c25a6,Connecticut Sun @ Los Angeles Sparks,2026-08-23T01:00:00Z,Los Angeles Sparks,Connecticut Sun,Diamond Miller,,PTS,OVER,5.5,-1200,Fanatics,fanatics,player_points_alternate,the-odds-api,2026-08-22T21:39:39.275008+00:00
2026-08-22,d2c4b90e59812d0ba7bb21319e5c25a6,Connecticut Sun @ Los Angeles Sparks,2026-08-23T01:00:00Z,Los Angeles Sparks,Connecticut Sun,Diamond Miller,,PTS,OVER,6.5,-700,Fanatics,fanatics,player_points_alternate,the-odds-api,2026-08-22T21:39:39.275008+00:00
2026-08-22,d2c4b90e59812d0ba7bb21319e5c25a6,Connecticut Sun @ Los Angeles Sparks,2026-08-23T01:00:00Z,Los Angeles Sparks,Connecticut Sun,Diamond Miller,,PTS,OVER,7.5,-475,Fanatics,fanatics,player_points_alternate,the-odds-api,2026-08-22T21:39:39.275008+00:00
2026-08-22,d2c4b90e59812d0ba7bb21319e5c25a6,Connecticut Sun @ Los Angeles Sparks,2026-08-23T01:00:00Z,Los Angeles Sparks,Connecticut Sun,Diamond Miller,,PTS,OVER,8.5,-350,Fanatics,fanatics,player_points_alternate,the-odds-api,2026-08-22T21:39:39.275008+00:00
2026-08-22,d2c4b90e59812d0ba7bb21319e5c25a6,Connecticut Sun @ Los Angeles Sparks,2026-08-23T01:00:00Z,Los Angeles Sparks,Connecticut Sun,Diamond Miller,,PTS,OVER,9.5,-240,Fanatics,fanatics,player_points_alternate,the-odds-api,2026-08-22T21:39:39.275008+00:00
2026-08-22,d2c4b90e59812d0ba7bb21319e5c25a6,Connecticut Sun @ Los Angeles Sparks,2026-08-23T01:00:00Z,Los Angeles Sparks,Connecticut Sun,Diamond Miller,,PTS,OVER,10.5,-165,Fanatics,fanatics,player_points_alternate,the-odds-api,2026-08-22T21:39:39.275008+00:00
2026-08-22,d2c4b90e59812d0ba7bb21319e5c25a6,Connecticut Sun @ Los Angeles Sparks,2026-08-23T01:00:00Z,Los Angeles Sparks,Connecticut Sun,Diamond Miller,,PTS,OVER,11.5,-115,Fanatics,fanatics,player_points_alternate,the-odds-api,2026-08-22T21:39:39.275008+00:00
2026-08-22,d2c4b90e59812d0ba7bb21319e5c25a6,Connecticut Sun @ Los Angeles Sparks,2026-08-23T01:00:00Z,Los Angeles Sparks,Connecticut Sun,Diamond Miller,,PTS,OVER,12.5,115,Fanatics,fanatics,player_points_alternate,the-odds-api,2026-08-22T21:39:39.275008+00:00
2026-08-22,d2c4b90e59812d0ba7bb21319e5c25a6,Connecticut Sun @ Los Angeles Sparks,2026-08-23T01:00:00Z,Los Angeles Sparks,Connecticut Sun,Diamond Miller,,PTS,OVER,13.5,140,Fanatics,fanatics,player_points_alternate,the-odds-api,2026-08-22T21:39:39.275008+00:00
2026-08-22,d2c4b90e59812d0ba7bb21319e5c25a6,Connecticut Sun @ Los Angeles Sparks,2026-08-23T01:00:00Z,Los Angeles Sparks,Connecticut Sun,Diamond Miller,,PTS,OVER,14.5,185,Fanatics,fanatics,player_points_alternate,the-odds-api,2026-08-22T21:39:39.275008+00:00
2026-08-22,d2c4b90e59812d0ba7bb21319e5c25a6,Connecticut Sun @ Los Angeles Sparks,2026-08-23T01:00:00Z,Los Angeles Sparks,Connecticut Sun,Diamond Miller,,PTS,OVER,15.5,240,Fanatics,fanatics,player_points_alternate,the-odds-api,2026-08-22T21:39:39.275008+00:00
2026-08-22,d2c4b90e59812d0ba7bb21319e5c25a6,Connecticut Sun @ Los Angeles Sparks,2026-08-23T01:00:00Z,Los Angeles Sparks,Connecticut Sun,Diamond Miller,,PTS,OVER,16.5,300,Fanatics,fanatics,player_points_alternate,the-odds-api,2026-08-22T21:39:39.275008+00:00
2026-08-22,d2c4b90e59812d0ba7bb21319e5c25a6,Connecticut Sun @ Los Angeles Sparks,2026-08-23T01:00:00Z,Los Angeles Sparks,Connecticut Sun,Diamond Miller,,PTS,OVER,17.5,375,Fanatics,fanatics,player_points_alternate,the-odds-api,2026-08-22T21:39:39.275008+00:00
2026-08-22,d2c4b90e59812d0ba7bb21319e5c25a6,Connecticut Sun @ Los Angeles Sparks,2026-08-23T01:00:00Z,Los Angeles Sparks,Connecticut Sun,Diamond Miller,,PTS,OVER,18.5,475,Fanatics,fanatics,player_points_alternate,the-odds-api,2026-08-22T21:39:39.275008+00:00
2026-08-22,d2c4b90e59812d0ba7bb21319e5c25a6,Connecticut Sun @ Los Angeles Sparks,2026-08-23T01:00:00Z,Los Angeles Sparks,Connecticut Sun,Diamond Miller,,PTS,OVER,19.5,650,Fanatics,fanatics,player_points_alternate,the-odds-api,2026-08-22T21:39:39.275008+00:00
2026-08-22,d2c4b90e59812d0ba7bb21319e5c25a6,Connecticut Sun @ Los Angeles Sparks,2026-08-23T01:00:00Z,Los Angeles Sparks,Connecticut Sun,Diamond Miller,,PTS,OVER,20.5,850,Fanatics,fanatics,player_points_alternate,the-odds-api,2026-08-22T21:39:39.275008+00:00
2026-08-22,d2c4b90e59812d0ba7bb21319e5c25a6,Connecticut Sun @ Los Angeles Sparks,2026-08-23T01:00:00Z,Los Angeles Sparks,Connecticut Sun,Diamond Miller,,PTS,OVER,21.5,950,Fanatics,fanatics,player_points_alternate,the-odds-api,2026-08-22T21:39:39.275008+00:00
2026-08-22,d2c4b90e59812d0ba7bb21319e5c25a6,Connecticut Sun @ Los Angeles Sparks,2026-08-23T01:00:00Z,Los Angeles Sparks,Connecticut Sun,Diamond Miller,,PTS,OVER,22.5,1100,Fanatics,fanatics,player_points_alternate,the-odds-api,2026-08-22T21:39:39.275008+00:00
2026-08-22,d2c4b90e59812d0ba7bb21319e5c25a6,Connecticut Sun @ Los Angeles Sparks,2026-08-23T01:00:00Z,Los Angeles Sparks,Connecticut Sun,Diamond Miller,,PTS,OVER,23.5,1400,Fanatics,fanatics,player_points_alternate,the-odds-api,2026-08-22T21:39:39.275008+00:00
2026-08-22,d2c4b90e59812d0ba7bb21319e5c25a6,Connecticut Sun @ Los Angeles Sparks,2026-08-23T01:00:00Z,Los Angeles Sparks,Connecticut Sun,Kennedy Burke,,PTS,OVER,4.5,-900,Fanatics,fanatics,player_points_alternate,the-odds-api,2026-08-22T21:39:39.275008+00:00
2026-08-22,d2c4b90e59812d0ba7bb21319e5c25a6,Connecticut Sun @ Los Angeles Sparks,2026-08-23T01:00:00Z,Los Angeles Sparks,Connecticut Sun,Kennedy Burke,,PTS,OVER,5.5,-525,Fanatics,fanatics,player_points_alternate,the-odds-api,2026-08-22T21:39:39.275008+00:00
2026-08-22,d2c4b90e59812d0ba7bb21319e5c25a6,Connecticut Sun @ Los Angeles Sparks,2026-08-23T01:00:00Z,Los Angeles Sparks,Connecticut Sun,Kennedy Burke,,PTS,OVER,6.5,-350,Fanatics,fanatics,player_points_alternate,the-odds-api,2026-08-22T21:39:39.275008+00:00
2026-08-22,d2c4b90e59812d0ba7bb21319e5c25a6,Connecticut Sun @ Los Angeles Sparks,2026-08-23T01:00:00Z,Los Angeles Sparks,Connecticut Sun,Kennedy Burke,,PTS,OVER,7.5,-240,Fanatics,fanatics,player_points_alternate,the-odds-api,2026-08-22T21:39:39.275008+00:00
2026-08-22,d2c4b90e59812d0ba7bb21319e5c25a6,Connecticut Sun @ Los Angeles Sparks,2026-08-23T01:00:00Z,Los Angeles Sparks,Connecticut Sun,Kennedy Burke,,PTS,OVER,8.5,-150,Fanatics,fanatics,player_points_alternate,the-odds-api,2026-08-22T21:39:39.275008+00:00
2026-08-22,d2c4b90e59812d0ba7bb21319e5c25a6,Connecticut Sun @ Los Angeles Sparks,2026-08-23T01:00:00Z,Los Angeles Sparks,Connecticut Sun,Kennedy Burke,,PTS,OVER,9.5,-110,Fanatics,fanatics,player_points_alternate,the-odds-api,2026-08-22T21:39:39.275008+00:00
2026-08-22,d2c4b90e59812d0ba7bb21319e5c25a6,Connecticut Sun @ Los Angeles Sparks,2026-08-23T01:00:00Z,Los Angeles Sparks,Connecticut Sun,Kennedy Burke,,PTS,OVER,10.5,125,Fanatics,fanatics,player_points_alternate,the-odds-api,2026-08-22T21:39:39.275008+00:00
2026-08-22,d2c4b90e59812d0ba7bb21319e5c25a6,Connecticut Sun @ Los Angeles Sparks,2026-08-23T01:00:00Z,Los Angeles Sparks,Connecticut Sun,Kennedy Burke,,PTS,OVER,11.5,155,Fanatics,fanatics,player_points_alternate,the-odds-api,2026-08-22T21:39:39.275008+00:00
2026-08-22,d2c4b90e59812d0ba7bb21319e5c25a6,Connecticut Sun @ Los Angeles Sparks,2026-08-23T01:00:00Z,Los Angeles Sparks,Connecticut Sun,Kennedy Burke,,PTS,OVER,12.5,210,Fanatics,fanatics,player_points_alternate,the-odds-api,2026-08-22T21:39:39.275008+00:00
2026-08-22,d2c4b90e59812d0ba7bb21319e5c25a6,Connecticut Sun @ Los Angeles Sparks,2026-08-23T01:00:00Z,Los Angeles Sparks,Connecticut Sun,Kennedy Burke,,PTS,OVER,13.5,270,Fanatics,fanatics,player_points_alternate,the-odds-api,2026-08-22T21:39:39.275008+00:00
2026-08-22,d2c4b90e59812d0ba7bb21319e5c25a6,Connecticut Sun @ Los Angeles Sparks,2026-08-23T01:00:00Z,Los Angeles Sparks,Connecticut Sun,Kennedy Burke,,PTS,OVER,14.5,350,Fanatics,fanatics,player_points_alternate,the-odds-api,2026-08-22T21:39:39.275008+00:00
2026-08-22,d2c4b90e59812d0ba7bb21319e5c25a6,Connecticut Sun @ Los Angeles Sparks,2026-08-23T01:00:00Z,Los Angeles Sparks,Connecticut Sun,Kennedy Burke,,PTS,OVER,15.5,425,Fanatics,fanatics,player_points_alternate,the-odds-api,2026-08-22T21:39:39.275008+00:00
2026-08-22,d2c4b90e59812d0ba7bb21319e5c25a6,Connecticut Sun @ Los Angeles Sparks,2026-08-23T01:00:00Z,Los Angeles Sparks,Connecticut Sun,Kennedy Burke,,PTS,OVER,16.5,600,Fanatics,fanatics,player_points_alternate,the-odds-api,2026-08-22T21:39:39.275008+00:00
2026-08-22,d2c4b90e59812d0ba7bb21319e5c25a6,Connecticut Sun @ Los Angeles Sparks,2026-08-23T01:00:00Z,Los Angeles Sparks,Connecticut Sun,Kennedy Burke,,PTS,OVER,17.5,800,Fanatics,fanatics,player_points_alternate,the-odds-api,2026-08-22T21:39:39.275008+00:00
2026-08-22,d2c4b90e59812d0ba7bb21319e5c25a6,Connecticut Sun @ Los Angeles Sparks,2026-08-23T01:00:00Z,Los Angeles Sparks,Connecticut Sun,Kennedy Burke,,PTS,OVER,18.5,1000,Fanatics,fanatics,player_points_alternate,the-odds-api,2026-08-22T21:39:39.275008+00:00
2026-08-22,d2c4b90e59812d0ba7bb21319e5c25a6,Connecticut Sun @ Los Angeles Sparks,2026-08-23T01:00:00Z,Los Angeles Sparks,Connecticut Sun,Kennedy Burke,,PTS,OVER,19.5,1200,Fanatics,fanatics,player_points_alternate,the-odds-api,2026-08-22T21:39:39.275008+00:00
2026-08-22,d2c4b90e59812d0ba7bb21319e5c25a6,Connecticut Sun @ Los Angeles Sparks,2026-08-23T01:00:00Z,Los Angeles Sparks,Connecticut Sun,Charlisse Leger-Walker,,PTS,OVER,4.5,-700,Fanatics,fanatics,player_points_alternate,the-odds-api,2026-08-22T21:39:39.275008+00:00
2026-08-22,d2c4b90e59812d0ba7bb21319e5c25a6,Connecticut Sun @ Los Angeles Sparks,2026-08-23T01:00:00Z,Los Angeles Sparks,Connecticut Sun,Charlisse Leger-Walker,,PTS,OVER,5.5,-425,Fanatics,fanatics,player_points_alternate,the-odds-api,2026-08-22T21:39:39.275008+00:00
2026-08-22,d2c4b90e59812d0ba7bb21319e5c25a6,Connecticut Sun @ Los Angeles Sparks,2026-08-23T01:00:00Z,Los Angeles Sparks,Connecticut Sun,Charlisse Leger-Walker,,PTS,OVER,6.5,-300,Fanatics,fanatics,player_points_alternate,the-odds-api,2026-08-22T21:39:39.275008+00:00
2026-08-22,d2c4b90e59812d0ba7bb21319e5c25a6,Connecticut Sun @ Los Angeles Sparks,2026-08-23T01:00:00Z,Los Angeles Sparks,Connecticut Sun,Charlisse Leger-Walker,,PTS,OVER,7.5,-190,Fanatics,fanatics,player_points_alternate,the-odds-api,2026-08-22T21:39:39.275008+00:00
2026-08-22,d2c4b90e59812d0ba7bb21319e5c25a6,Connecticut Sun @ Los Angeles Sparks,2026-08-23T01:00:00Z,Los Angeles Sparks,Connecticut Sun,Charlisse Leger-Walker,,PTS,OVER,8.5,-130,Fanatics,fanatics,player_points_alternate,the-odds-api,2026-08-22T21:39:39.275008+00:00
2026-08-22,d2c4b90e59812d0ba7bb21319e5c25a6,Connecticut Sun @ Los Angeles Sparks,2026-08-23T01:00:00Z,Los Angeles Sparks,Connecticut Sun,Charlisse Leger-Walker,,PTS,OVER,9.5,105,Fanatics,fanatics,player_points_alternate,the-odds-api,2026-08-22T21:39:39.275008+00:00
2026-08-22,d2c4b90e59812d0ba7bb21319e5c25a6,Connecticut Sun @ Los Angeles Sparks,2026-08-23T01:00:00Z,Los Angeles Sparks,Connecticut Sun,Charlisse Leger-Walker,,PTS,OVER,10.5,135,Fanatics,fanatics,player_points_alternate,the-odds-api,2026-08-22T21:39:39.275008+00:00
2026-08-22,d2c4b90e59812d0ba7bb21319e5c25a6,Connecticut Sun @ Los Angeles Sparks,2026-08-23T01:00:00Z,Los Angeles Sparks,Connecticut Sun,Charlisse Leger-Walker,,PTS,OVER,11.5,175,Fanatics,fanatics,player_points_alternate,the-odds-api,2026-08-22T21:39:39.275008+00:00
2026-08-22,d2c4b90e59812d0ba7bb21319e5c25a6,Connecticut Sun @ Los Angeles Sparks,2026-08-23T01:00:00Z,Los Angeles Sparks,Connecticut Sun,Charlisse Leger-Walker,,PTS,OVER,12.5,240,Fanatics,fanatics,player_points_alternate,the-odds-api,2026-08-22T21:39:39.275008+00:00
2026-08-22,d2c4b90e59812d0ba7bb21319e5c25a6,Connecticut Sun @ Los Angeles Sparks,2026-08-23T01:00:00Z,Los Angeles Sparks,Connecticut Sun,Charlisse Leger-Walker,,PTS,OVER,13.5,320,Fanatics,fanatics,player_points_alternate,the-odds-api,2026-08-22T21:39:39.275008+00:00
2026-08-22,d2c4b90e59812d0ba7bb21319e5c25a6,Connecticut Sun @ Los Angeles Sparks,2026-08-23T01:00:00Z,Los Angeles Sparks,Connecticut Sun,Charlisse Leger-Walker,,PTS,OVER,14.5,400,Fanatics,fanatics,player_points_alternate,the-odds-api,2026-08-22T21:39:39.275008+00:00
2026-08-22,d2c4b90e59812d0ba7bb21319e5c25a6,Connecticut Sun @ Los Angeles Sparks,2026-08-23T01:00:00Z,Los Angeles Sparks,Connecticut Sun,Charlisse Leger-Walker,,PTS,OVER,15.5,550,Fanatics,fanatics,player_points_alternate,the-odds-api,2026-08-22T21:39:39.275008+00:00
2026-08-22,d2c4b90e59812d0ba7bb21319e5c25a6,Connecticut Sun @ Los Angeles Sparks,2026-08-23T01:00:00Z,Los Angeles Sparks,Connecticut Sun,Charlisse Leger-Walker,,PTS,OVER,16.5,750,Fanatics,fanatics,player_points_alternate,the-odds-api,2026-08-22T21:39:39.275008+00:00
2026-08-22,d2c4b90e59812d0ba7bb21319e5c25a6,Connecticut Sun @ Los Angeles Sparks,2026-08-23T01:00:00Z,Los Angeles Sparks,Connecticut Sun,Charlisse Leger-Walker,,PTS,OVER,17.5,950,Fanatics,fanatics,player_points_alternate,the-odds-api,2026-08-22T21:39:39.275008+00:00
2026-08-22,d2c4b90e59812d0ba7bb21319e5c25a6,Connecticut Sun @ Los Angeles Sparks,2026-08-23T01:00:00Z,Los Angeles Sparks,Connecticut Sun,Charlisse Leger-Walker,,PTS,OVER,18.5,1100,Fanatics,fanatics,player_points_alternate,the-odds-api,2026-08-22T21:39:39.275008+00:00
2026-08-22,d2c4b90e59812d0ba7bb21319e5c25a6,Connecticut Sun @ Los Angeles Sparks,2026-08-23T01:00:00Z,Los Angeles Sparks,Connecticut Sun,Charlisse Leger-Walker,,PTS,OVER,19.5,1400,Fanatics,fanatics,player_points_alternate,the-odds-api,2026-08-22T21:39:39.275008+00:00
2026-08-22,d2c4b90e59812d0ba7bb21319e5c25a6,Connecticut Sun @ Los Angeles Sparks,2026-08-23T01:00:00Z,Los Angeles Sparks,Connecticut Sun,Saniya Rivers,,PTS,OVER,4.5,-525,Fanatics,fanatics,player_points_alternate,the-odds-api,2026-08-22T21:39:39.275008+00:00
2026-08-22,d2c4b90e59812d0ba7bb21319e5c25a6,Connecticut Sun @ Los Angeles Sparks,2026-08-23T01:00:00Z,Los Angeles Sparks,Connecticut Sun,Saniya Rivers,,PTS,OVER,5.5,-325,Fanatics,fanatics,player_points_alternate,the-odds-api,2026-08-22T21:39:39.275008+00:00
2026-08-22,d2c4b90e59812d0ba7bb21319e5c25a6,Connecticut Sun @ Los Angeles Sparks,2026-08-23T01:00:00Z,Los Angeles Sparks,Connecticut Sun,Saniya Rivers,,PTS,OVER,6.5,-190,Fanatics,fanatics,player_points_alternate,the-odds-api,2026-08-22T21:39:39.275008+00:00
2026-08-22,d2c4b90e59812d0ba7bb21319e5c25a6,Connecticut Sun @ Los Angeles Sparks,2026-08-23T01:00:00Z,Los Angeles Sparks,Connecticut Sun,Saniya Rivers,,PTS,OVER,7.5,-130,Fanatics,fanatics,player_points_alternate,the-odds-api,2026-08-22T21:39:39.275008+00:00
2026-08-22,d2c4b90e59812d0ba7bb21319e5c25a6,Connecticut Sun @ Los Angeles Sparks,2026-08-23T01:00:00Z,Los Angeles Sparks,Connecticut Sun,Saniya Rivers,,PTS,OVER,8.5,110,Fanatics,fanatics,player_points_alternate,the-odds-api,2026-08-22T21:39:39.275008+00:00
2026-08-22,d2c4b90e59812d0ba7bb21319e5c25a6,Connecticut Sun @ Los Angeles Sparks,2026-08-23T01:00:00Z,Los Angeles Sparks,Connecticut Sun,Saniya Rivers,,PTS,OVER,9.5,140,Fanatics,fanatics,player_points_alternate,the-odds-api,2026-08-22T21:39:39.275008+00:00
2026-08-22,d2c4b90e59812d0ba7bb21319e5c25a6,Connecticut Sun @ Los Angeles Sparks,2026-08-23T01:00:00Z,Los Angeles Sparks,Connecticut Sun,Saniya Rivers,,PTS,OVER,10.5,190,Fanatics,fanatics,player_points_alternate,the-odds-api,2026-08-22T21:39:39.275008+00:00
2026-08-22,d2c4b90e59812d0ba7bb21319e5c25a6,Connecticut Sun @ Los Angeles Sparks,2026-08-23T01:00:00Z,Los Angeles Sparks,Connecticut Sun,Saniya Rivers,,PTS,OVER,11.5,270,Fanatics,fanatics,player_points_alternate,the-odds-api,2026-08-22T21:39:39.275008+00:00
2026-08-22,d2c4b90e59812d0ba7bb21319e5c25a6,Connecticut Sun @ Los Angeles Sparks,2026-08-23T01:00:00Z,Los Angeles Sparks,Connecticut Sun,Saniya Rivers,,PTS,OVER,12.5,350,Fanatics,fanatics,player_points_alternate,the-odds-api,2026-08-22T21:39:39.275008+00:00
2026-08-22,d2c4b90e59812d0ba7bb21319e5c25a6,Connecticut Sun @ Los Angeles Sparks,2026-08-23T01:00:00Z,Los Angeles Sparks,Connecticut Sun,Saniya Rivers,,PTS,OVER,13.5,425,Fanatics,fanatics,player_points_alternate,the-odds-api,2026-08-22T21:39:39.275008+00:00
2026-08-22,d2c4b90e59812d0ba7bb21319e5c25a6,Connecticut Sun @ Los Angeles Sparks,2026-08-23T01:00:00Z,Los Angeles Sparks,Connecticut Sun,Saniya Rivers,,PTS,OVER,14.5,650,Fanatics,fanatics,player_points_alternate,the-odds-api,2026-08-22T21:39:39.275008+00:00
2026-08-22,d2c4b90e59812d0ba7bb21319e5c25a6,Connecticut Sun @ Los Angeles Sparks,2026-08-23T01:00:00Z,Los Angeles Sparks,Connecticut Sun,Saniya Rivers,,PTS,OVER,15.5,850,Fanatics,fanatics,player_points_alternate,the-odds-api,2026-08-22T21:39:39.275008+00:00
2026-08-22,d2c4b90e59812d0ba7bb21319e5c25a6,Connecticut Sun @ Los Angeles Sparks,2026-08-23T01:00:00Z,Los Angeles Sparks,Connecticut Sun,Saniya Rivers,,PTS,OVER,16.5,1000,Fanatics,fanatics,player_points_alternate,the-odds-api,2026-08-22T21:39:39.275008+00:00
2026-08-22,d2c4b90e59812d0ba7bb21319e5c25a6,Connecticut Sun @ Los Angeles Sparks,2026-08-23T01:00:00Z,Los Angeles Sparks,Connecticut Sun,Saniya Rivers,,PTS,OVER,17.5,1200,Fanatics,fanatics,player_points_alternate,the-odds-api,2026-08-22T21:39:39.275008+00:00
2026-08-22,d2c4b90e59812d0ba7bb21319e5c25a6,Connecticut Sun @ Los Angeles Sparks,2026-08-23T01:00:00Z,Los Angeles Sparks,Connecticut Sun,Cameron Brink,,PTS,OVER,4.5,-1500,Fanatics,fanatics,player_points_alternate,the-odds-api,2026-08-22T21:39:39.275008+00:00
2026-08-22,d2c4b90e59812d0ba7bb21319e5c25a6,Connecticut Sun @ Los Angeles Sparks,2026-08-23T01:00:00Z,Los Angeles Sparks,Connecticut Sun,Cameron Brink,,PTS,OVER,5.5,-900,Fanatics,fanatics,player_points_alternate,the-odds-api,2026-08-22T21:39:39.275008+00:00
2026-08-22,d2c4b90e59812d0ba7bb21319e5c25a6,Connecticut Sun @ Los Angeles Sparks,2026-08-23T01:00:00Z,Los Angeles Sparks,Connecticut Sun,Cameron Brink,,PTS,OVER,6.5,-550,Fanatics,fanatics,player_points_alternate,the-odds-api,2026-08-22T21:39:39.275008+00:00
2026-08-22,d2c4b90e59812d0ba7bb21319e5c25a6,Connecticut Sun @ Los Angeles Sparks,2026-08-23T01:00:00Z,Los Angeles Sparks,Connecticut Sun,Cameron Brink,,PTS,OVER,7.5,-375,Fanatics,fanatics,player_points_alternate,the-odds-api,2026-08-22T21:39:39.275008+00:00
2026-08-22,d2c4b90e59812d0ba7bb21319e5c25a6,Connecticut Sun @ Los Angeles Sparks,2026-08-23T01:00:00Z,Los Angeles Sparks,Connecticut Sun,Cameron Brink,,PTS,OVER,8.5,-275,Fanatics,fanatics,player_points_alternate,the-odds-api,2026-08-22T21:39:39.275008+00:00
2026-08-22,d2c4b90e59812d0ba7bb21319e5c25a6,Connecticut Sun @ Los Angeles Sparks,2026-08-23T01:00:00Z,Los Angeles Sparks,Connecticut Sun,Cameron Brink,,PTS,OVER,9.5,-175,Fanatics,fanatics,player_points_alternate,the-odds-api,2026-08-22T21:39:39.275008+00:00
2026-08-22,d2c4b90e59812d0ba7bb21319e5c25a6,Connecticut Sun @ Los Angeles Sparks,2026-08-23T01:00:00Z,Los Angeles Sparks,Connecticut Sun,Cameron Brink,,PTS,OVER,10.5,-125,Fanatics,fanatics,player_points_alternate,the-odds-api,2026-08-22T21:39:39.275008+00:00
2026-08-22,d2c4b90e59812d0ba7bb21319e5c25a6,Connecticut Sun @ Los Angeles Sparks,2026-08-23T01:00:00Z,Los Angeles Sparks,Connecticut Sun,Cameron Brink,,PTS,OVER,11.5,110,Fanatics,fanatics,player_points_alternate,the-odds-api,2026-08-22T21:39:39.275008+00:00
2026-08-22,d2c4b90e59812d0ba7bb21319e5c25a6,Connecticut Sun @ Los Angeles Sparks,2026-08-23T01:00:00Z,Los Angeles Sparks,Connecticut Sun,Cameron Brink,,PTS,OVER,12.5,140,Fanatics,fanatics,player_points_alternate,the-odds-api,2026-08-22T21:39:39.275008+00:00
2026-08-22,d2c4b90e59812d0ba7bb21319e5c25a6,Connecticut Sun @ Los Angeles Sparks,2026-08-23T01:00:00Z,Los Angeles Sparks,Connecticut Sun,Cameron Brink,,PTS,OVER,13.5,185,Fanatics,fanatics,player_points_alternate,the-odds-api,2026-08-22T21:39:39.275008+00:00
2026-08-22,d2c4b90e59812d0ba7bb21319e5c25a6,Connecticut Sun @ Los Angeles Sparks,2026-08-23T01:00:00Z,Los Angeles Sparks,Connecticut Sun,Cameron Brink,,PTS,OVER,14.5,230,Fanatics,fanatics,player_points_alternate,the-odds-api,2026-08-22T21:39:39.275008+00:00
2026-08-22,d2c4b90e59812d0ba7bb21319e5c25a6,Connecticut Sun @ Los Angeles Sparks,2026-08-23T01:00:00Z,Los Angeles Sparks,Connecticut Sun,Cameron Brink,,PTS,OVER,15.5,300,Fanatics,fanatics,player_points_alternate,the-odds-api,2026-08-22T21:39:39.275008+00:00
2026-08-22,d2c4b90e59812d0ba7bb21319e5c25a6,Connecticut Sun @ Los Angeles Sparks,2026-08-23T01:00:00Z,Los Angeles Sparks,Connecticut Sun,Cameron Brink,,PTS,OVER,16.5,375,Fanatics,fanatics,player_points_alternate,the-odds-api,2026-08-22T21:39:39.275008+00:00
2026-08-22,d2c4b90e59812d0ba7bb21319e5c25a6,Connecticut Sun @ Los Angeles Sparks,2026-08-23T01:00:00Z,Los Angeles Sparks,Connecticut Sun,Cameron Brink,,PTS,OVER,17.5,475,Fanatics,fanatics,player_points_alternate,the-odds-api,2026-08-22T21:39:39.275008+00:00
2026-08-22,d2c4b90e59812d0ba7bb21319e5c25a6,Connecticut Sun @ Los Angeles Sparks,2026-08-23T01:00:00Z,Los Angeles Sparks,Connecticut Sun,Cameron Brink,,PTS,OVER,18.5,650,Fanatics,fanatics,player_points_alternate,the-odds-api,2026-08-22T21:39:39.275008+00:00
2026-08-22,d2c4b90e59812d0ba7bb21319e5c25a6,Connecticut Sun @ Los Angeles Sparks,2026-08-23T01:00:00Z,Los Angeles Sparks,Connecticut Sun,Cameron Brink,,PTS,OVER,19.5,800,Fanatics,fanatics,player_points_alternate,the-odds-api,2026-08-22T21:39:39.275008+00:00
2026-08-22,d2c4b90e59812d0ba7bb21319e5c25a6,Connecticut Sun @ Los Angeles Sparks,2026-08-23T01:00:00Z,Los Angeles Sparks,Connecticut Sun,Cameron Brink,,PTS,OVER,20.5,950,Fanatics,fanatics,player_points_alternate,the-odds-api,2026-08-22T21:39:39.275008+00:00
2026-08-22,d2c4b90e59812d0ba7bb21319e5c25a6,Connecticut Sun @ Los Angeles Sparks,2026-08-23T01:00:00Z,Los Angeles Sparks,Connecticut Sun,Cameron Brink,,PTS,OVER,21.5,1200,Fanatics,fanatics,player_points_alternate,the-odds-api,2026-08-22T21:39:39.275008+00:00
2026-08-22,d2c4b90e59812d0ba7bb21319e5c25a6,Connecticut Sun @ Los Angeles Sparks,2026-08-23T01:00:00Z,Los Angeles Sparks,Connecticut Sun,Cameron Brink,,PTS,OVER,22.5,1500,Fanatics,fanatics,player_points_alternate,the-odds-api,2026-08-22T21:39:39.275008+00:00
2026-08-22,d2c4b90e59812d0ba7bb21319e5c25a6,Connecticut Sun @ Los Angeles Sparks,2026-08-23T01:00:00Z,Los Angeles Sparks,Connecticut Sun,Monique Akoa Makani,,PTS,OVER,4.5,-300,Fanatics,fanatics,player_points_alternate,the-odds-api,2026-08-22T21:39:39.275008+00:00
2026-08-22,d2c4b90e59812d0ba7bb21319e5c25a6,Connecticut Sun @ Los Angeles Sparks,2026-08-23T01:00:00Z,Los Angeles Sparks,Connecticut Sun,Monique Akoa Makani,,PTS,OVER,5.5,-175,Fanatics,fanatics,player_points_alternate,the-odds-api,2026-08-22T21:39:39.275008+00:00
2026-08-22,d2c4b90e59812d0ba7bb21319e5c25a6,Connecticut Sun @ Los Angeles Sparks,2026-08-23T01:00:00Z,Los Angeles Sparks,Connecticut Sun,Monique Akoa Makani,,PTS,OVER,6.5,-115,Fanatics,fanatics,player_points_alternate,the-odds-api,2026-08-22T21:39:39.275008+00:00
2026-08-22,d2c4b90e59812d0ba7bb21319e5c25a6,Connecticut Sun @ Los Angeles Sparks,2026-08-23T01:00:00Z,Los Angeles Sparks,Connecticut Sun,Monique Akoa Makani,,PTS,OVER,7.5,125,Fanatics,fanatics,player_points_alternate,the-odds-api,2026-08-22T21:39:39.275008+00:00
2026-08-22,d2c4b90e59812d0ba7bb21319e5c25a6,Connecticut Sun @ Los Angeles Sparks,2026-08-23T01:00:00Z,Los Angeles Sparks,Connecticut Sun,Monique Akoa Makani,,PTS,OVER,8.5,170,Fanatics,fanatics,player_points_alternate,the-odds-api,2026-08-22T21:39:39.275008+00:00
2026-08-22,d2c4b90e59812d0ba7bb21319e5c25a6,Connecticut Sun @ Los Angeles Sparks,2026-08-23T01:00:00Z,Los Angeles Sparks,Connecticut Sun,Monique Akoa Makani,,PTS,OVER,9.5,230,Fanatics,fanatics,player_points_alternate,the-odds-api,2026-08-22T21:39:39.275008+00:00
2026-08-22,d2c4b90e59812d0ba7bb21319e5c25a6,Connecticut Sun @ Los Angeles Sparks,2026-08-23T01:00:00Z,Los Angeles Sparks,Connecticut Sun,Monique Akoa Makani,,PTS,OVER,10.5,320,Fanatics,fanatics,player_points_alternate,the-odds-api,2026-08-22T21:39:39.275008+00:00
2026-08-22,d2c4b90e59812d0ba7bb21319e5c25a6,Connecticut Sun @ Los Angeles Sparks,2026-08-23T01:00:00Z,Los Angeles Sparks,Connecticut Sun,Monique Akoa Makani,,PTS,OVER,11.5,400,Fanatics,fanatics,player_points_alternate,the-odds-api,2026-08-22T21:39:39.275008+00:00
2026-08-22,d2c4b90e59812d0ba7bb21319e5c25a6,Connecticut Sun @ Los Angeles Sparks,2026-08-23T01:00:00Z,Los Angeles Sparks,Connecticut Sun,Monique Akoa Makani,,PTS,OVER,12.5,550,Fanatics,fanatics,player_points_alternate,the-odds-api,2026-08-22T21:39:39.275008+00:00
2026-08-22,d2c4b90e59812d0ba7bb21319e5c25a6,Connecticut Sun @ Los Angeles Sparks,2026-08-23T01:00:00Z,Los Angeles Sparks,Connecticut Sun,Monique Akoa Makani,,PTS,OVER,13.5,800,Fanatics,fanatics,player_points_alternate,the-odds-api,2026-08-22T21:39:39.275008+00:00
2026-08-22,d2c4b90e59812d0ba7bb21319e5c25a6,Connecticut Sun @ Los Angeles Sparks,2026-08-23T01:00:00Z,Los Angeles Sparks,Connecticut Sun,Monique Akoa Makani,,PTS,OVER,14.5,925,Fanatics,fanatics,player_points_alternate,the-odds-api,2026-08-22T21:39:39.275008+00:00
2026-08-22,d2c4b90e59812d0ba7bb21319e5c25a6,Connecticut Sun @ Los Angeles Sparks,2026-08-23T01:00:00Z,Los Angeles Sparks,Connecticut Sun,Monique Akoa Makani,,PTS,OVER,15.5,1400,Fanatics,fanatics,player_points_alternate,the-odds-api,2026-08-22T21:39:39.275008+00:00
2026-08-22,d2c4b90e59812d0ba7bb21319e5c25a6,Connecticut Sun @ Los Angeles Sparks,2026-08-23T01:00:00Z,Los Angeles Sparks,Connecticut Sun,Rae Burrell,,REB,OVER,1.5,-375,Fanatics,fanatics,player_rebounds_alternate,the-odds-api,2026-08-22T21:39:39.275008+00:00
2026-08-22,d2c4b90e59812d0ba7bb21319e5c25a6,Connecticut Sun @ Los Angeles Sparks,2026-08-23T01:00:00Z,Los Angeles Sparks,Connecticut Sun,Rae Burrell,,REB,OVER,2.5,-115,Fanatics,fanatics,player_rebounds_alternate,the-odds-api,2026-08-22T21:39:39.275008+00:00
2026-08-22,d2c4b90e59812d0ba7bb21319e5c25a6,Connecticut Sun @ Los Angeles Sparks,2026-08-23T01:00:00Z,Los Angeles Sparks,Connecticut Sun,Rae Burrell,,REB,OVER,3.5,190,Fanatics,fanatics,player_rebounds_alternate,the-odds-api,2026-08-22T21:39:39.275008+00:00
2026-08-22,d2c4b90e59812d0ba7bb21319e5c25a6,Connecticut Sun @ Los Angeles Sparks,2026-08-23T01:00:00Z,Los Angeles Sparks,Connecticut Sun,Rae Burrell,,REB,OVER,4.5,375,Fanatics,fanatics,player_rebounds_alternate,the-odds-api,2026-08-22T21:39:39.275008+00:00
2026-08-22,d2c4b90e59812d0ba7bb21319e5c25a6,Connecticut Sun @ Los Angeles Sparks,2026-08-23T01:00:00Z,Los Angeles Sparks,Connecticut Sun,Rae Burrell,,REB,OVER,5.5,850,Fanatics,fanatics,player_rebounds_alternate,the-odds-api,2026-08-22T21:39:39.275008+00:00
2026-08-22,d2c4b90e59812d0ba7bb21319e5c25a6,Connecticut Sun @ Los Angeles Sparks,2026-08-23T01:00:00Z,Los Angeles Sparks,Connecticut Sun,Nneka Ogwumike,,REB,OVER,3.5,-1700,Fanatics,fanatics,player_rebounds_alternate,the-odds-api,2026-08-22T21:39:39.275008+00:00
2026-08-22,d2c4b90e59812d0ba7bb21319e5c25a6,Connecticut Sun @ Los Angeles Sparks,2026-08-23T01:00:00Z,Los Angeles Sparks,Connecticut Sun,Nneka Ogwumike,,REB,OVER,4.5,-700,Fanatics,fanatics,player_rebounds_alternate,the-odds-api,2026-08-22T21:39:39.275008+00:00
2026-08-22,d2c4b90e59812d0ba7bb21319e5c25a6,Connecticut Sun @ Los Angeles Sparks,2026-08-23T01:00:00Z,Los Angeles Sparks,Connecticut Sun,Nneka Ogwumike,,REB,OVER,5.5,-350,Fanatics,fanatics,player_rebounds_alternate,the-odds-api,2026-08-22T21:39:39.275008+00:00
2026-08-22,d2c4b90e59812d0ba7bb21319e5c25a6,Connecticut Sun @ Los Angeles Sparks,2026-08-23T01:00:00Z,Los Angeles Sparks,Connecticut Sun,Nneka Ogwumike,,REB,OVER,6.5,-165,Fanatics,fanatics,player_rebounds_alternate,the-odds-api,2026-08-22T21:39:39.275008+00:00
2026-08-22,d2c4b90e59812d0ba7bb21319e5c25a6,Connecticut Sun @ Los Angeles Sparks,2026-08-23T01:00:00Z,Los Angeles Sparks,Connecticut Sun,Nneka Ogwumike,,REB,OVER,7.5,105,Fanatics,fanatics,player_rebounds_alternate,the-odds-api,2026-08-22T21:39:39.275008+00:00
2026-08-22,d2c4b90e59812d0ba7bb21319e5c25a6,Connecticut Sun @ Los Angeles Sparks,2026-08-23T01:00:00Z,Los Angeles Sparks,Connecticut Sun,Nneka Ogwumike,,REB,OVER,8.5,160,Fanatics,fanatics,player_rebounds_alternate,the-odds-api,2026-08-22T21:39:39.275008+00:00
2026-08-22,d2c4b90e59812d0ba7bb21319e5c25a6,Connecticut Sun @ Los Angeles Sparks,2026-08-23T01:00:00Z,Los Angeles Sparks,Connecticut Sun,Nneka Ogwumike,,REB,OVER,9.5,260,Fanatics,fanatics,player_rebounds_alternate,the-odds-api,2026-08-22T21:39:39.275008+00:00
2026-08-22,d2c4b90e59812d0ba7bb21319e5c25a6,Connecticut Sun @ Los Angeles Sparks,2026-08-23T01:00:00Z,Los Angeles Sparks,Connecticut Sun,Nneka Ogwumike,,REB,OVER,10.5,375,Fanatics,fanatics,player_rebounds_alternate,the-odds-api,2026-08-22T21:39:39.275008+00:00
2026-08-22,d2c4b90e59812d0ba7bb21319e5c25a6,Connecticut Sun @ Los Angeles Sparks,2026-08-23T01:00:00Z,Los Angeles Sparks,Connecticut Sun,Nneka Ogwumike,,REB,OVER,11.5,650,Fanatics,fanatics,player_rebounds_alternate,the-odds-api,2026-08-22T21:39:39.275008+00:00
2026-08-22,d2c4b90e59812d0ba7bb21319e5c25a6,Connecticut Sun @ Los Angeles Sparks,2026-08-23T01:00:00Z,Los Angeles Sparks,Connecticut Sun,Dearica Hamby,,REB,OVER,3.5,-1100,Fanatics,fanatics,player_rebounds_alternate,the-odds-api,2026-08-22T21:39:39.275008+00:00
2026-08-22,d2c4b90e59812d0ba7bb21319e5c25a6,Connecticut Sun @ Los Angeles Sparks,2026-08-23T01:00:00Z,Los Angeles Sparks,Connecticut Sun,Dearica Hamby,,REB,OVER,4.5,-475,Fanatics,fanatics,player_rebounds_alternate,the-odds-api,2026-08-22T21:39:39.275008+00:00
2026-08-22,d2c4b90e59812d0ba7bb21319e5c25a6,Connecticut Sun @ Los Angeles Sparks,2026-08-23T01:00:00Z,Los Angeles Sparks,Connecticut Sun,Dearica Hamby,,REB,OVER,5.5,-240,Fanatics,fanatics,player_rebounds_alternate,the-odds-api,2026-08-22T21:39:39.275008+00:00
2026-08-22,d2c4b90e59812d0ba7bb21319e5c25a6,Connecticut Sun @ Los Angeles Sparks,2026-08-23T01:00:00Z,Los Angeles Sparks,Connecticut Sun,Dearica Hamby,,REB,OVER,6.5,-115,Fanatics,fanatics,player_rebounds_alternate,the-odds-api,2026-08-22T21:39:39.275008+00:00
2026-08-22,d2c4b90e59812d0ba7bb21319e5c25a6,Connecticut Sun @ Los Angeles Sparks,2026-08-23T01:00:00Z,Los Angeles Sparks,Connecticut Sun,Dearica Hamby,,REB,OVER,7.5,140,Fanatics,fanatics,player_rebounds_alternate,the-odds-api,2026-08-22T21:39:39.275008+00:00
2026-08-22,d2c4b90e59812d0ba7bb21319e5c25a6,Connecticut Sun @ Los Angeles Sparks,2026-08-23T01:00:00Z,Los Angeles Sparks,Connecticut Sun,Dearica Hamby,,REB,OVER,8.5,230,Fanatics,fanatics,player_rebounds_alternate,the-odds-api,2026-08-22T21:39:39.275008+00:00
2026-08-22,d2c4b90e59812d0ba7bb21319e5c25a6,Connecticut Sun @ Los Angeles Sparks,2026-08-23T01:00:00Z,Los Angeles Sparks,Connecticut Sun,Dearica Hamby,,REB,OVER,9.5,375,Fanatics,fanatics,player_rebounds_alternate,the-odds-api,2026-08-22T21:39:39.275008+00:00
2026-08-22,d2c4b90e59812d0ba7bb21319e5c25a6,Connecticut Sun @ Los Angeles Sparks,2026-08-23T01:00:00Z,Los Angeles Sparks,Connecticut Sun,Dearica Hamby,,REB,OVER,10.5,650,Fanatics,fanatics,player_rebounds_alternate,the-odds-api,2026-08-22T21:39:39.275008+00:00
2026-08-22,d2c4b90e59812d0ba7bb21319e5c25a6,Connecticut Sun @ Los Angeles Sparks,2026-08-23T01:00:00Z,Los Angeles Sparks,Connecticut Sun,Leïla Lacan,,REB,OVER,1.5,-240,Fanatics,fanatics,player_rebounds_alternate,the-odds-api,2026-08-22T21:39:39.275008+00:00
2026-08-22,d2c4b90e59812d0ba7bb21319e5c25a6,Connecticut Sun @ Los Angeles Sparks,2026-08-23T01:00:00Z,Los Angeles Sparks,Connecticut Sun,Leïla Lacan,,REB,OVER,2.5,125,Fanatics,fanatics,player_rebounds_alternate,the-odds-api,2026-08-22T21:39:39.275008+00:00
2026-08-22,d2c4b90e59812d0ba7bb21319e5c25a6,Connecticut Sun @ Los Angeles Sparks,2026-08-23T01:00:00Z,Los Angeles Sparks,Connecticut Sun,Leïla Lacan,,REB,OVER,3.5,290,Fanatics,fanatics,player_rebounds_alternate,the-odds-api,2026-08-22T21:39:39.275008+00:00
2026-08-22,d2c4b90e59812d0ba7bb21319e5c25a6,Connecticut Sun @ Los Angeles Sparks,2026-08-23T01:00:00Z,Los Angeles Sparks,Connecticut Sun,Leïla Lacan,,REB,OVER,4.5,650,Fanatics,fanatics,player_rebounds_alternate,the-odds-api,2026-08-22T21:39:39.275008+00:00
2026-08-22,d2c4b90e59812d0ba7bb21319e5c25a6,Connecticut Sun @ Los Angeles Sparks,2026-08-23T01:00:00Z,Los Angeles Sparks,Connecticut Sun,Olivia Nelson-Ododa,,REB,OVER,4.5,-1700,Fanatics,fanatics,player_rebounds_alternate,the-odds-api,2026-08-22T21:39:39.275008+00:00
2026-08-22,d2c4b90e59812d0ba7bb21319e5c25a6,Connecticut Sun @ Los Angeles Sparks,2026-08-23T01:00:00Z,Los Angeles Sparks,Connecticut Sun,Olivia Nelson-Ododa,,REB,OVER,5.5,-800,Fanatics,fanatics,player_rebounds_alternate,the-odds-api,2026-08-22T21:39:39.275008+00:00
2026-08-22,d2c4b90e59812d0ba7bb21319e5c25a6,Connecticut Sun @ Los Angeles Sparks,2026-08-23T01:00:00Z,Los Angeles Sparks,Connecticut Sun,Olivia Nelson-Ododa,,REB,OVER,6.5,-425,Fanatics,fanatics,player_rebounds_alternate,the-odds-api,2026-08-22T21:39:39.275008+00:00
2026-08-22,d2c4b90e59812d0ba7bb21319e5c25a6,Connecticut Sun @ Los Angeles Sparks,2026-08-23T01:00:00Z,Los Angeles Sparks,Connecticut Sun,Olivia Nelson-Ododa,,REB,OVER,7.5,-240,Fanatics,fanatics,player_rebounds_alternate,the-odds-api,2026-08-22T21:39:39.275008+00:00
2026-08-22,d2c4b90e59812d0ba7bb21319e5c25a6,Connecticut Sun @ Los Angeles Sparks,2026-08-23T01:00:00Z,Los Angeles Sparks,Connecticut Sun,Olivia Nelson-Ododa,,REB,OVER,8.5,-125,Fanatics,fanatics,player_rebounds_alternate,the-odds-api,2026-08-22T21:39:39.275008+00:00
2026-08-22,d2c4b90e59812d0ba7bb21319e5c25a6,Connecticut Sun @ Los Angeles Sparks,2026-08-23T01:00:00Z,Los Angeles Sparks,Connecticut Sun,Olivia Nelson-Ododa,,REB,OVER,9.5,125,Fanatics,fanatics,player_rebounds_alternate,the-odds-api,2026-08-22T21:39:39.275008+00:00
2026-08-22,d2c4b90e59812d0ba7bb21319e5c25a6,Connecticut Sun @ Los Angeles Sparks,2026-08-23T01:00:00Z,Los Angeles Sparks,Connecticut Sun,Olivia Nelson-Ododa,,REB,OVER,10.5,190,Fanatics,fanatics,player_rebounds_alternate,the-odds-api,2026-08-22T21:39:39.275008+00:00
2026-08-22,d2c4b90e59812d0ba7bb21319e5c25a6,Connecticut Sun @ Los Angeles Sparks,2026-08-23T01:00:00Z,Los Angeles Sparks,Connecticut Sun,Olivia Nelson-Ododa,,REB,OVER,11.5,290,Fanatics,fanatics,player_rebounds_alternate,the-odds-api,2026-08-22T21:39:39.275008+00:00
2026-08-22,d2c4b90e59812d0ba7bb21319e5c25a6,Connecticut Sun @ Los Angeles Sparks,2026-08-23T01:00:00Z,Los Angeles Sparks,Connecticut Sun,Olivia Nelson-Ododa,,REB,OVER,12.5,400,Fanatics,fanatics,player_rebounds_alternate,the-odds-api,2026-08-22T21:39:39.275008+00:00
2026-08-22,d2c4b90e59812d0ba7bb21319e5c25a6,Connecticut Sun @ Los Angeles Sparks,2026-08-23T01:00:00Z,Los Angeles Sparks,Connecticut Sun,Olivia Nelson-Ododa,,REB,OVER,13.5,650,Fanatics,fanatics,player_rebounds_alternate,the-odds-api,2026-08-22T21:39:39.275008+00:00
2026-08-22,d2c4b90e59812d0ba7bb21319e5c25a6,Connecticut Sun @ Los Angeles Sparks,2026-08-23T01:00:00Z,Los Angeles Sparks,Connecticut Sun,Ariel Atkins,,REB,OVER,1.5,-375,Fanatics,fanatics,player_rebounds_alternate,the-odds-api,2026-08-22T21:39:39.275008+00:00
2026-08-22,d2c4b90e59812d0ba7bb21319e5c25a6,Connecticut Sun @ Los Angeles Sparks,2026-08-23T01:00:00Z,Los Angeles Sparks,Connecticut Sun,Ariel Atkins,,REB,OVER,2.5,-115,Fanatics,fanatics,player_rebounds_alternate,the-odds-api,2026-08-22T21:39:39.275008+00:00
2026-08-22,d2c4b90e59812d0ba7bb21319e5c25a6,Connecticut Sun @ Los Angeles Sparks,2026-08-23T01:00:00Z,Los Angeles Sparks,Connecticut Sun,Ariel Atkins,,REB,OVER,3.5,190,Fanatics,fanatics,player_rebounds_alternate,the-odds-api,2026-08-22T21:39:39.275008+00:00
2026-08-22,d2c4b90e59812d0ba7bb21319e5c25a6,Connecticut Sun @ Los Angeles Sparks,2026-08-23T01:00:00Z,Los Angeles Sparks,Connecticut Sun,Ariel Atkins,,REB,OVER,4.5,375,Fanatics,fanatics,player_rebounds_alternate,the-odds-api,2026-08-22T21:39:39.275008+00:00
2026-08-22,d2c4b90e59812d0ba7bb21319e5c25a6,Connecticut Sun @ Los Angeles Sparks,2026-08-23T01:00:00Z,Los Angeles Sparks,Connecticut Sun,Ariel Atkins,,REB,OVER,5.5,850,Fanatics,fanatics,player_rebounds_alternate,the-odds-api,2026-08-22T21:39:39.275008+00:00
2026-08-22,d2c4b90e59812d0ba7bb21319e5c25a6,Connecticut Sun @ Los Angeles Sparks,2026-08-23T01:00:00Z,Los Angeles Sparks,Connecticut Sun,Diamond Miller,,REB,OVER,1.5,-800,Fanatics,fanatics,player_rebounds_alternate,the-odds-api,2026-08-22T21:39:39.275008+00:00
2026-08-22,d2c4b90e59812d0ba7bb21319e5c25a6,Connecticut Sun @ Los Angeles Sparks,2026-08-23T01:00:00Z,Los Angeles Sparks,Connecticut Sun,Diamond Miller,,REB,OVER,2.5,-250,Fanatics,fanatics,player_rebounds_alternate,the-odds-api,2026-08-22T21:39:39.275008+00:00
2026-08-22,d2c4b90e59812d0ba7bb21319e5c25a6,Connecticut Sun @ Los Angeles Sparks,2026-08-23T01:00:00Z,Los Angeles Sparks,Connecticut Sun,Diamond Miller,,REB,OVER,3.5,105,Fanatics,fanatics,player_rebounds_alternate,the-odds-api,2026-08-22T21:39:39.275008+00:00
2026-08-22,d2c4b90e59812d0ba7bb21319e5c25a6,Connecticut Sun @ Los Angeles Sparks,2026-08-23T01:00:00Z,Los Angeles Sparks,Connecticut Sun,Diamond Miller,,REB,OVER,4.5,210,Fanatics,fanatics,player_rebounds_alternate,the-odds-api,2026-08-22T21:39:39.275008+00:00
2026-08-22,d2c4b90e59812d0ba7bb21319e5c25a6,Connecticut Sun @ Los Angeles Sparks,2026-08-23T01:00:00Z,Los Angeles Sparks,Connecticut Sun,Diamond Miller,,REB,OVER,5.5,375,Fanatics,fanatics,player_rebounds_alternate,the-odds-api,2026-08-22T21:39:39.275008+00:00
2026-08-22,d2c4b90e59812d0ba7bb21319e5c25a6,Connecticut Sun @ Los Angeles Sparks,2026-08-23T01:00:00Z,Los Angeles Sparks,Connecticut Sun,Diamond Miller,,REB,OVER,6.5,800,Fanatics,fanatics,player_rebounds_alternate,the-odds-api,2026-08-22T21:39:39.275008+00:00
2026-08-22,d2c4b90e59812d0ba7bb21319e5c25a6,Connecticut Sun @ Los Angeles Sparks,2026-08-23T01:00:00Z,Los Angeles Sparks,Connecticut Sun,Kennedy Burke,,REB,OVER,1.5,-630,Fanatics,fanatics,player_rebounds_alternate,the-odds-api,2026-08-22T21:39:39.275008+00:00
2026-08-22,d2c4b90e59812d0ba7bb21319e5c25a6,Connecticut Sun @ Los Angeles Sparks,2026-08-23T01:00:00Z,Los Angeles Sparks,Connecticut Sun,Kennedy Burke,,REB,OVER,2.5,-210,Fanatics,fanatics,player_rebounds_alternate,the-odds-api,2026-08-22T21:39:39.275008+00:00
2026-08-22,d2c4b90e59812d0ba7bb21319e5c25a6,Connecticut Sun @ Los Angeles Sparks,2026-08-23T01:00:00Z,Los Angeles Sparks,Connecticut Sun,Kennedy Burke,,REB,OVER,3.5,120,Fanatics,fanatics,player_rebounds_alternate,the-odds-api,2026-08-22T21:39:39.275008+00:00
2026-08-22,d2c4b90e59812d0ba7bb21319e5c25a6,Connecticut Sun @ Los Angeles Sparks,2026-08-23T01:00:00Z,Los Angeles Sparks,Connecticut Sun,Kennedy Burke,,REB,OVER,4.5,230,Fanatics,fanatics,player_rebounds_alternate,the-odds-api,2026-08-22T21:39:39.275008+00:00
2026-08-22,d2c4b90e59812d0ba7bb21319e5c25a6,Connecticut Sun @ Los Angeles Sparks,2026-08-23T01:00:00Z,Los Angeles Sparks,Connecticut Sun,Kennedy Burke,,REB,OVER,5.5,425,Fanatics,fanatics,player_rebounds_alternate,the-odds-api,2026-08-22T21:39:39.275008+00:00
2026-08-22,d2c4b90e59812d0ba7bb21319e5c25a6,Connecticut Sun @ Los Angeles Sparks,2026-08-23T01:00:00Z,Los Angeles Sparks,Connecticut Sun,Kennedy Burke,,REB,OVER,6.5,900,Fanatics,fanatics,player_rebounds_alternate,the-odds-api,2026-08-22T21:39:39.275008+00:00
2026-08-22,d2c4b90e59812d0ba7bb21319e5c25a6,Connecticut Sun @ Los Angeles Sparks,2026-08-23T01:00:00Z,Los Angeles Sparks,Connecticut Sun,Charlisse Leger-Walker,,REB,OVER,1.5,-630,Fanatics,fanatics,player_rebounds_alternate,the-odds-api,2026-08-22T21:39:39.275008+00:00
2026-08-22,d2c4b90e59812d0ba7bb21319e5c25a6,Connecticut Sun @ Los Angeles Sparks,2026-08-23T01:00:00Z,Los Angeles Sparks,Connecticut Sun,Charlisse Leger-Walker,,REB,OVER,2.5,-225,Fanatics,fanatics,player_rebounds_alternate,the-odds-api,2026-08-22T21:39:39.275008+00:00
2026-08-22,d2c4b90e59812d0ba7bb21319e5c25a6,Connecticut Sun @ Los Angeles Sparks,2026-08-23T01:00:00Z,Los Angeles Sparks,Connecticut Sun,Charlisse Leger-Walker,,REB,OVER,3.5,120,Fanatics,fanatics,player_rebounds_alternate,the-odds-api,2026-08-22T21:39:39.275008+00:00
2026-08-22,d2c4b90e59812d0ba7bb21319e5c25a6,Connecticut Sun @ Los Angeles Sparks,2026-08-23T01:00:00Z,Los Angeles Sparks,Connecticut Sun,Charlisse Leger-Walker,,REB,OVER,4.5,230,Fanatics,fanatics,player_rebounds_alternate,the-odds-api,2026-08-22T21:39:39.275008+00:00
2026-08-22,d2c4b90e59812d0ba7bb21319e5c25a6,Connecticut Sun @ Los Angeles Sparks,2026-08-23T01:00:00Z,Los Angeles Sparks,Connecticut Sun,Charlisse Leger-Walker,,REB,OVER,5.5,425,Fanatics,fanatics,player_rebounds_alternate,the-odds-api,2026-08-22T21:39:39.275008+00:00
2026-08-22,d2c4b90e59812d0ba7bb21319e5c25a6,Connecticut Sun @ Los Angeles Sparks,2026-08-23T01:00:00Z,Los Angeles Sparks,Connecticut Sun,Charlisse Leger-Walker,,REB,OVER,6.5,850,Fanatics,fanatics,player_rebounds_alternate,the-odds-api,2026-08-22T21:39:39.275008+00:00
2026-08-22,d2c4b90e59812d0ba7bb21319e5c25a6,Connecticut Sun @ Los Angeles Sparks,2026-08-23T01:00:00Z,Los Angeles Sparks,Connecticut Sun,Saniya Rivers,,REB,OVER,1.5,-525,Fanatics,fanatics,player_rebounds_alternate,the-odds-api,2026-08-22T21:39:39.275008+00:00
2026-08-22,d2c4b90e59812d0ba7bb21319e5c25a6,Connecticut Sun @ Los Angeles Sparks,2026-08-23T01:00:00Z,Los Angeles Sparks,Connecticut Sun,Saniya Rivers,,REB,OVER,2.5,-165,Fanatics,fanatics,player_rebounds_alternate,the-odds-api,2026-08-22T21:39:39.275008+00:00
2026-08-22,d2c4b90e59812d0ba7bb21319e5c25a6,Connecticut Sun @ Los Angeles Sparks,2026-08-23T01:00:00Z,Los Angeles Sparks,Connecticut Sun,Saniya Rivers,,REB,OVER,3.5,135,Fanatics,fanatics,player_rebounds_alternate,the-odds-api,2026-08-22T21:39:39.275008+00:00
2026-08-22,d2c4b90e59812d0ba7bb21319e5c25a6,Connecticut Sun @ Los Angeles Sparks,2026-08-23T01:00:00Z,Los Angeles Sparks,Connecticut Sun,Saniya Rivers,,REB,OVER,4.5,270,Fanatics,fanatics,player_rebounds_alternate,the-odds-api,2026-08-22T21:39:39.275008+00:00
2026-08-22,d2c4b90e59812d0ba7bb21319e5c25a6,Connecticut Sun @ Los Angeles Sparks,2026-08-23T01:00:00Z,Los Angeles Sparks,Connecticut Sun,Saniya Rivers,,REB,OVER,5.5,500,Fanatics,fanatics,player_rebounds_alternate,the-odds-api,2026-08-22T21:39:39.275008+00:00
2026-08-22,d2c4b90e59812d0ba7bb21319e5c25a6,Connecticut Sun @ Los Angeles Sparks,2026-08-23T01:00:00Z,Los Angeles Sparks,Connecticut Sun,Cameron Brink,,REB,OVER,2.5,-2000,Fanatics,fanatics,player_rebounds_alternate,the-odds-api,2026-08-22T21:39:39.275008+00:00
2026-08-22,d2c4b90e59812d0ba7bb21319e5c25a6,Connecticut Sun @ Los Angeles Sparks,2026-08-23T01:00:00Z,Los Angeles Sparks,Connecticut Sun,Cameron Brink,,REB,OVER,3.5,-800,Fanatics,fanatics,player_rebounds_alternate,the-odds-api,2026-08-22T21:39:39.275008+00:00
2026-08-22,d2c4b90e59812d0ba7bb21319e5c25a6,Connecticut Sun @ Los Angeles Sparks,2026-08-23T01:00:00Z,Los Angeles Sparks,Connecticut Sun,Cameron Brink,,REB,OVER,4.5,-350,Fanatics,fanatics,player_rebounds_alternate,the-odds-api,2026-08-22T21:39:39.275008+00:00
2026-08-22,d2c4b90e59812d0ba7bb21319e5c25a6,Connecticut Sun @ Los Angeles Sparks,2026-08-23T01:00:00Z,Los Angeles Sparks,Connecticut Sun,Cameron Brink,,REB,OVER,5.5,-165,Fanatics,fanatics,player_rebounds_alternate,the-odds-api,2026-08-22T21:39:39.275008+00:00
2026-08-22,d2c4b90e59812d0ba7bb21319e5c25a6,Connecticut Sun @ Los Angeles Sparks,2026-08-23T01:00:00Z,Los Angeles Sparks,Connecticut Sun,Cameron Brink,,REB,OVER,6.5,115,Fanatics,fanatics,player_rebounds_alternate,the-odds-api,2026-08-22T21:39:39.275008+00:00
2026-08-22,d2c4b90e59812d0ba7bb21319e5c25a6,Connecticut Sun @ Los Angeles Sparks,2026-08-23T01:00:00Z,Los Angeles Sparks,Connecticut Sun,Cameron Brink,,REB,OVER,7.5,175,Fanatics,fanatics,player_rebounds_alternate,the-odds-api,2026-08-22T21:39:39.275008+00:00
2026-08-22,d2c4b90e59812d0ba7bb21319e5c25a6,Connecticut Sun @ Los Angeles Sparks,2026-08-23T01:00:00Z,Los Angeles Sparks,Connecticut Sun,Cameron Brink,,REB,OVER,8.5,300,Fanatics,fanatics,player_rebounds_alternate,the-odds-api,2026-08-22T21:39:39.275008+00:00
2026-08-22,d2c4b90e59812d0ba7bb21319e5c25a6,Connecticut Sun @ Los Angeles Sparks,2026-08-23T01:00:00Z,Los Angeles Sparks,Connecticut Sun,Cameron Brink,,REB,OVER,9.5,475,Fanatics,fanatics,player_rebounds_alternate,the-odds-api,2026-08-22T21:39:39.275008+00:00
2026-08-22,d2c4b90e59812d0ba7bb21319e5c25a6,Connecticut Sun @ Los Angeles Sparks,2026-08-23T01:00:00Z,Los Angeles Sparks,Connecticut Sun,Cameron Brink,,REB,OVER,10.5,850,Fanatics,fanatics,player_rebounds_alternate,the-odds-api,2026-08-22T21:39:39.275008+00:00
2026-08-22,d2c4b90e59812d0ba7bb21319e5c25a6,Connecticut Sun @ Los Angeles Sparks,2026-08-23T01:00:00Z,Los Angeles Sparks,Connecticut Sun,Nneka Ogwumike,,3PM,OVER,0.5,-325,Fanatics,fanatics,player_threes_alternate,the-odds-api,2026-08-22T21:39:39.275008+00:00
2026-08-22,d2c4b90e59812d0ba7bb21319e5c25a6,Connecticut Sun @ Los Angeles Sparks,2026-08-23T01:00:00Z,Los Angeles Sparks,Connecticut Sun,Nneka Ogwumike,,3PM,OVER,1.5,135,Fanatics,fanatics,player_threes_alternate,the-odds-api,2026-08-22T21:39:39.275008+00:00
2026-08-22,d2c4b90e59812d0ba7bb21319e5c25a6,Connecticut Sun @ Los Angeles Sparks,2026-08-23T01:00:00Z,Los Angeles Sparks,Connecticut Sun,Nneka Ogwumike,,3PM,OVER,2.5,375,Fanatics,fanatics,player_threes_alternate,the-odds-api,2026-08-22T21:39:39.275008+00:00
2026-08-22,d2c4b90e59812d0ba7bb21319e5c25a6,Connecticut Sun @ Los Angeles Sparks,2026-08-23T01:00:00Z,Los Angeles Sparks,Connecticut Sun,Nneka Ogwumike,,3PM,OVER,3.5,950,Fanatics,fanatics,player_threes_alternate,the-odds-api,2026-08-22T21:39:39.275008+00:00
2026-08-22,d2c4b90e59812d0ba7bb21319e5c25a6,Connecticut Sun @ Los Angeles Sparks,2026-08-23T01:00:00Z,Los Angeles Sparks,Connecticut Sun,Rae Burrell,,3PM,OVER,0.5,-1000,Fanatics,fanatics,player_threes_alternate,the-odds-api,2026-08-22T21:39:39.275008+00:00
2026-08-22,d2c4b90e59812d0ba7bb21319e5c25a6,Connecticut Sun @ Los Angeles Sparks,2026-08-23T01:00:00Z,Los Angeles Sparks,Connecticut Sun,Rae Burrell,,3PM,OVER,1.5,-190,Fanatics,fanatics,player_threes_alternate,the-odds-api,2026-08-22T21:39:39.275008+00:00
2026-08-22,d2c4b90e59812d0ba7bb21319e5c25a6,Connecticut Sun @ Los Angeles Sparks,2026-08-23T01:00:00Z,Los Angeles Sparks,Connecticut Sun,Rae Burrell,,3PM,OVER,2.5,140,Fanatics,fanatics,player_threes_alternate,the-odds-api,2026-08-22T21:39:39.275008+00:00
2026-08-22,d2c4b90e59812d0ba7bb21319e5c25a6,Connecticut Sun @ Los Angeles Sparks,2026-08-23T01:00:00Z,Los Angeles Sparks,Connecticut Sun,Rae Burrell,,3PM,OVER,3.5,340,Fanatics,fanatics,player_threes_alternate,the-odds-api,2026-08-22T21:39:39.275008+00:00
2026-08-22,d2c4b90e59812d0ba7bb21319e5c25a6,Connecticut Sun @ Los Angeles Sparks,2026-08-23T01:00:00Z,Los Angeles Sparks,Connecticut Sun,Rae Burrell,,3PM,OVER,4.5,750,Fanatics,fanatics,player_threes_alternate,the-odds-api,2026-08-22T21:39:39.275008+00:00
2026-08-22,d2c4b90e59812d0ba7bb21319e5c25a6,Connecticut Sun @ Los Angeles Sparks,2026-08-23T01:00:00Z,Los Angeles Sparks,Connecticut Sun,Rae Burrell,,3PM,OVER,5.5,1500,Fanatics,fanatics,player_threes_alternate,the-odds-api,2026-08-22T21:39:39.275008+00:00
2026-08-22,d2c4b90e59812d0ba7bb21319e5c25a6,Connecticut Sun @ Los Angeles Sparks,2026-08-23T01:00:00Z,Los Angeles Sparks,Connecticut Sun,Ariel Atkins,,3PM,OVER,0.5,-300,Fanatics,fanatics,player_threes_alternate,the-odds-api,2026-08-22T21:39:39.275008+00:00
2026-08-22,d2c4b90e59812d0ba7bb21319e5c25a6,Connecticut Sun @ Los Angeles Sparks,2026-08-23T01:00:00Z,Los Angeles Sparks,Connecticut Sun,Ariel Atkins,,3PM,OVER,1.5,150,Fanatics,fanatics,player_threes_alternate,the-odds-api,2026-08-22T21:39:39.275008+00:00
2026-08-22,d2c4b90e59812d0ba7bb21319e5c25a6,Connecticut Sun @ Los Angeles Sparks,2026-08-23T01:00:00Z,Los Angeles Sparks,Connecticut Sun,Ariel Atkins,,3PM,OVER,2.5,425,Fanatics,fanatics,player_threes_alternate,the-odds-api,2026-08-22T21:39:39.275008+00:00
2026-08-22,d2c4b90e59812d0ba7bb21319e5c25a6,Connecticut Sun @ Los Angeles Sparks,2026-08-23T01:00:00Z,Los Angeles Sparks,Connecticut Sun,Ariel Atkins,,3PM,OVER,3.5,1100,Fanatics,fanatics,player_threes_alternate,the-odds-api,2026-08-22T21:39:39.275008+00:00
2026-08-22,d2c4b90e59812d0ba7bb21319e5c25a6,Connecticut Sun @ Los Angeles Sparks,2026-08-23T01:00:00Z,Los Angeles Sparks,Connecticut Sun,Erica Wheeler,,3PM,OVER,0.5,-300,Fanatics,fanatics,player_threes_alternate,the-odds-api,2026-08-22T21:39:39.275008+00:00
2026-08-22,d2c4b90e59812d0ba7bb21319e5c25a6,Connecticut Sun @ Los Angeles Sparks,2026-08-23T01:00:00Z,Los Angeles Sparks,Connecticut Sun,Erica Wheeler,,3PM,OVER,1.5,150,Fanatics,fanatics,player_threes_alternate,the-odds-api,2026-08-22T21:39:39.275008+00:00
2026-08-22,d2c4b90e59812d0ba7bb21319e5c25a6,Connecticut Sun @ Los Angeles Sparks,2026-08-23T01:00:00Z,Los Angeles Sparks,Connecticut Sun,Erica Wheeler,,3PM,OVER,2.5,425,Fanatics,fanatics,player_threes_alternate,the-odds-api,2026-08-22T21:39:39.275008+00:00
2026-08-22,d2c4b90e59812d0ba7bb21319e5c25a6,Connecticut Sun @ Los Angeles Sparks,2026-08-23T01:00:00Z,Los Angeles Sparks,Connecticut Sun,Erica Wheeler,,3PM,OVER,3.5,1100,Fanatics,fanatics,player_threes_alternate,the-odds-api,2026-08-22T21:39:39.275008+00:00
2026-08-22,d2c4b90e59812d0ba7bb21319e5c25a6,Connecticut Sun @ Los Angeles Sparks,2026-08-23T01:00:00Z,Los Angeles Sparks,Connecticut Sun,Kennedy Burke,,3PM,OVER,0.5,-325,Fanatics,fanatics,player_threes_alternate,the-odds-api,2026-08-22T21:39:39.275008+00:00
2026-08-22,d2c4b90e59812d0ba7bb21319e5c25a6,Connecticut Sun @ Los Angeles Sparks,2026-08-23T01:00:00Z,Los Angeles Sparks,Connecticut Sun,Kennedy Burke,,3PM,OVER,1.5,130,Fanatics,fanatics,player_threes_alternate,the-odds-api,2026-08-22T21:39:39.275008+00:00
2026-08-22,d2c4b90e59812d0ba7bb21319e5c25a6,Connecticut Sun @ Los Angeles Sparks,2026-08-23T01:00:00Z,Los Angeles Sparks,Connecticut Sun,Kennedy Burke,,3PM,OVER,2.5,350,Fanatics,fanatics,player_threes_alternate,the-odds-api,2026-08-22T21:39:39.275008+00:00
2026-08-22,d2c4b90e59812d0ba7bb21319e5c25a6,Connecticut Sun @ Los Angeles Sparks,2026-08-23T01:00:00Z,Los Angeles Sparks,Connecticut Sun,Kennedy Burke,,3PM,OVER,3.5,950,Fanatics,fanatics,player_threes_alternate,the-odds-api,2026-08-22T21:39:39.275008+00:00
2026-08-22,d2c4b90e59812d0ba7bb21319e5c25a6,Connecticut Sun @ Los Angeles Sparks,2026-08-23T01:00:00Z,Los Angeles Sparks,Connecticut Sun,Diamond Miller,,3PM,OVER,0.5,-350,Fanatics,fanatics,player_threes_alternate,the-odds-api,2026-08-22T21:39:39.275008+00:00
2026-08-22,d2c4b90e59812d0ba7bb21319e5c25a6,Connecticut Sun @ Los Angeles Sparks,2026-08-23T01:00:00Z,Los Angeles Sparks,Connecticut Sun,Diamond Miller,,3PM,OVER,1.5,130,Fanatics,fanatics,player_threes_alternate,the-odds-api,2026-08-22T21:39:39.275008+00:00
2026-08-22,d2c4b90e59812d0ba7bb21319e5c25a6,Connecticut Sun @ Los Angeles Sparks,2026-08-23T01:00:00Z,Los Angeles Sparks,Connecticut Sun,Diamond Miller,,3PM,OVER,2.5,350,Fanatics,fanatics,player_threes_alternate,the-odds-api,2026-08-22T21:39:39.275008+00:00
2026-08-22,d2c4b90e59812d0ba7bb21319e5c25a6,Connecticut Sun @ Los Angeles Sparks,2026-08-23T01:00:00Z,Los Angeles Sparks,Connecticut Sun,Diamond Miller,,3PM,OVER,3.5,900,Fanatics,fanatics,player_threes_alternate,the-odds-api,2026-08-22T21:39:39.275008+00:00
2026-08-22,d2c4b90e59812d0ba7bb21319e5c25a6,Connecticut Sun @ Los Angeles Sparks,2026-08-23T01:00:00Z,Los Angeles Sparks,Connecticut Sun,Charlisse Leger-Walker,,3PM,OVER,0.5,-300,Fanatics,fanatics,player_threes_alternate,the-odds-api,2026-08-22T21:39:39.275008+00:00
2026-08-22,d2c4b90e59812d0ba7bb21319e5c25a6,Connecticut Sun @ Los Angeles Sparks,2026-08-23T01:00:00Z,Los Angeles Sparks,Connecticut Sun,Charlisse Leger-Walker,,3PM,OVER,1.5,150,Fanatics,fanatics,player_threes_alternate,the-odds-api,2026-08-22T21:39:39.275008+00:00
2026-08-22,d2c4b90e59812d0ba7bb21319e5c25a6,Connecticut Sun @ Los Angeles Sparks,2026-08-23T01:00:00Z,Los Angeles Sparks,Connecticut Sun,Charlisse Leger-Walker,,3PM,OVER,2.5,425,Fanatics,fanatics,player_threes_alternate,the-odds-api,2026-08-22T21:39:39.275008+00:00
2026-08-22,d2c4b90e59812d0ba7bb21319e5c25a6,Connecticut Sun @ Los Angeles Sparks,2026-08-23T01:00:00Z,Los Angeles Sparks,Connecticut Sun,Charlisse Leger-Walker,,3PM,OVER,3.5,1100,Fanatics,fanatics,player_threes_alternate,the-odds-api,2026-08-22T21:39:39.275008+00:00
2026-08-22,d2c4b90e59812d0ba7bb21319e5c25a6,Connecticut Sun @ Los Angeles Sparks,2026-08-23T01:00:00Z,Los Angeles Sparks,Connecticut Sun,Leïla Lacan,,AST,OVER,7.5,400,FanDuel,fanduel,player_assists_alternate,the-odds-api,2026-08-22T21:39:39.275008+00:00
2026-08-22,d2c4b90e59812d0ba7bb21319e5c25a6,Connecticut Sun @ Los Angeles Sparks,2026-08-23T01:00:00Z,Los Angeles Sparks,Connecticut Sun,Erica Wheeler,,AST,OVER,7.5,750,FanDuel,fanduel,player_assists_alternate,the-odds-api,2026-08-22T21:39:39.275008+00:00
2026-08-22,d2c4b90e59812d0ba7bb21319e5c25a6,Connecticut Sun @ Los Angeles Sparks,2026-08-23T01:00:00Z,Los Angeles Sparks,Connecticut Sun,Charlisse Leger-Walker,,AST,OVER,7.5,920,FanDuel,fanduel,player_assists_alternate,the-odds-api,2026-08-22T21:39:39.275008+00:00
2026-08-22,d2c4b90e59812d0ba7bb21319e5c25a6,Connecticut Sun @ Los Angeles Sparks,2026-08-23T01:00:00Z,Los Angeles Sparks,Connecticut Sun,Leïla Lacan,,AST,OVER,3.5,-400,FanDuel,fanduel,player_assists_alternate,the-odds-api,2026-08-22T21:39:39.275008+00:00
2026-08-22,d2c4b90e59812d0ba7bb21319e5c25a6,Connecticut Sun @ Los Angeles Sparks,2026-08-23T01:00:00Z,Los Angeles Sparks,Connecticut Sun,Erica Wheeler,,AST,OVER,3.5,-225,FanDuel,fanduel,player_assists_alternate,the-odds-api,2026-08-22T21:39:39.275008+00:00
2026-08-22,d2c4b90e59812d0ba7bb21319e5c25a6,Connecticut Sun @ Los Angeles Sparks,2026-08-23T01:00:00Z,Los Angeles Sparks,Connecticut Sun,Charlisse Leger-Walker,,AST,OVER,3.5,-192,FanDuel,fanduel,player_assists_alternate,the-odds-api,2026-08-22T21:39:39.275008+00:00
2026-08-22,d2c4b90e59812d0ba7bb21319e5c25a6,Connecticut Sun @ Los Angeles Sparks,2026-08-23T01:00:00Z,Los Angeles Sparks,Connecticut Sun,Saniya Rivers,,AST,OVER,3.5,134,FanDuel,fanduel,player_assists_alternate,the-odds-api,2026-08-22T21:39:39.275008+00:00
2026-08-22,d2c4b90e59812d0ba7bb21319e5c25a6,Connecticut Sun @ Los Angeles Sparks,2026-08-23T01:00:00Z,Los Angeles Sparks,Connecticut Sun,Rae Burrell,,AST,OVER,3.5,205,FanDuel,fanduel,player_assists_alternate,the-odds-api,2026-08-22T21:39:39.275008+00:00
2026-08-22,d2c4b90e59812d0ba7bb21319e5c25a6,Connecticut Sun @ Los Angeles Sparks,2026-08-23T01:00:00Z,Los Angeles Sparks,Connecticut Sun,Ariel Atkins,,AST,OVER,3.5,220,FanDuel,fanduel,player_assists_alternate,the-odds-api,2026-08-22T21:39:39.275008+00:00
2026-08-22,d2c4b90e59812d0ba7bb21319e5c25a6,Connecticut Sun @ Los Angeles Sparks,2026-08-23T01:00:00Z,Los Angeles Sparks,Connecticut Sun,Nneka Ogwumike,,AST,OVER,3.5,240,FanDuel,fanduel,player_assists_alternate,the-odds-api,2026-08-22T21:39:39.275008+00:00
2026-08-22,d2c4b90e59812d0ba7bb21319e5c25a6,Connecticut Sun @ Los Angeles Sparks,2026-08-23T01:00:00Z,Los Angeles Sparks,Connecticut Sun,Dearica Hamby,,AST,OVER,3.5,270,FanDuel,fanduel,player_assists_alternate,the-odds-api,2026-08-22T21:39:39.275008+00:00
2026-08-22,d2c4b90e59812d0ba7bb21319e5c25a6,Connecticut Sun @ Los Angeles Sparks,2026-08-23T01:00:00Z,Los Angeles Sparks,Connecticut Sun,Diamond Miller,,AST,OVER,3.5,580,FanDuel,fanduel,player_assists_alternate,the-odds-api,2026-08-22T21:39:39.275008+00:00
2026-08-22,d2c4b90e59812d0ba7bb21319e5c25a6,Connecticut Sun @ Los Angeles Sparks,2026-08-23T01:00:00Z,Los Angeles Sparks,Connecticut Sun,Leïla Lacan,,AST,OVER,5.5,116,FanDuel,fanduel,player_assists_alternate,the-odds-api,2026-08-22T21:39:39.275008+00:00
2026-08-22,d2c4b90e59812d0ba7bb21319e5c25a6,Connecticut Sun @ Los Angeles Sparks,2026-08-23T01:00:00Z,Los Angeles Sparks,Connecticut Sun,Erica Wheeler,,AST,OVER,5.5,220,FanDuel,fanduel,player_assists_alternate,the-odds-api,2026-08-22T21:39:39.275008+00:00
2026-08-22,d2c4b90e59812d0ba7bb21319e5c25a6,Connecticut Sun @ Los Angeles Sparks,2026-08-23T01:00:00Z,Los Angeles Sparks,Connecticut Sun,Charlisse Leger-Walker,,AST,OVER,5.5,250,FanDuel,fanduel,player_assists_alternate,the-odds-api,2026-08-22T21:39:39.275008+00:00
2026-08-22,d2c4b90e59812d0ba7bb21319e5c25a6,Connecticut Sun @ Los Angeles Sparks,2026-08-23T01:00:00Z,Los Angeles Sparks,Connecticut Sun,Saniya Rivers,,AST,OVER,5.5,630,FanDuel,fanduel,player_assists_alternate,the-odds-api,2026-08-22T21:39:39.275008+00:00
2026-08-22,d2c4b90e59812d0ba7bb21319e5c25a6,Connecticut Sun @ Los Angeles Sparks,2026-08-23T01:00:00Z,Los Angeles Sparks,Connecticut Sun,Rae Burrell,,AST,OVER,5.5,920,FanDuel,fanduel,player_assists_alternate,the-odds-api,2026-08-22T21:39:39.275008+00:00
2026-08-22,d2c4b90e59812d0ba7bb21319e5c25a6,Connecticut Sun @ Los Angeles Sparks,2026-08-23T01:00:00Z,Los Angeles Sparks,Connecticut Sun,Leïla Lacan,,AST,OVER,9.5,1000,FanDuel,fanduel,player_assists_alternate,the-odds-api,2026-08-22T21:39:39.275008+00:00
2026-08-22,d2c4b90e59812d0ba7bb21319e5c25a6,Connecticut Sun @ Los Angeles Sparks,2026-08-23T01:00:00Z,Los Angeles Sparks,Connecticut Sun,Erica Wheeler,,AST,OVER,1.5,-3000,FanDuel,fanduel,player_assists_alternate,the-odds-api,2026-08-22T21:39:39.275008+00:00
2026-08-22,d2c4b90e59812d0ba7bb21319e5c25a6,Connecticut Sun @ Los Angeles Sparks,2026-08-23T01:00:00Z,Los Angeles Sparks,Connecticut Sun,Charlisse Leger-Walker,,AST,OVER,1.5,-2200,FanDuel,fanduel,player_assists_alternate,the-odds-api,2026-08-22T21:39:39.275008+00:00
2026-08-22,d2c4b90e59812d0ba7bb21319e5c25a6,Connecticut Sun @ Los Angeles Sparks,2026-08-23T01:00:00Z,Los Angeles Sparks,Connecticut Sun,Saniya Rivers,,AST,OVER,1.5,-600,FanDuel,fanduel,player_assists_alternate,the-odds-api,2026-08-22T21:39:39.275008+00:00
2026-08-22,d2c4b90e59812d0ba7bb21319e5c25a6,Connecticut Sun @ Los Angeles Sparks,2026-08-23T01:00:00Z,Los Angeles Sparks,Connecticut Sun,Rae Burrell,,AST,OVER,1.5,-420,FanDuel,fanduel,player_assists_alternate,the-odds-api,2026-08-22T21:39:39.275008+00:00
2026-08-22,d2c4b90e59812d0ba7bb21319e5c25a6,Connecticut Sun @ Los Angeles Sparks,2026-08-23T01:00:00Z,Los Angeles Sparks,Connecticut Sun,Ariel Atkins,,AST,OVER,1.5,-360,FanDuel,fanduel,player_assists_alternate,the-odds-api,2026-08-22T21:39:39.275008+00:00
2026-08-22,d2c4b90e59812d0ba7bb21319e5c25a6,Connecticut Sun @ Los Angeles Sparks,2026-08-23T01:00:00Z,Los Angeles Sparks,Connecticut Sun,Nneka Ogwumike,,AST,OVER,1.5,-330,FanDuel,fanduel,player_assists_alternate,the-odds-api,2026-08-22T21:39:39.275008+00:00
2026-08-22,d2c4b90e59812d0ba7bb21319e5c25a6,Connecticut Sun @ Los Angeles Sparks,2026-08-23T01:00:00Z,Los Angeles Sparks,Connecticut Sun,Dearica Hamby,,AST,OVER,1.5,-310,FanDuel,fanduel,player_assists_alternate,the-odds-api,2026-08-22T21:39:39.275008+00:00
2026-08-22,d2c4b90e59812d0ba7bb21319e5c25a6,Connecticut Sun @ Los Angeles Sparks,2026-08-23T01:00:00Z,Los Angeles Sparks,Connecticut Sun,Diamond Miller,,AST,OVER,1.5,-148,FanDuel,fanduel,player_assists_alternate,the-odds-api,2026-08-22T21:39:39.275008+00:00
2026-08-22,d2c4b90e59812d0ba7bb21319e5c25a6,Connecticut Sun @ Los Angeles Sparks,2026-08-23T01:00:00Z,Los Angeles Sparks,Connecticut Sun,Leïla Lacan,,PTS,OVER,9.5,-280,FanDuel,fanduel,player_points_alternate,the-odds-api,2026-08-22T21:39:39.275008+00:00
2026-08-22,d2c4b90e59812d0ba7bb21319e5c25a6,Connecticut Sun @ Los Angeles Sparks,2026-08-23T01:00:00Z,Los Angeles Sparks,Connecticut Sun,Olivia Nelson-Ododa,,PTS,OVER,9.5,-530,FanDuel,fanduel,player_points_alternate,the-odds-api,2026-08-22T21:39:39.275008+00:00
2026-08-22,d2c4b90e59812d0ba7bb21319e5c25a6,Connecticut Sun @ Los Angeles Sparks,2026-08-23T01:00:00Z,Los Angeles Sparks,Connecticut Sun,Diamond Miller,,PTS,OVER,9.5,-220,FanDuel,fanduel,player_points_alternate,the-odds-api,2026-08-22T21:39:39.275008+00:00
2026-08-22,d2c4b90e59812d0ba7bb21319e5c25a6,Connecticut Sun @ Los Angeles Sparks,2026-08-23T01:00:00Z,Los Angeles Sparks,Connecticut Sun,Kennedy Burke,,PTS,OVER,9.5,-114,FanDuel,fanduel,player_points_alternate,the-odds-api,2026-08-22T21:39:39.275008+00:00
2026-08-22,d2c4b90e59812d0ba7bb21319e5c25a6,Connecticut Sun @ Los Angeles Sparks,2026-08-23T01:00:00Z,Los Angeles Sparks,Connecticut Sun,Charlisse Leger-Walker,,PTS,OVER,9.5,114,FanDuel,fanduel,player_points_alternate,the-odds-api,2026-08-22T21:39:39.275008+00:00
2026-08-22,d2c4b90e59812d0ba7bb21319e5c25a6,Connecticut Sun @ Los Angeles Sparks,2026-08-23T01:00:00Z,Los Angeles Sparks,Connecticut Sun,Saniya Rivers,,PTS,OVER,9.5,162,FanDuel,fanduel,player_points_alternate,the-odds-api,2026-08-22T21:39:39.275008+00:00
2026-08-22,d2c4b90e59812d0ba7bb21319e5c25a6,Connecticut Sun @ Los Angeles Sparks,2026-08-23T01:00:00Z,Los Angeles Sparks,Connecticut Sun,Raegan Beers,,PTS,OVER,9.5,940,FanDuel,fanduel,player_points_alternate,the-odds-api,2026-08-22T21:39:39.275008+00:00
2026-08-22,d2c4b90e59812d0ba7bb21319e5c25a6,Connecticut Sun @ Los Angeles Sparks,2026-08-23T01:00:00Z,Los Angeles Sparks,Connecticut Sun,Dearica Hamby,,PTS,OVER,9.5,-580,FanDuel,fanduel,player_points_alternate,the-odds-api,2026-08-22T21:39:39.275008+00:00
2026-08-22,d2c4b90e59812d0ba7bb21319e5c25a6,Connecticut Sun @ Los Angeles Sparks,2026-08-23T01:00:00Z,Los Angeles Sparks,Connecticut Sun,Nneka Ogwumike,,PTS,OVER,9.5,-620,FanDuel,fanduel,player_points_alternate,the-odds-api,2026-08-22T21:39:39.275008+00:00
2026-08-22,d2c4b90e59812d0ba7bb21319e5c25a6,Connecticut Sun @ Los Angeles Sparks,2026-08-23T01:00:00Z,Los Angeles Sparks,Connecticut Sun,Rae Burrell,,PTS,OVER,9.5,-620,FanDuel,fanduel,player_points_alternate,the-odds-api,2026-08-22T21:39:39.275008+00:00
2026-08-22,d2c4b90e59812d0ba7bb21319e5c25a6,Connecticut Sun @ Los Angeles Sparks,2026-08-23T01:00:00Z,Los Angeles Sparks,Connecticut Sun,Ariel Atkins,,PTS,OVER,9.5,128,FanDuel,fanduel,player_points_alternate,the-odds-api,2026-08-22T21:39:39.275008+00:00
2026-08-22,d2c4b90e59812d0ba7bb21319e5c25a6,Connecticut Sun @ Los Angeles Sparks,2026-08-23T01:00:00Z,Los Angeles Sparks,Connecticut Sun,Erica Wheeler,,PTS,OVER,9.5,138,FanDuel,fanduel,player_points_alternate,the-odds-api,2026-08-22T21:39:39.275008+00:00
2026-08-22,d2c4b90e59812d0ba7bb21319e5c25a6,Connecticut Sun @ Los Angeles Sparks,2026-08-23T01:00:00Z,Los Angeles Sparks,Connecticut Sun,Cameron Brink,,PTS,OVER,9.5,-156,FanDuel,fanduel,player_points_alternate,the-odds-api,2026-08-22T21:39:39.275008+00:00
2026-08-22,d2c4b90e59812d0ba7bb21319e5c25a6,Connecticut Sun @ Los Angeles Sparks,2026-08-23T01:00:00Z,Los Angeles Sparks,Connecticut Sun,Monique Akoa Makani,,PTS,OVER,9.5,260,FanDuel,fanduel,player_points_alternate,the-odds-api,2026-08-22T21:39:39.275008+00:00
2026-08-22,d2c4b90e59812d0ba7bb21319e5c25a6,Connecticut Sun @ Los Angeles Sparks,2026-08-23T01:00:00Z,Los Angeles Sparks,Connecticut Sun,Leïla Lacan,,PTS,OVER,14.5,175,FanDuel,fanduel,player_points_alternate,the-odds-api,2026-08-22T21:39:39.275008+00:00
2026-08-22,d2c4b90e59812d0ba7bb21319e5c25a6,Connecticut Sun @ Los Angeles Sparks,2026-08-23T01:00:00Z,Los Angeles Sparks,Connecticut Sun,Olivia Nelson-Ododa,,PTS,OVER,14.5,-106,FanDuel,fanduel,player_points_alternate,the-odds-api,2026-08-22T21:39:39.275008+00:00
2026-08-22,d2c4b90e59812d0ba7bb21319e5c25a6,Connecticut Sun @ Los Angeles Sparks,2026-08-23T01:00:00Z,Los Angeles Sparks,Connecticut Sun,Diamond Miller,,PTS,OVER,14.5,195,FanDuel,fanduel,player_points_alternate,the-odds-api,2026-08-22T21:39:39.275008+00:00
2026-08-22,d2c4b90e59812d0ba7bb21319e5c25a6,Connecticut Sun @ Los Angeles Sparks,2026-08-23T01:00:00Z,Los Angeles Sparks,Connecticut Sun,Kennedy Burke,,PTS,OVER,14.5,375,FanDuel,fanduel,player_points_alternate,the-odds-api,2026-08-22T21:39:39.275008+00:00
2026-08-22,d2c4b90e59812d0ba7bb21319e5c25a6,Connecticut Sun @ Los Angeles Sparks,2026-08-23T01:00:00Z,Los Angeles Sparks,Connecticut Sun,Charlisse Leger-Walker,,PTS,OVER,14.5,500,FanDuel,fanduel,player_points_alternate,the-odds-api,2026-08-22T21:39:39.275008+00:00
2026-08-22,d2c4b90e59812d0ba7bb21319e5c25a6,Connecticut Sun @ Los Angeles Sparks,2026-08-23T01:00:00Z,Los Angeles Sparks,Connecticut Sun,Saniya Rivers,,PTS,OVER,14.5,680,FanDuel,fanduel,player_points_alternate,the-odds-api,2026-08-22T21:39:39.275008+00:00
2026-08-22,d2c4b90e59812d0ba7bb21319e5c25a6,Connecticut Sun @ Los Angeles Sparks,2026-08-23T01:00:00Z,Los Angeles Sparks,Connecticut Sun,Dearica Hamby,,PTS,OVER,14.5,-114,FanDuel,fanduel,player_points_alternate,the-odds-api,2026-08-22T21:39:39.275008+00:00
2026-08-22,d2c4b90e59812d0ba7bb21319e5c25a6,Connecticut Sun @ Los Angeles Sparks,2026-08-23T01:00:00Z,Los Angeles Sparks,Connecticut Sun,Nneka Ogwumike,,PTS,OVER,14.5,-128,FanDuel,fanduel,player_points_alternate,the-odds-api,2026-08-22T21:39:39.275008+00:00
2026-08-22,d2c4b90e59812d0ba7bb21319e5c25a6,Connecticut Sun @ Los Angeles Sparks,2026-08-23T01:00:00Z,Los Angeles Sparks,Connecticut Sun,Rae Burrell,,PTS,OVER,14.5,-130,FanDuel,fanduel,player_points_alternate,the-odds-api,2026-08-22T21:39:39.275008+00:00
2026-08-22,d2c4b90e59812d0ba7bb21319e5c25a6,Connecticut Sun @ Los Angeles Sparks,2026-08-23T01:00:00Z,Los Angeles Sparks,Connecticut Sun,Ariel Atkins,,PTS,OVER,14.5,600,FanDuel,fanduel,player_points_alternate,the-odds-api,2026-08-22T21:39:39.275008+00:00
2026-08-22,d2c4b90e59812d0ba7bb21319e5c25a6,Connecticut Sun @ Los Angeles Sparks,2026-08-23T01:00:00Z,Los Angeles Sparks,Connecticut Sun,Erica Wheeler,,PTS,OVER,14.5,630,FanDuel,fanduel,player_points_alternate,the-odds-api,2026-08-22T21:39:39.275008+00:00
2026-08-22,d2c4b90e59812d0ba7bb21319e5c25a6,Connecticut Sun @ Los Angeles Sparks,2026-08-23T01:00:00Z,Los Angeles Sparks,Connecticut Sun,Cameron Brink,,PTS,OVER,14.5,255,FanDuel,fanduel,player_points_alternate,the-odds-api,2026-08-22T21:39:39.275008+00:00
2026-08-22,d2c4b90e59812d0ba7bb21319e5c25a6,Connecticut Sun @ Los Angeles Sparks,2026-08-23T01:00:00Z,Los Angeles Sparks,Connecticut Sun,Dearica Hamby,,PTS,OVER,29.5,2800,FanDuel,fanduel,player_points_alternate,the-odds-api,2026-08-22T21:39:39.275008+00:00
2026-08-22,d2c4b90e59812d0ba7bb21319e5c25a6,Connecticut Sun @ Los Angeles Sparks,2026-08-23T01:00:00Z,Los Angeles Sparks,Connecticut Sun,Nneka Ogwumike,,PTS,OVER,29.5,2200,FanDuel,fanduel,player_points_alternate,the-odds-api,2026-08-22T21:39:39.275008+00:00
2026-08-22,d2c4b90e59812d0ba7bb21319e5c25a6,Connecticut Sun @ Los Angeles Sparks,2026-08-23T01:00:00Z,Los Angeles Sparks,Connecticut Sun,Rae Burrell,,PTS,OVER,29.5,2200,FanDuel,fanduel,player_points_alternate,the-odds-api,2026-08-22T21:39:39.275008+00:00
2026-08-22,d2c4b90e59812d0ba7bb21319e5c25a6,Connecticut Sun @ Los Angeles Sparks,2026-08-23T01:00:00Z,Los Angeles Sparks,Connecticut Sun,Olivia Nelson-Ododa,,PTS,OVER,24.5,1020,FanDuel,fanduel,player_points_alternate,the-odds-api,2026-08-22T21:39:39.275008+00:00
2026-08-22,d2c4b90e59812d0ba7bb21319e5c25a6,Connecticut Sun @ Los Angeles Sparks,2026-08-23T01:00:00Z,Los Angeles Sparks,Connecticut Sun,Dearica Hamby,,PTS,OVER,24.5,940,FanDuel,fanduel,player_points_alternate,the-odds-api,2026-08-22T21:39:39.275008+00:00
2026-08-22,d2c4b90e59812d0ba7bb21319e5c25a6,Connecticut Sun @ Los Angeles Sparks,2026-08-23T01:00:00Z,Los Angeles Sparks,Connecticut Sun,Nneka Ogwumike,,PTS,OVER,24.5,830,FanDuel,fanduel,player_points_alternate,the-odds-api,2026-08-22T21:39:39.275008+00:00
2026-08-22,d2c4b90e59812d0ba7bb21319e5c25a6,Connecticut Sun @ Los Angeles Sparks,2026-08-23T01:00:00Z,Los Angeles Sparks,Connecticut Sun,Rae Burrell,,PTS,OVER,24.5,790,FanDuel,fanduel,player_points_alternate,the-odds-api,2026-08-22T21:39:39.275008+00:00
2026-08-22,d2c4b90e59812d0ba7bb21319e5c25a6,Connecticut Sun @ Los Angeles Sparks,2026-08-23T01:00:00Z,Los Angeles Sparks,Connecticut Sun,Leïla Lacan,,PTS,OVER,19.5,630,FanDuel,fanduel,player_points_alternate,the-odds-api,2026-08-22T21:39:39.275008+00:00
2026-08-22,d2c4b90e59812d0ba7bb21319e5c25a6,Connecticut Sun @ Los Angeles Sparks,2026-08-23T01:00:00Z,Los Angeles Sparks,Connecticut Sun,Olivia Nelson-Ododa,,PTS,OVER,19.5,330,FanDuel,fanduel,player_points_alternate,the-odds-api,2026-08-22T21:39:39.275008+00:00
2026-08-22,d2c4b90e59812d0ba7bb21319e5c25a6,Connecticut Sun @ Los Angeles Sparks,2026-08-23T01:00:00Z,Los Angeles Sparks,Connecticut Sun,Diamond Miller,,PTS,OVER,19.5,710,FanDuel,fanduel,player_points_alternate,the-odds-api,2026-08-22T21:39:39.275008+00:00
2026-08-22,d2c4b90e59812d0ba7bb21319e5c25a6,Connecticut Sun @ Los Angeles Sparks,2026-08-23T01:00:00Z,Los Angeles Sparks,Connecticut Sun,Kennedy Burke,,PTS,OVER,19.5,1300,FanDuel,fanduel,player_points_alternate,the-odds-api,2026-08-22T21:39:39.275008+00:00
2026-08-22,d2c4b90e59812d0ba7bb21319e5c25a6,Connecticut Sun @ Los Angeles Sparks,2026-08-23T01:00:00Z,Los Angeles Sparks,Connecticut Sun,Dearica Hamby,,PTS,OVER,19.5,320,FanDuel,fanduel,player_points_alternate,the-odds-api,2026-08-22T21:39:39.275008+00:00
2026-08-22,d2c4b90e59812d0ba7bb21319e5c25a6,Connecticut Sun @ Los Angeles Sparks,2026-08-23T01:00:00Z,Los Angeles Sparks,Connecticut Sun,Nneka Ogwumike,,PTS,OVER,19.5,275,FanDuel,fanduel,player_points_alternate,the-odds-api,2026-08-22T21:39:39.275008+00:00
2026-08-22,d2c4b90e59812d0ba7bb21319e5c25a6,Connecticut Sun @ Los Angeles Sparks,2026-08-23T01:00:00Z,Los Angeles Sparks,Connecticut Sun,Rae Burrell,,PTS,OVER,19.5,265,FanDuel,fanduel,player_points_alternate,the-odds-api,2026-08-22T21:39:39.275008+00:00
2026-08-22,d2c4b90e59812d0ba7bb21319e5c25a6,Connecticut Sun @ Los Angeles Sparks,2026-08-23T01:00:00Z,Los Angeles Sparks,Connecticut Sun,Cameron Brink,,PTS,OVER,19.5,830,FanDuel,fanduel,player_points_alternate,the-odds-api,2026-08-22T21:39:39.275008+00:00
2026-08-22,d2c4b90e59812d0ba7bb21319e5c25a6,Connecticut Sun @ Los Angeles Sparks,2026-08-23T01:00:00Z,Los Angeles Sparks,Connecticut Sun,Olivia Nelson-Ododa,,REB,OVER,5.5,-900,FanDuel,fanduel,player_rebounds_alternate,the-odds-api,2026-08-22T21:39:39.275008+00:00
2026-08-22,d2c4b90e59812d0ba7bb21319e5c25a6,Connecticut Sun @ Los Angeles Sparks,2026-08-23T01:00:00Z,Los Angeles Sparks,Connecticut Sun,Nneka Ogwumike,,REB,OVER,5.5,-360,FanDuel,fanduel,player_rebounds_alternate,the-odds-api,2026-08-22T21:39:39.275008+00:00
2026-08-22,d2c4b90e59812d0ba7bb21319e5c25a6,Connecticut Sun @ Los Angeles Sparks,2026-08-23T01:00:00Z,Los Angeles Sparks,Connecticut Sun,Dearica Hamby,,REB,OVER,5.5,-245,FanDuel,fanduel,player_rebounds_alternate,the-odds-api,2026-08-22T21:39:39.275008+00:00
2026-08-22,d2c4b90e59812d0ba7bb21319e5c25a6,Connecticut Sun @ Los Angeles Sparks,2026-08-23T01:00:00Z,Los Angeles Sparks,Connecticut Sun,Cameron Brink,,REB,OVER,5.5,-158,FanDuel,fanduel,player_rebounds_alternate,the-odds-api,2026-08-22T21:39:39.275008+00:00
2026-08-22,d2c4b90e59812d0ba7bb21319e5c25a6,Connecticut Sun @ Los Angeles Sparks,2026-08-23T01:00:00Z,Los Angeles Sparks,Connecticut Sun,Diamond Miller,,REB,OVER,5.5,430,FanDuel,fanduel,player_rebounds_alternate,the-odds-api,2026-08-22T21:39:39.275008+00:00
2026-08-22,d2c4b90e59812d0ba7bb21319e5c25a6,Connecticut Sun @ Los Angeles Sparks,2026-08-23T01:00:00Z,Los Angeles Sparks,Connecticut Sun,Kennedy Burke,,REB,OVER,5.5,490,FanDuel,fanduel,player_rebounds_alternate,the-odds-api,2026-08-22T21:39:39.275008+00:00
2026-08-22,d2c4b90e59812d0ba7bb21319e5c25a6,Connecticut Sun @ Los Angeles Sparks,2026-08-23T01:00:00Z,Los Angeles Sparks,Connecticut Sun,Charlisse Leger-Walker,,REB,OVER,5.5,520,FanDuel,fanduel,player_rebounds_alternate,the-odds-api,2026-08-22T21:39:39.275008+00:00
2026-08-22,d2c4b90e59812d0ba7bb21319e5c25a6,Connecticut Sun @ Los Angeles Sparks,2026-08-23T01:00:00Z,Los Angeles Sparks,Connecticut Sun,Saniya Rivers,,REB,OVER,5.5,630,FanDuel,fanduel,player_rebounds_alternate,the-odds-api,2026-08-22T21:39:39.275008+00:00
2026-08-22,d2c4b90e59812d0ba7bb21319e5c25a6,Connecticut Sun @ Los Angeles Sparks,2026-08-23T01:00:00Z,Los Angeles Sparks,Connecticut Sun,Rae Burrell,,REB,OVER,5.5,920,FanDuel,fanduel,player_rebounds_alternate,the-odds-api,2026-08-22T21:39:39.275008+00:00
2026-08-22,d2c4b90e59812d0ba7bb21319e5c25a6,Connecticut Sun @ Los Angeles Sparks,2026-08-23T01:00:00Z,Los Angeles Sparks,Connecticut Sun,Olivia Nelson-Ododa,,REB,OVER,7.5,-230,FanDuel,fanduel,player_rebounds_alternate,the-odds-api,2026-08-22T21:39:39.275008+00:00
2026-08-22,d2c4b90e59812d0ba7bb21319e5c25a6,Connecticut Sun @ Los Angeles Sparks,2026-08-23T01:00:00Z,Los Angeles Sparks,Connecticut Sun,Nneka Ogwumike,,REB,OVER,7.5,-104,FanDuel,fanduel,player_rebounds_alternate,the-odds-api,2026-08-22T21:39:39.275008+00:00
2026-08-22,d2c4b90e59812d0ba7bb21319e5c25a6,Connecticut Sun @ Los Angeles Sparks,2026-08-23T01:00:00Z,Los Angeles Sparks,Connecticut Sun,Dearica Hamby,,REB,OVER,7.5,142,FanDuel,fanduel,player_rebounds_alternate,the-odds-api,2026-08-22T21:39:39.275008+00:00
2026-08-22,d2c4b90e59812d0ba7bb21319e5c25a6,Connecticut Sun @ Los Angeles Sparks,2026-08-23T01:00:00Z,Los Angeles Sparks,Connecticut Sun,Cameron Brink,,REB,OVER,7.5,200,FanDuel,fanduel,player_rebounds_alternate,the-odds-api,2026-08-22T21:39:39.275008+00:00
2026-08-22,d2c4b90e59812d0ba7bb21319e5c25a6,Connecticut Sun @ Los Angeles Sparks,2026-08-23T01:00:00Z,Los Angeles Sparks,Connecticut Sun,Olivia Nelson-Ododa,,REB,OVER,11.5,280,FanDuel,fanduel,player_rebounds_alternate,the-odds-api,2026-08-22T21:39:39.275008+00:00
2026-08-22,d2c4b90e59812d0ba7bb21319e5c25a6,Connecticut Sun @ Los Angeles Sparks,2026-08-23T01:00:00Z,Los Angeles Sparks,Connecticut Sun,Nneka Ogwumike,,REB,OVER,11.5,630,FanDuel,fanduel,player_rebounds_alternate,the-odds-api,2026-08-22T21:39:39.275008+00:00
2026-08-22,d2c4b90e59812d0ba7bb21319e5c25a6,Connecticut Sun @ Los Angeles Sparks,2026-08-23T01:00:00Z,Los Angeles Sparks,Connecticut Sun,Dearica Hamby,,REB,OVER,11.5,880,FanDuel,fanduel,player_rebounds_alternate,the-odds-api,2026-08-22T21:39:39.275008+00:00
2026-08-22,d2c4b90e59812d0ba7bb21319e5c25a6,Connecticut Sun @ Los Angeles Sparks,2026-08-23T01:00:00Z,Los Angeles Sparks,Connecticut Sun,Cameron Brink,,REB,OVER,11.5,1200,FanDuel,fanduel,player_rebounds_alternate,the-odds-api,2026-08-22T21:39:39.275008+00:00
2026-08-22,d2c4b90e59812d0ba7bb21319e5c25a6,Connecticut Sun @ Los Angeles Sparks,2026-08-23T01:00:00Z,Los Angeles Sparks,Connecticut Sun,Olivia Nelson-Ododa,,REB,OVER,9.5,108,FanDuel,fanduel,player_rebounds_alternate,the-odds-api,2026-08-22T21:39:39.275008+00:00
2026-08-22,d2c4b90e59812d0ba7bb21319e5c25a6,Connecticut Sun @ Los Angeles Sparks,2026-08-23T01:00:00Z,Los Angeles Sparks,Connecticut Sun,Nneka Ogwumike,,REB,OVER,9.5,230,FanDuel,fanduel,player_rebounds_alternate,the-odds-api,2026-08-22T21:39:39.275008+00:00
2026-08-22,d2c4b90e59812d0ba7bb21319e5c25a6,Connecticut Sun @ Los Angeles Sparks,2026-08-23T01:00:00Z,Los Angeles Sparks,Connecticut Sun,Dearica Hamby,,REB,OVER,9.5,320,FanDuel,fanduel,player_rebounds_alternate,the-odds-api,2026-08-22T21:39:39.275008+00:00
2026-08-22,d2c4b90e59812d0ba7bb21319e5c25a6,Connecticut Sun @ Los Angeles Sparks,2026-08-23T01:00:00Z,Los Angeles Sparks,Connecticut Sun,Cameron Brink,,REB,OVER,9.5,490,FanDuel,fanduel,player_rebounds_alternate,the-odds-api,2026-08-22T21:39:39.275008+00:00
2026-08-22,d2c4b90e59812d0ba7bb21319e5c25a6,Connecticut Sun @ Los Angeles Sparks,2026-08-23T01:00:00Z,Los Angeles Sparks,Connecticut Sun,Olivia Nelson-Ododa,,REB,OVER,13.5,640,FanDuel,fanduel,player_rebounds_alternate,the-odds-api,2026-08-22T21:39:39.275008+00:00
2026-08-22,d2c4b90e59812d0ba7bb21319e5c25a6,Connecticut Sun @ Los Angeles Sparks,2026-08-23T01:00:00Z,Los Angeles Sparks,Connecticut Sun,Nneka Ogwumike,,REB,OVER,13.5,1280,FanDuel,fanduel,player_rebounds_alternate,the-odds-api,2026-08-22T21:39:39.275008+00:00
2026-08-22,d2c4b90e59812d0ba7bb21319e5c25a6,Connecticut Sun @ Los Angeles Sparks,2026-08-23T01:00:00Z,Los Angeles Sparks,Connecticut Sun,Dearica Hamby,,REB,OVER,13.5,2000,FanDuel,fanduel,player_rebounds_alternate,the-odds-api,2026-08-22T21:39:39.275008+00:00
2026-08-22,d2c4b90e59812d0ba7bb21319e5c25a6,Connecticut Sun @ Los Angeles Sparks,2026-08-23T01:00:00Z,Los Angeles Sparks,Connecticut Sun,Olivia Nelson-Ododa,,REB,OVER,15.5,1280,FanDuel,fanduel,player_rebounds_alternate,the-odds-api,2026-08-22T21:39:39.275008+00:00
2026-08-22,d2c4b90e59812d0ba7bb21319e5c25a6,Connecticut Sun @ Los Angeles Sparks,2026-08-23T01:00:00Z,Los Angeles Sparks,Connecticut Sun,Nneka Ogwumike,,REB,OVER,3.5,-3000,FanDuel,fanduel,player_rebounds_alternate,the-odds-api,2026-08-22T21:39:39.275008+00:00
2026-08-22,d2c4b90e59812d0ba7bb21319e5c25a6,Connecticut Sun @ Los Angeles Sparks,2026-08-23T01:00:00Z,Los Angeles Sparks,Connecticut Sun,Dearica Hamby,,REB,OVER,3.5,-1400,FanDuel,fanduel,player_rebounds_alternate,the-odds-api,2026-08-22T21:39:39.275008+00:00
2026-08-22,d2c4b90e59812d0ba7bb21319e5c25a6,Connecticut Sun @ Los Angeles Sparks,2026-08-23T01:00:00Z,Los Angeles Sparks,Connecticut Sun,Cameron Brink,,REB,OVER,3.5,-670,FanDuel,fanduel,player_rebounds_alternate,the-odds-api,2026-08-22T21:39:39.275008+00:00
2026-08-22,d2c4b90e59812d0ba7bb21319e5c25a6,Connecticut Sun @ Los Angeles Sparks,2026-08-23T01:00:00Z,Los Angeles Sparks,Connecticut Sun,Diamond Miller,,REB,OVER,3.5,100,FanDuel,fanduel,player_rebounds_alternate,the-odds-api,2026-08-22T21:39:39.275008+00:00
2026-08-22,d2c4b90e59812d0ba7bb21319e5c25a6,Connecticut Sun @ Los Angeles Sparks,2026-08-23T01:00:00Z,Los Angeles Sparks,Connecticut Sun,Kennedy Burke,,REB,OVER,3.5,108,FanDuel,fanduel,player_rebounds_alternate,the-odds-api,2026-08-22T21:39:39.275008+00:00
2026-08-22,d2c4b90e59812d0ba7bb21319e5c25a6,Connecticut Sun @ Los Angeles Sparks,2026-08-23T01:00:00Z,Los Angeles Sparks,Connecticut Sun,Charlisse Leger-Walker,,REB,OVER,3.5,110,FanDuel,fanduel,player_rebounds_alternate,the-odds-api,2026-08-22T21:39:39.275008+00:00
2026-08-22,d2c4b90e59812d0ba7bb21319e5c25a6,Connecticut Sun @ Los Angeles Sparks,2026-08-23T01:00:00Z,Los Angeles Sparks,Connecticut Sun,Saniya Rivers,,REB,OVER,3.5,136,FanDuel,fanduel,player_rebounds_alternate,the-odds-api,2026-08-22T21:39:39.275008+00:00
2026-08-22,d2c4b90e59812d0ba7bb21319e5c25a6,Connecticut Sun @ Los Angeles Sparks,2026-08-23T01:00:00Z,Los Angeles Sparks,Connecticut Sun,Rae Burrell,,REB,OVER,3.5,220,FanDuel,fanduel,player_rebounds_alternate,the-odds-api,2026-08-22T21:39:39.275008+00:00
2026-08-22,d2c4b90e59812d0ba7bb21319e5c25a6,Connecticut Sun @ Los Angeles Sparks,2026-08-23T01:00:00Z,Los Angeles Sparks,Connecticut Sun,Leïla Lacan,,REB,OVER,3.5,235,FanDuel,fanduel,player_rebounds_alternate,the-odds-api,2026-08-22T21:39:39.275008+00:00
2026-08-22,d2c4b90e59812d0ba7bb21319e5c25a6,Connecticut Sun @ Los Angeles Sparks,2026-08-23T01:00:00Z,Los Angeles Sparks,Connecticut Sun,Ariel Atkins,,REB,OVER,3.5,280,FanDuel,fanduel,player_rebounds_alternate,the-odds-api,2026-08-22T21:39:39.275008+00:00
2026-08-22,d2c4b90e59812d0ba7bb21319e5c25a6,Connecticut Sun @ Los Angeles Sparks,2026-08-23T01:00:00Z,Los Angeles Sparks,Connecticut Sun,Rae Burrell,,3PM,OVER,0.5,-1400,FanDuel,fanduel,player_threes_alternate,the-odds-api,2026-08-22T21:39:39.275008+00:00
2026-08-22,d2c4b90e59812d0ba7bb21319e5c25a6,Connecticut Sun @ Los Angeles Sparks,2026-08-23T01:00:00Z,Los Angeles Sparks,Connecticut Sun,Kennedy Burke,,3PM,OVER,0.5,-420,FanDuel,fanduel,player_threes_alternate,the-odds-api,2026-08-22T21:39:39.275008+00:00
2026-08-22,d2c4b90e59812d0ba7bb21319e5c25a6,Connecticut Sun @ Los Angeles Sparks,2026-08-23T01:00:00Z,Los Angeles Sparks,Connecticut Sun,Diamond Miller,,3PM,OVER,0.5,-400,FanDuel,fanduel,player_threes_alternate,the-odds-api,2026-08-22T21:39:39.275008+00:00
2026-08-22,d2c4b90e59812d0ba7bb21319e5c25a6,Connecticut Sun @ Los Angeles Sparks,2026-08-23T01:00:00Z,Los Angeles Sparks,Connecticut Sun,Nneka Ogwumike,,3PM,OVER,0.5,-350,FanDuel,fanduel,player_threes_alternate,the-odds-api,2026-08-22T21:39:39.275008+00:00
2026-08-22,d2c4b90e59812d0ba7bb21319e5c25a6,Connecticut Sun @ Los Angeles Sparks,2026-08-23T01:00:00Z,Los Angeles Sparks,Connecticut Sun,Erica Wheeler,,3PM,OVER,0.5,-340,FanDuel,fanduel,player_threes_alternate,the-odds-api,2026-08-22T21:39:39.275008+00:00
2026-08-22,d2c4b90e59812d0ba7bb21319e5c25a6,Connecticut Sun @ Los Angeles Sparks,2026-08-23T01:00:00Z,Los Angeles Sparks,Connecticut Sun,Ariel Atkins,,3PM,OVER,0.5,-320,FanDuel,fanduel,player_threes_alternate,the-odds-api,2026-08-22T21:39:39.275008+00:00
2026-08-22,d2c4b90e59812d0ba7bb21319e5c25a6,Connecticut Sun @ Los Angeles Sparks,2026-08-23T01:00:00Z,Los Angeles Sparks,Connecticut Sun,Charlisse Leger-Walker,,3PM,OVER,0.5,-320,FanDuel,fanduel,player_threes_alternate,the-odds-api,2026-08-22T21:39:39.275008+00:00
2026-08-22,d2c4b90e59812d0ba7bb21319e5c25a6,Connecticut Sun @ Los Angeles Sparks,2026-08-23T01:00:00Z,Los Angeles Sparks,Connecticut Sun,Rae Burrell,,3PM,OVER,2.5,148,FanDuel,fanduel,player_threes_alternate,the-odds-api,2026-08-22T21:39:39.275008+00:00
2026-08-22,d2c4b90e59812d0ba7bb21319e5c25a6,Connecticut Sun @ Los Angeles Sparks,2026-08-23T01:00:00Z,Los Angeles Sparks,Connecticut Sun,Diamond Miller,,3PM,OVER,2.5,370,FanDuel,fanduel,player_threes_alternate,the-odds-api,2026-08-22T21:39:39.275008+00:00
2026-08-22,d2c4b90e59812d0ba7bb21319e5c25a6,Connecticut Sun @ Los Angeles Sparks,2026-08-23T01:00:00Z,Los Angeles Sparks,Connecticut Sun,Kennedy Burke,,3PM,OVER,2.5,390,FanDuel,fanduel,player_threes_alternate,the-odds-api,2026-08-22T21:39:39.275008+00:00
2026-08-22,d2c4b90e59812d0ba7bb21319e5c25a6,Connecticut Sun @ Los Angeles Sparks,2026-08-23T01:00:00Z,Los Angeles Sparks,Connecticut Sun,Nneka Ogwumike,,3PM,OVER,2.5,430,FanDuel,fanduel,player_threes_alternate,the-odds-api,2026-08-22T21:39:39.275008+00:00
2026-08-22,d2c4b90e59812d0ba7bb21319e5c25a6,Connecticut Sun @ Los Angeles Sparks,2026-08-23T01:00:00Z,Los Angeles Sparks,Connecticut Sun,Ariel Atkins,,3PM,OVER,2.5,470,FanDuel,fanduel,player_threes_alternate,the-odds-api,2026-08-22T21:39:39.275008+00:00
2026-08-22,d2c4b90e59812d0ba7bb21319e5c25a6,Connecticut Sun @ Los Angeles Sparks,2026-08-23T01:00:00Z,Los Angeles Sparks,Connecticut Sun,Erica Wheeler,,3PM,OVER,2.5,490,FanDuel,fanduel,player_threes_alternate,the-odds-api,2026-08-22T21:39:39.275008+00:00
2026-08-22,d2c4b90e59812d0ba7bb21319e5c25a6,Connecticut Sun @ Los Angeles Sparks,2026-08-23T01:00:00Z,Los Angeles Sparks,Connecticut Sun,Charlisse Leger-Walker,,3PM,OVER,2.5,490,FanDuel,fanduel,player_threes_alternate,the-odds-api,2026-08-22T21:39:39.275008+00:00
2026-08-22,d2c4b90e59812d0ba7bb21319e5c25a6,Connecticut Sun @ Los Angeles Sparks,2026-08-23T01:00:00Z,Los Angeles Sparks,Connecticut Sun,Rae Burrell,,3PM,OVER,3.5,370,FanDuel,fanduel,player_threes_alternate,the-odds-api,2026-08-22T21:39:39.275008+00:00
2026-08-22,d2c4b90e59812d0ba7bb21319e5c25a6,Connecticut Sun @ Los Angeles Sparks,2026-08-23T01:00:00Z,Los Angeles Sparks,Connecticut Sun,Diamond Miller,,3PM,OVER,3.5,920,FanDuel,fanduel,player_threes_alternate,the-odds-api,2026-08-22T21:39:39.275008+00:00
2026-08-22,d2c4b90e59812d0ba7bb21319e5c25a6,Connecticut Sun @ Los Angeles Sparks,2026-08-23T01:00:00Z,Los Angeles Sparks,Connecticut Sun,Kennedy Burke,,3PM,OVER,3.5,920,FanDuel,fanduel,player_threes_alternate,the-odds-api,2026-08-22T21:39:39.275008+00:00
2026-08-22,d2c4b90e59812d0ba7bb21319e5c25a6,Connecticut Sun @ Los Angeles Sparks,2026-08-23T01:00:00Z,Los Angeles Sparks,Connecticut Sun,Nneka Ogwumike,,3PM,OVER,3.5,1200,FanDuel,fanduel,player_threes_alternate,the-odds-api,2026-08-22T21:39:39.275008+00:00
2026-08-22,d2c4b90e59812d0ba7bb21319e5c25a6,Connecticut Sun @ Los Angeles Sparks,2026-08-23T01:00:00Z,Los Angeles Sparks,Connecticut Sun,Ariel Atkins,,3PM,OVER,3.5,1200,FanDuel,fanduel,player_threes_alternate,the-odds-api,2026-08-22T21:39:39.275008+00:00
2026-08-22,d2c4b90e59812d0ba7bb21319e5c25a6,Connecticut Sun @ Los Angeles Sparks,2026-08-23T01:00:00Z,Los Angeles Sparks,Connecticut Sun,Erica Wheeler,,3PM,OVER,3.5,1200,FanDuel,fanduel,player_threes_alternate,the-odds-api,2026-08-22T21:39:39.275008+00:00
2026-08-22,d2c4b90e59812d0ba7bb21319e5c25a6,Connecticut Sun @ Los Angeles Sparks,2026-08-23T01:00:00Z,Los Angeles Sparks,Connecticut Sun,Charlisse Leger-Walker,,3PM,OVER,3.5,1200,FanDuel,fanduel,player_threes_alternate,the-odds-api,2026-08-22T21:39:39.275008+00:00
2026-08-22,d2c4b90e59812d0ba7bb21319e5c25a6,Connecticut Sun @ Los Angeles Sparks,2026-08-23T01:00:00Z,Los Angeles Sparks,Connecticut Sun,Rae Burrell,,3PM,OVER,4.5,880,FanDuel,fanduel,player_threes_alternate,the-odds-api,2026-08-22T21:39:39.275008+00:00
2026-08-22,d2c4b90e59812d0ba7bb21319e5c25a6,Connecticut Sun @ Los Angeles Sparks,2026-08-23T01:00:00Z,Los Angeles Sparks,Connecticut Sun,Rae Burrell,,3PM,OVER,1.5,-220,FanDuel,fanduel,player_threes_alternate,the-odds-api,2026-08-22T21:39:39.275008+00:00
2026-08-22,d2c4b90e59812d0ba7bb21319e5c25a6,Connecticut Sun @ Los Angeles Sparks,2026-08-23T01:00:00Z,Los Angeles Sparks,Connecticut Sun,Diamond Miller,,3PM,OVER,1.5,124,FanDuel,fanduel,player_threes_alternate,the-odds-api,2026-08-22T21:39:39.275008+00:00
2026-08-22,d2c4b90e59812d0ba7bb21319e5c25a6,Connecticut Sun @ Los Angeles Sparks,2026-08-23T01:00:00Z,Los Angeles Sparks,Connecticut Sun,Kennedy Burke,,3PM,OVER,1.5,124,FanDuel,fanduel,player_threes_alternate,the-odds-api,2026-08-22T21:39:39.275008+00:00
2026-08-22,d2c4b90e59812d0ba7bb21319e5c25a6,Connecticut Sun @ Los Angeles Sparks,2026-08-23T01:00:00Z,Los Angeles Sparks,Connecticut Sun,Nneka Ogwumike,,3PM,OVER,1.5,138,FanDuel,fanduel,player_threes_alternate,the-odds-api,2026-08-22T21:39:39.275008+00:00
2026-08-22,d2c4b90e59812d0ba7bb21319e5c25a6,Connecticut Sun @ Los Angeles Sparks,2026-08-23T01:00:00Z,Los Angeles Sparks,Connecticut Sun,Charlisse Leger-Walker,,3PM,OVER,1.5,148,FanDuel,fanduel,player_threes_alternate,the-odds-api,2026-08-22T21:39:39.275008+00:00
2026-08-22,d2c4b90e59812d0ba7bb21319e5c25a6,Connecticut Sun @ Los Angeles Sparks,2026-08-23T01:00:00Z,Los Angeles Sparks,Connecticut Sun,Ariel Atkins,,3PM,OVER,1.5,152,FanDuel,fanduel,player_threes_alternate,the-odds-api,2026-08-22T21:39:39.275008+00:00
2026-08-22,d2c4b90e59812d0ba7bb21319e5c25a6,Connecticut Sun @ Los Angeles Sparks,2026-08-23T01:00:00Z,Los Angeles Sparks,Connecticut Sun,Erica Wheeler,,3PM,OVER,1.5,152,FanDuel,fanduel,player_threes_alternate,the-odds-api,2026-08-22T21:39:39.275008+00:00
2026-08-22,d2c4b90e59812d0ba7bb21319e5c25a6,Connecticut Sun @ Los Angeles Sparks,2026-08-23T01:00:00Z,Los Angeles Sparks,Connecticut Sun,Rae Burrell,,3PM,OVER,5.5,1700,FanDuel,fanduel,player_threes_alternate,the-odds-api,2026-08-22T21:39:39.275008+00:00
2026-08-22,d2c4b90e59812d0ba7bb21319e5c25a6,Connecticut Sun @ Los Angeles Sparks,2026-08-23T01:00:00Z,Los Angeles Sparks,Connecticut Sun,Leïla Lacan,,AST,OVER,2.5,-910,DraftKings,draftkings,player_assists_alternate,the-odds-api,2026-08-22T21:39:39.275008+00:00
2026-08-22,d2c4b90e59812d0ba7bb21319e5c25a6,Connecticut Sun @ Los Angeles Sparks,2026-08-23T01:00:00Z,Los Angeles Sparks,Connecticut Sun,Leïla Lacan,,AST,OVER,3.5,-354,DraftKings,draftkings,player_assists_alternate,the-odds-api,2026-08-22T21:39:39.275008+00:00
2026-08-22,d2c4b90e59812d0ba7bb21319e5c25a6,Connecticut Sun @ Los Angeles Sparks,2026-08-23T01:00:00Z,Los Angeles Sparks,Connecticut Sun,Leïla Lacan,,AST,OVER,4.5,-172,DraftKings,draftkings,player_assists_alternate,the-odds-api,2026-08-22T21:39:39.275008+00:00
2026-08-22,d2c4b90e59812d0ba7bb21319e5c25a6,Connecticut Sun @ Los Angeles Sparks,2026-08-23T01:00:00Z,Los Angeles Sparks,Connecticut Sun,Leïla Lacan,,AST,OVER,5.5,111,DraftKings,draftkings,player_assists_alternate,the-odds-api,2026-08-22T21:39:39.275008+00:00
2026-08-22,d2c4b90e59812d0ba7bb21319e5c25a6,Connecticut Sun @ Los Angeles Sparks,2026-08-23T01:00:00Z,Los Angeles Sparks,Connecticut Sun,Leïla Lacan,,AST,OVER,6.5,201,DraftKings,draftkings,player_assists_alternate,the-odds-api,2026-08-22T21:39:39.275008+00:00
2026-08-22,d2c4b90e59812d0ba7bb21319e5c25a6,Connecticut Sun @ Los Angeles Sparks,2026-08-23T01:00:00Z,Los Angeles Sparks,Connecticut Sun,Leïla Lacan,,AST,OVER,7.5,347,DraftKings,draftkings,player_assists_alternate,the-odds-api,2026-08-22T21:39:39.275008+00:00
2026-08-22,d2c4b90e59812d0ba7bb21319e5c25a6,Connecticut Sun @ Los Angeles Sparks,2026-08-23T01:00:00Z,Los Angeles Sparks,Connecticut Sun,Leïla Lacan,,AST,OVER,8.5,600,DraftKings,draftkings,player_assists_alternate,the-odds-api,2026-08-22T21:39:39.275008+00:00
2026-08-22,d2c4b90e59812d0ba7bb21319e5c25a6,Connecticut Sun @ Los Angeles Sparks,2026-08-23T01:00:00Z,Los Angeles Sparks,Connecticut Sun,Leïla Lacan,,AST,OVER,9.5,1000,DraftKings,draftkings,player_assists_alternate,the-odds-api,2026-08-22T21:39:39.275008+00:00
2026-08-22,d2c4b90e59812d0ba7bb21319e5c25a6,Connecticut Sun @ Los Angeles Sparks,2026-08-23T01:00:00Z,Los Angeles Sparks,Connecticut Sun,Leïla Lacan,,AST,OVER,10.5,1580,DraftKings,draftkings,player_assists_alternate,the-odds-api,2026-08-22T21:39:39.275008+00:00
2026-08-22,d2c4b90e59812d0ba7bb21319e5c25a6,Connecticut Sun @ Los Angeles Sparks,2026-08-23T01:00:00Z,Los Angeles Sparks,Connecticut Sun,Erica Wheeler,,AST,OVER,2.5,-513,DraftKings,draftkings,player_assists_alternate,the-odds-api,2026-08-22T21:39:39.275008+00:00
2026-08-22,d2c4b90e59812d0ba7bb21319e5c25a6,Connecticut Sun @ Los Angeles Sparks,2026-08-23T01:00:00Z,Los Angeles Sparks,Connecticut Sun,Erica Wheeler,,AST,OVER,3.5,-211,DraftKings,draftkings,player_assists_alternate,the-odds-api,2026-08-22T21:39:39.275008+00:00
2026-08-22,d2c4b90e59812d0ba7bb21319e5c25a6,Connecticut Sun @ Los Angeles Sparks,2026-08-23T01:00:00Z,Los Angeles Sparks,Connecticut Sun,Erica Wheeler,,AST,OVER,4.5,100,DraftKings,draftkings,player_assists_alternate,the-odds-api,2026-08-22T21:39:39.275008+00:00
2026-08-22,d2c4b90e59812d0ba7bb21319e5c25a6,Connecticut Sun @ Los Angeles Sparks,2026-08-23T01:00:00Z,Los Angeles Sparks,Connecticut Sun,Erica Wheeler,,AST,OVER,5.5,195,DraftKings,draftkings,player_assists_alternate,the-odds-api,2026-08-22T21:39:39.275008+00:00
2026-08-22,d2c4b90e59812d0ba7bb21319e5c25a6,Connecticut Sun @ Los Angeles Sparks,2026-08-23T01:00:00Z,Los Angeles Sparks,Connecticut Sun,Erica Wheeler,,AST,OVER,6.5,367,DraftKings,draftkings,player_assists_alternate,the-odds-api,2026-08-22T21:39:39.275008+00:00
2026-08-22,d2c4b90e59812d0ba7bb21319e5c25a6,Connecticut Sun @ Los Angeles Sparks,2026-08-23T01:00:00Z,Los Angeles Sparks,Connecticut Sun,Erica Wheeler,,AST,OVER,7.5,700,DraftKings,draftkings,player_assists_alternate,the-odds-api,2026-08-22T21:39:39.275008+00:00
2026-08-22,d2c4b90e59812d0ba7bb21319e5c25a6,Connecticut Sun @ Los Angeles Sparks,2026-08-23T01:00:00Z,Los Angeles Sparks,Connecticut Sun,Erica Wheeler,,AST,OVER,8.5,1260,DraftKings,draftkings,player_assists_alternate,the-odds-api,2026-08-22T21:39:39.275008+00:00
2026-08-22,d2c4b90e59812d0ba7bb21319e5c25a6,Connecticut Sun @ Los Angeles Sparks,2026-08-23T01:00:00Z,Los Angeles Sparks,Connecticut Sun,Charlisse Leger-Walker,,AST,OVER,2.5,-491,DraftKings,draftkings,player_assists_alternate,the-odds-api,2026-08-22T21:39:39.275008+00:00
2026-08-22,d2c4b90e59812d0ba7bb21319e5c25a6,Connecticut Sun @ Los Angeles Sparks,2026-08-23T01:00:00Z,Los Angeles Sparks,Connecticut Sun,Charlisse Leger-Walker,,AST,OVER,3.5,-193,DraftKings,draftkings,player_assists_alternate,the-odds-api,2026-08-22T21:39:39.275008+00:00
2026-08-22,d2c4b90e59812d0ba7bb21319e5c25a6,Connecticut Sun @ Los Angeles Sparks,2026-08-23T01:00:00Z,Los Angeles Sparks,Connecticut Sun,Charlisse Leger-Walker,,AST,OVER,4.5,111,DraftKings,draftkings,player_assists_alternate,the-odds-api,2026-08-22T21:39:39.275008+00:00
2026-08-22,d2c4b90e59812d0ba7bb21319e5c25a6,Connecticut Sun @ Los Angeles Sparks,2026-08-23T01:00:00Z,Los Angeles Sparks,Connecticut Sun,Charlisse Leger-Walker,,AST,OVER,5.5,215,DraftKings,draftkings,player_assists_alternate,the-odds-api,2026-08-22T21:39:39.275008+00:00
2026-08-22,d2c4b90e59812d0ba7bb21319e5c25a6,Connecticut Sun @ Los Angeles Sparks,2026-08-23T01:00:00Z,Los Angeles Sparks,Connecticut Sun,Charlisse Leger-Walker,,AST,OVER,6.5,404,DraftKings,draftkings,player_assists_alternate,the-odds-api,2026-08-22T21:39:39.275008+00:00
2026-08-22,d2c4b90e59812d0ba7bb21319e5c25a6,Connecticut Sun @ Los Angeles Sparks,2026-08-23T01:00:00Z,Los Angeles Sparks,Connecticut Sun,Charlisse Leger-Walker,,AST,OVER,7.5,750,DraftKings,draftkings,player_assists_alternate,the-odds-api,2026-08-22T21:39:39.275008+00:00
2026-08-22,d2c4b90e59812d0ba7bb21319e5c25a6,Connecticut Sun @ Los Angeles Sparks,2026-08-23T01:00:00Z,Los Angeles Sparks,Connecticut Sun,Charlisse Leger-Walker,,AST,OVER,8.5,1320,DraftKings,draftkings,player_assists_alternate,the-odds-api,2026-08-22T21:39:39.275008+00:00
2026-08-22,d2c4b90e59812d0ba7bb21319e5c25a6,Connecticut Sun @ Los Angeles Sparks,2026-08-23T01:00:00Z,Los Angeles Sparks,Connecticut Sun,Saniya Rivers,,AST,OVER,2.5,-213,DraftKings,draftkings,player_assists_alternate,the-odds-api,2026-08-22T21:39:39.275008+00:00
2026-08-22,d2c4b90e59812d0ba7bb21319e5c25a6,Connecticut Sun @ Los Angeles Sparks,2026-08-23T01:00:00Z,Los Angeles Sparks,Connecticut Sun,Saniya Rivers,,AST,OVER,3.5,113,DraftKings,draftkings,player_assists_alternate,the-odds-api,2026-08-22T21:39:39.275008+00:00
2026-08-22,d2c4b90e59812d0ba7bb21319e5c25a6,Connecticut Sun @ Los Angeles Sparks,2026-08-23T01:00:00Z,Los Angeles Sparks,Connecticut Sun,Saniya Rivers,,AST,OVER,4.5,246,DraftKings,draftkings,player_assists_alternate,the-odds-api,2026-08-22T21:39:39.275008+00:00
2026-08-22,d2c4b90e59812d0ba7bb21319e5c25a6,Connecticut Sun @ Los Angeles Sparks,2026-08-23T01:00:00Z,Los Angeles Sparks,Connecticut Sun,Saniya Rivers,,AST,OVER,5.5,524,DraftKings,draftkings,player_assists_alternate,the-odds-api,2026-08-22T21:39:39.275008+00:00
2026-08-22,d2c4b90e59812d0ba7bb21319e5c25a6,Connecticut Sun @ Los Angeles Sparks,2026-08-23T01:00:00Z,Los Angeles Sparks,Connecticut Sun,Saniya Rivers,,AST,OVER,6.5,1060,DraftKings,draftkings,player_assists_alternate,the-odds-api,2026-08-22T21:39:39.275008+00:00
2026-08-22,d2c4b90e59812d0ba7bb21319e5c25a6,Connecticut Sun @ Los Angeles Sparks,2026-08-23T01:00:00Z,Los Angeles Sparks,Connecticut Sun,Rae Burrell,,AST,OVER,2.5,-140,DraftKings,draftkings,player_assists_alternate,the-odds-api,2026-08-22T21:39:39.275008+00:00
2026-08-22,d2c4b90e59812d0ba7bb21319e5c25a6,Connecticut Sun @ Los Angeles Sparks,2026-08-23T01:00:00Z,Los Angeles Sparks,Connecticut Sun,Rae Burrell,,AST,OVER,3.5,175,DraftKings,draftkings,player_assists_alternate,the-odds-api,2026-08-22T21:39:39.275008+00:00
2026-08-22,d2c4b90e59812d0ba7bb21319e5c25a6,Connecticut Sun @ Los Angeles Sparks,2026-08-23T01:00:00Z,Los Angeles Sparks,Connecticut Sun,Rae Burrell,,AST,OVER,4.5,404,DraftKings,draftkings,player_assists_alternate,the-odds-api,2026-08-22T21:39:39.275008+00:00
2026-08-22,d2c4b90e59812d0ba7bb21319e5c25a6,Connecticut Sun @ Los Angeles Sparks,2026-08-23T01:00:00Z,Los Angeles Sparks,Connecticut Sun,Rae Burrell,,AST,OVER,5.5,900,DraftKings,draftkings,player_assists_alternate,the-odds-api,2026-08-22T21:39:39.275008+00:00
2026-08-22,d2c4b90e59812d0ba7bb21319e5c25a6,Connecticut Sun @ Los Angeles Sparks,2026-08-23T01:00:00Z,Los Angeles Sparks,Connecticut Sun,Ariel Atkins,,AST,OVER,2.5,-132,DraftKings,draftkings,player_assists_alternate,the-odds-api,2026-08-22T21:39:39.275008+00:00
2026-08-22,d2c4b90e59812d0ba7bb21319e5c25a6,Connecticut Sun @ Los Angeles Sparks,2026-08-23T01:00:00Z,Los Angeles Sparks,Connecticut Sun,Ariel Atkins,,AST,OVER,3.5,190,DraftKings,draftkings,player_assists_alternate,the-odds-api,2026-08-22T21:39:39.275008+00:00
2026-08-22,d2c4b90e59812d0ba7bb21319e5c25a6,Connecticut Sun @ Los Angeles Sparks,2026-08-23T01:00:00Z,Los Angeles Sparks,Connecticut Sun,Ariel Atkins,,AST,OVER,4.5,427,DraftKings,draftkings,player_assists_alternate,the-odds-api,2026-08-22T21:39:39.275008+00:00
2026-08-22,d2c4b90e59812d0ba7bb21319e5c25a6,Connecticut Sun @ Los Angeles Sparks,2026-08-23T01:00:00Z,Los Angeles Sparks,Connecticut Sun,Ariel Atkins,,AST,OVER,5.5,920,DraftKings,draftkings,player_assists_alternate,the-odds-api,2026-08-22T21:39:39.275008+00:00
2026-08-22,d2c4b90e59812d0ba7bb21319e5c25a6,Connecticut Sun @ Los Angeles Sparks,2026-08-23T01:00:00Z,Los Angeles Sparks,Connecticut Sun,Nneka Ogwumike,,AST,OVER,2.5,-105,DraftKings,draftkings,player_assists_alternate,the-odds-api,2026-08-22T21:39:39.275008+00:00
2026-08-22,d2c4b90e59812d0ba7bb21319e5c25a6,Connecticut Sun @ Los Angeles Sparks,2026-08-23T01:00:00Z,Los Angeles Sparks,Connecticut Sun,Nneka Ogwumike,,AST,OVER,3.5,223,DraftKings,draftkings,player_assists_alternate,the-odds-api,2026-08-22T21:39:39.275008+00:00
2026-08-22,d2c4b90e59812d0ba7bb21319e5c25a6,Connecticut Sun @ Los Angeles Sparks,2026-08-23T01:00:00Z,Los Angeles Sparks,Connecticut Sun,Nneka Ogwumike,,AST,OVER,4.5,488,DraftKings,draftkings,player_assists_alternate,the-odds-api,2026-08-22T21:39:39.275008+00:00
2026-08-22,d2c4b90e59812d0ba7bb21319e5c25a6,Connecticut Sun @ Los Angeles Sparks,2026-08-23T01:00:00Z,Los Angeles Sparks,Connecticut Sun,Nneka Ogwumike,,AST,OVER,5.5,1000,DraftKings,draftkings,player_assists_alternate,the-odds-api,2026-08-22T21:39:39.275008+00:00
2026-08-22,d2c4b90e59812d0ba7bb21319e5c25a6,Connecticut Sun @ Los Angeles Sparks,2026-08-23T01:00:00Z,Los Angeles Sparks,Connecticut Sun,Dearica Hamby,,AST,OVER,2.5,111,DraftKings,draftkings,player_assists_alternate,the-odds-api,2026-08-22T21:39:39.275008+00:00
2026-08-22,d2c4b90e59812d0ba7bb21319e5c25a6,Connecticut Sun @ Los Angeles Sparks,2026-08-23T01:00:00Z,Los Angeles Sparks,Connecticut Sun,Dearica Hamby,,AST,OVER,3.5,285,DraftKings,draftkings,player_assists_alternate,the-odds-api,2026-08-22T21:39:39.275008+00:00
2026-08-22,d2c4b90e59812d0ba7bb21319e5c25a6,Connecticut Sun @ Los Angeles Sparks,2026-08-23T01:00:00Z,Los Angeles Sparks,Connecticut Sun,Dearica Hamby,,AST,OVER,4.5,650,DraftKings,draftkings,player_assists_alternate,the-odds-api,2026-08-22T21:39:39.275008+00:00
2026-08-22,d2c4b90e59812d0ba7bb21319e5c25a6,Connecticut Sun @ Los Angeles Sparks,2026-08-23T01:00:00Z,Los Angeles Sparks,Connecticut Sun,Dearica Hamby,,AST,OVER,5.5,1440,DraftKings,draftkings,player_assists_alternate,the-odds-api,2026-08-22T21:39:39.275008+00:00
2026-08-22,d2c4b90e59812d0ba7bb21319e5c25a6,Connecticut Sun @ Los Angeles Sparks,2026-08-23T01:00:00Z,Los Angeles Sparks,Connecticut Sun,Diamond Miller,,AST,OVER,1.5,-180,DraftKings,draftkings,player_assists_alternate,the-odds-api,2026-08-22T21:39:39.275008+00:00
2026-08-22,d2c4b90e59812d0ba7bb21319e5c25a6,Connecticut Sun @ Los Angeles Sparks,2026-08-23T01:00:00Z,Los Angeles Sparks,Connecticut Sun,Diamond Miller,,AST,OVER,2.5,163,DraftKings,draftkings,player_assists_alternate,the-odds-api,2026-08-22T21:39:39.275008+00:00
2026-08-22,d2c4b90e59812d0ba7bb21319e5c25a6,Connecticut Sun @ Los Angeles Sparks,2026-08-23T01:00:00Z,Los Angeles Sparks,Connecticut Sun,Diamond Miller,,AST,OVER,3.5,424,DraftKings,draftkings,player_assists_alternate,the-odds-api,2026-08-22T21:39:39.275008+00:00
2026-08-22,d2c4b90e59812d0ba7bb21319e5c25a6,Connecticut Sun @ Los Angeles Sparks,2026-08-23T01:00:00Z,Los Angeles Sparks,Connecticut Sun,Diamond Miller,,AST,OVER,4.5,990,DraftKings,draftkings,player_assists_alternate,the-odds-api,2026-08-22T21:39:39.275008+00:00
2026-08-22,d2c4b90e59812d0ba7bb21319e5c25a6,Connecticut Sun @ Los Angeles Sparks,2026-08-23T01:00:00Z,Los Angeles Sparks,Connecticut Sun,Cameron Brink,,AST,OVER,1.5,-136,DraftKings,draftkings,player_assists_alternate,the-odds-api,2026-08-22T21:39:39.275008+00:00
2026-08-22,d2c4b90e59812d0ba7bb21319e5c25a6,Connecticut Sun @ Los Angeles Sparks,2026-08-23T01:00:00Z,Los Angeles Sparks,Connecticut Sun,Cameron Brink,,AST,OVER,2.5,216,DraftKings,draftkings,player_assists_alternate,the-odds-api,2026-08-22T21:39:39.275008+00:00
2026-08-22,d2c4b90e59812d0ba7bb21319e5c25a6,Connecticut Sun @ Los Angeles Sparks,2026-08-23T01:00:00Z,Los Angeles Sparks,Connecticut Sun,Cameron Brink,,AST,OVER,3.5,559,DraftKings,draftkings,player_assists_alternate,the-odds-api,2026-08-22T21:39:39.275008+00:00
2026-08-22,d2c4b90e59812d0ba7bb21319e5c25a6,Connecticut Sun @ Los Angeles Sparks,2026-08-23T01:00:00Z,Los Angeles Sparks,Connecticut Sun,Cameron Brink,,AST,OVER,4.5,1300,DraftKings,draftkings,player_assists_alternate,the-odds-api,2026-08-22T21:39:39.275008+00:00
2026-08-22,d2c4b90e59812d0ba7bb21319e5c25a6,Connecticut Sun @ Los Angeles Sparks,2026-08-23T01:00:00Z,Los Angeles Sparks,Connecticut Sun,Rae Burrell,,PTS,OVER,7.5,-1620,DraftKings,draftkings,player_points_alternate,the-odds-api,2026-08-22T21:39:39.275008+00:00
2026-08-22,d2c4b90e59812d0ba7bb21319e5c25a6,Connecticut Sun @ Los Angeles Sparks,2026-08-23T01:00:00Z,Los Angeles Sparks,Connecticut Sun,Rae Burrell,,PTS,OVER,9.5,-670,DraftKings,draftkings,player_points_alternate,the-odds-api,2026-08-22T21:39:39.275008+00:00
2026-08-22,d2c4b90e59812d0ba7bb21319e5c25a6,Connecticut Sun @ Los Angeles Sparks,2026-08-23T01:00:00Z,Los Angeles Sparks,Connecticut Sun,Rae Burrell,,PTS,OVER,11.5,-332,DraftKings,draftkings,player_points_alternate,the-odds-api,2026-08-22T21:39:39.275008+00:00
2026-08-22,d2c4b90e59812d0ba7bb21319e5c25a6,Connecticut Sun @ Los Angeles Sparks,2026-08-23T01:00:00Z,Los Angeles Sparks,Connecticut Sun,Rae Burrell,,PTS,OVER,14.5,-141,DraftKings,draftkings,player_points_alternate,the-odds-api,2026-08-22T21:39:39.275008+00:00
2026-08-22,d2c4b90e59812d0ba7bb21319e5c25a6,Connecticut Sun @ Los Angeles Sparks,2026-08-23T01:00:00Z,Los Angeles Sparks,Connecticut Sun,Rae Burrell,,PTS,OVER,15.5,-108,DraftKings,draftkings,player_points_alternate,the-odds-api,2026-08-22T21:39:39.275008+00:00
2026-08-22,d2c4b90e59812d0ba7bb21319e5c25a6,Connecticut Sun @ Los Angeles Sparks,2026-08-23T01:00:00Z,Los Angeles Sparks,Connecticut Sun,Rae Burrell,,PTS,OVER,17.5,151,DraftKings,draftkings,player_points_alternate,the-odds-api,2026-08-22T21:39:39.275008+00:00
2026-08-22,d2c4b90e59812d0ba7bb21319e5c25a6,Connecticut Sun @ Los Angeles Sparks,2026-08-23T01:00:00Z,Los Angeles Sparks,Connecticut Sun,Rae Burrell,,PTS,OVER,19.5,237,DraftKings,draftkings,player_points_alternate,the-odds-api,2026-08-22T21:39:39.275008+00:00
2026-08-22,d2c4b90e59812d0ba7bb21319e5c25a6,Connecticut Sun @ Los Angeles Sparks,2026-08-23T01:00:00Z,Los Angeles Sparks,Connecticut Sun,Rae Burrell,,PTS,OVER,24.5,720,DraftKings,draftkings,player_points_alternate,the-odds-api,2026-08-22T21:39:39.275008+00:00
2026-08-22,d2c4b90e59812d0ba7bb21319e5c25a6,Connecticut Sun @ Los Angeles Sparks,2026-08-23T01:00:00Z,Los Angeles Sparks,Connecticut Sun,Nneka Ogwumike,,PTS,OVER,7.5,-1980,DraftKings,draftkings,player_points_alternate,the-odds-api,2026-08-22T21:39:39.275008+00:00
2026-08-22,d2c4b90e59812d0ba7bb21319e5c25a6,Connecticut Sun @ Los Angeles Sparks,2026-08-23T01:00:00Z,Los Angeles Sparks,Connecticut Sun,Nneka Ogwumike,,PTS,OVER,9.5,-750,DraftKings,draftkings,player_points_alternate,the-odds-api,2026-08-22T21:39:39.275008+00:00
2026-08-22,d2c4b90e59812d0ba7bb21319e5c25a6,Connecticut Sun @ Los Angeles Sparks,2026-08-23T01:00:00Z,Los Angeles Sparks,Connecticut Sun,Nneka Ogwumike,,PTS,OVER,11.5,-348,DraftKings,draftkings,player_points_alternate,the-odds-api,2026-08-22T21:39:39.275008+00:00
2026-08-22,d2c4b90e59812d0ba7bb21319e5c25a6,Connecticut Sun @ Los Angeles Sparks,2026-08-23T01:00:00Z,Los Angeles Sparks,Connecticut Sun,Nneka Ogwumike,,PTS,OVER,14.5,-143,DraftKings,draftkings,player_points_alternate,the-odds-api,2026-08-22T21:39:39.275008+00:00
2026-08-22,d2c4b90e59812d0ba7bb21319e5c25a6,Connecticut Sun @ Los Angeles Sparks,2026-08-23T01:00:00Z,Los Angeles Sparks,Connecticut Sun,Nneka Ogwumike,,PTS,OVER,15.5,-110,DraftKings,draftkings,player_points_alternate,the-odds-api,2026-08-22T21:39:39.275008+00:00
2026-08-22,d2c4b90e59812d0ba7bb21319e5c25a6,Connecticut Sun @ Los Angeles Sparks,2026-08-23T01:00:00Z,Los Angeles Sparks,Connecticut Sun,Nneka Ogwumike,,PTS,OVER,17.5,152,DraftKings,draftkings,player_points_alternate,the-odds-api,2026-08-22T21:39:39.275008+00:00
2026-08-22,d2c4b90e59812d0ba7bb21319e5c25a6,Connecticut Sun @ Los Angeles Sparks,2026-08-23T01:00:00Z,Los Angeles Sparks,Connecticut Sun,Nneka Ogwumike,,PTS,OVER,19.5,251,DraftKings,draftkings,player_points_alternate,the-odds-api,2026-08-22T21:39:39.275008+00:00
2026-08-22,d2c4b90e59812d0ba7bb21319e5c25a6,Connecticut Sun @ Los Angeles Sparks,2026-08-23T01:00:00Z,Los Angeles Sparks,Connecticut Sun,Nneka Ogwumike,,PTS,OVER,24.5,860,DraftKings,draftkings,player_points_alternate,the-odds-api,2026-08-22T21:39:39.275008+00:00
2026-08-22,d2c4b90e59812d0ba7bb21319e5c25a6,Connecticut Sun @ Los Angeles Sparks,2026-08-23T01:00:00Z,Los Angeles Sparks,Connecticut Sun,Olivia Nelson-Ododa,,PTS,OVER,7.5,-1400,DraftKings,draftkings,player_points_alternate,the-odds-api,2026-08-22T21:39:39.275008+00:00
2026-08-22,d2c4b90e59812d0ba7bb21319e5c25a6,Connecticut Sun @ Los Angeles Sparks,2026-08-23T01:00:00Z,Los Angeles Sparks,Connecticut Sun,Olivia Nelson-Ododa,,PTS,OVER,9.5,-541,DraftKings,draftkings,player_points_alternate,the-odds-api,2026-08-22T21:39:39.275008+00:00
2026-08-22,d2c4b90e59812d0ba7bb21319e5c25a6,Connecticut Sun @ Los Angeles Sparks,2026-08-23T01:00:00Z,Los Angeles Sparks,Connecticut Sun,Olivia Nelson-Ododa,,PTS,OVER,11.5,-263,DraftKings,draftkings,player_points_alternate,the-odds-api,2026-08-22T21:39:39.275008+00:00
2026-08-22,d2c4b90e59812d0ba7bb21319e5c25a6,Connecticut Sun @ Los Angeles Sparks,2026-08-23T01:00:00Z,Los Angeles Sparks,Connecticut Sun,Olivia Nelson-Ododa,,PTS,OVER,14.5,-107,DraftKings,draftkings,player_points_alternate,the-odds-api,2026-08-22T21:39:39.275008+00:00
2026-08-22,d2c4b90e59812d0ba7bb21319e5c25a6,Connecticut Sun @ Los Angeles Sparks,2026-08-23T01:00:00Z,Los Angeles Sparks,Connecticut Sun,Olivia Nelson-Ododa,,PTS,OVER,17.5,200,DraftKings,draftkings,player_points_alternate,the-odds-api,2026-08-22T21:39:39.275008+00:00
2026-08-22,d2c4b90e59812d0ba7bb21319e5c25a6,Connecticut Sun @ Los Angeles Sparks,2026-08-23T01:00:00Z,Los Angeles Sparks,Connecticut Sun,Olivia Nelson-Ododa,,PTS,OVER,19.5,331,DraftKings,draftkings,player_points_alternate,the-odds-api,2026-08-22T21:39:39.275008+00:00
2026-08-22,d2c4b90e59812d0ba7bb21319e5c25a6,Connecticut Sun @ Los Angeles Sparks,2026-08-23T01:00:00Z,Los Angeles Sparks,Connecticut Sun,Olivia Nelson-Ododa,,PTS,OVER,24.5,1100,DraftKings,draftkings,player_points_alternate,the-odds-api,2026-08-22T21:39:39.275008+00:00
2026-08-22,d2c4b90e59812d0ba7bb21319e5c25a6,Connecticut Sun @ Los Angeles Sparks,2026-08-23T01:00:00Z,Los Angeles Sparks,Connecticut Sun,Dearica Hamby,,PTS,OVER,7.5,-1600,DraftKings,draftkings,player_points_alternate,the-odds-api,2026-08-22T21:39:39.275008+00:00
2026-08-22,d2c4b90e59812d0ba7bb21319e5c25a6,Connecticut Sun @ Los Angeles Sparks,2026-08-23T01:00:00Z,Los Angeles Sparks,Connecticut Sun,Dearica Hamby,,PTS,OVER,9.5,-589,DraftKings,draftkings,player_points_alternate,the-odds-api,2026-08-22T21:39:39.275008+00:00
2026-08-22,d2c4b90e59812d0ba7bb21319e5c25a6,Connecticut Sun @ Los Angeles Sparks,2026-08-23T01:00:00Z,Los Angeles Sparks,Connecticut Sun,Dearica Hamby,,PTS,OVER,11.5,-284,DraftKings,draftkings,player_points_alternate,the-odds-api,2026-08-22T21:39:39.275008+00:00
2026-08-22,d2c4b90e59812d0ba7bb21319e5c25a6,Connecticut Sun @ Los Angeles Sparks,2026-08-23T01:00:00Z,Los Angeles Sparks,Connecticut Sun,Dearica Hamby,,PTS,OVER,14.5,-115,DraftKings,draftkings,player_points_alternate,the-odds-api,2026-08-22T21:39:39.275008+00:00
2026-08-22,d2c4b90e59812d0ba7bb21319e5c25a6,Connecticut Sun @ Los Angeles Sparks,2026-08-23T01:00:00Z,Los Angeles Sparks,Connecticut Sun,Dearica Hamby,,PTS,OVER,17.5,196,DraftKings,draftkings,player_points_alternate,the-odds-api,2026-08-22T21:39:39.275008+00:00
2026-08-22,d2c4b90e59812d0ba7bb21319e5c25a6,Connecticut Sun @ Los Angeles Sparks,2026-08-23T01:00:00Z,Los Angeles Sparks,Connecticut Sun,Dearica Hamby,,PTS,OVER,19.5,333,DraftKings,draftkings,player_points_alternate,the-odds-api,2026-08-22T21:39:39.275008+00:00
2026-08-22,d2c4b90e59812d0ba7bb21319e5c25a6,Connecticut Sun @ Los Angeles Sparks,2026-08-23T01:00:00Z,Los Angeles Sparks,Connecticut Sun,Dearica Hamby,,PTS,OVER,24.5,1120,DraftKings,draftkings,player_points_alternate,the-odds-api,2026-08-22T21:39:39.275008+00:00
2026-08-22,d2c4b90e59812d0ba7bb21319e5c25a6,Connecticut Sun @ Los Angeles Sparks,2026-08-23T01:00:00Z,Los Angeles Sparks,Connecticut Sun,Leïla Lacan,,PTS,OVER,5.5,-1520,DraftKings,draftkings,player_points_alternate,the-odds-api,2026-08-22T21:39:39.275008+00:00
2026-08-22,d2c4b90e59812d0ba7bb21319e5c25a6,Connecticut Sun @ Los Angeles Sparks,2026-08-23T01:00:00Z,Los Angeles Sparks,Connecticut Sun,Leïla Lacan,,PTS,OVER,7.5,-554,DraftKings,draftkings,player_points_alternate,the-odds-api,2026-08-22T21:39:39.275008+00:00
2026-08-22,d2c4b90e59812d0ba7bb21319e5c25a6,Connecticut Sun @ Los Angeles Sparks,2026-08-23T01:00:00Z,Los Angeles Sparks,Connecticut Sun,Leïla Lacan,,PTS,OVER,9.5,-270,DraftKings,draftkings,player_points_alternate,the-odds-api,2026-08-22T21:39:39.275008+00:00
2026-08-22,d2c4b90e59812d0ba7bb21319e5c25a6,Connecticut Sun @ Los Angeles Sparks,2026-08-23T01:00:00Z,Los Angeles Sparks,Connecticut Sun,Leïla Lacan,,PTS,OVER,11.5,-146,DraftKings,draftkings,player_points_alternate,the-odds-api,2026-08-22T21:39:39.275008+00:00
2026-08-22,d2c4b90e59812d0ba7bb21319e5c25a6,Connecticut Sun @ Los Angeles Sparks,2026-08-23T01:00:00Z,Los Angeles Sparks,Connecticut Sun,Leïla Lacan,,PTS,OVER,12.5,-109,DraftKings,draftkings,player_points_alternate,the-odds-api,2026-08-22T21:39:39.275008+00:00
2026-08-22,d2c4b90e59812d0ba7bb21319e5c25a6,Connecticut Sun @ Los Angeles Sparks,2026-08-23T01:00:00Z,Los Angeles Sparks,Connecticut Sun,Leïla Lacan,,PTS,OVER,14.5,156,DraftKings,draftkings,player_points_alternate,the-odds-api,2026-08-22T21:39:39.275008+00:00
2026-08-22,d2c4b90e59812d0ba7bb21319e5c25a6,Connecticut Sun @ Los Angeles Sparks,2026-08-23T01:00:00Z,Los Angeles Sparks,Connecticut Sun,Leïla Lacan,,PTS,OVER,17.5,327,DraftKings,draftkings,player_points_alternate,the-odds-api,2026-08-22T21:39:39.275008+00:00
2026-08-22,d2c4b90e59812d0ba7bb21319e5c25a6,Connecticut Sun @ Los Angeles Sparks,2026-08-23T01:00:00Z,Los Angeles Sparks,Connecticut Sun,Leïla Lacan,,PTS,OVER,19.5,530,DraftKings,draftkings,player_points_alternate,the-odds-api,2026-08-22T21:39:39.275008+00:00
2026-08-22,d2c4b90e59812d0ba7bb21319e5c25a6,Connecticut Sun @ Los Angeles Sparks,2026-08-23T01:00:00Z,Los Angeles Sparks,Connecticut Sun,Leïla Lacan,,PTS,OVER,24.5,1620,DraftKings,draftkings,player_points_alternate,the-odds-api,2026-08-22T21:39:39.275008+00:00
2026-08-22,d2c4b90e59812d0ba7bb21319e5c25a6,Connecticut Sun @ Los Angeles Sparks,2026-08-23T01:00:00Z,Los Angeles Sparks,Connecticut Sun,Diamond Miller,,PTS,OVER,5.5,-1140,DraftKings,draftkings,player_points_alternate,the-odds-api,2026-08-22T21:39:39.275008+00:00
2026-08-22,d2c4b90e59812d0ba7bb21319e5c25a6,Connecticut Sun @ Los Angeles Sparks,2026-08-23T01:00:00Z,Los Angeles Sparks,Connecticut Sun,Diamond Miller,,PTS,OVER,7.5,-471,DraftKings,draftkings,player_points_alternate,the-odds-api,2026-08-22T21:39:39.275008+00:00
2026-08-22,d2c4b90e59812d0ba7bb21319e5c25a6,Connecticut Sun @ Los Angeles Sparks,2026-08-23T01:00:00Z,Los Angeles Sparks,Connecticut Sun,Diamond Miller,,PTS,OVER,9.5,-229,DraftKings,draftkings,player_points_alternate,the-odds-api,2026-08-22T21:39:39.275008+00:00
2026-08-22,d2c4b90e59812d0ba7bb21319e5c25a6,Connecticut Sun @ Los Angeles Sparks,2026-08-23T01:00:00Z,Los Angeles Sparks,Connecticut Sun,Diamond Miller,,PTS,OVER,11.5,-124,DraftKings,draftkings,player_points_alternate,the-odds-api,2026-08-22T21:39:39.275008+00:00
2026-08-22,d2c4b90e59812d0ba7bb21319e5c25a6,Connecticut Sun @ Los Angeles Sparks,2026-08-23T01:00:00Z,Los Angeles Sparks,Connecticut Sun,Diamond Miller,,PTS,OVER,14.5,180,DraftKings,draftkings,player_points_alternate,the-odds-api,2026-08-22T21:39:39.275008+00:00
2026-08-22,d2c4b90e59812d0ba7bb21319e5c25a6,Connecticut Sun @ Los Angeles Sparks,2026-08-23T01:00:00Z,Los Angeles Sparks,Connecticut Sun,Diamond Miller,,PTS,OVER,17.5,382,DraftKings,draftkings,player_points_alternate,the-odds-api,2026-08-22T21:39:39.275008+00:00
2026-08-22,d2c4b90e59812d0ba7bb21319e5c25a6,Connecticut Sun @ Los Angeles Sparks,2026-08-23T01:00:00Z,Los Angeles Sparks,Connecticut Sun,Diamond Miller,,PTS,OVER,19.5,610,DraftKings,draftkings,player_points_alternate,the-odds-api,2026-08-22T21:39:39.275008+00:00
2026-08-22,d2c4b90e59812d0ba7bb21319e5c25a6,Connecticut Sun @ Los Angeles Sparks,2026-08-23T01:00:00Z,Los Angeles Sparks,Connecticut Sun,Cameron Brink,,PTS,OVER,5.5,-770,DraftKings,draftkings,player_points_alternate,the-odds-api,2026-08-22T21:39:39.275008+00:00
2026-08-22,d2c4b90e59812d0ba7bb21319e5c25a6,Connecticut Sun @ Los Angeles Sparks,2026-08-23T01:00:00Z,Los Angeles Sparks,Connecticut Sun,Cameron Brink,,PTS,OVER,7.5,-323,DraftKings,draftkings,player_points_alternate,the-odds-api,2026-08-22T21:39:39.275008+00:00
2026-08-22,d2c4b90e59812d0ba7bb21319e5c25a6,Connecticut Sun @ Los Angeles Sparks,2026-08-23T01:00:00Z,Los Angeles Sparks,Connecticut Sun,Cameron Brink,,PTS,OVER,9.5,-168,DraftKings,draftkings,player_points_alternate,the-odds-api,2026-08-22T21:39:39.275008+00:00
2026-08-22,d2c4b90e59812d0ba7bb21319e5c25a6,Connecticut Sun @ Los Angeles Sparks,2026-08-23T01:00:00Z,Los Angeles Sparks,Connecticut Sun,Cameron Brink,,PTS,OVER,10.5,-125,DraftKings,draftkings,player_points_alternate,the-odds-api,2026-08-22T21:39:39.275008+00:00
2026-08-22,d2c4b90e59812d0ba7bb21319e5c25a6,Connecticut Sun @ Los Angeles Sparks,2026-08-23T01:00:00Z,Los Angeles Sparks,Connecticut Sun,Cameron Brink,,PTS,OVER,11.5,105,DraftKings,draftkings,player_points_alternate,the-odds-api,2026-08-22T21:39:39.275008+00:00
2026-08-22,d2c4b90e59812d0ba7bb21319e5c25a6,Connecticut Sun @ Los Angeles Sparks,2026-08-23T01:00:00Z,Los Angeles Sparks,Connecticut Sun,Cameron Brink,,PTS,OVER,14.5,231,DraftKings,draftkings,player_points_alternate,the-odds-api,2026-08-22T21:39:39.275008+00:00
2026-08-22,d2c4b90e59812d0ba7bb21319e5c25a6,Connecticut Sun @ Los Angeles Sparks,2026-08-23T01:00:00Z,Los Angeles Sparks,Connecticut Sun,Cameron Brink,,PTS,OVER,17.5,479,DraftKings,draftkings,player_points_alternate,the-odds-api,2026-08-22T21:39:39.275008+00:00
2026-08-22,d2c4b90e59812d0ba7bb21319e5c25a6,Connecticut Sun @ Los Angeles Sparks,2026-08-23T01:00:00Z,Los Angeles Sparks,Connecticut Sun,Cameron Brink,,PTS,OVER,19.5,780,DraftKings,draftkings,player_points_alternate,the-odds-api,2026-08-22T21:39:39.275008+00:00
2026-08-22,d2c4b90e59812d0ba7bb21319e5c25a6,Connecticut Sun @ Los Angeles Sparks,2026-08-23T01:00:00Z,Los Angeles Sparks,Connecticut Sun,Kennedy Burke,,PTS,OVER,5.5,-463,DraftKings,draftkings,player_points_alternate,the-odds-api,2026-08-22T21:39:39.275008+00:00
2026-08-22,d2c4b90e59812d0ba7bb21319e5c25a6,Connecticut Sun @ Los Angeles Sparks,2026-08-23T01:00:00Z,Los Angeles Sparks,Connecticut Sun,Kennedy Burke,,PTS,OVER,7.5,-209,DraftKings,draftkings,player_points_alternate,the-odds-api,2026-08-22T21:39:39.275008+00:00
2026-08-22,d2c4b90e59812d0ba7bb21319e5c25a6,Connecticut Sun @ Los Angeles Sparks,2026-08-23T01:00:00Z,Los Angeles Sparks,Connecticut Sun,Kennedy Burke,,PTS,OVER,9.5,-108,DraftKings,draftkings,player_points_alternate,the-odds-api,2026-08-22T21:39:39.275008+00:00
2026-08-22,d2c4b90e59812d0ba7bb21319e5c25a6,Connecticut Sun @ Los Angeles Sparks,2026-08-23T01:00:00Z,Los Angeles Sparks,Connecticut Sun,Kennedy Burke,,PTS,OVER,11.5,165,DraftKings,draftkings,player_points_alternate,the-odds-api,2026-08-22T21:39:39.275008+00:00
2026-08-22,d2c4b90e59812d0ba7bb21319e5c25a6,Connecticut Sun @ Los Angeles Sparks,2026-08-23T01:00:00Z,Los Angeles Sparks,Connecticut Sun,Kennedy Burke,,PTS,OVER,14.5,386,DraftKings,draftkings,player_points_alternate,the-odds-api,2026-08-22T21:39:39.275008+00:00
2026-08-22,d2c4b90e59812d0ba7bb21319e5c25a6,Connecticut Sun @ Los Angeles Sparks,2026-08-23T01:00:00Z,Los Angeles Sparks,Connecticut Sun,Kennedy Burke,,PTS,OVER,17.5,800,DraftKings,draftkings,player_points_alternate,the-odds-api,2026-08-22T21:39:39.275008+00:00
2026-08-22,d2c4b90e59812d0ba7bb21319e5c25a6,Connecticut Sun @ Los Angeles Sparks,2026-08-23T01:00:00Z,Los Angeles Sparks,Connecticut Sun,Kennedy Burke,,PTS,OVER,19.5,1300,DraftKings,draftkings,player_points_alternate,the-odds-api,2026-08-22T21:39:39.275008+00:00
2026-08-22,d2c4b90e59812d0ba7bb21319e5c25a6,Connecticut Sun @ Los Angeles Sparks,2026-08-23T01:00:00Z,Los Angeles Sparks,Connecticut Sun,Charlisse Leger-Walker,,PTS,OVER,5.5,-393,DraftKings,draftkings,player_points_alternate,the-odds-api,2026-08-22T21:39:39.275008+00:00
2026-08-22,d2c4b90e59812d0ba7bb21319e5c25a6,Connecticut Sun @ Los Angeles Sparks,2026-08-23T01:00:00Z,Los Angeles Sparks,Connecticut Sun,Charlisse Leger-Walker,,PTS,OVER,7.5,-182,DraftKings,draftkings,player_points_alternate,the-odds-api,2026-08-22T21:39:39.275008+00:00
2026-08-22,d2c4b90e59812d0ba7bb21319e5c25a6,Connecticut Sun @ Los Angeles Sparks,2026-08-23T01:00:00Z,Los Angeles Sparks,Connecticut Sun,Charlisse Leger-Walker,,PTS,OVER,8.5,-130,DraftKings,draftkings,player_points_alternate,the-odds-api,2026-08-22T21:39:39.275008+00:00
2026-08-22,d2c4b90e59812d0ba7bb21319e5c25a6,Connecticut Sun @ Los Angeles Sparks,2026-08-23T01:00:00Z,Los Angeles Sparks,Connecticut Sun,Charlisse Leger-Walker,,PTS,OVER,9.5,105,DraftKings,draftkings,player_points_alternate,the-odds-api,2026-08-22T21:39:39.275008+00:00
2026-08-22,d2c4b90e59812d0ba7bb21319e5c25a6,Connecticut Sun @ Los Angeles Sparks,2026-08-23T01:00:00Z,Los Angeles Sparks,Connecticut Sun,Charlisse Leger-Walker,,PTS,OVER,11.5,192,DraftKings,draftkings,player_points_alternate,the-odds-api,2026-08-22T21:39:39.275008+00:00
2026-08-22,d2c4b90e59812d0ba7bb21319e5c25a6,Connecticut Sun @ Los Angeles Sparks,2026-08-23T01:00:00Z,Los Angeles Sparks,Connecticut Sun,Charlisse Leger-Walker,,PTS,OVER,14.5,437,DraftKings,draftkings,player_points_alternate,the-odds-api,2026-08-22T21:39:39.275008+00:00
2026-08-22,d2c4b90e59812d0ba7bb21319e5c25a6,Connecticut Sun @ Los Angeles Sparks,2026-08-23T01:00:00Z,Los Angeles Sparks,Connecticut Sun,Charlisse Leger-Walker,,PTS,OVER,17.5,960,DraftKings,draftkings,player_points_alternate,the-odds-api,2026-08-22T21:39:39.275008+00:00
2026-08-22,d2c4b90e59812d0ba7bb21319e5c25a6,Connecticut Sun @ Los Angeles Sparks,2026-08-23T01:00:00Z,Los Angeles Sparks,Connecticut Sun,Charlisse Leger-Walker,,PTS,OVER,19.5,1560,DraftKings,draftkings,player_points_alternate,the-odds-api,2026-08-22T21:39:39.275008+00:00
2026-08-22,d2c4b90e59812d0ba7bb21319e5c25a6,Connecticut Sun @ Los Angeles Sparks,2026-08-23T01:00:00Z,Los Angeles Sparks,Connecticut Sun,Ariel Atkins,,PTS,OVER,5.5,-366,DraftKings,draftkings,player_points_alternate,the-odds-api,2026-08-22T21:39:39.275008+00:00
2026-08-22,d2c4b90e59812d0ba7bb21319e5c25a6,Connecticut Sun @ Los Angeles Sparks,2026-08-23T01:00:00Z,Los Angeles Sparks,Connecticut Sun,Ariel Atkins,,PTS,OVER,7.5,-166,DraftKings,draftkings,player_points_alternate,the-odds-api,2026-08-22T21:39:39.275008+00:00
2026-08-22,d2c4b90e59812d0ba7bb21319e5c25a6,Connecticut Sun @ Los Angeles Sparks,2026-08-23T01:00:00Z,Los Angeles Sparks,Connecticut Sun,Ariel Atkins,,PTS,OVER,8.5,-118,DraftKings,draftkings,player_points_alternate,the-odds-api,2026-08-22T21:39:39.275008+00:00
2026-08-22,d2c4b90e59812d0ba7bb21319e5c25a6,Connecticut Sun @ Los Angeles Sparks,2026-08-23T01:00:00Z,Los Angeles Sparks,Connecticut Sun,Ariel Atkins,,PTS,OVER,9.5,118,DraftKings,draftkings,player_points_alternate,the-odds-api,2026-08-22T21:39:39.275008+00:00
2026-08-22,d2c4b90e59812d0ba7bb21319e5c25a6,Connecticut Sun @ Los Angeles Sparks,2026-08-23T01:00:00Z,Los Angeles Sparks,Connecticut Sun,Ariel Atkins,,PTS,OVER,11.5,225,DraftKings,draftkings,player_points_alternate,the-odds-api,2026-08-22T21:39:39.275008+00:00
2026-08-22,d2c4b90e59812d0ba7bb21319e5c25a6,Connecticut Sun @ Los Angeles Sparks,2026-08-23T01:00:00Z,Los Angeles Sparks,Connecticut Sun,Ariel Atkins,,PTS,OVER,14.5,559,DraftKings,draftkings,player_points_alternate,the-odds-api,2026-08-22T21:39:39.275008+00:00
2026-08-22,d2c4b90e59812d0ba7bb21319e5c25a6,Connecticut Sun @ Los Angeles Sparks,2026-08-23T01:00:00Z,Los Angeles Sparks,Connecticut Sun,Ariel Atkins,,PTS,OVER,17.5,1260,DraftKings,draftkings,player_points_alternate,the-odds-api,2026-08-22T21:39:39.275008+00:00
2026-08-22,d2c4b90e59812d0ba7bb21319e5c25a6,Connecticut Sun @ Los Angeles Sparks,2026-08-23T01:00:00Z,Los Angeles Sparks,Connecticut Sun,Erica Wheeler,,PTS,OVER,5.5,-336,DraftKings,draftkings,player_points_alternate,the-odds-api,2026-08-22T21:39:39.275008+00:00
2026-08-22,d2c4b90e59812d0ba7bb21319e5c25a6,Connecticut Sun @ Los Angeles Sparks,2026-08-23T01:00:00Z,Los Angeles Sparks,Connecticut Sun,Erica Wheeler,,PTS,OVER,7.5,-152,DraftKings,draftkings,player_points_alternate,the-odds-api,2026-08-22T21:39:39.275008+00:00
2026-08-22,d2c4b90e59812d0ba7bb21319e5c25a6,Connecticut Sun @ Los Angeles Sparks,2026-08-23T01:00:00Z,Los Angeles Sparks,Connecticut Sun,Erica Wheeler,,PTS,OVER,8.5,-107,DraftKings,draftkings,player_points_alternate,the-odds-api,2026-08-22T21:39:39.275008+00:00
2026-08-22,d2c4b90e59812d0ba7bb21319e5c25a6,Connecticut Sun @ Los Angeles Sparks,2026-08-23T01:00:00Z,Los Angeles Sparks,Connecticut Sun,Erica Wheeler,,PTS,OVER,9.5,130,DraftKings,draftkings,player_points_alternate,the-odds-api,2026-08-22T21:39:39.275008+00:00
2026-08-22,d2c4b90e59812d0ba7bb21319e5c25a6,Connecticut Sun @ Los Angeles Sparks,2026-08-23T01:00:00Z,Los Angeles Sparks,Connecticut Sun,Erica Wheeler,,PTS,OVER,11.5,242,DraftKings,draftkings,player_points_alternate,the-odds-api,2026-08-22T21:39:39.275008+00:00
2026-08-22,d2c4b90e59812d0ba7bb21319e5c25a6,Connecticut Sun @ Los Angeles Sparks,2026-08-23T01:00:00Z,Los Angeles Sparks,Connecticut Sun,Erica Wheeler,,PTS,OVER,14.5,588,DraftKings,draftkings,player_points_alternate,the-odds-api,2026-08-22T21:39:39.275008+00:00
2026-08-22,d2c4b90e59812d0ba7bb21319e5c25a6,Connecticut Sun @ Los Angeles Sparks,2026-08-23T01:00:00Z,Los Angeles Sparks,Connecticut Sun,Erica Wheeler,,PTS,OVER,17.5,1300,DraftKings,draftkings,player_points_alternate,the-odds-api,2026-08-22T21:39:39.275008+00:00
2026-08-22,d2c4b90e59812d0ba7bb21319e5c25a6,Connecticut Sun @ Los Angeles Sparks,2026-08-23T01:00:00Z,Los Angeles Sparks,Connecticut Sun,Saniya Rivers,,PTS,OVER,5.5,-291,DraftKings,draftkings,player_points_alternate,the-odds-api,2026-08-22T21:39:39.275008+00:00
2026-08-22,d2c4b90e59812d0ba7bb21319e5c25a6,Connecticut Sun @ Los Angeles Sparks,2026-08-23T01:00:00Z,Los Angeles Sparks,Connecticut Sun,Saniya Rivers,,PTS,OVER,7.5,-132,DraftKings,draftkings,player_points_alternate,the-odds-api,2026-08-22T21:39:39.275008+00:00
2026-08-22,d2c4b90e59812d0ba7bb21319e5c25a6,Connecticut Sun @ Los Angeles Sparks,2026-08-23T01:00:00Z,Los Angeles Sparks,Connecticut Sun,Saniya Rivers,,PTS,OVER,9.5,147,DraftKings,draftkings,player_points_alternate,the-odds-api,2026-08-22T21:39:39.275008+00:00
2026-08-22,d2c4b90e59812d0ba7bb21319e5c25a6,Connecticut Sun @ Los Angeles Sparks,2026-08-23T01:00:00Z,Los Angeles Sparks,Connecticut Sun,Saniya Rivers,,PTS,OVER,11.5,269,DraftKings,draftkings,player_points_alternate,the-odds-api,2026-08-22T21:39:39.275008+00:00
2026-08-22,d2c4b90e59812d0ba7bb21319e5c25a6,Connecticut Sun @ Los Angeles Sparks,2026-08-23T01:00:00Z,Los Angeles Sparks,Connecticut Sun,Saniya Rivers,,PTS,OVER,14.5,660,DraftKings,draftkings,player_points_alternate,the-odds-api,2026-08-22T21:39:39.275008+00:00
2026-08-22,d2c4b90e59812d0ba7bb21319e5c25a6,Connecticut Sun @ Los Angeles Sparks,2026-08-23T01:00:00Z,Los Angeles Sparks,Connecticut Sun,Saniya Rivers,,PTS,OVER,17.5,1420,DraftKings,draftkings,player_points_alternate,the-odds-api,2026-08-22T21:39:39.275008+00:00
2026-08-22,d2c4b90e59812d0ba7bb21319e5c25a6,Connecticut Sun @ Los Angeles Sparks,2026-08-23T01:00:00Z,Los Angeles Sparks,Connecticut Sun,Monique Akoa Makani,,PTS,OVER,5.5,-246,DraftKings,draftkings,player_points_alternate,the-odds-api,2026-08-22T21:39:39.275008+00:00
2026-08-22,d2c4b90e59812d0ba7bb21319e5c25a6,Connecticut Sun @ Los Angeles Sparks,2026-08-23T01:00:00Z,Los Angeles Sparks,Connecticut Sun,Monique Akoa Makani,,PTS,OVER,7.5,-117,DraftKings,draftkings,player_points_alternate,the-odds-api,2026-08-22T21:39:39.275008+00:00
2026-08-22,d2c4b90e59812d0ba7bb21319e5c25a6,Connecticut Sun @ Los Angeles Sparks,2026-08-23T01:00:00Z,Los Angeles Sparks,Connecticut Sun,Monique Akoa Makani,,PTS,OVER,9.5,162,DraftKings,draftkings,player_points_alternate,the-odds-api,2026-08-22T21:39:39.275008+00:00
2026-08-22,d2c4b90e59812d0ba7bb21319e5c25a6,Connecticut Sun @ Los Angeles Sparks,2026-08-23T01:00:00Z,Los Angeles Sparks,Connecticut Sun,Monique Akoa Makani,,PTS,OVER,11.5,293,DraftKings,draftkings,player_points_alternate,the-odds-api,2026-08-22T21:39:39.275008+00:00
2026-08-22,d2c4b90e59812d0ba7bb21319e5c25a6,Connecticut Sun @ Los Angeles Sparks,2026-08-23T01:00:00Z,Los Angeles Sparks,Connecticut Sun,Monique Akoa Makani,,PTS,OVER,14.5,700,DraftKings,draftkings,player_points_alternate,the-odds-api,2026-08-22T21:39:39.275008+00:00
2026-08-22,d2c4b90e59812d0ba7bb21319e5c25a6,Connecticut Sun @ Los Angeles Sparks,2026-08-23T01:00:00Z,Los Angeles Sparks,Connecticut Sun,Monique Akoa Makani,,PTS,OVER,17.5,1520,DraftKings,draftkings,player_points_alternate,the-odds-api,2026-08-22T21:39:39.275008+00:00
2026-08-22,d2c4b90e59812d0ba7bb21319e5c25a6,Connecticut Sun @ Los Angeles Sparks,2026-08-23T01:00:00Z,Los Angeles Sparks,Connecticut Sun,Rae Burrell,,PA,OVER,9.5,-2200,DraftKings,draftkings,player_points_assists_alternate,the-odds-api,2026-08-22T21:39:39.275008+00:00
2026-08-22,d2c4b90e59812d0ba7bb21319e5c25a6,Connecticut Sun @ Los Angeles Sparks,2026-08-23T01:00:00Z,Los Angeles Sparks,Connecticut Sun,Rae Burrell,,PA,OVER,14.5,-308,DraftKings,draftkings,player_points_assists_alternate,the-odds-api,2026-08-22T21:39:39.275008+00:00
2026-08-22,d2c4b90e59812d0ba7bb21319e5c25a6,Connecticut Sun @ Los Angeles Sparks,2026-08-23T01:00:00Z,Los Angeles Sparks,Connecticut Sun,Rae Burrell,,PA,OVER,18.5,-106,DraftKings,draftkings,player_points_assists_alternate,the-odds-api,2026-08-22T21:39:39.275008+00:00
2026-08-22,d2c4b90e59812d0ba7bb21319e5c25a6,Connecticut Sun @ Los Angeles Sparks,2026-08-23T01:00:00Z,Los Angeles Sparks,Connecticut Sun,Rae Burrell,,PA,OVER,19.5,119,DraftKings,draftkings,player_points_assists_alternate,the-odds-api,2026-08-22T21:39:39.275008+00:00
2026-08-22,d2c4b90e59812d0ba7bb21319e5c25a6,Connecticut Sun @ Los Angeles Sparks,2026-08-23T01:00:00Z,Los Angeles Sparks,Connecticut Sun,Rae Burrell,,PA,OVER,24.5,362,DraftKings,draftkings,player_points_assists_alternate,the-odds-api,2026-08-22T21:39:39.275008+00:00
2026-08-22,d2c4b90e59812d0ba7bb21319e5c25a6,Connecticut Sun @ Los Angeles Sparks,2026-08-23T01:00:00Z,Los Angeles Sparks,Connecticut Sun,Rae Burrell,,PA,OVER,29.5,1120,DraftKings,draftkings,player_points_assists_alternate,the-odds-api,2026-08-22T21:39:39.275008+00:00
2026-08-22,d2c4b90e59812d0ba7bb21319e5c25a6,Connecticut Sun @ Los Angeles Sparks,2026-08-23T01:00:00Z,Los Angeles Sparks,Connecticut Sun,Leïla Lacan,,PA,OVER,9.5,-1820,DraftKings,draftkings,player_points_assists_alternate,the-odds-api,2026-08-22T21:39:39.275008+00:00
2026-08-22,d2c4b90e59812d0ba7bb21319e5c25a6,Connecticut Sun @ Los Angeles Sparks,2026-08-23T01:00:00Z,Los Angeles Sparks,Connecticut Sun,Leïla Lacan,,PA,OVER,14.5,-269,DraftKings,draftkings,player_points_assists_alternate,the-odds-api,2026-08-22T21:39:39.275008+00:00
2026-08-22,d2c4b90e59812d0ba7bb21319e5c25a6,Connecticut Sun @ Los Angeles Sparks,2026-08-23T01:00:00Z,Los Angeles Sparks,Connecticut Sun,Leïla Lacan,,PA,OVER,17.5,-123,DraftKings,draftkings,player_points_assists_alternate,the-odds-api,2026-08-22T21:39:39.275008+00:00
2026-08-22,d2c4b90e59812d0ba7bb21319e5c25a6,Connecticut Sun @ Los Angeles Sparks,2026-08-23T01:00:00Z,Los Angeles Sparks,Connecticut Sun,Leïla Lacan,,PA,OVER,19.5,134,DraftKings,draftkings,player_points_assists_alternate,the-odds-api,2026-08-22T21:39:39.275008+00:00
2026-08-22,d2c4b90e59812d0ba7bb21319e5c25a6,Connecticut Sun @ Los Angeles Sparks,2026-08-23T01:00:00Z,Los Angeles Sparks,Connecticut Sun,Leïla Lacan,,PA,OVER,24.5,423,DraftKings,draftkings,player_points_assists_alternate,the-odds-api,2026-08-22T21:39:39.275008+00:00
2026-08-22,d2c4b90e59812d0ba7bb21319e5c25a6,Connecticut Sun @ Los Angeles Sparks,2026-08-23T01:00:00Z,Los Angeles Sparks,Connecticut Sun,Leïla Lacan,,PA,OVER,29.5,1240,DraftKings,draftkings,player_points_assists_alternate,the-odds-api,2026-08-22T21:39:39.275008+00:00
2026-08-22,d2c4b90e59812d0ba7bb21319e5c25a6,Connecticut Sun @ Los Angeles Sparks,2026-08-23T01:00:00Z,Los Angeles Sparks,Connecticut Sun,Nneka Ogwumike,,PA,OVER,9.5,-2300,DraftKings,draftkings,player_points_assists_alternate,the-odds-api,2026-08-22T21:39:39.275008+00:00
2026-08-22,d2c4b90e59812d0ba7bb21319e5c25a6,Connecticut Sun @ Los Angeles Sparks,2026-08-23T01:00:00Z,Los Angeles Sparks,Connecticut Sun,Nneka Ogwumike,,PA,OVER,14.5,-303,DraftKings,draftkings,player_points_assists_alternate,the-odds-api,2026-08-22T21:39:39.275008+00:00
2026-08-22,d2c4b90e59812d0ba7bb21319e5c25a6,Connecticut Sun @ Los Angeles Sparks,2026-08-23T01:00:00Z,Los Angeles Sparks,Connecticut Sun,Nneka Ogwumike,,PA,OVER,17.5,-131,DraftKings,draftkings,player_points_assists_alternate,the-odds-api,2026-08-22T21:39:39.275008+00:00
2026-08-22,d2c4b90e59812d0ba7bb21319e5c25a6,Connecticut Sun @ Los Angeles Sparks,2026-08-23T01:00:00Z,Los Angeles Sparks,Connecticut Sun,Nneka Ogwumike,,PA,OVER,19.5,128,DraftKings,draftkings,player_points_assists_alternate,the-odds-api,2026-08-22T21:39:39.275008+00:00
2026-08-22,d2c4b90e59812d0ba7bb21319e5c25a6,Connecticut Sun @ Los Angeles Sparks,2026-08-23T01:00:00Z,Los Angeles Sparks,Connecticut Sun,Nneka Ogwumike,,PA,OVER,24.5,432,DraftKings,draftkings,player_points_assists_alternate,the-odds-api,2026-08-22T21:39:39.275008+00:00
2026-08-22,d2c4b90e59812d0ba7bb21319e5c25a6,Connecticut Sun @ Los Angeles Sparks,2026-08-23T01:00:00Z,Los Angeles Sparks,Connecticut Sun,Nneka Ogwumike,,PA,OVER,29.5,1360,DraftKings,draftkings,player_points_assists_alternate,the-odds-api,2026-08-22T21:39:39.275008+00:00
2026-08-22,d2c4b90e59812d0ba7bb21319e5c25a6,Connecticut Sun @ Los Angeles Sparks,2026-08-23T01:00:00Z,Los Angeles Sparks,Connecticut Sun,Dearica Hamby,,PA,OVER,9.5,-1600,DraftKings,draftkings,player_points_assists_alternate,the-odds-api,2026-08-22T21:39:39.275008+00:00
2026-08-22,d2c4b90e59812d0ba7bb21319e5c25a6,Connecticut Sun @ Los Angeles Sparks,2026-08-23T01:00:00Z,Los Angeles Sparks,Connecticut Sun,Dearica Hamby,,PA,OVER,14.5,-234,DraftKings,draftkings,player_points_assists_alternate,the-odds-api,2026-08-22T21:39:39.275008+00:00
2026-08-22,d2c4b90e59812d0ba7bb21319e5c25a6,Connecticut Sun @ Los Angeles Sparks,2026-08-23T01:00:00Z,Los Angeles Sparks,Connecticut Sun,Dearica Hamby,,PA,OVER,16.5,-131,DraftKings,draftkings,player_points_assists_alternate,the-odds-api,2026-08-22T21:39:39.275008+00:00
2026-08-22,d2c4b90e59812d0ba7bb21319e5c25a6,Connecticut Sun @ Los Angeles Sparks,2026-08-23T01:00:00Z,Los Angeles Sparks,Connecticut Sun,Dearica Hamby,,PA,OVER,19.5,170,DraftKings,draftkings,player_points_assists_alternate,the-odds-api,2026-08-22T21:39:39.275008+00:00
2026-08-22,d2c4b90e59812d0ba7bb21319e5c25a6,Connecticut Sun @ Los Angeles Sparks,2026-08-23T01:00:00Z,Los Angeles Sparks,Connecticut Sun,Dearica Hamby,,PA,OVER,24.5,591,DraftKings,draftkings,player_points_assists_alternate,the-odds-api,2026-08-22T21:39:39.275008+00:00
2026-08-22,d2c4b90e59812d0ba7bb21319e5c25a6,Connecticut Sun @ Los Angeles Sparks,2026-08-23T01:00:00Z,Los Angeles Sparks,Connecticut Sun,Diamond Miller,,PA,OVER,9.5,-456,DraftKings,draftkings,player_points_assists_alternate,the-odds-api,2026-08-22T21:39:39.275008+00:00
2026-08-22,d2c4b90e59812d0ba7bb21319e5c25a6,Connecticut Sun @ Los Angeles Sparks,2026-08-23T01:00:00Z,Los Angeles Sparks,Connecticut Sun,Diamond Miller,,PA,OVER,13.5,-129,DraftKings,draftkings,player_points_assists_alternate,the-odds-api,2026-08-22T21:39:39.275008+00:00
2026-08-22,d2c4b90e59812d0ba7bb21319e5c25a6,Connecticut Sun @ Los Angeles Sparks,2026-08-23T01:00:00Z,Los Angeles Sparks,Connecticut Sun,Diamond Miller,,PA,OVER,14.5,100,DraftKings,draftkings,player_points_assists_alternate,the-odds-api,2026-08-22T21:39:39.275008+00:00
2026-08-22,d2c4b90e59812d0ba7bb21319e5c25a6,Connecticut Sun @ Los Angeles Sparks,2026-08-23T01:00:00Z,Los Angeles Sparks,Connecticut Sun,Diamond Miller,,PA,OVER,19.5,346,DraftKings,draftkings,player_points_assists_alternate,the-odds-api,2026-08-22T21:39:39.275008+00:00
2026-08-22,d2c4b90e59812d0ba7bb21319e5c25a6,Connecticut Sun @ Los Angeles Sparks,2026-08-23T01:00:00Z,Los Angeles Sparks,Connecticut Sun,Diamond Miller,,PA,OVER,24.5,1080,DraftKings,draftkings,player_points_assists_alternate,the-odds-api,2026-08-22T21:39:39.275008+00:00
2026-08-22,d2c4b90e59812d0ba7bb21319e5c25a6,Connecticut Sun @ Los Angeles Sparks,2026-08-23T01:00:00Z,Los Angeles Sparks,Connecticut Sun,Cameron Brink,,PA,OVER,9.5,-297,DraftKings,draftkings,player_points_assists_alternate,the-odds-api,2026-08-22T21:39:39.275008+00:00
2026-08-22,d2c4b90e59812d0ba7bb21319e5c25a6,Connecticut Sun @ Los Angeles Sparks,2026-08-23T01:00:00Z,Los Angeles Sparks,Connecticut Sun,Cameron Brink,,PA,OVER,12.5,-121,DraftKings,draftkings,player_points_assists_alternate,the-odds-api,2026-08-22T21:39:39.275008+00:00
2026-08-22,d2c4b90e59812d0ba7bb21319e5c25a6,Connecticut Sun @ Los Angeles Sparks,2026-08-23T01:00:00Z,Los Angeles Sparks,Connecticut Sun,Cameron Brink,,PA,OVER,14.5,139,DraftKings,draftkings,player_points_assists_alternate,the-odds-api,2026-08-22T21:39:39.275008+00:00
2026-08-22,d2c4b90e59812d0ba7bb21319e5c25a6,Connecticut Sun @ Los Angeles Sparks,2026-08-23T01:00:00Z,Los Angeles Sparks,Connecticut Sun,Cameron Brink,,PA,OVER,19.5,469,DraftKings,draftkings,player_points_assists_alternate,the-odds-api,2026-08-22T21:39:39.275008+00:00
2026-08-22,d2c4b90e59812d0ba7bb21319e5c25a6,Connecticut Sun @ Los Angeles Sparks,2026-08-23T01:00:00Z,Los Angeles Sparks,Connecticut Sun,Cameron Brink,,PA,OVER,24.5,1360,DraftKings,draftkings,player_points_assists_alternate,the-odds-api,2026-08-22T21:39:39.275008+00:00
2026-08-22,d2c4b90e59812d0ba7bb21319e5c25a6,Connecticut Sun @ Los Angeles Sparks,2026-08-23T01:00:00Z,Los Angeles Sparks,Connecticut Sun,Charlisse Leger-Walker,,PA,OVER,9.5,-395,DraftKings,draftkings,player_points_assists_alternate,the-odds-api,2026-08-22T21:39:39.275008+00:00
2026-08-22,d2c4b90e59812d0ba7bb21319e5c25a6,Connecticut Sun @ Los Angeles Sparks,2026-08-23T01:00:00Z,Los Angeles Sparks,Connecticut Sun,Charlisse Leger-Walker,,PA,OVER,13.5,-110,DraftKings,draftkings,player_points_assists_alternate,the-odds-api,2026-08-22T21:39:39.275008+00:00
2026-08-22,d2c4b90e59812d0ba7bb21319e5c25a6,Connecticut Sun @ Los Angeles Sparks,2026-08-23T01:00:00Z,Los Angeles Sparks,Connecticut Sun,Charlisse Leger-Walker,,PA,OVER,14.5,118,DraftKings,draftkings,player_points_assists_alternate,the-odds-api,2026-08-22T21:39:39.275008+00:00
2026-08-22,d2c4b90e59812d0ba7bb21319e5c25a6,Connecticut Sun @ Los Angeles Sparks,2026-08-23T01:00:00Z,Los Angeles Sparks,Connecticut Sun,Charlisse Leger-Walker,,PA,OVER,19.5,432,DraftKings,draftkings,player_points_assists_alternate,the-odds-api,2026-08-22T21:39:39.275008+00:00
2026-08-22,d2c4b90e59812d0ba7bb21319e5c25a6,Connecticut Sun @ Los Angeles Sparks,2026-08-23T01:00:00Z,Los Angeles Sparks,Connecticut Sun,Charlisse Leger-Walker,,PA,OVER,24.5,1420,DraftKings,draftkings,player_points_assists_alternate,the-odds-api,2026-08-22T21:39:39.275008+00:00
2026-08-22,d2c4b90e59812d0ba7bb21319e5c25a6,Connecticut Sun @ Los Angeles Sparks,2026-08-23T01:00:00Z,Los Angeles Sparks,Connecticut Sun,Erica Wheeler,,PA,OVER,9.5,-394,DraftKings,draftkings,player_points_assists_alternate,the-odds-api,2026-08-22T21:39:39.275008+00:00
2026-08-22,d2c4b90e59812d0ba7bb21319e5c25a6,Connecticut Sun @ Los Angeles Sparks,2026-08-23T01:00:00Z,Los Angeles Sparks,Connecticut Sun,Erica Wheeler,,PA,OVER,12.5,-131,DraftKings,draftkings,player_points_assists_alternate,the-odds-api,2026-08-22T21:39:39.275008+00:00
2026-08-22,d2c4b90e59812d0ba7bb21319e5c25a6,Connecticut Sun @ Los Angeles Sparks,2026-08-23T01:00:00Z,Los Angeles Sparks,Connecticut Sun,Erica Wheeler,,PA,OVER,14.5,140,DraftKings,draftkings,player_points_assists_alternate,the-odds-api,2026-08-22T21:39:39.275008+00:00
2026-08-22,d2c4b90e59812d0ba7bb21319e5c25a6,Connecticut Sun @ Los Angeles Sparks,2026-08-23T01:00:00Z,Los Angeles Sparks,Connecticut Sun,Erica Wheeler,,PA,OVER,19.5,582,DraftKings,draftkings,player_points_assists_alternate,the-odds-api,2026-08-22T21:39:39.275008+00:00
2026-08-22,d2c4b90e59812d0ba7bb21319e5c25a6,Connecticut Sun @ Los Angeles Sparks,2026-08-23T01:00:00Z,Los Angeles Sparks,Connecticut Sun,Kennedy Burke,,PA,OVER,4.5,-1940,DraftKings,draftkings,player_points_assists_alternate,the-odds-api,2026-08-22T21:39:39.275008+00:00
2026-08-22,d2c4b90e59812d0ba7bb21319e5c25a6,Connecticut Sun @ Los Angeles Sparks,2026-08-23T01:00:00Z,Los Angeles Sparks,Connecticut Sun,Kennedy Burke,,PA,OVER,9.5,-190,DraftKings,draftkings,player_points_assists_alternate,the-odds-api,2026-08-22T21:39:39.275008+00:00
2026-08-22,d2c4b90e59812d0ba7bb21319e5c25a6,Connecticut Sun @ Los Angeles Sparks,2026-08-23T01:00:00Z,Los Angeles Sparks,Connecticut Sun,Kennedy Burke,,PA,OVER,11.5,-103,DraftKings,draftkings,player_points_assists_alternate,the-odds-api,2026-08-22T21:39:39.275008+00:00
2026-08-22,d2c4b90e59812d0ba7bb21319e5c25a6,Connecticut Sun @ Los Angeles Sparks,2026-08-23T01:00:00Z,Los Angeles Sparks,Connecticut Sun,Kennedy Burke,,PA,OVER,14.5,224,DraftKings,draftkings,player_points_assists_alternate,the-odds-api,2026-08-22T21:39:39.275008+00:00
2026-08-22,d2c4b90e59812d0ba7bb21319e5c25a6,Connecticut Sun @ Los Angeles Sparks,2026-08-23T01:00:00Z,Los Angeles Sparks,Connecticut Sun,Kennedy Burke,,PA,OVER,19.5,780,DraftKings,draftkings,player_points_assists_alternate,the-odds-api,2026-08-22T21:39:39.275008+00:00
2026-08-22,d2c4b90e59812d0ba7bb21319e5c25a6,Connecticut Sun @ Los Angeles Sparks,2026-08-23T01:00:00Z,Los Angeles Sparks,Connecticut Sun,Saniya Rivers,,PA,OVER,4.5,-3100,DraftKings,draftkings,player_points_assists_alternate,the-odds-api,2026-08-22T21:39:39.275008+00:00
2026-08-22,d2c4b90e59812d0ba7bb21319e5c25a6,Connecticut Sun @ Los Angeles Sparks,2026-08-23T01:00:00Z,Los Angeles Sparks,Connecticut Sun,Saniya Rivers,,PA,OVER,9.5,-204,DraftKings,draftkings,player_points_assists_alternate,the-odds-api,2026-08-22T21:39:39.275008+00:00
2026-08-22,d2c4b90e59812d0ba7bb21319e5c25a6,Connecticut Sun @ Los Angeles Sparks,2026-08-23T01:00:00Z,Los Angeles Sparks,Connecticut Sun,Saniya Rivers,,PA,OVER,11.5,-106,DraftKings,draftkings,player_points_assists_alternate,the-odds-api,2026-08-22T21:39:39.275008+00:00
2026-08-22,d2c4b90e59812d0ba7bb21319e5c25a6,Connecticut Sun @ Los Angeles Sparks,2026-08-23T01:00:00Z,Los Angeles Sparks,Connecticut Sun,Saniya Rivers,,PA,OVER,14.5,221,DraftKings,draftkings,player_points_assists_alternate,the-odds-api,2026-08-22T21:39:39.275008+00:00
2026-08-22,d2c4b90e59812d0ba7bb21319e5c25a6,Connecticut Sun @ Los Angeles Sparks,2026-08-23T01:00:00Z,Los Angeles Sparks,Connecticut Sun,Saniya Rivers,,PA,OVER,19.5,880,DraftKings,draftkings,player_points_assists_alternate,the-odds-api,2026-08-22T21:39:39.275008+00:00
2026-08-22,d2c4b90e59812d0ba7bb21319e5c25a6,Connecticut Sun @ Los Angeles Sparks,2026-08-23T01:00:00Z,Los Angeles Sparks,Connecticut Sun,Ariel Atkins,,PA,OVER,9.5,-222,DraftKings,draftkings,player_points_assists_alternate,the-odds-api,2026-08-22T21:39:39.275008+00:00
2026-08-22,d2c4b90e59812d0ba7bb21319e5c25a6,Connecticut Sun @ Los Angeles Sparks,2026-08-23T01:00:00Z,Los Angeles Sparks,Connecticut Sun,Ariel Atkins,,PA,OVER,11.5,-112,DraftKings,draftkings,player_points_assists_alternate,the-odds-api,2026-08-22T21:39:39.275008+00:00
2026-08-22,d2c4b90e59812d0ba7bb21319e5c25a6,Connecticut Sun @ Los Angeles Sparks,2026-08-23T01:00:00Z,Los Angeles Sparks,Connecticut Sun,Ariel Atkins,,PA,OVER,14.5,221,DraftKings,draftkings,player_points_assists_alternate,the-odds-api,2026-08-22T21:39:39.275008+00:00
2026-08-22,d2c4b90e59812d0ba7bb21319e5c25a6,Connecticut Sun @ Los Angeles Sparks,2026-08-23T01:00:00Z,Los Angeles Sparks,Connecticut Sun,Ariel Atkins,,PA,OVER,19.5,910,DraftKings,draftkings,player_points_assists_alternate,the-odds-api,2026-08-22T21:39:39.275008+00:00
2026-08-22,d2c4b90e59812d0ba7bb21319e5c25a6,Connecticut Sun @ Los Angeles Sparks,2026-08-23T01:00:00Z,Los Angeles Sparks,Connecticut Sun,Olivia Nelson-Ododa,,PR,OVER,14.5,-1300,DraftKings,draftkings,player_points_rebounds_alternate,the-odds-api,2026-08-22T21:39:39.275008+00:00
2026-08-22,d2c4b90e59812d0ba7bb21319e5c25a6,Connecticut Sun @ Los Angeles Sparks,2026-08-23T01:00:00Z,Los Angeles Sparks,Connecticut Sun,Olivia Nelson-Ododa,,PR,OVER,19.5,-277,DraftKings,draftkings,player_points_rebounds_alternate,the-odds-api,2026-08-22T21:39:39.275008+00:00
2026-08-22,d2c4b90e59812d0ba7bb21319e5c25a6,Connecticut Sun @ Los Angeles Sparks,2026-08-23T01:00:00Z,Los Angeles Sparks,Connecticut Sun,Olivia Nelson-Ododa,,PR,OVER,23.5,-112,DraftKings,draftkings,player_points_rebounds_alternate,the-odds-api,2026-08-22T21:39:39.275008+00:00
2026-08-22,d2c4b90e59812d0ba7bb21319e5c25a6,Connecticut Sun @ Los Angeles Sparks,2026-08-23T01:00:00Z,Los Angeles Sparks,Connecticut Sun,Olivia Nelson-Ododa,,PR,OVER,24.5,111,DraftKings,draftkings,player_points_rebounds_alternate,the-odds-api,2026-08-22T21:39:39.275008+00:00
2026-08-22,d2c4b90e59812d0ba7bb21319e5c25a6,Connecticut Sun @ Los Angeles Sparks,2026-08-23T01:00:00Z,Los Angeles Sparks,Connecticut Sun,Olivia Nelson-Ododa,,PR,OVER,29.5,309,DraftKings,draftkings,player_points_rebounds_alternate,the-odds-api,2026-08-22T21:39:39.275008+00:00
2026-08-22,d2c4b90e59812d0ba7bb21319e5c25a6,Connecticut Sun @ Los Angeles Sparks,2026-08-23T01:00:00Z,Los Angeles Sparks,Connecticut Sun,Olivia Nelson-Ododa,,PR,OVER,34.5,820,DraftKings,draftkings,player_points_rebounds_alternate,the-odds-api,2026-08-22T21:39:39.275008+00:00
2026-08-22,d2c4b90e59812d0ba7bb21319e5c25a6,Connecticut Sun @ Los Angeles Sparks,2026-08-23T01:00:00Z,Los Angeles Sparks,Connecticut Sun,Nneka Ogwumike,,PR,OVER,14.5,-1240,DraftKings,draftkings,player_points_rebounds_alternate,the-odds-api,2026-08-22T21:39:39.275008+00:00
2026-08-22,d2c4b90e59812d0ba7bb21319e5c25a6,Connecticut Sun @ Los Angeles Sparks,2026-08-23T01:00:00Z,Los Angeles Sparks,Connecticut Sun,Nneka Ogwumike,,PR,OVER,19.5,-256,DraftKings,draftkings,player_points_rebounds_alternate,the-odds-api,2026-08-22T21:39:39.275008+00:00
2026-08-22,d2c4b90e59812d0ba7bb21319e5c25a6,Connecticut Sun @ Los Angeles Sparks,2026-08-23T01:00:00Z,Los Angeles Sparks,Connecticut Sun,Nneka Ogwumike,,PR,OVER,22.5,-126,DraftKings,draftkings,player_points_rebounds_alternate,the-odds-api,2026-08-22T21:39:39.275008+00:00
2026-08-22,d2c4b90e59812d0ba7bb21319e5c25a6,Connecticut Sun @ Los Angeles Sparks,2026-08-23T01:00:00Z,Los Angeles Sparks,Connecticut Sun,Nneka Ogwumike,,PR,OVER,24.5,126,DraftKings,draftkings,player_points_rebounds_alternate,the-odds-api,2026-08-22T21:39:39.275008+00:00
2026-08-22,d2c4b90e59812d0ba7bb21319e5c25a6,Connecticut Sun @ Los Angeles Sparks,2026-08-23T01:00:00Z,Los Angeles Sparks,Connecticut Sun,Nneka Ogwumike,,PR,OVER,29.5,375,DraftKings,draftkings,player_points_rebounds_alternate,the-odds-api,2026-08-22T21:39:39.275008+00:00
2026-08-22,d2c4b90e59812d0ba7bb21319e5c25a6,Connecticut Sun @ Los Angeles Sparks,2026-08-23T01:00:00Z,Los Angeles Sparks,Connecticut Sun,Nneka Ogwumike,,PR,OVER,34.5,1080,DraftKings,draftkings,player_points_rebounds_alternate,the-odds-api,2026-08-22T21:39:39.275008+00:00
2026-08-22,d2c4b90e59812d0ba7bb21319e5c25a6,Connecticut Sun @ Los Angeles Sparks,2026-08-23T01:00:00Z,Los Angeles Sparks,Connecticut Sun,Dearica Hamby,,PR,OVER,14.5,-810,DraftKings,draftkings,player_points_rebounds_alternate,the-odds-api,2026-08-22T21:39:39.275008+00:00
2026-08-22,d2c4b90e59812d0ba7bb21319e5c25a6,Connecticut Sun @ Los Angeles Sparks,2026-08-23T01:00:00Z,Los Angeles Sparks,Connecticut Sun,Dearica Hamby,,PR,OVER,19.5,-182,DraftKings,draftkings,player_points_rebounds_alternate,the-odds-api,2026-08-22T21:39:39.275008+00:00
2026-08-22,d2c4b90e59812d0ba7bb21319e5c25a6,Connecticut Sun @ Los Angeles Sparks,2026-08-23T01:00:00Z,Los Angeles Sparks,Connecticut Sun,Dearica Hamby,,PR,OVER,21.5,-113,DraftKings,draftkings,player_points_rebounds_alternate,the-odds-api,2026-08-22T21:39:39.275008+00:00
2026-08-22,d2c4b90e59812d0ba7bb21319e5c25a6,Connecticut Sun @ Los Angeles Sparks,2026-08-23T01:00:00Z,Los Angeles Sparks,Connecticut Sun,Dearica Hamby,,PR,OVER,24.5,183,DraftKings,draftkings,player_points_rebounds_alternate,the-odds-api,2026-08-22T21:39:39.275008+00:00
2026-08-22,d2c4b90e59812d0ba7bb21319e5c25a6,Connecticut Sun @ Los Angeles Sparks,2026-08-23T01:00:00Z,Los Angeles Sparks,Connecticut Sun,Dearica Hamby,,PR,OVER,29.5,558,DraftKings,draftkings,player_points_rebounds_alternate,the-odds-api,2026-08-22T21:39:39.275008+00:00
2026-08-22,d2c4b90e59812d0ba7bb21319e5c25a6,Connecticut Sun @ Los Angeles Sparks,2026-08-23T01:00:00Z,Los Angeles Sparks,Connecticut Sun,Dearica Hamby,,PR,OVER,34.5,1540,DraftKings,draftkings,player_points_rebounds_alternate,the-odds-api,2026-08-22T21:39:39.275008+00:00
2026-08-22,d2c4b90e59812d0ba7bb21319e5c25a6,Connecticut Sun @ Los Angeles Sparks,2026-08-23T01:00:00Z,Los Angeles Sparks,Connecticut Sun,Cameron Brink,,PR,OVER,9.5,-1260,DraftKings,draftkings,player_points_rebounds_alternate,the-odds-api,2026-08-22T21:39:39.275008+00:00
2026-08-22,d2c4b90e59812d0ba7bb21319e5c25a6,Connecticut Sun @ Los Angeles Sparks,2026-08-23T01:00:00Z,Los Angeles Sparks,Connecticut Sun,Cameron Brink,,PR,OVER,14.5,-232,DraftKings,draftkings,player_points_rebounds_alternate,the-odds-api,2026-08-22T21:39:39.275008+00:00
2026-08-22,d2c4b90e59812d0ba7bb21319e5c25a6,Connecticut Sun @ Los Angeles Sparks,2026-08-23T01:00:00Z,Los Angeles Sparks,Connecticut Sun,Cameron Brink,,PR,OVER,17.5,-112,DraftKings,draftkings,player_points_rebounds_alternate,the-odds-api,2026-08-22T21:39:39.275008+00:00
2026-08-22,d2c4b90e59812d0ba7bb21319e5c25a6,Connecticut Sun @ Los Angeles Sparks,2026-08-23T01:00:00Z,Los Angeles Sparks,Connecticut Sun,Cameron Brink,,PR,OVER,19.5,144,DraftKings,draftkings,player_points_rebounds_alternate,the-odds-api,2026-08-22T21:39:39.275008+00:00
2026-08-22,d2c4b90e59812d0ba7bb21319e5c25a6,Connecticut Sun @ Los Angeles Sparks,2026-08-23T01:00:00Z,Los Angeles Sparks,Connecticut Sun,Cameron Brink,,PR,OVER,24.5,401,DraftKings,draftkings,player_points_rebounds_alternate,the-odds-api,2026-08-22T21:39:39.275008+00:00
2026-08-22,d2c4b90e59812d0ba7bb21319e5c25a6,Connecticut Sun @ Los Angeles Sparks,2026-08-23T01:00:00Z,Los Angeles Sparks,Connecticut Sun,Cameron Brink,,PR,OVER,29.5,1080,DraftKings,draftkings,player_points_rebounds_alternate,the-odds-api,2026-08-22T21:39:39.275008+00:00
2026-08-22,d2c4b90e59812d0ba7bb21319e5c25a6,Connecticut Sun @ Los Angeles Sparks,2026-08-23T01:00:00Z,Los Angeles Sparks,Connecticut Sun,Rae Burrell,,PR,OVER,9.5,-1980,DraftKings,draftkings,player_points_rebounds_alternate,the-odds-api,2026-08-22T21:39:39.275008+00:00
2026-08-22,d2c4b90e59812d0ba7bb21319e5c25a6,Connecticut Sun @ Los Angeles Sparks,2026-08-23T01:00:00Z,Los Angeles Sparks,Connecticut Sun,Rae Burrell,,PR,OVER,14.5,-298,DraftKings,draftkings,player_points_rebounds_alternate,the-odds-api,2026-08-22T21:39:39.275008+00:00
2026-08-22,d2c4b90e59812d0ba7bb21319e5c25a6,Connecticut Sun @ Los Angeles Sparks,2026-08-23T01:00:00Z,Los Angeles Sparks,Connecticut Sun,Rae Burrell,,PR,OVER,18.5,-104,DraftKings,draftkings,player_points_rebounds_alternate,the-odds-api,2026-08-22T21:39:39.275008+00:00
2026-08-22,d2c4b90e59812d0ba7bb21319e5c25a6,Connecticut Sun @ Los Angeles Sparks,2026-08-23T01:00:00Z,Los Angeles Sparks,Connecticut Sun,Rae Burrell,,PR,OVER,19.5,120,DraftKings,draftkings,player_points_rebounds_alternate,the-odds-api,2026-08-22T21:39:39.275008+00:00
2026-08-22,d2c4b90e59812d0ba7bb21319e5c25a6,Connecticut Sun @ Los Angeles Sparks,2026-08-23T01:00:00Z,Los Angeles Sparks,Connecticut Sun,Rae Burrell,,PR,OVER,24.5,363,DraftKings,draftkings,player_points_rebounds_alternate,the-odds-api,2026-08-22T21:39:39.275008+00:00
2026-08-22,d2c4b90e59812d0ba7bb21319e5c25a6,Connecticut Sun @ Los Angeles Sparks,2026-08-23T01:00:00Z,Los Angeles Sparks,Connecticut Sun,Rae Burrell,,PR,OVER,29.5,1080,DraftKings,draftkings,player_points_rebounds_alternate,the-odds-api,2026-08-22T21:39:39.275008+00:00
2026-08-22,d2c4b90e59812d0ba7bb21319e5c25a6,Connecticut Sun @ Los Angeles Sparks,2026-08-23T01:00:00Z,Los Angeles Sparks,Connecticut Sun,Diamond Miller,,PR,OVER,9.5,-720,DraftKings,draftkings,player_points_rebounds_alternate,the-odds-api,2026-08-22T21:39:39.275008+00:00
2026-08-22,d2c4b90e59812d0ba7bb21319e5c25a6,Connecticut Sun @ Los Angeles Sparks,2026-08-23T01:00:00Z,Los Angeles Sparks,Connecticut Sun,Diamond Miller,,PR,OVER,14.5,-148,DraftKings,draftkings,player_points_rebounds_alternate,the-odds-api,2026-08-22T21:39:39.275008+00:00
2026-08-22,d2c4b90e59812d0ba7bb21319e5c25a6,Connecticut Sun @ Los Angeles Sparks,2026-08-23T01:00:00Z,Los Angeles Sparks,Connecticut Sun,Diamond Miller,,PR,OVER,15.5,-114,DraftKings,draftkings,player_points_rebounds_alternate,the-odds-api,2026-08-22T21:39:39.275008+00:00
2026-08-22,d2c4b90e59812d0ba7bb21319e5c25a6,Connecticut Sun @ Los Angeles Sparks,2026-08-23T01:00:00Z,Los Angeles Sparks,Connecticut Sun,Diamond Miller,,PR,OVER,19.5,226,DraftKings,draftkings,player_points_rebounds_alternate,the-odds-api,2026-08-22T21:39:39.275008+00:00
2026-08-22,d2c4b90e59812d0ba7bb21319e5c25a6,Connecticut Sun @ Los Angeles Sparks,2026-08-23T01:00:00Z,Los Angeles Sparks,Connecticut Sun,Diamond Miller,,PR,OVER,24.5,700,DraftKings,draftkings,player_points_rebounds_alternate,the-odds-api,2026-08-22T21:39:39.275008+00:00
2026-08-22,d2c4b90e59812d0ba7bb21319e5c25a6,Connecticut Sun @ Los Angeles Sparks,2026-08-23T01:00:00Z,Los Angeles Sparks,Connecticut Sun,Leïla Lacan,,PR,OVER,9.5,-554,DraftKings,draftkings,player_points_rebounds_alternate,the-odds-api,2026-08-22T21:39:39.275008+00:00
2026-08-22,d2c4b90e59812d0ba7bb21319e5c25a6,Connecticut Sun @ Los Angeles Sparks,2026-08-23T01:00:00Z,Los Angeles Sparks,Connecticut Sun,Leïla Lacan,,PR,OVER,14.5,-118,DraftKings,draftkings,player_points_rebounds_alternate,the-odds-api,2026-08-22T21:39:39.275008+00:00
2026-08-22,d2c4b90e59812d0ba7bb21319e5c25a6,Connecticut Sun @ Los Angeles Sparks,2026-08-23T01:00:00Z,Los Angeles Sparks,Connecticut Sun,Leïla Lacan,,PR,OVER,19.5,282,DraftKings,draftkings,player_points_rebounds_alternate,the-odds-api,2026-08-22T21:39:39.275008+00:00
2026-08-22,d2c4b90e59812d0ba7bb21319e5c25a6,Connecticut Sun @ Los Angeles Sparks,2026-08-23T01:00:00Z,Los Angeles Sparks,Connecticut Sun,Leïla Lacan,,PR,OVER,24.5,860,DraftKings,draftkings,player_points_rebounds_alternate,the-odds-api,2026-08-22T21:39:39.275008+00:00
2026-08-22,d2c4b90e59812d0ba7bb21319e5c25a6,Connecticut Sun @ Los Angeles Sparks,2026-08-23T01:00:00Z,Los Angeles Sparks,Connecticut Sun,Kennedy Burke,,PR,OVER,9.5,-324,DraftKings,draftkings,player_points_rebounds_alternate,the-odds-api,2026-08-22T21:39:39.275008+00:00
2026-08-22,d2c4b90e59812d0ba7bb21319e5c25a6,Connecticut Sun @ Los Angeles Sparks,2026-08-23T01:00:00Z,Los Angeles Sparks,Connecticut Sun,Kennedy Burke,,PR,OVER,12.5,-127,DraftKings,draftkings,player_points_rebounds_alternate,the-odds-api,2026-08-22T21:39:39.275008+00:00
2026-08-22,d2c4b90e59812d0ba7bb21319e5c25a6,Connecticut Sun @ Los Angeles Sparks,2026-08-23T01:00:00Z,Los Angeles Sparks,Connecticut Sun,Kennedy Burke,,PR,OVER,14.5,137,DraftKings,draftkings,player_points_rebounds_alternate,the-odds-api,2026-08-22T21:39:39.275008+00:00
2026-08-22,d2c4b90e59812d0ba7bb21319e5c25a6,Connecticut Sun @ Los Angeles Sparks,2026-08-23T01:00:00Z,Los Angeles Sparks,Connecticut Sun,Kennedy Burke,,PR,OVER,19.5,482,DraftKings,draftkings,player_points_rebounds_alternate,the-odds-api,2026-08-22T21:39:39.275008+00:00
2026-08-22,d2c4b90e59812d0ba7bb21319e5c25a6,Connecticut Sun @ Los Angeles Sparks,2026-08-23T01:00:00Z,Los Angeles Sparks,Connecticut Sun,Kennedy Burke,,PR,OVER,24.5,1440,DraftKings,draftkings,player_points_rebounds_alternate,the-odds-api,2026-08-22T21:39:39.275008+00:00
2026-08-22,d2c4b90e59812d0ba7bb21319e5c25a6,Connecticut Sun @ Los Angeles Sparks,2026-08-23T01:00:00Z,Los Angeles Sparks,Connecticut Sun,Charlisse Leger-Walker,,PR,OVER,9.5,-272,DraftKings,draftkings,player_points_rebounds_alternate,the-odds-api,2026-08-22T21:39:39.275008+00:00
2026-08-22,d2c4b90e59812d0ba7bb21319e5c25a6,Connecticut Sun @ Los Angeles Sparks,2026-08-23T01:00:00Z,Los Angeles Sparks,Connecticut Sun,Charlisse Leger-Walker,,PR,OVER,12.5,-106,DraftKings,draftkings,player_points_rebounds_alternate,the-odds-api,2026-08-22T21:39:39.275008+00:00
2026-08-22,d2c4b90e59812d0ba7bb21319e5c25a6,Connecticut Sun @ Los Angeles Sparks,2026-08-23T01:00:00Z,Los Angeles Sparks,Connecticut Sun,Charlisse Leger-Walker,,PR,OVER,14.5,160,DraftKings,draftkings,player_points_rebounds_alternate,the-odds-api,2026-08-22T21:39:39.275008+00:00
2026-08-22,d2c4b90e59812d0ba7bb21319e5c25a6,Connecticut Sun @ Los Angeles Sparks,2026-08-23T01:00:00Z,Los Angeles Sparks,Connecticut Sun,Charlisse Leger-Walker,,PR,OVER,19.5,577,DraftKings,draftkings,player_points_rebounds_alternate,the-odds-api,2026-08-22T21:39:39.275008+00:00
2026-08-22,d2c4b90e59812d0ba7bb21319e5c25a6,Connecticut Sun @ Los Angeles Sparks,2026-08-23T01:00:00Z,Los Angeles Sparks,Connecticut Sun,Ariel Atkins,,PR,OVER,4.5,-3100,DraftKings,draftkings,player_points_rebounds_alternate,the-odds-api,2026-08-22T21:39:39.275008+00:00
2026-08-22,d2c4b90e59812d0ba7bb21319e5c25a6,Connecticut Sun @ Los Angeles Sparks,2026-08-23T01:00:00Z,Los Angeles Sparks,Connecticut Sun,Ariel Atkins,,PR,OVER,9.5,-220,DraftKings,draftkings,player_points_rebounds_alternate,the-odds-api,2026-08-22T21:39:39.275008+00:00
2026-08-22,d2c4b90e59812d0ba7bb21319e5c25a6,Connecticut Sun @ Los Angeles Sparks,2026-08-23T01:00:00Z,Los Angeles Sparks,Connecticut Sun,Ariel Atkins,,PR,OVER,11.5,-114,DraftKings,draftkings,player_points_rebounds_alternate,the-odds-api,2026-08-22T21:39:39.275008+00:00
2026-08-22,d2c4b90e59812d0ba7bb21319e5c25a6,Connecticut Sun @ Los Angeles Sparks,2026-08-23T01:00:00Z,Los Angeles Sparks,Connecticut Sun,Ariel Atkins,,PR,OVER,14.5,217,DraftKings,draftkings,player_points_rebounds_alternate,the-odds-api,2026-08-22T21:39:39.275008+00:00
2026-08-22,d2c4b90e59812d0ba7bb21319e5c25a6,Connecticut Sun @ Los Angeles Sparks,2026-08-23T01:00:00Z,Los Angeles Sparks,Connecticut Sun,Ariel Atkins,,PR,OVER,19.5,850,DraftKings,draftkings,player_points_rebounds_alternate,the-odds-api,2026-08-22T21:39:39.275008+00:00
2026-08-22,d2c4b90e59812d0ba7bb21319e5c25a6,Connecticut Sun @ Los Angeles Sparks,2026-08-23T01:00:00Z,Los Angeles Sparks,Connecticut Sun,Erica Wheeler,,PR,OVER,4.5,-1800,DraftKings,draftkings,player_points_rebounds_alternate,the-odds-api,2026-08-22T21:39:39.275008+00:00
2026-08-22,d2c4b90e59812d0ba7bb21319e5c25a6,Connecticut Sun @ Los Angeles Sparks,2026-08-23T01:00:00Z,Los Angeles Sparks,Connecticut Sun,Erica Wheeler,,PR,OVER,9.5,-162,DraftKings,draftkings,player_points_rebounds_alternate,the-odds-api,2026-08-22T21:39:39.275008+00:00
2026-08-22,d2c4b90e59812d0ba7bb21319e5c25a6,Connecticut Sun @ Los Angeles Sparks,2026-08-23T01:00:00Z,Los Angeles Sparks,Connecticut Sun,Erica Wheeler,,PR,OVER,10.5,-116,DraftKings,draftkings,player_points_rebounds_alternate,the-odds-api,2026-08-22T21:39:39.275008+00:00
2026-08-22,d2c4b90e59812d0ba7bb21319e5c25a6,Connecticut Sun @ Los Angeles Sparks,2026-08-23T01:00:00Z,Los Angeles Sparks,Connecticut Sun,Erica Wheeler,,PR,OVER,14.5,293,DraftKings,draftkings,player_points_rebounds_alternate,the-odds-api,2026-08-22T21:39:39.275008+00:00
2026-08-22,d2c4b90e59812d0ba7bb21319e5c25a6,Connecticut Sun @ Los Angeles Sparks,2026-08-23T01:00:00Z,Los Angeles Sparks,Connecticut Sun,Erica Wheeler,,PR,OVER,19.5,1100,DraftKings,draftkings,player_points_rebounds_alternate,the-odds-api,2026-08-22T21:39:39.275008+00:00
2026-08-22,d2c4b90e59812d0ba7bb21319e5c25a6,Connecticut Sun @ Los Angeles Sparks,2026-08-23T01:00:00Z,Los Angeles Sparks,Connecticut Sun,Nneka Ogwumike,,PRA,OVER,19.5,-516,DraftKings,draftkings,player_points_rebounds_assists_alternate,the-odds-api,2026-08-22T21:39:39.275008+00:00
2026-08-22,d2c4b90e59812d0ba7bb21319e5c25a6,Connecticut Sun @ Los Angeles Sparks,2026-08-23T01:00:00Z,Los Angeles Sparks,Connecticut Sun,Nneka Ogwumike,,PRA,OVER,24.5,-146,DraftKings,draftkings,player_points_rebounds_assists_alternate,the-odds-api,2026-08-22T21:39:39.275008+00:00
2026-08-22,d2c4b90e59812d0ba7bb21319e5c25a6,Connecticut Sun @ Los Angeles Sparks,2026-08-23T01:00:00Z,Los Angeles Sparks,Connecticut Sun,Nneka Ogwumike,,PRA,OVER,25.5,-117,DraftKings,draftkings,player_points_rebounds_assists_alternate,the-odds-api,2026-08-22T21:39:39.275008+00:00
2026-08-22,d2c4b90e59812d0ba7bb21319e5c25a6,Connecticut Sun @ Los Angeles Sparks,2026-08-23T01:00:00Z,Los Angeles Sparks,Connecticut Sun,Nneka Ogwumike,,PRA,OVER,29.5,205,DraftKings,draftkings,player_points_rebounds_assists_alternate,the-odds-api,2026-08-22T21:39:39.275008+00:00
2026-08-22,d2c4b90e59812d0ba7bb21319e5c25a6,Connecticut Sun @ Los Angeles Sparks,2026-08-23T01:00:00Z,Los Angeles Sparks,Connecticut Sun,Nneka Ogwumike,,PRA,OVER,34.5,590,DraftKings,draftkings,player_points_rebounds_assists_alternate,the-odds-api,2026-08-22T21:39:39.275008+00:00
2026-08-22,d2c4b90e59812d0ba7bb21319e5c25a6,Connecticut Sun @ Los Angeles Sparks,2026-08-23T01:00:00Z,Los Angeles Sparks,Connecticut Sun,Nneka Ogwumike,,PRA,OVER,39.5,1560,DraftKings,draftkings,player_points_rebounds_assists_alternate,the-odds-api,2026-08-22T21:39:39.275008+00:00
2026-08-22,d2c4b90e59812d0ba7bb21319e5c25a6,Connecticut Sun @ Los Angeles Sparks,2026-08-23T01:00:00Z,Los Angeles Sparks,Connecticut Sun,Dearica Hamby,,PRA,OVER,14.5,-1940,DraftKings,draftkings,player_points_rebounds_assists_alternate,the-odds-api,2026-08-22T21:39:39.275008+00:00
2026-08-22,d2c4b90e59812d0ba7bb21319e5c25a6,Connecticut Sun @ Los Angeles Sparks,2026-08-23T01:00:00Z,Los Angeles Sparks,Connecticut Sun,Dearica Hamby,,PRA,OVER,19.5,-341,DraftKings,draftkings,player_points_rebounds_assists_alternate,the-odds-api,2026-08-22T21:39:39.275008+00:00
2026-08-22,d2c4b90e59812d0ba7bb21319e5c25a6,Connecticut Sun @ Los Angeles Sparks,2026-08-23T01:00:00Z,Los Angeles Sparks,Connecticut Sun,Dearica Hamby,,PRA,OVER,23.5,-125,DraftKings,draftkings,player_points_rebounds_assists_alternate,the-odds-api,2026-08-22T21:39:39.275008+00:00
2026-08-22,d2c4b90e59812d0ba7bb21319e5c25a6,Connecticut Sun @ Los Angeles Sparks,2026-08-23T01:00:00Z,Los Angeles Sparks,Connecticut Sun,Dearica Hamby,,PRA,OVER,24.5,101,DraftKings,draftkings,player_points_rebounds_assists_alternate,the-odds-api,2026-08-22T21:39:39.275008+00:00
2026-08-22,d2c4b90e59812d0ba7bb21319e5c25a6,Connecticut Sun @ Los Angeles Sparks,2026-08-23T01:00:00Z,Los Angeles Sparks,Connecticut Sun,Dearica Hamby,,PRA,OVER,29.5,308,DraftKings,draftkings,player_points_rebounds_assists_alternate,the-odds-api,2026-08-22T21:39:39.275008+00:00
2026-08-22,d2c4b90e59812d0ba7bb21319e5c25a6,Connecticut Sun @ Los Angeles Sparks,2026-08-23T01:00:00Z,Los Angeles Sparks,Connecticut Sun,Dearica Hamby,,PRA,OVER,34.5,910,DraftKings,draftkings,player_points_rebounds_assists_alternate,the-odds-api,2026-08-22T21:39:39.275008+00:00
2026-08-22,d2c4b90e59812d0ba7bb21319e5c25a6,Connecticut Sun @ Los Angeles Sparks,2026-08-23T01:00:00Z,Los Angeles Sparks,Connecticut Sun,Rae Burrell,,PRA,OVER,14.5,-690,DraftKings,draftkings,player_points_rebounds_assists_alternate,the-odds-api,2026-08-22T21:39:39.275008+00:00
2026-08-22,d2c4b90e59812d0ba7bb21319e5c25a6,Connecticut Sun @ Los Angeles Sparks,2026-08-23T01:00:00Z,Los Angeles Sparks,Connecticut Sun,Rae Burrell,,PRA,OVER,19.5,-166,DraftKings,draftkings,player_points_rebounds_assists_alternate,the-odds-api,2026-08-22T21:39:39.275008+00:00
2026-08-22,d2c4b90e59812d0ba7bb21319e5c25a6,Connecticut Sun @ Los Angeles Sparks,2026-08-23T01:00:00Z,Los Angeles Sparks,Connecticut Sun,Rae Burrell,,PRA,OVER,20.5,-129,DraftKings,draftkings,player_points_rebounds_assists_alternate,the-odds-api,2026-08-22T21:39:39.275008+00:00
2026-08-22,d2c4b90e59812d0ba7bb21319e5c25a6,Connecticut Sun @ Los Angeles Sparks,2026-08-23T01:00:00Z,Los Angeles Sparks,Connecticut Sun,Rae Burrell,,PRA,OVER,24.5,189,DraftKings,draftkings,player_points_rebounds_assists_alternate,the-odds-api,2026-08-22T21:39:39.275008+00:00
2026-08-22,d2c4b90e59812d0ba7bb21319e5c25a6,Connecticut Sun @ Los Angeles Sparks,2026-08-23T01:00:00Z,Los Angeles Sparks,Connecticut Sun,Rae Burrell,,PRA,OVER,29.5,558,DraftKings,draftkings,player_points_rebounds_assists_alternate,the-odds-api,2026-08-22T21:39:39.275008+00:00
2026-08-22,d2c4b90e59812d0ba7bb21319e5c25a6,Connecticut Sun @ Los Angeles Sparks,2026-08-23T01:00:00Z,Los Angeles Sparks,Connecticut Sun,Rae Burrell,,PRA,OVER,34.5,1560,DraftKings,draftkings,player_points_rebounds_assists_alternate,the-odds-api,2026-08-22T21:39:39.275008+00:00
2026-08-22,d2c4b90e59812d0ba7bb21319e5c25a6,Connecticut Sun @ Los Angeles Sparks,2026-08-23T01:00:00Z,Los Angeles Sparks,Connecticut Sun,Leïla Lacan,,PRA,OVER,14.5,-507,DraftKings,draftkings,player_points_rebounds_assists_alternate,the-odds-api,2026-08-22T21:39:39.275008+00:00
2026-08-22,d2c4b90e59812d0ba7bb21319e5c25a6,Connecticut Sun @ Los Angeles Sparks,2026-08-23T01:00:00Z,Los Angeles Sparks,Connecticut Sun,Leïla Lacan,,PRA,OVER,19.5,-132,DraftKings,draftkings,player_points_rebounds_assists_alternate,the-odds-api,2026-08-22T21:39:39.275008+00:00
2026-08-22,d2c4b90e59812d0ba7bb21319e5c25a6,Connecticut Sun @ Los Angeles Sparks,2026-08-23T01:00:00Z,Los Angeles Sparks,Connecticut Sun,Leïla Lacan,,PRA,OVER,24.5,234,DraftKings,draftkings,player_points_rebounds_assists_alternate,the-odds-api,2026-08-22T21:39:39.275008+00:00
2026-08-22,d2c4b90e59812d0ba7bb21319e5c25a6,Connecticut Sun @ Los Angeles Sparks,2026-08-23T01:00:00Z,Los Angeles Sparks,Connecticut Sun,Leïla Lacan,,PRA,OVER,29.5,670,DraftKings,draftkings,player_points_rebounds_assists_alternate,the-odds-api,2026-08-22T21:39:39.275008+00:00
2026-08-22,d2c4b90e59812d0ba7bb21319e5c25a6,Connecticut Sun @ Los Angeles Sparks,2026-08-23T01:00:00Z,Los Angeles Sparks,Connecticut Sun,Cameron Brink,,PRA,OVER,9.5,-2800,DraftKings,draftkings,player_points_rebounds_assists_alternate,the-odds-api,2026-08-22T21:39:39.275008+00:00
2026-08-22,d2c4b90e59812d0ba7bb21319e5c25a6,Connecticut Sun @ Los Angeles Sparks,2026-08-23T01:00:00Z,Los Angeles Sparks,Connecticut Sun,Cameron Brink,,PRA,OVER,14.5,-373,DraftKings,draftkings,player_points_rebounds_assists_alternate,the-odds-api,2026-08-22T21:39:39.275008+00:00
2026-08-22,d2c4b90e59812d0ba7bb21319e5c25a6,Connecticut Sun @ Los Angeles Sparks,2026-08-23T01:00:00Z,Los Angeles Sparks,Connecticut Sun,Cameron Brink,,PRA,OVER,19.5,-107,DraftKings,draftkings,player_points_rebounds_assists_alternate,the-odds-api,2026-08-22T21:39:39.275008+00:00
2026-08-22,d2c4b90e59812d0ba7bb21319e5c25a6,Connecticut Sun @ Los Angeles Sparks,2026-08-23T01:00:00Z,Los Angeles Sparks,Connecticut Sun,Cameron Brink,,PRA,OVER,24.5,269,DraftKings,draftkings,player_points_rebounds_assists_alternate,the-odds-api,2026-08-22T21:39:39.275008+00:00
2026-08-22,d2c4b90e59812d0ba7bb21319e5c25a6,Connecticut Sun @ Los Angeles Sparks,2026-08-23T01:00:00Z,Los Angeles Sparks,Connecticut Sun,Cameron Brink,,PRA,OVER,29.5,710,DraftKings,draftkings,player_points_rebounds_assists_alternate,the-odds-api,2026-08-22T21:39:39.275008+00:00
2026-08-22,d2c4b90e59812d0ba7bb21319e5c25a6,Connecticut Sun @ Los Angeles Sparks,2026-08-23T01:00:00Z,Los Angeles Sparks,Connecticut Sun,Diamond Miller,,PRA,OVER,9.5,-1520,DraftKings,draftkings,player_points_rebounds_assists_alternate,the-odds-api,2026-08-22T21:39:39.275008+00:00
2026-08-22,d2c4b90e59812d0ba7bb21319e5c25a6,Connecticut Sun @ Los Angeles Sparks,2026-08-23T01:00:00Z,Los Angeles Sparks,Connecticut Sun,Diamond Miller,,PRA,OVER,14.5,-254,DraftKings,draftkings,player_points_rebounds_assists_alternate,the-odds-api,2026-08-22T21:39:39.275008+00:00
2026-08-22,d2c4b90e59812d0ba7bb21319e5c25a6,Connecticut Sun @ Los Angeles Sparks,2026-08-23T01:00:00Z,Los Angeles Sparks,Connecticut Sun,Diamond Miller,,PRA,OVER,17.5,-118,DraftKings,draftkings,player_points_rebounds_assists_alternate,the-odds-api,2026-08-22T21:39:39.275008+00:00
2026-08-22,d2c4b90e59812d0ba7bb21319e5c25a6,Connecticut Sun @ Los Angeles Sparks,2026-08-23T01:00:00Z,Los Angeles Sparks,Connecticut Sun,Diamond Miller,,PRA,OVER,19.5,138,DraftKings,draftkings,player_points_rebounds_assists_alternate,the-odds-api,2026-08-22T21:39:39.275008+00:00
2026-08-22,d2c4b90e59812d0ba7bb21319e5c25a6,Connecticut Sun @ Los Angeles Sparks,2026-08-23T01:00:00Z,Los Angeles Sparks,Connecticut Sun,Diamond Miller,,PRA,OVER,24.5,405,DraftKings,draftkings,player_points_rebounds_assists_alternate,the-odds-api,2026-08-22T21:39:39.275008+00:00
2026-08-22,d2c4b90e59812d0ba7bb21319e5c25a6,Connecticut Sun @ Los Angeles Sparks,2026-08-23T01:00:00Z,Los Angeles Sparks,Connecticut Sun,Diamond Miller,,PRA,OVER,29.5,1180,DraftKings,draftkings,player_points_rebounds_assists_alternate,the-odds-api,2026-08-22T21:39:39.275008+00:00
2026-08-22,d2c4b90e59812d0ba7bb21319e5c25a6,Connecticut Sun @ Los Angeles Sparks,2026-08-23T01:00:00Z,Los Angeles Sparks,Connecticut Sun,Charlisse Leger-Walker,,PRA,OVER,9.5,-1240,DraftKings,draftkings,player_points_rebounds_assists_alternate,the-odds-api,2026-08-22T21:39:39.275008+00:00
2026-08-22,d2c4b90e59812d0ba7bb21319e5c25a6,Connecticut Sun @ Los Angeles Sparks,2026-08-23T01:00:00Z,Los Angeles Sparks,Connecticut Sun,Charlisse Leger-Walker,,PRA,OVER,14.5,-205,DraftKings,draftkings,player_points_rebounds_assists_alternate,the-odds-api,2026-08-22T21:39:39.275008+00:00
2026-08-22,d2c4b90e59812d0ba7bb21319e5c25a6,Connecticut Sun @ Los Angeles Sparks,2026-08-23T01:00:00Z,Los Angeles Sparks,Connecticut Sun,Charlisse Leger-Walker,,PRA,OVER,16.5,-121,DraftKings,draftkings,player_points_rebounds_assists_alternate,the-odds-api,2026-08-22T21:39:39.275008+00:00
2026-08-22,d2c4b90e59812d0ba7bb21319e5c25a6,Connecticut Sun @ Los Angeles Sparks,2026-08-23T01:00:00Z,Los Angeles Sparks,Connecticut Sun,Charlisse Leger-Walker,,PRA,OVER,19.5,175,DraftKings,draftkings,player_points_rebounds_assists_alternate,the-odds-api,2026-08-22T21:39:39.275008+00:00
2026-08-22,d2c4b90e59812d0ba7bb21319e5c25a6,Connecticut Sun @ Los Angeles Sparks,2026-08-23T01:00:00Z,Los Angeles Sparks,Connecticut Sun,Charlisse Leger-Walker,,PRA,OVER,24.5,574,DraftKings,draftkings,player_points_rebounds_assists_alternate,the-odds-api,2026-08-22T21:39:39.275008+00:00
2026-08-22,d2c4b90e59812d0ba7bb21319e5c25a6,Connecticut Sun @ Los Angeles Sparks,2026-08-23T01:00:00Z,Los Angeles Sparks,Connecticut Sun,Charlisse Leger-Walker,,PRA,OVER,29.5,1580,DraftKings,draftkings,player_points_rebounds_assists_alternate,the-odds-api,2026-08-22T21:39:39.275008+00:00
2026-08-22,d2c4b90e59812d0ba7bb21319e5c25a6,Connecticut Sun @ Los Angeles Sparks,2026-08-23T01:00:00Z,Los Angeles Sparks,Connecticut Sun,Kennedy Burke,,PRA,OVER,9.5,-590,DraftKings,draftkings,player_points_rebounds_assists_alternate,the-odds-api,2026-08-22T21:39:39.275008+00:00
2026-08-22,d2c4b90e59812d0ba7bb21319e5c25a6,Connecticut Sun @ Los Angeles Sparks,2026-08-23T01:00:00Z,Los Angeles Sparks,Connecticut Sun,Kennedy Burke,,PRA,OVER,14.5,-121,DraftKings,draftkings,player_points_rebounds_assists_alternate,the-odds-api,2026-08-22T21:39:39.275008+00:00
2026-08-22,d2c4b90e59812d0ba7bb21319e5c25a6,Connecticut Sun @ Los Angeles Sparks,2026-08-23T01:00:00Z,Los Angeles Sparks,Connecticut Sun,Kennedy Burke,,PRA,OVER,19.5,294,DraftKings,draftkings,player_points_rebounds_assists_alternate,the-odds-api,2026-08-22T21:39:39.275008+00:00
2026-08-22,d2c4b90e59812d0ba7bb21319e5c25a6,Connecticut Sun @ Los Angeles Sparks,2026-08-23T01:00:00Z,Los Angeles Sparks,Connecticut Sun,Kennedy Burke,,PRA,OVER,24.5,940,DraftKings,draftkings,player_points_rebounds_assists_alternate,the-odds-api,2026-08-22T21:39:39.275008+00:00
2026-08-22,d2c4b90e59812d0ba7bb21319e5c25a6,Connecticut Sun @ Los Angeles Sparks,2026-08-23T01:00:00Z,Los Angeles Sparks,Connecticut Sun,Erica Wheeler,,PRA,OVER,9.5,-920,DraftKings,draftkings,player_points_rebounds_assists_alternate,the-odds-api,2026-08-22T21:39:39.275008+00:00
2026-08-22,d2c4b90e59812d0ba7bb21319e5c25a6,Connecticut Sun @ Los Angeles Sparks,2026-08-23T01:00:00Z,Los Angeles Sparks,Connecticut Sun,Erica Wheeler,,PRA,OVER,14.5,-140,DraftKings,draftkings,player_points_rebounds_assists_alternate,the-odds-api,2026-08-22T21:39:39.275008+00:00
2026-08-22,d2c4b90e59812d0ba7bb21319e5c25a6,Connecticut Sun @ Los Angeles Sparks,2026-08-23T01:00:00Z,Los Angeles Sparks,Connecticut Sun,Erica Wheeler,,PRA,OVER,15.5,-104,DraftKings,draftkings,player_points_rebounds_assists_alternate,the-odds-api,2026-08-22T21:39:39.275008+00:00
2026-08-22,d2c4b90e59812d0ba7bb21319e5c25a6,Connecticut Sun @ Los Angeles Sparks,2026-08-23T01:00:00Z,Los Angeles Sparks,Connecticut Sun,Erica Wheeler,,PRA,OVER,19.5,301,DraftKings,draftkings,player_points_rebounds_assists_alternate,the-odds-api,2026-08-22T21:39:39.275008+00:00
2026-08-22,d2c4b90e59812d0ba7bb21319e5c25a6,Connecticut Sun @ Los Angeles Sparks,2026-08-23T01:00:00Z,Los Angeles Sparks,Connecticut Sun,Erica Wheeler,,PRA,OVER,24.5,1080,DraftKings,draftkings,player_points_rebounds_assists_alternate,the-odds-api,2026-08-22T21:39:39.275008+00:00
2026-08-22,d2c4b90e59812d0ba7bb21319e5c25a6,Connecticut Sun @ Los Angeles Sparks,2026-08-23T01:00:00Z,Los Angeles Sparks,Connecticut Sun,Ariel Atkins,,PRA,OVER,9.5,-620,DraftKings,draftkings,player_points_rebounds_assists_alternate,the-odds-api,2026-08-22T21:39:39.275008+00:00
2026-08-22,d2c4b90e59812d0ba7bb21319e5c25a6,Connecticut Sun @ Los Angeles Sparks,2026-08-23T01:00:00Z,Los Angeles Sparks,Connecticut Sun,Ariel Atkins,,PRA,OVER,14.5,-111,DraftKings,draftkings,player_points_rebounds_assists_alternate,the-odds-api,2026-08-22T21:39:39.275008+00:00
2026-08-22,d2c4b90e59812d0ba7bb21319e5c25a6,Connecticut Sun @ Los Angeles Sparks,2026-08-23T01:00:00Z,Los Angeles Sparks,Connecticut Sun,Ariel Atkins,,PRA,OVER,19.5,372,DraftKings,draftkings,player_points_rebounds_assists_alternate,the-odds-api,2026-08-22T21:39:39.275008+00:00
2026-08-22,d2c4b90e59812d0ba7bb21319e5c25a6,Connecticut Sun @ Los Angeles Sparks,2026-08-23T01:00:00Z,Los Angeles Sparks,Connecticut Sun,Ariel Atkins,,PRA,OVER,24.5,1300,DraftKings,draftkings,player_points_rebounds_assists_alternate,the-odds-api,2026-08-22T21:39:39.275008+00:00
2026-08-22,d2c4b90e59812d0ba7bb21319e5c25a6,Connecticut Sun @ Los Angeles Sparks,2026-08-23T01:00:00Z,Los Angeles Sparks,Connecticut Sun,Olivia Nelson-Ododa,,REB,OVER,4.5,-1640,DraftKings,draftkings,player_rebounds_alternate,the-odds-api,2026-08-22T21:39:39.275008+00:00
2026-08-22,d2c4b90e59812d0ba7bb21319e5c25a6,Connecticut Sun @ Los Angeles Sparks,2026-08-23T01:00:00Z,Los Angeles Sparks,Connecticut Sun,Olivia Nelson-Ododa,,REB,OVER,5.5,-720,DraftKings,draftkings,player_rebounds_alternate,the-odds-api,2026-08-22T21:39:39.275008+00:00
2026-08-22,d2c4b90e59812d0ba7bb21319e5c25a6,Connecticut Sun @ Los Angeles Sparks,2026-08-23T01:00:00Z,Los Angeles Sparks,Connecticut Sun,Olivia Nelson-Ododa,,REB,OVER,6.5,-381,DraftKings,draftkings,player_rebounds_alternate,the-odds-api,2026-08-22T21:39:39.275008+00:00
2026-08-22,d2c4b90e59812d0ba7bb21319e5c25a6,Connecticut Sun @ Los Angeles Sparks,2026-08-23T01:00:00Z,Los Angeles Sparks,Connecticut Sun,Olivia Nelson-Ododa,,REB,OVER,7.5,-217,DraftKings,draftkings,player_rebounds_alternate,the-odds-api,2026-08-22T21:39:39.275008+00:00
2026-08-22,d2c4b90e59812d0ba7bb21319e5c25a6,Connecticut Sun @ Los Angeles Sparks,2026-08-23T01:00:00Z,Los Angeles Sparks,Connecticut Sun,Olivia Nelson-Ododa,,REB,OVER,8.5,-133,DraftKings,draftkings,player_rebounds_alternate,the-odds-api,2026-08-22T21:39:39.275008+00:00
2026-08-22,d2c4b90e59812d0ba7bb21319e5c25a6,Connecticut Sun @ Los Angeles Sparks,2026-08-23T01:00:00Z,Los Angeles Sparks,Connecticut Sun,Olivia Nelson-Ododa,,REB,OVER,9.5,119,DraftKings,draftkings,player_rebounds_alternate,the-odds-api,2026-08-22T21:39:39.275008+00:00
2026-08-22,d2c4b90e59812d0ba7bb21319e5c25a6,Connecticut Sun @ Los Angeles Sparks,2026-08-23T01:00:00Z,Los Angeles Sparks,Connecticut Sun,Olivia Nelson-Ododa,,REB,OVER,10.5,185,DraftKings,draftkings,player_rebounds_alternate,the-odds-api,2026-08-22T21:39:39.275008+00:00
2026-08-22,d2c4b90e59812d0ba7bb21319e5c25a6,Connecticut Sun @ Los Angeles Sparks,2026-08-23T01:00:00Z,Los Angeles Sparks,Connecticut Sun,Olivia Nelson-Ododa,,REB,OVER,11.5,280,DraftKings,draftkings,player_rebounds_alternate,the-odds-api,2026-08-22T21:39:39.275008+00:00
2026-08-22,d2c4b90e59812d0ba7bb21319e5c25a6,Connecticut Sun @ Los Angeles Sparks,2026-08-23T01:00:00Z,Los Angeles Sparks,Connecticut Sun,Olivia Nelson-Ododa,,REB,OVER,12.5,420,DraftKings,draftkings,player_rebounds_alternate,the-odds-api,2026-08-22T21:39:39.275008+00:00
2026-08-22,d2c4b90e59812d0ba7bb21319e5c25a6,Connecticut Sun @ Los Angeles Sparks,2026-08-23T01:00:00Z,Los Angeles Sparks,Connecticut Sun,Olivia Nelson-Ododa,,REB,OVER,13.5,620,DraftKings,draftkings,player_rebounds_alternate,the-odds-api,2026-08-22T21:39:39.275008+00:00
2026-08-22,d2c4b90e59812d0ba7bb21319e5c25a6,Connecticut Sun @ Los Angeles Sparks,2026-08-23T01:00:00Z,Los Angeles Sparks,Connecticut Sun,Olivia Nelson-Ododa,,REB,OVER,14.5,910,DraftKings,draftkings,player_rebounds_alternate,the-odds-api,2026-08-22T21:39:39.275008+00:00
2026-08-22,d2c4b90e59812d0ba7bb21319e5c25a6,Connecticut Sun @ Los Angeles Sparks,2026-08-23T01:00:00Z,Los Angeles Sparks,Connecticut Sun,Olivia Nelson-Ododa,,REB,OVER,15.5,1380,DraftKings,draftkings,player_rebounds_alternate,the-odds-api,2026-08-22T21:39:39.275008+00:00
2026-08-22,d2c4b90e59812d0ba7bb21319e5c25a6,Connecticut Sun @ Los Angeles Sparks,2026-08-23T01:00:00Z,Los Angeles Sparks,Connecticut Sun,Nneka Ogwumike,,REB,OVER,3.5,-1460,DraftKings,draftkings,player_rebounds_alternate,the-odds-api,2026-08-22T21:39:39.275008+00:00
2026-08-22,d2c4b90e59812d0ba7bb21319e5c25a6,Connecticut Sun @ Los Angeles Sparks,2026-08-23T01:00:00Z,Los Angeles Sparks,Connecticut Sun,Nneka Ogwumike,,REB,OVER,4.5,-610,DraftKings,draftkings,player_rebounds_alternate,the-odds-api,2026-08-22T21:39:39.275008+00:00
2026-08-22,d2c4b90e59812d0ba7bb21319e5c25a6,Connecticut Sun @ Los Angeles Sparks,2026-08-23T01:00:00Z,Los Angeles Sparks,Connecticut Sun,Nneka Ogwumike,,REB,OVER,5.5,-307,DraftKings,draftkings,player_rebounds_alternate,the-odds-api,2026-08-22T21:39:39.275008+00:00
2026-08-22,d2c4b90e59812d0ba7bb21319e5c25a6,Connecticut Sun @ Los Angeles Sparks,2026-08-23T01:00:00Z,Los Angeles Sparks,Connecticut Sun,Nneka Ogwumike,,REB,OVER,6.5,-172,DraftKings,draftkings,player_rebounds_alternate,the-odds-api,2026-08-22T21:39:39.275008+00:00
2026-08-22,d2c4b90e59812d0ba7bb21319e5c25a6,Connecticut Sun @ Los Angeles Sparks,2026-08-23T01:00:00Z,Los Angeles Sparks,Connecticut Sun,Nneka Ogwumike,,REB,OVER,7.5,-101,DraftKings,draftkings,player_rebounds_alternate,the-odds-api,2026-08-22T21:39:39.275008+00:00
2026-08-22,d2c4b90e59812d0ba7bb21319e5c25a6,Connecticut Sun @ Los Angeles Sparks,2026-08-23T01:00:00Z,Los Angeles Sparks,Connecticut Sun,Nneka Ogwumike,,REB,OVER,8.5,163,DraftKings,draftkings,player_rebounds_alternate,the-odds-api,2026-08-22T21:39:39.275008+00:00
2026-08-22,d2c4b90e59812d0ba7bb21319e5c25a6,Connecticut Sun @ Los Angeles Sparks,2026-08-23T01:00:00Z,Los Angeles Sparks,Connecticut Sun,Nneka Ogwumike,,REB,OVER,9.5,262,DraftKings,draftkings,player_rebounds_alternate,the-odds-api,2026-08-22T21:39:39.275008+00:00
2026-08-22,d2c4b90e59812d0ba7bb21319e5c25a6,Connecticut Sun @ Los Angeles Sparks,2026-08-23T01:00:00Z,Los Angeles Sparks,Connecticut Sun,Nneka Ogwumike,,REB,OVER,10.5,411,DraftKings,draftkings,player_rebounds_alternate,the-odds-api,2026-08-22T21:39:39.275008+00:00
2026-08-22,d2c4b90e59812d0ba7bb21319e5c25a6,Connecticut Sun @ Los Angeles Sparks,2026-08-23T01:00:00Z,Los Angeles Sparks,Connecticut Sun,Nneka Ogwumike,,REB,OVER,11.5,650,DraftKings,draftkings,player_rebounds_alternate,the-odds-api,2026-08-22T21:39:39.275008+00:00
2026-08-22,d2c4b90e59812d0ba7bb21319e5c25a6,Connecticut Sun @ Los Angeles Sparks,2026-08-23T01:00:00Z,Los Angeles Sparks,Connecticut Sun,Nneka Ogwumike,,REB,OVER,12.5,1000,DraftKings,draftkings,player_rebounds_alternate,the-odds-api,2026-08-22T21:39:39.275008+00:00
2026-08-22,d2c4b90e59812d0ba7bb21319e5c25a6,Connecticut Sun @ Los Angeles Sparks,2026-08-23T01:00:00Z,Los Angeles Sparks,Connecticut Sun,Nneka Ogwumike,,REB,OVER,13.5,1500,DraftKings,draftkings,player_rebounds_alternate,the-odds-api,2026-08-22T21:39:39.275008+00:00
2026-08-22,d2c4b90e59812d0ba7bb21319e5c25a6,Connecticut Sun @ Los Angeles Sparks,2026-08-23T01:00:00Z,Los Angeles Sparks,Connecticut Sun,Dearica Hamby,,REB,OVER,3.5,-1120,DraftKings,draftkings,player_rebounds_alternate,the-odds-api,2026-08-22T21:39:39.275008+00:00
2026-08-22,d2c4b90e59812d0ba7bb21319e5c25a6,Connecticut Sun @ Los Angeles Sparks,2026-08-23T01:00:00Z,Los Angeles Sparks,Connecticut Sun,Dearica Hamby,,REB,OVER,4.5,-469,DraftKings,draftkings,player_rebounds_alternate,the-odds-api,2026-08-22T21:39:39.275008+00:00
2026-08-22,d2c4b90e59812d0ba7bb21319e5c25a6,Connecticut Sun @ Los Angeles Sparks,2026-08-23T01:00:00Z,Los Angeles Sparks,Connecticut Sun,Dearica Hamby,,REB,OVER,5.5,-228,DraftKings,draftkings,player_rebounds_alternate,the-odds-api,2026-08-22T21:39:39.275008+00:00
2026-08-22,d2c4b90e59812d0ba7bb21319e5c25a6,Connecticut Sun @ Los Angeles Sparks,2026-08-23T01:00:00Z,Los Angeles Sparks,Connecticut Sun,Dearica Hamby,,REB,OVER,6.5,-124,DraftKings,draftkings,player_rebounds_alternate,the-odds-api,2026-08-22T21:39:39.275008+00:00
2026-08-22,d2c4b90e59812d0ba7bb21319e5c25a6,Connecticut Sun @ Los Angeles Sparks,2026-08-23T01:00:00Z,Los Angeles Sparks,Connecticut Sun,Dearica Hamby,,REB,OVER,7.5,140,DraftKings,draftkings,player_rebounds_alternate,the-odds-api,2026-08-22T21:39:39.275008+00:00
2026-08-22,d2c4b90e59812d0ba7bb21319e5c25a6,Connecticut Sun @ Los Angeles Sparks,2026-08-23T01:00:00Z,Los Angeles Sparks,Connecticut Sun,Dearica Hamby,,REB,OVER,8.5,239,DraftKings,draftkings,player_rebounds_alternate,the-odds-api,2026-08-22T21:39:39.275008+00:00
2026-08-22,d2c4b90e59812d0ba7bb21319e5c25a6,Connecticut Sun @ Los Angeles Sparks,2026-08-23T01:00:00Z,Los Angeles Sparks,Connecticut Sun,Dearica Hamby,,REB,OVER,9.5,401,DraftKings,draftkings,player_rebounds_alternate,the-odds-api,2026-08-22T21:39:39.275008+00:00
2026-08-22,d2c4b90e59812d0ba7bb21319e5c25a6,Connecticut Sun @ Los Angeles Sparks,2026-08-23T01:00:00Z,Los Angeles Sparks,Connecticut Sun,Dearica Hamby,,REB,OVER,10.5,660,DraftKings,draftkings,player_rebounds_alternate,the-odds-api,2026-08-22T21:39:39.275008+00:00
2026-08-22,d2c4b90e59812d0ba7bb21319e5c25a6,Connecticut Sun @ Los Angeles Sparks,2026-08-23T01:00:00Z,Los Angeles Sparks,Connecticut Sun,Dearica Hamby,,REB,OVER,11.5,1080,DraftKings,draftkings,player_rebounds_alternate,the-odds-api,2026-08-22T21:39:39.275008+00:00
2026-08-22,d2c4b90e59812d0ba7bb21319e5c25a6,Connecticut Sun @ Los Angeles Sparks,2026-08-23T01:00:00Z,Los Angeles Sparks,Connecticut Sun,Cameron Brink,,REB,OVER,2.5,-2300,DraftKings,draftkings,player_rebounds_alternate,the-odds-api,2026-08-22T21:39:39.275008+00:00
2026-08-22,d2c4b90e59812d0ba7bb21319e5c25a6,Connecticut Sun @ Los Angeles Sparks,2026-08-23T01:00:00Z,Los Angeles Sparks,Connecticut Sun,Cameron Brink,,REB,OVER,3.5,-710,DraftKings,draftkings,player_rebounds_alternate,the-odds-api,2026-08-22T21:39:39.275008+00:00
2026-08-22,d2c4b90e59812d0ba7bb21319e5c25a6,Connecticut Sun @ Los Angeles Sparks,2026-08-23T01:00:00Z,Los Angeles Sparks,Connecticut Sun,Cameron Brink,,REB,OVER,4.5,-329,DraftKings,draftkings,player_rebounds_alternate,the-odds-api,2026-08-22T21:39:39.275008+00:00
2026-08-22,d2c4b90e59812d0ba7bb21319e5c25a6,Connecticut Sun @ Los Angeles Sparks,2026-08-23T01:00:00Z,Los Angeles Sparks,Connecticut Sun,Cameron Brink,,REB,OVER,5.5,-170,DraftKings,draftkings,player_rebounds_alternate,the-odds-api,2026-08-22T21:39:39.275008+00:00
2026-08-22,d2c4b90e59812d0ba7bb21319e5c25a6,Connecticut Sun @ Los Angeles Sparks,2026-08-23T01:00:00Z,Los Angeles Sparks,Connecticut Sun,Cameron Brink,,REB,OVER,6.5,104,DraftKings,draftkings,player_rebounds_alternate,the-odds-api,2026-08-22T21:39:39.275008+00:00
2026-08-22,d2c4b90e59812d0ba7bb21319e5c25a6,Connecticut Sun @ Los Angeles Sparks,2026-08-23T01:00:00Z,Los Angeles Sparks,Connecticut Sun,Cameron Brink,,REB,OVER,7.5,174,DraftKings,draftkings,player_rebounds_alternate,the-odds-api,2026-08-22T21:39:39.275008+00:00
2026-08-22,d2c4b90e59812d0ba7bb21319e5c25a6,Connecticut Sun @ Los Angeles Sparks,2026-08-23T01:00:00Z,Los Angeles Sparks,Connecticut Sun,Cameron Brink,,REB,OVER,8.5,284,DraftKings,draftkings,player_rebounds_alternate,the-odds-api,2026-08-22T21:39:39.275008+00:00
2026-08-22,d2c4b90e59812d0ba7bb21319e5c25a6,Connecticut Sun @ Los Angeles Sparks,2026-08-23T01:00:00Z,Los Angeles Sparks,Connecticut Sun,Cameron Brink,,REB,OVER,9.5,460,DraftKings,draftkings,player_rebounds_alternate,the-odds-api,2026-08-22T21:39:39.275008+00:00
2026-08-22,d2c4b90e59812d0ba7bb21319e5c25a6,Connecticut Sun @ Los Angeles Sparks,2026-08-23T01:00:00Z,Los Angeles Sparks,Connecticut Sun,Cameron Brink,,REB,OVER,10.5,740,DraftKings,draftkings,player_rebounds_alternate,the-odds-api,2026-08-22T21:39:39.275008+00:00
2026-08-22,d2c4b90e59812d0ba7bb21319e5c25a6,Connecticut Sun @ Los Angeles Sparks,2026-08-23T01:00:00Z,Los Angeles Sparks,Connecticut Sun,Cameron Brink,,REB,OVER,11.5,1180,DraftKings,draftkings,player_rebounds_alternate,the-odds-api,2026-08-22T21:39:39.275008+00:00
2026-08-22,d2c4b90e59812d0ba7bb21319e5c25a6,Connecticut Sun @ Los Angeles Sparks,2026-08-23T01:00:00Z,Los Angeles Sparks,Connecticut Sun,Diamond Miller,,REB,OVER,2.5,-260,DraftKings,draftkings,player_rebounds_alternate,the-odds-api,2026-08-22T21:39:39.275008+00:00
2026-08-22,d2c4b90e59812d0ba7bb21319e5c25a6,Connecticut Sun @ Los Angeles Sparks,2026-08-23T01:00:00Z,Los Angeles Sparks,Connecticut Sun,Diamond Miller,,REB,OVER,3.5,-107,DraftKings,draftkings,player_rebounds_alternate,the-odds-api,2026-08-22T21:39:39.275008+00:00
2026-08-22,d2c4b90e59812d0ba7bb21319e5c25a6,Connecticut Sun @ Los Angeles Sparks,2026-08-23T01:00:00Z,Los Angeles Sparks,Connecticut Sun,Diamond Miller,,REB,OVER,4.5,198,DraftKings,draftkings,player_rebounds_alternate,the-odds-api,2026-08-22T21:39:39.275008+00:00
2026-08-22,d2c4b90e59812d0ba7bb21319e5c25a6,Connecticut Sun @ Los Angeles Sparks,2026-08-23T01:00:00Z,Los Angeles Sparks,Connecticut Sun,Diamond Miller,,REB,OVER,5.5,394,DraftKings,draftkings,player_rebounds_alternate,the-odds-api,2026-08-22T21:39:39.275008+00:00
2026-08-22,d2c4b90e59812d0ba7bb21319e5c25a6,Connecticut Sun @ Los Angeles Sparks,2026-08-23T01:00:00Z,Los Angeles Sparks,Connecticut Sun,Diamond Miller,,REB,OVER,6.5,730,DraftKings,draftkings,player_rebounds_alternate,the-odds-api,2026-08-22T21:39:39.275008+00:00
2026-08-22,d2c4b90e59812d0ba7bb21319e5c25a6,Connecticut Sun @ Los Angeles Sparks,2026-08-23T01:00:00Z,Los Angeles Sparks,Connecticut Sun,Diamond Miller,,REB,OVER,7.5,1360,DraftKings,draftkings,player_rebounds_alternate,the-odds-api,2026-08-22T21:39:39.275008+00:00
2026-08-22,d2c4b90e59812d0ba7bb21319e5c25a6,Connecticut Sun @ Los Angeles Sparks,2026-08-23T01:00:00Z,Los Angeles Sparks,Connecticut Sun,Kennedy Burke,,REB,OVER,2.5,-225,DraftKings,draftkings,player_rebounds_alternate,the-odds-api,2026-08-22T21:39:39.275008+00:00
2026-08-22,d2c4b90e59812d0ba7bb21319e5c25a6,Connecticut Sun @ Los Angeles Sparks,2026-08-23T01:00:00Z,Los Angeles Sparks,Connecticut Sun,Kennedy Burke,,REB,OVER,3.5,105,DraftKings,draftkings,player_rebounds_alternate,the-odds-api,2026-08-22T21:39:39.275008+00:00
2026-08-22,d2c4b90e59812d0ba7bb21319e5c25a6,Connecticut Sun @ Los Angeles Sparks,2026-08-23T01:00:00Z,Los Angeles Sparks,Connecticut Sun,Kennedy Burke,,REB,OVER,4.5,226,DraftKings,draftkings,player_rebounds_alternate,the-odds-api,2026-08-22T21:39:39.275008+00:00
2026-08-22,d2c4b90e59812d0ba7bb21319e5c25a6,Connecticut Sun @ Los Angeles Sparks,2026-08-23T01:00:00Z,Los Angeles Sparks,Connecticut Sun,Kennedy Burke,,REB,OVER,5.5,451,DraftKings,draftkings,player_rebounds_alternate,the-odds-api,2026-08-22T21:39:39.275008+00:00
2026-08-22,d2c4b90e59812d0ba7bb21319e5c25a6,Connecticut Sun @ Los Angeles Sparks,2026-08-23T01:00:00Z,Los Angeles Sparks,Connecticut Sun,Kennedy Burke,,REB,OVER,6.5,880,DraftKings,draftkings,player_rebounds_alternate,the-odds-api,2026-08-22T21:39:39.275008+00:00
2026-08-22,d2c4b90e59812d0ba7bb21319e5c25a6,Connecticut Sun @ Los Angeles Sparks,2026-08-23T01:00:00Z,Los Angeles Sparks,Connecticut Sun,Kennedy Burke,,REB,OVER,7.5,1580,DraftKings,draftkings,player_rebounds_alternate,the-odds-api,2026-08-22T21:39:39.275008+00:00
2026-08-22,d2c4b90e59812d0ba7bb21319e5c25a6,Connecticut Sun @ Los Angeles Sparks,2026-08-23T01:00:00Z,Los Angeles Sparks,Connecticut Sun,Charlisse Leger-Walker,,REB,OVER,2.5,-202,DraftKings,draftkings,player_rebounds_alternate,the-odds-api,2026-08-22T21:39:39.275008+00:00
2026-08-22,d2c4b90e59812d0ba7bb21319e5c25a6,Connecticut Sun @ Los Angeles Sparks,2026-08-23T01:00:00Z,Los Angeles Sparks,Connecticut Sun,Charlisse Leger-Walker,,REB,OVER,3.5,118,DraftKings,draftkings,player_rebounds_alternate,the-odds-api,2026-08-22T21:39:39.275008+00:00
2026-08-22,d2c4b90e59812d0ba7bb21319e5c25a6,Connecticut Sun @ Los Angeles Sparks,2026-08-23T01:00:00Z,Los Angeles Sparks,Connecticut Sun,Charlisse Leger-Walker,,REB,OVER,4.5,257,DraftKings,draftkings,player_rebounds_alternate,the-odds-api,2026-08-22T21:39:39.275008+00:00
2026-08-22,d2c4b90e59812d0ba7bb21319e5c25a6,Connecticut Sun @ Los Angeles Sparks,2026-08-23T01:00:00Z,Los Angeles Sparks,Connecticut Sun,Charlisse Leger-Walker,,REB,OVER,5.5,520,DraftKings,draftkings,player_rebounds_alternate,the-odds-api,2026-08-22T21:39:39.275008+00:00
2026-08-22,d2c4b90e59812d0ba7bb21319e5c25a6,Connecticut Sun @ Los Angeles Sparks,2026-08-23T01:00:00Z,Los Angeles Sparks,Connecticut Sun,Charlisse Leger-Walker,,REB,OVER,6.5,1040,DraftKings,draftkings,player_rebounds_alternate,the-odds-api,2026-08-22T21:39:39.275008+00:00
2026-08-22,d2c4b90e59812d0ba7bb21319e5c25a6,Connecticut Sun @ Los Angeles Sparks,2026-08-23T01:00:00Z,Los Angeles Sparks,Connecticut Sun,Saniya Rivers,,REB,OVER,2.5,-155,DraftKings,draftkings,player_rebounds_alternate,the-odds-api,2026-08-22T21:39:39.275008+00:00
2026-08-22,d2c4b90e59812d0ba7bb21319e5c25a6,Connecticut Sun @ Los Angeles Sparks,2026-08-23T01:00:00Z,Los Angeles Sparks,Connecticut Sun,Saniya Rivers,,REB,OVER,3.5,145,DraftKings,draftkings,player_rebounds_alternate,the-odds-api,2026-08-22T21:39:39.275008+00:00
2026-08-22,d2c4b90e59812d0ba7bb21319e5c25a6,Connecticut Sun @ Los Angeles Sparks,2026-08-23T01:00:00Z,Los Angeles Sparks,Connecticut Sun,Saniya Rivers,,REB,OVER,4.5,291,DraftKings,draftkings,player_rebounds_alternate,the-odds-api,2026-08-22T21:39:39.275008+00:00
2026-08-22,d2c4b90e59812d0ba7bb21319e5c25a6,Connecticut Sun @ Los Angeles Sparks,2026-08-23T01:00:00Z,Los Angeles Sparks,Connecticut Sun,Saniya Rivers,,REB,OVER,5.5,568,DraftKings,draftkings,player_rebounds_alternate,the-odds-api,2026-08-22T21:39:39.275008+00:00
2026-08-22,d2c4b90e59812d0ba7bb21319e5c25a6,Connecticut Sun @ Los Angeles Sparks,2026-08-23T01:00:00Z,Los Angeles Sparks,Connecticut Sun,Saniya Rivers,,REB,OVER,6.5,1040,DraftKings,draftkings,player_rebounds_alternate,the-odds-api,2026-08-22T21:39:39.275008+00:00
2026-08-22,d2c4b90e59812d0ba7bb21319e5c25a6,Connecticut Sun @ Los Angeles Sparks,2026-08-23T01:00:00Z,Los Angeles Sparks,Connecticut Sun,Ariel Atkins,,REB,OVER,2.5,-137,DraftKings,draftkings,player_rebounds_alternate,the-odds-api,2026-08-22T21:39:39.275008+00:00
2026-08-22,d2c4b90e59812d0ba7bb21319e5c25a6,Connecticut Sun @ Los Angeles Sparks,2026-08-23T01:00:00Z,Los Angeles Sparks,Connecticut Sun,Ariel Atkins,,REB,OVER,3.5,174,DraftKings,draftkings,player_rebounds_alternate,the-odds-api,2026-08-22T21:39:39.275008+00:00
2026-08-22,d2c4b90e59812d0ba7bb21319e5c25a6,Connecticut Sun @ Los Angeles Sparks,2026-08-23T01:00:00Z,Los Angeles Sparks,Connecticut Sun,Ariel Atkins,,REB,OVER,4.5,391,DraftKings,draftkings,player_rebounds_alternate,the-odds-api,2026-08-22T21:39:39.275008+00:00
2026-08-22,d2c4b90e59812d0ba7bb21319e5c25a6,Connecticut Sun @ Los Angeles Sparks,2026-08-23T01:00:00Z,Los Angeles Sparks,Connecticut Sun,Ariel Atkins,,REB,OVER,5.5,830,DraftKings,draftkings,player_rebounds_alternate,the-odds-api,2026-08-22T21:39:39.275008+00:00
2026-08-22,d2c4b90e59812d0ba7bb21319e5c25a6,Connecticut Sun @ Los Angeles Sparks,2026-08-23T01:00:00Z,Los Angeles Sparks,Connecticut Sun,Ariel Atkins,,REB,OVER,6.5,1640,DraftKings,draftkings,player_rebounds_alternate,the-odds-api,2026-08-22T21:39:39.275008+00:00
2026-08-22,d2c4b90e59812d0ba7bb21319e5c25a6,Connecticut Sun @ Los Angeles Sparks,2026-08-23T01:00:00Z,Los Angeles Sparks,Connecticut Sun,Rae Burrell,,REB,OVER,2.5,-129,DraftKings,draftkings,player_rebounds_alternate,the-odds-api,2026-08-22T21:39:39.275008+00:00
2026-08-22,d2c4b90e59812d0ba7bb21319e5c25a6,Connecticut Sun @ Los Angeles Sparks,2026-08-23T01:00:00Z,Los Angeles Sparks,Connecticut Sun,Rae Burrell,,REB,OVER,3.5,191,DraftKings,draftkings,player_rebounds_alternate,the-odds-api,2026-08-22T21:39:39.275008+00:00
2026-08-22,d2c4b90e59812d0ba7bb21319e5c25a6,Connecticut Sun @ Los Angeles Sparks,2026-08-23T01:00:00Z,Los Angeles Sparks,Connecticut Sun,Rae Burrell,,REB,OVER,4.5,422,DraftKings,draftkings,player_rebounds_alternate,the-odds-api,2026-08-22T21:39:39.275008+00:00
2026-08-22,d2c4b90e59812d0ba7bb21319e5c25a6,Connecticut Sun @ Los Angeles Sparks,2026-08-23T01:00:00Z,Los Angeles Sparks,Connecticut Sun,Rae Burrell,,REB,OVER,5.5,910,DraftKings,draftkings,player_rebounds_alternate,the-odds-api,2026-08-22T21:39:39.275008+00:00
2026-08-22,d2c4b90e59812d0ba7bb21319e5c25a6,Connecticut Sun @ Los Angeles Sparks,2026-08-23T01:00:00Z,Los Angeles Sparks,Connecticut Sun,Leïla Lacan,,REB,OVER,2.5,131,DraftKings,draftkings,player_rebounds_alternate,the-odds-api,2026-08-22T21:39:39.275008+00:00
2026-08-22,d2c4b90e59812d0ba7bb21319e5c25a6,Connecticut Sun @ Los Angeles Sparks,2026-08-23T01:00:00Z,Los Angeles Sparks,Connecticut Sun,Leïla Lacan,,REB,OVER,3.5,322,DraftKings,draftkings,player_rebounds_alternate,the-odds-api,2026-08-22T21:39:39.275008+00:00
2026-08-22,d2c4b90e59812d0ba7bb21319e5c25a6,Connecticut Sun @ Los Angeles Sparks,2026-08-23T01:00:00Z,Los Angeles Sparks,Connecticut Sun,Leïla Lacan,,REB,OVER,4.5,730,DraftKings,draftkings,player_rebounds_alternate,the-odds-api,2026-08-22T21:39:39.275008+00:00
2026-08-22,d2c4b90e59812d0ba7bb21319e5c25a6,Connecticut Sun @ Los Angeles Sparks,2026-08-23T01:00:00Z,Los Angeles Sparks,Connecticut Sun,Leïla Lacan,,REB,OVER,5.5,1560,DraftKings,draftkings,player_rebounds_alternate,the-odds-api,2026-08-22T21:39:39.275008+00:00
2026-08-22,d2c4b90e59812d0ba7bb21319e5c25a6,Connecticut Sun @ Los Angeles Sparks,2026-08-23T01:00:00Z,Los Angeles Sparks,Connecticut Sun,Rae Burrell,,3PM,OVER,0.5,-1100,DraftKings,draftkings,player_threes_alternate,the-odds-api,2026-08-22T21:39:39.275008+00:00
2026-08-22,d2c4b90e59812d0ba7bb21319e5c25a6,Connecticut Sun @ Los Angeles Sparks,2026-08-23T01:00:00Z,Los Angeles Sparks,Connecticut Sun,Rae Burrell,,3PM,OVER,1.5,-207,DraftKings,draftkings,player_threes_alternate,the-odds-api,2026-08-22T21:39:39.275008+00:00
2026-08-22,d2c4b90e59812d0ba7bb21319e5c25a6,Connecticut Sun @ Los Angeles Sparks,2026-08-23T01:00:00Z,Los Angeles Sparks,Connecticut Sun,Rae Burrell,,3PM,OVER,2.5,143,DraftKings,draftkings,player_threes_alternate,the-odds-api,2026-08-22T21:39:39.275008+00:00
2026-08-22,d2c4b90e59812d0ba7bb21319e5c25a6,Connecticut Sun @ Los Angeles Sparks,2026-08-23T01:00:00Z,Los Angeles Sparks,Connecticut Sun,Rae Burrell,,3PM,OVER,3.5,361,DraftKings,draftkings,player_threes_alternate,the-odds-api,2026-08-22T21:39:39.275008+00:00
2026-08-22,d2c4b90e59812d0ba7bb21319e5c25a6,Connecticut Sun @ Los Angeles Sparks,2026-08-23T01:00:00Z,Los Angeles Sparks,Connecticut Sun,Rae Burrell,,3PM,OVER,4.5,860,DraftKings,draftkings,player_threes_alternate,the-odds-api,2026-08-22T21:39:39.275008+00:00
2026-08-22,d2c4b90e59812d0ba7bb21319e5c25a6,Connecticut Sun @ Los Angeles Sparks,2026-08-23T01:00:00Z,Los Angeles Sparks,Connecticut Sun,Rae Burrell,,3PM,OVER,5.5,1820,DraftKings,draftkings,player_threes_alternate,the-odds-api,2026-08-22T21:39:39.275008+00:00
2026-08-22,d2c4b90e59812d0ba7bb21319e5c25a6,Connecticut Sun @ Los Angeles Sparks,2026-08-23T01:00:00Z,Los Angeles Sparks,Connecticut Sun,Diamond Miller,,3PM,OVER,0.5,-386,DraftKings,draftkings,player_threes_alternate,the-odds-api,2026-08-22T21:39:39.275008+00:00
2026-08-22,d2c4b90e59812d0ba7bb21319e5c25a6,Connecticut Sun @ Los Angeles Sparks,2026-08-23T01:00:00Z,Los Angeles Sparks,Connecticut Sun,Diamond Miller,,3PM,OVER,1.5,115,DraftKings,draftkings,player_threes_alternate,the-odds-api,2026-08-22T21:39:39.275008+00:00
2026-08-22,d2c4b90e59812d0ba7bb21319e5c25a6,Connecticut Sun @ Los Angeles Sparks,2026-08-23T01:00:00Z,Los Angeles Sparks,Connecticut Sun,Diamond Miller,,3PM,OVER,2.5,345,DraftKings,draftkings,player_threes_alternate,the-odds-api,2026-08-22T21:39:39.275008+00:00
2026-08-22,d2c4b90e59812d0ba7bb21319e5c25a6,Connecticut Sun @ Los Angeles Sparks,2026-08-23T01:00:00Z,Los Angeles Sparks,Connecticut Sun,Diamond Miller,,3PM,OVER,3.5,890,DraftKings,draftkings,player_threes_alternate,the-odds-api,2026-08-22T21:39:39.275008+00:00
2026-08-22,d2c4b90e59812d0ba7bb21319e5c25a6,Connecticut Sun @ Los Angeles Sparks,2026-08-23T01:00:00Z,Los Angeles Sparks,Connecticut Sun,Diamond Miller,,3PM,OVER,4.5,1940,DraftKings,draftkings,player_threes_alternate,the-odds-api,2026-08-22T21:39:39.275008+00:00
2026-08-22,d2c4b90e59812d0ba7bb21319e5c25a6,Connecticut Sun @ Los Angeles Sparks,2026-08-23T01:00:00Z,Los Angeles Sparks,Connecticut Sun,Kennedy Burke,,3PM,OVER,0.5,-344,DraftKings,draftkings,player_threes_alternate,the-odds-api,2026-08-22T21:39:39.275008+00:00
2026-08-22,d2c4b90e59812d0ba7bb21319e5c25a6,Connecticut Sun @ Los Angeles Sparks,2026-08-23T01:00:00Z,Los Angeles Sparks,Connecticut Sun,Kennedy Burke,,3PM,OVER,1.5,129,DraftKings,draftkings,player_threes_alternate,the-odds-api,2026-08-22T21:39:39.275008+00:00
2026-08-22,d2c4b90e59812d0ba7bb21319e5c25a6,Connecticut Sun @ Los Angeles Sparks,2026-08-23T01:00:00Z,Los Angeles Sparks,Connecticut Sun,Kennedy Burke,,3PM,OVER,2.5,381,DraftKings,draftkings,player_threes_alternate,the-odds-api,2026-08-22T21:39:39.275008+00:00
2026-08-22,d2c4b90e59812d0ba7bb21319e5c25a6,Connecticut Sun @ Los Angeles Sparks,2026-08-23T01:00:00Z,Los Angeles Sparks,Connecticut Sun,Kennedy Burke,,3PM,OVER,3.5,970,DraftKings,draftkings,player_threes_alternate,the-odds-api,2026-08-22T21:39:39.275008+00:00
2026-08-22,d2c4b90e59812d0ba7bb21319e5c25a6,Connecticut Sun @ Los Angeles Sparks,2026-08-23T01:00:00Z,Los Angeles Sparks,Connecticut Sun,Kennedy Burke,,3PM,OVER,4.5,2100,DraftKings,draftkings,player_threes_alternate,the-odds-api,2026-08-22T21:39:39.275008+00:00
2026-08-22,d2c4b90e59812d0ba7bb21319e5c25a6,Connecticut Sun @ Los Angeles Sparks,2026-08-23T01:00:00Z,Los Angeles Sparks,Connecticut Sun,Charlisse Leger-Walker,,3PM,OVER,0.5,-282,DraftKings,draftkings,player_threes_alternate,the-odds-api,2026-08-22T21:39:39.275008+00:00
2026-08-22,d2c4b90e59812d0ba7bb21319e5c25a6,Connecticut Sun @ Los Angeles Sparks,2026-08-23T01:00:00Z,Los Angeles Sparks,Connecticut Sun,Charlisse Leger-Walker,,3PM,OVER,1.5,152,DraftKings,draftkings,player_threes_alternate,the-odds-api,2026-08-22T21:39:39.275008+00:00
2026-08-22,d2c4b90e59812d0ba7bb21319e5c25a6,Connecticut Sun @ Los Angeles Sparks,2026-08-23T01:00:00Z,Los Angeles Sparks,Connecticut Sun,Charlisse Leger-Walker,,3PM,OVER,2.5,445,DraftKings,draftkings,player_threes_alternate,the-odds-api,2026-08-22T21:39:39.275008+00:00
2026-08-22,d2c4b90e59812d0ba7bb21319e5c25a6,Connecticut Sun @ Los Angeles Sparks,2026-08-23T01:00:00Z,Los Angeles Sparks,Connecticut Sun,Charlisse Leger-Walker,,3PM,OVER,3.5,1200,DraftKings,draftkings,player_threes_alternate,the-odds-api,2026-08-22T21:39:39.275008+00:00
2026-08-22,d2c4b90e59812d0ba7bb21319e5c25a6,Connecticut Sun @ Los Angeles Sparks,2026-08-23T01:00:00Z,Los Angeles Sparks,Connecticut Sun,Charlisse Leger-Walker,,3PM,OVER,4.5,2500,DraftKings,draftkings,player_threes_alternate,the-odds-api,2026-08-22T21:39:39.275008+00:00
2026-08-22,d2c4b90e59812d0ba7bb21319e5c25a6,Connecticut Sun @ Los Angeles Sparks,2026-08-23T01:00:00Z,Los Angeles Sparks,Connecticut Sun,Nneka Ogwumike,,3PM,OVER,0.5,-301,DraftKings,draftkings,player_threes_alternate,the-odds-api,2026-08-22T21:39:39.275008+00:00
2026-08-22,d2c4b90e59812d0ba7bb21319e5c25a6,Connecticut Sun @ Los Angeles Sparks,2026-08-23T01:00:00Z,Los Angeles Sparks,Connecticut Sun,Nneka Ogwumike,,3PM,OVER,1.5,145,DraftKings,draftkings,player_threes_alternate,the-odds-api,2026-08-22T21:39:39.275008+00:00
2026-08-22,d2c4b90e59812d0ba7bb21319e5c25a6,Connecticut Sun @ Los Angeles Sparks,2026-08-23T01:00:00Z,Los Angeles Sparks,Connecticut Sun,Nneka Ogwumike,,3PM,OVER,2.5,477,DraftKings,draftkings,player_threes_alternate,the-odds-api,2026-08-22T21:39:39.275008+00:00
2026-08-22,d2c4b90e59812d0ba7bb21319e5c25a6,Connecticut Sun @ Los Angeles Sparks,2026-08-23T01:00:00Z,Los Angeles Sparks,Connecticut Sun,Nneka Ogwumike,,3PM,OVER,3.5,1320,DraftKings,draftkings,player_threes_alternate,the-odds-api,2026-08-22T21:39:39.275008+00:00
2026-08-22,d2c4b90e59812d0ba7bb21319e5c25a6,Connecticut Sun @ Los Angeles Sparks,2026-08-23T01:00:00Z,Los Angeles Sparks,Connecticut Sun,Nneka Ogwumike,,3PM,OVER,4.5,2800,DraftKings,draftkings,player_threes_alternate,the-odds-api,2026-08-22T21:39:39.275008+00:00
2026-08-22,d2c4b90e59812d0ba7bb21319e5c25a6,Connecticut Sun @ Los Angeles Sparks,2026-08-23T01:00:00Z,Los Angeles Sparks,Connecticut Sun,Erica Wheeler,,3PM,OVER,0.5,-295,DraftKings,draftkings,player_threes_alternate,the-odds-api,2026-08-22T21:39:39.275008+00:00
2026-08-22,d2c4b90e59812d0ba7bb21319e5c25a6,Connecticut Sun @ Los Angeles Sparks,2026-08-23T01:00:00Z,Los Angeles Sparks,Connecticut Sun,Erica Wheeler,,3PM,OVER,1.5,155,DraftKings,draftkings,player_threes_alternate,the-odds-api,2026-08-22T21:39:39.275008+00:00
2026-08-22,d2c4b90e59812d0ba7bb21319e5c25a6,Connecticut Sun @ Los Angeles Sparks,2026-08-23T01:00:00Z,Los Angeles Sparks,Connecticut Sun,Erica Wheeler,,3PM,OVER,2.5,500,DraftKings,draftkings,player_threes_alternate,the-odds-api,2026-08-22T21:39:39.275008+00:00
2026-08-22,d2c4b90e59812d0ba7bb21319e5c25a6,Connecticut Sun @ Los Angeles Sparks,2026-08-23T01:00:00Z,Los Angeles Sparks,Connecticut Sun,Erica Wheeler,,3PM,OVER,3.5,1400,DraftKings,draftkings,player_threes_alternate,the-odds-api,2026-08-22T21:39:39.275008+00:00
2026-08-22,d2c4b90e59812d0ba7bb21319e5c25a6,Connecticut Sun @ Los Angeles Sparks,2026-08-23T01:00:00Z,Los Angeles Sparks,Connecticut Sun,Erica Wheeler,,3PM,OVER,4.5,2900,DraftKings,draftkings,player_threes_alternate,the-odds-api,2026-08-22T21:39:39.275008+00:00
2026-08-22,d2c4b90e59812d0ba7bb21319e5c25a6,Connecticut Sun @ Los Angeles Sparks,2026-08-23T01:00:00Z,Los Angeles Sparks,Connecticut Sun,Ariel Atkins,,3PM,OVER,0.5,-301,DraftKings,draftkings,player_threes_alternate,the-odds-api,2026-08-22T21:39:39.275008+00:00
2026-08-22,d2c4b90e59812d0ba7bb21319e5c25a6,Connecticut Sun @ Los Angeles Sparks,2026-08-23T01:00:00Z,Los Angeles Sparks,Connecticut Sun,Ariel Atkins,,3PM,OVER,1.5,159,DraftKings,draftkings,player_threes_alternate,the-odds-api,2026-08-22T21:39:39.275008+00:00
2026-08-22,d2c4b90e59812d0ba7bb21319e5c25a6,Connecticut Sun @ Los Angeles Sparks,2026-08-23T01:00:00Z,Los Angeles Sparks,Connecticut Sun,Ariel Atkins,,3PM,OVER,2.5,524,DraftKings,draftkings,player_threes_alternate,the-odds-api,2026-08-22T21:39:39.275008+00:00
2026-08-22,d2c4b90e59812d0ba7bb21319e5c25a6,Connecticut Sun @ Los Angeles Sparks,2026-08-23T01:00:00Z,Los Angeles Sparks,Connecticut Sun,Ariel Atkins,,3PM,OVER,3.5,1400,DraftKings,draftkings,player_threes_alternate,the-odds-api,2026-08-22T21:39:39.275008+00:00
2026-08-22,c51758bb72914739b6e6cc2d16ed0882,Atlanta Dream @ Phoenix Mercury,2026-08-23T02:00:00Z,Phoenix Mercury,Atlanta Dream,Jordin Canada,,AST,OVER,9.5,220,FanDuel,fanduel,player_assists_alternate,the-odds-api,2026-08-22T21:39:40.815253+00:00
2026-08-22,c51758bb72914739b6e6cc2d16ed0882,Atlanta Dream @ Phoenix Mercury,2026-08-23T02:00:00Z,Phoenix Mercury,Atlanta Dream,Alyssa Thomas,,AST,OVER,9.5,250,FanDuel,fanduel,player_assists_alternate,the-odds-api,2026-08-22T21:39:40.815253+00:00
2026-08-22,c51758bb72914739b6e6cc2d16ed0882,Atlanta Dream @ Phoenix Mercury,2026-08-23T02:00:00Z,Phoenix Mercury,Atlanta Dream,Rhyne Howard,,AST,OVER,1.5,-1600,FanDuel,fanduel,player_assists_alternate,the-odds-api,2026-08-22T21:39:40.815253+00:00
2026-08-22,c51758bb72914739b6e6cc2d16ed0882,Atlanta Dream @ Phoenix Mercury,2026-08-23T02:00:00Z,Phoenix Mercury,Atlanta Dream,Angel Reese,,AST,OVER,1.5,-670,FanDuel,fanduel,player_assists_alternate,the-odds-api,2026-08-22T21:39:40.815253+00:00
2026-08-22,c51758bb72914739b6e6cc2d16ed0882,Atlanta Dream @ Phoenix Mercury,2026-08-23T02:00:00Z,Phoenix Mercury,Atlanta Dream,Kelsey Plum,,AST,OVER,1.5,-670,FanDuel,fanduel,player_assists_alternate,the-odds-api,2026-08-22T21:39:40.815253+00:00
2026-08-22,c51758bb72914739b6e6cc2d16ed0882,Atlanta Dream @ Phoenix Mercury,2026-08-23T02:00:00Z,Phoenix Mercury,Atlanta Dream,Allisha Gray,,AST,OVER,1.5,-400,FanDuel,fanduel,player_assists_alternate,the-odds-api,2026-08-22T21:39:40.815253+00:00
2026-08-22,c51758bb72914739b6e6cc2d16ed0882,Atlanta Dream @ Phoenix Mercury,2026-08-23T02:00:00Z,Phoenix Mercury,Atlanta Dream,Kahleah Copper,,AST,OVER,1.5,-178,FanDuel,fanduel,player_assists_alternate,the-odds-api,2026-08-22T21:39:40.815253+00:00
2026-08-22,c51758bb72914739b6e6cc2d16ed0882,Atlanta Dream @ Phoenix Mercury,2026-08-23T02:00:00Z,Phoenix Mercury,Atlanta Dream,Jordin Canada,,AST,OVER,5.5,-550,FanDuel,fanduel,player_assists_alternate,the-odds-api,2026-08-22T21:39:40.815253+00:00
2026-08-22,c51758bb72914739b6e6cc2d16ed0882,Atlanta Dream @ Phoenix Mercury,2026-08-23T02:00:00Z,Phoenix Mercury,Atlanta Dream,Alyssa Thomas,,AST,OVER,5.5,-420,FanDuel,fanduel,player_assists_alternate,the-odds-api,2026-08-22T21:39:40.815253+00:00
2026-08-22,c51758bb72914739b6e6cc2d16ed0882,Atlanta Dream @ Phoenix Mercury,2026-08-23T02:00:00Z,Phoenix Mercury,Atlanta Dream,Rhyne Howard,,AST,OVER,5.5,360,FanDuel,fanduel,player_assists_alternate,the-odds-api,2026-08-22T21:39:40.815253+00:00
2026-08-22,c51758bb72914739b6e6cc2d16ed0882,Atlanta Dream @ Phoenix Mercury,2026-08-23T02:00:00Z,Phoenix Mercury,Atlanta Dream,Kelsey Plum,,AST,OVER,5.5,520,FanDuel,fanduel,player_assists_alternate,the-odds-api,2026-08-22T21:39:40.815253+00:00
2026-08-22,c51758bb72914739b6e6cc2d16ed0882,Atlanta Dream @ Phoenix Mercury,2026-08-23T02:00:00Z,Phoenix Mercury,Atlanta Dream,Angel Reese,,AST,OVER,5.5,640,FanDuel,fanduel,player_assists_alternate,the-odds-api,2026-08-22T21:39:40.815253+00:00
2026-08-22,c51758bb72914739b6e6cc2d16ed0882,Atlanta Dream @ Phoenix Mercury,2026-08-23T02:00:00Z,Phoenix Mercury,Atlanta Dream,Alyssa Thomas,,AST,OVER,3.5,-3500,FanDuel,fanduel,player_assists_alternate,the-odds-api,2026-08-22T21:39:40.815253+00:00
2026-08-22,c51758bb72914739b6e6cc2d16ed0882,Atlanta Dream @ Phoenix Mercury,2026-08-23T02:00:00Z,Phoenix Mercury,Atlanta Dream,Rhyne Howard,,AST,OVER,3.5,-138,FanDuel,fanduel,player_assists_alternate,the-odds-api,2026-08-22T21:39:40.815253+00:00
2026-08-22,c51758bb72914739b6e6cc2d16ed0882,Atlanta Dream @ Phoenix Mercury,2026-08-23T02:00:00Z,Phoenix Mercury,Atlanta Dream,Kelsey Plum,,AST,OVER,3.5,116,FanDuel,fanduel,player_assists_alternate,the-odds-api,2026-08-22T21:39:40.815253+00:00
2026-08-22,c51758bb72914739b6e6cc2d16ed0882,Atlanta Dream @ Phoenix Mercury,2026-08-23T02:00:00Z,Phoenix Mercury,Atlanta Dream,Angel Reese,,AST,OVER,3.5,134,FanDuel,fanduel,player_assists_alternate,the-odds-api,2026-08-22T21:39:40.815253+00:00
2026-08-22,c51758bb72914739b6e6cc2d16ed0882,Atlanta Dream @ Phoenix Mercury,2026-08-23T02:00:00Z,Phoenix Mercury,Atlanta Dream,Allisha Gray,,AST,OVER,3.5,220,FanDuel,fanduel,player_assists_alternate,the-odds-api,2026-08-22T21:39:40.815253+00:00
2026-08-22,c51758bb72914739b6e6cc2d16ed0882,Atlanta Dream @ Phoenix Mercury,2026-08-23T02:00:00Z,Phoenix Mercury,Atlanta Dream,Kahleah Copper,,AST,OVER,3.5,470,FanDuel,fanduel,player_assists_alternate,the-odds-api,2026-08-22T21:39:40.815253+00:00
2026-08-22,c51758bb72914739b6e6cc2d16ed0882,Atlanta Dream @ Phoenix Mercury,2026-08-23T02:00:00Z,Phoenix Mercury,Atlanta Dream,Jordin Canada,,AST,OVER,11.5,640,FanDuel,fanduel,player_assists_alternate,the-odds-api,2026-08-22T21:39:40.815253+00:00
2026-08-22,c51758bb72914739b6e6cc2d16ed0882,Atlanta Dream @ Phoenix Mercury,2026-08-23T02:00:00Z,Phoenix Mercury,Atlanta Dream,Alyssa Thomas,,AST,OVER,11.5,750,FanDuel,fanduel,player_assists_alternate,the-odds-api,2026-08-22T21:39:40.815253+00:00
2026-08-22,c51758bb72914739b6e6cc2d16ed0882,Atlanta Dream @ Phoenix Mercury,2026-08-23T02:00:00Z,Phoenix Mercury,Atlanta Dream,Jordin Canada,,AST,OVER,13.5,1500,FanDuel,fanduel,player_assists_alternate,the-odds-api,2026-08-22T21:39:40.815253+00:00
2026-08-22,c51758bb72914739b6e6cc2d16ed0882,Atlanta Dream @ Phoenix Mercury,2026-08-23T02:00:00Z,Phoenix Mercury,Atlanta Dream,Jordin Canada,,AST,OVER,7.5,-132,FanDuel,fanduel,player_assists_alternate,the-odds-api,2026-08-22T21:39:40.815253+00:00
2026-08-22,c51758bb72914739b6e6cc2d16ed0882,Atlanta Dream @ Phoenix Mercury,2026-08-23T02:00:00Z,Phoenix Mercury,Atlanta Dream,Alyssa Thomas,,AST,OVER,7.5,-102,FanDuel,fanduel,player_assists_alternate,the-odds-api,2026-08-22T21:39:40.815253+00:00
2026-08-22,c51758bb72914739b6e6cc2d16ed0882,Atlanta Dream @ Phoenix Mercury,2026-08-23T02:00:00Z,Phoenix Mercury,Atlanta Dream,Rhyne Howard,,AST,OVER,7.5,1260,FanDuel,fanduel,player_assists_alternate,the-odds-api,2026-08-22T21:39:40.815253+00:00
2026-08-22,c51758bb72914739b6e6cc2d16ed0882,Atlanta Dream @ Phoenix Mercury,2026-08-23T02:00:00Z,Phoenix Mercury,Atlanta Dream,Rhyne Howard,,PTS,OVER,24.5,310,FanDuel,fanduel,player_points_alternate,the-odds-api,2026-08-22T21:39:40.815253+00:00
2026-08-22,c51758bb72914739b6e6cc2d16ed0882,Atlanta Dream @ Phoenix Mercury,2026-08-23T02:00:00Z,Phoenix Mercury,Atlanta Dream,Allisha Gray,,PTS,OVER,24.5,305,FanDuel,fanduel,player_points_alternate,the-odds-api,2026-08-22T21:39:40.815253+00:00
2026-08-22,c51758bb72914739b6e6cc2d16ed0882,Atlanta Dream @ Phoenix Mercury,2026-08-23T02:00:00Z,Phoenix Mercury,Atlanta Dream,Angel Reese,,PTS,OVER,24.5,880,FanDuel,fanduel,player_points_alternate,the-odds-api,2026-08-22T21:39:40.815253+00:00
2026-08-22,c51758bb72914739b6e6cc2d16ed0882,Atlanta Dream @ Phoenix Mercury,2026-08-23T02:00:00Z,Phoenix Mercury,Atlanta Dream,Alyssa Thomas,,PTS,OVER,24.5,1020,FanDuel,fanduel,player_points_alternate,the-odds-api,2026-08-22T21:39:40.815253+00:00
2026-08-22,c51758bb72914739b6e6cc2d16ed0882,Atlanta Dream @ Phoenix Mercury,2026-08-23T02:00:00Z,Phoenix Mercury,Atlanta Dream,Kahleah Copper,,PTS,OVER,24.5,225,FanDuel,fanduel,player_points_alternate,the-odds-api,2026-08-22T21:39:40.815253+00:00
2026-08-22,c51758bb72914739b6e6cc2d16ed0882,Atlanta Dream @ Phoenix Mercury,2026-08-23T02:00:00Z,Phoenix Mercury,Atlanta Dream,Kelsey Plum,,PTS,OVER,24.5,630,FanDuel,fanduel,player_points_alternate,the-odds-api,2026-08-22T21:39:40.815253+00:00
2026-08-22,c51758bb72914739b6e6cc2d16ed0882,Atlanta Dream @ Phoenix Mercury,2026-08-23T02:00:00Z,Phoenix Mercury,Atlanta Dream,Rhyne Howard,,PTS,OVER,34.5,2200,FanDuel,fanduel,player_points_alternate,the-odds-api,2026-08-22T21:39:40.815253+00:00
2026-08-22,c51758bb72914739b6e6cc2d16ed0882,Atlanta Dream @ Phoenix Mercury,2026-08-23T02:00:00Z,Phoenix Mercury,Atlanta Dream,Kahleah Copper,,PTS,OVER,34.5,1600,FanDuel,fanduel,player_points_alternate,the-odds-api,2026-08-22T21:39:40.815253+00:00
2026-08-22,c51758bb72914739b6e6cc2d16ed0882,Atlanta Dream @ Phoenix Mercury,2026-08-23T02:00:00Z,Phoenix Mercury,Atlanta Dream,Rhyne Howard,,PTS,OVER,19.5,-104,FanDuel,fanduel,player_points_alternate,the-odds-api,2026-08-22T21:39:40.815253+00:00
2026-08-22,c51758bb72914739b6e6cc2d16ed0882,Atlanta Dream @ Phoenix Mercury,2026-08-23T02:00:00Z,Phoenix Mercury,Atlanta Dream,Allisha Gray,,PTS,OVER,19.5,-108,FanDuel,fanduel,player_points_alternate,the-odds-api,2026-08-22T21:39:40.815253+00:00
2026-08-22,c51758bb72914739b6e6cc2d16ed0882,Atlanta Dream @ Phoenix Mercury,2026-08-23T02:00:00Z,Phoenix Mercury,Atlanta Dream,Angel Reese,,PTS,OVER,19.5,245,FanDuel,fanduel,player_points_alternate,the-odds-api,2026-08-22T21:39:40.815253+00:00
2026-08-22,c51758bb72914739b6e6cc2d16ed0882,Atlanta Dream @ Phoenix Mercury,2026-08-23T02:00:00Z,Phoenix Mercury,Atlanta Dream,Jordin Canada,,PTS,OVER,19.5,1100,FanDuel,fanduel,player_points_alternate,the-odds-api,2026-08-22T21:39:40.815253+00:00
2026-08-22,c51758bb72914739b6e6cc2d16ed0882,Atlanta Dream @ Phoenix Mercury,2026-08-23T02:00:00Z,Phoenix Mercury,Atlanta Dream,DeWanna Bonner,,PTS,OVER,19.5,880,FanDuel,fanduel,player_points_alternate,the-odds-api,2026-08-22T21:39:40.815253+00:00
2026-08-22,c51758bb72914739b6e6cc2d16ed0882,Atlanta Dream @ Phoenix Mercury,2026-08-23T02:00:00Z,Phoenix Mercury,Atlanta Dream,Alyssa Thomas,,PTS,OVER,19.5,320,FanDuel,fanduel,player_points_alternate,the-odds-api,2026-08-22T21:39:40.815253+00:00
2026-08-22,c51758bb72914739b6e6cc2d16ed0882,Atlanta Dream @ Phoenix Mercury,2026-08-23T02:00:00Z,Phoenix Mercury,Atlanta Dream,Kelsey Plum,,PTS,OVER,19.5,260,FanDuel,fanduel,player_points_alternate,the-odds-api,2026-08-22T21:39:40.815253+00:00
2026-08-22,c51758bb72914739b6e6cc2d16ed0882,Atlanta Dream @ Phoenix Mercury,2026-08-23T02:00:00Z,Phoenix Mercury,Atlanta Dream,Kahleah Copper,,PTS,OVER,19.5,-132,FanDuel,fanduel,player_points_alternate,the-odds-api,2026-08-22T21:39:40.815253+00:00
2026-08-22,c51758bb72914739b6e6cc2d16ed0882,Atlanta Dream @ Phoenix Mercury,2026-08-23T02:00:00Z,Phoenix Mercury,Atlanta Dream,Rhyne Howard,,PTS,OVER,9.5,-3500,FanDuel,fanduel,player_points_alternate,the-odds-api,2026-08-22T21:39:40.815253+00:00
2026-08-22,c51758bb72914739b6e6cc2d16ed0882,Atlanta Dream @ Phoenix Mercury,2026-08-23T02:00:00Z,Phoenix Mercury,Atlanta Dream,Allisha Gray,,PTS,OVER,9.5,-4500,FanDuel,fanduel,player_points_alternate,the-odds-api,2026-08-22T21:39:40.815253+00:00
2026-08-22,c51758bb72914739b6e6cc2d16ed0882,Atlanta Dream @ Phoenix Mercury,2026-08-23T02:00:00Z,Phoenix Mercury,Atlanta Dream,Angel Reese,,PTS,OVER,9.5,-1200,FanDuel,fanduel,player_points_alternate,the-odds-api,2026-08-22T21:39:40.815253+00:00
2026-08-22,c51758bb72914739b6e6cc2d16ed0882,Atlanta Dream @ Phoenix Mercury,2026-08-23T02:00:00Z,Phoenix Mercury,Atlanta Dream,Jordin Canada,,PTS,OVER,9.5,-170,FanDuel,fanduel,player_points_alternate,the-odds-api,2026-08-22T21:39:40.815253+00:00
2026-08-22,c51758bb72914739b6e6cc2d16ed0882,Atlanta Dream @ Phoenix Mercury,2026-08-23T02:00:00Z,Phoenix Mercury,Atlanta Dream,Naz Hillmon,,PTS,OVER,9.5,118,FanDuel,fanduel,player_points_alternate,the-odds-api,2026-08-22T21:39:40.815253+00:00
2026-08-22,c51758bb72914739b6e6cc2d16ed0882,Atlanta Dream @ Phoenix Mercury,2026-08-23T02:00:00Z,Phoenix Mercury,Atlanta Dream,Isobel Borlase,,PTS,OVER,9.5,430,FanDuel,fanduel,player_points_alternate,the-odds-api,2026-08-22T21:39:40.815253+00:00
2026-08-22,c51758bb72914739b6e6cc2d16ed0882,Atlanta Dream @ Phoenix Mercury,2026-08-23T02:00:00Z,Phoenix Mercury,Atlanta Dream,Madina Okot,,PTS,OVER,9.5,320,FanDuel,fanduel,player_points_alternate,the-odds-api,2026-08-22T21:39:40.815253+00:00
2026-08-22,c51758bb72914739b6e6cc2d16ed0882,Atlanta Dream @ Phoenix Mercury,2026-08-23T02:00:00Z,Phoenix Mercury,Atlanta Dream,Kelsey Plum,,PTS,OVER,9.5,-355,FanDuel,fanduel,player_points_alternate,the-odds-api,2026-08-22T21:39:40.815253+00:00
2026-08-22,c51758bb72914739b6e6cc2d16ed0882,Atlanta Dream @ Phoenix Mercury,2026-08-23T02:00:00Z,Phoenix Mercury,Atlanta Dream,DeWanna Bonner,,PTS,OVER,9.5,-190,FanDuel,fanduel,player_points_alternate,the-odds-api,2026-08-22T21:39:40.815253+00:00
2026-08-22,c51758bb72914739b6e6cc2d16ed0882,Atlanta Dream @ Phoenix Mercury,2026-08-23T02:00:00Z,Phoenix Mercury,Atlanta Dream,Alyssa Thomas,,PTS,OVER,9.5,-660,FanDuel,fanduel,player_points_alternate,the-odds-api,2026-08-22T21:39:40.815253+00:00
2026-08-22,c51758bb72914739b6e6cc2d16ed0882,Atlanta Dream @ Phoenix Mercury,2026-08-23T02:00:00Z,Phoenix Mercury,Atlanta Dream,Sami Whitcomb,,PTS,OVER,9.5,188,FanDuel,fanduel,player_points_alternate,the-odds-api,2026-08-22T21:39:40.815253+00:00
2026-08-22,c51758bb72914739b6e6cc2d16ed0882,Atlanta Dream @ Phoenix Mercury,2026-08-23T02:00:00Z,Phoenix Mercury,Atlanta Dream,Noemie Brochant,,PTS,OVER,9.5,165,FanDuel,fanduel,player_points_alternate,the-odds-api,2026-08-22T21:39:40.815253+00:00
2026-08-22,c51758bb72914739b6e6cc2d16ed0882,Atlanta Dream @ Phoenix Mercury,2026-08-23T02:00:00Z,Phoenix Mercury,Atlanta Dream,Natasha Mack,,PTS,OVER,9.5,360,FanDuel,fanduel,player_points_alternate,the-odds-api,2026-08-22T21:39:40.815253+00:00
2026-08-22,c51758bb72914739b6e6cc2d16ed0882,Atlanta Dream @ Phoenix Mercury,2026-08-23T02:00:00Z,Phoenix Mercury,Atlanta Dream,Rhyne Howard,,PTS,OVER,14.5,-405,FanDuel,fanduel,player_points_alternate,the-odds-api,2026-08-22T21:39:40.815253+00:00
2026-08-22,c51758bb72914739b6e6cc2d16ed0882,Atlanta Dream @ Phoenix Mercury,2026-08-23T02:00:00Z,Phoenix Mercury,Atlanta Dream,Allisha Gray,,PTS,OVER,14.5,-440,FanDuel,fanduel,player_points_alternate,the-odds-api,2026-08-22T21:39:40.815253+00:00
2026-08-22,c51758bb72914739b6e6cc2d16ed0882,Atlanta Dream @ Phoenix Mercury,2026-08-23T02:00:00Z,Phoenix Mercury,Atlanta Dream,Angel Reese,,PTS,OVER,14.5,-170,FanDuel,fanduel,player_points_alternate,the-odds-api,2026-08-22T21:39:40.815253+00:00
2026-08-22,c51758bb72914739b6e6cc2d16ed0882,Atlanta Dream @ Phoenix Mercury,2026-08-23T02:00:00Z,Phoenix Mercury,Atlanta Dream,Jordin Canada,,PTS,OVER,14.5,305,FanDuel,fanduel,player_points_alternate,the-odds-api,2026-08-22T21:39:40.815253+00:00
2026-08-22,c51758bb72914739b6e6cc2d16ed0882,Atlanta Dream @ Phoenix Mercury,2026-08-23T02:00:00Z,Phoenix Mercury,Atlanta Dream,Naz Hillmon,,PTS,OVER,14.5,550,FanDuel,fanduel,player_points_alternate,the-odds-api,2026-08-22T21:39:40.815253+00:00
2026-08-22,c51758bb72914739b6e6cc2d16ed0882,Atlanta Dream @ Phoenix Mercury,2026-08-23T02:00:00Z,Phoenix Mercury,Atlanta Dream,DeWanna Bonner,,PTS,OVER,14.5,245,FanDuel,fanduel,player_points_alternate,the-odds-api,2026-08-22T21:39:40.815253+00:00
2026-08-22,c51758bb72914739b6e6cc2d16ed0882,Atlanta Dream @ Phoenix Mercury,2026-08-23T02:00:00Z,Phoenix Mercury,Atlanta Dream,Alyssa Thomas,,PTS,OVER,14.5,-120,FanDuel,fanduel,player_points_alternate,the-odds-api,2026-08-22T21:39:40.815253+00:00
2026-08-22,c51758bb72914739b6e6cc2d16ed0882,Atlanta Dream @ Phoenix Mercury,2026-08-23T02:00:00Z,Phoenix Mercury,Atlanta Dream,Kelsey Plum,,PTS,OVER,14.5,-104,FanDuel,fanduel,player_points_alternate,the-odds-api,2026-08-22T21:39:40.815253+00:00
2026-08-22,c51758bb72914739b6e6cc2d16ed0882,Atlanta Dream @ Phoenix Mercury,2026-08-23T02:00:00Z,Phoenix Mercury,Atlanta Dream,Kahleah Copper,,PTS,OVER,14.5,-500,FanDuel,fanduel,player_points_alternate,the-odds-api,2026-08-22T21:39:40.815253+00:00
2026-08-22,c51758bb72914739b6e6cc2d16ed0882,Atlanta Dream @ Phoenix Mercury,2026-08-23T02:00:00Z,Phoenix Mercury,Atlanta Dream,Sami Whitcomb,,PTS,OVER,14.5,750,FanDuel,fanduel,player_points_alternate,the-odds-api,2026-08-22T21:39:40.815253+00:00
2026-08-22,c51758bb72914739b6e6cc2d16ed0882,Atlanta Dream @ Phoenix Mercury,2026-08-23T02:00:00Z,Phoenix Mercury,Atlanta Dream,Noemie Brochant,,PTS,OVER,14.5,750,FanDuel,fanduel,player_points_alternate,the-odds-api,2026-08-22T21:39:40.815253+00:00
2026-08-22,c51758bb72914739b6e6cc2d16ed0882,Atlanta Dream @ Phoenix Mercury,2026-08-23T02:00:00Z,Phoenix Mercury,Atlanta Dream,Rhyne Howard,,PTS,OVER,29.5,900,FanDuel,fanduel,player_points_alternate,the-odds-api,2026-08-22T21:39:40.815253+00:00
2026-08-22,c51758bb72914739b6e6cc2d16ed0882,Atlanta Dream @ Phoenix Mercury,2026-08-23T02:00:00Z,Phoenix Mercury,Atlanta Dream,Allisha Gray,,PTS,OVER,29.5,900,FanDuel,fanduel,player_points_alternate,the-odds-api,2026-08-22T21:39:40.815253+00:00
2026-08-22,c51758bb72914739b6e6cc2d16ed0882,Atlanta Dream @ Phoenix Mercury,2026-08-23T02:00:00Z,Phoenix Mercury,Atlanta Dream,Angel Reese,,PTS,OVER,29.5,2800,FanDuel,fanduel,player_points_alternate,the-odds-api,2026-08-22T21:39:40.815253+00:00
2026-08-22,c51758bb72914739b6e6cc2d16ed0882,Atlanta Dream @ Phoenix Mercury,2026-08-23T02:00:00Z,Phoenix Mercury,Atlanta Dream,Kelsey Plum,,PTS,OVER,29.5,1350,FanDuel,fanduel,player_points_alternate,the-odds-api,2026-08-22T21:39:40.815253+00:00
2026-08-22,c51758bb72914739b6e6cc2d16ed0882,Atlanta Dream @ Phoenix Mercury,2026-08-23T02:00:00Z,Phoenix Mercury,Atlanta Dream,Kahleah Copper,,PTS,OVER,29.5,630,FanDuel,fanduel,player_points_alternate,the-odds-api,2026-08-22T21:39:40.815253+00:00
2026-08-22,c51758bb72914739b6e6cc2d16ed0882,Atlanta Dream @ Phoenix Mercury,2026-08-23T02:00:00Z,Phoenix Mercury,Atlanta Dream,Angel Reese,,REB,OVER,11.5,-210,FanDuel,fanduel,player_rebounds_alternate,the-odds-api,2026-08-22T21:39:40.815253+00:00
2026-08-22,c51758bb72914739b6e6cc2d16ed0882,Atlanta Dream @ Phoenix Mercury,2026-08-23T02:00:00Z,Phoenix Mercury,Atlanta Dream,Alyssa Thomas,,REB,OVER,11.5,580,FanDuel,fanduel,player_rebounds_alternate,the-odds-api,2026-08-22T21:39:40.815253+00:00
2026-08-22,c51758bb72914739b6e6cc2d16ed0882,Atlanta Dream @ Phoenix Mercury,2026-08-23T02:00:00Z,Phoenix Mercury,Atlanta Dream,DeWanna Bonner,,REB,OVER,11.5,1200,FanDuel,fanduel,player_rebounds_alternate,the-odds-api,2026-08-22T21:39:40.815253+00:00
2026-08-22,c51758bb72914739b6e6cc2d16ed0882,Atlanta Dream @ Phoenix Mercury,2026-08-23T02:00:00Z,Phoenix Mercury,Atlanta Dream,Angel Reese,,REB,OVER,7.5,-3000,FanDuel,fanduel,player_rebounds_alternate,the-odds-api,2026-08-22T21:39:40.815253+00:00
2026-08-22,c51758bb72914739b6e6cc2d16ed0882,Atlanta Dream @ Phoenix Mercury,2026-08-23T02:00:00Z,Phoenix Mercury,Atlanta Dream,Alyssa Thomas,,REB,OVER,7.5,-130,FanDuel,fanduel,player_rebounds_alternate,the-odds-api,2026-08-22T21:39:40.815253+00:00
2026-08-22,c51758bb72914739b6e6cc2d16ed0882,Atlanta Dream @ Phoenix Mercury,2026-08-23T02:00:00Z,Phoenix Mercury,Atlanta Dream,DeWanna Bonner,,REB,OVER,7.5,182,FanDuel,fanduel,player_rebounds_alternate,the-odds-api,2026-08-22T21:39:40.815253+00:00
2026-08-22,c51758bb72914739b6e6cc2d16ed0882,Atlanta Dream @ Phoenix Mercury,2026-08-23T02:00:00Z,Phoenix Mercury,Atlanta Dream,Natasha Mack,,REB,OVER,7.5,430,FanDuel,fanduel,player_rebounds_alternate,the-odds-api,2026-08-22T21:39:40.815253+00:00
2026-08-22,c51758bb72914739b6e6cc2d16ed0882,Atlanta Dream @ Phoenix Mercury,2026-08-23T02:00:00Z,Phoenix Mercury,Atlanta Dream,Naz Hillmon,,REB,OVER,7.5,550,FanDuel,fanduel,player_rebounds_alternate,the-odds-api,2026-08-22T21:39:40.815253+00:00
2026-08-22,c51758bb72914739b6e6cc2d16ed0882,Atlanta Dream @ Phoenix Mercury,2026-08-23T02:00:00Z,Phoenix Mercury,Atlanta Dream,Madina Okot,,REB,OVER,7.5,550,FanDuel,fanduel,player_rebounds_alternate,the-odds-api,2026-08-22T21:39:40.815253+00:00
2026-08-22,c51758bb72914739b6e6cc2d16ed0882,Atlanta Dream @ Phoenix Mercury,2026-08-23T02:00:00Z,Phoenix Mercury,Atlanta Dream,Rhyne Howard,,REB,OVER,7.5,1280,FanDuel,fanduel,player_rebounds_alternate,the-odds-api,2026-08-22T21:39:40.815253+00:00
2026-08-22,c51758bb72914739b6e6cc2d16ed0882,Atlanta Dream @ Phoenix Mercury,2026-08-23T02:00:00Z,Phoenix Mercury,Atlanta Dream,Jordin Canada,,REB,OVER,7.5,1280,FanDuel,fanduel,player_rebounds_alternate,the-odds-api,2026-08-22T21:39:40.815253+00:00
2026-08-22,c51758bb72914739b6e6cc2d16ed0882,Atlanta Dream @ Phoenix Mercury,2026-08-23T02:00:00Z,Phoenix Mercury,Atlanta Dream,Angel Reese,,REB,OVER,13.5,126,FanDuel,fanduel,player_rebounds_alternate,the-odds-api,2026-08-22T21:39:40.815253+00:00
2026-08-22,c51758bb72914739b6e6cc2d16ed0882,Atlanta Dream @ Phoenix Mercury,2026-08-23T02:00:00Z,Phoenix Mercury,Atlanta Dream,Alyssa Thomas,,REB,OVER,13.5,1280,FanDuel,fanduel,player_rebounds_alternate,the-odds-api,2026-08-22T21:39:40.815253+00:00
2026-08-22,c51758bb72914739b6e6cc2d16ed0882,Atlanta Dream @ Phoenix Mercury,2026-08-23T02:00:00Z,Phoenix Mercury,Atlanta Dream,Angel Reese,,REB,OVER,15.5,300,FanDuel,fanduel,player_rebounds_alternate,the-odds-api,2026-08-22T21:39:40.815253+00:00
2026-08-22,c51758bb72914739b6e6cc2d16ed0882,Atlanta Dream @ Phoenix Mercury,2026-08-23T02:00:00Z,Phoenix Mercury,Atlanta Dream,Alyssa Thomas,,REB,OVER,5.5,-490,FanDuel,fanduel,player_rebounds_alternate,the-odds-api,2026-08-22T21:39:40.815253+00:00
2026-08-22,c51758bb72914739b6e6cc2d16ed0882,Atlanta Dream @ Phoenix Mercury,2026-08-23T02:00:00Z,Phoenix Mercury,Atlanta Dream,DeWanna Bonner,,REB,OVER,5.5,-194,FanDuel,fanduel,player_rebounds_alternate,the-odds-api,2026-08-22T21:39:40.815253+00:00
2026-08-22,c51758bb72914739b6e6cc2d16ed0882,Atlanta Dream @ Phoenix Mercury,2026-08-23T02:00:00Z,Phoenix Mercury,Atlanta Dream,Naz Hillmon,,REB,OVER,5.5,158,FanDuel,fanduel,player_rebounds_alternate,the-odds-api,2026-08-22T21:39:40.815253+00:00
2026-08-22,c51758bb72914739b6e6cc2d16ed0882,Atlanta Dream @ Phoenix Mercury,2026-08-23T02:00:00Z,Phoenix Mercury,Atlanta Dream,Natasha Mack,,REB,OVER,5.5,154,FanDuel,fanduel,player_rebounds_alternate,the-odds-api,2026-08-22T21:39:40.815253+00:00
2026-08-22,c51758bb72914739b6e6cc2d16ed0882,Atlanta Dream @ Phoenix Mercury,2026-08-23T02:00:00Z,Phoenix Mercury,Atlanta Dream,Madina Okot,,REB,OVER,5.5,198,FanDuel,fanduel,player_rebounds_alternate,the-odds-api,2026-08-22T21:39:40.815253+00:00
2026-08-22,c51758bb72914739b6e6cc2d16ed0882,Atlanta Dream @ Phoenix Mercury,2026-08-23T02:00:00Z,Phoenix Mercury,Atlanta Dream,Rhyne Howard,,REB,OVER,5.5,370,FanDuel,fanduel,player_rebounds_alternate,the-odds-api,2026-08-22T21:39:40.815253+00:00
2026-08-22,c51758bb72914739b6e6cc2d16ed0882,Atlanta Dream @ Phoenix Mercury,2026-08-23T02:00:00Z,Phoenix Mercury,Atlanta Dream,Jordin Canada,,REB,OVER,5.5,400,FanDuel,fanduel,player_rebounds_alternate,the-odds-api,2026-08-22T21:39:40.815253+00:00
2026-08-22,c51758bb72914739b6e6cc2d16ed0882,Atlanta Dream @ Phoenix Mercury,2026-08-23T02:00:00Z,Phoenix Mercury,Atlanta Dream,Allisha Gray,,REB,OVER,5.5,520,FanDuel,fanduel,player_rebounds_alternate,the-odds-api,2026-08-22T21:39:40.815253+00:00
2026-08-22,c51758bb72914739b6e6cc2d16ed0882,Atlanta Dream @ Phoenix Mercury,2026-08-23T02:00:00Z,Phoenix Mercury,Atlanta Dream,Kahleah Copper,,REB,OVER,5.5,550,FanDuel,fanduel,player_rebounds_alternate,the-odds-api,2026-08-22T21:39:40.815253+00:00
2026-08-22,c51758bb72914739b6e6cc2d16ed0882,Atlanta Dream @ Phoenix Mercury,2026-08-23T02:00:00Z,Phoenix Mercury,Atlanta Dream,Angel Reese,,REB,OVER,9.5,-670,FanDuel,fanduel,player_rebounds_alternate,the-odds-api,2026-08-22T21:39:40.815253+00:00
2026-08-22,c51758bb72914739b6e6cc2d16ed0882,Atlanta Dream @ Phoenix Mercury,2026-08-23T02:00:00Z,Phoenix Mercury,Atlanta Dream,Alyssa Thomas,,REB,OVER,9.5,194,FanDuel,fanduel,player_rebounds_alternate,the-odds-api,2026-08-22T21:39:40.815253+00:00
2026-08-22,c51758bb72914739b6e6cc2d16ed0882,Atlanta Dream @ Phoenix Mercury,2026-08-23T02:00:00Z,Phoenix Mercury,Atlanta Dream,DeWanna Bonner,,REB,OVER,9.5,470,FanDuel,fanduel,player_rebounds_alternate,the-odds-api,2026-08-22T21:39:40.815253+00:00
2026-08-22,c51758bb72914739b6e6cc2d16ed0882,Atlanta Dream @ Phoenix Mercury,2026-08-23T02:00:00Z,Phoenix Mercury,Atlanta Dream,Natasha Mack,,REB,OVER,9.5,920,FanDuel,fanduel,player_rebounds_alternate,the-odds-api,2026-08-22T21:39:40.815253+00:00
2026-08-22,c51758bb72914739b6e6cc2d16ed0882,Atlanta Dream @ Phoenix Mercury,2026-08-23T02:00:00Z,Phoenix Mercury,Atlanta Dream,Madina Okot,,REB,OVER,9.5,1100,FanDuel,fanduel,player_rebounds_alternate,the-odds-api,2026-08-22T21:39:40.815253+00:00
2026-08-22,c51758bb72914739b6e6cc2d16ed0882,Atlanta Dream @ Phoenix Mercury,2026-08-23T02:00:00Z,Phoenix Mercury,Atlanta Dream,Naz Hillmon,,REB,OVER,9.5,1400,FanDuel,fanduel,player_rebounds_alternate,the-odds-api,2026-08-22T21:39:40.815253+00:00
2026-08-22,c51758bb72914739b6e6cc2d16ed0882,Atlanta Dream @ Phoenix Mercury,2026-08-23T02:00:00Z,Phoenix Mercury,Atlanta Dream,DeWanna Bonner,,REB,OVER,3.5,-1200,FanDuel,fanduel,player_rebounds_alternate,the-odds-api,2026-08-22T21:39:40.815253+00:00
2026-08-22,c51758bb72914739b6e6cc2d16ed0882,Atlanta Dream @ Phoenix Mercury,2026-08-23T02:00:00Z,Phoenix Mercury,Atlanta Dream,Naz Hillmon,,REB,OVER,3.5,-320,FanDuel,fanduel,player_rebounds_alternate,the-odds-api,2026-08-22T21:39:40.815253+00:00
2026-08-22,c51758bb72914739b6e6cc2d16ed0882,Atlanta Dream @ Phoenix Mercury,2026-08-23T02:00:00Z,Phoenix Mercury,Atlanta Dream,Natasha Mack,,REB,OVER,3.5,-240,FanDuel,fanduel,player_rebounds_alternate,the-odds-api,2026-08-22T21:39:40.815253+00:00
2026-08-22,c51758bb72914739b6e6cc2d16ed0882,Atlanta Dream @ Phoenix Mercury,2026-08-23T02:00:00Z,Phoenix Mercury,Atlanta Dream,Madina Okot,,REB,OVER,3.5,-172,FanDuel,fanduel,player_rebounds_alternate,the-odds-api,2026-08-22T21:39:40.815253+00:00
2026-08-22,c51758bb72914739b6e6cc2d16ed0882,Atlanta Dream @ Phoenix Mercury,2026-08-23T02:00:00Z,Phoenix Mercury,Atlanta Dream,Rhyne Howard,,REB,OVER,3.5,-136,FanDuel,fanduel,player_rebounds_alternate,the-odds-api,2026-08-22T21:39:40.815253+00:00
2026-08-22,c51758bb72914739b6e6cc2d16ed0882,Atlanta Dream @ Phoenix Mercury,2026-08-23T02:00:00Z,Phoenix Mercury,Atlanta Dream,Jordin Canada,,REB,OVER,3.5,-114,FanDuel,fanduel,player_rebounds_alternate,the-odds-api,2026-08-22T21:39:40.815253+00:00
2026-08-22,c51758bb72914739b6e6cc2d16ed0882,Atlanta Dream @ Phoenix Mercury,2026-08-23T02:00:00Z,Phoenix Mercury,Atlanta Dream,Allisha Gray,,REB,OVER,3.5,110,FanDuel,fanduel,player_rebounds_alternate,the-odds-api,2026-08-22T21:39:40.815253+00:00
2026-08-22,c51758bb72914739b6e6cc2d16ed0882,Atlanta Dream @ Phoenix Mercury,2026-08-23T02:00:00Z,Phoenix Mercury,Atlanta Dream,Kahleah Copper,,REB,OVER,3.5,116,FanDuel,fanduel,player_rebounds_alternate,the-odds-api,2026-08-22T21:39:40.815253+00:00
2026-08-22,c51758bb72914739b6e6cc2d16ed0882,Atlanta Dream @ Phoenix Mercury,2026-08-23T02:00:00Z,Phoenix Mercury,Atlanta Dream,Kelsey Plum,,REB,OVER,3.5,310,FanDuel,fanduel,player_rebounds_alternate,the-odds-api,2026-08-22T21:39:40.815253+00:00
2026-08-22,c51758bb72914739b6e6cc2d16ed0882,Atlanta Dream @ Phoenix Mercury,2026-08-23T02:00:00Z,Phoenix Mercury,Atlanta Dream,Noemie Brochant,,REB,OVER,3.5,390,FanDuel,fanduel,player_rebounds_alternate,the-odds-api,2026-08-22T21:39:40.815253+00:00
2026-08-22,c51758bb72914739b6e6cc2d16ed0882,Atlanta Dream @ Phoenix Mercury,2026-08-23T02:00:00Z,Phoenix Mercury,Atlanta Dream,Rhyne Howard,,3PM,OVER,5.5,520,FanDuel,fanduel,player_threes_alternate,the-odds-api,2026-08-22T21:39:40.815253+00:00
2026-08-22,c51758bb72914739b6e6cc2d16ed0882,Atlanta Dream @ Phoenix Mercury,2026-08-23T02:00:00Z,Phoenix Mercury,Atlanta Dream,Kelsey Plum,,3PM,OVER,5.5,1500,FanDuel,fanduel,player_threes_alternate,the-odds-api,2026-08-22T21:39:40.815253+00:00
2026-08-22,c51758bb72914739b6e6cc2d16ed0882,Atlanta Dream @ Phoenix Mercury,2026-08-23T02:00:00Z,Phoenix Mercury,Atlanta Dream,Rhyne Howard,,3PM,OVER,4.5,235,FanDuel,fanduel,player_threes_alternate,the-odds-api,2026-08-22T21:39:40.815253+00:00
2026-08-22,c51758bb72914739b6e6cc2d16ed0882,Atlanta Dream @ Phoenix Mercury,2026-08-23T02:00:00Z,Phoenix Mercury,Atlanta Dream,Kelsey Plum,,3PM,OVER,4.5,850,FanDuel,fanduel,player_threes_alternate,the-odds-api,2026-08-22T21:39:40.815253+00:00
2026-08-22,c51758bb72914739b6e6cc2d16ed0882,Atlanta Dream @ Phoenix Mercury,2026-08-23T02:00:00Z,Phoenix Mercury,Atlanta Dream,Kahleah Copper,,3PM,OVER,4.5,920,FanDuel,fanduel,player_threes_alternate,the-odds-api,2026-08-22T21:39:40.815253+00:00
2026-08-22,c51758bb72914739b6e6cc2d16ed0882,Atlanta Dream @ Phoenix Mercury,2026-08-23T02:00:00Z,Phoenix Mercury,Atlanta Dream,Allisha Gray,,3PM,OVER,4.5,1200,FanDuel,fanduel,player_threes_alternate,the-odds-api,2026-08-22T21:39:40.815253+00:00
2026-08-22,c51758bb72914739b6e6cc2d16ed0882,Atlanta Dream @ Phoenix Mercury,2026-08-23T02:00:00Z,Phoenix Mercury,Atlanta Dream,Sami Whitcomb,,3PM,OVER,4.5,1200,FanDuel,fanduel,player_threes_alternate,the-odds-api,2026-08-22T21:39:40.815253+00:00
2026-08-22,c51758bb72914739b6e6cc2d16ed0882,Atlanta Dream @ Phoenix Mercury,2026-08-23T02:00:00Z,Phoenix Mercury,Atlanta Dream,Rhyne Howard,,3PM,OVER,6.5,920,FanDuel,fanduel,player_threes_alternate,the-odds-api,2026-08-22T21:39:40.815253+00:00
2026-08-22,c51758bb72914739b6e6cc2d16ed0882,Atlanta Dream @ Phoenix Mercury,2026-08-23T02:00:00Z,Phoenix Mercury,Atlanta Dream,Rhyne Howard,,3PM,OVER,1.5,-1000,FanDuel,fanduel,player_threes_alternate,the-odds-api,2026-08-22T21:39:40.815253+00:00
2026-08-22,c51758bb72914739b6e6cc2d16ed0882,Atlanta Dream @ Phoenix Mercury,2026-08-23T02:00:00Z,Phoenix Mercury,Atlanta Dream,Kahleah Copper,,3PM,OVER,1.5,-205,FanDuel,fanduel,player_threes_alternate,the-odds-api,2026-08-22T21:39:40.815253+00:00
2026-08-22,c51758bb72914739b6e6cc2d16ed0882,Atlanta Dream @ Phoenix Mercury,2026-08-23T02:00:00Z,Phoenix Mercury,Atlanta Dream,Kelsey Plum,,3PM,OVER,1.5,-186,FanDuel,fanduel,player_threes_alternate,the-odds-api,2026-08-22T21:39:40.815253+00:00
2026-08-22,c51758bb72914739b6e6cc2d16ed0882,Atlanta Dream @ Phoenix Mercury,2026-08-23T02:00:00Z,Phoenix Mercury,Atlanta Dream,Allisha Gray,,3PM,OVER,1.5,-148,FanDuel,fanduel,player_threes_alternate,the-odds-api,2026-08-22T21:39:40.815253+00:00
2026-08-22,c51758bb72914739b6e6cc2d16ed0882,Atlanta Dream @ Phoenix Mercury,2026-08-23T02:00:00Z,Phoenix Mercury,Atlanta Dream,Sami Whitcomb,,3PM,OVER,1.5,-146,FanDuel,fanduel,player_threes_alternate,the-odds-api,2026-08-22T21:39:40.815253+00:00
2026-08-22,c51758bb72914739b6e6cc2d16ed0882,Atlanta Dream @ Phoenix Mercury,2026-08-23T02:00:00Z,Phoenix Mercury,Atlanta Dream,DeWanna Bonner,,3PM,OVER,1.5,128,FanDuel,fanduel,player_threes_alternate,the-odds-api,2026-08-22T21:39:40.815253+00:00
2026-08-22,c51758bb72914739b6e6cc2d16ed0882,Atlanta Dream @ Phoenix Mercury,2026-08-23T02:00:00Z,Phoenix Mercury,Atlanta Dream,Naz Hillmon,,3PM,OVER,1.5,162,FanDuel,fanduel,player_threes_alternate,the-odds-api,2026-08-22T21:39:40.815253+00:00
2026-08-22,c51758bb72914739b6e6cc2d16ed0882,Atlanta Dream @ Phoenix Mercury,2026-08-23T02:00:00Z,Phoenix Mercury,Atlanta Dream,Noemie Brochant,,3PM,OVER,1.5,194,FanDuel,fanduel,player_threes_alternate,the-odds-api,2026-08-22T21:39:40.815253+00:00
2026-08-22,c51758bb72914739b6e6cc2d16ed0882,Atlanta Dream @ Phoenix Mercury,2026-08-23T02:00:00Z,Phoenix Mercury,Atlanta Dream,Jordin Canada,,3PM,OVER,1.5,270,FanDuel,fanduel,player_threes_alternate,the-odds-api,2026-08-22T21:39:40.815253+00:00
2026-08-22,c51758bb72914739b6e6cc2d16ed0882,Atlanta Dream @ Phoenix Mercury,2026-08-23T02:00:00Z,Phoenix Mercury,Atlanta Dream,Angel Reese,,3PM,OVER,1.5,920,FanDuel,fanduel,player_threes_alternate,the-odds-api,2026-08-22T21:39:40.815253+00:00
2026-08-22,c51758bb72914739b6e6cc2d16ed0882,Atlanta Dream @ Phoenix Mercury,2026-08-23T02:00:00Z,Phoenix Mercury,Atlanta Dream,Rhyne Howard,,3PM,OVER,2.5,-270,FanDuel,fanduel,player_threes_alternate,the-odds-api,2026-08-22T21:39:40.815253+00:00
2026-08-22,c51758bb72914739b6e6cc2d16ed0882,Atlanta Dream @ Phoenix Mercury,2026-08-23T02:00:00Z,Phoenix Mercury,Atlanta Dream,Kahleah Copper,,3PM,OVER,2.5,158,FanDuel,fanduel,player_threes_alternate,the-odds-api,2026-08-22T21:39:40.815253+00:00
2026-08-22,c51758bb72914739b6e6cc2d16ed0882,Atlanta Dream @ Phoenix Mercury,2026-08-23T02:00:00Z,Phoenix Mercury,Atlanta Dream,Kelsey Plum,,3PM,OVER,2.5,158,FanDuel,fanduel,player_threes_alternate,the-odds-api,2026-08-22T21:39:40.815253+00:00
2026-08-22,c51758bb72914739b6e6cc2d16ed0882,Atlanta Dream @ Phoenix Mercury,2026-08-23T02:00:00Z,Phoenix Mercury,Atlanta Dream,Sami Whitcomb,,3PM,OVER,2.5,210,FanDuel,fanduel,player_threes_alternate,the-odds-api,2026-08-22T21:39:40.815253+00:00
2026-08-22,c51758bb72914739b6e6cc2d16ed0882,Atlanta Dream @ Phoenix Mercury,2026-08-23T02:00:00Z,Phoenix Mercury,Atlanta Dream,Allisha Gray,,3PM,OVER,2.5,220,FanDuel,fanduel,player_threes_alternate,the-odds-api,2026-08-22T21:39:40.815253+00:00
2026-08-22,c51758bb72914739b6e6cc2d16ed0882,Atlanta Dream @ Phoenix Mercury,2026-08-23T02:00:00Z,Phoenix Mercury,Atlanta Dream,DeWanna Bonner,,3PM,OVER,2.5,400,FanDuel,fanduel,player_threes_alternate,the-odds-api,2026-08-22T21:39:40.815253+00:00
2026-08-22,c51758bb72914739b6e6cc2d16ed0882,Atlanta Dream @ Phoenix Mercury,2026-08-23T02:00:00Z,Phoenix Mercury,Atlanta Dream,Naz Hillmon,,3PM,OVER,2.5,550,FanDuel,fanduel,player_threes_alternate,the-odds-api,2026-08-22T21:39:40.815253+00:00
2026-08-22,c51758bb72914739b6e6cc2d16ed0882,Atlanta Dream @ Phoenix Mercury,2026-08-23T02:00:00Z,Phoenix Mercury,Atlanta Dream,Noemie Brochant,,3PM,OVER,2.5,630,FanDuel,fanduel,player_threes_alternate,the-odds-api,2026-08-22T21:39:40.815253+00:00
2026-08-22,c51758bb72914739b6e6cc2d16ed0882,Atlanta Dream @ Phoenix Mercury,2026-08-23T02:00:00Z,Phoenix Mercury,Atlanta Dream,Jordin Canada,,3PM,OVER,2.5,880,FanDuel,fanduel,player_threes_alternate,the-odds-api,2026-08-22T21:39:40.815253+00:00
2026-08-22,c51758bb72914739b6e6cc2d16ed0882,Atlanta Dream @ Phoenix Mercury,2026-08-23T02:00:00Z,Phoenix Mercury,Atlanta Dream,Kahleah Copper,,3PM,OVER,0.5,-1200,FanDuel,fanduel,player_threes_alternate,the-odds-api,2026-08-22T21:39:40.815253+00:00
2026-08-22,c51758bb72914739b6e6cc2d16ed0882,Atlanta Dream @ Phoenix Mercury,2026-08-23T02:00:00Z,Phoenix Mercury,Atlanta Dream,Kelsey Plum,,3PM,OVER,0.5,-900,FanDuel,fanduel,player_threes_alternate,the-odds-api,2026-08-22T21:39:40.815253+00:00
2026-08-22,c51758bb72914739b6e6cc2d16ed0882,Atlanta Dream @ Phoenix Mercury,2026-08-23T02:00:00Z,Phoenix Mercury,Atlanta Dream,Allisha Gray,,3PM,OVER,0.5,-800,FanDuel,fanduel,player_threes_alternate,the-odds-api,2026-08-22T21:39:40.815253+00:00
2026-08-22,c51758bb72914739b6e6cc2d16ed0882,Atlanta Dream @ Phoenix Mercury,2026-08-23T02:00:00Z,Phoenix Mercury,Atlanta Dream,Sami Whitcomb,,3PM,OVER,0.5,-750,FanDuel,fanduel,player_threes_alternate,the-odds-api,2026-08-22T21:39:40.815253+00:00
2026-08-22,c51758bb72914739b6e6cc2d16ed0882,Atlanta Dream @ Phoenix Mercury,2026-08-23T02:00:00Z,Phoenix Mercury,Atlanta Dream,DeWanna Bonner,,3PM,OVER,0.5,-400,FanDuel,fanduel,player_threes_alternate,the-odds-api,2026-08-22T21:39:40.815253+00:00
2026-08-22,c51758bb72914739b6e6cc2d16ed0882,Atlanta Dream @ Phoenix Mercury,2026-08-23T02:00:00Z,Phoenix Mercury,Atlanta Dream,Naz Hillmon,,3PM,OVER,0.5,-300,FanDuel,fanduel,player_threes_alternate,the-odds-api,2026-08-22T21:39:40.815253+00:00
2026-08-22,c51758bb72914739b6e6cc2d16ed0882,Atlanta Dream @ Phoenix Mercury,2026-08-23T02:00:00Z,Phoenix Mercury,Atlanta Dream,Noemie Brochant,,3PM,OVER,0.5,-260,FanDuel,fanduel,player_threes_alternate,the-odds-api,2026-08-22T21:39:40.815253+00:00
2026-08-22,c51758bb72914739b6e6cc2d16ed0882,Atlanta Dream @ Phoenix Mercury,2026-08-23T02:00:00Z,Phoenix Mercury,Atlanta Dream,Jordin Canada,,3PM,OVER,0.5,-192,FanDuel,fanduel,player_threes_alternate,the-odds-api,2026-08-22T21:39:40.815253+00:00
2026-08-22,c51758bb72914739b6e6cc2d16ed0882,Atlanta Dream @ Phoenix Mercury,2026-08-23T02:00:00Z,Phoenix Mercury,Atlanta Dream,Angel Reese,,3PM,OVER,0.5,178,FanDuel,fanduel,player_threes_alternate,the-odds-api,2026-08-22T21:39:40.815253+00:00
2026-08-22,c51758bb72914739b6e6cc2d16ed0882,Atlanta Dream @ Phoenix Mercury,2026-08-23T02:00:00Z,Phoenix Mercury,Atlanta Dream,Rhyne Howard,,3PM,OVER,3.5,104,FanDuel,fanduel,player_threes_alternate,the-odds-api,2026-08-22T21:39:40.815253+00:00
2026-08-22,c51758bb72914739b6e6cc2d16ed0882,Atlanta Dream @ Phoenix Mercury,2026-08-23T02:00:00Z,Phoenix Mercury,Atlanta Dream,Kelsey Plum,,3PM,OVER,3.5,390,FanDuel,fanduel,player_threes_alternate,the-odds-api,2026-08-22T21:39:40.815253+00:00
2026-08-22,c51758bb72914739b6e6cc2d16ed0882,Atlanta Dream @ Phoenix Mercury,2026-08-23T02:00:00Z,Phoenix Mercury,Atlanta Dream,Kahleah Copper,,3PM,OVER,3.5,400,FanDuel,fanduel,player_threes_alternate,the-odds-api,2026-08-22T21:39:40.815253+00:00
2026-08-22,c51758bb72914739b6e6cc2d16ed0882,Atlanta Dream @ Phoenix Mercury,2026-08-23T02:00:00Z,Phoenix Mercury,Atlanta Dream,Sami Whitcomb,,3PM,OVER,3.5,550,FanDuel,fanduel,player_threes_alternate,the-odds-api,2026-08-22T21:39:40.815253+00:00
2026-08-22,c51758bb72914739b6e6cc2d16ed0882,Atlanta Dream @ Phoenix Mercury,2026-08-23T02:00:00Z,Phoenix Mercury,Atlanta Dream,Allisha Gray,,3PM,OVER,3.5,580,FanDuel,fanduel,player_threes_alternate,the-odds-api,2026-08-22T21:39:40.815253+00:00
2026-08-22,c51758bb72914739b6e6cc2d16ed0882,Atlanta Dream @ Phoenix Mercury,2026-08-23T02:00:00Z,Phoenix Mercury,Atlanta Dream,DeWanna Bonner,,3PM,OVER,3.5,920,FanDuel,fanduel,player_threes_alternate,the-odds-api,2026-08-22T21:39:40.815253+00:00
2026-08-22,c51758bb72914739b6e6cc2d16ed0882,Atlanta Dream @ Phoenix Mercury,2026-08-23T02:00:00Z,Phoenix Mercury,Atlanta Dream,Naz Hillmon,,3PM,OVER,3.5,1280,FanDuel,fanduel,player_threes_alternate,the-odds-api,2026-08-22T21:39:40.815253+00:00
2026-08-22,c51758bb72914739b6e6cc2d16ed0882,Atlanta Dream @ Phoenix Mercury,2026-08-23T02:00:00Z,Phoenix Mercury,Atlanta Dream,Rhyne Howard,,AST,OVER,1.5,-1200,Fanatics,fanatics,player_assists_alternate,the-odds-api,2026-08-22T21:39:40.815253+00:00
2026-08-22,c51758bb72914739b6e6cc2d16ed0882,Atlanta Dream @ Phoenix Mercury,2026-08-23T02:00:00Z,Phoenix Mercury,Atlanta Dream,Rhyne Howard,,AST,OVER,2.5,-350,Fanatics,fanatics,player_assists_alternate,the-odds-api,2026-08-22T21:39:40.815253+00:00
2026-08-22,c51758bb72914739b6e6cc2d16ed0882,Atlanta Dream @ Phoenix Mercury,2026-08-23T02:00:00Z,Phoenix Mercury,Atlanta Dream,Rhyne Howard,,AST,OVER,3.5,-140,Fanatics,fanatics,player_assists_alternate,the-odds-api,2026-08-22T21:39:40.815253+00:00
2026-08-22,c51758bb72914739b6e6cc2d16ed0882,Atlanta Dream @ Phoenix Mercury,2026-08-23T02:00:00Z,Phoenix Mercury,Atlanta Dream,Rhyne Howard,,AST,OVER,4.5,140,Fanatics,fanatics,player_assists_alternate,the-odds-api,2026-08-22T21:39:40.815253+00:00
2026-08-22,c51758bb72914739b6e6cc2d16ed0882,Atlanta Dream @ Phoenix Mercury,2026-08-23T02:00:00Z,Phoenix Mercury,Atlanta Dream,Rhyne Howard,,AST,OVER,5.5,270,Fanatics,fanatics,player_assists_alternate,the-odds-api,2026-08-22T21:39:40.815253+00:00
2026-08-22,c51758bb72914739b6e6cc2d16ed0882,Atlanta Dream @ Phoenix Mercury,2026-08-23T02:00:00Z,Phoenix Mercury,Atlanta Dream,Rhyne Howard,,AST,OVER,6.5,500,Fanatics,fanatics,player_assists_alternate,the-odds-api,2026-08-22T21:39:40.815253+00:00
2026-08-22,c51758bb72914739b6e6cc2d16ed0882,Atlanta Dream @ Phoenix Mercury,2026-08-23T02:00:00Z,Phoenix Mercury,Atlanta Dream,Jordin Canada,,AST,OVER,3.5,-2500,Fanatics,fanatics,player_assists_alternate,the-odds-api,2026-08-22T21:39:40.815253+00:00
2026-08-22,c51758bb72914739b6e6cc2d16ed0882,Atlanta Dream @ Phoenix Mercury,2026-08-23T02:00:00Z,Phoenix Mercury,Atlanta Dream,Jordin Canada,,AST,OVER,4.5,-1100,Fanatics,fanatics,player_assists_alternate,the-odds-api,2026-08-22T21:39:40.815253+00:00
2026-08-22,c51758bb72914739b6e6cc2d16ed0882,Atlanta Dream @ Phoenix Mercury,2026-08-23T02:00:00Z,Phoenix Mercury,Atlanta Dream,Jordin Canada,,AST,OVER,5.5,-475,Fanatics,fanatics,player_assists_alternate,the-odds-api,2026-08-22T21:39:40.815253+00:00
2026-08-22,c51758bb72914739b6e6cc2d16ed0882,Atlanta Dream @ Phoenix Mercury,2026-08-23T02:00:00Z,Phoenix Mercury,Atlanta Dream,Jordin Canada,,AST,OVER,6.5,-250,Fanatics,fanatics,player_assists_alternate,the-odds-api,2026-08-22T21:39:40.815253+00:00
2026-08-22,c51758bb72914739b6e6cc2d16ed0882,Atlanta Dream @ Phoenix Mercury,2026-08-23T02:00:00Z,Phoenix Mercury,Atlanta Dream,Jordin Canada,,AST,OVER,7.5,-130,Fanatics,fanatics,player_assists_alternate,the-odds-api,2026-08-22T21:39:40.815253+00:00
2026-08-22,c51758bb72914739b6e6cc2d16ed0882,Atlanta Dream @ Phoenix Mercury,2026-08-23T02:00:00Z,Phoenix Mercury,Atlanta Dream,Jordin Canada,,AST,OVER,8.5,125,Fanatics,fanatics,player_assists_alternate,the-odds-api,2026-08-22T21:39:40.815253+00:00
2026-08-22,c51758bb72914739b6e6cc2d16ed0882,Atlanta Dream @ Phoenix Mercury,2026-08-23T02:00:00Z,Phoenix Mercury,Atlanta Dream,Jordin Canada,,AST,OVER,9.5,190,Fanatics,fanatics,player_assists_alternate,the-odds-api,2026-08-22T21:39:40.815253+00:00
2026-08-22,c51758bb72914739b6e6cc2d16ed0882,Atlanta Dream @ Phoenix Mercury,2026-08-23T02:00:00Z,Phoenix Mercury,Atlanta Dream,Jordin Canada,,AST,OVER,10.5,300,Fanatics,fanatics,player_assists_alternate,the-odds-api,2026-08-22T21:39:40.815253+00:00
2026-08-22,c51758bb72914739b6e6cc2d16ed0882,Atlanta Dream @ Phoenix Mercury,2026-08-23T02:00:00Z,Phoenix Mercury,Atlanta Dream,Jordin Canada,,AST,OVER,11.5,475,Fanatics,fanatics,player_assists_alternate,the-odds-api,2026-08-22T21:39:40.815253+00:00
2026-08-22,c51758bb72914739b6e6cc2d16ed0882,Atlanta Dream @ Phoenix Mercury,2026-08-23T02:00:00Z,Phoenix Mercury,Atlanta Dream,Jordin Canada,,AST,OVER,12.5,800,Fanatics,fanatics,player_assists_alternate,the-odds-api,2026-08-22T21:39:40.815253+00:00
2026-08-22,c51758bb72914739b6e6cc2d16ed0882,Atlanta Dream @ Phoenix Mercury,2026-08-23T02:00:00Z,Phoenix Mercury,Atlanta Dream,Angel Reese,,AST,OVER,1.5,-700,Fanatics,fanatics,player_assists_alternate,the-odds-api,2026-08-22T21:39:40.815253+00:00
2026-08-22,c51758bb72914739b6e6cc2d16ed0882,Atlanta Dream @ Phoenix Mercury,2026-08-23T02:00:00Z,Phoenix Mercury,Atlanta Dream,Angel Reese,,AST,OVER,2.5,-225,Fanatics,fanatics,player_assists_alternate,the-odds-api,2026-08-22T21:39:40.815253+00:00
2026-08-22,c51758bb72914739b6e6cc2d16ed0882,Atlanta Dream @ Phoenix Mercury,2026-08-23T02:00:00Z,Phoenix Mercury,Atlanta Dream,Angel Reese,,AST,OVER,3.5,115,Fanatics,fanatics,player_assists_alternate,the-odds-api,2026-08-22T21:39:40.815253+00:00
2026-08-22,c51758bb72914739b6e6cc2d16ed0882,Atlanta Dream @ Phoenix Mercury,2026-08-23T02:00:00Z,Phoenix Mercury,Atlanta Dream,Angel Reese,,AST,OVER,4.5,225,Fanatics,fanatics,player_assists_alternate,the-odds-api,2026-08-22T21:39:40.815253+00:00
2026-08-22,c51758bb72914739b6e6cc2d16ed0882,Atlanta Dream @ Phoenix Mercury,2026-08-23T02:00:00Z,Phoenix Mercury,Atlanta Dream,Angel Reese,,AST,OVER,5.5,400,Fanatics,fanatics,player_assists_alternate,the-odds-api,2026-08-22T21:39:40.815253+00:00
2026-08-22,c51758bb72914739b6e6cc2d16ed0882,Atlanta Dream @ Phoenix Mercury,2026-08-23T02:00:00Z,Phoenix Mercury,Atlanta Dream,Angel Reese,,AST,OVER,6.5,850,Fanatics,fanatics,player_assists_alternate,the-odds-api,2026-08-22T21:39:40.815253+00:00
2026-08-22,c51758bb72914739b6e6cc2d16ed0882,Atlanta Dream @ Phoenix Mercury,2026-08-23T02:00:00Z,Phoenix Mercury,Atlanta Dream,Allisha Gray,,AST,OVER,1.5,-375,Fanatics,fanatics,player_assists_alternate,the-odds-api,2026-08-22T21:39:40.815253+00:00
2026-08-22,c51758bb72914739b6e6cc2d16ed0882,Atlanta Dream @ Phoenix Mercury,2026-08-23T02:00:00Z,Phoenix Mercury,Atlanta Dream,Allisha Gray,,AST,OVER,2.5,-120,Fanatics,fanatics,player_assists_alternate,the-odds-api,2026-08-22T21:39:40.815253+00:00
2026-08-22,c51758bb72914739b6e6cc2d16ed0882,Atlanta Dream @ Phoenix Mercury,2026-08-23T02:00:00Z,Phoenix Mercury,Atlanta Dream,Allisha Gray,,AST,OVER,3.5,175,Fanatics,fanatics,player_assists_alternate,the-odds-api,2026-08-22T21:39:40.815253+00:00
2026-08-22,c51758bb72914739b6e6cc2d16ed0882,Atlanta Dream @ Phoenix Mercury,2026-08-23T02:00:00Z,Phoenix Mercury,Atlanta Dream,Allisha Gray,,AST,OVER,4.5,350,Fanatics,fanatics,player_assists_alternate,the-odds-api,2026-08-22T21:39:40.815253+00:00
2026-08-22,c51758bb72914739b6e6cc2d16ed0882,Atlanta Dream @ Phoenix Mercury,2026-08-23T02:00:00Z,Phoenix Mercury,Atlanta Dream,Allisha Gray,,AST,OVER,5.5,800,Fanatics,fanatics,player_assists_alternate,the-odds-api,2026-08-22T21:39:40.815253+00:00
2026-08-22,c51758bb72914739b6e6cc2d16ed0882,Atlanta Dream @ Phoenix Mercury,2026-08-23T02:00:00Z,Phoenix Mercury,Atlanta Dream,Alyssa Thomas,,AST,OVER,3.5,-1700,Fanatics,fanatics,player_assists_alternate,the-odds-api,2026-08-22T21:39:40.815253+00:00
2026-08-22,c51758bb72914739b6e6cc2d16ed0882,Atlanta Dream @ Phoenix Mercury,2026-08-23T02:00:00Z,Phoenix Mercury,Atlanta Dream,Alyssa Thomas,,AST,OVER,4.5,-800,Fanatics,fanatics,player_assists_alternate,the-odds-api,2026-08-22T21:39:40.815253+00:00
2026-08-22,c51758bb72914739b6e6cc2d16ed0882,Atlanta Dream @ Phoenix Mercury,2026-08-23T02:00:00Z,Phoenix Mercury,Atlanta Dream,Alyssa Thomas,,AST,OVER,5.5,-375,Fanatics,fanatics,player_assists_alternate,the-odds-api,2026-08-22T21:39:40.815253+00:00
2026-08-22,c51758bb72914739b6e6cc2d16ed0882,Atlanta Dream @ Phoenix Mercury,2026-08-23T02:00:00Z,Phoenix Mercury,Atlanta Dream,Alyssa Thomas,,AST,OVER,6.5,-190,Fanatics,fanatics,player_assists_alternate,the-odds-api,2026-08-22T21:39:40.815253+00:00
2026-08-22,c51758bb72914739b6e6cc2d16ed0882,Atlanta Dream @ Phoenix Mercury,2026-08-23T02:00:00Z,Phoenix Mercury,Atlanta Dream,Alyssa Thomas,,AST,OVER,7.5,100,Fanatics,fanatics,player_assists_alternate,the-odds-api,2026-08-22T21:39:40.815253+00:00
2026-08-22,c51758bb72914739b6e6cc2d16ed0882,Atlanta Dream @ Phoenix Mercury,2026-08-23T02:00:00Z,Phoenix Mercury,Atlanta Dream,Alyssa Thomas,,AST,OVER,8.5,155,Fanatics,fanatics,player_assists_alternate,the-odds-api,2026-08-22T21:39:40.815253+00:00
2026-08-22,c51758bb72914739b6e6cc2d16ed0882,Atlanta Dream @ Phoenix Mercury,2026-08-23T02:00:00Z,Phoenix Mercury,Atlanta Dream,Alyssa Thomas,,AST,OVER,9.5,260,Fanatics,fanatics,player_assists_alternate,the-odds-api,2026-08-22T21:39:40.815253+00:00
2026-08-22,c51758bb72914739b6e6cc2d16ed0882,Atlanta Dream @ Phoenix Mercury,2026-08-23T02:00:00Z,Phoenix Mercury,Atlanta Dream,Alyssa Thomas,,AST,OVER,10.5,400,Fanatics,fanatics,player_assists_alternate,the-odds-api,2026-08-22T21:39:40.815253+00:00
2026-08-22,c51758bb72914739b6e6cc2d16ed0882,Atlanta Dream @ Phoenix Mercury,2026-08-23T02:00:00Z,Phoenix Mercury,Atlanta Dream,Alyssa Thomas,,AST,OVER,11.5,700,Fanatics,fanatics,player_assists_alternate,the-odds-api,2026-08-22T21:39:40.815253+00:00
2026-08-22,c51758bb72914739b6e6cc2d16ed0882,Atlanta Dream @ Phoenix Mercury,2026-08-23T02:00:00Z,Phoenix Mercury,Atlanta Dream,Kelsey Plum,,AST,OVER,1.5,-700,Fanatics,fanatics,player_assists_alternate,the-odds-api,2026-08-22T21:39:40.815253+00:00
2026-08-22,c51758bb72914739b6e6cc2d16ed0882,Atlanta Dream @ Phoenix Mercury,2026-08-23T02:00:00Z,Phoenix Mercury,Atlanta Dream,Kelsey Plum,,AST,OVER,2.5,-240,Fanatics,fanatics,player_assists_alternate,the-odds-api,2026-08-22T21:39:40.815253+00:00
2026-08-22,c51758bb72914739b6e6cc2d16ed0882,Atlanta Dream @ Phoenix Mercury,2026-08-23T02:00:00Z,Phoenix Mercury,Atlanta Dream,Kelsey Plum,,AST,OVER,3.5,110,Fanatics,fanatics,player_assists_alternate,the-odds-api,2026-08-22T21:39:40.815253+00:00
2026-08-22,c51758bb72914739b6e6cc2d16ed0882,Atlanta Dream @ Phoenix Mercury,2026-08-23T02:00:00Z,Phoenix Mercury,Atlanta Dream,Kelsey Plum,,AST,OVER,4.5,225,Fanatics,fanatics,player_assists_alternate,the-odds-api,2026-08-22T21:39:40.815253+00:00
2026-08-22,c51758bb72914739b6e6cc2d16ed0882,Atlanta Dream @ Phoenix Mercury,2026-08-23T02:00:00Z,Phoenix Mercury,Atlanta Dream,Kelsey Plum,,AST,OVER,5.5,400,Fanatics,fanatics,player_assists_alternate,the-odds-api,2026-08-22T21:39:40.815253+00:00
2026-08-22,c51758bb72914739b6e6cc2d16ed0882,Atlanta Dream @ Phoenix Mercury,2026-08-23T02:00:00Z,Phoenix Mercury,Atlanta Dream,Kelsey Plum,,AST,OVER,6.5,850,Fanatics,fanatics,player_assists_alternate,the-odds-api,2026-08-22T21:39:40.815253+00:00
2026-08-22,c51758bb72914739b6e6cc2d16ed0882,Atlanta Dream @ Phoenix Mercury,2026-08-23T02:00:00Z,Phoenix Mercury,Atlanta Dream,Kahleah Copper,,AST,OVER,1.5,-325,Fanatics,fanatics,player_assists_alternate,the-odds-api,2026-08-22T21:39:40.815253+00:00
2026-08-22,c51758bb72914739b6e6cc2d16ed0882,Atlanta Dream @ Phoenix Mercury,2026-08-23T02:00:00Z,Phoenix Mercury,Atlanta Dream,Kahleah Copper,,AST,OVER,2.5,105,Fanatics,fanatics,player_assists_alternate,the-odds-api,2026-08-22T21:39:40.815253+00:00
2026-08-22,c51758bb72914739b6e6cc2d16ed0882,Atlanta Dream @ Phoenix Mercury,2026-08-23T02:00:00Z,Phoenix Mercury,Atlanta Dream,Kahleah Copper,,AST,OVER,3.5,225,Fanatics,fanatics,player_assists_alternate,the-odds-api,2026-08-22T21:39:40.815253+00:00
2026-08-22,c51758bb72914739b6e6cc2d16ed0882,Atlanta Dream @ Phoenix Mercury,2026-08-23T02:00:00Z,Phoenix Mercury,Atlanta Dream,Kahleah Copper,,AST,OVER,4.5,425,Fanatics,fanatics,player_assists_alternate,the-odds-api,2026-08-22T21:39:40.815253+00:00
2026-08-22,c51758bb72914739b6e6cc2d16ed0882,Atlanta Dream @ Phoenix Mercury,2026-08-23T02:00:00Z,Phoenix Mercury,Atlanta Dream,Rhyne Howard,,PTS,OVER,8.5,-2500,Fanatics,fanatics,player_points_alternate,the-odds-api,2026-08-22T21:39:40.815253+00:00
2026-08-22,c51758bb72914739b6e6cc2d16ed0882,Atlanta Dream @ Phoenix Mercury,2026-08-23T02:00:00Z,Phoenix Mercury,Atlanta Dream,Rhyne Howard,,PTS,OVER,9.5,-1700,Fanatics,fanatics,player_points_alternate,the-odds-api,2026-08-22T21:39:40.815253+00:00
2026-08-22,c51758bb72914739b6e6cc2d16ed0882,Atlanta Dream @ Phoenix Mercury,2026-08-23T02:00:00Z,Phoenix Mercury,Atlanta Dream,Rhyne Howard,,PTS,OVER,10.5,-1300,Fanatics,fanatics,player_points_alternate,the-odds-api,2026-08-22T21:39:40.815253+00:00
2026-08-22,c51758bb72914739b6e6cc2d16ed0882,Atlanta Dream @ Phoenix Mercury,2026-08-23T02:00:00Z,Phoenix Mercury,Atlanta Dream,Rhyne Howard,,PTS,OVER,11.5,-900,Fanatics,fanatics,player_points_alternate,the-odds-api,2026-08-22T21:39:40.815253+00:00
2026-08-22,c51758bb72914739b6e6cc2d16ed0882,Atlanta Dream @ Phoenix Mercury,2026-08-23T02:00:00Z,Phoenix Mercury,Atlanta Dream,Rhyne Howard,,PTS,OVER,12.5,-630,Fanatics,fanatics,player_points_alternate,the-odds-api,2026-08-22T21:39:40.815253+00:00
2026-08-22,c51758bb72914739b6e6cc2d16ed0882,Atlanta Dream @ Phoenix Mercury,2026-08-23T02:00:00Z,Phoenix Mercury,Atlanta Dream,Rhyne Howard,,PTS,OVER,13.5,-475,Fanatics,fanatics,player_points_alternate,the-odds-api,2026-08-22T21:39:40.815253+00:00
2026-08-22,c51758bb72914739b6e6cc2d16ed0882,Atlanta Dream @ Phoenix Mercury,2026-08-23T02:00:00Z,Phoenix Mercury,Atlanta Dream,Rhyne Howard,,PTS,OVER,14.5,-350,Fanatics,fanatics,player_points_alternate,the-odds-api,2026-08-22T21:39:40.815253+00:00
2026-08-22,c51758bb72914739b6e6cc2d16ed0882,Atlanta Dream @ Phoenix Mercury,2026-08-23T02:00:00Z,Phoenix Mercury,Atlanta Dream,Rhyne Howard,,PTS,OVER,15.5,-275,Fanatics,fanatics,player_points_alternate,the-odds-api,2026-08-22T21:39:40.815253+00:00
2026-08-22,c51758bb72914739b6e6cc2d16ed0882,Atlanta Dream @ Phoenix Mercury,2026-08-23T02:00:00Z,Phoenix Mercury,Atlanta Dream,Rhyne Howard,,PTS,OVER,16.5,-225,Fanatics,fanatics,player_points_alternate,the-odds-api,2026-08-22T21:39:40.815253+00:00
2026-08-22,c51758bb72914739b6e6cc2d16ed0882,Atlanta Dream @ Phoenix Mercury,2026-08-23T02:00:00Z,Phoenix Mercury,Atlanta Dream,Rhyne Howard,,PTS,OVER,17.5,-165,Fanatics,fanatics,player_points_alternate,the-odds-api,2026-08-22T21:39:40.815253+00:00
2026-08-22,c51758bb72914739b6e6cc2d16ed0882,Atlanta Dream @ Phoenix Mercury,2026-08-23T02:00:00Z,Phoenix Mercury,Atlanta Dream,Rhyne Howard,,PTS,OVER,18.5,-125,Fanatics,fanatics,player_points_alternate,the-odds-api,2026-08-22T21:39:40.815253+00:00
2026-08-22,c51758bb72914739b6e6cc2d16ed0882,Atlanta Dream @ Phoenix Mercury,2026-08-23T02:00:00Z,Phoenix Mercury,Atlanta Dream,Rhyne Howard,,PTS,OVER,19.5,-105,Fanatics,fanatics,player_points_alternate,the-odds-api,2026-08-22T21:39:40.815253+00:00
2026-08-22,c51758bb72914739b6e6cc2d16ed0882,Atlanta Dream @ Phoenix Mercury,2026-08-23T02:00:00Z,Phoenix Mercury,Atlanta Dream,Rhyne Howard,,PTS,OVER,20.5,120,Fanatics,fanatics,player_points_alternate,the-odds-api,2026-08-22T21:39:40.815253+00:00
2026-08-22,c51758bb72914739b6e6cc2d16ed0882,Atlanta Dream @ Phoenix Mercury,2026-08-23T02:00:00Z,Phoenix Mercury,Atlanta Dream,Rhyne Howard,,PTS,OVER,21.5,140,Fanatics,fanatics,player_points_alternate,the-odds-api,2026-08-22T21:39:40.815253+00:00
2026-08-22,c51758bb72914739b6e6cc2d16ed0882,Atlanta Dream @ Phoenix Mercury,2026-08-23T02:00:00Z,Phoenix Mercury,Atlanta Dream,Rhyne Howard,,PTS,OVER,22.5,170,Fanatics,fanatics,player_points_alternate,the-odds-api,2026-08-22T21:39:40.815253+00:00
2026-08-22,c51758bb72914739b6e6cc2d16ed0882,Atlanta Dream @ Phoenix Mercury,2026-08-23T02:00:00Z,Phoenix Mercury,Atlanta Dream,Rhyne Howard,,PTS,OVER,23.5,210,Fanatics,fanatics,player_points_alternate,the-odds-api,2026-08-22T21:39:40.815253+00:00
2026-08-22,c51758bb72914739b6e6cc2d16ed0882,Atlanta Dream @ Phoenix Mercury,2026-08-23T02:00:00Z,Phoenix Mercury,Atlanta Dream,Rhyne Howard,,PTS,OVER,24.5,260,Fanatics,fanatics,player_points_alternate,the-odds-api,2026-08-22T21:39:40.815253+00:00
2026-08-22,c51758bb72914739b6e6cc2d16ed0882,Atlanta Dream @ Phoenix Mercury,2026-08-23T02:00:00Z,Phoenix Mercury,Atlanta Dream,Rhyne Howard,,PTS,OVER,25.5,300,Fanatics,fanatics,player_points_alternate,the-odds-api,2026-08-22T21:39:40.815253+00:00
2026-08-22,c51758bb72914739b6e6cc2d16ed0882,Atlanta Dream @ Phoenix Mercury,2026-08-23T02:00:00Z,Phoenix Mercury,Atlanta Dream,Rhyne Howard,,PTS,OVER,26.5,375,Fanatics,fanatics,player_points_alternate,the-odds-api,2026-08-22T21:39:40.815253+00:00
2026-08-22,c51758bb72914739b6e6cc2d16ed0882,Atlanta Dream @ Phoenix Mercury,2026-08-23T02:00:00Z,Phoenix Mercury,Atlanta Dream,Rhyne Howard,,PTS,OVER,27.5,425,Fanatics,fanatics,player_points_alternate,the-odds-api,2026-08-22T21:39:40.815253+00:00
2026-08-22,c51758bb72914739b6e6cc2d16ed0882,Atlanta Dream @ Phoenix Mercury,2026-08-23T02:00:00Z,Phoenix Mercury,Atlanta Dream,Rhyne Howard,,PTS,OVER,28.5,550,Fanatics,fanatics,player_points_alternate,the-odds-api,2026-08-22T21:39:40.815253+00:00
2026-08-22,c51758bb72914739b6e6cc2d16ed0882,Atlanta Dream @ Phoenix Mercury,2026-08-23T02:00:00Z,Phoenix Mercury,Atlanta Dream,Rhyne Howard,,PTS,OVER,29.5,650,Fanatics,fanatics,player_points_alternate,the-odds-api,2026-08-22T21:39:40.815253+00:00
2026-08-22,c51758bb72914739b6e6cc2d16ed0882,Atlanta Dream @ Phoenix Mercury,2026-08-23T02:00:00Z,Phoenix Mercury,Atlanta Dream,Rhyne Howard,,PTS,OVER,30.5,800,Fanatics,fanatics,player_points_alternate,the-odds-api,2026-08-22T21:39:40.815253+00:00
2026-08-22,c51758bb72914739b6e6cc2d16ed0882,Atlanta Dream @ Phoenix Mercury,2026-08-23T02:00:00Z,Phoenix Mercury,Atlanta Dream,Rhyne Howard,,PTS,OVER,31.5,900,Fanatics,fanatics,player_points_alternate,the-odds-api,2026-08-22T21:39:40.815253+00:00
2026-08-22,c51758bb72914739b6e6cc2d16ed0882,Atlanta Dream @ Phoenix Mercury,2026-08-23T02:00:00Z,Phoenix Mercury,Atlanta Dream,Rhyne Howard,,PTS,OVER,32.5,1000,Fanatics,fanatics,player_points_alternate,the-odds-api,2026-08-22T21:39:40.815253+00:00
2026-08-22,c51758bb72914739b6e6cc2d16ed0882,Atlanta Dream @ Phoenix Mercury,2026-08-23T02:00:00Z,Phoenix Mercury,Atlanta Dream,Rhyne Howard,,PTS,OVER,33.5,1200,Fanatics,fanatics,player_points_alternate,the-odds-api,2026-08-22T21:39:40.815253+00:00
2026-08-22,c51758bb72914739b6e6cc2d16ed0882,Atlanta Dream @ Phoenix Mercury,2026-08-23T02:00:00Z,Phoenix Mercury,Atlanta Dream,Angel Reese,,PTS,OVER,7.5,-2500,Fanatics,fanatics,player_points_alternate,the-odds-api,2026-08-22T21:39:40.815253+00:00
2026-08-22,c51758bb72914739b6e6cc2d16ed0882,Atlanta Dream @ Phoenix Mercury,2026-08-23T02:00:00Z,Phoenix Mercury,Atlanta Dream,Angel Reese,,PTS,OVER,8.5,-1500,Fanatics,fanatics,player_points_alternate,the-odds-api,2026-08-22T21:39:40.815253+00:00
2026-08-22,c51758bb72914739b6e6cc2d16ed0882,Atlanta Dream @ Phoenix Mercury,2026-08-23T02:00:00Z,Phoenix Mercury,Atlanta Dream,Angel Reese,,PTS,OVER,9.5,-1000,Fanatics,fanatics,player_points_alternate,the-odds-api,2026-08-22T21:39:40.815253+00:00
2026-08-22,c51758bb72914739b6e6cc2d16ed0882,Atlanta Dream @ Phoenix Mercury,2026-08-23T02:00:00Z,Phoenix Mercury,Atlanta Dream,Angel Reese,,PTS,OVER,10.5,-700,Fanatics,fanatics,player_points_alternate,the-odds-api,2026-08-22T21:39:40.815253+00:00
2026-08-22,c51758bb72914739b6e6cc2d16ed0882,Atlanta Dream @ Phoenix Mercury,2026-08-23T02:00:00Z,Phoenix Mercury,Atlanta Dream,Angel Reese,,PTS,OVER,11.5,-475,Fanatics,fanatics,player_points_alternate,the-odds-api,2026-08-22T21:39:40.815253+00:00
2026-08-22,c51758bb72914739b6e6cc2d16ed0882,Atlanta Dream @ Phoenix Mercury,2026-08-23T02:00:00Z,Phoenix Mercury,Atlanta Dream,Angel Reese,,PTS,OVER,12.5,-350,Fanatics,fanatics,player_points_alternate,the-odds-api,2026-08-22T21:39:40.815253+00:00
2026-08-22,c51758bb72914739b6e6cc2d16ed0882,Atlanta Dream @ Phoenix Mercury,2026-08-23T02:00:00Z,Phoenix Mercury,Atlanta Dream,Angel Reese,,PTS,OVER,13.5,-250,Fanatics,fanatics,player_points_alternate,the-odds-api,2026-08-22T21:39:40.815253+00:00
2026-08-22,c51758bb72914739b6e6cc2d16ed0882,Atlanta Dream @ Phoenix Mercury,2026-08-23T02:00:00Z,Phoenix Mercury,Atlanta Dream,Angel Reese,,PTS,OVER,14.5,-175,Fanatics,fanatics,player_points_alternate,the-odds-api,2026-08-22T21:39:40.815253+00:00
2026-08-22,c51758bb72914739b6e6cc2d16ed0882,Atlanta Dream @ Phoenix Mercury,2026-08-23T02:00:00Z,Phoenix Mercury,Atlanta Dream,Angel Reese,,PTS,OVER,15.5,-125,Fanatics,fanatics,player_points_alternate,the-odds-api,2026-08-22T21:39:40.815253+00:00
2026-08-22,c51758bb72914739b6e6cc2d16ed0882,Atlanta Dream @ Phoenix Mercury,2026-08-23T02:00:00Z,Phoenix Mercury,Atlanta Dream,Angel Reese,,PTS,OVER,16.5,105,Fanatics,fanatics,player_points_alternate,the-odds-api,2026-08-22T21:39:40.815253+00:00
2026-08-22,c51758bb72914739b6e6cc2d16ed0882,Atlanta Dream @ Phoenix Mercury,2026-08-23T02:00:00Z,Phoenix Mercury,Atlanta Dream,Angel Reese,,PTS,OVER,17.5,130,Fanatics,fanatics,player_points_alternate,the-odds-api,2026-08-22T21:39:40.815253+00:00
2026-08-22,c51758bb72914739b6e6cc2d16ed0882,Atlanta Dream @ Phoenix Mercury,2026-08-23T02:00:00Z,Phoenix Mercury,Atlanta Dream,Angel Reese,,PTS,OVER,18.5,160,Fanatics,fanatics,player_points_alternate,the-odds-api,2026-08-22T21:39:40.815253+00:00
2026-08-22,c51758bb72914739b6e6cc2d16ed0882,Atlanta Dream @ Phoenix Mercury,2026-08-23T02:00:00Z,Phoenix Mercury,Atlanta Dream,Angel Reese,,PTS,OVER,19.5,210,Fanatics,fanatics,player_points_alternate,the-odds-api,2026-08-22T21:39:40.815253+00:00
2026-08-22,c51758bb72914739b6e6cc2d16ed0882,Atlanta Dream @ Phoenix Mercury,2026-08-23T02:00:00Z,Phoenix Mercury,Atlanta Dream,Angel Reese,,PTS,OVER,20.5,260,Fanatics,fanatics,player_points_alternate,the-odds-api,2026-08-22T21:39:40.815253+00:00
2026-08-22,c51758bb72914739b6e6cc2d16ed0882,Atlanta Dream @ Phoenix Mercury,2026-08-23T02:00:00Z,Phoenix Mercury,Atlanta Dream,Angel Reese,,PTS,OVER,21.5,320,Fanatics,fanatics,player_points_alternate,the-odds-api,2026-08-22T21:39:40.815253+00:00
2026-08-22,c51758bb72914739b6e6cc2d16ed0882,Atlanta Dream @ Phoenix Mercury,2026-08-23T02:00:00Z,Phoenix Mercury,Atlanta Dream,Angel Reese,,PTS,OVER,22.5,400,Fanatics,fanatics,player_points_alternate,the-odds-api,2026-08-22T21:39:40.815253+00:00
2026-08-22,c51758bb72914739b6e6cc2d16ed0882,Atlanta Dream @ Phoenix Mercury,2026-08-23T02:00:00Z,Phoenix Mercury,Atlanta Dream,Angel Reese,,PTS,OVER,23.5,500,Fanatics,fanatics,player_points_alternate,the-odds-api,2026-08-22T21:39:40.815253+00:00
2026-08-22,c51758bb72914739b6e6cc2d16ed0882,Atlanta Dream @ Phoenix Mercury,2026-08-23T02:00:00Z,Phoenix Mercury,Atlanta Dream,Angel Reese,,PTS,OVER,24.5,700,Fanatics,fanatics,player_points_alternate,the-odds-api,2026-08-22T21:39:40.815253+00:00
2026-08-22,c51758bb72914739b6e6cc2d16ed0882,Atlanta Dream @ Phoenix Mercury,2026-08-23T02:00:00Z,Phoenix Mercury,Atlanta Dream,Angel Reese,,PTS,OVER,25.5,850,Fanatics,fanatics,player_points_alternate,the-odds-api,2026-08-22T21:39:40.815253+00:00
2026-08-22,c51758bb72914739b6e6cc2d16ed0882,Atlanta Dream @ Phoenix Mercury,2026-08-23T02:00:00Z,Phoenix Mercury,Atlanta Dream,Angel Reese,,PTS,OVER,26.5,1000,Fanatics,fanatics,player_points_alternate,the-odds-api,2026-08-22T21:39:40.815253+00:00
2026-08-22,c51758bb72914739b6e6cc2d16ed0882,Atlanta Dream @ Phoenix Mercury,2026-08-23T02:00:00Z,Phoenix Mercury,Atlanta Dream,Angel Reese,,PTS,OVER,27.5,1200,Fanatics,fanatics,player_points_alternate,the-odds-api,2026-08-22T21:39:40.815253+00:00
2026-08-22,c51758bb72914739b6e6cc2d16ed0882,Atlanta Dream @ Phoenix Mercury,2026-08-23T02:00:00Z,Phoenix Mercury,Atlanta Dream,Angel Reese,,PTS,OVER,28.5,1500,Fanatics,fanatics,player_points_alternate,the-odds-api,2026-08-22T21:39:40.815253+00:00
2026-08-22,c51758bb72914739b6e6cc2d16ed0882,Atlanta Dream @ Phoenix Mercury,2026-08-23T02:00:00Z,Phoenix Mercury,Atlanta Dream,Jordin Canada,,PTS,OVER,4.5,-1700,Fanatics,fanatics,player_points_alternate,the-odds-api,2026-08-22T21:39:40.815253+00:00
2026-08-22,c51758bb72914739b6e6cc2d16ed0882,Atlanta Dream @ Phoenix Mercury,2026-08-23T02:00:00Z,Phoenix Mercury,Atlanta Dream,Jordin Canada,,PTS,OVER,5.5,-1000,Fanatics,fanatics,player_points_alternate,the-odds-api,2026-08-22T21:39:40.815253+00:00
2026-08-22,c51758bb72914739b6e6cc2d16ed0882,Atlanta Dream @ Phoenix Mercury,2026-08-23T02:00:00Z,Phoenix Mercury,Atlanta Dream,Jordin Canada,,PTS,OVER,6.5,-650,Fanatics,fanatics,player_points_alternate,the-odds-api,2026-08-22T21:39:40.815253+00:00
2026-08-22,c51758bb72914739b6e6cc2d16ed0882,Atlanta Dream @ Phoenix Mercury,2026-08-23T02:00:00Z,Phoenix Mercury,Atlanta Dream,Jordin Canada,,PTS,OVER,7.5,-400,Fanatics,fanatics,player_points_alternate,the-odds-api,2026-08-22T21:39:40.815253+00:00
2026-08-22,c51758bb72914739b6e6cc2d16ed0882,Atlanta Dream @ Phoenix Mercury,2026-08-23T02:00:00Z,Phoenix Mercury,Atlanta Dream,Jordin Canada,,PTS,OVER,8.5,-275,Fanatics,fanatics,player_points_alternate,the-odds-api,2026-08-22T21:39:40.815253+00:00
2026-08-22,c51758bb72914739b6e6cc2d16ed0882,Atlanta Dream @ Phoenix Mercury,2026-08-23T02:00:00Z,Phoenix Mercury,Atlanta Dream,Jordin Canada,,PTS,OVER,9.5,-190,Fanatics,fanatics,player_points_alternate,the-odds-api,2026-08-22T21:39:40.815253+00:00
2026-08-22,c51758bb72914739b6e6cc2d16ed0882,Atlanta Dream @ Phoenix Mercury,2026-08-23T02:00:00Z,Phoenix Mercury,Atlanta Dream,Jordin Canada,,PTS,OVER,10.5,-130,Fanatics,fanatics,player_points_alternate,the-odds-api,2026-08-22T21:39:40.815253+00:00
2026-08-22,c51758bb72914739b6e6cc2d16ed0882,Atlanta Dream @ Phoenix Mercury,2026-08-23T02:00:00Z,Phoenix Mercury,Atlanta Dream,Jordin Canada,,PTS,OVER,11.5,110,Fanatics,fanatics,player_points_alternate,the-odds-api,2026-08-22T21:39:40.815253+00:00
2026-08-22,c51758bb72914739b6e6cc2d16ed0882,Atlanta Dream @ Phoenix Mercury,2026-08-23T02:00:00Z,Phoenix Mercury,Atlanta Dream,Jordin Canada,,PTS,OVER,12.5,135,Fanatics,fanatics,player_points_alternate,the-odds-api,2026-08-22T21:39:40.815253+00:00
2026-08-22,c51758bb72914739b6e6cc2d16ed0882,Atlanta Dream @ Phoenix Mercury,2026-08-23T02:00:00Z,Phoenix Mercury,Atlanta Dream,Jordin Canada,,PTS,OVER,13.5,175,Fanatics,fanatics,player_points_alternate,the-odds-api,2026-08-22T21:39:40.815253+00:00
2026-08-22,c51758bb72914739b6e6cc2d16ed0882,Atlanta Dream @ Phoenix Mercury,2026-08-23T02:00:00Z,Phoenix Mercury,Atlanta Dream,Jordin Canada,,PTS,OVER,14.5,240,Fanatics,fanatics,player_points_alternate,the-odds-api,2026-08-22T21:39:40.815253+00:00
2026-08-22,c51758bb72914739b6e6cc2d16ed0882,Atlanta Dream @ Phoenix Mercury,2026-08-23T02:00:00Z,Phoenix Mercury,Atlanta Dream,Jordin Canada,,PTS,OVER,15.5,320,Fanatics,fanatics,player_points_alternate,the-odds-api,2026-08-22T21:39:40.815253+00:00
2026-08-22,c51758bb72914739b6e6cc2d16ed0882,Atlanta Dream @ Phoenix Mercury,2026-08-23T02:00:00Z,Phoenix Mercury,Atlanta Dream,Jordin Canada,,PTS,OVER,16.5,400,Fanatics,fanatics,player_points_alternate,the-odds-api,2026-08-22T21:39:40.815253+00:00
2026-08-22,c51758bb72914739b6e6cc2d16ed0882,Atlanta Dream @ Phoenix Mercury,2026-08-23T02:00:00Z,Phoenix Mercury,Atlanta Dream,Jordin Canada,,PTS,OVER,17.5,500,Fanatics,fanatics,player_points_alternate,the-odds-api,2026-08-22T21:39:40.815253+00:00
2026-08-22,c51758bb72914739b6e6cc2d16ed0882,Atlanta Dream @ Phoenix Mercury,2026-08-23T02:00:00Z,Phoenix Mercury,Atlanta Dream,Jordin Canada,,PTS,OVER,18.5,700,Fanatics,fanatics,player_points_alternate,the-odds-api,2026-08-22T21:39:40.815253+00:00
2026-08-22,c51758bb72914739b6e6cc2d16ed0882,Atlanta Dream @ Phoenix Mercury,2026-08-23T02:00:00Z,Phoenix Mercury,Atlanta Dream,Jordin Canada,,PTS,OVER,19.5,900,Fanatics,fanatics,player_points_alternate,the-odds-api,2026-08-22T21:39:40.815253+00:00
2026-08-22,c51758bb72914739b6e6cc2d16ed0882,Atlanta Dream @ Phoenix Mercury,2026-08-23T02:00:00Z,Phoenix Mercury,Atlanta Dream,Jordin Canada,,PTS,OVER,20.5,1000,Fanatics,fanatics,player_points_alternate,the-odds-api,2026-08-22T21:39:40.815253+00:00
2026-08-22,c51758bb72914739b6e6cc2d16ed0882,Atlanta Dream @ Phoenix Mercury,2026-08-23T02:00:00Z,Phoenix Mercury,Atlanta Dream,Jordin Canada,,PTS,OVER,21.5,1400,Fanatics,fanatics,player_points_alternate,the-odds-api,2026-08-22T21:39:40.815253+00:00
2026-08-22,c51758bb72914739b6e6cc2d16ed0882,Atlanta Dream @ Phoenix Mercury,2026-08-23T02:00:00Z,Phoenix Mercury,Atlanta Dream,Allisha Gray,,PTS,OVER,9.5,-2200,Fanatics,fanatics,player_points_alternate,the-odds-api,2026-08-22T21:39:40.815253+00:00
2026-08-22,c51758bb72914739b6e6cc2d16ed0882,Atlanta Dream @ Phoenix Mercury,2026-08-23T02:00:00Z,Phoenix Mercury,Atlanta Dream,Allisha Gray,,PTS,OVER,10.5,-1400,Fanatics,fanatics,player_points_alternate,the-odds-api,2026-08-22T21:39:40.815253+00:00
2026-08-22,c51758bb72914739b6e6cc2d16ed0882,Atlanta Dream @ Phoenix Mercury,2026-08-23T02:00:00Z,Phoenix Mercury,Atlanta Dream,Allisha Gray,,PTS,OVER,11.5,-1000,Fanatics,fanatics,player_points_alternate,the-odds-api,2026-08-22T21:39:40.815253+00:00
2026-08-22,c51758bb72914739b6e6cc2d16ed0882,Atlanta Dream @ Phoenix Mercury,2026-08-23T02:00:00Z,Phoenix Mercury,Atlanta Dream,Allisha Gray,,PTS,OVER,12.5,-700,Fanatics,fanatics,player_points_alternate,the-odds-api,2026-08-22T21:39:40.815253+00:00
2026-08-22,c51758bb72914739b6e6cc2d16ed0882,Atlanta Dream @ Phoenix Mercury,2026-08-23T02:00:00Z,Phoenix Mercury,Atlanta Dream,Allisha Gray,,PTS,OVER,13.5,-525,Fanatics,fanatics,player_points_alternate,the-odds-api,2026-08-22T21:39:40.815253+00:00
2026-08-22,c51758bb72914739b6e6cc2d16ed0882,Atlanta Dream @ Phoenix Mercury,2026-08-23T02:00:00Z,Phoenix Mercury,Atlanta Dream,Allisha Gray,,PTS,OVER,14.5,-400,Fanatics,fanatics,player_points_alternate,the-odds-api,2026-08-22T21:39:40.815253+00:00
2026-08-22,c51758bb72914739b6e6cc2d16ed0882,Atlanta Dream @ Phoenix Mercury,2026-08-23T02:00:00Z,Phoenix Mercury,Atlanta Dream,Allisha Gray,,PTS,OVER,15.5,-300,Fanatics,fanatics,player_points_alternate,the-odds-api,2026-08-22T21:39:40.815253+00:00
2026-08-22,c51758bb72914739b6e6cc2d16ed0882,Atlanta Dream @ Phoenix Mercury,2026-08-23T02:00:00Z,Phoenix Mercury,Atlanta Dream,Allisha Gray,,PTS,OVER,16.5,-225,Fanatics,fanatics,player_points_alternate,the-odds-api,2026-08-22T21:39:40.815253+00:00
2026-08-22,c51758bb72914739b6e6cc2d16ed0882,Atlanta Dream @ Phoenix Mercury,2026-08-23T02:00:00Z,Phoenix Mercury,Atlanta Dream,Allisha Gray,,PTS,OVER,17.5,-165,Fanatics,fanatics,player_points_alternate,the-odds-api,2026-08-22T21:39:40.815253+00:00
2026-08-22,c51758bb72914739b6e6cc2d16ed0882,Atlanta Dream @ Phoenix Mercury,2026-08-23T02:00:00Z,Phoenix Mercury,Atlanta Dream,Allisha Gray,,PTS,OVER,18.5,-130,Fanatics,fanatics,player_points_alternate,the-odds-api,2026-08-22T21:39:40.815253+00:00
2026-08-22,c51758bb72914739b6e6cc2d16ed0882,Atlanta Dream @ Phoenix Mercury,2026-08-23T02:00:00Z,Phoenix Mercury,Atlanta Dream,Allisha Gray,,PTS,OVER,19.5,-105,Fanatics,fanatics,player_points_alternate,the-odds-api,2026-08-22T21:39:40.815253+00:00
2026-08-22,c51758bb72914739b6e6cc2d16ed0882,Atlanta Dream @ Phoenix Mercury,2026-08-23T02:00:00Z,Phoenix Mercury,Atlanta Dream,Allisha Gray,,PTS,OVER,20.5,120,Fanatics,fanatics,player_points_alternate,the-odds-api,2026-08-22T21:39:40.815253+00:00
2026-08-22,c51758bb72914739b6e6cc2d16ed0882,Atlanta Dream @ Phoenix Mercury,2026-08-23T02:00:00Z,Phoenix Mercury,Atlanta Dream,Allisha Gray,,PTS,OVER,21.5,140,Fanatics,fanatics,player_points_alternate,the-odds-api,2026-08-22T21:39:40.815253+00:00
2026-08-22,c51758bb72914739b6e6cc2d16ed0882,Atlanta Dream @ Phoenix Mercury,2026-08-23T02:00:00Z,Phoenix Mercury,Atlanta Dream,Allisha Gray,,PTS,OVER,22.5,170,Fanatics,fanatics,player_points_alternate,the-odds-api,2026-08-22T21:39:40.815253+00:00
2026-08-22,c51758bb72914739b6e6cc2d16ed0882,Atlanta Dream @ Phoenix Mercury,2026-08-23T02:00:00Z,Phoenix Mercury,Atlanta Dream,Allisha Gray,,PTS,OVER,23.5,210,Fanatics,fanatics,player_points_alternate,the-odds-api,2026-08-22T21:39:40.815253+00:00
2026-08-22,c51758bb72914739b6e6cc2d16ed0882,Atlanta Dream @ Phoenix Mercury,2026-08-23T02:00:00Z,Phoenix Mercury,Atlanta Dream,Allisha Gray,,PTS,OVER,24.5,260,Fanatics,fanatics,player_points_alternate,the-odds-api,2026-08-22T21:39:40.815253+00:00
2026-08-22,c51758bb72914739b6e6cc2d16ed0882,Atlanta Dream @ Phoenix Mercury,2026-08-23T02:00:00Z,Phoenix Mercury,Atlanta Dream,Allisha Gray,,PTS,OVER,25.5,320,Fanatics,fanatics,player_points_alternate,the-odds-api,2026-08-22T21:39:40.815253+00:00
2026-08-22,c51758bb72914739b6e6cc2d16ed0882,Atlanta Dream @ Phoenix Mercury,2026-08-23T02:00:00Z,Phoenix Mercury,Atlanta Dream,Allisha Gray,,PTS,OVER,26.5,375,Fanatics,fanatics,player_points_alternate,the-odds-api,2026-08-22T21:39:40.815253+00:00
2026-08-22,c51758bb72914739b6e6cc2d16ed0882,Atlanta Dream @ Phoenix Mercury,2026-08-23T02:00:00Z,Phoenix Mercury,Atlanta Dream,Allisha Gray,,PTS,OVER,27.5,475,Fanatics,fanatics,player_points_alternate,the-odds-api,2026-08-22T21:39:40.815253+00:00
2026-08-22,c51758bb72914739b6e6cc2d16ed0882,Atlanta Dream @ Phoenix Mercury,2026-08-23T02:00:00Z,Phoenix Mercury,Atlanta Dream,Allisha Gray,,PTS,OVER,28.5,600,Fanatics,fanatics,player_points_alternate,the-odds-api,2026-08-22T21:39:40.815253+00:00
2026-08-22,c51758bb72914739b6e6cc2d16ed0882,Atlanta Dream @ Phoenix Mercury,2026-08-23T02:00:00Z,Phoenix Mercury,Atlanta Dream,Allisha Gray,,PTS,OVER,29.5,750,Fanatics,fanatics,player_points_alternate,the-odds-api,2026-08-22T21:39:40.815253+00:00
2026-08-22,c51758bb72914739b6e6cc2d16ed0882,Atlanta Dream @ Phoenix Mercury,2026-08-23T02:00:00Z,Phoenix Mercury,Atlanta Dream,Allisha Gray,,PTS,OVER,30.5,900,Fanatics,fanatics,player_points_alternate,the-odds-api,2026-08-22T21:39:40.815253+00:00
2026-08-22,c51758bb72914739b6e6cc2d16ed0882,Atlanta Dream @ Phoenix Mercury,2026-08-23T02:00:00Z,Phoenix Mercury,Atlanta Dream,Allisha Gray,,PTS,OVER,31.5,1000,Fanatics,fanatics,player_points_alternate,the-odds-api,2026-08-22T21:39:40.815253+00:00
2026-08-22,c51758bb72914739b6e6cc2d16ed0882,Atlanta Dream @ Phoenix Mercury,2026-08-23T02:00:00Z,Phoenix Mercury,Atlanta Dream,Allisha Gray,,PTS,OVER,32.5,1200,Fanatics,fanatics,player_points_alternate,the-odds-api,2026-08-22T21:39:40.815253+00:00
2026-08-22,c51758bb72914739b6e6cc2d16ed0882,Atlanta Dream @ Phoenix Mercury,2026-08-23T02:00:00Z,Phoenix Mercury,Atlanta Dream,Allisha Gray,,PTS,OVER,33.5,1500,Fanatics,fanatics,player_points_alternate,the-odds-api,2026-08-22T21:39:40.815253+00:00
2026-08-22,c51758bb72914739b6e6cc2d16ed0882,Atlanta Dream @ Phoenix Mercury,2026-08-23T02:00:00Z,Phoenix Mercury,Atlanta Dream,Naz Hillmon,,PTS,OVER,4.5,-700,Fanatics,fanatics,player_points_alternate,the-odds-api,2026-08-22T21:39:40.815253+00:00
2026-08-22,c51758bb72914739b6e6cc2d16ed0882,Atlanta Dream @ Phoenix Mercury,2026-08-23T02:00:00Z,Phoenix Mercury,Atlanta Dream,Naz Hillmon,,PTS,OVER,5.5,-425,Fanatics,fanatics,player_points_alternate,the-odds-api,2026-08-22T21:39:40.815253+00:00
2026-08-22,c51758bb72914739b6e6cc2d16ed0882,Atlanta Dream @ Phoenix Mercury,2026-08-23T02:00:00Z,Phoenix Mercury,Atlanta Dream,Naz Hillmon,,PTS,OVER,6.5,-275,Fanatics,fanatics,player_points_alternate,the-odds-api,2026-08-22T21:39:40.815253+00:00
2026-08-22,c51758bb72914739b6e6cc2d16ed0882,Atlanta Dream @ Phoenix Mercury,2026-08-23T02:00:00Z,Phoenix Mercury,Atlanta Dream,Naz Hillmon,,PTS,OVER,7.5,-175,Fanatics,fanatics,player_points_alternate,the-odds-api,2026-08-22T21:39:40.815253+00:00
2026-08-22,c51758bb72914739b6e6cc2d16ed0882,Atlanta Dream @ Phoenix Mercury,2026-08-23T02:00:00Z,Phoenix Mercury,Atlanta Dream,Naz Hillmon,,PTS,OVER,8.5,-120,Fanatics,fanatics,player_points_alternate,the-odds-api,2026-08-22T21:39:40.815253+00:00
2026-08-22,c51758bb72914739b6e6cc2d16ed0882,Atlanta Dream @ Phoenix Mercury,2026-08-23T02:00:00Z,Phoenix Mercury,Atlanta Dream,Naz Hillmon,,PTS,OVER,9.5,115,Fanatics,fanatics,player_points_alternate,the-odds-api,2026-08-22T21:39:40.815253+00:00
2026-08-22,c51758bb72914739b6e6cc2d16ed0882,Atlanta Dream @ Phoenix Mercury,2026-08-23T02:00:00Z,Phoenix Mercury,Atlanta Dream,Naz Hillmon,,PTS,OVER,10.5,140,Fanatics,fanatics,player_points_alternate,the-odds-api,2026-08-22T21:39:40.815253+00:00
2026-08-22,c51758bb72914739b6e6cc2d16ed0882,Atlanta Dream @ Phoenix Mercury,2026-08-23T02:00:00Z,Phoenix Mercury,Atlanta Dream,Naz Hillmon,,PTS,OVER,11.5,190,Fanatics,fanatics,player_points_alternate,the-odds-api,2026-08-22T21:39:40.815253+00:00
2026-08-22,c51758bb72914739b6e6cc2d16ed0882,Atlanta Dream @ Phoenix Mercury,2026-08-23T02:00:00Z,Phoenix Mercury,Atlanta Dream,Naz Hillmon,,PTS,OVER,12.5,260,Fanatics,fanatics,player_points_alternate,the-odds-api,2026-08-22T21:39:40.815253+00:00
2026-08-22,c51758bb72914739b6e6cc2d16ed0882,Atlanta Dream @ Phoenix Mercury,2026-08-23T02:00:00Z,Phoenix Mercury,Atlanta Dream,Naz Hillmon,,PTS,OVER,13.5,350,Fanatics,fanatics,player_points_alternate,the-odds-api,2026-08-22T21:39:40.815253+00:00
2026-08-22,c51758bb72914739b6e6cc2d16ed0882,Atlanta Dream @ Phoenix Mercury,2026-08-23T02:00:00Z,Phoenix Mercury,Atlanta Dream,Naz Hillmon,,PTS,OVER,14.5,425,Fanatics,fanatics,player_points_alternate,the-odds-api,2026-08-22T21:39:40.815253+00:00
2026-08-22,c51758bb72914739b6e6cc2d16ed0882,Atlanta Dream @ Phoenix Mercury,2026-08-23T02:00:00Z,Phoenix Mercury,Atlanta Dream,Naz Hillmon,,PTS,OVER,15.5,600,Fanatics,fanatics,player_points_alternate,the-odds-api,2026-08-22T21:39:40.815253+00:00
2026-08-22,c51758bb72914739b6e6cc2d16ed0882,Atlanta Dream @ Phoenix Mercury,2026-08-23T02:00:00Z,Phoenix Mercury,Atlanta Dream,Naz Hillmon,,PTS,OVER,16.5,800,Fanatics,fanatics,player_points_alternate,the-odds-api,2026-08-22T21:39:40.815253+00:00
2026-08-22,c51758bb72914739b6e6cc2d16ed0882,Atlanta Dream @ Phoenix Mercury,2026-08-23T02:00:00Z,Phoenix Mercury,Atlanta Dream,Naz Hillmon,,PTS,OVER,17.5,1000,Fanatics,fanatics,player_points_alternate,the-odds-api,2026-08-22T21:39:40.815253+00:00
2026-08-22,c51758bb72914739b6e6cc2d16ed0882,Atlanta Dream @ Phoenix Mercury,2026-08-23T02:00:00Z,Phoenix Mercury,Atlanta Dream,Naz Hillmon,,PTS,OVER,18.5,1200,Fanatics,fanatics,player_points_alternate,the-odds-api,2026-08-22T21:39:40.815253+00:00
2026-08-22,c51758bb72914739b6e6cc2d16ed0882,Atlanta Dream @ Phoenix Mercury,2026-08-23T02:00:00Z,Phoenix Mercury,Atlanta Dream,Naz Hillmon,,PTS,OVER,19.5,1500,Fanatics,fanatics,player_points_alternate,the-odds-api,2026-08-22T21:39:40.815253+00:00
2026-08-22,c51758bb72914739b6e6cc2d16ed0882,Atlanta Dream @ Phoenix Mercury,2026-08-23T02:00:00Z,Phoenix Mercury,Atlanta Dream,Alyssa Thomas,,PTS,OVER,6.5,-2000,Fanatics,fanatics,player_points_alternate,the-odds-api,2026-08-22T21:39:40.815253+00:00
2026-08-22,c51758bb72914739b6e6cc2d16ed0882,Atlanta Dream @ Phoenix Mercury,2026-08-23T02:00:00Z,Phoenix Mercury,Atlanta Dream,Alyssa Thomas,,PTS,OVER,7.5,-1300,Fanatics,fanatics,player_points_alternate,the-odds-api,2026-08-22T21:39:40.815253+00:00
2026-08-22,c51758bb72914739b6e6cc2d16ed0882,Atlanta Dream @ Phoenix Mercury,2026-08-23T02:00:00Z,Phoenix Mercury,Atlanta Dream,Alyssa Thomas,,PTS,OVER,8.5,-900,Fanatics,fanatics,player_points_alternate,the-odds-api,2026-08-22T21:39:40.815253+00:00
2026-08-22,c51758bb72914739b6e6cc2d16ed0882,Atlanta Dream @ Phoenix Mercury,2026-08-23T02:00:00Z,Phoenix Mercury,Atlanta Dream,Alyssa Thomas,,PTS,OVER,9.5,-550,Fanatics,fanatics,player_points_alternate,the-odds-api,2026-08-22T21:39:40.815253+00:00
2026-08-22,c51758bb72914739b6e6cc2d16ed0882,Atlanta Dream @ Phoenix Mercury,2026-08-23T02:00:00Z,Phoenix Mercury,Atlanta Dream,Alyssa Thomas,,PTS,OVER,10.5,-425,Fanatics,fanatics,player_points_alternate,the-odds-api,2026-08-22T21:39:40.815253+00:00
2026-08-22,c51758bb72914739b6e6cc2d16ed0882,Atlanta Dream @ Phoenix Mercury,2026-08-23T02:00:00Z,Phoenix Mercury,Atlanta Dream,Alyssa Thomas,,PTS,OVER,11.5,-300,Fanatics,fanatics,player_points_alternate,the-odds-api,2026-08-22T21:39:40.815253+00:00
2026-08-22,c51758bb72914739b6e6cc2d16ed0882,Atlanta Dream @ Phoenix Mercury,2026-08-23T02:00:00Z,Phoenix Mercury,Atlanta Dream,Alyssa Thomas,,PTS,OVER,12.5,-225,Fanatics,fanatics,player_points_alternate,the-odds-api,2026-08-22T21:39:40.815253+00:00
2026-08-22,c51758bb72914739b6e6cc2d16ed0882,Atlanta Dream @ Phoenix Mercury,2026-08-23T02:00:00Z,Phoenix Mercury,Atlanta Dream,Alyssa Thomas,,PTS,OVER,13.5,-150,Fanatics,fanatics,player_points_alternate,the-odds-api,2026-08-22T21:39:40.815253+00:00
2026-08-22,c51758bb72914739b6e6cc2d16ed0882,Atlanta Dream @ Phoenix Mercury,2026-08-23T02:00:00Z,Phoenix Mercury,Atlanta Dream,Alyssa Thomas,,PTS,OVER,14.5,-115,Fanatics,fanatics,player_points_alternate,the-odds-api,2026-08-22T21:39:40.815253+00:00
2026-08-22,c51758bb72914739b6e6cc2d16ed0882,Atlanta Dream @ Phoenix Mercury,2026-08-23T02:00:00Z,Phoenix Mercury,Atlanta Dream,Alyssa Thomas,,PTS,OVER,15.5,110,Fanatics,fanatics,player_points_alternate,the-odds-api,2026-08-22T21:39:40.815253+00:00
2026-08-22,c51758bb72914739b6e6cc2d16ed0882,Atlanta Dream @ Phoenix Mercury,2026-08-23T02:00:00Z,Phoenix Mercury,Atlanta Dream,Alyssa Thomas,,PTS,OVER,16.5,130,Fanatics,fanatics,player_points_alternate,the-odds-api,2026-08-22T21:39:40.815253+00:00
2026-08-22,c51758bb72914739b6e6cc2d16ed0882,Atlanta Dream @ Phoenix Mercury,2026-08-23T02:00:00Z,Phoenix Mercury,Atlanta Dream,Alyssa Thomas,,PTS,OVER,17.5,160,Fanatics,fanatics,player_points_alternate,the-odds-api,2026-08-22T21:39:40.815253+00:00
2026-08-22,c51758bb72914739b6e6cc2d16ed0882,Atlanta Dream @ Phoenix Mercury,2026-08-23T02:00:00Z,Phoenix Mercury,Atlanta Dream,Alyssa Thomas,,PTS,OVER,18.5,200,Fanatics,fanatics,player_points_alternate,the-odds-api,2026-08-22T21:39:40.815253+00:00
2026-08-22,c51758bb72914739b6e6cc2d16ed0882,Atlanta Dream @ Phoenix Mercury,2026-08-23T02:00:00Z,Phoenix Mercury,Atlanta Dream,Alyssa Thomas,,PTS,OVER,19.5,260,Fanatics,fanatics,player_points_alternate,the-odds-api,2026-08-22T21:39:40.815253+00:00
2026-08-22,c51758bb72914739b6e6cc2d16ed0882,Atlanta Dream @ Phoenix Mercury,2026-08-23T02:00:00Z,Phoenix Mercury,Atlanta Dream,Alyssa Thomas,,PTS,OVER,20.5,320,Fanatics,fanatics,player_points_alternate,the-odds-api,2026-08-22T21:39:40.815253+00:00
2026-08-22,c51758bb72914739b6e6cc2d16ed0882,Atlanta Dream @ Phoenix Mercury,2026-08-23T02:00:00Z,Phoenix Mercury,Atlanta Dream,Alyssa Thomas,,PTS,OVER,21.5,375,Fanatics,fanatics,player_points_alternate,the-odds-api,2026-08-22T21:39:40.815253+00:00
2026-08-22,c51758bb72914739b6e6cc2d16ed0882,Atlanta Dream @ Phoenix Mercury,2026-08-23T02:00:00Z,Phoenix Mercury,Atlanta Dream,Alyssa Thomas,,PTS,OVER,22.5,475,Fanatics,fanatics,player_points_alternate,the-odds-api,2026-08-22T21:39:40.815253+00:00
2026-08-22,c51758bb72914739b6e6cc2d16ed0882,Atlanta Dream @ Phoenix Mercury,2026-08-23T02:00:00Z,Phoenix Mercury,Atlanta Dream,Alyssa Thomas,,PTS,OVER,23.5,600,Fanatics,fanatics,player_points_alternate,the-odds-api,2026-08-22T21:39:40.815253+00:00
2026-08-22,c51758bb72914739b6e6cc2d16ed0882,Atlanta Dream @ Phoenix Mercury,2026-08-23T02:00:00Z,Phoenix Mercury,Atlanta Dream,Alyssa Thomas,,PTS,OVER,24.5,800,Fanatics,fanatics,player_points_alternate,the-odds-api,2026-08-22T21:39:40.815253+00:00
2026-08-22,c51758bb72914739b6e6cc2d16ed0882,Atlanta Dream @ Phoenix Mercury,2026-08-23T02:00:00Z,Phoenix Mercury,Atlanta Dream,Alyssa Thomas,,PTS,OVER,25.5,900,Fanatics,fanatics,player_points_alternate,the-odds-api,2026-08-22T21:39:40.815253+00:00
2026-08-22,c51758bb72914739b6e6cc2d16ed0882,Atlanta Dream @ Phoenix Mercury,2026-08-23T02:00:00Z,Phoenix Mercury,Atlanta Dream,Alyssa Thomas,,PTS,OVER,26.5,1100,Fanatics,fanatics,player_points_alternate,the-odds-api,2026-08-22T21:39:40.815253+00:00
2026-08-22,c51758bb72914739b6e6cc2d16ed0882,Atlanta Dream @ Phoenix Mercury,2026-08-23T02:00:00Z,Phoenix Mercury,Atlanta Dream,Alyssa Thomas,,PTS,OVER,27.5,1200,Fanatics,fanatics,player_points_alternate,the-odds-api,2026-08-22T21:39:40.815253+00:00
2026-08-22,c51758bb72914739b6e6cc2d16ed0882,Atlanta Dream @ Phoenix Mercury,2026-08-23T02:00:00Z,Phoenix Mercury,Atlanta Dream,Alyssa Thomas,,PTS,OVER,28.5,1600,Fanatics,fanatics,player_points_alternate,the-odds-api,2026-08-22T21:39:40.815253+00:00
2026-08-22,c51758bb72914739b6e6cc2d16ed0882,Atlanta Dream @ Phoenix Mercury,2026-08-23T02:00:00Z,Phoenix Mercury,Atlanta Dream,DeWanna Bonner,,PTS,OVER,4.5,-1700,Fanatics,fanatics,player_points_alternate,the-odds-api,2026-08-22T21:39:40.815253+00:00
2026-08-22,c51758bb72914739b6e6cc2d16ed0882,Atlanta Dream @ Phoenix Mercury,2026-08-23T02:00:00Z,Phoenix Mercury,Atlanta Dream,DeWanna Bonner,,PTS,OVER,5.5,-1100,Fanatics,fanatics,player_points_alternate,the-odds-api,2026-08-22T21:39:40.815253+00:00
2026-08-22,c51758bb72914739b6e6cc2d16ed0882,Atlanta Dream @ Phoenix Mercury,2026-08-23T02:00:00Z,Phoenix Mercury,Atlanta Dream,DeWanna Bonner,,PTS,OVER,6.5,-650,Fanatics,fanatics,player_points_alternate,the-odds-api,2026-08-22T21:39:40.815253+00:00
2026-08-22,c51758bb72914739b6e6cc2d16ed0882,Atlanta Dream @ Phoenix Mercury,2026-08-23T02:00:00Z,Phoenix Mercury,Atlanta Dream,DeWanna Bonner,,PTS,OVER,7.5,-425,Fanatics,fanatics,player_points_alternate,the-odds-api,2026-08-22T21:39:40.815253+00:00
2026-08-22,c51758bb72914739b6e6cc2d16ed0882,Atlanta Dream @ Phoenix Mercury,2026-08-23T02:00:00Z,Phoenix Mercury,Atlanta Dream,DeWanna Bonner,,PTS,OVER,8.5,-300,Fanatics,fanatics,player_points_alternate,the-odds-api,2026-08-22T21:39:40.815253+00:00
2026-08-22,c51758bb72914739b6e6cc2d16ed0882,Atlanta Dream @ Phoenix Mercury,2026-08-23T02:00:00Z,Phoenix Mercury,Atlanta Dream,DeWanna Bonner,,PTS,OVER,9.5,-190,Fanatics,fanatics,player_points_alternate,the-odds-api,2026-08-22T21:39:40.815253+00:00
2026-08-22,c51758bb72914739b6e6cc2d16ed0882,Atlanta Dream @ Phoenix Mercury,2026-08-23T02:00:00Z,Phoenix Mercury,Atlanta Dream,DeWanna Bonner,,PTS,OVER,10.5,-140,Fanatics,fanatics,player_points_alternate,the-odds-api,2026-08-22T21:39:40.815253+00:00
2026-08-22,c51758bb72914739b6e6cc2d16ed0882,Atlanta Dream @ Phoenix Mercury,2026-08-23T02:00:00Z,Phoenix Mercury,Atlanta Dream,DeWanna Bonner,,PTS,OVER,11.5,100,Fanatics,fanatics,player_points_alternate,the-odds-api,2026-08-22T21:39:40.815253+00:00
2026-08-22,c51758bb72914739b6e6cc2d16ed0882,Atlanta Dream @ Phoenix Mercury,2026-08-23T02:00:00Z,Phoenix Mercury,Atlanta Dream,DeWanna Bonner,,PTS,OVER,12.5,130,Fanatics,fanatics,player_points_alternate,the-odds-api,2026-08-22T21:39:40.815253+00:00
2026-08-22,c51758bb72914739b6e6cc2d16ed0882,Atlanta Dream @ Phoenix Mercury,2026-08-23T02:00:00Z,Phoenix Mercury,Atlanta Dream,DeWanna Bonner,,PTS,OVER,13.5,160,Fanatics,fanatics,player_points_alternate,the-odds-api,2026-08-22T21:39:40.815253+00:00
2026-08-22,c51758bb72914739b6e6cc2d16ed0882,Atlanta Dream @ Phoenix Mercury,2026-08-23T02:00:00Z,Phoenix Mercury,Atlanta Dream,DeWanna Bonner,,PTS,OVER,14.5,210,Fanatics,fanatics,player_points_alternate,the-odds-api,2026-08-22T21:39:40.815253+00:00
2026-08-22,c51758bb72914739b6e6cc2d16ed0882,Atlanta Dream @ Phoenix Mercury,2026-08-23T02:00:00Z,Phoenix Mercury,Atlanta Dream,DeWanna Bonner,,PTS,OVER,15.5,270,Fanatics,fanatics,player_points_alternate,the-odds-api,2026-08-22T21:39:40.815253+00:00
2026-08-22,c51758bb72914739b6e6cc2d16ed0882,Atlanta Dream @ Phoenix Mercury,2026-08-23T02:00:00Z,Phoenix Mercury,Atlanta Dream,DeWanna Bonner,,PTS,OVER,16.5,340,Fanatics,fanatics,player_points_alternate,the-odds-api,2026-08-22T21:39:40.815253+00:00
2026-08-22,c51758bb72914739b6e6cc2d16ed0882,Atlanta Dream @ Phoenix Mercury,2026-08-23T02:00:00Z,Phoenix Mercury,Atlanta Dream,DeWanna Bonner,,PTS,OVER,17.5,400,Fanatics,fanatics,player_points_alternate,the-odds-api,2026-08-22T21:39:40.815253+00:00
2026-08-22,c51758bb72914739b6e6cc2d16ed0882,Atlanta Dream @ Phoenix Mercury,2026-08-23T02:00:00Z,Phoenix Mercury,Atlanta Dream,DeWanna Bonner,,PTS,OVER,18.5,550,Fanatics,fanatics,player_points_alternate,the-odds-api,2026-08-22T21:39:40.815253+00:00
2026-08-22,c51758bb72914739b6e6cc2d16ed0882,Atlanta Dream @ Phoenix Mercury,2026-08-23T02:00:00Z,Phoenix Mercury,Atlanta Dream,DeWanna Bonner,,PTS,OVER,19.5,750,Fanatics,fanatics,player_points_alternate,the-odds-api,2026-08-22T21:39:40.815253+00:00
2026-08-22,c51758bb72914739b6e6cc2d16ed0882,Atlanta Dream @ Phoenix Mercury,2026-08-23T02:00:00Z,Phoenix Mercury,Atlanta Dream,DeWanna Bonner,,PTS,OVER,20.5,900,Fanatics,fanatics,player_points_alternate,the-odds-api,2026-08-22T21:39:40.815253+00:00
2026-08-22,c51758bb72914739b6e6cc2d16ed0882,Atlanta Dream @ Phoenix Mercury,2026-08-23T02:00:00Z,Phoenix Mercury,Atlanta Dream,DeWanna Bonner,,PTS,OVER,21.5,1100,Fanatics,fanatics,player_points_alternate,the-odds-api,2026-08-22T21:39:40.815253+00:00
2026-08-22,c51758bb72914739b6e6cc2d16ed0882,Atlanta Dream @ Phoenix Mercury,2026-08-23T02:00:00Z,Phoenix Mercury,Atlanta Dream,DeWanna Bonner,,PTS,OVER,22.5,1400,Fanatics,fanatics,player_points_alternate,the-odds-api,2026-08-22T21:39:40.815253+00:00
2026-08-22,c51758bb72914739b6e6cc2d16ed0882,Atlanta Dream @ Phoenix Mercury,2026-08-23T02:00:00Z,Phoenix Mercury,Atlanta Dream,Kahleah Copper,,PTS,OVER,10.5,-1800,Fanatics,fanatics,player_points_alternate,the-odds-api,2026-08-22T21:39:40.815253+00:00
2026-08-22,c51758bb72914739b6e6cc2d16ed0882,Atlanta Dream @ Phoenix Mercury,2026-08-23T02:00:00Z,Phoenix Mercury,Atlanta Dream,Kahleah Copper,,PTS,OVER,11.5,-1300,Fanatics,fanatics,player_points_alternate,the-odds-api,2026-08-22T21:39:40.815253+00:00
2026-08-22,c51758bb72914739b6e6cc2d16ed0882,Atlanta Dream @ Phoenix Mercury,2026-08-23T02:00:00Z,Phoenix Mercury,Atlanta Dream,Kahleah Copper,,PTS,OVER,12.5,-1000,Fanatics,fanatics,player_points_alternate,the-odds-api,2026-08-22T21:39:40.815253+00:00
2026-08-22,c51758bb72914739b6e6cc2d16ed0882,Atlanta Dream @ Phoenix Mercury,2026-08-23T02:00:00Z,Phoenix Mercury,Atlanta Dream,Kahleah Copper,,PTS,OVER,13.5,-700,Fanatics,fanatics,player_points_alternate,the-odds-api,2026-08-22T21:39:40.815253+00:00
2026-08-22,c51758bb72914739b6e6cc2d16ed0882,Atlanta Dream @ Phoenix Mercury,2026-08-23T02:00:00Z,Phoenix Mercury,Atlanta Dream,Kahleah Copper,,PTS,OVER,14.5,-525,Fanatics,fanatics,player_points_alternate,the-odds-api,2026-08-22T21:39:40.815253+00:00
2026-08-22,c51758bb72914739b6e6cc2d16ed0882,Atlanta Dream @ Phoenix Mercury,2026-08-23T02:00:00Z,Phoenix Mercury,Atlanta Dream,Kahleah Copper,,PTS,OVER,15.5,-400,Fanatics,fanatics,player_points_alternate,the-odds-api,2026-08-22T21:39:40.815253+00:00
2026-08-22,c51758bb72914739b6e6cc2d16ed0882,Atlanta Dream @ Phoenix Mercury,2026-08-23T02:00:00Z,Phoenix Mercury,Atlanta Dream,Kahleah Copper,,PTS,OVER,16.5,-300,Fanatics,fanatics,player_points_alternate,the-odds-api,2026-08-22T21:39:40.815253+00:00
2026-08-22,c51758bb72914739b6e6cc2d16ed0882,Atlanta Dream @ Phoenix Mercury,2026-08-23T02:00:00Z,Phoenix Mercury,Atlanta Dream,Kahleah Copper,,PTS,OVER,17.5,-225,Fanatics,fanatics,player_points_alternate,the-odds-api,2026-08-22T21:39:40.815253+00:00
2026-08-22,c51758bb72914739b6e6cc2d16ed0882,Atlanta Dream @ Phoenix Mercury,2026-08-23T02:00:00Z,Phoenix Mercury,Atlanta Dream,Kahleah Copper,,PTS,OVER,18.5,-175,Fanatics,fanatics,player_points_alternate,the-odds-api,2026-08-22T21:39:40.815253+00:00
2026-08-22,c51758bb72914739b6e6cc2d16ed0882,Atlanta Dream @ Phoenix Mercury,2026-08-23T02:00:00Z,Phoenix Mercury,Atlanta Dream,Kahleah Copper,,PTS,OVER,19.5,-130,Fanatics,fanatics,player_points_alternate,the-odds-api,2026-08-22T21:39:40.815253+00:00
2026-08-22,c51758bb72914739b6e6cc2d16ed0882,Atlanta Dream @ Phoenix Mercury,2026-08-23T02:00:00Z,Phoenix Mercury,Atlanta Dream,Kahleah Copper,,PTS,OVER,20.5,-105,Fanatics,fanatics,player_points_alternate,the-odds-api,2026-08-22T21:39:40.815253+00:00
2026-08-22,c51758bb72914739b6e6cc2d16ed0882,Atlanta Dream @ Phoenix Mercury,2026-08-23T02:00:00Z,Phoenix Mercury,Atlanta Dream,Kahleah Copper,,PTS,OVER,21.5,120,Fanatics,fanatics,player_points_alternate,the-odds-api,2026-08-22T21:39:40.815253+00:00
2026-08-22,c51758bb72914739b6e6cc2d16ed0882,Atlanta Dream @ Phoenix Mercury,2026-08-23T02:00:00Z,Phoenix Mercury,Atlanta Dream,Kahleah Copper,,PTS,OVER,22.5,140,Fanatics,fanatics,player_points_alternate,the-odds-api,2026-08-22T21:39:40.815253+00:00
2026-08-22,c51758bb72914739b6e6cc2d16ed0882,Atlanta Dream @ Phoenix Mercury,2026-08-23T02:00:00Z,Phoenix Mercury,Atlanta Dream,Kahleah Copper,,PTS,OVER,23.5,170,Fanatics,fanatics,player_points_alternate,the-odds-api,2026-08-22T21:39:40.815253+00:00
2026-08-22,c51758bb72914739b6e6cc2d16ed0882,Atlanta Dream @ Phoenix Mercury,2026-08-23T02:00:00Z,Phoenix Mercury,Atlanta Dream,Kahleah Copper,,PTS,OVER,24.5,210,Fanatics,fanatics,player_points_alternate,the-odds-api,2026-08-22T21:39:40.815253+00:00
2026-08-22,c51758bb72914739b6e6cc2d16ed0882,Atlanta Dream @ Phoenix Mercury,2026-08-23T02:00:00Z,Phoenix Mercury,Atlanta Dream,Kahleah Copper,,PTS,OVER,25.5,260,Fanatics,fanatics,player_points_alternate,the-odds-api,2026-08-22T21:39:40.815253+00:00
2026-08-22,c51758bb72914739b6e6cc2d16ed0882,Atlanta Dream @ Phoenix Mercury,2026-08-23T02:00:00Z,Phoenix Mercury,Atlanta Dream,Kahleah Copper,,PTS,OVER,26.5,320,Fanatics,fanatics,player_points_alternate,the-odds-api,2026-08-22T21:39:40.815253+00:00
2026-08-22,c51758bb72914739b6e6cc2d16ed0882,Atlanta Dream @ Phoenix Mercury,2026-08-23T02:00:00Z,Phoenix Mercury,Atlanta Dream,Kahleah Copper,,PTS,OVER,27.5,375,Fanatics,fanatics,player_points_alternate,the-odds-api,2026-08-22T21:39:40.815253+00:00
2026-08-22,c51758bb72914739b6e6cc2d16ed0882,Atlanta Dream @ Phoenix Mercury,2026-08-23T02:00:00Z,Phoenix Mercury,Atlanta Dream,Kahleah Copper,,PTS,OVER,28.5,475,Fanatics,fanatics,player_points_alternate,the-odds-api,2026-08-22T21:39:40.815253+00:00
2026-08-22,c51758bb72914739b6e6cc2d16ed0882,Atlanta Dream @ Phoenix Mercury,2026-08-23T02:00:00Z,Phoenix Mercury,Atlanta Dream,Kahleah Copper,,PTS,OVER,29.5,600,Fanatics,fanatics,player_points_alternate,the-odds-api,2026-08-22T21:39:40.815253+00:00
2026-08-22,c51758bb72914739b6e6cc2d16ed0882,Atlanta Dream @ Phoenix Mercury,2026-08-23T02:00:00Z,Phoenix Mercury,Atlanta Dream,Kahleah Copper,,PTS,OVER,30.5,750,Fanatics,fanatics,player_points_alternate,the-odds-api,2026-08-22T21:39:40.815253+00:00
2026-08-22,c51758bb72914739b6e6cc2d16ed0882,Atlanta Dream @ Phoenix Mercury,2026-08-23T02:00:00Z,Phoenix Mercury,Atlanta Dream,Kahleah Copper,,PTS,OVER,31.5,900,Fanatics,fanatics,player_points_alternate,the-odds-api,2026-08-22T21:39:40.815253+00:00
2026-08-22,c51758bb72914739b6e6cc2d16ed0882,Atlanta Dream @ Phoenix Mercury,2026-08-23T02:00:00Z,Phoenix Mercury,Atlanta Dream,Kahleah Copper,,PTS,OVER,32.5,1000,Fanatics,fanatics,player_points_alternate,the-odds-api,2026-08-22T21:39:40.815253+00:00
2026-08-22,c51758bb72914739b6e6cc2d16ed0882,Atlanta Dream @ Phoenix Mercury,2026-08-23T02:00:00Z,Phoenix Mercury,Atlanta Dream,Kahleah Copper,,PTS,OVER,33.5,1200,Fanatics,fanatics,player_points_alternate,the-odds-api,2026-08-22T21:39:40.815253+00:00
2026-08-22,c51758bb72914739b6e6cc2d16ed0882,Atlanta Dream @ Phoenix Mercury,2026-08-23T02:00:00Z,Phoenix Mercury,Atlanta Dream,Kahleah Copper,,PTS,OVER,34.5,1500,Fanatics,fanatics,player_points_alternate,the-odds-api,2026-08-22T21:39:40.815253+00:00
2026-08-22,c51758bb72914739b6e6cc2d16ed0882,Atlanta Dream @ Phoenix Mercury,2026-08-23T02:00:00Z,Phoenix Mercury,Atlanta Dream,Kelsey Plum,,PTS,OVER,5.5,-2200,Fanatics,fanatics,player_points_alternate,the-odds-api,2026-08-22T21:39:40.815253+00:00
2026-08-22,c51758bb72914739b6e6cc2d16ed0882,Atlanta Dream @ Phoenix Mercury,2026-08-23T02:00:00Z,Phoenix Mercury,Atlanta Dream,Kelsey Plum,,PTS,OVER,6.5,-1400,Fanatics,fanatics,player_points_alternate,the-odds-api,2026-08-22T21:39:40.815253+00:00
2026-08-22,c51758bb72914739b6e6cc2d16ed0882,Atlanta Dream @ Phoenix Mercury,2026-08-23T02:00:00Z,Phoenix Mercury,Atlanta Dream,Kelsey Plum,,PTS,OVER,7.5,-1000,Fanatics,fanatics,player_points_alternate,the-odds-api,2026-08-22T21:39:40.815253+00:00
2026-08-22,c51758bb72914739b6e6cc2d16ed0882,Atlanta Dream @ Phoenix Mercury,2026-08-23T02:00:00Z,Phoenix Mercury,Atlanta Dream,Kelsey Plum,,PTS,OVER,8.5,-650,Fanatics,fanatics,player_points_alternate,the-odds-api,2026-08-22T21:39:40.815253+00:00
2026-08-22,c51758bb72914739b6e6cc2d16ed0882,Atlanta Dream @ Phoenix Mercury,2026-08-23T02:00:00Z,Phoenix Mercury,Atlanta Dream,Kelsey Plum,,PTS,OVER,9.5,-450,Fanatics,fanatics,player_points_alternate,the-odds-api,2026-08-22T21:39:40.815253+00:00
2026-08-22,c51758bb72914739b6e6cc2d16ed0882,Atlanta Dream @ Phoenix Mercury,2026-08-23T02:00:00Z,Phoenix Mercury,Atlanta Dream,Kelsey Plum,,PTS,OVER,10.5,-325,Fanatics,fanatics,player_points_alternate,the-odds-api,2026-08-22T21:39:40.815253+00:00
2026-08-22,c51758bb72914739b6e6cc2d16ed0882,Atlanta Dream @ Phoenix Mercury,2026-08-23T02:00:00Z,Phoenix Mercury,Atlanta Dream,Kelsey Plum,,PTS,OVER,11.5,-240,Fanatics,fanatics,player_points_alternate,the-odds-api,2026-08-22T21:39:40.815253+00:00
2026-08-22,c51758bb72914739b6e6cc2d16ed0882,Atlanta Dream @ Phoenix Mercury,2026-08-23T02:00:00Z,Phoenix Mercury,Atlanta Dream,Kelsey Plum,,PTS,OVER,12.5,-175,Fanatics,fanatics,player_points_alternate,the-odds-api,2026-08-22T21:39:40.815253+00:00
2026-08-22,c51758bb72914739b6e6cc2d16ed0882,Atlanta Dream @ Phoenix Mercury,2026-08-23T02:00:00Z,Phoenix Mercury,Atlanta Dream,Kelsey Plum,,PTS,OVER,13.5,-125,Fanatics,fanatics,player_points_alternate,the-odds-api,2026-08-22T21:39:40.815253+00:00
2026-08-22,c51758bb72914739b6e6cc2d16ed0882,Atlanta Dream @ Phoenix Mercury,2026-08-23T02:00:00Z,Phoenix Mercury,Atlanta Dream,Kelsey Plum,,PTS,OVER,14.5,100,Fanatics,fanatics,player_points_alternate,the-odds-api,2026-08-22T21:39:40.815253+00:00
2026-08-22,c51758bb72914739b6e6cc2d16ed0882,Atlanta Dream @ Phoenix Mercury,2026-08-23T02:00:00Z,Phoenix Mercury,Atlanta Dream,Kelsey Plum,,PTS,OVER,15.5,125,Fanatics,fanatics,player_points_alternate,the-odds-api,2026-08-22T21:39:40.815253+00:00
2026-08-22,c51758bb72914739b6e6cc2d16ed0882,Atlanta Dream @ Phoenix Mercury,2026-08-23T02:00:00Z,Phoenix Mercury,Atlanta Dream,Kelsey Plum,,PTS,OVER,16.5,155,Fanatics,fanatics,player_points_alternate,the-odds-api,2026-08-22T21:39:40.815253+00:00
2026-08-22,c51758bb72914739b6e6cc2d16ed0882,Atlanta Dream @ Phoenix Mercury,2026-08-23T02:00:00Z,Phoenix Mercury,Atlanta Dream,Kelsey Plum,,PTS,OVER,17.5,190,Fanatics,fanatics,player_points_alternate,the-odds-api,2026-08-22T21:39:40.815253+00:00
2026-08-22,c51758bb72914739b6e6cc2d16ed0882,Atlanta Dream @ Phoenix Mercury,2026-08-23T02:00:00Z,Phoenix Mercury,Atlanta Dream,Kelsey Plum,,PTS,OVER,18.5,240,Fanatics,fanatics,player_points_alternate,the-odds-api,2026-08-22T21:39:40.815253+00:00
2026-08-22,c51758bb72914739b6e6cc2d16ed0882,Atlanta Dream @ Phoenix Mercury,2026-08-23T02:00:00Z,Phoenix Mercury,Atlanta Dream,Kelsey Plum,,PTS,OVER,19.5,300,Fanatics,fanatics,player_points_alternate,the-odds-api,2026-08-22T21:39:40.815253+00:00
2026-08-22,c51758bb72914739b6e6cc2d16ed0882,Atlanta Dream @ Phoenix Mercury,2026-08-23T02:00:00Z,Phoenix Mercury,Atlanta Dream,Kelsey Plum,,PTS,OVER,20.5,375,Fanatics,fanatics,player_points_alternate,the-odds-api,2026-08-22T21:39:40.815253+00:00
2026-08-22,c51758bb72914739b6e6cc2d16ed0882,Atlanta Dream @ Phoenix Mercury,2026-08-23T02:00:00Z,Phoenix Mercury,Atlanta Dream,Kelsey Plum,,PTS,OVER,21.5,425,Fanatics,fanatics,player_points_alternate,the-odds-api,2026-08-22T21:39:40.815253+00:00
2026-08-22,c51758bb72914739b6e6cc2d16ed0882,Atlanta Dream @ Phoenix Mercury,2026-08-23T02:00:00Z,Phoenix Mercury,Atlanta Dream,Kelsey Plum,,PTS,OVER,22.5,550,Fanatics,fanatics,player_points_alternate,the-odds-api,2026-08-22T21:39:40.815253+00:00
2026-08-22,c51758bb72914739b6e6cc2d16ed0882,Atlanta Dream @ Phoenix Mercury,2026-08-23T02:00:00Z,Phoenix Mercury,Atlanta Dream,Kelsey Plum,,PTS,OVER,23.5,750,Fanatics,fanatics,player_points_alternate,the-odds-api,2026-08-22T21:39:40.815253+00:00
2026-08-22,c51758bb72914739b6e6cc2d16ed0882,Atlanta Dream @ Phoenix Mercury,2026-08-23T02:00:00Z,Phoenix Mercury,Atlanta Dream,Kelsey Plum,,PTS,OVER,24.5,900,Fanatics,fanatics,player_points_alternate,the-odds-api,2026-08-22T21:39:40.815253+00:00
2026-08-22,c51758bb72914739b6e6cc2d16ed0882,Atlanta Dream @ Phoenix Mercury,2026-08-23T02:00:00Z,Phoenix Mercury,Atlanta Dream,Kelsey Plum,,PTS,OVER,25.5,1000,Fanatics,fanatics,player_points_alternate,the-odds-api,2026-08-22T21:39:40.815253+00:00
2026-08-22,c51758bb72914739b6e6cc2d16ed0882,Atlanta Dream @ Phoenix Mercury,2026-08-23T02:00:00Z,Phoenix Mercury,Atlanta Dream,Kelsey Plum,,PTS,OVER,26.5,1200,Fanatics,fanatics,player_points_alternate,the-odds-api,2026-08-22T21:39:40.815253+00:00
2026-08-22,c51758bb72914739b6e6cc2d16ed0882,Atlanta Dream @ Phoenix Mercury,2026-08-23T02:00:00Z,Phoenix Mercury,Atlanta Dream,Kelsey Plum,,PTS,OVER,27.5,1500,Fanatics,fanatics,player_points_alternate,the-odds-api,2026-08-22T21:39:40.815253+00:00
2026-08-22,c51758bb72914739b6e6cc2d16ed0882,Atlanta Dream @ Phoenix Mercury,2026-08-23T02:00:00Z,Phoenix Mercury,Atlanta Dream,Madina Okot,,PTS,OVER,4.5,-210,Fanatics,fanatics,player_points_alternate,the-odds-api,2026-08-22T21:39:40.815253+00:00
2026-08-22,c51758bb72914739b6e6cc2d16ed0882,Atlanta Dream @ Phoenix Mercury,2026-08-23T02:00:00Z,Phoenix Mercury,Atlanta Dream,Madina Okot,,PTS,OVER,5.5,-125,Fanatics,fanatics,player_points_alternate,the-odds-api,2026-08-22T21:39:40.815253+00:00
2026-08-22,c51758bb72914739b6e6cc2d16ed0882,Atlanta Dream @ Phoenix Mercury,2026-08-23T02:00:00Z,Phoenix Mercury,Atlanta Dream,Madina Okot,,PTS,OVER,6.5,120,Fanatics,fanatics,player_points_alternate,the-odds-api,2026-08-22T21:39:40.815253+00:00
2026-08-22,c51758bb72914739b6e6cc2d16ed0882,Atlanta Dream @ Phoenix Mercury,2026-08-23T02:00:00Z,Phoenix Mercury,Atlanta Dream,Madina Okot,,PTS,OVER,7.5,160,Fanatics,fanatics,player_points_alternate,the-odds-api,2026-08-22T21:39:40.815253+00:00
2026-08-22,c51758bb72914739b6e6cc2d16ed0882,Atlanta Dream @ Phoenix Mercury,2026-08-23T02:00:00Z,Phoenix Mercury,Atlanta Dream,Madina Okot,,PTS,OVER,8.5,230,Fanatics,fanatics,player_points_alternate,the-odds-api,2026-08-22T21:39:40.815253+00:00
2026-08-22,c51758bb72914739b6e6cc2d16ed0882,Atlanta Dream @ Phoenix Mercury,2026-08-23T02:00:00Z,Phoenix Mercury,Atlanta Dream,Madina Okot,,PTS,OVER,9.5,320,Fanatics,fanatics,player_points_alternate,the-odds-api,2026-08-22T21:39:40.815253+00:00
2026-08-22,c51758bb72914739b6e6cc2d16ed0882,Atlanta Dream @ Phoenix Mercury,2026-08-23T02:00:00Z,Phoenix Mercury,Atlanta Dream,Madina Okot,,PTS,OVER,10.5,400,Fanatics,fanatics,player_points_alternate,the-odds-api,2026-08-22T21:39:40.815253+00:00
2026-08-22,c51758bb72914739b6e6cc2d16ed0882,Atlanta Dream @ Phoenix Mercury,2026-08-23T02:00:00Z,Phoenix Mercury,Atlanta Dream,Madina Okot,,PTS,OVER,11.5,600,Fanatics,fanatics,player_points_alternate,the-odds-api,2026-08-22T21:39:40.815253+00:00
2026-08-22,c51758bb72914739b6e6cc2d16ed0882,Atlanta Dream @ Phoenix Mercury,2026-08-23T02:00:00Z,Phoenix Mercury,Atlanta Dream,Madina Okot,,PTS,OVER,12.5,850,Fanatics,fanatics,player_points_alternate,the-odds-api,2026-08-22T21:39:40.815253+00:00
2026-08-22,c51758bb72914739b6e6cc2d16ed0882,Atlanta Dream @ Phoenix Mercury,2026-08-23T02:00:00Z,Phoenix Mercury,Atlanta Dream,Madina Okot,,PTS,OVER,13.5,1000,Fanatics,fanatics,player_points_alternate,the-odds-api,2026-08-22T21:39:40.815253+00:00
2026-08-22,c51758bb72914739b6e6cc2d16ed0882,Atlanta Dream @ Phoenix Mercury,2026-08-23T02:00:00Z,Phoenix Mercury,Atlanta Dream,Madina Okot,,PTS,OVER,14.5,1500,Fanatics,fanatics,player_points_alternate,the-odds-api,2026-08-22T21:39:40.815253+00:00
2026-08-22,c51758bb72914739b6e6cc2d16ed0882,Atlanta Dream @ Phoenix Mercury,2026-08-23T02:00:00Z,Phoenix Mercury,Atlanta Dream,Sami Whitcomb,,PTS,OVER,4.5,-400,Fanatics,fanatics,player_points_alternate,the-odds-api,2026-08-22T21:39:40.815253+00:00
2026-08-22,c51758bb72914739b6e6cc2d16ed0882,Atlanta Dream @ Phoenix Mercury,2026-08-23T02:00:00Z,Phoenix Mercury,Atlanta Dream,Sami Whitcomb,,PTS,OVER,5.5,-250,Fanatics,fanatics,player_points_alternate,the-odds-api,2026-08-22T21:39:40.815253+00:00
2026-08-22,c51758bb72914739b6e6cc2d16ed0882,Atlanta Dream @ Phoenix Mercury,2026-08-23T02:00:00Z,Phoenix Mercury,Atlanta Dream,Sami Whitcomb,,PTS,OVER,6.5,-165,Fanatics,fanatics,player_points_alternate,the-odds-api,2026-08-22T21:39:40.815253+00:00
2026-08-22,c51758bb72914739b6e6cc2d16ed0882,Atlanta Dream @ Phoenix Mercury,2026-08-23T02:00:00Z,Phoenix Mercury,Atlanta Dream,Sami Whitcomb,,PTS,OVER,7.5,-115,Fanatics,fanatics,player_points_alternate,the-odds-api,2026-08-22T21:39:40.815253+00:00
2026-08-22,c51758bb72914739b6e6cc2d16ed0882,Atlanta Dream @ Phoenix Mercury,2026-08-23T02:00:00Z,Phoenix Mercury,Atlanta Dream,Sami Whitcomb,,PTS,OVER,8.5,120,Fanatics,fanatics,player_points_alternate,the-odds-api,2026-08-22T21:39:40.815253+00:00
2026-08-22,c51758bb72914739b6e6cc2d16ed0882,Atlanta Dream @ Phoenix Mercury,2026-08-23T02:00:00Z,Phoenix Mercury,Atlanta Dream,Sami Whitcomb,,PTS,OVER,9.5,155,Fanatics,fanatics,player_points_alternate,the-odds-api,2026-08-22T21:39:40.815253+00:00
2026-08-22,c51758bb72914739b6e6cc2d16ed0882,Atlanta Dream @ Phoenix Mercury,2026-08-23T02:00:00Z,Phoenix Mercury,Atlanta Dream,Sami Whitcomb,,PTS,OVER,10.5,200,Fanatics,fanatics,player_points_alternate,the-odds-api,2026-08-22T21:39:40.815253+00:00
2026-08-22,c51758bb72914739b6e6cc2d16ed0882,Atlanta Dream @ Phoenix Mercury,2026-08-23T02:00:00Z,Phoenix Mercury,Atlanta Dream,Sami Whitcomb,,PTS,OVER,11.5,270,Fanatics,fanatics,player_points_alternate,the-odds-api,2026-08-22T21:39:40.815253+00:00
2026-08-22,c51758bb72914739b6e6cc2d16ed0882,Atlanta Dream @ Phoenix Mercury,2026-08-23T02:00:00Z,Phoenix Mercury,Atlanta Dream,Sami Whitcomb,,PTS,OVER,12.5,350,Fanatics,fanatics,player_points_alternate,the-odds-api,2026-08-22T21:39:40.815253+00:00
2026-08-22,c51758bb72914739b6e6cc2d16ed0882,Atlanta Dream @ Phoenix Mercury,2026-08-23T02:00:00Z,Phoenix Mercury,Atlanta Dream,Sami Whitcomb,,PTS,OVER,13.5,475,Fanatics,fanatics,player_points_alternate,the-odds-api,2026-08-22T21:39:40.815253+00:00
2026-08-22,c51758bb72914739b6e6cc2d16ed0882,Atlanta Dream @ Phoenix Mercury,2026-08-23T02:00:00Z,Phoenix Mercury,Atlanta Dream,Sami Whitcomb,,PTS,OVER,14.5,650,Fanatics,fanatics,player_points_alternate,the-odds-api,2026-08-22T21:39:40.815253+00:00
2026-08-22,c51758bb72914739b6e6cc2d16ed0882,Atlanta Dream @ Phoenix Mercury,2026-08-23T02:00:00Z,Phoenix Mercury,Atlanta Dream,Sami Whitcomb,,PTS,OVER,15.5,800,Fanatics,fanatics,player_points_alternate,the-odds-api,2026-08-22T21:39:40.815253+00:00
2026-08-22,c51758bb72914739b6e6cc2d16ed0882,Atlanta Dream @ Phoenix Mercury,2026-08-23T02:00:00Z,Phoenix Mercury,Atlanta Dream,Sami Whitcomb,,PTS,OVER,16.5,950,Fanatics,fanatics,player_points_alternate,the-odds-api,2026-08-22T21:39:40.815253+00:00
2026-08-22,c51758bb72914739b6e6cc2d16ed0882,Atlanta Dream @ Phoenix Mercury,2026-08-23T02:00:00Z,Phoenix Mercury,Atlanta Dream,Sami Whitcomb,,PTS,OVER,17.5,1200,Fanatics,fanatics,player_points_alternate,the-odds-api,2026-08-22T21:39:40.815253+00:00
2026-08-22,c51758bb72914739b6e6cc2d16ed0882,Atlanta Dream @ Phoenix Mercury,2026-08-23T02:00:00Z,Phoenix Mercury,Atlanta Dream,Sami Whitcomb,,PTS,OVER,18.5,1500,Fanatics,fanatics,player_points_alternate,the-odds-api,2026-08-22T21:39:40.815253+00:00
2026-08-22,c51758bb72914739b6e6cc2d16ed0882,Atlanta Dream @ Phoenix Mercury,2026-08-23T02:00:00Z,Phoenix Mercury,Atlanta Dream,Noemie Brochant,,PTS,OVER,4.5,-450,Fanatics,fanatics,player_points_alternate,the-odds-api,2026-08-22T21:39:40.815253+00:00
2026-08-22,c51758bb72914739b6e6cc2d16ed0882,Atlanta Dream @ Phoenix Mercury,2026-08-23T02:00:00Z,Phoenix Mercury,Atlanta Dream,Noemie Brochant,,PTS,OVER,5.5,-300,Fanatics,fanatics,player_points_alternate,the-odds-api,2026-08-22T21:39:40.815253+00:00
2026-08-22,c51758bb72914739b6e6cc2d16ed0882,Atlanta Dream @ Phoenix Mercury,2026-08-23T02:00:00Z,Phoenix Mercury,Atlanta Dream,Noemie Brochant,,PTS,OVER,6.5,-175,Fanatics,fanatics,player_points_alternate,the-odds-api,2026-08-22T21:39:40.815253+00:00
2026-08-22,c51758bb72914739b6e6cc2d16ed0882,Atlanta Dream @ Phoenix Mercury,2026-08-23T02:00:00Z,Phoenix Mercury,Atlanta Dream,Noemie Brochant,,PTS,OVER,7.5,-115,Fanatics,fanatics,player_points_alternate,the-odds-api,2026-08-22T21:39:40.815253+00:00
2026-08-22,c51758bb72914739b6e6cc2d16ed0882,Atlanta Dream @ Phoenix Mercury,2026-08-23T02:00:00Z,Phoenix Mercury,Atlanta Dream,Noemie Brochant,,PTS,OVER,8.5,125,Fanatics,fanatics,player_points_alternate,the-odds-api,2026-08-22T21:39:40.815253+00:00
2026-08-22,c51758bb72914739b6e6cc2d16ed0882,Atlanta Dream @ Phoenix Mercury,2026-08-23T02:00:00Z,Phoenix Mercury,Atlanta Dream,Noemie Brochant,,PTS,OVER,9.5,160,Fanatics,fanatics,player_points_alternate,the-odds-api,2026-08-22T21:39:40.815253+00:00
2026-08-22,c51758bb72914739b6e6cc2d16ed0882,Atlanta Dream @ Phoenix Mercury,2026-08-23T02:00:00Z,Phoenix Mercury,Atlanta Dream,Noemie Brochant,,PTS,OVER,10.5,225,Fanatics,fanatics,player_points_alternate,the-odds-api,2026-08-22T21:39:40.815253+00:00
2026-08-22,c51758bb72914739b6e6cc2d16ed0882,Atlanta Dream @ Phoenix Mercury,2026-08-23T02:00:00Z,Phoenix Mercury,Atlanta Dream,Noemie Brochant,,PTS,OVER,11.5,300,Fanatics,fanatics,player_points_alternate,the-odds-api,2026-08-22T21:39:40.815253+00:00
2026-08-22,c51758bb72914739b6e6cc2d16ed0882,Atlanta Dream @ Phoenix Mercury,2026-08-23T02:00:00Z,Phoenix Mercury,Atlanta Dream,Noemie Brochant,,PTS,OVER,12.5,375,Fanatics,fanatics,player_points_alternate,the-odds-api,2026-08-22T21:39:40.815253+00:00
2026-08-22,c51758bb72914739b6e6cc2d16ed0882,Atlanta Dream @ Phoenix Mercury,2026-08-23T02:00:00Z,Phoenix Mercury,Atlanta Dream,Noemie Brochant,,PTS,OVER,13.5,500,Fanatics,fanatics,player_points_alternate,the-odds-api,2026-08-22T21:39:40.815253+00:00
2026-08-22,c51758bb72914739b6e6cc2d16ed0882,Atlanta Dream @ Phoenix Mercury,2026-08-23T02:00:00Z,Phoenix Mercury,Atlanta Dream,Noemie Brochant,,PTS,OVER,14.5,750,Fanatics,fanatics,player_points_alternate,the-odds-api,2026-08-22T21:39:40.815253+00:00
2026-08-22,c51758bb72914739b6e6cc2d16ed0882,Atlanta Dream @ Phoenix Mercury,2026-08-23T02:00:00Z,Phoenix Mercury,Atlanta Dream,Noemie Brochant,,PTS,OVER,15.5,900,Fanatics,fanatics,player_points_alternate,the-odds-api,2026-08-22T21:39:40.815253+00:00
2026-08-22,c51758bb72914739b6e6cc2d16ed0882,Atlanta Dream @ Phoenix Mercury,2026-08-23T02:00:00Z,Phoenix Mercury,Atlanta Dream,Noemie Brochant,,PTS,OVER,16.5,1100,Fanatics,fanatics,player_points_alternate,the-odds-api,2026-08-22T21:39:40.815253+00:00
2026-08-22,c51758bb72914739b6e6cc2d16ed0882,Atlanta Dream @ Phoenix Mercury,2026-08-23T02:00:00Z,Phoenix Mercury,Atlanta Dream,Noemie Brochant,,PTS,OVER,17.5,1500,Fanatics,fanatics,player_points_alternate,the-odds-api,2026-08-22T21:39:40.815253+00:00
2026-08-22,c51758bb72914739b6e6cc2d16ed0882,Atlanta Dream @ Phoenix Mercury,2026-08-23T02:00:00Z,Phoenix Mercury,Atlanta Dream,Natasha Mack,,PTS,OVER,4.5,-190,Fanatics,fanatics,player_points_alternate,the-odds-api,2026-08-22T21:39:40.815253+00:00
2026-08-22,c51758bb72914739b6e6cc2d16ed0882,Atlanta Dream @ Phoenix Mercury,2026-08-23T02:00:00Z,Phoenix Mercury,Atlanta Dream,Natasha Mack,,PTS,OVER,5.5,-115,Fanatics,fanatics,player_points_alternate,the-odds-api,2026-08-22T21:39:40.815253+00:00
2026-08-22,c51758bb72914739b6e6cc2d16ed0882,Atlanta Dream @ Phoenix Mercury,2026-08-23T02:00:00Z,Phoenix Mercury,Atlanta Dream,Natasha Mack,,PTS,OVER,6.5,125,Fanatics,fanatics,player_points_alternate,the-odds-api,2026-08-22T21:39:40.815253+00:00
2026-08-22,c51758bb72914739b6e6cc2d16ed0882,Atlanta Dream @ Phoenix Mercury,2026-08-23T02:00:00Z,Phoenix Mercury,Atlanta Dream,Natasha Mack,,PTS,OVER,7.5,175,Fanatics,fanatics,player_points_alternate,the-odds-api,2026-08-22T21:39:40.815253+00:00
2026-08-22,c51758bb72914739b6e6cc2d16ed0882,Atlanta Dream @ Phoenix Mercury,2026-08-23T02:00:00Z,Phoenix Mercury,Atlanta Dream,Natasha Mack,,PTS,OVER,8.5,240,Fanatics,fanatics,player_points_alternate,the-odds-api,2026-08-22T21:39:40.815253+00:00
2026-08-22,c51758bb72914739b6e6cc2d16ed0882,Atlanta Dream @ Phoenix Mercury,2026-08-23T02:00:00Z,Phoenix Mercury,Atlanta Dream,Natasha Mack,,PTS,OVER,9.5,350,Fanatics,fanatics,player_points_alternate,the-odds-api,2026-08-22T21:39:40.815253+00:00
2026-08-22,c51758bb72914739b6e6cc2d16ed0882,Atlanta Dream @ Phoenix Mercury,2026-08-23T02:00:00Z,Phoenix Mercury,Atlanta Dream,Natasha Mack,,PTS,OVER,10.5,475,Fanatics,fanatics,player_points_alternate,the-odds-api,2026-08-22T21:39:40.815253+00:00
2026-08-22,c51758bb72914739b6e6cc2d16ed0882,Atlanta Dream @ Phoenix Mercury,2026-08-23T02:00:00Z,Phoenix Mercury,Atlanta Dream,Natasha Mack,,PTS,OVER,11.5,700,Fanatics,fanatics,player_points_alternate,the-odds-api,2026-08-22T21:39:40.815253+00:00
2026-08-22,c51758bb72914739b6e6cc2d16ed0882,Atlanta Dream @ Phoenix Mercury,2026-08-23T02:00:00Z,Phoenix Mercury,Atlanta Dream,Natasha Mack,,PTS,OVER,12.5,950,Fanatics,fanatics,player_points_alternate,the-odds-api,2026-08-22T21:39:40.815253+00:00
2026-08-22,c51758bb72914739b6e6cc2d16ed0882,Atlanta Dream @ Phoenix Mercury,2026-08-23T02:00:00Z,Phoenix Mercury,Atlanta Dream,Natasha Mack,,PTS,OVER,13.5,1200,Fanatics,fanatics,player_points_alternate,the-odds-api,2026-08-22T21:39:40.815253+00:00
2026-08-22,c51758bb72914739b6e6cc2d16ed0882,Atlanta Dream @ Phoenix Mercury,2026-08-23T02:00:00Z,Phoenix Mercury,Atlanta Dream,Natasha Mack,,PTS,OVER,14.5,1500,Fanatics,fanatics,player_points_alternate,the-odds-api,2026-08-22T21:39:40.815253+00:00
2026-08-22,c51758bb72914739b6e6cc2d16ed0882,Atlanta Dream @ Phoenix Mercury,2026-08-23T02:00:00Z,Phoenix Mercury,Atlanta Dream,Rhyne Howard,,REB,OVER,1.5,-1000,Fanatics,fanatics,player_rebounds_alternate,the-odds-api,2026-08-22T21:39:40.815253+00:00
2026-08-22,c51758bb72914739b6e6cc2d16ed0882,Atlanta Dream @ Phoenix Mercury,2026-08-23T02:00:00Z,Phoenix Mercury,Atlanta Dream,Rhyne Howard,,REB,OVER,2.5,-350,Fanatics,fanatics,player_rebounds_alternate,the-odds-api,2026-08-22T21:39:40.815253+00:00
2026-08-22,c51758bb72914739b6e6cc2d16ed0882,Atlanta Dream @ Phoenix Mercury,2026-08-23T02:00:00Z,Phoenix Mercury,Atlanta Dream,Rhyne Howard,,REB,OVER,3.5,-130,Fanatics,fanatics,player_rebounds_alternate,the-odds-api,2026-08-22T21:39:40.815253+00:00
2026-08-22,c51758bb72914739b6e6cc2d16ed0882,Atlanta Dream @ Phoenix Mercury,2026-08-23T02:00:00Z,Phoenix Mercury,Atlanta Dream,Rhyne Howard,,REB,OVER,4.5,150,Fanatics,fanatics,player_rebounds_alternate,the-odds-api,2026-08-22T21:39:40.815253+00:00
2026-08-22,c51758bb72914739b6e6cc2d16ed0882,Atlanta Dream @ Phoenix Mercury,2026-08-23T02:00:00Z,Phoenix Mercury,Atlanta Dream,Rhyne Howard,,REB,OVER,5.5,290,Fanatics,fanatics,player_rebounds_alternate,the-odds-api,2026-08-22T21:39:40.815253+00:00
2026-08-22,c51758bb72914739b6e6cc2d16ed0882,Atlanta Dream @ Phoenix Mercury,2026-08-23T02:00:00Z,Phoenix Mercury,Atlanta Dream,Rhyne Howard,,REB,OVER,6.5,500,Fanatics,fanatics,player_rebounds_alternate,the-odds-api,2026-08-22T21:39:40.815253+00:00
2026-08-22,c51758bb72914739b6e6cc2d16ed0882,Atlanta Dream @ Phoenix Mercury,2026-08-23T02:00:00Z,Phoenix Mercury,Atlanta Dream,Allisha Gray,,REB,OVER,1.5,-650,Fanatics,fanatics,player_rebounds_alternate,the-odds-api,2026-08-22T21:39:40.815253+00:00
2026-08-22,c51758bb72914739b6e6cc2d16ed0882,Atlanta Dream @ Phoenix Mercury,2026-08-23T02:00:00Z,Phoenix Mercury,Atlanta Dream,Allisha Gray,,REB,OVER,2.5,-225,Fanatics,fanatics,player_rebounds_alternate,the-odds-api,2026-08-22T21:39:40.815253+00:00
2026-08-22,c51758bb72914739b6e6cc2d16ed0882,Atlanta Dream @ Phoenix Mercury,2026-08-23T02:00:00Z,Phoenix Mercury,Atlanta Dream,Allisha Gray,,REB,OVER,3.5,115,Fanatics,fanatics,player_rebounds_alternate,the-odds-api,2026-08-22T21:39:40.815253+00:00
2026-08-22,c51758bb72914739b6e6cc2d16ed0882,Atlanta Dream @ Phoenix Mercury,2026-08-23T02:00:00Z,Phoenix Mercury,Atlanta Dream,Allisha Gray,,REB,OVER,4.5,225,Fanatics,fanatics,player_rebounds_alternate,the-odds-api,2026-08-22T21:39:40.815253+00:00
2026-08-22,c51758bb72914739b6e6cc2d16ed0882,Atlanta Dream @ Phoenix Mercury,2026-08-23T02:00:00Z,Phoenix Mercury,Atlanta Dream,Allisha Gray,,REB,OVER,5.5,400,Fanatics,fanatics,player_rebounds_alternate,the-odds-api,2026-08-22T21:39:40.815253+00:00
2026-08-22,c51758bb72914739b6e6cc2d16ed0882,Atlanta Dream @ Phoenix Mercury,2026-08-23T02:00:00Z,Phoenix Mercury,Atlanta Dream,Allisha Gray,,REB,OVER,6.5,850,Fanatics,fanatics,player_rebounds_alternate,the-odds-api,2026-08-22T21:39:40.815253+00:00
2026-08-22,c51758bb72914739b6e6cc2d16ed0882,Atlanta Dream @ Phoenix Mercury,2026-08-23T02:00:00Z,Phoenix Mercury,Atlanta Dream,Jordin Canada,,REB,OVER,1.5,-900,Fanatics,fanatics,player_rebounds_alternate,the-odds-api,2026-08-22T21:39:40.815253+00:00
2026-08-22,c51758bb72914739b6e6cc2d16ed0882,Atlanta Dream @ Phoenix Mercury,2026-08-23T02:00:00Z,Phoenix Mercury,Atlanta Dream,Jordin Canada,,REB,OVER,2.5,-275,Fanatics,fanatics,player_rebounds_alternate,the-odds-api,2026-08-22T21:39:40.815253+00:00
2026-08-22,c51758bb72914739b6e6cc2d16ed0882,Atlanta Dream @ Phoenix Mercury,2026-08-23T02:00:00Z,Phoenix Mercury,Atlanta Dream,Jordin Canada,,REB,OVER,3.5,-105,Fanatics,fanatics,player_rebounds_alternate,the-odds-api,2026-08-22T21:39:40.815253+00:00
2026-08-22,c51758bb72914739b6e6cc2d16ed0882,Atlanta Dream @ Phoenix Mercury,2026-08-23T02:00:00Z,Phoenix Mercury,Atlanta Dream,Jordin Canada,,REB,OVER,4.5,185,Fanatics,fanatics,player_rebounds_alternate,the-odds-api,2026-08-22T21:39:40.815253+00:00
2026-08-22,c51758bb72914739b6e6cc2d16ed0882,Atlanta Dream @ Phoenix Mercury,2026-08-23T02:00:00Z,Phoenix Mercury,Atlanta Dream,Jordin Canada,,REB,OVER,5.5,350,Fanatics,fanatics,player_rebounds_alternate,the-odds-api,2026-08-22T21:39:40.815253+00:00
2026-08-22,c51758bb72914739b6e6cc2d16ed0882,Atlanta Dream @ Phoenix Mercury,2026-08-23T02:00:00Z,Phoenix Mercury,Atlanta Dream,Jordin Canada,,REB,OVER,6.5,700,Fanatics,fanatics,player_rebounds_alternate,the-odds-api,2026-08-22T21:39:40.815253+00:00
2026-08-22,c51758bb72914739b6e6cc2d16ed0882,Atlanta Dream @ Phoenix Mercury,2026-08-23T02:00:00Z,Phoenix Mercury,Atlanta Dream,Angel Reese,,REB,OVER,7.5,-1500,Fanatics,fanatics,player_rebounds_alternate,the-odds-api,2026-08-22T21:39:40.815253+00:00
2026-08-22,c51758bb72914739b6e6cc2d16ed0882,Atlanta Dream @ Phoenix Mercury,2026-08-23T02:00:00Z,Phoenix Mercury,Atlanta Dream,Angel Reese,,REB,OVER,8.5,-900,Fanatics,fanatics,player_rebounds_alternate,the-odds-api,2026-08-22T21:39:40.815253+00:00
2026-08-22,c51758bb72914739b6e6cc2d16ed0882,Atlanta Dream @ Phoenix Mercury,2026-08-23T02:00:00Z,Phoenix Mercury,Atlanta Dream,Angel Reese,,REB,OVER,9.5,-475,Fanatics,fanatics,player_rebounds_alternate,the-odds-api,2026-08-22T21:39:40.815253+00:00
2026-08-22,c51758bb72914739b6e6cc2d16ed0882,Atlanta Dream @ Phoenix Mercury,2026-08-23T02:00:00Z,Phoenix Mercury,Atlanta Dream,Angel Reese,,REB,OVER,10.5,-300,Fanatics,fanatics,player_rebounds_alternate,the-odds-api,2026-08-22T21:39:40.815253+00:00
2026-08-22,c51758bb72914739b6e6cc2d16ed0882,Atlanta Dream @ Phoenix Mercury,2026-08-23T02:00:00Z,Phoenix Mercury,Atlanta Dream,Angel Reese,,REB,OVER,11.5,-175,Fanatics,fanatics,player_rebounds_alternate,the-odds-api,2026-08-22T21:39:40.815253+00:00
2026-08-22,c51758bb72914739b6e6cc2d16ed0882,Atlanta Dream @ Phoenix Mercury,2026-08-23T02:00:00Z,Phoenix Mercury,Atlanta Dream,Angel Reese,,REB,OVER,12.5,-115,Fanatics,fanatics,player_rebounds_alternate,the-odds-api,2026-08-22T21:39:40.815253+00:00
2026-08-22,c51758bb72914739b6e6cc2d16ed0882,Atlanta Dream @ Phoenix Mercury,2026-08-23T02:00:00Z,Phoenix Mercury,Atlanta Dream,Angel Reese,,REB,OVER,13.5,125,Fanatics,fanatics,player_rebounds_alternate,the-odds-api,2026-08-22T21:39:40.815253+00:00
2026-08-22,c51758bb72914739b6e6cc2d16ed0882,Atlanta Dream @ Phoenix Mercury,2026-08-23T02:00:00Z,Phoenix Mercury,Atlanta Dream,Angel Reese,,REB,OVER,14.5,170,Fanatics,fanatics,player_rebounds_alternate,the-odds-api,2026-08-22T21:39:40.815253+00:00
2026-08-22,c51758bb72914739b6e6cc2d16ed0882,Atlanta Dream @ Phoenix Mercury,2026-08-23T02:00:00Z,Phoenix Mercury,Atlanta Dream,Angel Reese,,REB,OVER,15.5,240,Fanatics,fanatics,player_rebounds_alternate,the-odds-api,2026-08-22T21:39:40.815253+00:00
2026-08-22,c51758bb72914739b6e6cc2d16ed0882,Atlanta Dream @ Phoenix Mercury,2026-08-23T02:00:00Z,Phoenix Mercury,Atlanta Dream,Angel Reese,,REB,OVER,16.5,340,Fanatics,fanatics,player_rebounds_alternate,the-odds-api,2026-08-22T21:39:40.815253+00:00
2026-08-22,c51758bb72914739b6e6cc2d16ed0882,Atlanta Dream @ Phoenix Mercury,2026-08-23T02:00:00Z,Phoenix Mercury,Atlanta Dream,Angel Reese,,REB,OVER,17.5,475,Fanatics,fanatics,player_rebounds_alternate,the-odds-api,2026-08-22T21:39:40.815253+00:00
2026-08-22,c51758bb72914739b6e6cc2d16ed0882,Atlanta Dream @ Phoenix Mercury,2026-08-23T02:00:00Z,Phoenix Mercury,Atlanta Dream,Angel Reese,,REB,OVER,18.5,750,Fanatics,fanatics,player_rebounds_alternate,the-odds-api,2026-08-22T21:39:40.815253+00:00
2026-08-22,c51758bb72914739b6e6cc2d16ed0882,Atlanta Dream @ Phoenix Mercury,2026-08-23T02:00:00Z,Phoenix Mercury,Atlanta Dream,Naz Hillmon,,REB,OVER,1.5,-2200,Fanatics,fanatics,player_rebounds_alternate,the-odds-api,2026-08-22T21:39:40.815253+00:00
2026-08-22,c51758bb72914739b6e6cc2d16ed0882,Atlanta Dream @ Phoenix Mercury,2026-08-23T02:00:00Z,Phoenix Mercury,Atlanta Dream,Naz Hillmon,,REB,OVER,2.5,-700,Fanatics,fanatics,player_rebounds_alternate,the-odds-api,2026-08-22T21:39:40.815253+00:00
2026-08-22,c51758bb72914739b6e6cc2d16ed0882,Atlanta Dream @ Phoenix Mercury,2026-08-23T02:00:00Z,Phoenix Mercury,Atlanta Dream,Naz Hillmon,,REB,OVER,3.5,-300,Fanatics,fanatics,player_rebounds_alternate,the-odds-api,2026-08-22T21:39:40.815253+00:00
2026-08-22,c51758bb72914739b6e6cc2d16ed0882,Atlanta Dream @ Phoenix Mercury,2026-08-23T02:00:00Z,Phoenix Mercury,Atlanta Dream,Naz Hillmon,,REB,OVER,4.5,-125,Fanatics,fanatics,player_rebounds_alternate,the-odds-api,2026-08-22T21:39:40.815253+00:00
2026-08-22,c51758bb72914739b6e6cc2d16ed0882,Atlanta Dream @ Phoenix Mercury,2026-08-23T02:00:00Z,Phoenix Mercury,Atlanta Dream,Naz Hillmon,,REB,OVER,5.5,140,Fanatics,fanatics,player_rebounds_alternate,the-odds-api,2026-08-22T21:39:40.815253+00:00
2026-08-22,c51758bb72914739b6e6cc2d16ed0882,Atlanta Dream @ Phoenix Mercury,2026-08-23T02:00:00Z,Phoenix Mercury,Atlanta Dream,Naz Hillmon,,REB,OVER,6.5,270,Fanatics,fanatics,player_rebounds_alternate,the-odds-api,2026-08-22T21:39:40.815253+00:00
2026-08-22,c51758bb72914739b6e6cc2d16ed0882,Atlanta Dream @ Phoenix Mercury,2026-08-23T02:00:00Z,Phoenix Mercury,Atlanta Dream,Naz Hillmon,,REB,OVER,7.5,425,Fanatics,fanatics,player_rebounds_alternate,the-odds-api,2026-08-22T21:39:40.815253+00:00
2026-08-22,c51758bb72914739b6e6cc2d16ed0882,Atlanta Dream @ Phoenix Mercury,2026-08-23T02:00:00Z,Phoenix Mercury,Atlanta Dream,Naz Hillmon,,REB,OVER,8.5,800,Fanatics,fanatics,player_rebounds_alternate,the-odds-api,2026-08-22T21:39:40.815253+00:00
2026-08-22,c51758bb72914739b6e6cc2d16ed0882,Atlanta Dream @ Phoenix Mercury,2026-08-23T02:00:00Z,Phoenix Mercury,Atlanta Dream,DeWanna Bonner,,REB,OVER,2.5,-2200,Fanatics,fanatics,player_rebounds_alternate,the-odds-api,2026-08-22T21:39:40.815253+00:00
2026-08-22,c51758bb72914739b6e6cc2d16ed0882,Atlanta Dream @ Phoenix Mercury,2026-08-23T02:00:00Z,Phoenix Mercury,Atlanta Dream,DeWanna Bonner,,REB,OVER,3.5,-900,Fanatics,fanatics,player_rebounds_alternate,the-odds-api,2026-08-22T21:39:40.815253+00:00
2026-08-22,c51758bb72914739b6e6cc2d16ed0882,Atlanta Dream @ Phoenix Mercury,2026-08-23T02:00:00Z,Phoenix Mercury,Atlanta Dream,DeWanna Bonner,,REB,OVER,4.5,-400,Fanatics,fanatics,player_rebounds_alternate,the-odds-api,2026-08-22T21:39:40.815253+00:00
2026-08-22,c51758bb72914739b6e6cc2d16ed0882,Atlanta Dream @ Phoenix Mercury,2026-08-23T02:00:00Z,Phoenix Mercury,Atlanta Dream,DeWanna Bonner,,REB,OVER,5.5,-190,Fanatics,fanatics,player_rebounds_alternate,the-odds-api,2026-08-22T21:39:40.815253+00:00
2026-08-22,c51758bb72914739b6e6cc2d16ed0882,Atlanta Dream @ Phoenix Mercury,2026-08-23T02:00:00Z,Phoenix Mercury,Atlanta Dream,DeWanna Bonner,,REB,OVER,6.5,100,Fanatics,fanatics,player_rebounds_alternate,the-odds-api,2026-08-22T21:39:40.815253+00:00
2026-08-22,c51758bb72914739b6e6cc2d16ed0882,Atlanta Dream @ Phoenix Mercury,2026-08-23T02:00:00Z,Phoenix Mercury,Atlanta Dream,DeWanna Bonner,,REB,OVER,7.5,160,Fanatics,fanatics,player_rebounds_alternate,the-odds-api,2026-08-22T21:39:40.815253+00:00
2026-08-22,c51758bb72914739b6e6cc2d16ed0882,Atlanta Dream @ Phoenix Mercury,2026-08-23T02:00:00Z,Phoenix Mercury,Atlanta Dream,DeWanna Bonner,,REB,OVER,8.5,260,Fanatics,fanatics,player_rebounds_alternate,the-odds-api,2026-08-22T21:39:40.815253+00:00
2026-08-22,c51758bb72914739b6e6cc2d16ed0882,Atlanta Dream @ Phoenix Mercury,2026-08-23T02:00:00Z,Phoenix Mercury,Atlanta Dream,DeWanna Bonner,,REB,OVER,9.5,400,Fanatics,fanatics,player_rebounds_alternate,the-odds-api,2026-08-22T21:39:40.815253+00:00
2026-08-22,c51758bb72914739b6e6cc2d16ed0882,Atlanta Dream @ Phoenix Mercury,2026-08-23T02:00:00Z,Phoenix Mercury,Atlanta Dream,DeWanna Bonner,,REB,OVER,10.5,700,Fanatics,fanatics,player_rebounds_alternate,the-odds-api,2026-08-22T21:39:40.815253+00:00
2026-08-22,c51758bb72914739b6e6cc2d16ed0882,Atlanta Dream @ Phoenix Mercury,2026-08-23T02:00:00Z,Phoenix Mercury,Atlanta Dream,Kelsey Plum,,REB,OVER,1.5,-210,Fanatics,fanatics,player_rebounds_alternate,the-odds-api,2026-08-22T21:39:40.815253+00:00
2026-08-22,c51758bb72914739b6e6cc2d16ed0882,Atlanta Dream @ Phoenix Mercury,2026-08-23T02:00:00Z,Phoenix Mercury,Atlanta Dream,Kelsey Plum,,REB,OVER,2.5,135,Fanatics,fanatics,player_rebounds_alternate,the-odds-api,2026-08-22T21:39:40.815253+00:00
2026-08-22,c51758bb72914739b6e6cc2d16ed0882,Atlanta Dream @ Phoenix Mercury,2026-08-23T02:00:00Z,Phoenix Mercury,Atlanta Dream,Kelsey Plum,,REB,OVER,3.5,320,Fanatics,fanatics,player_rebounds_alternate,the-odds-api,2026-08-22T21:39:40.815253+00:00
2026-08-22,c51758bb72914739b6e6cc2d16ed0882,Atlanta Dream @ Phoenix Mercury,2026-08-23T02:00:00Z,Phoenix Mercury,Atlanta Dream,Kelsey Plum,,REB,OVER,4.5,750,Fanatics,fanatics,player_rebounds_alternate,the-odds-api,2026-08-22T21:39:40.815253+00:00
2026-08-22,c51758bb72914739b6e6cc2d16ed0882,Atlanta Dream @ Phoenix Mercury,2026-08-23T02:00:00Z,Phoenix Mercury,Atlanta Dream,Alyssa Thomas,,REB,OVER,3.5,-2200,Fanatics,fanatics,player_rebounds_alternate,the-odds-api,2026-08-22T21:39:40.815253+00:00
2026-08-22,c51758bb72914739b6e6cc2d16ed0882,Atlanta Dream @ Phoenix Mercury,2026-08-23T02:00:00Z,Phoenix Mercury,Atlanta Dream,Alyssa Thomas,,REB,OVER,4.5,-1000,Fanatics,fanatics,player_rebounds_alternate,the-odds-api,2026-08-22T21:39:40.815253+00:00
2026-08-22,c51758bb72914739b6e6cc2d16ed0882,Atlanta Dream @ Phoenix Mercury,2026-08-23T02:00:00Z,Phoenix Mercury,Atlanta Dream,Alyssa Thomas,,REB,OVER,5.5,-425,Fanatics,fanatics,player_rebounds_alternate,the-odds-api,2026-08-22T21:39:40.815253+00:00
2026-08-22,c51758bb72914739b6e6cc2d16ed0882,Atlanta Dream @ Phoenix Mercury,2026-08-23T02:00:00Z,Phoenix Mercury,Atlanta Dream,Alyssa Thomas,,REB,OVER,6.5,-240,Fanatics,fanatics,player_rebounds_alternate,the-odds-api,2026-08-22T21:39:40.815253+00:00
2026-08-22,c51758bb72914739b6e6cc2d16ed0882,Atlanta Dream @ Phoenix Mercury,2026-08-23T02:00:00Z,Phoenix Mercury,Atlanta Dream,Alyssa Thomas,,REB,OVER,7.5,-125,Fanatics,fanatics,player_rebounds_alternate,the-odds-api,2026-08-22T21:39:40.815253+00:00
2026-08-22,c51758bb72914739b6e6cc2d16ed0882,Atlanta Dream @ Phoenix Mercury,2026-08-23T02:00:00Z,Phoenix Mercury,Atlanta Dream,Alyssa Thomas,,REB,OVER,8.5,125,Fanatics,fanatics,player_rebounds_alternate,the-odds-api,2026-08-22T21:39:40.815253+00:00
2026-08-22,c51758bb72914739b6e6cc2d16ed0882,Atlanta Dream @ Phoenix Mercury,2026-08-23T02:00:00Z,Phoenix Mercury,Atlanta Dream,Alyssa Thomas,,REB,OVER,9.5,190,Fanatics,fanatics,player_rebounds_alternate,the-odds-api,2026-08-22T21:39:40.815253+00:00
2026-08-22,c51758bb72914739b6e6cc2d16ed0882,Atlanta Dream @ Phoenix Mercury,2026-08-23T02:00:00Z,Phoenix Mercury,Atlanta Dream,Alyssa Thomas,,REB,OVER,10.5,300,Fanatics,fanatics,player_rebounds_alternate,the-odds-api,2026-08-22T21:39:40.815253+00:00
2026-08-22,c51758bb72914739b6e6cc2d16ed0882,Atlanta Dream @ Phoenix Mercury,2026-08-23T02:00:00Z,Phoenix Mercury,Atlanta Dream,Alyssa Thomas,,REB,OVER,11.5,475,Fanatics,fanatics,player_rebounds_alternate,the-odds-api,2026-08-22T21:39:40.815253+00:00
2026-08-22,c51758bb72914739b6e6cc2d16ed0882,Atlanta Dream @ Phoenix Mercury,2026-08-23T02:00:00Z,Phoenix Mercury,Atlanta Dream,Alyssa Thomas,,REB,OVER,12.5,800,Fanatics,fanatics,player_rebounds_alternate,the-odds-api,2026-08-22T21:39:40.815253+00:00
2026-08-22,c51758bb72914739b6e6cc2d16ed0882,Atlanta Dream @ Phoenix Mercury,2026-08-23T02:00:00Z,Phoenix Mercury,Atlanta Dream,Kahleah Copper,,REB,OVER,1.5,-650,Fanatics,fanatics,player_rebounds_alternate,the-odds-api,2026-08-22T21:39:40.815253+00:00
2026-08-22,c51758bb72914739b6e6cc2d16ed0882,Atlanta Dream @ Phoenix Mercury,2026-08-23T02:00:00Z,Phoenix Mercury,Atlanta Dream,Kahleah Copper,,REB,OVER,2.5,-210,Fanatics,fanatics,player_rebounds_alternate,the-odds-api,2026-08-22T21:39:40.815253+00:00
2026-08-22,c51758bb72914739b6e6cc2d16ed0882,Atlanta Dream @ Phoenix Mercury,2026-08-23T02:00:00Z,Phoenix Mercury,Atlanta Dream,Kahleah Copper,,REB,OVER,3.5,120,Fanatics,fanatics,player_rebounds_alternate,the-odds-api,2026-08-22T21:39:40.815253+00:00
2026-08-22,c51758bb72914739b6e6cc2d16ed0882,Atlanta Dream @ Phoenix Mercury,2026-08-23T02:00:00Z,Phoenix Mercury,Atlanta Dream,Kahleah Copper,,REB,OVER,4.5,230,Fanatics,fanatics,player_rebounds_alternate,the-odds-api,2026-08-22T21:39:40.815253+00:00
2026-08-22,c51758bb72914739b6e6cc2d16ed0882,Atlanta Dream @ Phoenix Mercury,2026-08-23T02:00:00Z,Phoenix Mercury,Atlanta Dream,Kahleah Copper,,REB,OVER,5.5,400,Fanatics,fanatics,player_rebounds_alternate,the-odds-api,2026-08-22T21:39:40.815253+00:00
2026-08-22,c51758bb72914739b6e6cc2d16ed0882,Atlanta Dream @ Phoenix Mercury,2026-08-23T02:00:00Z,Phoenix Mercury,Atlanta Dream,Kahleah Copper,,REB,OVER,6.5,850,Fanatics,fanatics,player_rebounds_alternate,the-odds-api,2026-08-22T21:39:40.815253+00:00
2026-08-22,c51758bb72914739b6e6cc2d16ed0882,Atlanta Dream @ Phoenix Mercury,2026-08-23T02:00:00Z,Phoenix Mercury,Atlanta Dream,Madina Okot,,REB,OVER,1.5,-1300,Fanatics,fanatics,player_rebounds_alternate,the-odds-api,2026-08-22T21:39:40.815253+00:00
2026-08-22,c51758bb72914739b6e6cc2d16ed0882,Atlanta Dream @ Phoenix Mercury,2026-08-23T02:00:00Z,Phoenix Mercury,Atlanta Dream,Madina Okot,,REB,OVER,2.5,-400,Fanatics,fanatics,player_rebounds_alternate,the-odds-api,2026-08-22T21:39:40.815253+00:00
2026-08-22,c51758bb72914739b6e6cc2d16ed0882,Atlanta Dream @ Phoenix Mercury,2026-08-23T02:00:00Z,Phoenix Mercury,Atlanta Dream,Madina Okot,,REB,OVER,3.5,-165,Fanatics,fanatics,player_rebounds_alternate,the-odds-api,2026-08-22T21:39:40.815253+00:00
2026-08-22,c51758bb72914739b6e6cc2d16ed0882,Atlanta Dream @ Phoenix Mercury,2026-08-23T02:00:00Z,Phoenix Mercury,Atlanta Dream,Madina Okot,,REB,OVER,4.5,125,Fanatics,fanatics,player_rebounds_alternate,the-odds-api,2026-08-22T21:39:40.815253+00:00
2026-08-22,c51758bb72914739b6e6cc2d16ed0882,Atlanta Dream @ Phoenix Mercury,2026-08-23T02:00:00Z,Phoenix Mercury,Atlanta Dream,Madina Okot,,REB,OVER,5.5,225,Fanatics,fanatics,player_rebounds_alternate,the-odds-api,2026-08-22T21:39:40.815253+00:00
2026-08-22,c51758bb72914739b6e6cc2d16ed0882,Atlanta Dream @ Phoenix Mercury,2026-08-23T02:00:00Z,Phoenix Mercury,Atlanta Dream,Madina Okot,,REB,OVER,6.5,400,Fanatics,fanatics,player_rebounds_alternate,the-odds-api,2026-08-22T21:39:40.815253+00:00
2026-08-22,c51758bb72914739b6e6cc2d16ed0882,Atlanta Dream @ Phoenix Mercury,2026-08-23T02:00:00Z,Phoenix Mercury,Atlanta Dream,Madina Okot,,REB,OVER,7.5,800,Fanatics,fanatics,player_rebounds_alternate,the-odds-api,2026-08-22T21:39:40.815253+00:00
2026-08-22,c51758bb72914739b6e6cc2d16ed0882,Atlanta Dream @ Phoenix Mercury,2026-08-23T02:00:00Z,Phoenix Mercury,Atlanta Dream,Natasha Mack,,REB,OVER,1.5,-1800,Fanatics,fanatics,player_rebounds_alternate,the-odds-api,2026-08-22T21:39:40.815253+00:00
2026-08-22,c51758bb72914739b6e6cc2d16ed0882,Atlanta Dream @ Phoenix Mercury,2026-08-23T02:00:00Z,Phoenix Mercury,Atlanta Dream,Natasha Mack,,REB,OVER,2.5,-630,Fanatics,fanatics,player_rebounds_alternate,the-odds-api,2026-08-22T21:39:40.815253+00:00
2026-08-22,c51758bb72914739b6e6cc2d16ed0882,Atlanta Dream @ Phoenix Mercury,2026-08-23T02:00:00Z,Phoenix Mercury,Atlanta Dream,Natasha Mack,,REB,OVER,3.5,-250,Fanatics,fanatics,player_rebounds_alternate,the-odds-api,2026-08-22T21:39:40.815253+00:00
2026-08-22,c51758bb72914739b6e6cc2d16ed0882,Atlanta Dream @ Phoenix Mercury,2026-08-23T02:00:00Z,Phoenix Mercury,Atlanta Dream,Natasha Mack,,REB,OVER,4.5,-110,Fanatics,fanatics,player_rebounds_alternate,the-odds-api,2026-08-22T21:39:40.815253+00:00
2026-08-22,c51758bb72914739b6e6cc2d16ed0882,Atlanta Dream @ Phoenix Mercury,2026-08-23T02:00:00Z,Phoenix Mercury,Atlanta Dream,Natasha Mack,,REB,OVER,5.5,160,Fanatics,fanatics,player_rebounds_alternate,the-odds-api,2026-08-22T21:39:40.815253+00:00
2026-08-22,c51758bb72914739b6e6cc2d16ed0882,Atlanta Dream @ Phoenix Mercury,2026-08-23T02:00:00Z,Phoenix Mercury,Atlanta Dream,Natasha Mack,,REB,OVER,6.5,300,Fanatics,fanatics,player_rebounds_alternate,the-odds-api,2026-08-22T21:39:40.815253+00:00
2026-08-22,c51758bb72914739b6e6cc2d16ed0882,Atlanta Dream @ Phoenix Mercury,2026-08-23T02:00:00Z,Phoenix Mercury,Atlanta Dream,Natasha Mack,,REB,OVER,7.5,500,Fanatics,fanatics,player_rebounds_alternate,the-odds-api,2026-08-22T21:39:40.815253+00:00
2026-08-22,c51758bb72914739b6e6cc2d16ed0882,Atlanta Dream @ Phoenix Mercury,2026-08-23T02:00:00Z,Phoenix Mercury,Atlanta Dream,Natasha Mack,,REB,OVER,8.5,900,Fanatics,fanatics,player_rebounds_alternate,the-odds-api,2026-08-22T21:39:40.815253+00:00
2026-08-22,c51758bb72914739b6e6cc2d16ed0882,Atlanta Dream @ Phoenix Mercury,2026-08-23T02:00:00Z,Phoenix Mercury,Atlanta Dream,Noemie Brochant,,REB,OVER,1.5,-210,Fanatics,fanatics,player_rebounds_alternate,the-odds-api,2026-08-22T21:39:40.815253+00:00
2026-08-22,c51758bb72914739b6e6cc2d16ed0882,Atlanta Dream @ Phoenix Mercury,2026-08-23T02:00:00Z,Phoenix Mercury,Atlanta Dream,Noemie Brochant,,REB,OVER,2.5,135,Fanatics,fanatics,player_rebounds_alternate,the-odds-api,2026-08-22T21:39:40.815253+00:00
2026-08-22,c51758bb72914739b6e6cc2d16ed0882,Atlanta Dream @ Phoenix Mercury,2026-08-23T02:00:00Z,Phoenix Mercury,Atlanta Dream,Noemie Brochant,,REB,OVER,3.5,320,Fanatics,fanatics,player_rebounds_alternate,the-odds-api,2026-08-22T21:39:40.815253+00:00
2026-08-22,c51758bb72914739b6e6cc2d16ed0882,Atlanta Dream @ Phoenix Mercury,2026-08-23T02:00:00Z,Phoenix Mercury,Atlanta Dream,Noemie Brochant,,REB,OVER,4.5,750,Fanatics,fanatics,player_rebounds_alternate,the-odds-api,2026-08-22T21:39:40.815253+00:00
2026-08-22,c51758bb72914739b6e6cc2d16ed0882,Atlanta Dream @ Phoenix Mercury,2026-08-23T02:00:00Z,Phoenix Mercury,Atlanta Dream,Allisha Gray,,3PM,OVER,0.5,-650,Fanatics,fanatics,player_threes_alternate,the-odds-api,2026-08-22T21:39:40.815253+00:00
2026-08-22,c51758bb72914739b6e6cc2d16ed0882,Atlanta Dream @ Phoenix Mercury,2026-08-23T02:00:00Z,Phoenix Mercury,Atlanta Dream,Allisha Gray,,3PM,OVER,1.5,-140,Fanatics,fanatics,player_threes_alternate,the-odds-api,2026-08-22T21:39:40.815253+00:00
2026-08-22,c51758bb72914739b6e6cc2d16ed0882,Atlanta Dream @ Phoenix Mercury,2026-08-23T02:00:00Z,Phoenix Mercury,Atlanta Dream,Allisha Gray,,3PM,OVER,2.5,190,Fanatics,fanatics,player_threes_alternate,the-odds-api,2026-08-22T21:39:40.815253+00:00
2026-08-22,c51758bb72914739b6e6cc2d16ed0882,Atlanta Dream @ Phoenix Mercury,2026-08-23T02:00:00Z,Phoenix Mercury,Atlanta Dream,Allisha Gray,,3PM,OVER,3.5,475,Fanatics,fanatics,player_threes_alternate,the-odds-api,2026-08-22T21:39:40.815253+00:00
2026-08-22,c51758bb72914739b6e6cc2d16ed0882,Atlanta Dream @ Phoenix Mercury,2026-08-23T02:00:00Z,Phoenix Mercury,Atlanta Dream,Allisha Gray,,3PM,OVER,4.5,1000,Fanatics,fanatics,player_threes_alternate,the-odds-api,2026-08-22T21:39:40.815253+00:00
2026-08-22,c51758bb72914739b6e6cc2d16ed0882,Atlanta Dream @ Phoenix Mercury,2026-08-23T02:00:00Z,Phoenix Mercury,Atlanta Dream,Rhyne Howard,,3PM,OVER,1.5,-700,Fanatics,fanatics,player_threes_alternate,the-odds-api,2026-08-22T21:39:40.815253+00:00
2026-08-22,c51758bb72914739b6e6cc2d16ed0882,Atlanta Dream @ Phoenix Mercury,2026-08-23T02:00:00Z,Phoenix Mercury,Atlanta Dream,Rhyne Howard,,3PM,OVER,2.5,-225,Fanatics,fanatics,player_threes_alternate,the-odds-api,2026-08-22T21:39:40.815253+00:00
2026-08-22,c51758bb72914739b6e6cc2d16ed0882,Atlanta Dream @ Phoenix Mercury,2026-08-23T02:00:00Z,Phoenix Mercury,Atlanta Dream,Rhyne Howard,,3PM,OVER,3.5,115,Fanatics,fanatics,player_threes_alternate,the-odds-api,2026-08-22T21:39:40.815253+00:00
2026-08-22,c51758bb72914739b6e6cc2d16ed0882,Atlanta Dream @ Phoenix Mercury,2026-08-23T02:00:00Z,Phoenix Mercury,Atlanta Dream,Rhyne Howard,,3PM,OVER,4.5,225,Fanatics,fanatics,player_threes_alternate,the-odds-api,2026-08-22T21:39:40.815253+00:00
2026-08-22,c51758bb72914739b6e6cc2d16ed0882,Atlanta Dream @ Phoenix Mercury,2026-08-23T02:00:00Z,Phoenix Mercury,Atlanta Dream,Rhyne Howard,,3PM,OVER,5.5,400,Fanatics,fanatics,player_threes_alternate,the-odds-api,2026-08-22T21:39:40.815253+00:00
2026-08-22,c51758bb72914739b6e6cc2d16ed0882,Atlanta Dream @ Phoenix Mercury,2026-08-23T02:00:00Z,Phoenix Mercury,Atlanta Dream,Rhyne Howard,,3PM,OVER,6.5,850,Fanatics,fanatics,player_threes_alternate,the-odds-api,2026-08-22T21:39:40.815253+00:00
2026-08-22,c51758bb72914739b6e6cc2d16ed0882,Atlanta Dream @ Phoenix Mercury,2026-08-23T02:00:00Z,Phoenix Mercury,Atlanta Dream,Rhyne Howard,,3PM,OVER,7.5,1500,Fanatics,fanatics,player_threes_alternate,the-odds-api,2026-08-22T21:39:40.815253+00:00
2026-08-22,c51758bb72914739b6e6cc2d16ed0882,Atlanta Dream @ Phoenix Mercury,2026-08-23T02:00:00Z,Phoenix Mercury,Atlanta Dream,Kelsey Plum,,3PM,OVER,0.5,-900,Fanatics,fanatics,player_threes_alternate,the-odds-api,2026-08-22T21:39:40.815253+00:00
2026-08-22,c51758bb72914739b6e6cc2d16ed0882,Atlanta Dream @ Phoenix Mercury,2026-08-23T02:00:00Z,Phoenix Mercury,Atlanta Dream,Kelsey Plum,,3PM,OVER,1.5,-190,Fanatics,fanatics,player_threes_alternate,the-odds-api,2026-08-22T21:39:40.815253+00:00
2026-08-22,c51758bb72914739b6e6cc2d16ed0882,Atlanta Dream @ Phoenix Mercury,2026-08-23T02:00:00Z,Phoenix Mercury,Atlanta Dream,Kelsey Plum,,3PM,OVER,2.5,155,Fanatics,fanatics,player_threes_alternate,the-odds-api,2026-08-22T21:39:40.815253+00:00
2026-08-22,c51758bb72914739b6e6cc2d16ed0882,Atlanta Dream @ Phoenix Mercury,2026-08-23T02:00:00Z,Phoenix Mercury,Atlanta Dream,Kelsey Plum,,3PM,OVER,3.5,350,Fanatics,fanatics,player_threes_alternate,the-odds-api,2026-08-22T21:39:40.815253+00:00
2026-08-22,c51758bb72914739b6e6cc2d16ed0882,Atlanta Dream @ Phoenix Mercury,2026-08-23T02:00:00Z,Phoenix Mercury,Atlanta Dream,Kelsey Plum,,3PM,OVER,4.5,850,Fanatics,fanatics,player_threes_alternate,the-odds-api,2026-08-22T21:39:40.815253+00:00
2026-08-22,c51758bb72914739b6e6cc2d16ed0882,Atlanta Dream @ Phoenix Mercury,2026-08-23T02:00:00Z,Phoenix Mercury,Atlanta Dream,Kelsey Plum,,3PM,OVER,5.5,1600,Fanatics,fanatics,player_threes_alternate,the-odds-api,2026-08-22T21:39:40.815253+00:00
2026-08-22,c51758bb72914739b6e6cc2d16ed0882,Atlanta Dream @ Phoenix Mercury,2026-08-23T02:00:00Z,Phoenix Mercury,Atlanta Dream,Kahleah Copper,,3PM,OVER,0.5,-900,Fanatics,fanatics,player_threes_alternate,the-odds-api,2026-08-22T21:39:40.815253+00:00
2026-08-22,c51758bb72914739b6e6cc2d16ed0882,Atlanta Dream @ Phoenix Mercury,2026-08-23T02:00:00Z,Phoenix Mercury,Atlanta Dream,Kahleah Copper,,3PM,OVER,1.5,-175,Fanatics,fanatics,player_threes_alternate,the-odds-api,2026-08-22T21:39:40.815253+00:00
2026-08-22,c51758bb72914739b6e6cc2d16ed0882,Atlanta Dream @ Phoenix Mercury,2026-08-23T02:00:00Z,Phoenix Mercury,Atlanta Dream,Kahleah Copper,,3PM,OVER,2.5,155,Fanatics,fanatics,player_threes_alternate,the-odds-api,2026-08-22T21:39:40.815253+00:00
2026-08-22,c51758bb72914739b6e6cc2d16ed0882,Atlanta Dream @ Phoenix Mercury,2026-08-23T02:00:00Z,Phoenix Mercury,Atlanta Dream,Kahleah Copper,,3PM,OVER,3.5,350,Fanatics,fanatics,player_threes_alternate,the-odds-api,2026-08-22T21:39:40.815253+00:00
2026-08-22,c51758bb72914739b6e6cc2d16ed0882,Atlanta Dream @ Phoenix Mercury,2026-08-23T02:00:00Z,Phoenix Mercury,Atlanta Dream,Kahleah Copper,,3PM,OVER,4.5,850,Fanatics,fanatics,player_threes_alternate,the-odds-api,2026-08-22T21:39:40.815253+00:00
2026-08-22,c51758bb72914739b6e6cc2d16ed0882,Atlanta Dream @ Phoenix Mercury,2026-08-23T02:00:00Z,Phoenix Mercury,Atlanta Dream,DeWanna Bonner,,3PM,OVER,0.5,-375,Fanatics,fanatics,player_threes_alternate,the-odds-api,2026-08-22T21:39:40.815253+00:00
2026-08-22,c51758bb72914739b6e6cc2d16ed0882,Atlanta Dream @ Phoenix Mercury,2026-08-23T02:00:00Z,Phoenix Mercury,Atlanta Dream,DeWanna Bonner,,3PM,OVER,1.5,125,Fanatics,fanatics,player_threes_alternate,the-odds-api,2026-08-22T21:39:40.815253+00:00
2026-08-22,c51758bb72914739b6e6cc2d16ed0882,Atlanta Dream @ Phoenix Mercury,2026-08-23T02:00:00Z,Phoenix Mercury,Atlanta Dream,DeWanna Bonner,,3PM,OVER,2.5,350,Fanatics,fanatics,player_threes_alternate,the-odds-api,2026-08-22T21:39:40.815253+00:00
2026-08-22,c51758bb72914739b6e6cc2d16ed0882,Atlanta Dream @ Phoenix Mercury,2026-08-23T02:00:00Z,Phoenix Mercury,Atlanta Dream,DeWanna Bonner,,3PM,OVER,3.5,900,Fanatics,fanatics,player_threes_alternate,the-odds-api,2026-08-22T21:39:40.815253+00:00
2026-08-22,c51758bb72914739b6e6cc2d16ed0882,Atlanta Dream @ Phoenix Mercury,2026-08-23T02:00:00Z,Phoenix Mercury,Atlanta Dream,Naz Hillmon,,3PM,OVER,0.5,-275,Fanatics,fanatics,player_threes_alternate,the-odds-api,2026-08-22T21:39:40.815253+00:00
2026-08-22,c51758bb72914739b6e6cc2d16ed0882,Atlanta Dream @ Phoenix Mercury,2026-08-23T02:00:00Z,Phoenix Mercury,Atlanta Dream,Naz Hillmon,,3PM,OVER,1.5,160,Fanatics,fanatics,player_threes_alternate,the-odds-api,2026-08-22T21:39:40.815253+00:00
2026-08-22,c51758bb72914739b6e6cc2d16ed0882,Atlanta Dream @ Phoenix Mercury,2026-08-23T02:00:00Z,Phoenix Mercury,Atlanta Dream,Naz Hillmon,,3PM,OVER,2.5,475,Fanatics,fanatics,player_threes_alternate,the-odds-api,2026-08-22T21:39:40.815253+00:00
2026-08-22,c51758bb72914739b6e6cc2d16ed0882,Atlanta Dream @ Phoenix Mercury,2026-08-23T02:00:00Z,Phoenix Mercury,Atlanta Dream,Naz Hillmon,,3PM,OVER,3.5,1100,Fanatics,fanatics,player_threes_alternate,the-odds-api,2026-08-22T21:39:40.815253+00:00
2026-08-22,c51758bb72914739b6e6cc2d16ed0882,Atlanta Dream @ Phoenix Mercury,2026-08-23T02:00:00Z,Phoenix Mercury,Atlanta Dream,Sami Whitcomb,,3PM,OVER,0.5,-630,Fanatics,fanatics,player_threes_alternate,the-odds-api,2026-08-22T21:39:40.815253+00:00
2026-08-22,c51758bb72914739b6e6cc2d16ed0882,Atlanta Dream @ Phoenix Mercury,2026-08-23T02:00:00Z,Phoenix Mercury,Atlanta Dream,Sami Whitcomb,,3PM,OVER,1.5,-130,Fanatics,fanatics,player_threes_alternate,the-odds-api,2026-08-22T21:39:40.815253+00:00
2026-08-22,c51758bb72914739b6e6cc2d16ed0882,Atlanta Dream @ Phoenix Mercury,2026-08-23T02:00:00Z,Phoenix Mercury,Atlanta Dream,Sami Whitcomb,,3PM,OVER,2.5,210,Fanatics,fanatics,player_threes_alternate,the-odds-api,2026-08-22T21:39:40.815253+00:00
2026-08-22,c51758bb72914739b6e6cc2d16ed0882,Atlanta Dream @ Phoenix Mercury,2026-08-23T02:00:00Z,Phoenix Mercury,Atlanta Dream,Sami Whitcomb,,3PM,OVER,3.5,500,Fanatics,fanatics,player_threes_alternate,the-odds-api,2026-08-22T21:39:40.815253+00:00
2026-08-22,c51758bb72914739b6e6cc2d16ed0882,Atlanta Dream @ Phoenix Mercury,2026-08-23T02:00:00Z,Phoenix Mercury,Atlanta Dream,Sami Whitcomb,,3PM,OVER,4.5,1100,Fanatics,fanatics,player_threes_alternate,the-odds-api,2026-08-22T21:39:40.815253+00:00
2026-08-22,c51758bb72914739b6e6cc2d16ed0882,Atlanta Dream @ Phoenix Mercury,2026-08-23T02:00:00Z,Phoenix Mercury,Atlanta Dream,Jordin Canada,,AST,OVER,3.5,-2300,DraftKings,draftkings,player_assists_alternate,the-odds-api,2026-08-22T21:39:40.815253+00:00
2026-08-22,c51758bb72914739b6e6cc2d16ed0882,Atlanta Dream @ Phoenix Mercury,2026-08-23T02:00:00Z,Phoenix Mercury,Atlanta Dream,Jordin Canada,,AST,OVER,4.5,-850,DraftKings,draftkings,player_assists_alternate,the-odds-api,2026-08-22T21:39:40.815253+00:00
2026-08-22,c51758bb72914739b6e6cc2d16ed0882,Atlanta Dream @ Phoenix Mercury,2026-08-23T02:00:00Z,Phoenix Mercury,Atlanta Dream,Jordin Canada,,AST,OVER,5.5,-404,DraftKings,draftkings,player_assists_alternate,the-odds-api,2026-08-22T21:39:40.815253+00:00
2026-08-22,c51758bb72914739b6e6cc2d16ed0882,Atlanta Dream @ Phoenix Mercury,2026-08-23T02:00:00Z,Phoenix Mercury,Atlanta Dream,Jordin Canada,,AST,OVER,6.5,-221,DraftKings,draftkings,player_assists_alternate,the-odds-api,2026-08-22T21:39:40.815253+00:00
2026-08-22,c51758bb72914739b6e6cc2d16ed0882,Atlanta Dream @ Phoenix Mercury,2026-08-23T02:00:00Z,Phoenix Mercury,Atlanta Dream,Jordin Canada,,AST,OVER,7.5,-128,DraftKings,draftkings,player_assists_alternate,the-odds-api,2026-08-22T21:39:40.815253+00:00
2026-08-22,c51758bb72914739b6e6cc2d16ed0882,Atlanta Dream @ Phoenix Mercury,2026-08-23T02:00:00Z,Phoenix Mercury,Atlanta Dream,Jordin Canada,,AST,OVER,8.5,130,DraftKings,draftkings,player_assists_alternate,the-odds-api,2026-08-22T21:39:40.815253+00:00
2026-08-22,c51758bb72914739b6e6cc2d16ed0882,Atlanta Dream @ Phoenix Mercury,2026-08-23T02:00:00Z,Phoenix Mercury,Atlanta Dream,Jordin Canada,,AST,OVER,9.5,212,DraftKings,draftkings,player_assists_alternate,the-odds-api,2026-08-22T21:39:40.815253+00:00
2026-08-22,c51758bb72914739b6e6cc2d16ed0882,Atlanta Dream @ Phoenix Mercury,2026-08-23T02:00:00Z,Phoenix Mercury,Atlanta Dream,Jordin Canada,,AST,OVER,10.5,342,DraftKings,draftkings,player_assists_alternate,the-odds-api,2026-08-22T21:39:40.815253+00:00
2026-08-22,c51758bb72914739b6e6cc2d16ed0882,Atlanta Dream @ Phoenix Mercury,2026-08-23T02:00:00Z,Phoenix Mercury,Atlanta Dream,Jordin Canada,,AST,OVER,11.5,551,DraftKings,draftkings,player_assists_alternate,the-odds-api,2026-08-22T21:39:40.815253+00:00
2026-08-22,c51758bb72914739b6e6cc2d16ed0882,Atlanta Dream @ Phoenix Mercury,2026-08-23T02:00:00Z,Phoenix Mercury,Atlanta Dream,Jordin Canada,,AST,OVER,12.5,870,DraftKings,draftkings,player_assists_alternate,the-odds-api,2026-08-22T21:39:40.815253+00:00
2026-08-22,c51758bb72914739b6e6cc2d16ed0882,Atlanta Dream @ Phoenix Mercury,2026-08-23T02:00:00Z,Phoenix Mercury,Atlanta Dream,Jordin Canada,,AST,OVER,13.5,1380,DraftKings,draftkings,player_assists_alternate,the-odds-api,2026-08-22T21:39:40.815253+00:00
2026-08-22,c51758bb72914739b6e6cc2d16ed0882,Atlanta Dream @ Phoenix Mercury,2026-08-23T02:00:00Z,Phoenix Mercury,Atlanta Dream,Alyssa Thomas,,AST,OVER,3.5,-2100,DraftKings,draftkings,player_assists_alternate,the-odds-api,2026-08-22T21:39:40.815253+00:00
2026-08-22,c51758bb72914739b6e6cc2d16ed0882,Atlanta Dream @ Phoenix Mercury,2026-08-23T02:00:00Z,Phoenix Mercury,Atlanta Dream,Alyssa Thomas,,AST,OVER,4.5,-730,DraftKings,draftkings,player_assists_alternate,the-odds-api,2026-08-22T21:39:40.815253+00:00
2026-08-22,c51758bb72914739b6e6cc2d16ed0882,Atlanta Dream @ Phoenix Mercury,2026-08-23T02:00:00Z,Phoenix Mercury,Atlanta Dream,Alyssa Thomas,,AST,OVER,5.5,-337,DraftKings,draftkings,player_assists_alternate,the-odds-api,2026-08-22T21:39:40.815253+00:00
2026-08-22,c51758bb72914739b6e6cc2d16ed0882,Atlanta Dream @ Phoenix Mercury,2026-08-23T02:00:00Z,Phoenix Mercury,Atlanta Dream,Alyssa Thomas,,AST,OVER,6.5,-181,DraftKings,draftkings,player_assists_alternate,the-odds-api,2026-08-22T21:39:40.815253+00:00
2026-08-22,c51758bb72914739b6e6cc2d16ed0882,Atlanta Dream @ Phoenix Mercury,2026-08-23T02:00:00Z,Phoenix Mercury,Atlanta Dream,Alyssa Thomas,,AST,OVER,7.5,-102,DraftKings,draftkings,player_assists_alternate,the-odds-api,2026-08-22T21:39:40.815253+00:00
2026-08-22,c51758bb72914739b6e6cc2d16ed0882,Atlanta Dream @ Phoenix Mercury,2026-08-23T02:00:00Z,Phoenix Mercury,Atlanta Dream,Alyssa Thomas,,AST,OVER,8.5,168,DraftKings,draftkings,player_assists_alternate,the-odds-api,2026-08-22T21:39:40.815253+00:00
2026-08-22,c51758bb72914739b6e6cc2d16ed0882,Atlanta Dream @ Phoenix Mercury,2026-08-23T02:00:00Z,Phoenix Mercury,Atlanta Dream,Alyssa Thomas,,AST,OVER,9.5,285,DraftKings,draftkings,player_assists_alternate,the-odds-api,2026-08-22T21:39:40.815253+00:00
2026-08-22,c51758bb72914739b6e6cc2d16ed0882,Atlanta Dream @ Phoenix Mercury,2026-08-23T02:00:00Z,Phoenix Mercury,Atlanta Dream,Alyssa Thomas,,AST,OVER,10.5,475,DraftKings,draftkings,player_assists_alternate,the-odds-api,2026-08-22T21:39:40.815253+00:00
2026-08-22,c51758bb72914739b6e6cc2d16ed0882,Atlanta Dream @ Phoenix Mercury,2026-08-23T02:00:00Z,Phoenix Mercury,Atlanta Dream,Alyssa Thomas,,AST,OVER,11.5,790,DraftKings,draftkings,player_assists_alternate,the-odds-api,2026-08-22T21:39:40.815253+00:00
2026-08-22,c51758bb72914739b6e6cc2d16ed0882,Atlanta Dream @ Phoenix Mercury,2026-08-23T02:00:00Z,Phoenix Mercury,Atlanta Dream,Alyssa Thomas,,AST,OVER,12.5,1280,DraftKings,draftkings,player_assists_alternate,the-odds-api,2026-08-22T21:39:40.815253+00:00
2026-08-22,c51758bb72914739b6e6cc2d16ed0882,Atlanta Dream @ Phoenix Mercury,2026-08-23T02:00:00Z,Phoenix Mercury,Atlanta Dream,Rhyne Howard,,AST,OVER,2.5,-310,DraftKings,draftkings,player_assists_alternate,the-odds-api,2026-08-22T21:39:40.815253+00:00
2026-08-22,c51758bb72914739b6e6cc2d16ed0882,Atlanta Dream @ Phoenix Mercury,2026-08-23T02:00:00Z,Phoenix Mercury,Atlanta Dream,Rhyne Howard,,AST,OVER,3.5,-135,DraftKings,draftkings,player_assists_alternate,the-odds-api,2026-08-22T21:39:40.815253+00:00
2026-08-22,c51758bb72914739b6e6cc2d16ed0882,Atlanta Dream @ Phoenix Mercury,2026-08-23T02:00:00Z,Phoenix Mercury,Atlanta Dream,Rhyne Howard,,AST,OVER,4.5,150,DraftKings,draftkings,player_assists_alternate,the-odds-api,2026-08-22T21:39:40.815253+00:00
2026-08-22,c51758bb72914739b6e6cc2d16ed0882,Atlanta Dream @ Phoenix Mercury,2026-08-23T02:00:00Z,Phoenix Mercury,Atlanta Dream,Rhyne Howard,,AST,OVER,5.5,290,DraftKings,draftkings,player_assists_alternate,the-odds-api,2026-08-22T21:39:40.815253+00:00
2026-08-22,c51758bb72914739b6e6cc2d16ed0882,Atlanta Dream @ Phoenix Mercury,2026-08-23T02:00:00Z,Phoenix Mercury,Atlanta Dream,Rhyne Howard,,AST,OVER,6.5,541,DraftKings,draftkings,player_assists_alternate,the-odds-api,2026-08-22T21:39:40.815253+00:00
2026-08-22,c51758bb72914739b6e6cc2d16ed0882,Atlanta Dream @ Phoenix Mercury,2026-08-23T02:00:00Z,Phoenix Mercury,Atlanta Dream,Rhyne Howard,,AST,OVER,7.5,960,DraftKings,draftkings,player_assists_alternate,the-odds-api,2026-08-22T21:39:40.815253+00:00
2026-08-22,c51758bb72914739b6e6cc2d16ed0882,Atlanta Dream @ Phoenix Mercury,2026-08-23T02:00:00Z,Phoenix Mercury,Atlanta Dream,Rhyne Howard,,AST,OVER,8.5,1660,DraftKings,draftkings,player_assists_alternate,the-odds-api,2026-08-22T21:39:40.815253+00:00
2026-08-22,c51758bb72914739b6e6cc2d16ed0882,Atlanta Dream @ Phoenix Mercury,2026-08-23T02:00:00Z,Phoenix Mercury,Atlanta Dream,Angel Reese,,AST,OVER,2.5,-190,DraftKings,draftkings,player_assists_alternate,the-odds-api,2026-08-22T21:39:40.815253+00:00
2026-08-22,c51758bb72914739b6e6cc2d16ed0882,Atlanta Dream @ Phoenix Mercury,2026-08-23T02:00:00Z,Phoenix Mercury,Atlanta Dream,Angel Reese,,AST,OVER,3.5,114,DraftKings,draftkings,player_assists_alternate,the-odds-api,2026-08-22T21:39:40.815253+00:00
2026-08-22,c51758bb72914739b6e6cc2d16ed0882,Atlanta Dream @ Phoenix Mercury,2026-08-23T02:00:00Z,Phoenix Mercury,Atlanta Dream,Angel Reese,,AST,OVER,4.5,223,DraftKings,draftkings,player_assists_alternate,the-odds-api,2026-08-22T21:39:40.815253+00:00
2026-08-22,c51758bb72914739b6e6cc2d16ed0882,Atlanta Dream @ Phoenix Mercury,2026-08-23T02:00:00Z,Phoenix Mercury,Atlanta Dream,Angel Reese,,AST,OVER,5.5,421,DraftKings,draftkings,player_assists_alternate,the-odds-api,2026-08-22T21:39:40.815253+00:00
2026-08-22,c51758bb72914739b6e6cc2d16ed0882,Atlanta Dream @ Phoenix Mercury,2026-08-23T02:00:00Z,Phoenix Mercury,Atlanta Dream,Angel Reese,,AST,OVER,6.5,750,DraftKings,draftkings,player_assists_alternate,the-odds-api,2026-08-22T21:39:40.815253+00:00
2026-08-22,c51758bb72914739b6e6cc2d16ed0882,Atlanta Dream @ Phoenix Mercury,2026-08-23T02:00:00Z,Phoenix Mercury,Atlanta Dream,Angel Reese,,AST,OVER,7.5,1280,DraftKings,draftkings,player_assists_alternate,the-odds-api,2026-08-22T21:39:40.815253+00:00
2026-08-22,c51758bb72914739b6e6cc2d16ed0882,Atlanta Dream @ Phoenix Mercury,2026-08-23T02:00:00Z,Phoenix Mercury,Atlanta Dream,Kelsey Plum,,AST,OVER,2.5,-226,DraftKings,draftkings,player_assists_alternate,the-odds-api,2026-08-22T21:39:40.815253+00:00
2026-08-22,c51758bb72914739b6e6cc2d16ed0882,Atlanta Dream @ Phoenix Mercury,2026-08-23T02:00:00Z,Phoenix Mercury,Atlanta Dream,Kelsey Plum,,AST,OVER,3.5,111,DraftKings,draftkings,player_assists_alternate,the-odds-api,2026-08-22T21:39:40.815253+00:00
2026-08-22,c51758bb72914739b6e6cc2d16ed0882,Atlanta Dream @ Phoenix Mercury,2026-08-23T02:00:00Z,Phoenix Mercury,Atlanta Dream,Kelsey Plum,,AST,OVER,4.5,252,DraftKings,draftkings,player_assists_alternate,the-odds-api,2026-08-22T21:39:40.815253+00:00
2026-08-22,c51758bb72914739b6e6cc2d16ed0882,Atlanta Dream @ Phoenix Mercury,2026-08-23T02:00:00Z,Phoenix Mercury,Atlanta Dream,Kelsey Plum,,AST,OVER,5.5,548,DraftKings,draftkings,player_assists_alternate,the-odds-api,2026-08-22T21:39:40.815253+00:00
2026-08-22,c51758bb72914739b6e6cc2d16ed0882,Atlanta Dream @ Phoenix Mercury,2026-08-23T02:00:00Z,Phoenix Mercury,Atlanta Dream,Kelsey Plum,,AST,OVER,6.5,1080,DraftKings,draftkings,player_assists_alternate,the-odds-api,2026-08-22T21:39:40.815253+00:00
2026-08-22,c51758bb72914739b6e6cc2d16ed0882,Atlanta Dream @ Phoenix Mercury,2026-08-23T02:00:00Z,Phoenix Mercury,Atlanta Dream,Allisha Gray,,AST,OVER,2.5,-127,DraftKings,draftkings,player_assists_alternate,the-odds-api,2026-08-22T21:39:40.815253+00:00
2026-08-22,c51758bb72914739b6e6cc2d16ed0882,Atlanta Dream @ Phoenix Mercury,2026-08-23T02:00:00Z,Phoenix Mercury,Atlanta Dream,Allisha Gray,,AST,OVER,3.5,191,DraftKings,draftkings,player_assists_alternate,the-odds-api,2026-08-22T21:39:40.815253+00:00
2026-08-22,c51758bb72914739b6e6cc2d16ed0882,Atlanta Dream @ Phoenix Mercury,2026-08-23T02:00:00Z,Phoenix Mercury,Atlanta Dream,Allisha Gray,,AST,OVER,4.5,434,DraftKings,draftkings,player_assists_alternate,the-odds-api,2026-08-22T21:39:40.815253+00:00
2026-08-22,c51758bb72914739b6e6cc2d16ed0882,Atlanta Dream @ Phoenix Mercury,2026-08-23T02:00:00Z,Phoenix Mercury,Atlanta Dream,Allisha Gray,,AST,OVER,5.5,930,DraftKings,draftkings,player_assists_alternate,the-odds-api,2026-08-22T21:39:40.815253+00:00
2026-08-22,c51758bb72914739b6e6cc2d16ed0882,Atlanta Dream @ Phoenix Mercury,2026-08-23T02:00:00Z,Phoenix Mercury,Atlanta Dream,Kahleah Copper,,AST,OVER,2.5,129,DraftKings,draftkings,player_assists_alternate,the-odds-api,2026-08-22T21:39:40.815253+00:00
2026-08-22,c51758bb72914739b6e6cc2d16ed0882,Atlanta Dream @ Phoenix Mercury,2026-08-23T02:00:00Z,Phoenix Mercury,Atlanta Dream,Kahleah Copper,,AST,OVER,3.5,291,DraftKings,draftkings,player_assists_alternate,the-odds-api,2026-08-22T21:39:40.815253+00:00
2026-08-22,c51758bb72914739b6e6cc2d16ed0882,Atlanta Dream @ Phoenix Mercury,2026-08-23T02:00:00Z,Phoenix Mercury,Atlanta Dream,Kahleah Copper,,AST,OVER,4.5,610,DraftKings,draftkings,player_assists_alternate,the-odds-api,2026-08-22T21:39:40.815253+00:00
2026-08-22,c51758bb72914739b6e6cc2d16ed0882,Atlanta Dream @ Phoenix Mercury,2026-08-23T02:00:00Z,Phoenix Mercury,Atlanta Dream,Kahleah Copper,,AST,OVER,5.5,1200,DraftKings,draftkings,player_assists_alternate,the-odds-api,2026-08-22T21:39:40.815253+00:00
2026-08-22,c51758bb72914739b6e6cc2d16ed0882,Atlanta Dream @ Phoenix Mercury,2026-08-23T02:00:00Z,Phoenix Mercury,Atlanta Dream,DeWanna Bonner,,AST,OVER,1.5,-141,DraftKings,draftkings,player_assists_alternate,the-odds-api,2026-08-22T21:39:40.815253+00:00
2026-08-22,c51758bb72914739b6e6cc2d16ed0882,Atlanta Dream @ Phoenix Mercury,2026-08-23T02:00:00Z,Phoenix Mercury,Atlanta Dream,DeWanna Bonner,,AST,OVER,2.5,210,DraftKings,draftkings,player_assists_alternate,the-odds-api,2026-08-22T21:39:40.815253+00:00
2026-08-22,c51758bb72914739b6e6cc2d16ed0882,Atlanta Dream @ Phoenix Mercury,2026-08-23T02:00:00Z,Phoenix Mercury,Atlanta Dream,DeWanna Bonner,,AST,OVER,3.5,560,DraftKings,draftkings,player_assists_alternate,the-odds-api,2026-08-22T21:39:40.815253+00:00
2026-08-22,c51758bb72914739b6e6cc2d16ed0882,Atlanta Dream @ Phoenix Mercury,2026-08-23T02:00:00Z,Phoenix Mercury,Atlanta Dream,DeWanna Bonner,,AST,OVER,4.5,1400,DraftKings,draftkings,player_assists_alternate,the-odds-api,2026-08-22T21:39:40.815253+00:00
2026-08-22,c51758bb72914739b6e6cc2d16ed0882,Atlanta Dream @ Phoenix Mercury,2026-08-23T02:00:00Z,Phoenix Mercury,Atlanta Dream,Naz Hillmon,,AST,OVER,1.5,-105,DraftKings,draftkings,player_assists_alternate,the-odds-api,2026-08-22T21:39:40.815253+00:00
2026-08-22,c51758bb72914739b6e6cc2d16ed0882,Atlanta Dream @ Phoenix Mercury,2026-08-23T02:00:00Z,Phoenix Mercury,Atlanta Dream,Naz Hillmon,,AST,OVER,2.5,291,DraftKings,draftkings,player_assists_alternate,the-odds-api,2026-08-22T21:39:40.815253+00:00
2026-08-22,c51758bb72914739b6e6cc2d16ed0882,Atlanta Dream @ Phoenix Mercury,2026-08-23T02:00:00Z,Phoenix Mercury,Atlanta Dream,Naz Hillmon,,AST,OVER,3.5,800,DraftKings,draftkings,player_assists_alternate,the-odds-api,2026-08-22T21:39:40.815253+00:00
2026-08-22,c51758bb72914739b6e6cc2d16ed0882,Atlanta Dream @ Phoenix Mercury,2026-08-23T02:00:00Z,Phoenix Mercury,Atlanta Dream,Kahleah Copper,,PTS,OVER,9.5,-2300,DraftKings,draftkings,player_points_alternate,the-odds-api,2026-08-22T21:39:40.815253+00:00
2026-08-22,c51758bb72914739b6e6cc2d16ed0882,Atlanta Dream @ Phoenix Mercury,2026-08-23T02:00:00Z,Phoenix Mercury,Atlanta Dream,Kahleah Copper,,PTS,OVER,11.5,-970,DraftKings,draftkings,player_points_alternate,the-odds-api,2026-08-22T21:39:40.815253+00:00
2026-08-22,c51758bb72914739b6e6cc2d16ed0882,Atlanta Dream @ Phoenix Mercury,2026-08-23T02:00:00Z,Phoenix Mercury,Atlanta Dream,Kahleah Copper,,PTS,OVER,14.5,-375,DraftKings,draftkings,player_points_alternate,the-odds-api,2026-08-22T21:39:40.815253+00:00
2026-08-22,c51758bb72914739b6e6cc2d16ed0882,Atlanta Dream @ Phoenix Mercury,2026-08-23T02:00:00Z,Phoenix Mercury,Atlanta Dream,Kahleah Copper,,PTS,OVER,17.5,-178,DraftKings,draftkings,player_points_alternate,the-odds-api,2026-08-22T21:39:40.815253+00:00
2026-08-22,c51758bb72914739b6e6cc2d16ed0882,Atlanta Dream @ Phoenix Mercury,2026-08-23T02:00:00Z,Phoenix Mercury,Atlanta Dream,Kahleah Copper,,PTS,OVER,19.5,-113,DraftKings,draftkings,player_points_alternate,the-odds-api,2026-08-22T21:39:40.815253+00:00
2026-08-22,c51758bb72914739b6e6cc2d16ed0882,Atlanta Dream @ Phoenix Mercury,2026-08-23T02:00:00Z,Phoenix Mercury,Atlanta Dream,Kahleah Copper,,PTS,OVER,24.5,244,DraftKings,draftkings,player_points_alternate,the-odds-api,2026-08-22T21:39:40.815253+00:00
2026-08-22,c51758bb72914739b6e6cc2d16ed0882,Atlanta Dream @ Phoenix Mercury,2026-08-23T02:00:00Z,Phoenix Mercury,Atlanta Dream,Kahleah Copper,,PTS,OVER,29.5,630,DraftKings,draftkings,player_points_alternate,the-odds-api,2026-08-22T21:39:40.815253+00:00
2026-08-22,c51758bb72914739b6e6cc2d16ed0882,Atlanta Dream @ Phoenix Mercury,2026-08-23T02:00:00Z,Phoenix Mercury,Atlanta Dream,Kahleah Copper,,PTS,OVER,34.5,1540,DraftKings,draftkings,player_points_alternate,the-odds-api,2026-08-22T21:39:40.815253+00:00
2026-08-22,c51758bb72914739b6e6cc2d16ed0882,Atlanta Dream @ Phoenix Mercury,2026-08-23T02:00:00Z,Phoenix Mercury,Atlanta Dream,Rhyne Howard,,PTS,OVER,9.5,-1540,DraftKings,draftkings,player_points_alternate,the-odds-api,2026-08-22T21:39:40.815253+00:00
2026-08-22,c51758bb72914739b6e6cc2d16ed0882,Atlanta Dream @ Phoenix Mercury,2026-08-23T02:00:00Z,Phoenix Mercury,Atlanta Dream,Rhyne Howard,,PTS,OVER,11.5,-720,DraftKings,draftkings,player_points_alternate,the-odds-api,2026-08-22T21:39:40.815253+00:00
2026-08-22,c51758bb72914739b6e6cc2d16ed0882,Atlanta Dream @ Phoenix Mercury,2026-08-23T02:00:00Z,Phoenix Mercury,Atlanta Dream,Rhyne Howard,,PTS,OVER,14.5,-299,DraftKings,draftkings,player_points_alternate,the-odds-api,2026-08-22T21:39:40.815253+00:00
2026-08-22,c51758bb72914739b6e6cc2d16ed0882,Atlanta Dream @ Phoenix Mercury,2026-08-23T02:00:00Z,Phoenix Mercury,Atlanta Dream,Rhyne Howard,,PTS,OVER,17.5,-141,DraftKings,draftkings,player_points_alternate,the-odds-api,2026-08-22T21:39:40.815253+00:00
2026-08-22,c51758bb72914739b6e6cc2d16ed0882,Atlanta Dream @ Phoenix Mercury,2026-08-23T02:00:00Z,Phoenix Mercury,Atlanta Dream,Rhyne Howard,,PTS,OVER,18.5,-114,DraftKings,draftkings,player_points_alternate,the-odds-api,2026-08-22T21:39:40.815253+00:00
2026-08-22,c51758bb72914739b6e6cc2d16ed0882,Atlanta Dream @ Phoenix Mercury,2026-08-23T02:00:00Z,Phoenix Mercury,Atlanta Dream,Rhyne Howard,,PTS,OVER,19.5,109,DraftKings,draftkings,player_points_alternate,the-odds-api,2026-08-22T21:39:40.815253+00:00
2026-08-22,c51758bb72914739b6e6cc2d16ed0882,Atlanta Dream @ Phoenix Mercury,2026-08-23T02:00:00Z,Phoenix Mercury,Atlanta Dream,Rhyne Howard,,PTS,OVER,24.5,319,DraftKings,draftkings,player_points_alternate,the-odds-api,2026-08-22T21:39:40.815253+00:00
2026-08-22,c51758bb72914739b6e6cc2d16ed0882,Atlanta Dream @ Phoenix Mercury,2026-08-23T02:00:00Z,Phoenix Mercury,Atlanta Dream,Rhyne Howard,,PTS,OVER,29.5,890,DraftKings,draftkings,player_points_alternate,the-odds-api,2026-08-22T21:39:40.815253+00:00
2026-08-22,c51758bb72914739b6e6cc2d16ed0882,Atlanta Dream @ Phoenix Mercury,2026-08-23T02:00:00Z,Phoenix Mercury,Atlanta Dream,Allisha Gray,,PTS,OVER,9.5,-1940,DraftKings,draftkings,player_points_alternate,the-odds-api,2026-08-22T21:39:40.815253+00:00
2026-08-22,c51758bb72914739b6e6cc2d16ed0882,Atlanta Dream @ Phoenix Mercury,2026-08-23T02:00:00Z,Phoenix Mercury,Atlanta Dream,Allisha Gray,,PTS,OVER,11.5,-860,DraftKings,draftkings,player_points_alternate,the-odds-api,2026-08-22T21:39:40.815253+00:00
2026-08-22,c51758bb72914739b6e6cc2d16ed0882,Atlanta Dream @ Phoenix Mercury,2026-08-23T02:00:00Z,Phoenix Mercury,Atlanta Dream,Allisha Gray,,PTS,OVER,14.5,-341,DraftKings,draftkings,player_points_alternate,the-odds-api,2026-08-22T21:39:40.815253+00:00
2026-08-22,c51758bb72914739b6e6cc2d16ed0882,Atlanta Dream @ Phoenix Mercury,2026-08-23T02:00:00Z,Phoenix Mercury,Atlanta Dream,Allisha Gray,,PTS,OVER,17.5,-157,DraftKings,draftkings,player_points_alternate,the-odds-api,2026-08-22T21:39:40.815253+00:00
2026-08-22,c51758bb72914739b6e6cc2d16ed0882,Atlanta Dream @ Phoenix Mercury,2026-08-23T02:00:00Z,Phoenix Mercury,Atlanta Dream,Allisha Gray,,PTS,OVER,18.5,-124,DraftKings,draftkings,player_points_alternate,the-odds-api,2026-08-22T21:39:40.815253+00:00
2026-08-22,c51758bb72914739b6e6cc2d16ed0882,Atlanta Dream @ Phoenix Mercury,2026-08-23T02:00:00Z,Phoenix Mercury,Atlanta Dream,Allisha Gray,,PTS,OVER,19.5,102,DraftKings,draftkings,player_points_alternate,the-odds-api,2026-08-22T21:39:40.815253+00:00
2026-08-22,c51758bb72914739b6e6cc2d16ed0882,Atlanta Dream @ Phoenix Mercury,2026-08-23T02:00:00Z,Phoenix Mercury,Atlanta Dream,Allisha Gray,,PTS,OVER,24.5,312,DraftKings,draftkings,player_points_alternate,the-odds-api,2026-08-22T21:39:40.815253+00:00
2026-08-22,c51758bb72914739b6e6cc2d16ed0882,Atlanta Dream @ Phoenix Mercury,2026-08-23T02:00:00Z,Phoenix Mercury,Atlanta Dream,Allisha Gray,,PTS,OVER,29.5,910,DraftKings,draftkings,player_points_alternate,the-odds-api,2026-08-22T21:39:40.815253+00:00
2026-08-22,c51758bb72914739b6e6cc2d16ed0882,Atlanta Dream @ Phoenix Mercury,2026-08-23T02:00:00Z,Phoenix Mercury,Atlanta Dream,Angel Reese,,PTS,OVER,7.5,-2900,DraftKings,draftkings,player_points_alternate,the-odds-api,2026-08-22T21:39:40.815253+00:00
2026-08-22,c51758bb72914739b6e6cc2d16ed0882,Atlanta Dream @ Phoenix Mercury,2026-08-23T02:00:00Z,Phoenix Mercury,Atlanta Dream,Angel Reese,,PTS,OVER,9.5,-960,DraftKings,draftkings,player_points_alternate,the-odds-api,2026-08-22T21:39:40.815253+00:00
2026-08-22,c51758bb72914739b6e6cc2d16ed0882,Atlanta Dream @ Phoenix Mercury,2026-08-23T02:00:00Z,Phoenix Mercury,Atlanta Dream,Angel Reese,,PTS,OVER,11.5,-442,DraftKings,draftkings,player_points_alternate,the-odds-api,2026-08-22T21:39:40.815253+00:00
2026-08-22,c51758bb72914739b6e6cc2d16ed0882,Atlanta Dream @ Phoenix Mercury,2026-08-23T02:00:00Z,Phoenix Mercury,Atlanta Dream,Angel Reese,,PTS,OVER,14.5,-169,DraftKings,draftkings,player_points_alternate,the-odds-api,2026-08-22T21:39:40.815253+00:00
2026-08-22,c51758bb72914739b6e6cc2d16ed0882,Atlanta Dream @ Phoenix Mercury,2026-08-23T02:00:00Z,Phoenix Mercury,Atlanta Dream,Angel Reese,,PTS,OVER,15.5,-128,DraftKings,draftkings,player_points_alternate,the-odds-api,2026-08-22T21:39:40.815253+00:00
2026-08-22,c51758bb72914739b6e6cc2d16ed0882,Atlanta Dream @ Phoenix Mercury,2026-08-23T02:00:00Z,Phoenix Mercury,Atlanta Dream,Angel Reese,,PTS,OVER,17.5,132,DraftKings,draftkings,player_points_alternate,the-odds-api,2026-08-22T21:39:40.815253+00:00
2026-08-22,c51758bb72914739b6e6cc2d16ed0882,Atlanta Dream @ Phoenix Mercury,2026-08-23T02:00:00Z,Phoenix Mercury,Atlanta Dream,Angel Reese,,PTS,OVER,19.5,220,DraftKings,draftkings,player_points_alternate,the-odds-api,2026-08-22T21:39:40.815253+00:00
2026-08-22,c51758bb72914739b6e6cc2d16ed0882,Atlanta Dream @ Phoenix Mercury,2026-08-23T02:00:00Z,Phoenix Mercury,Atlanta Dream,Angel Reese,,PTS,OVER,24.5,740,DraftKings,draftkings,player_points_alternate,the-odds-api,2026-08-22T21:39:40.815253+00:00
2026-08-22,c51758bb72914739b6e6cc2d16ed0882,Atlanta Dream @ Phoenix Mercury,2026-08-23T02:00:00Z,Phoenix Mercury,Atlanta Dream,Alyssa Thomas,,PTS,OVER,7.5,-1400,DraftKings,draftkings,player_points_alternate,the-odds-api,2026-08-22T21:39:40.815253+00:00
2026-08-22,c51758bb72914739b6e6cc2d16ed0882,Atlanta Dream @ Phoenix Mercury,2026-08-23T02:00:00Z,Phoenix Mercury,Atlanta Dream,Alyssa Thomas,,PTS,OVER,9.5,-585,DraftKings,draftkings,player_points_alternate,the-odds-api,2026-08-22T21:39:40.815253+00:00
2026-08-22,c51758bb72914739b6e6cc2d16ed0882,Atlanta Dream @ Phoenix Mercury,2026-08-23T02:00:00Z,Phoenix Mercury,Atlanta Dream,Alyssa Thomas,,PTS,OVER,11.5,-293,DraftKings,draftkings,player_points_alternate,the-odds-api,2026-08-22T21:39:40.815253+00:00
2026-08-22,c51758bb72914739b6e6cc2d16ed0882,Atlanta Dream @ Phoenix Mercury,2026-08-23T02:00:00Z,Phoenix Mercury,Atlanta Dream,Alyssa Thomas,,PTS,OVER,14.5,-121,DraftKings,draftkings,player_points_alternate,the-odds-api,2026-08-22T21:39:40.815253+00:00
2026-08-22,c51758bb72914739b6e6cc2d16ed0882,Atlanta Dream @ Phoenix Mercury,2026-08-23T02:00:00Z,Phoenix Mercury,Atlanta Dream,Alyssa Thomas,,PTS,OVER,17.5,172,DraftKings,draftkings,player_points_alternate,the-odds-api,2026-08-22T21:39:40.815253+00:00
2026-08-22,c51758bb72914739b6e6cc2d16ed0882,Atlanta Dream @ Phoenix Mercury,2026-08-23T02:00:00Z,Phoenix Mercury,Atlanta Dream,Alyssa Thomas,,PTS,OVER,19.5,282,DraftKings,draftkings,player_points_alternate,the-odds-api,2026-08-22T21:39:40.815253+00:00
2026-08-22,c51758bb72914739b6e6cc2d16ed0882,Atlanta Dream @ Phoenix Mercury,2026-08-23T02:00:00Z,Phoenix Mercury,Atlanta Dream,Alyssa Thomas,,PTS,OVER,24.5,860,DraftKings,draftkings,player_points_alternate,the-odds-api,2026-08-22T21:39:40.815253+00:00
2026-08-22,c51758bb72914739b6e6cc2d16ed0882,Atlanta Dream @ Phoenix Mercury,2026-08-23T02:00:00Z,Phoenix Mercury,Atlanta Dream,Kelsey Plum,,PTS,OVER,7.5,-1060,DraftKings,draftkings,player_points_alternate,the-odds-api,2026-08-22T21:39:40.815253+00:00
2026-08-22,c51758bb72914739b6e6cc2d16ed0882,Atlanta Dream @ Phoenix Mercury,2026-08-23T02:00:00Z,Phoenix Mercury,Atlanta Dream,Kelsey Plum,,PTS,OVER,9.5,-456,DraftKings,draftkings,player_points_alternate,the-odds-api,2026-08-22T21:39:40.815253+00:00
2026-08-22,c51758bb72914739b6e6cc2d16ed0882,Atlanta Dream @ Phoenix Mercury,2026-08-23T02:00:00Z,Phoenix Mercury,Atlanta Dream,Kelsey Plum,,PTS,OVER,11.5,-233,DraftKings,draftkings,player_points_alternate,the-odds-api,2026-08-22T21:39:40.815253+00:00
2026-08-22,c51758bb72914739b6e6cc2d16ed0882,Atlanta Dream @ Phoenix Mercury,2026-08-23T02:00:00Z,Phoenix Mercury,Atlanta Dream,Kelsey Plum,,PTS,OVER,13.5,-130,DraftKings,draftkings,player_points_alternate,the-odds-api,2026-08-22T21:39:40.815253+00:00
2026-08-22,c51758bb72914739b6e6cc2d16ed0882,Atlanta Dream @ Phoenix Mercury,2026-08-23T02:00:00Z,Phoenix Mercury,Atlanta Dream,Kelsey Plum,,PTS,OVER,14.5,101,DraftKings,draftkings,player_points_alternate,the-odds-api,2026-08-22T21:39:40.815253+00:00
2026-08-22,c51758bb72914739b6e6cc2d16ed0882,Atlanta Dream @ Phoenix Mercury,2026-08-23T02:00:00Z,Phoenix Mercury,Atlanta Dream,Kelsey Plum,,PTS,OVER,17.5,217,DraftKings,draftkings,player_points_alternate,the-odds-api,2026-08-22T21:39:40.815253+00:00
2026-08-22,c51758bb72914739b6e6cc2d16ed0882,Atlanta Dream @ Phoenix Mercury,2026-08-23T02:00:00Z,Phoenix Mercury,Atlanta Dream,Kelsey Plum,,PTS,OVER,19.5,343,DraftKings,draftkings,player_points_alternate,the-odds-api,2026-08-22T21:39:40.815253+00:00
2026-08-22,c51758bb72914739b6e6cc2d16ed0882,Atlanta Dream @ Phoenix Mercury,2026-08-23T02:00:00Z,Phoenix Mercury,Atlanta Dream,Kelsey Plum,,PTS,OVER,24.5,1060,DraftKings,draftkings,player_points_alternate,the-odds-api,2026-08-22T21:39:40.815253+00:00
2026-08-22,c51758bb72914739b6e6cc2d16ed0882,Atlanta Dream @ Phoenix Mercury,2026-08-23T02:00:00Z,Phoenix Mercury,Atlanta Dream,DeWanna Bonner,,PTS,OVER,5.5,-970,DraftKings,draftkings,player_points_alternate,the-odds-api,2026-08-22T21:39:40.815253+00:00
2026-08-22,c51758bb72914739b6e6cc2d16ed0882,Atlanta Dream @ Phoenix Mercury,2026-08-23T02:00:00Z,Phoenix Mercury,Atlanta Dream,DeWanna Bonner,,PTS,OVER,7.5,-409,DraftKings,draftkings,player_points_alternate,the-odds-api,2026-08-22T21:39:40.815253+00:00
2026-08-22,c51758bb72914739b6e6cc2d16ed0882,Atlanta Dream @ Phoenix Mercury,2026-08-23T02:00:00Z,Phoenix Mercury,Atlanta Dream,DeWanna Bonner,,PTS,OVER,9.5,-202,DraftKings,draftkings,player_points_alternate,the-odds-api,2026-08-22T21:39:40.815253+00:00
2026-08-22,c51758bb72914739b6e6cc2d16ed0882,Atlanta Dream @ Phoenix Mercury,2026-08-23T02:00:00Z,Phoenix Mercury,Atlanta Dream,DeWanna Bonner,,PTS,OVER,11.5,-108,DraftKings,draftkings,player_points_alternate,the-odds-api,2026-08-22T21:39:40.815253+00:00
2026-08-22,c51758bb72914739b6e6cc2d16ed0882,Atlanta Dream @ Phoenix Mercury,2026-08-23T02:00:00Z,Phoenix Mercury,Atlanta Dream,DeWanna Bonner,,PTS,OVER,14.5,207,DraftKings,draftkings,player_points_alternate,the-odds-api,2026-08-22T21:39:40.815253+00:00
2026-08-22,c51758bb72914739b6e6cc2d16ed0882,Atlanta Dream @ Phoenix Mercury,2026-08-23T02:00:00Z,Phoenix Mercury,Atlanta Dream,DeWanna Bonner,,PTS,OVER,17.5,446,DraftKings,draftkings,player_points_alternate,the-odds-api,2026-08-22T21:39:40.815253+00:00
2026-08-22,c51758bb72914739b6e6cc2d16ed0882,Atlanta Dream @ Phoenix Mercury,2026-08-23T02:00:00Z,Phoenix Mercury,Atlanta Dream,DeWanna Bonner,,PTS,OVER,19.5,710,DraftKings,draftkings,player_points_alternate,the-odds-api,2026-08-22T21:39:40.815253+00:00
2026-08-22,c51758bb72914739b6e6cc2d16ed0882,Atlanta Dream @ Phoenix Mercury,2026-08-23T02:00:00Z,Phoenix Mercury,Atlanta Dream,Jordin Canada,,PTS,OVER,5.5,-970,DraftKings,draftkings,player_points_alternate,the-odds-api,2026-08-22T21:39:40.815253+00:00
2026-08-22,c51758bb72914739b6e6cc2d16ed0882,Atlanta Dream @ Phoenix Mercury,2026-08-23T02:00:00Z,Phoenix Mercury,Atlanta Dream,Jordin Canada,,PTS,OVER,7.5,-383,DraftKings,draftkings,player_points_alternate,the-odds-api,2026-08-22T21:39:40.815253+00:00
2026-08-22,c51758bb72914739b6e6cc2d16ed0882,Atlanta Dream @ Phoenix Mercury,2026-08-23T02:00:00Z,Phoenix Mercury,Atlanta Dream,Jordin Canada,,PTS,OVER,9.5,-188,DraftKings,draftkings,player_points_alternate,the-odds-api,2026-08-22T21:39:40.815253+00:00
2026-08-22,c51758bb72914739b6e6cc2d16ed0882,Atlanta Dream @ Phoenix Mercury,2026-08-23T02:00:00Z,Phoenix Mercury,Atlanta Dream,Jordin Canada,,PTS,OVER,11.5,100,DraftKings,draftkings,player_points_alternate,the-odds-api,2026-08-22T21:39:40.815253+00:00
2026-08-22,c51758bb72914739b6e6cc2d16ed0882,Atlanta Dream @ Phoenix Mercury,2026-08-23T02:00:00Z,Phoenix Mercury,Atlanta Dream,Jordin Canada,,PTS,OVER,14.5,244,DraftKings,draftkings,player_points_alternate,the-odds-api,2026-08-22T21:39:40.815253+00:00
2026-08-22,c51758bb72914739b6e6cc2d16ed0882,Atlanta Dream @ Phoenix Mercury,2026-08-23T02:00:00Z,Phoenix Mercury,Atlanta Dream,Jordin Canada,,PTS,OVER,17.5,544,DraftKings,draftkings,player_points_alternate,the-odds-api,2026-08-22T21:39:40.815253+00:00
2026-08-22,c51758bb72914739b6e6cc2d16ed0882,Atlanta Dream @ Phoenix Mercury,2026-08-23T02:00:00Z,Phoenix Mercury,Atlanta Dream,Jordin Canada,,PTS,OVER,19.5,920,DraftKings,draftkings,player_points_alternate,the-odds-api,2026-08-22T21:39:40.815253+00:00
2026-08-22,c51758bb72914739b6e6cc2d16ed0882,Atlanta Dream @ Phoenix Mercury,2026-08-23T02:00:00Z,Phoenix Mercury,Atlanta Dream,Naz Hillmon,,PTS,OVER,5.5,-407,DraftKings,draftkings,player_points_alternate,the-odds-api,2026-08-22T21:39:40.815253+00:00
2026-08-22,c51758bb72914739b6e6cc2d16ed0882,Atlanta Dream @ Phoenix Mercury,2026-08-23T02:00:00Z,Phoenix Mercury,Atlanta Dream,Naz Hillmon,,PTS,OVER,7.5,-180,DraftKings,draftkings,player_points_alternate,the-odds-api,2026-08-22T21:39:40.815253+00:00
2026-08-22,c51758bb72914739b6e6cc2d16ed0882,Atlanta Dream @ Phoenix Mercury,2026-08-23T02:00:00Z,Phoenix Mercury,Atlanta Dream,Naz Hillmon,,PTS,OVER,8.5,-127,DraftKings,draftkings,player_points_alternate,the-odds-api,2026-08-22T21:39:40.815253+00:00
2026-08-22,c51758bb72914739b6e6cc2d16ed0882,Atlanta Dream @ Phoenix Mercury,2026-08-23T02:00:00Z,Phoenix Mercury,Atlanta Dream,Naz Hillmon,,PTS,OVER,9.5,110,DraftKings,draftkings,player_points_alternate,the-odds-api,2026-08-22T21:39:40.815253+00:00
2026-08-22,c51758bb72914739b6e6cc2d16ed0882,Atlanta Dream @ Phoenix Mercury,2026-08-23T02:00:00Z,Phoenix Mercury,Atlanta Dream,Naz Hillmon,,PTS,OVER,11.5,210,DraftKings,draftkings,player_points_alternate,the-odds-api,2026-08-22T21:39:40.815253+00:00
2026-08-22,c51758bb72914739b6e6cc2d16ed0882,Atlanta Dream @ Phoenix Mercury,2026-08-23T02:00:00Z,Phoenix Mercury,Atlanta Dream,Naz Hillmon,,PTS,OVER,14.5,506,DraftKings,draftkings,player_points_alternate,the-odds-api,2026-08-22T21:39:40.815253+00:00
2026-08-22,c51758bb72914739b6e6cc2d16ed0882,Atlanta Dream @ Phoenix Mercury,2026-08-23T02:00:00Z,Phoenix Mercury,Atlanta Dream,Naz Hillmon,,PTS,OVER,17.5,1180,DraftKings,draftkings,player_points_alternate,the-odds-api,2026-08-22T21:39:40.815253+00:00
2026-08-22,c51758bb72914739b6e6cc2d16ed0882,Atlanta Dream @ Phoenix Mercury,2026-08-23T02:00:00Z,Phoenix Mercury,Atlanta Dream,Sami Whitcomb,,PTS,OVER,5.5,-222,DraftKings,draftkings,player_points_alternate,the-odds-api,2026-08-22T21:39:40.815253+00:00
2026-08-22,c51758bb72914739b6e6cc2d16ed0882,Atlanta Dream @ Phoenix Mercury,2026-08-23T02:00:00Z,Phoenix Mercury,Atlanta Dream,Sami Whitcomb,,PTS,OVER,7.5,-109,DraftKings,draftkings,player_points_alternate,the-odds-api,2026-08-22T21:39:40.815253+00:00
2026-08-22,c51758bb72914739b6e6cc2d16ed0882,Atlanta Dream @ Phoenix Mercury,2026-08-23T02:00:00Z,Phoenix Mercury,Atlanta Dream,Sami Whitcomb,,PTS,OVER,9.5,193,DraftKings,draftkings,player_points_alternate,the-odds-api,2026-08-22T21:39:40.815253+00:00
2026-08-22,c51758bb72914739b6e6cc2d16ed0882,Atlanta Dream @ Phoenix Mercury,2026-08-23T02:00:00Z,Phoenix Mercury,Atlanta Dream,Sami Whitcomb,,PTS,OVER,11.5,316,DraftKings,draftkings,player_points_alternate,the-odds-api,2026-08-22T21:39:40.815253+00:00
2026-08-22,c51758bb72914739b6e6cc2d16ed0882,Atlanta Dream @ Phoenix Mercury,2026-08-23T02:00:00Z,Phoenix Mercury,Atlanta Dream,Sami Whitcomb,,PTS,OVER,14.5,730,DraftKings,draftkings,player_points_alternate,the-odds-api,2026-08-22T21:39:40.815253+00:00
2026-08-22,c51758bb72914739b6e6cc2d16ed0882,Atlanta Dream @ Phoenix Mercury,2026-08-23T02:00:00Z,Phoenix Mercury,Atlanta Dream,Sami Whitcomb,,PTS,OVER,17.5,1520,DraftKings,draftkings,player_points_alternate,the-odds-api,2026-08-22T21:39:40.815253+00:00
2026-08-22,c51758bb72914739b6e6cc2d16ed0882,Atlanta Dream @ Phoenix Mercury,2026-08-23T02:00:00Z,Phoenix Mercury,Atlanta Dream,Noemie Brochant,,PTS,OVER,5.5,-238,DraftKings,draftkings,player_points_alternate,the-odds-api,2026-08-22T21:39:40.815253+00:00
2026-08-22,c51758bb72914739b6e6cc2d16ed0882,Atlanta Dream @ Phoenix Mercury,2026-08-23T02:00:00Z,Phoenix Mercury,Atlanta Dream,Noemie Brochant,,PTS,OVER,7.5,-118,DraftKings,draftkings,player_points_alternate,the-odds-api,2026-08-22T21:39:40.815253+00:00
2026-08-22,c51758bb72914739b6e6cc2d16ed0882,Atlanta Dream @ Phoenix Mercury,2026-08-23T02:00:00Z,Phoenix Mercury,Atlanta Dream,Noemie Brochant,,PTS,OVER,9.5,166,DraftKings,draftkings,player_points_alternate,the-odds-api,2026-08-22T21:39:40.815253+00:00
2026-08-22,c51758bb72914739b6e6cc2d16ed0882,Atlanta Dream @ Phoenix Mercury,2026-08-23T02:00:00Z,Phoenix Mercury,Atlanta Dream,Noemie Brochant,,PTS,OVER,11.5,305,DraftKings,draftkings,player_points_alternate,the-odds-api,2026-08-22T21:39:40.815253+00:00
2026-08-22,c51758bb72914739b6e6cc2d16ed0882,Atlanta Dream @ Phoenix Mercury,2026-08-23T02:00:00Z,Phoenix Mercury,Atlanta Dream,Noemie Brochant,,PTS,OVER,14.5,730,DraftKings,draftkings,player_points_alternate,the-odds-api,2026-08-22T21:39:40.815253+00:00
2026-08-22,c51758bb72914739b6e6cc2d16ed0882,Atlanta Dream @ Phoenix Mercury,2026-08-23T02:00:00Z,Phoenix Mercury,Atlanta Dream,Noemie Brochant,,PTS,OVER,17.5,1560,DraftKings,draftkings,player_points_alternate,the-odds-api,2026-08-22T21:39:40.815253+00:00
2026-08-22,c51758bb72914739b6e6cc2d16ed0882,Atlanta Dream @ Phoenix Mercury,2026-08-23T02:00:00Z,Phoenix Mercury,Atlanta Dream,Madina Okot,,PTS,OVER,5.5,-154,DraftKings,draftkings,player_points_alternate,the-odds-api,2026-08-22T21:39:40.815253+00:00
2026-08-22,c51758bb72914739b6e6cc2d16ed0882,Atlanta Dream @ Phoenix Mercury,2026-08-23T02:00:00Z,Phoenix Mercury,Atlanta Dream,Madina Okot,,PTS,OVER,6.5,109,DraftKings,draftkings,player_points_alternate,the-odds-api,2026-08-22T21:39:40.815253+00:00
2026-08-22,c51758bb72914739b6e6cc2d16ed0882,Atlanta Dream @ Phoenix Mercury,2026-08-23T02:00:00Z,Phoenix Mercury,Atlanta Dream,Madina Okot,,PTS,OVER,7.5,143,DraftKings,draftkings,player_points_alternate,the-odds-api,2026-08-22T21:39:40.815253+00:00
2026-08-22,c51758bb72914739b6e6cc2d16ed0882,Atlanta Dream @ Phoenix Mercury,2026-08-23T02:00:00Z,Phoenix Mercury,Atlanta Dream,Madina Okot,,PTS,OVER,9.5,284,DraftKings,draftkings,player_points_alternate,the-odds-api,2026-08-22T21:39:40.815253+00:00
2026-08-22,c51758bb72914739b6e6cc2d16ed0882,Atlanta Dream @ Phoenix Mercury,2026-08-23T02:00:00Z,Phoenix Mercury,Atlanta Dream,Madina Okot,,PTS,OVER,11.5,544,DraftKings,draftkings,player_points_alternate,the-odds-api,2026-08-22T21:39:40.815253+00:00
2026-08-22,c51758bb72914739b6e6cc2d16ed0882,Atlanta Dream @ Phoenix Mercury,2026-08-23T02:00:00Z,Phoenix Mercury,Atlanta Dream,Madina Okot,,PTS,OVER,14.5,1320,DraftKings,draftkings,player_points_alternate,the-odds-api,2026-08-22T21:39:40.815253+00:00
2026-08-22,c51758bb72914739b6e6cc2d16ed0882,Atlanta Dream @ Phoenix Mercury,2026-08-23T02:00:00Z,Phoenix Mercury,Atlanta Dream,Natasha Mack,,PTS,OVER,5.5,-122,DraftKings,draftkings,player_points_alternate,the-odds-api,2026-08-22T21:39:40.815253+00:00
2026-08-22,c51758bb72914739b6e6cc2d16ed0882,Atlanta Dream @ Phoenix Mercury,2026-08-23T02:00:00Z,Phoenix Mercury,Atlanta Dream,Natasha Mack,,PTS,OVER,7.5,193,DraftKings,draftkings,player_points_alternate,the-odds-api,2026-08-22T21:39:40.815253+00:00
2026-08-22,c51758bb72914739b6e6cc2d16ed0882,Atlanta Dream @ Phoenix Mercury,2026-08-23T02:00:00Z,Phoenix Mercury,Atlanta Dream,Natasha Mack,,PTS,OVER,9.5,419,DraftKings,draftkings,player_points_alternate,the-odds-api,2026-08-22T21:39:40.815253+00:00
2026-08-22,c51758bb72914739b6e6cc2d16ed0882,Atlanta Dream @ Phoenix Mercury,2026-08-23T02:00:00Z,Phoenix Mercury,Atlanta Dream,Natasha Mack,,PTS,OVER,11.5,850,DraftKings,draftkings,player_points_alternate,the-odds-api,2026-08-22T21:39:40.815253+00:00
2026-08-22,c51758bb72914739b6e6cc2d16ed0882,Atlanta Dream @ Phoenix Mercury,2026-08-23T02:00:00Z,Phoenix Mercury,Atlanta Dream,Isobel Borlase,,PTS,OVER,4.5,-134,DraftKings,draftkings,player_points_alternate,the-odds-api,2026-08-22T21:39:40.815253+00:00
2026-08-22,c51758bb72914739b6e6cc2d16ed0882,Atlanta Dream @ Phoenix Mercury,2026-08-23T02:00:00Z,Phoenix Mercury,Atlanta Dream,Isobel Borlase,,PTS,OVER,5.5,118,DraftKings,draftkings,player_points_alternate,the-odds-api,2026-08-22T21:39:40.815253+00:00
2026-08-22,c51758bb72914739b6e6cc2d16ed0882,Atlanta Dream @ Phoenix Mercury,2026-08-23T02:00:00Z,Phoenix Mercury,Atlanta Dream,Isobel Borlase,,PTS,OVER,7.5,253,DraftKings,draftkings,player_points_alternate,the-odds-api,2026-08-22T21:39:40.815253+00:00
2026-08-22,c51758bb72914739b6e6cc2d16ed0882,Atlanta Dream @ Phoenix Mercury,2026-08-23T02:00:00Z,Phoenix Mercury,Atlanta Dream,Isobel Borlase,,PTS,OVER,9.5,518,DraftKings,draftkings,player_points_alternate,the-odds-api,2026-08-22T21:39:40.815253+00:00
2026-08-22,c51758bb72914739b6e6cc2d16ed0882,Atlanta Dream @ Phoenix Mercury,2026-08-23T02:00:00Z,Phoenix Mercury,Atlanta Dream,Isobel Borlase,,PTS,OVER,11.5,990,DraftKings,draftkings,player_points_alternate,the-odds-api,2026-08-22T21:39:40.815253+00:00
2026-08-22,c51758bb72914739b6e6cc2d16ed0882,Atlanta Dream @ Phoenix Mercury,2026-08-23T02:00:00Z,Phoenix Mercury,Atlanta Dream,Kahleah Copper,,PA,OVER,14.5,-730,DraftKings,draftkings,player_points_assists_alternate,the-odds-api,2026-08-22T21:39:40.815253+00:00
2026-08-22,c51758bb72914739b6e6cc2d16ed0882,Atlanta Dream @ Phoenix Mercury,2026-08-23T02:00:00Z,Phoenix Mercury,Atlanta Dream,Kahleah Copper,,PA,OVER,19.5,-193,DraftKings,draftkings,player_points_assists_alternate,the-odds-api,2026-08-22T21:39:40.815253+00:00
2026-08-22,c51758bb72914739b6e6cc2d16ed0882,Atlanta Dream @ Phoenix Mercury,2026-08-23T02:00:00Z,Phoenix Mercury,Atlanta Dream,Kahleah Copper,,PA,OVER,21.5,-126,DraftKings,draftkings,player_points_assists_alternate,the-odds-api,2026-08-22T21:39:40.815253+00:00
2026-08-22,c51758bb72914739b6e6cc2d16ed0882,Atlanta Dream @ Phoenix Mercury,2026-08-23T02:00:00Z,Phoenix Mercury,Atlanta Dream,Kahleah Copper,,PA,OVER,24.5,147,DraftKings,draftkings,player_points_assists_alternate,the-odds-api,2026-08-22T21:39:40.815253+00:00
2026-08-22,c51758bb72914739b6e6cc2d16ed0882,Atlanta Dream @ Phoenix Mercury,2026-08-23T02:00:00Z,Phoenix Mercury,Atlanta Dream,Kahleah Copper,,PA,OVER,29.5,376,DraftKings,draftkings,player_points_assists_alternate,the-odds-api,2026-08-22T21:39:40.815253+00:00
2026-08-22,c51758bb72914739b6e6cc2d16ed0882,Atlanta Dream @ Phoenix Mercury,2026-08-23T02:00:00Z,Phoenix Mercury,Atlanta Dream,Kahleah Copper,,PA,OVER,34.5,940,DraftKings,draftkings,player_points_assists_alternate,the-odds-api,2026-08-22T21:39:40.815253+00:00
2026-08-22,c51758bb72914739b6e6cc2d16ed0882,Atlanta Dream @ Phoenix Mercury,2026-08-23T02:00:00Z,Phoenix Mercury,Atlanta Dream,Rhyne Howard,,PA,OVER,14.5,-920,DraftKings,draftkings,player_points_assists_alternate,the-odds-api,2026-08-22T21:39:40.815253+00:00
2026-08-22,c51758bb72914739b6e6cc2d16ed0882,Atlanta Dream @ Phoenix Mercury,2026-08-23T02:00:00Z,Phoenix Mercury,Atlanta Dream,Rhyne Howard,,PA,OVER,19.5,-228,DraftKings,draftkings,player_points_assists_alternate,the-odds-api,2026-08-22T21:39:40.815253+00:00
2026-08-22,c51758bb72914739b6e6cc2d16ed0882,Atlanta Dream @ Phoenix Mercury,2026-08-23T02:00:00Z,Phoenix Mercury,Atlanta Dream,Rhyne Howard,,PA,OVER,22.5,-116,DraftKings,draftkings,player_points_assists_alternate,the-odds-api,2026-08-22T21:39:40.815253+00:00
2026-08-22,c51758bb72914739b6e6cc2d16ed0882,Atlanta Dream @ Phoenix Mercury,2026-08-23T02:00:00Z,Phoenix Mercury,Atlanta Dream,Rhyne Howard,,PA,OVER,24.5,131,DraftKings,draftkings,player_points_assists_alternate,the-odds-api,2026-08-22T21:39:40.815253+00:00
2026-08-22,c51758bb72914739b6e6cc2d16ed0882,Atlanta Dream @ Phoenix Mercury,2026-08-23T02:00:00Z,Phoenix Mercury,Atlanta Dream,Rhyne Howard,,PA,OVER,29.5,373,DraftKings,draftkings,player_points_assists_alternate,the-odds-api,2026-08-22T21:39:40.815253+00:00
2026-08-22,c51758bb72914739b6e6cc2d16ed0882,Atlanta Dream @ Phoenix Mercury,2026-08-23T02:00:00Z,Phoenix Mercury,Atlanta Dream,Rhyne Howard,,PA,OVER,34.5,1000,DraftKings,draftkings,player_points_assists_alternate,the-odds-api,2026-08-22T21:39:40.815253+00:00
2026-08-22,c51758bb72914739b6e6cc2d16ed0882,Atlanta Dream @ Phoenix Mercury,2026-08-23T02:00:00Z,Phoenix Mercury,Atlanta Dream,Alyssa Thomas,,PA,OVER,14.5,-980,DraftKings,draftkings,player_points_assists_alternate,the-odds-api,2026-08-22T21:39:40.815253+00:00
2026-08-22,c51758bb72914739b6e6cc2d16ed0882,Atlanta Dream @ Phoenix Mercury,2026-08-23T02:00:00Z,Phoenix Mercury,Atlanta Dream,Alyssa Thomas,,PA,OVER,19.5,-229,DraftKings,draftkings,player_points_assists_alternate,the-odds-api,2026-08-22T21:39:40.815253+00:00
2026-08-22,c51758bb72914739b6e6cc2d16ed0882,Atlanta Dream @ Phoenix Mercury,2026-08-23T02:00:00Z,Phoenix Mercury,Atlanta Dream,Alyssa Thomas,,PA,OVER,22.5,-113,DraftKings,draftkings,player_points_assists_alternate,the-odds-api,2026-08-22T21:39:40.815253+00:00
2026-08-22,c51758bb72914739b6e6cc2d16ed0882,Atlanta Dream @ Phoenix Mercury,2026-08-23T02:00:00Z,Phoenix Mercury,Atlanta Dream,Alyssa Thomas,,PA,OVER,24.5,138,DraftKings,draftkings,player_points_assists_alternate,the-odds-api,2026-08-22T21:39:40.815253+00:00
2026-08-22,c51758bb72914739b6e6cc2d16ed0882,Atlanta Dream @ Phoenix Mercury,2026-08-23T02:00:00Z,Phoenix Mercury,Atlanta Dream,Alyssa Thomas,,PA,OVER,29.5,415,DraftKings,draftkings,player_points_assists_alternate,the-odds-api,2026-08-22T21:39:40.815253+00:00
2026-08-22,c51758bb72914739b6e6cc2d16ed0882,Atlanta Dream @ Phoenix Mercury,2026-08-23T02:00:00Z,Phoenix Mercury,Atlanta Dream,Alyssa Thomas,,PA,OVER,34.5,1200,DraftKings,draftkings,player_points_assists_alternate,the-odds-api,2026-08-22T21:39:40.815253+00:00
2026-08-22,c51758bb72914739b6e6cc2d16ed0882,Atlanta Dream @ Phoenix Mercury,2026-08-23T02:00:00Z,Phoenix Mercury,Atlanta Dream,Allisha Gray,,PA,OVER,14.5,-760,DraftKings,draftkings,player_points_assists_alternate,the-odds-api,2026-08-22T21:39:40.815253+00:00
2026-08-22,c51758bb72914739b6e6cc2d16ed0882,Atlanta Dream @ Phoenix Mercury,2026-08-23T02:00:00Z,Phoenix Mercury,Atlanta Dream,Allisha Gray,,PA,OVER,19.5,-192,DraftKings,draftkings,player_points_assists_alternate,the-odds-api,2026-08-22T21:39:40.815253+00:00
2026-08-22,c51758bb72914739b6e6cc2d16ed0882,Atlanta Dream @ Phoenix Mercury,2026-08-23T02:00:00Z,Phoenix Mercury,Atlanta Dream,Allisha Gray,,PA,OVER,21.5,-121,DraftKings,draftkings,player_points_assists_alternate,the-odds-api,2026-08-22T21:39:40.815253+00:00
2026-08-22,c51758bb72914739b6e6cc2d16ed0882,Atlanta Dream @ Phoenix Mercury,2026-08-23T02:00:00Z,Phoenix Mercury,Atlanta Dream,Allisha Gray,,PA,OVER,24.5,163,DraftKings,draftkings,player_points_assists_alternate,the-odds-api,2026-08-22T21:39:40.815253+00:00
2026-08-22,c51758bb72914739b6e6cc2d16ed0882,Atlanta Dream @ Phoenix Mercury,2026-08-23T02:00:00Z,Phoenix Mercury,Atlanta Dream,Allisha Gray,,PA,OVER,29.5,477,DraftKings,draftkings,player_points_assists_alternate,the-odds-api,2026-08-22T21:39:40.815253+00:00
2026-08-22,c51758bb72914739b6e6cc2d16ed0882,Atlanta Dream @ Phoenix Mercury,2026-08-23T02:00:00Z,Phoenix Mercury,Atlanta Dream,Allisha Gray,,PA,OVER,34.5,1340,DraftKings,draftkings,player_points_assists_alternate,the-odds-api,2026-08-22T21:39:40.815253+00:00
2026-08-22,c51758bb72914739b6e6cc2d16ed0882,Atlanta Dream @ Phoenix Mercury,2026-08-23T02:00:00Z,Phoenix Mercury,Atlanta Dream,Angel Reese,,PA,OVER,14.5,-475,DraftKings,draftkings,player_points_assists_alternate,the-odds-api,2026-08-22T21:39:40.815253+00:00
2026-08-22,c51758bb72914739b6e6cc2d16ed0882,Atlanta Dream @ Phoenix Mercury,2026-08-23T02:00:00Z,Phoenix Mercury,Atlanta Dream,Angel Reese,,PA,OVER,19.5,-115,DraftKings,draftkings,player_points_assists_alternate,the-odds-api,2026-08-22T21:39:40.815253+00:00
2026-08-22,c51758bb72914739b6e6cc2d16ed0882,Atlanta Dream @ Phoenix Mercury,2026-08-23T02:00:00Z,Phoenix Mercury,Atlanta Dream,Angel Reese,,PA,OVER,24.5,300,DraftKings,draftkings,player_points_assists_alternate,the-odds-api,2026-08-22T21:39:40.815253+00:00
2026-08-22,c51758bb72914739b6e6cc2d16ed0882,Atlanta Dream @ Phoenix Mercury,2026-08-23T02:00:00Z,Phoenix Mercury,Atlanta Dream,Angel Reese,,PA,OVER,29.5,950,DraftKings,draftkings,player_points_assists_alternate,the-odds-api,2026-08-22T21:39:40.815253+00:00
2026-08-22,c51758bb72914739b6e6cc2d16ed0882,Atlanta Dream @ Phoenix Mercury,2026-08-23T02:00:00Z,Phoenix Mercury,Atlanta Dream,Jordin Canada,,PA,OVER,14.5,-465,DraftKings,draftkings,player_points_assists_alternate,the-odds-api,2026-08-22T21:39:40.815253+00:00
2026-08-22,c51758bb72914739b6e6cc2d16ed0882,Atlanta Dream @ Phoenix Mercury,2026-08-23T02:00:00Z,Phoenix Mercury,Atlanta Dream,Jordin Canada,,PA,OVER,19.5,-102,DraftKings,draftkings,player_points_assists_alternate,the-odds-api,2026-08-22T21:39:40.815253+00:00
2026-08-22,c51758bb72914739b6e6cc2d16ed0882,Atlanta Dream @ Phoenix Mercury,2026-08-23T02:00:00Z,Phoenix Mercury,Atlanta Dream,Jordin Canada,,PA,OVER,24.5,357,DraftKings,draftkings,player_points_assists_alternate,the-odds-api,2026-08-22T21:39:40.815253+00:00
2026-08-22,c51758bb72914739b6e6cc2d16ed0882,Atlanta Dream @ Phoenix Mercury,2026-08-23T02:00:00Z,Phoenix Mercury,Atlanta Dream,Jordin Canada,,PA,OVER,29.5,1260,DraftKings,draftkings,player_points_assists_alternate,the-odds-api,2026-08-22T21:39:40.815253+00:00
2026-08-22,c51758bb72914739b6e6cc2d16ed0882,Atlanta Dream @ Phoenix Mercury,2026-08-23T02:00:00Z,Phoenix Mercury,Atlanta Dream,Kelsey Plum,,PA,OVER,9.5,-1840,DraftKings,draftkings,player_points_assists_alternate,the-odds-api,2026-08-22T21:39:40.815253+00:00
2026-08-22,c51758bb72914739b6e6cc2d16ed0882,Atlanta Dream @ Phoenix Mercury,2026-08-23T02:00:00Z,Phoenix Mercury,Atlanta Dream,Kelsey Plum,,PA,OVER,14.5,-259,DraftKings,draftkings,player_points_assists_alternate,the-odds-api,2026-08-22T21:39:40.815253+00:00
2026-08-22,c51758bb72914739b6e6cc2d16ed0882,Atlanta Dream @ Phoenix Mercury,2026-08-23T02:00:00Z,Phoenix Mercury,Atlanta Dream,Kelsey Plum,,PA,OVER,17.5,-114,DraftKings,draftkings,player_points_assists_alternate,the-odds-api,2026-08-22T21:39:40.815253+00:00
2026-08-22,c51758bb72914739b6e6cc2d16ed0882,Atlanta Dream @ Phoenix Mercury,2026-08-23T02:00:00Z,Phoenix Mercury,Atlanta Dream,Kelsey Plum,,PA,OVER,19.5,147,DraftKings,draftkings,player_points_assists_alternate,the-odds-api,2026-08-22T21:39:40.815253+00:00
2026-08-22,c51758bb72914739b6e6cc2d16ed0882,Atlanta Dream @ Phoenix Mercury,2026-08-23T02:00:00Z,Phoenix Mercury,Atlanta Dream,Kelsey Plum,,PA,OVER,24.5,477,DraftKings,draftkings,player_points_assists_alternate,the-odds-api,2026-08-22T21:39:40.815253+00:00
2026-08-22,c51758bb72914739b6e6cc2d16ed0882,Atlanta Dream @ Phoenix Mercury,2026-08-23T02:00:00Z,Phoenix Mercury,Atlanta Dream,Kelsey Plum,,PA,OVER,29.5,1420,DraftKings,draftkings,player_points_assists_alternate,the-odds-api,2026-08-22T21:39:40.815253+00:00
2026-08-22,c51758bb72914739b6e6cc2d16ed0882,Atlanta Dream @ Phoenix Mercury,2026-08-23T02:00:00Z,Phoenix Mercury,Atlanta Dream,DeWanna Bonner,,PA,OVER,9.5,-377,DraftKings,draftkings,player_points_assists_alternate,the-odds-api,2026-08-22T21:39:40.815253+00:00
2026-08-22,c51758bb72914739b6e6cc2d16ed0882,Atlanta Dream @ Phoenix Mercury,2026-08-23T02:00:00Z,Phoenix Mercury,Atlanta Dream,DeWanna Bonner,,PA,OVER,13.5,-108,DraftKings,draftkings,player_points_assists_alternate,the-odds-api,2026-08-22T21:39:40.815253+00:00
2026-08-22,c51758bb72914739b6e6cc2d16ed0882,Atlanta Dream @ Phoenix Mercury,2026-08-23T02:00:00Z,Phoenix Mercury,Atlanta Dream,DeWanna Bonner,,PA,OVER,14.5,122,DraftKings,draftkings,player_points_assists_alternate,the-odds-api,2026-08-22T21:39:40.815253+00:00
2026-08-22,c51758bb72914739b6e6cc2d16ed0882,Atlanta Dream @ Phoenix Mercury,2026-08-23T02:00:00Z,Phoenix Mercury,Atlanta Dream,DeWanna Bonner,,PA,OVER,19.5,444,DraftKings,draftkings,player_points_assists_alternate,the-odds-api,2026-08-22T21:39:40.815253+00:00
2026-08-22,c51758bb72914739b6e6cc2d16ed0882,Atlanta Dream @ Phoenix Mercury,2026-08-23T02:00:00Z,Phoenix Mercury,Atlanta Dream,DeWanna Bonner,,PA,OVER,24.5,1380,DraftKings,draftkings,player_points_assists_alternate,the-odds-api,2026-08-22T21:39:40.815253+00:00
2026-08-22,c51758bb72914739b6e6cc2d16ed0882,Atlanta Dream @ Phoenix Mercury,2026-08-23T02:00:00Z,Phoenix Mercury,Atlanta Dream,Naz Hillmon,,PA,OVER,4.5,-1740,DraftKings,draftkings,player_points_assists_alternate,the-odds-api,2026-08-22T21:39:40.815253+00:00
2026-08-22,c51758bb72914739b6e6cc2d16ed0882,Atlanta Dream @ Phoenix Mercury,2026-08-23T02:00:00Z,Phoenix Mercury,Atlanta Dream,Naz Hillmon,,PA,OVER,9.5,-160,DraftKings,draftkings,player_points_assists_alternate,the-odds-api,2026-08-22T21:39:40.815253+00:00
2026-08-22,c51758bb72914739b6e6cc2d16ed0882,Atlanta Dream @ Phoenix Mercury,2026-08-23T02:00:00Z,Phoenix Mercury,Atlanta Dream,Naz Hillmon,,PA,OVER,10.5,-114,DraftKings,draftkings,player_points_assists_alternate,the-odds-api,2026-08-22T21:39:40.815253+00:00
2026-08-22,c51758bb72914739b6e6cc2d16ed0882,Atlanta Dream @ Phoenix Mercury,2026-08-23T02:00:00Z,Phoenix Mercury,Atlanta Dream,Naz Hillmon,,PA,OVER,14.5,307,DraftKings,draftkings,player_points_assists_alternate,the-odds-api,2026-08-22T21:39:40.815253+00:00
2026-08-22,c51758bb72914739b6e6cc2d16ed0882,Atlanta Dream @ Phoenix Mercury,2026-08-23T02:00:00Z,Phoenix Mercury,Atlanta Dream,Naz Hillmon,,PA,OVER,19.5,1220,DraftKings,draftkings,player_points_assists_alternate,the-odds-api,2026-08-22T21:39:40.815253+00:00
2026-08-22,c51758bb72914739b6e6cc2d16ed0882,Atlanta Dream @ Phoenix Mercury,2026-08-23T02:00:00Z,Phoenix Mercury,Atlanta Dream,Angel Reese,,PR,OVER,19.5,-1280,DraftKings,draftkings,player_points_rebounds_alternate,the-odds-api,2026-08-22T21:39:40.815253+00:00
2026-08-22,c51758bb72914739b6e6cc2d16ed0882,Atlanta Dream @ Phoenix Mercury,2026-08-23T02:00:00Z,Phoenix Mercury,Atlanta Dream,Angel Reese,,PR,OVER,24.5,-301,DraftKings,draftkings,player_points_rebounds_alternate,the-odds-api,2026-08-22T21:39:40.815253+00:00
2026-08-22,c51758bb72914739b6e6cc2d16ed0882,Atlanta Dream @ Phoenix Mercury,2026-08-23T02:00:00Z,Phoenix Mercury,Atlanta Dream,Angel Reese,,PR,OVER,28.5,-121,DraftKings,draftkings,player_points_rebounds_alternate,the-odds-api,2026-08-22T21:39:40.815253+00:00
2026-08-22,c51758bb72914739b6e6cc2d16ed0882,Atlanta Dream @ Phoenix Mercury,2026-08-23T02:00:00Z,Phoenix Mercury,Atlanta Dream,Angel Reese,,PR,OVER,29.5,103,DraftKings,draftkings,player_points_rebounds_alternate,the-odds-api,2026-08-22T21:39:40.815253+00:00
2026-08-22,c51758bb72914739b6e6cc2d16ed0882,Atlanta Dream @ Phoenix Mercury,2026-08-23T02:00:00Z,Phoenix Mercury,Atlanta Dream,Angel Reese,,PR,OVER,34.5,296,DraftKings,draftkings,player_points_rebounds_alternate,the-odds-api,2026-08-22T21:39:40.815253+00:00
2026-08-22,c51758bb72914739b6e6cc2d16ed0882,Atlanta Dream @ Phoenix Mercury,2026-08-23T02:00:00Z,Phoenix Mercury,Atlanta Dream,Angel Reese,,PR,OVER,39.5,820,DraftKings,draftkings,player_points_rebounds_alternate,the-odds-api,2026-08-22T21:39:40.815253+00:00
2026-08-22,c51758bb72914739b6e6cc2d16ed0882,Atlanta Dream @ Phoenix Mercury,2026-08-23T02:00:00Z,Phoenix Mercury,Atlanta Dream,Kahleah Copper,,PR,OVER,14.5,-930,DraftKings,draftkings,player_points_rebounds_alternate,the-odds-api,2026-08-22T21:39:40.815253+00:00
2026-08-22,c51758bb72914739b6e6cc2d16ed0882,Atlanta Dream @ Phoenix Mercury,2026-08-23T02:00:00Z,Phoenix Mercury,Atlanta Dream,Kahleah Copper,,PR,OVER,19.5,-239,DraftKings,draftkings,player_points_rebounds_alternate,the-odds-api,2026-08-22T21:39:40.815253+00:00
2026-08-22,c51758bb72914739b6e6cc2d16ed0882,Atlanta Dream @ Phoenix Mercury,2026-08-23T02:00:00Z,Phoenix Mercury,Atlanta Dream,Kahleah Copper,,PR,OVER,22.5,-126,DraftKings,draftkings,player_points_rebounds_alternate,the-odds-api,2026-08-22T21:39:40.815253+00:00
2026-08-22,c51758bb72914739b6e6cc2d16ed0882,Atlanta Dream @ Phoenix Mercury,2026-08-23T02:00:00Z,Phoenix Mercury,Atlanta Dream,Kahleah Copper,,PR,OVER,24.5,119,DraftKings,draftkings,player_points_rebounds_alternate,the-odds-api,2026-08-22T21:39:40.815253+00:00
2026-08-22,c51758bb72914739b6e6cc2d16ed0882,Atlanta Dream @ Phoenix Mercury,2026-08-23T02:00:00Z,Phoenix Mercury,Atlanta Dream,Kahleah Copper,,PR,OVER,29.5,301,DraftKings,draftkings,player_points_rebounds_alternate,the-odds-api,2026-08-22T21:39:40.815253+00:00
2026-08-22,c51758bb72914739b6e6cc2d16ed0882,Atlanta Dream @ Phoenix Mercury,2026-08-23T02:00:00Z,Phoenix Mercury,Atlanta Dream,Kahleah Copper,,PR,OVER,34.5,730,DraftKings,draftkings,player_points_rebounds_alternate,the-odds-api,2026-08-22T21:39:40.815253+00:00
2026-08-22,c51758bb72914739b6e6cc2d16ed0882,Atlanta Dream @ Phoenix Mercury,2026-08-23T02:00:00Z,Phoenix Mercury,Atlanta Dream,Alyssa Thomas,,PR,OVER,14.5,-1160,DraftKings,draftkings,player_points_rebounds_alternate,the-odds-api,2026-08-22T21:39:40.815253+00:00
2026-08-22,c51758bb72914739b6e6cc2d16ed0882,Atlanta Dream @ Phoenix Mercury,2026-08-23T02:00:00Z,Phoenix Mercury,Atlanta Dream,Alyssa Thomas,,PR,OVER,19.5,-262,DraftKings,draftkings,player_points_rebounds_alternate,the-odds-api,2026-08-22T21:39:40.815253+00:00
2026-08-22,c51758bb72914739b6e6cc2d16ed0882,Atlanta Dream @ Phoenix Mercury,2026-08-23T02:00:00Z,Phoenix Mercury,Atlanta Dream,Alyssa Thomas,,PR,OVER,23.5,-107,DraftKings,draftkings,player_points_rebounds_alternate,the-odds-api,2026-08-22T21:39:40.815253+00:00
2026-08-22,c51758bb72914739b6e6cc2d16ed0882,Atlanta Dream @ Phoenix Mercury,2026-08-23T02:00:00Z,Phoenix Mercury,Atlanta Dream,Alyssa Thomas,,PR,OVER,24.5,115,DraftKings,draftkings,player_points_rebounds_alternate,the-odds-api,2026-08-22T21:39:40.815253+00:00
2026-08-22,c51758bb72914739b6e6cc2d16ed0882,Atlanta Dream @ Phoenix Mercury,2026-08-23T02:00:00Z,Phoenix Mercury,Atlanta Dream,Alyssa Thomas,,PR,OVER,29.5,322,DraftKings,draftkings,player_points_rebounds_alternate,the-odds-api,2026-08-22T21:39:40.815253+00:00
2026-08-22,c51758bb72914739b6e6cc2d16ed0882,Atlanta Dream @ Phoenix Mercury,2026-08-23T02:00:00Z,Phoenix Mercury,Atlanta Dream,Alyssa Thomas,,PR,OVER,34.5,880,DraftKings,draftkings,player_points_rebounds_alternate,the-odds-api,2026-08-22T21:39:40.815253+00:00
2026-08-22,c51758bb72914739b6e6cc2d16ed0882,Atlanta Dream @ Phoenix Mercury,2026-08-23T02:00:00Z,Phoenix Mercury,Atlanta Dream,Rhyne Howard,,PR,OVER,14.5,-850,DraftKings,draftkings,player_points_rebounds_alternate,the-odds-api,2026-08-22T21:39:40.815253+00:00
2026-08-22,c51758bb72914739b6e6cc2d16ed0882,Atlanta Dream @ Phoenix Mercury,2026-08-23T02:00:00Z,Phoenix Mercury,Atlanta Dream,Rhyne Howard,,PR,OVER,19.5,-222,DraftKings,draftkings,player_points_rebounds_alternate,the-odds-api,2026-08-22T21:39:40.815253+00:00
2026-08-22,c51758bb72914739b6e6cc2d16ed0882,Atlanta Dream @ Phoenix Mercury,2026-08-23T02:00:00Z,Phoenix Mercury,Atlanta Dream,Rhyne Howard,,PR,OVER,22.5,-116,DraftKings,draftkings,player_points_rebounds_alternate,the-odds-api,2026-08-22T21:39:40.815253+00:00
2026-08-22,c51758bb72914739b6e6cc2d16ed0882,Atlanta Dream @ Phoenix Mercury,2026-08-23T02:00:00Z,Phoenix Mercury,Atlanta Dream,Rhyne Howard,,PR,OVER,24.5,131,DraftKings,draftkings,player_points_rebounds_alternate,the-odds-api,2026-08-22T21:39:40.815253+00:00
2026-08-22,c51758bb72914739b6e6cc2d16ed0882,Atlanta Dream @ Phoenix Mercury,2026-08-23T02:00:00Z,Phoenix Mercury,Atlanta Dream,Rhyne Howard,,PR,OVER,29.5,359,DraftKings,draftkings,player_points_rebounds_alternate,the-odds-api,2026-08-22T21:39:40.815253+00:00
2026-08-22,c51758bb72914739b6e6cc2d16ed0882,Atlanta Dream @ Phoenix Mercury,2026-08-23T02:00:00Z,Phoenix Mercury,Atlanta Dream,Rhyne Howard,,PR,OVER,34.5,960,DraftKings,draftkings,player_points_rebounds_alternate,the-odds-api,2026-08-22T21:39:40.815253+00:00
2026-08-22,c51758bb72914739b6e6cc2d16ed0882,Atlanta Dream @ Phoenix Mercury,2026-08-23T02:00:00Z,Phoenix Mercury,Atlanta Dream,Allisha Gray,,PR,OVER,14.5,-890,DraftKings,draftkings,player_points_rebounds_alternate,the-odds-api,2026-08-22T21:39:40.815253+00:00
2026-08-22,c51758bb72914739b6e6cc2d16ed0882,Atlanta Dream @ Phoenix Mercury,2026-08-23T02:00:00Z,Phoenix Mercury,Atlanta Dream,Allisha Gray,,PR,OVER,19.5,-225,DraftKings,draftkings,player_points_rebounds_alternate,the-odds-api,2026-08-22T21:39:40.815253+00:00
2026-08-22,c51758bb72914739b6e6cc2d16ed0882,Atlanta Dream @ Phoenix Mercury,2026-08-23T02:00:00Z,Phoenix Mercury,Atlanta Dream,Allisha Gray,,PR,OVER,22.5,-111,DraftKings,draftkings,player_points_rebounds_alternate,the-odds-api,2026-08-22T21:39:40.815253+00:00
2026-08-22,c51758bb72914739b6e6cc2d16ed0882,Atlanta Dream @ Phoenix Mercury,2026-08-23T02:00:00Z,Phoenix Mercury,Atlanta Dream,Allisha Gray,,PR,OVER,24.5,136,DraftKings,draftkings,player_points_rebounds_alternate,the-odds-api,2026-08-22T21:39:40.815253+00:00
2026-08-22,c51758bb72914739b6e6cc2d16ed0882,Atlanta Dream @ Phoenix Mercury,2026-08-23T02:00:00Z,Phoenix Mercury,Atlanta Dream,Allisha Gray,,PR,OVER,29.5,391,DraftKings,draftkings,player_points_rebounds_alternate,the-odds-api,2026-08-22T21:39:40.815253+00:00
2026-08-22,c51758bb72914739b6e6cc2d16ed0882,Atlanta Dream @ Phoenix Mercury,2026-08-23T02:00:00Z,Phoenix Mercury,Atlanta Dream,Allisha Gray,,PR,OVER,34.5,1080,DraftKings,draftkings,player_points_rebounds_alternate,the-odds-api,2026-08-22T21:39:40.815253+00:00
2026-08-22,c51758bb72914739b6e6cc2d16ed0882,Atlanta Dream @ Phoenix Mercury,2026-08-23T02:00:00Z,Phoenix Mercury,Atlanta Dream,DeWanna Bonner,,PR,OVER,9.5,-2300,DraftKings,draftkings,player_points_rebounds_alternate,the-odds-api,2026-08-22T21:39:40.815253+00:00
2026-08-22,c51758bb72914739b6e6cc2d16ed0882,Atlanta Dream @ Phoenix Mercury,2026-08-23T02:00:00Z,Phoenix Mercury,Atlanta Dream,DeWanna Bonner,,PR,OVER,14.5,-302,DraftKings,draftkings,player_points_rebounds_alternate,the-odds-api,2026-08-22T21:39:40.815253+00:00
2026-08-22,c51758bb72914739b6e6cc2d16ed0882,Atlanta Dream @ Phoenix Mercury,2026-08-23T02:00:00Z,Phoenix Mercury,Atlanta Dream,DeWanna Bonner,,PR,OVER,18.5,-105,DraftKings,draftkings,player_points_rebounds_alternate,the-odds-api,2026-08-22T21:39:40.815253+00:00
2026-08-22,c51758bb72914739b6e6cc2d16ed0882,Atlanta Dream @ Phoenix Mercury,2026-08-23T02:00:00Z,Phoenix Mercury,Atlanta Dream,DeWanna Bonner,,PR,OVER,19.5,120,DraftKings,draftkings,player_points_rebounds_alternate,the-odds-api,2026-08-22T21:39:40.815253+00:00
2026-08-22,c51758bb72914739b6e6cc2d16ed0882,Atlanta Dream @ Phoenix Mercury,2026-08-23T02:00:00Z,Phoenix Mercury,Atlanta Dream,DeWanna Bonner,,PR,OVER,24.5,373,DraftKings,draftkings,player_points_rebounds_alternate,the-odds-api,2026-08-22T21:39:40.815253+00:00
2026-08-22,c51758bb72914739b6e6cc2d16ed0882,Atlanta Dream @ Phoenix Mercury,2026-08-23T02:00:00Z,Phoenix Mercury,Atlanta Dream,DeWanna Bonner,,PR,OVER,29.5,1100,DraftKings,draftkings,player_points_rebounds_alternate,the-odds-api,2026-08-22T21:39:40.815253+00:00
2026-08-22,c51758bb72914739b6e6cc2d16ed0882,Atlanta Dream @ Phoenix Mercury,2026-08-23T02:00:00Z,Phoenix Mercury,Atlanta Dream,Kelsey Plum,,PR,OVER,9.5,-1020,DraftKings,draftkings,player_points_rebounds_alternate,the-odds-api,2026-08-22T21:39:40.815253+00:00
2026-08-22,c51758bb72914739b6e6cc2d16ed0882,Atlanta Dream @ Phoenix Mercury,2026-08-23T02:00:00Z,Phoenix Mercury,Atlanta Dream,Kelsey Plum,,PR,OVER,14.5,-185,DraftKings,draftkings,player_points_rebounds_alternate,the-odds-api,2026-08-22T21:39:40.815253+00:00
2026-08-22,c51758bb72914739b6e6cc2d16ed0882,Atlanta Dream @ Phoenix Mercury,2026-08-23T02:00:00Z,Phoenix Mercury,Atlanta Dream,Kelsey Plum,,PR,OVER,16.5,-109,DraftKings,draftkings,player_points_rebounds_alternate,the-odds-api,2026-08-22T21:39:40.815253+00:00
2026-08-22,c51758bb72914739b6e6cc2d16ed0882,Atlanta Dream @ Phoenix Mercury,2026-08-23T02:00:00Z,Phoenix Mercury,Atlanta Dream,Kelsey Plum,,PR,OVER,19.5,191,DraftKings,draftkings,player_points_rebounds_alternate,the-odds-api,2026-08-22T21:39:40.815253+00:00
2026-08-22,c51758bb72914739b6e6cc2d16ed0882,Atlanta Dream @ Phoenix Mercury,2026-08-23T02:00:00Z,Phoenix Mercury,Atlanta Dream,Kelsey Plum,,PR,OVER,24.5,590,DraftKings,draftkings,player_points_rebounds_alternate,the-odds-api,2026-08-22T21:39:40.815253+00:00
2026-08-22,c51758bb72914739b6e6cc2d16ed0882,Atlanta Dream @ Phoenix Mercury,2026-08-23T02:00:00Z,Phoenix Mercury,Atlanta Dream,Kelsey Plum,,PR,OVER,29.5,1640,DraftKings,draftkings,player_points_rebounds_alternate,the-odds-api,2026-08-22T21:39:40.815253+00:00
2026-08-22,c51758bb72914739b6e6cc2d16ed0882,Atlanta Dream @ Phoenix Mercury,2026-08-23T02:00:00Z,Phoenix Mercury,Atlanta Dream,Jordin Canada,,PR,OVER,9.5,-630,DraftKings,draftkings,player_points_rebounds_alternate,the-odds-api,2026-08-22T21:39:40.815253+00:00
2026-08-22,c51758bb72914739b6e6cc2d16ed0882,Atlanta Dream @ Phoenix Mercury,2026-08-23T02:00:00Z,Phoenix Mercury,Atlanta Dream,Jordin Canada,,PR,OVER,14.5,-117,DraftKings,draftkings,player_points_rebounds_alternate,the-odds-api,2026-08-22T21:39:40.815253+00:00
2026-08-22,c51758bb72914739b6e6cc2d16ed0882,Atlanta Dream @ Phoenix Mercury,2026-08-23T02:00:00Z,Phoenix Mercury,Atlanta Dream,Jordin Canada,,PR,OVER,19.5,324,DraftKings,draftkings,player_points_rebounds_alternate,the-odds-api,2026-08-22T21:39:40.815253+00:00
2026-08-22,c51758bb72914739b6e6cc2d16ed0882,Atlanta Dream @ Phoenix Mercury,2026-08-23T02:00:00Z,Phoenix Mercury,Atlanta Dream,Jordin Canada,,PR,OVER,24.5,1120,DraftKings,draftkings,player_points_rebounds_alternate,the-odds-api,2026-08-22T21:39:40.815253+00:00
2026-08-22,c51758bb72914739b6e6cc2d16ed0882,Atlanta Dream @ Phoenix Mercury,2026-08-23T02:00:00Z,Phoenix Mercury,Atlanta Dream,Naz Hillmon,,PR,OVER,9.5,-518,DraftKings,draftkings,player_points_rebounds_alternate,the-odds-api,2026-08-22T21:39:40.815253+00:00
2026-08-22,c51758bb72914739b6e6cc2d16ed0882,Atlanta Dream @ Phoenix Mercury,2026-08-23T02:00:00Z,Phoenix Mercury,Atlanta Dream,Naz Hillmon,,PR,OVER,13.5,-127,DraftKings,draftkings,player_points_rebounds_alternate,the-odds-api,2026-08-22T21:39:40.815253+00:00
2026-08-22,c51758bb72914739b6e6cc2d16ed0882,Atlanta Dream @ Phoenix Mercury,2026-08-23T02:00:00Z,Phoenix Mercury,Atlanta Dream,Naz Hillmon,,PR,OVER,14.5,106,DraftKings,draftkings,player_points_rebounds_alternate,the-odds-api,2026-08-22T21:39:40.815253+00:00
2026-08-22,c51758bb72914739b6e6cc2d16ed0882,Atlanta Dream @ Phoenix Mercury,2026-08-23T02:00:00Z,Phoenix Mercury,Atlanta Dream,Naz Hillmon,,PR,OVER,19.5,419,DraftKings,draftkings,player_points_rebounds_alternate,the-odds-api,2026-08-22T21:39:40.815253+00:00
2026-08-22,c51758bb72914739b6e6cc2d16ed0882,Atlanta Dream @ Phoenix Mercury,2026-08-23T02:00:00Z,Phoenix Mercury,Atlanta Dream,Naz Hillmon,,PR,OVER,24.5,1520,DraftKings,draftkings,player_points_rebounds_alternate,the-odds-api,2026-08-22T21:39:40.815253+00:00
2026-08-22,c51758bb72914739b6e6cc2d16ed0882,Atlanta Dream @ Phoenix Mercury,2026-08-23T02:00:00Z,Phoenix Mercury,Atlanta Dream,Angel Reese,,PRA,OVER,24.5,-710,DraftKings,draftkings,player_points_rebounds_assists_alternate,the-odds-api,2026-08-22T21:39:40.815253+00:00
2026-08-22,c51758bb72914739b6e6cc2d16ed0882,Atlanta Dream @ Phoenix Mercury,2026-08-23T02:00:00Z,Phoenix Mercury,Atlanta Dream,Angel Reese,,PRA,OVER,29.5,-204,DraftKings,draftkings,player_points_rebounds_assists_alternate,the-odds-api,2026-08-22T21:39:40.815253+00:00
2026-08-22,c51758bb72914739b6e6cc2d16ed0882,Atlanta Dream @ Phoenix Mercury,2026-08-23T02:00:00Z,Phoenix Mercury,Atlanta Dream,Angel Reese,,PRA,OVER,32.5,-109,DraftKings,draftkings,player_points_rebounds_assists_alternate,the-odds-api,2026-08-22T21:39:40.815253+00:00
2026-08-22,c51758bb72914739b6e6cc2d16ed0882,Atlanta Dream @ Phoenix Mercury,2026-08-23T02:00:00Z,Phoenix Mercury,Atlanta Dream,Angel Reese,,PRA,OVER,34.5,138,DraftKings,draftkings,player_points_rebounds_assists_alternate,the-odds-api,2026-08-22T21:39:40.815253+00:00
2026-08-22,c51758bb72914739b6e6cc2d16ed0882,Atlanta Dream @ Phoenix Mercury,2026-08-23T02:00:00Z,Phoenix Mercury,Atlanta Dream,Angel Reese,,PRA,OVER,39.5,386,DraftKings,draftkings,player_points_rebounds_assists_alternate,the-odds-api,2026-08-22T21:39:40.815253+00:00
2026-08-22,c51758bb72914739b6e6cc2d16ed0882,Atlanta Dream @ Phoenix Mercury,2026-08-23T02:00:00Z,Phoenix Mercury,Atlanta Dream,Angel Reese,,PRA,OVER,44.5,1040,DraftKings,draftkings,player_points_rebounds_assists_alternate,the-odds-api,2026-08-22T21:39:40.815253+00:00
2026-08-22,c51758bb72914739b6e6cc2d16ed0882,Atlanta Dream @ Phoenix Mercury,2026-08-23T02:00:00Z,Phoenix Mercury,Atlanta Dream,Alyssa Thomas,,PRA,OVER,19.5,-1660,DraftKings,draftkings,player_points_rebounds_assists_alternate,the-odds-api,2026-08-22T21:39:40.815253+00:00
2026-08-22,c51758bb72914739b6e6cc2d16ed0882,Atlanta Dream @ Phoenix Mercury,2026-08-23T02:00:00Z,Phoenix Mercury,Atlanta Dream,Alyssa Thomas,,PRA,OVER,24.5,-421,DraftKings,draftkings,player_points_rebounds_assists_alternate,the-odds-api,2026-08-22T21:39:40.815253+00:00
2026-08-22,c51758bb72914739b6e6cc2d16ed0882,Atlanta Dream @ Phoenix Mercury,2026-08-23T02:00:00Z,Phoenix Mercury,Atlanta Dream,Alyssa Thomas,,PRA,OVER,29.5,-147,DraftKings,draftkings,player_points_rebounds_assists_alternate,the-odds-api,2026-08-22T21:39:40.815253+00:00
2026-08-22,c51758bb72914739b6e6cc2d16ed0882,Atlanta Dream @ Phoenix Mercury,2026-08-23T02:00:00Z,Phoenix Mercury,Atlanta Dream,Alyssa Thomas,,PRA,OVER,30.5,-121,DraftKings,draftkings,player_points_rebounds_assists_alternate,the-odds-api,2026-08-22T21:39:40.815253+00:00
2026-08-22,c51758bb72914739b6e6cc2d16ed0882,Atlanta Dream @ Phoenix Mercury,2026-08-23T02:00:00Z,Phoenix Mercury,Atlanta Dream,Alyssa Thomas,,PRA,OVER,34.5,176,DraftKings,draftkings,player_points_rebounds_assists_alternate,the-odds-api,2026-08-22T21:39:40.815253+00:00
2026-08-22,c51758bb72914739b6e6cc2d16ed0882,Atlanta Dream @ Phoenix Mercury,2026-08-23T02:00:00Z,Phoenix Mercury,Atlanta Dream,Alyssa Thomas,,PRA,OVER,39.5,455,DraftKings,draftkings,player_points_rebounds_assists_alternate,the-odds-api,2026-08-22T21:39:40.815253+00:00
2026-08-22,c51758bb72914739b6e6cc2d16ed0882,Atlanta Dream @ Phoenix Mercury,2026-08-23T02:00:00Z,Phoenix Mercury,Atlanta Dream,Alyssa Thomas,,PRA,OVER,44.5,1180,DraftKings,draftkings,player_points_rebounds_assists_alternate,the-odds-api,2026-08-22T21:39:40.815253+00:00
2026-08-22,c51758bb72914739b6e6cc2d16ed0882,Atlanta Dream @ Phoenix Mercury,2026-08-23T02:00:00Z,Phoenix Mercury,Atlanta Dream,Kahleah Copper,,PRA,OVER,14.5,-1940,DraftKings,draftkings,player_points_rebounds_assists_alternate,the-odds-api,2026-08-22T21:39:40.815253+00:00
2026-08-22,c51758bb72914739b6e6cc2d16ed0882,Atlanta Dream @ Phoenix Mercury,2026-08-23T02:00:00Z,Phoenix Mercury,Atlanta Dream,Kahleah Copper,,PRA,OVER,19.5,-421,DraftKings,draftkings,player_points_rebounds_assists_alternate,the-odds-api,2026-08-22T21:39:40.815253+00:00
2026-08-22,c51758bb72914739b6e6cc2d16ed0882,Atlanta Dream @ Phoenix Mercury,2026-08-23T02:00:00Z,Phoenix Mercury,Atlanta Dream,Kahleah Copper,,PRA,OVER,24.5,-137,DraftKings,draftkings,player_points_rebounds_assists_alternate,the-odds-api,2026-08-22T21:39:40.815253+00:00
2026-08-22,c51758bb72914739b6e6cc2d16ed0882,Atlanta Dream @ Phoenix Mercury,2026-08-23T02:00:00Z,Phoenix Mercury,Atlanta Dream,Kahleah Copper,,PRA,OVER,25.5,-113,DraftKings,draftkings,player_points_rebounds_assists_alternate,the-odds-api,2026-08-22T21:39:40.815253+00:00
2026-08-22,c51758bb72914739b6e6cc2d16ed0882,Atlanta Dream @ Phoenix Mercury,2026-08-23T02:00:00Z,Phoenix Mercury,Atlanta Dream,Kahleah Copper,,PRA,OVER,29.5,189,DraftKings,draftkings,player_points_rebounds_assists_alternate,the-odds-api,2026-08-22T21:39:40.815253+00:00
2026-08-22,c51758bb72914739b6e6cc2d16ed0882,Atlanta Dream @ Phoenix Mercury,2026-08-23T02:00:00Z,Phoenix Mercury,Atlanta Dream,Kahleah Copper,,PRA,OVER,34.5,463,DraftKings,draftkings,player_points_rebounds_assists_alternate,the-odds-api,2026-08-22T21:39:40.815253+00:00
2026-08-22,c51758bb72914739b6e6cc2d16ed0882,Atlanta Dream @ Phoenix Mercury,2026-08-23T02:00:00Z,Phoenix Mercury,Atlanta Dream,Kahleah Copper,,PRA,OVER,39.5,1080,DraftKings,draftkings,player_points_rebounds_assists_alternate,the-odds-api,2026-08-22T21:39:40.815253+00:00
2026-08-22,c51758bb72914739b6e6cc2d16ed0882,Atlanta Dream @ Phoenix Mercury,2026-08-23T02:00:00Z,Phoenix Mercury,Atlanta Dream,Rhyne Howard,,PRA,OVER,19.5,-573,DraftKings,draftkings,player_points_rebounds_assists_alternate,the-odds-api,2026-08-22T21:39:40.815253+00:00
2026-08-22,c51758bb72914739b6e6cc2d16ed0882,Atlanta Dream @ Phoenix Mercury,2026-08-23T02:00:00Z,Phoenix Mercury,Atlanta Dream,Rhyne Howard,,PRA,OVER,24.5,-176,DraftKings,draftkings,player_points_rebounds_assists_alternate,the-odds-api,2026-08-22T21:39:40.815253+00:00
2026-08-22,c51758bb72914739b6e6cc2d16ed0882,Atlanta Dream @ Phoenix Mercury,2026-08-23T02:00:00Z,Phoenix Mercury,Atlanta Dream,Rhyne Howard,,PRA,OVER,26.5,-116,DraftKings,draftkings,player_points_rebounds_assists_alternate,the-odds-api,2026-08-22T21:39:40.815253+00:00
2026-08-22,c51758bb72914739b6e6cc2d16ed0882,Atlanta Dream @ Phoenix Mercury,2026-08-23T02:00:00Z,Phoenix Mercury,Atlanta Dream,Rhyne Howard,,PRA,OVER,29.5,157,DraftKings,draftkings,player_points_rebounds_assists_alternate,the-odds-api,2026-08-22T21:39:40.815253+00:00
2026-08-22,c51758bb72914739b6e6cc2d16ed0882,Atlanta Dream @ Phoenix Mercury,2026-08-23T02:00:00Z,Phoenix Mercury,Atlanta Dream,Rhyne Howard,,PRA,OVER,34.5,414,DraftKings,draftkings,player_points_rebounds_assists_alternate,the-odds-api,2026-08-22T21:39:40.815253+00:00
2026-08-22,c51758bb72914739b6e6cc2d16ed0882,Atlanta Dream @ Phoenix Mercury,2026-08-23T02:00:00Z,Phoenix Mercury,Atlanta Dream,Rhyne Howard,,PRA,OVER,39.5,1080,DraftKings,draftkings,player_points_rebounds_assists_alternate,the-odds-api,2026-08-22T21:39:40.815253+00:00
2026-08-22,c51758bb72914739b6e6cc2d16ed0882,Atlanta Dream @ Phoenix Mercury,2026-08-23T02:00:00Z,Phoenix Mercury,Atlanta Dream,Allisha Gray,,PRA,OVER,14.5,-2200,DraftKings,draftkings,player_points_rebounds_assists_alternate,the-odds-api,2026-08-22T21:39:40.815253+00:00
2026-08-22,c51758bb72914739b6e6cc2d16ed0882,Atlanta Dream @ Phoenix Mercury,2026-08-23T02:00:00Z,Phoenix Mercury,Atlanta Dream,Allisha Gray,,PRA,OVER,19.5,-439,DraftKings,draftkings,player_points_rebounds_assists_alternate,the-odds-api,2026-08-22T21:39:40.815253+00:00
2026-08-22,c51758bb72914739b6e6cc2d16ed0882,Atlanta Dream @ Phoenix Mercury,2026-08-23T02:00:00Z,Phoenix Mercury,Atlanta Dream,Allisha Gray,,PRA,OVER,24.5,-133,DraftKings,draftkings,player_points_rebounds_assists_alternate,the-odds-api,2026-08-22T21:39:40.815253+00:00
2026-08-22,c51758bb72914739b6e6cc2d16ed0882,Atlanta Dream @ Phoenix Mercury,2026-08-23T02:00:00Z,Phoenix Mercury,Atlanta Dream,Allisha Gray,,PRA,OVER,25.5,-108,DraftKings,draftkings,player_points_rebounds_assists_alternate,the-odds-api,2026-08-22T21:39:40.815253+00:00
2026-08-22,c51758bb72914739b6e6cc2d16ed0882,Atlanta Dream @ Phoenix Mercury,2026-08-23T02:00:00Z,Phoenix Mercury,Atlanta Dream,Allisha Gray,,PRA,OVER,29.5,213,DraftKings,draftkings,player_points_rebounds_assists_alternate,the-odds-api,2026-08-22T21:39:40.815253+00:00
2026-08-22,c51758bb72914739b6e6cc2d16ed0882,Atlanta Dream @ Phoenix Mercury,2026-08-23T02:00:00Z,Phoenix Mercury,Atlanta Dream,Allisha Gray,,PRA,OVER,34.5,600,DraftKings,draftkings,player_points_rebounds_assists_alternate,the-odds-api,2026-08-22T21:39:40.815253+00:00
2026-08-22,c51758bb72914739b6e6cc2d16ed0882,Atlanta Dream @ Phoenix Mercury,2026-08-23T02:00:00Z,Phoenix Mercury,Atlanta Dream,Allisha Gray,,PRA,OVER,39.5,1540,DraftKings,draftkings,player_points_rebounds_assists_alternate,the-odds-api,2026-08-22T21:39:40.815253+00:00
2026-08-22,c51758bb72914739b6e6cc2d16ed0882,Atlanta Dream @ Phoenix Mercury,2026-08-23T02:00:00Z,Phoenix Mercury,Atlanta Dream,Jordin Canada,,PRA,OVER,14.5,-1520,DraftKings,draftkings,player_points_rebounds_assists_alternate,the-odds-api,2026-08-22T21:39:40.815253+00:00
2026-08-22,c51758bb72914739b6e6cc2d16ed0882,Atlanta Dream @ Phoenix Mercury,2026-08-23T02:00:00Z,Phoenix Mercury,Atlanta Dream,Jordin Canada,,PRA,OVER,19.5,-268,DraftKings,draftkings,player_points_rebounds_assists_alternate,the-odds-api,2026-08-22T21:39:40.815253+00:00
2026-08-22,c51758bb72914739b6e6cc2d16ed0882,Atlanta Dream @ Phoenix Mercury,2026-08-23T02:00:00Z,Phoenix Mercury,Atlanta Dream,Jordin Canada,,PRA,OVER,22.5,-118,DraftKings,draftkings,player_points_rebounds_assists_alternate,the-odds-api,2026-08-22T21:39:40.815253+00:00
2026-08-22,c51758bb72914739b6e6cc2d16ed0882,Atlanta Dream @ Phoenix Mercury,2026-08-23T02:00:00Z,Phoenix Mercury,Atlanta Dream,Jordin Canada,,PRA,OVER,24.5,140,DraftKings,draftkings,player_points_rebounds_assists_alternate,the-odds-api,2026-08-22T21:39:40.815253+00:00
2026-08-22,c51758bb72914739b6e6cc2d16ed0882,Atlanta Dream @ Phoenix Mercury,2026-08-23T02:00:00Z,Phoenix Mercury,Atlanta Dream,Jordin Canada,,PRA,OVER,29.5,482,DraftKings,draftkings,player_points_rebounds_assists_alternate,the-odds-api,2026-08-22T21:39:40.815253+00:00
2026-08-22,c51758bb72914739b6e6cc2d16ed0882,Atlanta Dream @ Phoenix Mercury,2026-08-23T02:00:00Z,Phoenix Mercury,Atlanta Dream,Jordin Canada,,PRA,OVER,34.5,1520,DraftKings,draftkings,player_points_rebounds_assists_alternate,the-odds-api,2026-08-22T21:39:40.815253+00:00
2026-08-22,c51758bb72914739b6e6cc2d16ed0882,Atlanta Dream @ Phoenix Mercury,2026-08-23T02:00:00Z,Phoenix Mercury,Atlanta Dream,DeWanna Bonner,,PRA,OVER,14.5,-525,DraftKings,draftkings,player_points_rebounds_assists_alternate,the-odds-api,2026-08-22T21:39:40.815253+00:00
2026-08-22,c51758bb72914739b6e6cc2d16ed0882,Atlanta Dream @ Phoenix Mercury,2026-08-23T02:00:00Z,Phoenix Mercury,Atlanta Dream,DeWanna Bonner,,PRA,OVER,19.5,-131,DraftKings,draftkings,player_points_rebounds_assists_alternate,the-odds-api,2026-08-22T21:39:40.815253+00:00
2026-08-22,c51758bb72914739b6e6cc2d16ed0882,Atlanta Dream @ Phoenix Mercury,2026-08-23T02:00:00Z,Phoenix Mercury,Atlanta Dream,DeWanna Bonner,,PRA,OVER,20.5,-104,DraftKings,draftkings,player_points_rebounds_assists_alternate,the-odds-api,2026-08-22T21:39:40.815253+00:00
2026-08-22,c51758bb72914739b6e6cc2d16ed0882,Atlanta Dream @ Phoenix Mercury,2026-08-23T02:00:00Z,Phoenix Mercury,Atlanta Dream,DeWanna Bonner,,PRA,OVER,24.5,237,DraftKings,draftkings,player_points_rebounds_assists_alternate,the-odds-api,2026-08-22T21:39:40.815253+00:00
2026-08-22,c51758bb72914739b6e6cc2d16ed0882,Atlanta Dream @ Phoenix Mercury,2026-08-23T02:00:00Z,Phoenix Mercury,Atlanta Dream,DeWanna Bonner,,PRA,OVER,29.5,700,DraftKings,draftkings,player_points_rebounds_assists_alternate,the-odds-api,2026-08-22T21:39:40.815253+00:00
2026-08-22,c51758bb72914739b6e6cc2d16ed0882,Atlanta Dream @ Phoenix Mercury,2026-08-23T02:00:00Z,Phoenix Mercury,Atlanta Dream,Kelsey Plum,,PRA,OVER,14.5,-493,DraftKings,draftkings,player_points_rebounds_assists_alternate,the-odds-api,2026-08-22T21:39:40.815253+00:00
2026-08-22,c51758bb72914739b6e6cc2d16ed0882,Atlanta Dream @ Phoenix Mercury,2026-08-23T02:00:00Z,Phoenix Mercury,Atlanta Dream,Kelsey Plum,,PRA,OVER,19.5,-121,DraftKings,draftkings,player_points_rebounds_assists_alternate,the-odds-api,2026-08-22T21:39:40.815253+00:00
2026-08-22,c51758bb72914739b6e6cc2d16ed0882,Atlanta Dream @ Phoenix Mercury,2026-08-23T02:00:00Z,Phoenix Mercury,Atlanta Dream,Kelsey Plum,,PRA,OVER,24.5,264,DraftKings,draftkings,player_points_rebounds_assists_alternate,the-odds-api,2026-08-22T21:39:40.815253+00:00
2026-08-22,c51758bb72914739b6e6cc2d16ed0882,Atlanta Dream @ Phoenix Mercury,2026-08-23T02:00:00Z,Phoenix Mercury,Atlanta Dream,Kelsey Plum,,PRA,OVER,29.5,780,DraftKings,draftkings,player_points_rebounds_assists_alternate,the-odds-api,2026-08-22T21:39:40.815253+00:00
2026-08-22,c51758bb72914739b6e6cc2d16ed0882,Atlanta Dream @ Phoenix Mercury,2026-08-23T02:00:00Z,Phoenix Mercury,Atlanta Dream,Naz Hillmon,,PRA,OVER,9.5,-1040,DraftKings,draftkings,player_points_rebounds_assists_alternate,the-odds-api,2026-08-22T21:39:40.815253+00:00
2026-08-22,c51758bb72914739b6e6cc2d16ed0882,Atlanta Dream @ Phoenix Mercury,2026-08-23T02:00:00Z,Phoenix Mercury,Atlanta Dream,Naz Hillmon,,PRA,OVER,14.5,-154,DraftKings,draftkings,player_points_rebounds_assists_alternate,the-odds-api,2026-08-22T21:39:40.815253+00:00
2026-08-22,c51758bb72914739b6e6cc2d16ed0882,Atlanta Dream @ Phoenix Mercury,2026-08-23T02:00:00Z,Phoenix Mercury,Atlanta Dream,Naz Hillmon,,PRA,OVER,15.5,-114,DraftKings,draftkings,player_points_rebounds_assists_alternate,the-odds-api,2026-08-22T21:39:40.815253+00:00
2026-08-22,c51758bb72914739b6e6cc2d16ed0882,Atlanta Dream @ Phoenix Mercury,2026-08-23T02:00:00Z,Phoenix Mercury,Atlanta Dream,Naz Hillmon,,PRA,OVER,19.5,263,DraftKings,draftkings,player_points_rebounds_assists_alternate,the-odds-api,2026-08-22T21:39:40.815253+00:00
2026-08-22,c51758bb72914739b6e6cc2d16ed0882,Atlanta Dream @ Phoenix Mercury,2026-08-23T02:00:00Z,Phoenix Mercury,Atlanta Dream,Naz Hillmon,,PRA,OVER,24.5,960,DraftKings,draftkings,player_points_rebounds_assists_alternate,the-odds-api,2026-08-22T21:39:40.815253+00:00
2026-08-22,c51758bb72914739b6e6cc2d16ed0882,Atlanta Dream @ Phoenix Mercury,2026-08-23T02:00:00Z,Phoenix Mercury,Atlanta Dream,Angel Reese,,REB,OVER,7.5,-2200,DraftKings,draftkings,player_rebounds_alternate,the-odds-api,2026-08-22T21:39:40.815253+00:00
2026-08-22,c51758bb72914739b6e6cc2d16ed0882,Atlanta Dream @ Phoenix Mercury,2026-08-23T02:00:00Z,Phoenix Mercury,Atlanta Dream,Angel Reese,,REB,OVER,8.5,-940,DraftKings,draftkings,player_rebounds_alternate,the-odds-api,2026-08-22T21:39:40.815253+00:00
2026-08-22,c51758bb72914739b6e6cc2d16ed0882,Atlanta Dream @ Phoenix Mercury,2026-08-23T02:00:00Z,Phoenix Mercury,Atlanta Dream,Angel Reese,,REB,OVER,9.5,-507,DraftKings,draftkings,player_rebounds_alternate,the-odds-api,2026-08-22T21:39:40.815253+00:00
2026-08-22,c51758bb72914739b6e6cc2d16ed0882,Atlanta Dream @ Phoenix Mercury,2026-08-23T02:00:00Z,Phoenix Mercury,Atlanta Dream,Angel Reese,,REB,OVER,10.5,-296,DraftKings,draftkings,player_rebounds_alternate,the-odds-api,2026-08-22T21:39:40.815253+00:00
2026-08-22,c51758bb72914739b6e6cc2d16ed0882,Atlanta Dream @ Phoenix Mercury,2026-08-23T02:00:00Z,Phoenix Mercury,Atlanta Dream,Angel Reese,,REB,OVER,11.5,-181,DraftKings,draftkings,player_rebounds_alternate,the-odds-api,2026-08-22T21:39:40.815253+00:00
2026-08-22,c51758bb72914739b6e6cc2d16ed0882,Atlanta Dream @ Phoenix Mercury,2026-08-23T02:00:00Z,Phoenix Mercury,Atlanta Dream,Angel Reese,,REB,OVER,12.5,-115,DraftKings,draftkings,player_rebounds_alternate,the-odds-api,2026-08-22T21:39:40.815253+00:00
2026-08-22,c51758bb72914739b6e6cc2d16ed0882,Atlanta Dream @ Phoenix Mercury,2026-08-23T02:00:00Z,Phoenix Mercury,Atlanta Dream,Angel Reese,,REB,OVER,13.5,132,DraftKings,draftkings,player_rebounds_alternate,the-odds-api,2026-08-22T21:39:40.815253+00:00
2026-08-22,c51758bb72914739b6e6cc2d16ed0882,Atlanta Dream @ Phoenix Mercury,2026-08-23T02:00:00Z,Phoenix Mercury,Atlanta Dream,Angel Reese,,REB,OVER,14.5,200,DraftKings,draftkings,player_rebounds_alternate,the-odds-api,2026-08-22T21:39:40.815253+00:00
2026-08-22,c51758bb72914739b6e6cc2d16ed0882,Atlanta Dream @ Phoenix Mercury,2026-08-23T02:00:00Z,Phoenix Mercury,Atlanta Dream,Angel Reese,,REB,OVER,15.5,307,DraftKings,draftkings,player_rebounds_alternate,the-odds-api,2026-08-22T21:39:40.815253+00:00
2026-08-22,c51758bb72914739b6e6cc2d16ed0882,Atlanta Dream @ Phoenix Mercury,2026-08-23T02:00:00Z,Phoenix Mercury,Atlanta Dream,Angel Reese,,REB,OVER,16.5,471,DraftKings,draftkings,player_rebounds_alternate,the-odds-api,2026-08-22T21:39:40.815253+00:00
2026-08-22,c51758bb72914739b6e6cc2d16ed0882,Atlanta Dream @ Phoenix Mercury,2026-08-23T02:00:00Z,Phoenix Mercury,Atlanta Dream,Angel Reese,,REB,OVER,17.5,720,DraftKings,draftkings,player_rebounds_alternate,the-odds-api,2026-08-22T21:39:40.815253+00:00
2026-08-22,c51758bb72914739b6e6cc2d16ed0882,Atlanta Dream @ Phoenix Mercury,2026-08-23T02:00:00Z,Phoenix Mercury,Atlanta Dream,Angel Reese,,REB,OVER,18.5,1100,DraftKings,draftkings,player_rebounds_alternate,the-odds-api,2026-08-22T21:39:40.815253+00:00
2026-08-22,c51758bb72914739b6e6cc2d16ed0882,Atlanta Dream @ Phoenix Mercury,2026-08-23T02:00:00Z,Phoenix Mercury,Atlanta Dream,Angel Reese,,REB,OVER,19.5,1600,DraftKings,draftkings,player_rebounds_alternate,the-odds-api,2026-08-22T21:39:40.815253+00:00
2026-08-22,c51758bb72914739b6e6cc2d16ed0882,Atlanta Dream @ Phoenix Mercury,2026-08-23T02:00:00Z,Phoenix Mercury,Atlanta Dream,Alyssa Thomas,,REB,OVER,4.5,-1220,DraftKings,draftkings,player_rebounds_alternate,the-odds-api,2026-08-22T21:39:40.815253+00:00
2026-08-22,c51758bb72914739b6e6cc2d16ed0882,Atlanta Dream @ Phoenix Mercury,2026-08-23T02:00:00Z,Phoenix Mercury,Atlanta Dream,Alyssa Thomas,,REB,OVER,5.5,-539,DraftKings,draftkings,player_rebounds_alternate,the-odds-api,2026-08-22T21:39:40.815253+00:00
2026-08-22,c51758bb72914739b6e6cc2d16ed0882,Atlanta Dream @ Phoenix Mercury,2026-08-23T02:00:00Z,Phoenix Mercury,Atlanta Dream,Alyssa Thomas,,REB,OVER,6.5,-279,DraftKings,draftkings,player_rebounds_alternate,the-odds-api,2026-08-22T21:39:40.815253+00:00
2026-08-22,c51758bb72914739b6e6cc2d16ed0882,Atlanta Dream @ Phoenix Mercury,2026-08-23T02:00:00Z,Phoenix Mercury,Atlanta Dream,Alyssa Thomas,,REB,OVER,7.5,-157,DraftKings,draftkings,player_rebounds_alternate,the-odds-api,2026-08-22T21:39:40.815253+00:00
2026-08-22,c51758bb72914739b6e6cc2d16ed0882,Atlanta Dream @ Phoenix Mercury,2026-08-23T02:00:00Z,Phoenix Mercury,Atlanta Dream,Alyssa Thomas,,REB,OVER,8.5,108,DraftKings,draftkings,player_rebounds_alternate,the-odds-api,2026-08-22T21:39:40.815253+00:00
2026-08-22,c51758bb72914739b6e6cc2d16ed0882,Atlanta Dream @ Phoenix Mercury,2026-08-23T02:00:00Z,Phoenix Mercury,Atlanta Dream,Alyssa Thomas,,REB,OVER,9.5,180,DraftKings,draftkings,player_rebounds_alternate,the-odds-api,2026-08-22T21:39:40.815253+00:00
2026-08-22,c51758bb72914739b6e6cc2d16ed0882,Atlanta Dream @ Phoenix Mercury,2026-08-23T02:00:00Z,Phoenix Mercury,Atlanta Dream,Alyssa Thomas,,REB,OVER,10.5,287,DraftKings,draftkings,player_rebounds_alternate,the-odds-api,2026-08-22T21:39:40.815253+00:00
2026-08-22,c51758bb72914739b6e6cc2d16ed0882,Atlanta Dream @ Phoenix Mercury,2026-08-23T02:00:00Z,Phoenix Mercury,Atlanta Dream,Alyssa Thomas,,REB,OVER,11.5,460,DraftKings,draftkings,player_rebounds_alternate,the-odds-api,2026-08-22T21:39:40.815253+00:00
2026-08-22,c51758bb72914739b6e6cc2d16ed0882,Atlanta Dream @ Phoenix Mercury,2026-08-23T02:00:00Z,Phoenix Mercury,Atlanta Dream,Alyssa Thomas,,REB,OVER,12.5,740,DraftKings,draftkings,player_rebounds_alternate,the-odds-api,2026-08-22T21:39:40.815253+00:00
2026-08-22,c51758bb72914739b6e6cc2d16ed0882,Atlanta Dream @ Phoenix Mercury,2026-08-23T02:00:00Z,Phoenix Mercury,Atlanta Dream,Alyssa Thomas,,REB,OVER,13.5,1120,DraftKings,draftkings,player_rebounds_alternate,the-odds-api,2026-08-22T21:39:40.815253+00:00
2026-08-22,c51758bb72914739b6e6cc2d16ed0882,Atlanta Dream @ Phoenix Mercury,2026-08-23T02:00:00Z,Phoenix Mercury,Atlanta Dream,DeWanna Bonner,,REB,OVER,3.5,-960,DraftKings,draftkings,player_rebounds_alternate,the-odds-api,2026-08-22T21:39:40.815253+00:00
2026-08-22,c51758bb72914739b6e6cc2d16ed0882,Atlanta Dream @ Phoenix Mercury,2026-08-23T02:00:00Z,Phoenix Mercury,Atlanta Dream,DeWanna Bonner,,REB,OVER,4.5,-413,DraftKings,draftkings,player_rebounds_alternate,the-odds-api,2026-08-22T21:39:40.815253+00:00
2026-08-22,c51758bb72914739b6e6cc2d16ed0882,Atlanta Dream @ Phoenix Mercury,2026-08-23T02:00:00Z,Phoenix Mercury,Atlanta Dream,DeWanna Bonner,,REB,OVER,5.5,-212,DraftKings,draftkings,player_rebounds_alternate,the-odds-api,2026-08-22T21:39:40.815253+00:00
2026-08-22,c51758bb72914739b6e6cc2d16ed0882,Atlanta Dream @ Phoenix Mercury,2026-08-23T02:00:00Z,Phoenix Mercury,Atlanta Dream,DeWanna Bonner,,REB,OVER,6.5,-119,DraftKings,draftkings,player_rebounds_alternate,the-odds-api,2026-08-22T21:39:40.815253+00:00
2026-08-22,c51758bb72914739b6e6cc2d16ed0882,Atlanta Dream @ Phoenix Mercury,2026-08-23T02:00:00Z,Phoenix Mercury,Atlanta Dream,DeWanna Bonner,,REB,OVER,7.5,147,DraftKings,draftkings,player_rebounds_alternate,the-odds-api,2026-08-22T21:39:40.815253+00:00
2026-08-22,c51758bb72914739b6e6cc2d16ed0882,Atlanta Dream @ Phoenix Mercury,2026-08-23T02:00:00Z,Phoenix Mercury,Atlanta Dream,DeWanna Bonner,,REB,OVER,8.5,248,DraftKings,draftkings,player_rebounds_alternate,the-odds-api,2026-08-22T21:39:40.815253+00:00
2026-08-22,c51758bb72914739b6e6cc2d16ed0882,Atlanta Dream @ Phoenix Mercury,2026-08-23T02:00:00Z,Phoenix Mercury,Atlanta Dream,DeWanna Bonner,,REB,OVER,9.5,404,DraftKings,draftkings,player_rebounds_alternate,the-odds-api,2026-08-22T21:39:40.815253+00:00
2026-08-22,c51758bb72914739b6e6cc2d16ed0882,Atlanta Dream @ Phoenix Mercury,2026-08-23T02:00:00Z,Phoenix Mercury,Atlanta Dream,DeWanna Bonner,,REB,OVER,10.5,660,DraftKings,draftkings,player_rebounds_alternate,the-odds-api,2026-08-22T21:39:40.815253+00:00
2026-08-22,c51758bb72914739b6e6cc2d16ed0882,Atlanta Dream @ Phoenix Mercury,2026-08-23T02:00:00Z,Phoenix Mercury,Atlanta Dream,DeWanna Bonner,,REB,OVER,11.5,1080,DraftKings,draftkings,player_rebounds_alternate,the-odds-api,2026-08-22T21:39:40.815253+00:00
2026-08-22,c51758bb72914739b6e6cc2d16ed0882,Atlanta Dream @ Phoenix Mercury,2026-08-23T02:00:00Z,Phoenix Mercury,Atlanta Dream,DeWanna Bonner,,REB,OVER,12.5,1580,DraftKings,draftkings,player_rebounds_alternate,the-odds-api,2026-08-22T21:39:40.815253+00:00
2026-08-22,c51758bb72914739b6e6cc2d16ed0882,Atlanta Dream @ Phoenix Mercury,2026-08-23T02:00:00Z,Phoenix Mercury,Atlanta Dream,Natasha Mack,,REB,OVER,2.5,-970,DraftKings,draftkings,player_rebounds_alternate,the-odds-api,2026-08-22T21:39:40.815253+00:00
2026-08-22,c51758bb72914739b6e6cc2d16ed0882,Atlanta Dream @ Phoenix Mercury,2026-08-23T02:00:00Z,Phoenix Mercury,Atlanta Dream,Natasha Mack,,REB,OVER,3.5,-335,DraftKings,draftkings,player_rebounds_alternate,the-odds-api,2026-08-22T21:39:40.815253+00:00
2026-08-22,c51758bb72914739b6e6cc2d16ed0882,Atlanta Dream @ Phoenix Mercury,2026-08-23T02:00:00Z,Phoenix Mercury,Atlanta Dream,Natasha Mack,,REB,OVER,4.5,-152,DraftKings,draftkings,player_rebounds_alternate,the-odds-api,2026-08-22T21:39:40.815253+00:00
2026-08-22,c51758bb72914739b6e6cc2d16ed0882,Atlanta Dream @ Phoenix Mercury,2026-08-23T02:00:00Z,Phoenix Mercury,Atlanta Dream,Natasha Mack,,REB,OVER,5.5,129,DraftKings,draftkings,player_rebounds_alternate,the-odds-api,2026-08-22T21:39:40.815253+00:00
2026-08-22,c51758bb72914739b6e6cc2d16ed0882,Atlanta Dream @ Phoenix Mercury,2026-08-23T02:00:00Z,Phoenix Mercury,Atlanta Dream,Natasha Mack,,REB,OVER,6.5,246,DraftKings,draftkings,player_rebounds_alternate,the-odds-api,2026-08-22T21:39:40.815253+00:00
2026-08-22,c51758bb72914739b6e6cc2d16ed0882,Atlanta Dream @ Phoenix Mercury,2026-08-23T02:00:00Z,Phoenix Mercury,Atlanta Dream,Natasha Mack,,REB,OVER,7.5,446,DraftKings,draftkings,player_rebounds_alternate,the-odds-api,2026-08-22T21:39:40.815253+00:00
2026-08-22,c51758bb72914739b6e6cc2d16ed0882,Atlanta Dream @ Phoenix Mercury,2026-08-23T02:00:00Z,Phoenix Mercury,Atlanta Dream,Natasha Mack,,REB,OVER,8.5,820,DraftKings,draftkings,player_rebounds_alternate,the-odds-api,2026-08-22T21:39:40.815253+00:00
2026-08-22,c51758bb72914739b6e6cc2d16ed0882,Atlanta Dream @ Phoenix Mercury,2026-08-23T02:00:00Z,Phoenix Mercury,Atlanta Dream,Natasha Mack,,REB,OVER,9.5,1360,DraftKings,draftkings,player_rebounds_alternate,the-odds-api,2026-08-22T21:39:40.815253+00:00
2026-08-22,c51758bb72914739b6e6cc2d16ed0882,Atlanta Dream @ Phoenix Mercury,2026-08-23T02:00:00Z,Phoenix Mercury,Atlanta Dream,Naz Hillmon,,REB,OVER,2.5,-900,DraftKings,draftkings,player_rebounds_alternate,the-odds-api,2026-08-22T21:39:40.815253+00:00
2026-08-22,c51758bb72914739b6e6cc2d16ed0882,Atlanta Dream @ Phoenix Mercury,2026-08-23T02:00:00Z,Phoenix Mercury,Atlanta Dream,Naz Hillmon,,REB,OVER,3.5,-314,DraftKings,draftkings,player_rebounds_alternate,the-odds-api,2026-08-22T21:39:40.815253+00:00
2026-08-22,c51758bb72914739b6e6cc2d16ed0882,Atlanta Dream @ Phoenix Mercury,2026-08-23T02:00:00Z,Phoenix Mercury,Atlanta Dream,Naz Hillmon,,REB,OVER,4.5,-143,DraftKings,draftkings,player_rebounds_alternate,the-odds-api,2026-08-22T21:39:40.815253+00:00
2026-08-22,c51758bb72914739b6e6cc2d16ed0882,Atlanta Dream @ Phoenix Mercury,2026-08-23T02:00:00Z,Phoenix Mercury,Atlanta Dream,Naz Hillmon,,REB,OVER,5.5,142,DraftKings,draftkings,player_rebounds_alternate,the-odds-api,2026-08-22T21:39:40.815253+00:00
2026-08-22,c51758bb72914739b6e6cc2d16ed0882,Atlanta Dream @ Phoenix Mercury,2026-08-23T02:00:00Z,Phoenix Mercury,Atlanta Dream,Naz Hillmon,,REB,OVER,6.5,281,DraftKings,draftkings,player_rebounds_alternate,the-odds-api,2026-08-22T21:39:40.815253+00:00
2026-08-22,c51758bb72914739b6e6cc2d16ed0882,Atlanta Dream @ Phoenix Mercury,2026-08-23T02:00:00Z,Phoenix Mercury,Atlanta Dream,Naz Hillmon,,REB,OVER,7.5,538,DraftKings,draftkings,player_rebounds_alternate,the-odds-api,2026-08-22T21:39:40.815253+00:00
2026-08-22,c51758bb72914739b6e6cc2d16ed0882,Atlanta Dream @ Phoenix Mercury,2026-08-23T02:00:00Z,Phoenix Mercury,Atlanta Dream,Naz Hillmon,,REB,OVER,8.5,1000,DraftKings,draftkings,player_rebounds_alternate,the-odds-api,2026-08-22T21:39:40.815253+00:00
2026-08-22,c51758bb72914739b6e6cc2d16ed0882,Atlanta Dream @ Phoenix Mercury,2026-08-23T02:00:00Z,Phoenix Mercury,Atlanta Dream,Naz Hillmon,,REB,OVER,9.5,1700,DraftKings,draftkings,player_rebounds_alternate,the-odds-api,2026-08-22T21:39:40.815253+00:00
2026-08-22,c51758bb72914739b6e6cc2d16ed0882,Atlanta Dream @ Phoenix Mercury,2026-08-23T02:00:00Z,Phoenix Mercury,Atlanta Dream,Madina Okot,,REB,OVER,2.5,-381,DraftKings,draftkings,player_rebounds_alternate,the-odds-api,2026-08-22T21:39:40.815253+00:00
2026-08-22,c51758bb72914739b6e6cc2d16ed0882,Atlanta Dream @ Phoenix Mercury,2026-08-23T02:00:00Z,Phoenix Mercury,Atlanta Dream,Madina Okot,,REB,OVER,3.5,-164,DraftKings,draftkings,player_rebounds_alternate,the-odds-api,2026-08-22T21:39:40.815253+00:00
2026-08-22,c51758bb72914739b6e6cc2d16ed0882,Atlanta Dream @ Phoenix Mercury,2026-08-23T02:00:00Z,Phoenix Mercury,Atlanta Dream,Madina Okot,,REB,OVER,4.5,121,DraftKings,draftkings,player_rebounds_alternate,the-odds-api,2026-08-22T21:39:40.815253+00:00
2026-08-22,c51758bb72914739b6e6cc2d16ed0882,Atlanta Dream @ Phoenix Mercury,2026-08-23T02:00:00Z,Phoenix Mercury,Atlanta Dream,Madina Okot,,REB,OVER,5.5,228,DraftKings,draftkings,player_rebounds_alternate,the-odds-api,2026-08-22T21:39:40.815253+00:00
2026-08-22,c51758bb72914739b6e6cc2d16ed0882,Atlanta Dream @ Phoenix Mercury,2026-08-23T02:00:00Z,Phoenix Mercury,Atlanta Dream,Madina Okot,,REB,OVER,6.5,402,DraftKings,draftkings,player_rebounds_alternate,the-odds-api,2026-08-22T21:39:40.815253+00:00
2026-08-22,c51758bb72914739b6e6cc2d16ed0882,Atlanta Dream @ Phoenix Mercury,2026-08-23T02:00:00Z,Phoenix Mercury,Atlanta Dream,Madina Okot,,REB,OVER,7.5,700,DraftKings,draftkings,player_rebounds_alternate,the-odds-api,2026-08-22T21:39:40.815253+00:00
2026-08-22,c51758bb72914739b6e6cc2d16ed0882,Atlanta Dream @ Phoenix Mercury,2026-08-23T02:00:00Z,Phoenix Mercury,Atlanta Dream,Madina Okot,,REB,OVER,8.5,1140,DraftKings,draftkings,player_rebounds_alternate,the-odds-api,2026-08-22T21:39:40.815253+00:00
2026-08-22,c51758bb72914739b6e6cc2d16ed0882,Atlanta Dream @ Phoenix Mercury,2026-08-23T02:00:00Z,Phoenix Mercury,Atlanta Dream,Rhyne Howard,,REB,OVER,2.5,-346,DraftKings,draftkings,player_rebounds_alternate,the-odds-api,2026-08-22T21:39:40.815253+00:00
2026-08-22,c51758bb72914739b6e6cc2d16ed0882,Atlanta Dream @ Phoenix Mercury,2026-08-23T02:00:00Z,Phoenix Mercury,Atlanta Dream,Rhyne Howard,,REB,OVER,3.5,-142,DraftKings,draftkings,player_rebounds_alternate,the-odds-api,2026-08-22T21:39:40.815253+00:00
2026-08-22,c51758bb72914739b6e6cc2d16ed0882,Atlanta Dream @ Phoenix Mercury,2026-08-23T02:00:00Z,Phoenix Mercury,Atlanta Dream,Rhyne Howard,,REB,OVER,4.5,152,DraftKings,draftkings,player_rebounds_alternate,the-odds-api,2026-08-22T21:39:40.815253+00:00
2026-08-22,c51758bb72914739b6e6cc2d16ed0882,Atlanta Dream @ Phoenix Mercury,2026-08-23T02:00:00Z,Phoenix Mercury,Atlanta Dream,Rhyne Howard,,REB,OVER,5.5,311,DraftKings,draftkings,player_rebounds_alternate,the-odds-api,2026-08-22T21:39:40.815253+00:00
2026-08-22,c51758bb72914739b6e6cc2d16ed0882,Atlanta Dream @ Phoenix Mercury,2026-08-23T02:00:00Z,Phoenix Mercury,Atlanta Dream,Rhyne Howard,,REB,OVER,6.5,620,DraftKings,draftkings,player_rebounds_alternate,the-odds-api,2026-08-22T21:39:40.815253+00:00
2026-08-22,c51758bb72914739b6e6cc2d16ed0882,Atlanta Dream @ Phoenix Mercury,2026-08-23T02:00:00Z,Phoenix Mercury,Atlanta Dream,Rhyne Howard,,REB,OVER,7.5,1160,DraftKings,draftkings,player_rebounds_alternate,the-odds-api,2026-08-22T21:39:40.815253+00:00
2026-08-22,c51758bb72914739b6e6cc2d16ed0882,Atlanta Dream @ Phoenix Mercury,2026-08-23T02:00:00Z,Phoenix Mercury,Atlanta Dream,Kahleah Copper,,REB,OVER,2.5,-226,DraftKings,draftkings,player_rebounds_alternate,the-odds-api,2026-08-22T21:39:40.815253+00:00
2026-08-22,c51758bb72914739b6e6cc2d16ed0882,Atlanta Dream @ Phoenix Mercury,2026-08-23T02:00:00Z,Phoenix Mercury,Atlanta Dream,Kahleah Copper,,REB,OVER,3.5,106,DraftKings,draftkings,player_rebounds_alternate,the-odds-api,2026-08-22T21:39:40.815253+00:00
2026-08-22,c51758bb72914739b6e6cc2d16ed0882,Atlanta Dream @ Phoenix Mercury,2026-08-23T02:00:00Z,Phoenix Mercury,Atlanta Dream,Kahleah Copper,,REB,OVER,4.5,226,DraftKings,draftkings,player_rebounds_alternate,the-odds-api,2026-08-22T21:39:40.815253+00:00
2026-08-22,c51758bb72914739b6e6cc2d16ed0882,Atlanta Dream @ Phoenix Mercury,2026-08-23T02:00:00Z,Phoenix Mercury,Atlanta Dream,Kahleah Copper,,REB,OVER,5.5,471,DraftKings,draftkings,player_rebounds_alternate,the-odds-api,2026-08-22T21:39:40.815253+00:00
2026-08-22,c51758bb72914739b6e6cc2d16ed0882,Atlanta Dream @ Phoenix Mercury,2026-08-23T02:00:00Z,Phoenix Mercury,Atlanta Dream,Kahleah Copper,,REB,OVER,6.5,930,DraftKings,draftkings,player_rebounds_alternate,the-odds-api,2026-08-22T21:39:40.815253+00:00
2026-08-22,c51758bb72914739b6e6cc2d16ed0882,Atlanta Dream @ Phoenix Mercury,2026-08-23T02:00:00Z,Phoenix Mercury,Atlanta Dream,Kahleah Copper,,REB,OVER,7.5,1680,DraftKings,draftkings,player_rebounds_alternate,the-odds-api,2026-08-22T21:39:40.815253+00:00
2026-08-22,c51758bb72914739b6e6cc2d16ed0882,Atlanta Dream @ Phoenix Mercury,2026-08-23T02:00:00Z,Phoenix Mercury,Atlanta Dream,Jordin Canada,,REB,OVER,2.5,-253,DraftKings,draftkings,player_rebounds_alternate,the-odds-api,2026-08-22T21:39:40.815253+00:00
2026-08-22,c51758bb72914739b6e6cc2d16ed0882,Atlanta Dream @ Phoenix Mercury,2026-08-23T02:00:00Z,Phoenix Mercury,Atlanta Dream,Jordin Canada,,REB,OVER,3.5,100,DraftKings,draftkings,player_rebounds_alternate,the-odds-api,2026-08-22T21:39:40.815253+00:00
2026-08-22,c51758bb72914739b6e6cc2d16ed0882,Atlanta Dream @ Phoenix Mercury,2026-08-23T02:00:00Z,Phoenix Mercury,Atlanta Dream,Jordin Canada,,REB,OVER,4.5,226,DraftKings,draftkings,player_rebounds_alternate,the-odds-api,2026-08-22T21:39:40.815253+00:00
2026-08-22,c51758bb72914739b6e6cc2d16ed0882,Atlanta Dream @ Phoenix Mercury,2026-08-23T02:00:00Z,Phoenix Mercury,Atlanta Dream,Jordin Canada,,REB,OVER,5.5,466,DraftKings,draftkings,player_rebounds_alternate,the-odds-api,2026-08-22T21:39:40.815253+00:00
2026-08-22,c51758bb72914739b6e6cc2d16ed0882,Atlanta Dream @ Phoenix Mercury,2026-08-23T02:00:00Z,Phoenix Mercury,Atlanta Dream,Jordin Canada,,REB,OVER,6.5,940,DraftKings,draftkings,player_rebounds_alternate,the-odds-api,2026-08-22T21:39:40.815253+00:00
2026-08-22,c51758bb72914739b6e6cc2d16ed0882,Atlanta Dream @ Phoenix Mercury,2026-08-23T02:00:00Z,Phoenix Mercury,Atlanta Dream,Allisha Gray,,REB,OVER,2.5,-241,DraftKings,draftkings,player_rebounds_alternate,the-odds-api,2026-08-22T21:39:40.815253+00:00
2026-08-22,c51758bb72914739b6e6cc2d16ed0882,Atlanta Dream @ Phoenix Mercury,2026-08-23T02:00:00Z,Phoenix Mercury,Atlanta Dream,Allisha Gray,,REB,OVER,3.5,102,DraftKings,draftkings,player_rebounds_alternate,the-odds-api,2026-08-22T21:39:40.815253+00:00
2026-08-22,c51758bb72914739b6e6cc2d16ed0882,Atlanta Dream @ Phoenix Mercury,2026-08-23T02:00:00Z,Phoenix Mercury,Atlanta Dream,Allisha Gray,,REB,OVER,4.5,222,DraftKings,draftkings,player_rebounds_alternate,the-odds-api,2026-08-22T21:39:40.815253+00:00
2026-08-22,c51758bb72914739b6e6cc2d16ed0882,Atlanta Dream @ Phoenix Mercury,2026-08-23T02:00:00Z,Phoenix Mercury,Atlanta Dream,Allisha Gray,,REB,OVER,5.5,474,DraftKings,draftkings,player_rebounds_alternate,the-odds-api,2026-08-22T21:39:40.815253+00:00
2026-08-22,c51758bb72914739b6e6cc2d16ed0882,Atlanta Dream @ Phoenix Mercury,2026-08-23T02:00:00Z,Phoenix Mercury,Atlanta Dream,Allisha Gray,,REB,OVER,6.5,950,DraftKings,draftkings,player_rebounds_alternate,the-odds-api,2026-08-22T21:39:40.815253+00:00
2026-08-22,c51758bb72914739b6e6cc2d16ed0882,Atlanta Dream @ Phoenix Mercury,2026-08-23T02:00:00Z,Phoenix Mercury,Atlanta Dream,Kelsey Plum,,REB,OVER,2.5,134,DraftKings,draftkings,player_rebounds_alternate,the-odds-api,2026-08-22T21:39:40.815253+00:00
2026-08-22,c51758bb72914739b6e6cc2d16ed0882,Atlanta Dream @ Phoenix Mercury,2026-08-23T02:00:00Z,Phoenix Mercury,Atlanta Dream,Kelsey Plum,,REB,OVER,3.5,342,DraftKings,draftkings,player_rebounds_alternate,the-odds-api,2026-08-22T21:39:40.815253+00:00
2026-08-22,c51758bb72914739b6e6cc2d16ed0882,Atlanta Dream @ Phoenix Mercury,2026-08-23T02:00:00Z,Phoenix Mercury,Atlanta Dream,Kelsey Plum,,REB,OVER,4.5,780,DraftKings,draftkings,player_rebounds_alternate,the-odds-api,2026-08-22T21:39:40.815253+00:00
2026-08-22,c51758bb72914739b6e6cc2d16ed0882,Atlanta Dream @ Phoenix Mercury,2026-08-23T02:00:00Z,Phoenix Mercury,Atlanta Dream,Kelsey Plum,,REB,OVER,5.5,1640,DraftKings,draftkings,player_rebounds_alternate,the-odds-api,2026-08-22T21:39:40.815253+00:00
2026-08-22,c51758bb72914739b6e6cc2d16ed0882,Atlanta Dream @ Phoenix Mercury,2026-08-23T02:00:00Z,Phoenix Mercury,Atlanta Dream,Rhyne Howard,,3PM,OVER,0.5,-8200,DraftKings,draftkings,player_threes_alternate,the-odds-api,2026-08-22T21:39:40.815253+00:00
2026-08-22,c51758bb72914739b6e6cc2d16ed0882,Atlanta Dream @ Phoenix Mercury,2026-08-23T02:00:00Z,Phoenix Mercury,Atlanta Dream,Rhyne Howard,,3PM,OVER,1.5,-660,DraftKings,draftkings,player_threes_alternate,the-odds-api,2026-08-22T21:39:40.815253+00:00
2026-08-22,c51758bb72914739b6e6cc2d16ed0882,Atlanta Dream @ Phoenix Mercury,2026-08-23T02:00:00Z,Phoenix Mercury,Atlanta Dream,Rhyne Howard,,3PM,OVER,2.5,-213,DraftKings,draftkings,player_threes_alternate,the-odds-api,2026-08-22T21:39:40.815253+00:00
2026-08-22,c51758bb72914739b6e6cc2d16ed0882,Atlanta Dream @ Phoenix Mercury,2026-08-23T02:00:00Z,Phoenix Mercury,Atlanta Dream,Rhyne Howard,,3PM,OVER,3.5,112,DraftKings,draftkings,player_threes_alternate,the-odds-api,2026-08-22T21:39:40.815253+00:00
2026-08-22,c51758bb72914739b6e6cc2d16ed0882,Atlanta Dream @ Phoenix Mercury,2026-08-23T02:00:00Z,Phoenix Mercury,Atlanta Dream,Rhyne Howard,,3PM,OVER,4.5,248,DraftKings,draftkings,player_threes_alternate,the-odds-api,2026-08-22T21:39:40.815253+00:00
2026-08-22,c51758bb72914739b6e6cc2d16ed0882,Atlanta Dream @ Phoenix Mercury,2026-08-23T02:00:00Z,Phoenix Mercury,Atlanta Dream,Rhyne Howard,,3PM,OVER,5.5,521,DraftKings,draftkings,player_threes_alternate,the-odds-api,2026-08-22T21:39:40.815253+00:00
2026-08-22,c51758bb72914739b6e6cc2d16ed0882,Atlanta Dream @ Phoenix Mercury,2026-08-23T02:00:00Z,Phoenix Mercury,Atlanta Dream,Rhyne Howard,,3PM,OVER,6.5,1040,DraftKings,draftkings,player_threes_alternate,the-odds-api,2026-08-22T21:39:40.815253+00:00
2026-08-22,c51758bb72914739b6e6cc2d16ed0882,Atlanta Dream @ Phoenix Mercury,2026-08-23T02:00:00Z,Phoenix Mercury,Atlanta Dream,Rhyne Howard,,3PM,OVER,7.5,1860,DraftKings,draftkings,player_threes_alternate,the-odds-api,2026-08-22T21:39:40.815253+00:00
2026-08-22,c51758bb72914739b6e6cc2d16ed0882,Atlanta Dream @ Phoenix Mercury,2026-08-23T02:00:00Z,Phoenix Mercury,Atlanta Dream,Kelsey Plum,,3PM,OVER,0.5,-990,DraftKings,draftkings,player_threes_alternate,the-odds-api,2026-08-22T21:39:40.815253+00:00
2026-08-22,c51758bb72914739b6e6cc2d16ed0882,Atlanta Dream @ Phoenix Mercury,2026-08-23T02:00:00Z,Phoenix Mercury,Atlanta Dream,Kelsey Plum,,3PM,OVER,1.5,-197,DraftKings,draftkings,player_threes_alternate,the-odds-api,2026-08-22T21:39:40.815253+00:00
2026-08-22,c51758bb72914739b6e6cc2d16ed0882,Atlanta Dream @ Phoenix Mercury,2026-08-23T02:00:00Z,Phoenix Mercury,Atlanta Dream,Kelsey Plum,,3PM,OVER,2.5,150,DraftKings,draftkings,player_threes_alternate,the-odds-api,2026-08-22T21:39:40.815253+00:00
2026-08-22,c51758bb72914739b6e6cc2d16ed0882,Atlanta Dream @ Phoenix Mercury,2026-08-23T02:00:00Z,Phoenix Mercury,Atlanta Dream,Kelsey Plum,,3PM,OVER,3.5,382,DraftKings,draftkings,player_threes_alternate,the-odds-api,2026-08-22T21:39:40.815253+00:00
2026-08-22,c51758bb72914739b6e6cc2d16ed0882,Atlanta Dream @ Phoenix Mercury,2026-08-23T02:00:00Z,Phoenix Mercury,Atlanta Dream,Kelsey Plum,,3PM,OVER,4.5,840,DraftKings,draftkings,player_threes_alternate,the-odds-api,2026-08-22T21:39:40.815253+00:00
2026-08-22,c51758bb72914739b6e6cc2d16ed0882,Atlanta Dream @ Phoenix Mercury,2026-08-23T02:00:00Z,Phoenix Mercury,Atlanta Dream,Kelsey Plum,,3PM,OVER,5.5,1720,DraftKings,draftkings,player_threes_alternate,the-odds-api,2026-08-22T21:39:40.815253+00:00
2026-08-22,c51758bb72914739b6e6cc2d16ed0882,Atlanta Dream @ Phoenix Mercury,2026-08-23T02:00:00Z,Phoenix Mercury,Atlanta Dream,Kahleah Copper,,3PM,OVER,0.5,-910,DraftKings,draftkings,player_threes_alternate,the-odds-api,2026-08-22T21:39:40.815253+00:00
2026-08-22,c51758bb72914739b6e6cc2d16ed0882,Atlanta Dream @ Phoenix Mercury,2026-08-23T02:00:00Z,Phoenix Mercury,Atlanta Dream,Kahleah Copper,,3PM,OVER,1.5,-187,DraftKings,draftkings,player_threes_alternate,the-odds-api,2026-08-22T21:39:40.815253+00:00
2026-08-22,c51758bb72914739b6e6cc2d16ed0882,Atlanta Dream @ Phoenix Mercury,2026-08-23T02:00:00Z,Phoenix Mercury,Atlanta Dream,Kahleah Copper,,3PM,OVER,2.5,154,DraftKings,draftkings,player_threes_alternate,the-odds-api,2026-08-22T21:39:40.815253+00:00
2026-08-22,c51758bb72914739b6e6cc2d16ed0882,Atlanta Dream @ Phoenix Mercury,2026-08-23T02:00:00Z,Phoenix Mercury,Atlanta Dream,Kahleah Copper,,3PM,OVER,3.5,386,DraftKings,draftkings,player_threes_alternate,the-odds-api,2026-08-22T21:39:40.815253+00:00
2026-08-22,c51758bb72914739b6e6cc2d16ed0882,Atlanta Dream @ Phoenix Mercury,2026-08-23T02:00:00Z,Phoenix Mercury,Atlanta Dream,Kahleah Copper,,3PM,OVER,4.5,910,DraftKings,draftkings,player_threes_alternate,the-odds-api,2026-08-22T21:39:40.815253+00:00
2026-08-22,c51758bb72914739b6e6cc2d16ed0882,Atlanta Dream @ Phoenix Mercury,2026-08-23T02:00:00Z,Phoenix Mercury,Atlanta Dream,Kahleah Copper,,3PM,OVER,5.5,1780,DraftKings,draftkings,player_threes_alternate,the-odds-api,2026-08-22T21:39:40.815253+00:00
2026-08-22,c51758bb72914739b6e6cc2d16ed0882,Atlanta Dream @ Phoenix Mercury,2026-08-23T02:00:00Z,Phoenix Mercury,Atlanta Dream,Sami Whitcomb,,3PM,OVER,0.5,-760,DraftKings,draftkings,player_threes_alternate,the-odds-api,2026-08-22T21:39:40.815253+00:00
2026-08-22,c51758bb72914739b6e6cc2d16ed0882,Atlanta Dream @ Phoenix Mercury,2026-08-23T02:00:00Z,Phoenix Mercury,Atlanta Dream,Sami Whitcomb,,3PM,OVER,1.5,-163,DraftKings,draftkings,player_threes_alternate,the-odds-api,2026-08-22T21:39:40.815253+00:00
2026-08-22,c51758bb72914739b6e6cc2d16ed0882,Atlanta Dream @ Phoenix Mercury,2026-08-23T02:00:00Z,Phoenix Mercury,Atlanta Dream,Sami Whitcomb,,3PM,OVER,2.5,180,DraftKings,draftkings,player_threes_alternate,the-odds-api,2026-08-22T21:39:40.815253+00:00
2026-08-22,c51758bb72914739b6e6cc2d16ed0882,Atlanta Dream @ Phoenix Mercury,2026-08-23T02:00:00Z,Phoenix Mercury,Atlanta Dream,Sami Whitcomb,,3PM,OVER,3.5,453,DraftKings,draftkings,player_threes_alternate,the-odds-api,2026-08-22T21:39:40.815253+00:00
2026-08-22,c51758bb72914739b6e6cc2d16ed0882,Atlanta Dream @ Phoenix Mercury,2026-08-23T02:00:00Z,Phoenix Mercury,Atlanta Dream,Sami Whitcomb,,3PM,OVER,4.5,1020,DraftKings,draftkings,player_threes_alternate,the-odds-api,2026-08-22T21:39:40.815253+00:00
2026-08-22,c51758bb72914739b6e6cc2d16ed0882,Atlanta Dream @ Phoenix Mercury,2026-08-23T02:00:00Z,Phoenix Mercury,Atlanta Dream,Sami Whitcomb,,3PM,OVER,5.5,2000,DraftKings,draftkings,player_threes_alternate,the-odds-api,2026-08-22T21:39:40.815253+00:00
2026-08-22,c51758bb72914739b6e6cc2d16ed0882,Atlanta Dream @ Phoenix Mercury,2026-08-23T02:00:00Z,Phoenix Mercury,Atlanta Dream,Allisha Gray,,3PM,OVER,0.5,-670,DraftKings,draftkings,player_threes_alternate,the-odds-api,2026-08-22T21:39:40.815253+00:00
2026-08-22,c51758bb72914739b6e6cc2d16ed0882,Atlanta Dream @ Phoenix Mercury,2026-08-23T02:00:00Z,Phoenix Mercury,Atlanta Dream,Allisha Gray,,3PM,OVER,1.5,-140,DraftKings,draftkings,player_threes_alternate,the-odds-api,2026-08-22T21:39:40.815253+00:00
2026-08-22,c51758bb72914739b6e6cc2d16ed0882,Atlanta Dream @ Phoenix Mercury,2026-08-23T02:00:00Z,Phoenix Mercury,Atlanta Dream,Allisha Gray,,3PM,OVER,2.5,209,DraftKings,draftkings,player_threes_alternate,the-odds-api,2026-08-22T21:39:40.815253+00:00
2026-08-22,c51758bb72914739b6e6cc2d16ed0882,Atlanta Dream @ Phoenix Mercury,2026-08-23T02:00:00Z,Phoenix Mercury,Atlanta Dream,Allisha Gray,,3PM,OVER,3.5,545,DraftKings,draftkings,player_threes_alternate,the-odds-api,2026-08-22T21:39:40.815253+00:00
2026-08-22,c51758bb72914739b6e6cc2d16ed0882,Atlanta Dream @ Phoenix Mercury,2026-08-23T02:00:00Z,Phoenix Mercury,Atlanta Dream,Allisha Gray,,3PM,OVER,4.5,1300,DraftKings,draftkings,player_threes_alternate,the-odds-api,2026-08-22T21:39:40.815253+00:00
2026-08-22,c51758bb72914739b6e6cc2d16ed0882,Atlanta Dream @ Phoenix Mercury,2026-08-23T02:00:00Z,Phoenix Mercury,Atlanta Dream,Allisha Gray,,3PM,OVER,5.5,2500,DraftKings,draftkings,player_threes_alternate,the-odds-api,2026-08-22T21:39:40.815253+00:00
2026-08-22,c51758bb72914739b6e6cc2d16ed0882,Atlanta Dream @ Phoenix Mercury,2026-08-23T02:00:00Z,Phoenix Mercury,Atlanta Dream,DeWanna Bonner,,3PM,OVER,0.5,-354,DraftKings,draftkings,player_threes_alternate,the-odds-api,2026-08-22T21:39:40.815253+00:00
2026-08-22,c51758bb72914739b6e6cc2d16ed0882,Atlanta Dream @ Phoenix Mercury,2026-08-23T02:00:00Z,Phoenix Mercury,Atlanta Dream,DeWanna Bonner,,3PM,OVER,1.5,125,DraftKings,draftkings,player_threes_alternate,the-odds-api,2026-08-22T21:39:40.815253+00:00
2026-08-22,c51758bb72914739b6e6cc2d16ed0882,Atlanta Dream @ Phoenix Mercury,2026-08-23T02:00:00Z,Phoenix Mercury,Atlanta Dream,DeWanna Bonner,,3PM,OVER,2.5,385,DraftKings,draftkings,player_threes_alternate,the-odds-api,2026-08-22T21:39:40.815253+00:00
2026-08-22,c51758bb72914739b6e6cc2d16ed0882,Atlanta Dream @ Phoenix Mercury,2026-08-23T02:00:00Z,Phoenix Mercury,Atlanta Dream,DeWanna Bonner,,3PM,OVER,3.5,970,DraftKings,draftkings,player_threes_alternate,the-odds-api,2026-08-22T21:39:40.815253+00:00
2026-08-22,c51758bb72914739b6e6cc2d16ed0882,Atlanta Dream @ Phoenix Mercury,2026-08-23T02:00:00Z,Phoenix Mercury,Atlanta Dream,DeWanna Bonner,,3PM,OVER,4.5,2200,DraftKings,draftkings,player_threes_alternate,the-odds-api,2026-08-22T21:39:40.815253+00:00
2026-08-22,c51758bb72914739b6e6cc2d16ed0882,Atlanta Dream @ Phoenix Mercury,2026-08-23T02:00:00Z,Phoenix Mercury,Atlanta Dream,Naz Hillmon,,3PM,OVER,0.5,-249,DraftKings,draftkings,player_threes_alternate,the-odds-api,2026-08-22T21:39:40.815253+00:00
2026-08-22,c51758bb72914739b6e6cc2d16ed0882,Atlanta Dream @ Phoenix Mercury,2026-08-23T02:00:00Z,Phoenix Mercury,Atlanta Dream,Naz Hillmon,,3PM,OVER,1.5,185,DraftKings,draftkings,player_threes_alternate,the-odds-api,2026-08-22T21:39:40.815253+00:00
2026-08-22,c51758bb72914739b6e6cc2d16ed0882,Atlanta Dream @ Phoenix Mercury,2026-08-23T02:00:00Z,Phoenix Mercury,Atlanta Dream,Naz Hillmon,,3PM,OVER,2.5,600,DraftKings,draftkings,player_threes_alternate,the-odds-api,2026-08-22T21:39:40.815253+00:00
2026-08-22,c51758bb72914739b6e6cc2d16ed0882,Atlanta Dream @ Phoenix Mercury,2026-08-23T02:00:00Z,Phoenix Mercury,Atlanta Dream,Naz Hillmon,,3PM,OVER,3.5,1640,DraftKings,draftkings,player_threes_alternate,the-odds-api,2026-08-22T21:39:40.815253+00:00
2026-08-22,c51758bb72914739b6e6cc2d16ed0882,Atlanta Dream @ Phoenix Mercury,2026-08-23T02:00:00Z,Phoenix Mercury,Atlanta Dream,Jordin Canada,,3PM,OVER,0.5,-169,DraftKings,draftkings,player_threes_alternate,the-odds-api,2026-08-22T21:39:40.815253+00:00
2026-08-22,c51758bb72914739b6e6cc2d16ed0882,Atlanta Dream @ Phoenix Mercury,2026-08-23T02:00:00Z,Phoenix Mercury,Atlanta Dream,Jordin Canada,,3PM,OVER,1.5,271,DraftKings,draftkings,player_threes_alternate,the-odds-api,2026-08-22T21:39:40.815253+00:00
2026-08-22,c51758bb72914739b6e6cc2d16ed0882,Atlanta Dream @ Phoenix Mercury,2026-08-23T02:00:00Z,Phoenix Mercury,Atlanta Dream,Jordin Canada,,3PM,OVER,2.5,910,DraftKings,draftkings,player_threes_alternate,the-odds-api,2026-08-22T21:39:40.815253+00:00
2026-08-22,c51758bb72914739b6e6cc2d16ed0882,Atlanta Dream @ Phoenix Mercury,2026-08-23T02:00:00Z,Phoenix Mercury,Atlanta Dream,Jordin Canada,,3PM,OVER,3.5,2300,DraftKings,draftkings,player_threes_alternate,the-odds-api,2026-08-22T21:39:40.815253+00:00
2026-08-22,c51758bb72914739b6e6cc2d16ed0882,Atlanta Dream @ Phoenix Mercury,2026-08-23T02:00:00Z,Phoenix Mercury,Atlanta Dream,Angel Reese,,3PM,OVER,0.5,178,DraftKings,draftkings,player_threes_alternate,the-odds-api,2026-08-22T21:39:40.815253+00:00
2026-08-22,c51758bb72914739b6e6cc2d16ed0882,Atlanta Dream @ Phoenix Mercury,2026-08-23T02:00:00Z,Phoenix Mercury,Atlanta Dream,Angel Reese,,3PM,OVER,1.5,1020,DraftKings,draftkings,player_threes_alternate,the-odds-api,2026-08-22T21:39:40.815253+00:00
