player,team,opp,pos,stat,season_avg,pred,low,high,range,line,over_price,under_price,yes_price,no_price,edge,signal,conf,model_prob,implied_prob,ev,ev_pct,kelly_frac,injury_status,market_status,is_active,filter_reason,reasoning,game,home_team,away_team,last5_vals,last5_opps,last5_hit,last10_hit,h2h_last5,opp_rank,role_score,minutes_trend,points_trend,intel_source
Allisha Gray,nan,Las Vegas Aces @ Atlanta Dream,nan,3PM,2.4,-1.1,-4.6,2.4,-4.6-2.4,1.5,-131.25,-0.75,,,-2.6,UNDER,HIGH,0.5726,0.0074,75.9193,7591.9,0.05,ACTIVE,ACTIVE MARKET,True,,"v5 intelligence blend from stats.wnba.com+player_intelligence: season + recent form, usage, efficiency, minutes, pace, role score, and price lean. Intelligence: role 97.8, minutes STABLE, points UP.",Las Vegas Aces @ Atlanta Dream,Atlanta Dream,Las Vegas Aces,"[0, 0, 0, 0, 0.2]","[""ATL"", ""CHI"", ""DAL"", ""IND"", ""SEA""]",1.0,1.0,"[0, 0, 0, 0, 0.2]",13,97.8,STABLE,UP,wnba_player_intelligence
Alyssa Thomas,nan,Phoenix Mercury @ Chicago Sky,nan,PTS,14.3,10.6,7.1,14.1,7.1-14.1,14.5,-118.67,-45.67,,,-3.9,UNDER,HIGH,0.6064,0.3135,0.9342,93.4,0.05,ACTIVE,ACTIVE MARKET,True,,"v5 intelligence blend from stats.wnba.com+player_intelligence: season + recent form, usage, efficiency, minutes, pace, role score, and price lean. Intelligence: role 100.0, minutes UP, points STABLE.",Phoenix Mercury @ Chicago Sky,Chicago Sky,Phoenix Mercury,"[11.0, 10.2, 9.2, 12.4, 11.5]","[""ATL"", ""CHI"", ""DAL"", ""IND"", ""SEA""]",1.0,1.0,"[10.6, 9.7, 8.8, 11.9, 11.0]",9,100.0,UP,STABLE,wnba_player_intelligence
Kayla Thornton,nan,Toronto Tempo @ Golden State Valkyries,nan,3PM,2.2,-2.4,-5.9,1.1,-5.9-1.1,1.5,-127.33,-51.75,,,-3.9,UNDER,HIGH,0.6064,0.341,0.7782,77.8,0.05,BENEFICIARY,ACTIVE MARKET,True,Minutes/usage redistributed from unavailable teammates,"v5 intelligence blend from stats.wnba.com+player_intelligence: season + recent form, usage, efficiency, minutes, pace, role score, and price lean. Intelligence: role 82.9, minutes STABLE, points STABLE.",Toronto Tempo @ Golden State Valkyries,Golden State Valkyries,Toronto Tempo,"[0, 0, 0, 0, 0]","[""ATL"", ""CHI"", ""DAL"", ""IND"", ""SEA""]",1.0,1.0,"[0, 0, 0, 0, 0]",12,82.9,STABLE,STABLE,wnba_player_intelligence
Jonquel Jones,nan,Seattle Storm @ New York Liberty,nan,3PM,1.4,-3.1,-6.6,0.4,-6.6-0.4,1.5,-126.0,-55.75,,,-4.6,UNDER,HIGH,0.6246,0.3579,0.745,74.5,0.05,ACTIVE,ACTIVE MARKET,True,,"v5 intelligence blend from stats.wnba.com+player_intelligence: season + recent form, usage, efficiency, minutes, pace, role score, and price lean. Intelligence: role 89.1, minutes STABLE, points STABLE.",Seattle Storm @ New York Liberty,New York Liberty,Seattle Storm,"[0, 0, 0, 0, 0]","[""ATL"", ""CHI"", ""DAL"", ""IND"", ""SEA""]",1.0,1.0,"[0, 0, 0, 0, 0]",5,89.1,STABLE,STABLE,wnba_player_intelligence
Breanna Stewart,nan,Seattle Storm @ New York Liberty,nan,3PM,1.0,-3.0,-6.5,0.5,-6.5-0.5,0.5,-234.0,171.0,,,-3.5,UNDER,HIGH,0.596,0.369,0.6152,61.5,0.05,ACTIVE,ACTIVE MARKET,True,,"v5 intelligence blend from stats.wnba.com+player_intelligence: season + recent form, usage, efficiency, minutes, pace, role score, and price lean. Intelligence: role 100.0, minutes STABLE, points STABLE.",Seattle Storm @ New York Liberty,New York Liberty,Seattle Storm,"[0, 0, 0, 0, 0]","[""ATL"", ""CHI"", ""DAL"", ""IND"", ""SEA""]",1.0,1.0,"[0, 0, 0, 0, 0]",5,100.0,STABLE,STABLE,wnba_player_intelligence
Maria Conde,nan,Toronto Tempo @ Golden State Valkyries,nan,3PM,1.8,-2.6,-6.1,0.9,-6.1-0.9,1.5,-175.0,134.0,,,-4.1,UNDER,HIGH,0.6116,0.4274,0.4311,43.1,0.05,BENEFICIARY,ACTIVE MARKET,True,Minutes/usage redistributed from unavailable teammates,"v5 intelligence blend from stats.wnba.com+player_intelligence: season + recent form, usage, efficiency, minutes, pace, role score, and price lean. Intelligence: role 90.7, minutes STABLE, points STABLE.",Toronto Tempo @ Golden State Valkyries,Golden State Valkyries,Toronto Tempo,"[0, 0, 0, 0, 0]","[""ATL"", ""CHI"", ""DAL"", ""IND"", ""SEA""]",1.0,1.0,"[0, 0, 0, 0, 0]",12,90.7,STABLE,STABLE,wnba_player_intelligence
Jackie Young,nan,Las Vegas Aces @ Atlanta Dream,nan,3PM,1.8,-2.8,-6.3,0.7,-6.3-0.7,1.5,-175.33,130.0,,,-4.3,UNDER,HIGH,0.6168,0.4348,0.4186,41.9,0.05,ACTIVE,ACTIVE MARKET,True,,"v5 intelligence blend from stats.wnba.com+player_intelligence: season + recent form, usage, efficiency, minutes, pace, role score, and price lean. Intelligence: role 94.9, minutes DOWN, points STABLE.",Las Vegas Aces @ Atlanta Dream,Atlanta Dream,Las Vegas Aces,"[0, 0, 0, 0, 0]","[""ATL"", ""CHI"", ""DAL"", ""IND"", ""SEA""]",1.0,1.0,"[0, 0, 0, 0, 0]",13,94.9,DOWN,STABLE,wnba_player_intelligence
A'ja Wilson,nan,Las Vegas Aces @ Atlanta Dream,nan,3PM,1.0,-2.9,-6.4,0.6,-6.4-0.6,0.5,-186.33,138.67,,,-3.4,UNDER,HIGH,0.5934,0.419,0.4163,41.6,0.05,ACTIVE,ACTIVE MARKET,True,,"v5 intelligence blend from stats.wnba.com+player_intelligence: season + recent form, usage, efficiency, minutes, pace, role score, and price lean. Intelligence: role 97.2, minutes STABLE, points UP.",Las Vegas Aces @ Atlanta Dream,Atlanta Dream,Las Vegas Aces,"[0, 0, 0, 0, 0]","[""ATL"", ""CHI"", ""DAL"", ""IND"", ""SEA""]",1.0,1.0,"[0, 0, 0, 0, 0]",13,97.2,STABLE,UP,wnba_player_intelligence
Arike Ogunbowale,nan,Connecticut Sun @ Dallas Wings,nan,3PM,2.2,-1.3,-4.8,2.2,-4.8-2.2,1.5,-194.5,142.5,,,-2.8,UNDER,HIGH,0.5778,0.4124,0.4012,40.1,0.05,ACTIVE,ACTIVE MARKET,True,,"v5 intelligence blend from stats.wnba.com+player_intelligence: season + recent form, usage, efficiency, minutes, pace, role score, and price lean. Intelligence: role 100.0, minutes UP, points UP.",Connecticut Sun @ Dallas Wings,Dallas Wings,Connecticut Sun,"[0, 0, 0, 0.1, 0]","[""ATL"", ""CHI"", ""DAL"", ""IND"", ""SEA""]",1.0,1.0,"[0.1, 0, 0, 0, 0.5]",7,100.0,UP,UP,wnba_player_intelligence
Rhyne Howard,nan,Las Vegas Aces @ Atlanta Dream,nan,3PM,1.8,-3.0,-6.5,0.5,-6.5-0.5,2.5,-147.25,110.75,,,-5.5,UNDER,HIGH,0.648,0.4745,0.3657,36.6,0.05,ACTIVE,ACTIVE MARKET,True,,"v5 intelligence blend from stats.wnba.com+player_intelligence: season + recent form, usage, efficiency, minutes, pace, role score, and price lean. Intelligence: role 100.0, minutes STABLE, points DOWN.",Las Vegas Aces @ Atlanta Dream,Atlanta Dream,Las Vegas Aces,"[0, 0, 0, 0, 0]","[""ATL"", ""CHI"", ""DAL"", ""IND"", ""SEA""]",1.0,1.0,"[0, 0, 0, 0, 0]",13,100.0,STABLE,DOWN,wnba_player_intelligence
Kennedy Burke,nan,Connecticut Sun @ Dallas Wings,nan,PTS,7.9,1.5,-2.0,5.0,-2.0-5.0,11.5,-145.0,105.0,,,-10.0,UNDER,HIGH,0.66,0.4878,0.353,35.3,0.05,BENEFICIARY,ACTIVE MARKET,True,Minutes/usage redistributed from unavailable teammates,"v5 intelligence blend from stats.wnba.com+player_intelligence: season + recent form, usage, efficiency, minutes, pace, role score, and price lean. Intelligence: role 79.2, minutes STABLE, points STABLE.",Connecticut Sun @ Dallas Wings,Dallas Wings,Connecticut Sun,"[1.9, 1.1, 0.1, 3.3, 2.4]","[""ATL"", ""CHI"", ""DAL"", ""IND"", ""SEA""]",1.0,1.0,"[3.3, 2.4, 1.5, 0.6, 0]",7,79.2,STABLE,STABLE,wnba_player_intelligence
Olivia Nelson-Ododa,nan,Connecticut Sun @ Dallas Wings,nan,REB,5.8,5.3,1.8,8.8,1.8-8.8,14.5,-145.0,105.0,,,-9.2,UNDER,HIGH,0.66,0.4878,0.353,35.3,0.05,BENEFICIARY,ACTIVE MARKET,True,Minutes/usage redistributed from unavailable teammates,"v5 intelligence blend from stats.wnba.com+player_intelligence: season + recent form, usage, efficiency, minutes, pace, role score, and price lean. Intelligence: role 76.8, minutes UP, points STABLE.",Connecticut Sun @ Dallas Wings,Dallas Wings,Connecticut Sun,"[6.2, 5.3, 4.4, 3.5, 6.7]","[""ATL"", ""CHI"", ""DAL"", ""IND"", ""SEA""]",1.0,1.0,"[3.5, 6.7, 5.8, 4.8, 3.9]",7,76.8,UP,STABLE,wnba_player_intelligence
Kennedy Burke,nan,Connecticut Sun @ Dallas Wings,nan,3PM,2.2,-2.6,-6.1,0.9,-6.1-0.9,1.5,-160.5,117.0,,,-4.1,UNDER,HIGH,0.6116,0.4608,0.3272,32.7,0.05,BENEFICIARY,ACTIVE MARKET,True,Minutes/usage redistributed from unavailable teammates,"v5 intelligence blend from stats.wnba.com+player_intelligence: season + recent form, usage, efficiency, minutes, pace, role score, and price lean. Intelligence: role 79.2, minutes STABLE, points STABLE.",Connecticut Sun @ Dallas Wings,Dallas Wings,Connecticut Sun,"[0, 0, 0, 0, 0]","[""ATL"", ""CHI"", ""DAL"", ""IND"", ""SEA""]",1.0,1.0,"[0, 0, 0, 0, 0]",7,79.2,STABLE,STABLE,wnba_player_intelligence
Diamond Miller,nan,Connecticut Sun @ Dallas Wings,nan,PTS,8.9,3.1,-0.4,6.6,-0.4-6.6,16.5,-140.0,100.0,,,-13.4,UNDER,HIGH,0.66,0.5,0.32,32.0,0.05,BENEFICIARY,ACTIVE MARKET,True,Minutes/usage redistributed from unavailable teammates,"v5 intelligence blend from stats.wnba.com+player_intelligence: season + recent form, usage, efficiency, minutes, pace, role score, and price lean. Intelligence: role 79.0, minutes STABLE, points STABLE.",Connecticut Sun @ Dallas Wings,Dallas Wings,Connecticut Sun,"[3.6, 2.6, 1.8, 4.9, 4.0]","[""ATL"", ""CHI"", ""DAL"", ""IND"", ""SEA""]",1.0,1.0,"[4.9, 4.0, 3.1, 2.2, 1.3]",7,79.0,STABLE,STABLE,wnba_player_intelligence
Alanna Smith,nan,Connecticut Sun @ Dallas Wings,nan,PTS,4.5,-4.7,-8.2,-1.2,-8.2--1.2,5.5,-130.0,100.0,,,-10.2,UNDER,HIGH,0.66,0.5,0.32,32.0,0.05,ACTIVE,ACTIVE MARKET,True,,"v5 intelligence blend from stats.wnba.com+player_intelligence: season + recent form, usage, efficiency, minutes, pace, role score, and price lean. Intelligence: role 51.1, minutes DOWN, points STABLE.",Connecticut Sun @ Dallas Wings,Dallas Wings,Connecticut Sun,"[0, 0, 0, 0, 0]","[""ATL"", ""CHI"", ""DAL"", ""IND"", ""SEA""]",1.0,1.0,"[0, 0, 0, 0, 0]",7,51.1,DOWN,STABLE,wnba_player_intelligence
Olivia Nelson-Ododa,nan,Connecticut Sun @ Dallas Wings,nan,PTS,9.6,4.1,0.6,7.6,0.6-7.6,13.5,-130.0,100.0,,,-9.4,UNDER,HIGH,0.66,0.5,0.32,32.0,0.05,BENEFICIARY,ACTIVE MARKET,True,Minutes/usage redistributed from unavailable teammates,"v5 intelligence blend from stats.wnba.com+player_intelligence: season + recent form, usage, efficiency, minutes, pace, role score, and price lean. Intelligence: role 76.8, minutes UP, points STABLE.",Connecticut Sun @ Dallas Wings,Dallas Wings,Connecticut Sun,"[2.3, 5.4, 4.5, 3.6, 2.7]","[""ATL"", ""CHI"", ""DAL"", ""IND"", ""SEA""]",1.0,1.0,"[3.6, 2.7, 5.9, 5.0, 4.1]",7,76.8,UP,STABLE,wnba_player_intelligence
Kayla Thornton,nan,Toronto Tempo @ Golden State Valkyries,nan,PTS,8.3,1.7,-1.8,5.2,-1.8-5.2,8.5,-127.75,-103.67,,,-6.8,UNDER,HIGH,0.66,0.509,0.2966,29.7,0.05,BENEFICIARY,ACTIVE MARKET,True,Minutes/usage redistributed from unavailable teammates,"v5 intelligence blend from stats.wnba.com+player_intelligence: season + recent form, usage, efficiency, minutes, pace, role score, and price lean. Intelligence: role 82.9, minutes STABLE, points STABLE.",Toronto Tempo @ Golden State Valkyries,Golden State Valkyries,Toronto Tempo,"[2.1, 1.2, 0.3, 3.5, 2.6]","[""ATL"", ""CHI"", ""DAL"", ""IND"", ""SEA""]",1.0,1.0,"[3.0, 2.1, 1.2, 0.3, 3.5]",12,82.9,STABLE,STABLE,wnba_player_intelligence
Kiki Rice,nan,Toronto Tempo @ Golden State Valkyries,nan,PTS,10.9,0.3,-3.2,3.8,-3.2-3.8,10.5,-125.0,-104.0,,,-10.2,UNDER,HIGH,0.66,0.5098,0.2946,29.5,0.05,BENEFICIARY,ACTIVE MARKET,True,Minutes/usage redistributed from unavailable teammates,"v5 intelligence blend from stats.wnba.com+player_intelligence: season + recent form, usage, efficiency, minutes, pace, role score, and price lean. Intelligence: role 76.7, minutes DOWN, points DOWN.",Toronto Tempo @ Golden State Valkyries,Golden State Valkyries,Toronto Tempo,"[0, 0, 1.7, 0.8, 0]","[""ATL"", ""CHI"", ""DAL"", ""IND"", ""SEA""]",1.0,1.0,"[0.3, 0, 0, 1.7, 0.8]",12,76.7,DOWN,DOWN,wnba_player_intelligence
Arike Ogunbowale,nan,Connecticut Sun @ Dallas Wings,nan,PRA,21.2,20.3,16.8,23.8,16.8-23.8,28.5,-130.0,-105.0,,,-8.2,UNDER,HIGH,0.66,0.5122,0.2886,28.9,0.05,ACTIVE,ACTIVE MARKET,True,,"v5 intelligence blend from stats.wnba.com+player_intelligence: season + recent form, usage, efficiency, minutes, pace, role score, and price lean. Intelligence: role 100.0, minutes UP, points UP.",Connecticut Sun @ Dallas Wings,Dallas Wings,Connecticut Sun,"[18.5, 21.7, 20.8, 19.9, 18.9]","[""ATL"", ""CHI"", ""DAL"", ""IND"", ""SEA""]",1.0,1.0,"[19.9, 18.9, 22.1, 21.2, 20.3]",7,100.0,UP,UP,wnba_player_intelligence
Arike Ogunbowale,nan,Connecticut Sun @ Dallas Wings,nan,PR,18.2,16.9,13.4,20.4,13.4-20.4,23.5,-135.0,-105.0,,,-6.6,UNDER,HIGH,0.66,0.5122,0.2886,28.9,0.05,ACTIVE,ACTIVE MARKET,True,,"v5 intelligence blend from stats.wnba.com+player_intelligence: season + recent form, usage, efficiency, minutes, pace, role score, and price lean. Intelligence: role 100.0, minutes UP, points UP.",Connecticut Sun @ Dallas Wings,Dallas Wings,Connecticut Sun,"[16.0, 15.1, 18.2, 17.3, 16.4]","[""ATL"", ""CHI"", ""DAL"", ""IND"", ""SEA""]",1.0,1.0,"[17.3, 16.4, 15.5, 18.7, 17.8]",7,100.0,UP,UP,wnba_player_intelligence
Jonquel Jones,nan,Seattle Storm @ New York Liberty,nan,PR,23.1,16.3,12.8,19.8,12.8-19.8,22.5,-130.0,-105.0,,,-6.2,UNDER,HIGH,0.66,0.5122,0.2886,28.9,0.05,ACTIVE,ACTIVE MARKET,True,,"v5 intelligence blend from stats.wnba.com+player_intelligence: season + recent form, usage, efficiency, minutes, pace, role score, and price lean. Intelligence: role 89.1, minutes STABLE, points STABLE.",Seattle Storm @ New York Liberty,New York Liberty,Seattle Storm,"[14.5, 17.7, 16.8, 15.9, 15.0]","[""ATL"", ""CHI"", ""DAL"", ""IND"", ""SEA""]",1.0,1.0,"[16.3, 15.4, 14.5, 17.7, 16.8]",5,89.1,STABLE,STABLE,wnba_player_intelligence
Allisha Gray,nan,Las Vegas Aces @ Atlanta Dream,nan,PRA,23.2,18.9,15.4,22.4,15.4-22.4,24.5,-130.0,-102.0,,,-5.6,UNDER,HIGH,0.6506,0.505,0.2884,28.8,0.05,ACTIVE,ACTIVE MARKET,True,,"v5 intelligence blend from stats.wnba.com+player_intelligence: season + recent form, usage, efficiency, minutes, pace, role score, and price lean. Intelligence: role 97.8, minutes STABLE, points UP.",Las Vegas Aces @ Atlanta Dream,Atlanta Dream,Las Vegas Aces,"[18.0, 17.1, 20.2, 19.3, 18.4]","[""ATL"", ""CHI"", ""DAL"", ""IND"", ""SEA""]",1.0,1.0,"[18.0, 17.1, 20.2, 19.3, 18.4]",13,97.8,STABLE,UP,wnba_player_intelligence
Veronica Burton,nan,Toronto Tempo @ Golden State Valkyries,nan,PA,17.5,12.2,8.7,15.7,8.7-15.7,18.5,-127.0,-105.5,,,-6.3,UNDER,HIGH,0.66,0.5134,0.2856,28.6,0.05,BENEFICIARY,ACTIVE MARKET,True,Minutes/usage redistributed from unavailable teammates,"v5 intelligence blend from stats.wnba.com+player_intelligence: season + recent form, usage, efficiency, minutes, pace, role score, and price lean. Intelligence: role 94.6, minutes UP, points STABLE.",Toronto Tempo @ Golden State Valkyries,Golden State Valkyries,Toronto Tempo,"[13.1, 12.2, 11.3, 10.4, 13.5]","[""ATL"", ""CHI"", ""DAL"", ""IND"", ""SEA""]",1.0,1.0,"[14.0, 13.1, 12.2, 11.3, 10.4]",12,94.6,UP,STABLE,wnba_player_intelligence
Janelle Salaun,nan,Toronto Tempo @ Golden State Valkyries,nan,PRA,17.9,10.3,6.8,13.8,6.8-13.8,17.5,-124.0,-106.5,,,-7.2,UNDER,HIGH,0.66,0.5157,0.2797,28.0,0.05,BENEFICIARY,ACTIVE MARKET,True,Minutes/usage redistributed from unavailable teammates,"v5 intelligence blend from stats.wnba.com+player_intelligence: season + recent form, usage, efficiency, minutes, pace, role score, and price lean. Intelligence: role 75.2, minutes STABLE, points STABLE.",Toronto Tempo @ Golden State Valkyries,Golden State Valkyries,Toronto Tempo,"[9.0, 12.1, 11.2, 10.3, 9.4]","[""ATL"", ""CHI"", ""DAL"", ""IND"", ""SEA""]",1.0,1.0,"[9.9, 9.0, 12.1, 11.2, 10.3]",12,75.2,STABLE,STABLE,wnba_player_intelligence
Julie Allemand,nan,Toronto Tempo @ Golden State Valkyries,nan,PTS,6.3,0.6,-2.9,4.1,-2.9-4.1,6.5,-124.5,-106.0,,,-5.9,UNDER,HIGH,0.6584,0.5146,0.2795,28.0,0.05,BENEFICIARY,ACTIVE MARKET,True,Minutes/usage redistributed from unavailable teammates,"v5 intelligence blend from stats.wnba.com+player_intelligence: season + recent form, usage, efficiency, minutes, pace, role score, and price lean. Intelligence: role 94.2, minutes STABLE, points STABLE.",Toronto Tempo @ Golden State Valkyries,Golden State Valkyries,Toronto Tempo,"[0.6, 0, 0, 2.0, 1.1]","[""ATL"", ""CHI"", ""DAL"", ""IND"", ""SEA""]",1.0,1.0,"[1.5, 0.6, 0, 0, 2.0]",12,94.2,STABLE,STABLE,wnba_player_intelligence
Veronica Burton,nan,Toronto Tempo @ Golden State Valkyries,nan,PR,15.4,9.7,6.2,13.2,6.2-13.2,15.5,-127.5,-105.5,,,-5.8,UNDER,HIGH,0.6558,0.5134,0.2774,27.7,0.05,BENEFICIARY,ACTIVE MARKET,True,Minutes/usage redistributed from unavailable teammates,"v5 intelligence blend from stats.wnba.com+player_intelligence: season + recent form, usage, efficiency, minutes, pace, role score, and price lean. Intelligence: role 94.6, minutes UP, points STABLE.",Toronto Tempo @ Golden State Valkyries,Golden State Valkyries,Toronto Tempo,"[10.1, 9.2, 8.3, 11.5, 10.6]","[""ATL"", ""CHI"", ""DAL"", ""IND"", ""SEA""]",1.0,1.0,"[11.0, 10.1, 9.2, 8.3, 11.5]",12,94.6,UP,STABLE,wnba_player_intelligence
Breanna Stewart,nan,Seattle Storm @ New York Liberty,nan,PR,28.8,23.2,19.7,26.7,19.7-26.7,30.5,-126.0,-107.0,,,-7.3,UNDER,HIGH,0.66,0.5169,0.2768,27.7,0.05,ACTIVE,ACTIVE MARKET,True,,"v5 intelligence blend from stats.wnba.com+player_intelligence: season + recent form, usage, efficiency, minutes, pace, role score, and price lean. Intelligence: role 100.0, minutes STABLE, points STABLE.",Seattle Storm @ New York Liberty,New York Liberty,Seattle Storm,"[24.6, 23.6, 22.8, 21.8, 25.0]","[""ATL"", ""CHI"", ""DAL"", ""IND"", ""SEA""]",1.0,1.0,"[22.3, 21.4, 24.6, 23.6, 22.8]",5,100.0,STABLE,STABLE,wnba_player_intelligence
Breanna Stewart,nan,Seattle Storm @ New York Liberty,nan,PTS,20.2,14.1,10.6,17.6,10.6-17.6,21.5,-121.5,-107.75,,,-7.4,UNDER,HIGH,0.66,0.5187,0.2725,27.3,0.05,ACTIVE,ACTIVE MARKET,True,,"v5 intelligence blend from stats.wnba.com+player_intelligence: season + recent form, usage, efficiency, minutes, pace, role score, and price lean. Intelligence: role 100.0, minutes STABLE, points STABLE.",Seattle Storm @ New York Liberty,New York Liberty,Seattle Storm,"[15.4, 14.5, 13.7, 12.8, 15.9]","[""ATL"", ""CHI"", ""DAL"", ""IND"", ""SEA""]",1.0,1.0,"[13.2, 12.3, 15.4, 14.5, 13.7]",5,100.0,STABLE,STABLE,wnba_player_intelligence
Maria Conde,nan,Toronto Tempo @ Golden State Valkyries,nan,PR,13.8,8.6,5.1,12.1,5.1-12.1,14.5,-123.0,-109.0,,,-5.9,UNDER,HIGH,0.6584,0.5215,0.2624,26.2,0.05,BENEFICIARY,ACTIVE MARKET,True,Minutes/usage redistributed from unavailable teammates,"v5 intelligence blend from stats.wnba.com+player_intelligence: season + recent form, usage, efficiency, minutes, pace, role score, and price lean. Intelligence: role 90.7, minutes STABLE, points STABLE.",Toronto Tempo @ Golden State Valkyries,Golden State Valkyries,Toronto Tempo,"[8.6, 7.7, 6.8, 9.9, 9.0]","[""ATL"", ""CHI"", ""DAL"", ""IND"", ""SEA""]",1.0,1.0,"[9.5, 8.6, 7.7, 6.8, 9.9]",12,90.7,STABLE,STABLE,wnba_player_intelligence
Jessica Shepard,nan,Connecticut Sun @ Dallas Wings,nan,PA,19.5,13.6,10.1,17.1,10.1-17.1,20.5,-125.0,-110.0,,,-6.9,UNDER,HIGH,0.66,0.5238,0.26,26.0,0.05,ACTIVE,ACTIVE MARKET,True,,"v5 intelligence blend from stats.wnba.com+player_intelligence: season + recent form, usage, efficiency, minutes, pace, role score, and price lean. Intelligence: role 100.0, minutes STABLE, points STABLE.",Connecticut Sun @ Dallas Wings,Dallas Wings,Connecticut Sun,"[12.7, 11.8, 14.9, 14.0, 13.2]","[""ATL"", ""CHI"", ""DAL"", ""IND"", ""SEA""]",1.0,1.0,"[14.0, 13.2, 12.2, 15.4, 14.5]",7,100.0,STABLE,STABLE,wnba_player_intelligence
Jessica Shepard,nan,Connecticut Sun @ Dallas Wings,nan,PRA,31.0,25.0,21.5,28.5,21.5-28.5,31.5,-130.0,-110.0,,,-6.5,UNDER,HIGH,0.66,0.5238,0.26,26.0,0.05,ACTIVE,ACTIVE MARKET,True,,"v5 intelligence blend from stats.wnba.com+player_intelligence: season + recent form, usage, efficiency, minutes, pace, role score, and price lean. Intelligence: role 100.0, minutes STABLE, points STABLE.",Connecticut Sun @ Dallas Wings,Dallas Wings,Connecticut Sun,"[26.8, 25.9, 25.0, 24.1, 23.2]","[""ATL"", ""CHI"", ""DAL"", ""IND"", ""SEA""]",1.0,1.0,"[24.1, 23.2, 26.4, 25.4, 24.6]",7,100.0,STABLE,STABLE,wnba_player_intelligence
Sydney Taylor,nan,Phoenix Mercury @ Chicago Sky,nan,PRA,18.0,15.9,12.4,19.4,12.4-19.4,21.5,-122.0,-108.0,,,-5.6,UNDER,HIGH,0.6506,0.5192,0.253,25.3,0.05,ACTIVE,ACTIVE MARKET,True,,"v5 intelligence blend from stats.wnba.com+player_intelligence: season + recent form, usage, efficiency, minutes, pace, role score, and price lean. Intelligence: role 80.3, minutes UP, points UP.",Phoenix Mercury @ Chicago Sky,Chicago Sky,Phoenix Mercury,"[16.8, 15.9, 15.0, 14.1, 17.2]","[""ATL"", ""CHI"", ""DAL"", ""IND"", ""SEA""]",1.0,1.0,"[16.4, 15.5, 14.6, 17.7, 16.8]",9,80.3,UP,UP,wnba_player_intelligence
Rhyne Howard,nan,Las Vegas Aces @ Atlanta Dream,nan,PTS,15.9,6.9,3.4,10.4,3.4-10.4,16.5,-117.75,-111.5,,,-9.6,UNDER,HIGH,0.66,0.5272,0.2519,25.2,0.05,ACTIVE,ACTIVE MARKET,True,,"v5 intelligence blend from stats.wnba.com+player_intelligence: season + recent form, usage, efficiency, minutes, pace, role score, and price lean. Intelligence: role 100.0, minutes STABLE, points DOWN.",Las Vegas Aces @ Atlanta Dream,Atlanta Dream,Las Vegas Aces,"[6.5, 5.6, 8.7, 7.8, 6.9]","[""ATL"", ""CHI"", ""DAL"", ""IND"", ""SEA""]",1.0,1.0,"[6.5, 5.6, 8.7, 7.8, 6.9]",13,100.0,STABLE,DOWN,wnba_player_intelligence
Paige Bueckers,nan,Connecticut Sun @ Dallas Wings,nan,3PM,2.2,-2.0,-5.5,1.5,-5.5-1.5,0.5,-163.0,119.5,,,-2.5,UNDER,HIGH,0.57,0.4556,0.2511,25.1,0.05,ACTIVE,ACTIVE MARKET,True,,"v5 intelligence blend from stats.wnba.com+player_intelligence: season + recent form, usage, efficiency, minutes, pace, role score, and price lean. Intelligence: role 100.0, minutes STABLE, points STABLE.",Connecticut Sun @ Dallas Wings,Dallas Wings,Connecticut Sun,"[0, 0, 0, 0, 0]","[""ATL"", ""CHI"", ""DAL"", ""IND"", ""SEA""]",1.0,1.0,"[0, 0, 0, 0, 0]",7,100.0,STABLE,STABLE,wnba_player_intelligence
Angel Reese,nan,Las Vegas Aces @ Atlanta Dream,nan,PR,25.8,18.6,15.1,22.1,15.1-22.1,26.5,-118.0,-112.0,,,-7.9,UNDER,HIGH,0.66,0.5283,0.2493,24.9,0.05,ACTIVE,ACTIVE MARKET,True,,"v5 intelligence blend from stats.wnba.com+player_intelligence: season + recent form, usage, efficiency, minutes, pace, role score, and price lean. Intelligence: role 90.5, minutes STABLE, points STABLE.",Las Vegas Aces @ Atlanta Dream,Atlanta Dream,Las Vegas Aces,"[18.2, 17.2, 20.4, 19.5, 18.6]","[""ATL"", ""CHI"", ""DAL"", ""IND"", ""SEA""]",1.0,1.0,"[18.2, 17.2, 20.4, 19.5, 18.6]",13,90.5,STABLE,STABLE,wnba_player_intelligence
Kayla Thornton,nan,Toronto Tempo @ Golden State Valkyries,nan,PRA,14.0,7.6,4.1,11.1,4.1-11.1,15.5,-120.5,-112.5,,,-7.9,UNDER,HIGH,0.66,0.5294,0.2467,24.7,0.05,BENEFICIARY,ACTIVE MARKET,True,Minutes/usage redistributed from unavailable teammates,"v5 intelligence blend from stats.wnba.com+player_intelligence: season + recent form, usage, efficiency, minutes, pace, role score, and price lean. Intelligence: role 82.9, minutes STABLE, points STABLE.",Toronto Tempo @ Golden State Valkyries,Golden State Valkyries,Toronto Tempo,"[7.1, 6.2, 9.4, 8.5, 7.6]","[""ATL"", ""CHI"", ""DAL"", ""IND"", ""SEA""]",1.0,1.0,"[8.0, 7.1, 6.2, 9.4, 8.5]",12,82.9,STABLE,STABLE,wnba_player_intelligence
Cecilia Zandalasini,nan,Toronto Tempo @ Golden State Valkyries,nan,PTS,8.3,0.8,-2.7,4.3,-2.7-4.3,8.5,-116.8,-112.75,,,-7.7,UNDER,HIGH,0.66,0.53,0.2454,24.5,0.05,BENEFICIARY,ACTIVE MARKET,True,Minutes/usage redistributed from unavailable teammates,"v5 intelligence blend from stats.wnba.com+player_intelligence: season + recent form, usage, efficiency, minutes, pace, role score, and price lean. Intelligence: role 67.7, minutes STABLE, points STABLE.",Toronto Tempo @ Golden State Valkyries,Golden State Valkyries,Toronto Tempo,"[0.8, 0, 0, 2.2, 1.2]","[""ATL"", ""CHI"", ""DAL"", ""IND"", ""SEA""]",1.0,1.0,"[1.7, 0.8, 0, 0, 2.2]",12,67.7,STABLE,STABLE,wnba_player_intelligence
Arike Ogunbowale,nan,Connecticut Sun @ Dallas Wings,nan,PTS,15.1,13.7,10.2,17.2,10.2-17.2,17.5,-138.0,106.0,,,-3.8,UNDER,HIGH,0.6038,0.4854,0.2438,24.4,0.05,ACTIVE,ACTIVE MARKET,True,,"v5 intelligence blend from stats.wnba.com+player_intelligence: season + recent form, usage, efficiency, minutes, pace, role score, and price lean. Intelligence: role 100.0, minutes UP, points UP.",Connecticut Sun @ Dallas Wings,Dallas Wings,Connecticut Sun,"[12.8, 11.9, 15.0, 14.1, 13.2]","[""ATL"", ""CHI"", ""DAL"", ""IND"", ""SEA""]",1.0,1.0,"[14.1, 13.2, 12.3, 15.5, 14.6]",7,100.0,UP,UP,wnba_player_intelligence
Sabrina Ionescu,nan,Seattle Storm @ New York Liberty,nan,PTS,15.4,13.9,10.4,17.4,10.4-17.4,19.5,-119.0,-110.0,,,-5.6,UNDER,HIGH,0.6506,0.5238,0.2421,24.2,0.05,ACTIVE,ACTIVE MARKET,True,,"v5 intelligence blend from stats.wnba.com+player_intelligence: season + recent form, usage, efficiency, minutes, pace, role score, and price lean. Intelligence: role 100.0, minutes UP, points UP.",Seattle Storm @ New York Liberty,New York Liberty,Seattle Storm,"[14.3, 13.5, 12.6, 15.7, 14.8]","[""ATL"", ""CHI"", ""DAL"", ""IND"", ""SEA""]",1.0,1.0,"[12.1, 15.2, 14.3, 13.5, 12.6]",5,100.0,UP,UP,wnba_player_intelligence
Jonquel Jones,nan,Seattle Storm @ New York Liberty,nan,PTS,14.2,7.3,3.8,10.8,3.8-10.8,13.5,-115.75,-113.5,,,-6.2,UNDER,HIGH,0.66,0.5316,0.2415,24.1,0.05,ACTIVE,ACTIVE MARKET,True,,"v5 intelligence blend from stats.wnba.com+player_intelligence: season + recent form, usage, efficiency, minutes, pace, role score, and price lean. Intelligence: role 89.1, minutes STABLE, points STABLE.",Seattle Storm @ New York Liberty,New York Liberty,Seattle Storm,"[5.5, 8.7, 7.8, 6.8, 5.9]","[""ATL"", ""CHI"", ""DAL"", ""IND"", ""SEA""]",1.0,1.0,"[7.3, 6.4, 5.5, 8.7, 7.8]",5,89.1,STABLE,STABLE,wnba_player_intelligence
Alyssa Thomas,nan,Phoenix Mercury @ Chicago Sky,nan,PRA,29.5,26.4,22.9,29.9,22.9-29.9,31.5,-122.0,-106.0,,,-5.1,UNDER,HIGH,0.6376,0.5146,0.2391,23.9,0.05,ACTIVE,ACTIVE MARKET,True,,"v5 intelligence blend from stats.wnba.com+player_intelligence: season + recent form, usage, efficiency, minutes, pace, role score, and price lean. Intelligence: role 100.0, minutes UP, points STABLE.",Phoenix Mercury @ Chicago Sky,Chicago Sky,Phoenix Mercury,"[25.9, 25.0, 28.2, 27.3, 26.4]","[""ATL"", ""CHI"", ""DAL"", ""IND"", ""SEA""]",1.0,1.0,"[25.5, 24.6, 27.8, 26.8, 25.9]",9,100.0,UP,STABLE,wnba_player_intelligence
Flau'jae Johnson,nan,Seattle Storm @ New York Liberty,nan,PA,16.6,11.4,7.9,14.9,7.9-14.9,16.5,-128.0,-106.0,,,-5.1,UNDER,HIGH,0.6376,0.5146,0.2391,23.9,0.05,ACTIVE,ACTIVE MARKET,True,,"v5 intelligence blend from stats.wnba.com+player_intelligence: season + recent form, usage, efficiency, minutes, pace, role score, and price lean. Intelligence: role 90.5, minutes STABLE, points STABLE.",Seattle Storm @ New York Liberty,New York Liberty,Seattle Storm,"[10.1, 13.2, 12.3, 11.4, 10.5]","[""ATL"", ""CHI"", ""DAL"", ""IND"", ""SEA""]",1.0,1.0,"[11.8, 11.0, 10.1, 13.2, 12.3]",5,90.5,STABLE,STABLE,wnba_player_intelligence
Sabrina Ionescu,nan,Seattle Storm @ New York Liberty,nan,PA,19.9,18.7,15.2,22.2,15.2-22.2,25.5,-117.5,-114.0,,,-6.8,UNDER,HIGH,0.66,0.5327,0.2389,23.9,0.05,ACTIVE,ACTIVE MARKET,True,,"v5 intelligence blend from stats.wnba.com+player_intelligence: season + recent form, usage, efficiency, minutes, pace, role score, and price lean. Intelligence: role 100.0, minutes UP, points UP.",Seattle Storm @ New York Liberty,New York Liberty,Seattle Storm,"[19.6, 18.7, 17.8, 16.9, 20.1]","[""ATL"", ""CHI"", ""DAL"", ""IND"", ""SEA""]",1.0,1.0,"[17.3, 20.5, 19.6, 18.7, 17.8]",5,100.0,UP,UP,wnba_player_intelligence
Jonquel Jones,nan,Seattle Storm @ New York Liberty,nan,PRA,25.9,20.0,16.5,23.5,16.5-23.5,25.5,-120.5,-110.0,,,-5.5,UNDER,HIGH,0.648,0.5238,0.2371,23.7,0.05,ACTIVE,ACTIVE MARKET,True,,"v5 intelligence blend from stats.wnba.com+player_intelligence: season + recent form, usage, efficiency, minutes, pace, role score, and price lean. Intelligence: role 89.1, minutes STABLE, points STABLE.",Seattle Storm @ New York Liberty,New York Liberty,Seattle Storm,"[21.4, 20.4, 19.6, 18.6, 21.8]","[""ATL"", ""CHI"", ""DAL"", ""IND"", ""SEA""]",1.0,1.0,"[19.1, 18.2, 21.4, 20.4, 19.6]",5,89.1,STABLE,STABLE,wnba_player_intelligence
Dominique Malonga,nan,Seattle Storm @ New York Liberty,nan,PRA,25.9,19.7,16.2,23.2,16.2-23.2,25.5,-117.33,-113.0,,,-5.8,UNDER,HIGH,0.6558,0.5305,0.2362,23.6,0.05,ACTIVE,ACTIVE MARKET,True,,"v5 intelligence blend from stats.wnba.com+player_intelligence: season + recent form, usage, efficiency, minutes, pace, role score, and price lean. Intelligence: role 81.2, minutes STABLE, points STABLE.",Seattle Storm @ New York Liberty,New York Liberty,Seattle Storm,"[21.5, 20.6, 19.7, 18.8, 17.9]","[""ATL"", ""CHI"", ""DAL"", ""IND"", ""SEA""]",1.0,1.0,"[19.2, 18.3, 21.5, 20.6, 19.7]",5,81.2,STABLE,STABLE,wnba_player_intelligence
Flau'jae Johnson,nan,Seattle Storm @ New York Liberty,nan,PRA,21.5,15.6,12.1,19.1,12.1-19.1,21.5,-116.67,-114.0,,,-5.9,UNDER,HIGH,0.6584,0.5327,0.2359,23.6,0.05,ACTIVE,ACTIVE MARKET,True,,"v5 intelligence blend from stats.wnba.com+player_intelligence: season + recent form, usage, efficiency, minutes, pace, role score, and price lean. Intelligence: role 90.5, minutes STABLE, points STABLE.",Seattle Storm @ New York Liberty,New York Liberty,Seattle Storm,"[16.9, 16.1, 15.2, 14.2, 17.4]","[""ATL"", ""CHI"", ""DAL"", ""IND"", ""SEA""]",1.0,1.0,"[14.7, 13.8, 16.9, 16.1, 15.2]",5,90.5,STABLE,STABLE,wnba_player_intelligence
Rhyne Howard,nan,Las Vegas Aces @ Atlanta Dream,nan,PR,19.5,10.6,7.1,14.1,7.1-14.1,20.5,-116.0,-115.5,,,-9.9,UNDER,HIGH,0.66,0.536,0.2314,23.1,0.05,ACTIVE,ACTIVE MARKET,True,,"v5 intelligence blend from stats.wnba.com+player_intelligence: season + recent form, usage, efficiency, minutes, pace, role score, and price lean. Intelligence: role 100.0, minutes STABLE, points DOWN.",Las Vegas Aces @ Atlanta Dream,Atlanta Dream,Las Vegas Aces,"[10.2, 9.2, 12.4, 11.5, 10.6]","[""ATL"", ""CHI"", ""DAL"", ""IND"", ""SEA""]",1.0,1.0,"[10.2, 9.2, 12.4, 11.5, 10.6]",13,100.0,STABLE,DOWN,wnba_player_intelligence
Angel Reese,nan,Las Vegas Aces @ Atlanta Dream,nan,PA,17.2,10.7,7.2,14.2,7.2-14.2,17.5,-116.0,-115.5,,,-6.8,UNDER,HIGH,0.66,0.536,0.2314,23.1,0.05,ACTIVE,ACTIVE MARKET,True,,"v5 intelligence blend from stats.wnba.com+player_intelligence: season + recent form, usage, efficiency, minutes, pace, role score, and price lean. Intelligence: role 90.5, minutes STABLE, points STABLE.",Las Vegas Aces @ Atlanta Dream,Atlanta Dream,Las Vegas Aces,"[10.7, 9.8, 8.9, 12.0, 11.1]","[""ATL"", ""CHI"", ""DAL"", ""IND"", ""SEA""]",1.0,1.0,"[10.7, 9.8, 8.9, 12.0, 11.1]",13,90.5,STABLE,STABLE,wnba_player_intelligence
Laura Juskaite,nan,Toronto Tempo @ Golden State Valkyries,nan,PR,13.7,8.4,4.9,11.9,4.9-11.9,14.5,-117.0,-115.5,,,-6.1,UNDER,HIGH,0.66,0.536,0.2314,23.1,0.05,BENEFICIARY,ACTIVE MARKET,True,Minutes/usage redistributed from unavailable teammates,"v5 intelligence blend from stats.wnba.com+player_intelligence: season + recent form, usage, efficiency, minutes, pace, role score, and price lean. Intelligence: role 86.7, minutes UP, points STABLE.",Toronto Tempo @ Golden State Valkyries,Golden State Valkyries,Toronto Tempo,"[9.8, 8.8, 8.0, 7.1, 10.2]","[""ATL"", ""CHI"", ""DAL"", ""IND"", ""SEA""]",1.0,1.0,"[6.6, 9.8, 8.8, 8.0, 7.1]",12,86.7,UP,STABLE,wnba_player_intelligence
Jackie Young,nan,Las Vegas Aces @ Atlanta Dream,nan,PR,21.5,15.8,12.3,19.3,12.3-19.3,23.5,-117.0,-116.0,,,-7.7,UNDER,HIGH,0.66,0.537,0.229,22.9,0.05,ACTIVE,ACTIVE MARKET,True,,"v5 intelligence blend from stats.wnba.com+player_intelligence: season + recent form, usage, efficiency, minutes, pace, role score, and price lean. Intelligence: role 94.9, minutes DOWN, points STABLE.",Las Vegas Aces @ Atlanta Dream,Atlanta Dream,Las Vegas Aces,"[15.4, 14.5, 17.6, 16.7, 15.8]","[""ATL"", ""CHI"", ""DAL"", ""IND"", ""SEA""]",1.0,1.0,"[15.4, 14.5, 17.6, 16.7, 15.8]",13,94.9,DOWN,STABLE,wnba_player_intelligence
Jordin Canada,nan,Las Vegas Aces @ Atlanta Dream,nan,PRA,21.6,16.8,13.3,20.3,13.3-20.3,22.5,-116.67,-113.67,,,-5.7,UNDER,HIGH,0.6532,0.532,0.2278,22.8,0.05,ACTIVE,ACTIVE MARKET,True,,"v5 intelligence blend from stats.wnba.com+player_intelligence: season + recent form, usage, efficiency, minutes, pace, role score, and price lean. Intelligence: role 99.7, minutes STABLE, points STABLE.",Las Vegas Aces @ Atlanta Dream,Atlanta Dream,Las Vegas Aces,"[18.2, 17.2, 16.4, 15.5, 18.6]","[""ATL"", ""CHI"", ""DAL"", ""IND"", ""SEA""]",1.0,1.0,"[18.2, 17.2, 16.4, 15.5, 18.6]",13,99.7,STABLE,STABLE,wnba_player_intelligence
Jackie Young,nan,Las Vegas Aces @ Atlanta Dream,nan,PTS,17.4,11.6,8.1,15.1,8.1-15.1,19.5,-113.0,-116.25,,,-7.9,UNDER,HIGH,0.66,0.5376,0.2277,22.8,0.05,ACTIVE,ACTIVE MARKET,True,,"v5 intelligence blend from stats.wnba.com+player_intelligence: season + recent form, usage, efficiency, minutes, pace, role score, and price lean. Intelligence: role 94.9, minutes DOWN, points STABLE.",Las Vegas Aces @ Atlanta Dream,Atlanta Dream,Las Vegas Aces,"[11.2, 10.2, 13.4, 12.5, 11.6]","[""ATL"", ""CHI"", ""DAL"", ""IND"", ""SEA""]",1.0,1.0,"[11.2, 10.2, 13.4, 12.5, 11.6]",13,94.9,DOWN,STABLE,wnba_player_intelligence
Breanna Stewart,nan,Seattle Storm @ New York Liberty,nan,PRA,31.9,26.6,23.1,30.1,23.1-30.1,34.5,-113.0,-116.33,,,-7.9,UNDER,HIGH,0.66,0.5377,0.2274,22.7,0.05,ACTIVE,ACTIVE MARKET,True,,"v5 intelligence blend from stats.wnba.com+player_intelligence: season + recent form, usage, efficiency, minutes, pace, role score, and price lean. Intelligence: role 100.0, minutes STABLE, points STABLE.",Seattle Storm @ New York Liberty,New York Liberty,Seattle Storm,"[27.1, 26.2, 25.2, 28.4, 27.5]","[""ATL"", ""CHI"", ""DAL"", ""IND"", ""SEA""]",1.0,1.0,"[24.8, 28.0, 27.1, 26.2, 25.2]",5,100.0,STABLE,STABLE,wnba_player_intelligence
NaLyssa Smith,nan,Las Vegas Aces @ Atlanta Dream,nan,PR,17.7,9.6,6.1,13.1,6.1-13.1,15.5,-114.0,-116.5,,,-5.9,UNDER,HIGH,0.6584,0.5381,0.2236,22.4,0.05,ACTIVE,ACTIVE MARKET,True,,"v5 intelligence blend from stats.wnba.com+player_intelligence: season + recent form, usage, efficiency, minutes, pace, role score, and price lean. Intelligence: role 77.7, minutes STABLE, points STABLE.",Las Vegas Aces @ Atlanta Dream,Atlanta Dream,Las Vegas Aces,"[10.9, 10.0, 9.2, 8.2, 11.4]","[""ATL"", ""CHI"", ""DAL"", ""IND"", ""SEA""]",1.0,1.0,"[10.9, 10.0, 9.2, 8.2, 11.4]",13,77.7,STABLE,STABLE,wnba_player_intelligence
Flau'jae Johnson,nan,Seattle Storm @ New York Liberty,nan,PR,18.7,12.7,9.2,16.2,9.2-16.2,18.5,-115.5,-116.0,,,-5.8,UNDER,HIGH,0.6558,0.537,0.2211,22.1,0.05,ACTIVE,ACTIVE MARKET,True,,"v5 intelligence blend from stats.wnba.com+player_intelligence: season + recent form, usage, efficiency, minutes, pace, role score, and price lean. Intelligence: role 90.5, minutes STABLE, points STABLE.",Seattle Storm @ New York Liberty,New York Liberty,Seattle Storm,"[10.9, 14.0, 13.1, 12.2, 11.3]","[""ATL"", ""CHI"", ""DAL"", ""IND"", ""SEA""]",1.0,1.0,"[12.7, 11.8, 10.9, 14.0, 13.1]",5,90.5,STABLE,STABLE,wnba_player_intelligence
Dominique Malonga,nan,Seattle Storm @ New York Liberty,nan,PTS,15.6,8.6,5.1,12.1,5.1-12.1,15.5,-111.5,-117.75,,,-6.9,UNDER,HIGH,0.66,0.5408,0.2205,22.1,0.05,ACTIVE,ACTIVE MARKET,True,,"v5 intelligence blend from stats.wnba.com+player_intelligence: season + recent form, usage, efficiency, minutes, pace, role score, and price lean. Intelligence: role 81.2, minutes STABLE, points STABLE.",Seattle Storm @ New York Liberty,New York Liberty,Seattle Storm,"[7.2, 10.4, 9.5, 8.6, 7.7]","[""ATL"", ""CHI"", ""DAL"", ""IND"", ""SEA""]",1.0,1.0,"[9.0, 8.2, 7.2, 10.4, 9.5]",5,81.2,STABLE,STABLE,wnba_player_intelligence
Kamilla Cardoso,nan,Phoenix Mercury @ Chicago Sky,nan,PR,21.9,14.9,11.4,18.4,11.4-18.4,22.5,-114.0,-118.0,,,-7.6,UNDER,HIGH,0.66,0.5413,0.2193,21.9,0.05,ACTIVE,ACTIVE MARKET,True,,"v5 intelligence blend from stats.wnba.com+player_intelligence: season + recent form, usage, efficiency, minutes, pace, role score, and price lean. Intelligence: role 82.9, minutes STABLE, points STABLE.",Phoenix Mercury @ Chicago Sky,Chicago Sky,Phoenix Mercury,"[16.2, 15.3, 14.5, 13.6, 16.7]","[""ATL"", ""CHI"", ""DAL"", ""IND"", ""SEA""]",1.0,1.0,"[15.8, 14.9, 14.0, 13.1, 16.2]",9,82.9,STABLE,STABLE,wnba_player_intelligence
Kamilla Cardoso,nan,Phoenix Mercury @ Chicago Sky,nan,PRA,24.3,17.4,13.9,20.9,13.9-20.9,24.5,-112.0,-118.0,,,-7.1,UNDER,HIGH,0.66,0.5413,0.2193,21.9,0.05,ACTIVE,ACTIVE MARKET,True,,"v5 intelligence blend from stats.wnba.com+player_intelligence: season + recent form, usage, efficiency, minutes, pace, role score, and price lean. Intelligence: role 82.9, minutes STABLE, points STABLE.",Phoenix Mercury @ Chicago Sky,Chicago Sky,Phoenix Mercury,"[17.8, 16.9, 16.0, 19.2, 18.3]","[""ATL"", ""CHI"", ""DAL"", ""IND"", ""SEA""]",1.0,1.0,"[17.4, 16.5, 15.6, 18.8, 17.8]",9,82.9,STABLE,STABLE,wnba_player_intelligence
Jordin Canada,nan,Las Vegas Aces @ Atlanta Dream,nan,PA,18.1,13.5,10.0,17.0,10.0-17.0,18.5,-124.0,-109.0,,,-5.0,UNDER,HIGH,0.635,0.5215,0.2176,21.8,0.05,ACTIVE,ACTIVE MARKET,True,,"v5 intelligence blend from stats.wnba.com+player_intelligence: season + recent form, usage, efficiency, minutes, pace, role score, and price lean. Intelligence: role 99.7, minutes STABLE, points STABLE.",Las Vegas Aces @ Atlanta Dream,Atlanta Dream,Las Vegas Aces,"[12.2, 15.3, 14.4, 13.5, 12.6]","[""ATL"", ""CHI"", ""DAL"", ""IND"", ""SEA""]",1.0,1.0,"[12.2, 15.3, 14.4, 13.5, 12.6]",13,99.7,STABLE,STABLE,wnba_player_intelligence
Rhyne Howard,nan,Las Vegas Aces @ Atlanta Dream,nan,PA,19.3,10.8,7.3,14.3,7.3-14.3,20.5,-113.5,-118.5,,,-9.7,UNDER,HIGH,0.66,0.5423,0.217,21.7,0.05,ACTIVE,ACTIVE MARKET,True,,"v5 intelligence blend from stats.wnba.com+player_intelligence: season + recent form, usage, efficiency, minutes, pace, role score, and price lean. Intelligence: role 100.0, minutes STABLE, points DOWN.",Las Vegas Aces @ Atlanta Dream,Atlanta Dream,Las Vegas Aces,"[10.8, 9.9, 9.0, 12.2, 11.2]","[""ATL"", ""CHI"", ""DAL"", ""IND"", ""SEA""]",1.0,1.0,"[10.8, 9.9, 9.0, 12.2, 11.2]",13,100.0,STABLE,DOWN,wnba_player_intelligence
Awa Fam,nan,Seattle Storm @ New York Liberty,nan,PTS,11.0,4.8,1.3,8.3,1.3-8.3,11.5,-111.0,-118.5,,,-6.7,UNDER,HIGH,0.66,0.5423,0.217,21.7,0.05,ACTIVE,ACTIVE MARKET,True,,"v5 intelligence blend from stats.wnba.com+player_intelligence: season + recent form, usage, efficiency, minutes, pace, role score, and price lean. Intelligence: role 97.0, minutes STABLE, points STABLE.",Seattle Storm @ New York Liberty,New York Liberty,Seattle Storm,"[5.2, 4.3, 3.4, 6.6, 5.7]","[""ATL"", ""CHI"", ""DAL"", ""IND"", ""SEA""]",1.0,1.0,"[3.0, 6.2, 5.2, 4.3, 3.4]",5,97.0,STABLE,STABLE,wnba_player_intelligence
Dominique Malonga,nan,Seattle Storm @ New York Liberty,nan,PR,24.4,18.3,14.8,21.8,14.8-21.8,23.5,-123.0,-111.0,,,-5.2,UNDER,HIGH,0.6402,0.5261,0.217,21.7,0.05,ACTIVE,ACTIVE MARKET,True,,"v5 intelligence blend from stats.wnba.com+player_intelligence: season + recent form, usage, efficiency, minutes, pace, role score, and price lean. Intelligence: role 81.2, minutes STABLE, points STABLE.",Seattle Storm @ New York Liberty,New York Liberty,Seattle Storm,"[16.9, 20.1, 19.2, 18.3, 17.4]","[""ATL"", ""CHI"", ""DAL"", ""IND"", ""SEA""]",1.0,1.0,"[18.8, 17.9, 16.9, 20.1, 19.2]",5,81.2,STABLE,STABLE,wnba_player_intelligence
Jonquel Jones,nan,Seattle Storm @ New York Liberty,nan,PA,17.0,11.1,7.6,14.6,7.6-14.6,16.5,-119.0,-113.0,,,-5.4,UNDER,HIGH,0.6454,0.5305,0.2166,21.7,0.05,ACTIVE,ACTIVE MARKET,True,,"v5 intelligence blend from stats.wnba.com+player_intelligence: season + recent form, usage, efficiency, minutes, pace, role score, and price lean. Intelligence: role 89.1, minutes STABLE, points STABLE.",Seattle Storm @ New York Liberty,New York Liberty,Seattle Storm,"[9.8, 12.9, 12.0, 11.1, 10.2]","[""ATL"", ""CHI"", ""DAL"", ""IND"", ""SEA""]",1.0,1.0,"[11.5, 10.7, 9.8, 12.9, 12.0]",5,89.1,STABLE,STABLE,wnba_player_intelligence
Allisha Gray,nan,Las Vegas Aces @ Atlanta Dream,nan,PTS,18.2,13.9,10.4,17.4,10.4-17.4,18.5,-124.0,-105.5,,,-4.6,UNDER,HIGH,0.6246,0.5134,0.2166,21.7,0.05,ACTIVE,ACTIVE MARKET,True,,"v5 intelligence blend from stats.wnba.com+player_intelligence: season + recent form, usage, efficiency, minutes, pace, role score, and price lean. Intelligence: role 97.8, minutes STABLE, points UP.",Las Vegas Aces @ Atlanta Dream,Atlanta Dream,Las Vegas Aces,"[13.9, 13.0, 12.1, 15.2, 14.3]","[""ATL"", ""CHI"", ""DAL"", ""IND"", ""SEA""]",1.0,1.0,"[13.9, 13.0, 12.1, 15.2, 14.3]",13,97.8,STABLE,UP,wnba_player_intelligence
Flau'jae Johnson,nan,Seattle Storm @ New York Liberty,nan,PTS,13.8,8.5,5.0,12.0,5.0-12.0,13.5,-120.67,-109.33,,,-5.0,UNDER,HIGH,0.635,0.5223,0.2158,21.6,0.05,ACTIVE,ACTIVE MARKET,True,,"v5 intelligence blend from stats.wnba.com+player_intelligence: season + recent form, usage, efficiency, minutes, pace, role score, and price lean. Intelligence: role 90.5, minutes STABLE, points STABLE.",Seattle Storm @ New York Liberty,New York Liberty,Seattle Storm,"[6.7, 9.8, 8.9, 8.1, 7.2]","[""ATL"", ""CHI"", ""DAL"", ""IND"", ""SEA""]",1.0,1.0,"[8.5, 7.6, 6.7, 9.8, 8.9]",5,90.5,STABLE,STABLE,wnba_player_intelligence
Sydney Taylor,nan,Phoenix Mercury @ Chicago Sky,nan,PTS,14.7,11.9,8.4,15.4,8.4-15.4,17.5,-114.0,-115.33,,,-5.6,UNDER,HIGH,0.6506,0.5356,0.2147,21.5,0.05,ACTIVE,ACTIVE MARKET,True,,"v5 intelligence blend from stats.wnba.com+player_intelligence: season + recent form, usage, efficiency, minutes, pace, role score, and price lean. Intelligence: role 80.3, minutes UP, points UP.",Phoenix Mercury @ Chicago Sky,Chicago Sky,Phoenix Mercury,"[13.7, 12.8, 11.9, 11.0, 10.1]","[""ATL"", ""CHI"", ""DAL"", ""IND"", ""SEA""]",1.0,1.0,"[13.2, 12.3, 11.5, 10.6, 13.7]",9,80.3,UP,UP,wnba_player_intelligence
Sabrina Ionescu,nan,Seattle Storm @ New York Liberty,nan,PR,19.3,18.3,14.8,21.8,14.8-21.8,24.5,-112.5,-119.0,,,-6.2,UNDER,HIGH,0.66,0.5434,0.2146,21.5,0.05,ACTIVE,ACTIVE MARKET,True,,"v5 intelligence blend from stats.wnba.com+player_intelligence: season + recent form, usage, efficiency, minutes, pace, role score, and price lean. Intelligence: role 100.0, minutes UP, points UP.",Seattle Storm @ New York Liberty,New York Liberty,Seattle Storm,"[18.8, 17.9, 16.9, 20.1, 19.2]","[""ATL"", ""CHI"", ""DAL"", ""IND"", ""SEA""]",1.0,1.0,"[16.5, 19.7, 18.8, 17.9, 16.9]",5,100.0,UP,UP,wnba_player_intelligence
Breanna Stewart,nan,Seattle Storm @ New York Liberty,nan,PA,23.3,17.6,14.1,21.1,14.1-21.1,25.5,-112.0,-119.5,,,-7.9,UNDER,HIGH,0.66,0.5444,0.2123,21.2,0.05,ACTIVE,ACTIVE MARKET,True,,"v5 intelligence blend from stats.wnba.com+player_intelligence: season + recent form, usage, efficiency, minutes, pace, role score, and price lean. Intelligence: role 100.0, minutes STABLE, points STABLE.",Seattle Storm @ New York Liberty,New York Liberty,Seattle Storm,"[19.4, 18.5, 17.6, 16.7, 15.8]","[""ATL"", ""CHI"", ""DAL"", ""IND"", ""SEA""]",1.0,1.0,"[17.2, 16.2, 19.4, 18.5, 17.6]",5,100.0,STABLE,STABLE,wnba_player_intelligence
Veronica Burton,nan,Toronto Tempo @ Golden State Valkyries,nan,PTS,12.1,6.2,2.7,9.7,2.7-9.7,12.5,-109.2,-119.5,,,-6.3,UNDER,HIGH,0.66,0.5444,0.2123,21.2,0.05,BENEFICIARY,ACTIVE MARKET,True,Minutes/usage redistributed from unavailable teammates,"v5 intelligence blend from stats.wnba.com+player_intelligence: season + recent form, usage, efficiency, minutes, pace, role score, and price lean. Intelligence: role 94.6, minutes UP, points STABLE.",Toronto Tempo @ Golden State Valkyries,Golden State Valkyries,Toronto Tempo,"[6.7, 5.8, 4.8, 8.0, 7.1]","[""ATL"", ""CHI"", ""DAL"", ""IND"", ""SEA""]",1.0,1.0,"[7.6, 6.7, 5.8, 4.8, 8.0]",12,94.6,UP,STABLE,wnba_player_intelligence
Olivia Nelson-Ododa,nan,Connecticut Sun @ Dallas Wings,nan,PR,15.4,10.3,6.8,13.8,6.8-13.8,29.5,-120.0,-120.0,,,-19.2,UNDER,HIGH,0.66,0.5455,0.21,21.0,0.05,BENEFICIARY,ACTIVE MARKET,True,Minutes/usage redistributed from unavailable teammates,"v5 intelligence blend from stats.wnba.com+player_intelligence: season + recent form, usage, efficiency, minutes, pace, role score, and price lean. Intelligence: role 76.8, minutes UP, points STABLE.",Connecticut Sun @ Dallas Wings,Dallas Wings,Connecticut Sun,"[8.5, 11.7, 10.8, 9.9, 9.0]","[""ATL"", ""CHI"", ""DAL"", ""IND"", ""SEA""]",1.0,1.0,"[9.9, 9.0, 12.1, 11.2, 10.3]",7,76.8,UP,STABLE,wnba_player_intelligence
Kennedy Burke,nan,Connecticut Sun @ Dallas Wings,nan,PTS,7.9,1.3,-2.2,4.8,-2.2-4.8,12.5,-108.0,-120.0,,,-11.2,UNDER,HIGH,0.66,0.5455,0.21,21.0,0.05,BENEFICIARY,ACTIVE MARKET,True,Minutes/usage redistributed from unavailable teammates,"v5 intelligence blend from stats.wnba.com+player_intelligence: season + recent form, usage, efficiency, minutes, pace, role score, and price lean. Intelligence: role 79.2, minutes STABLE, points STABLE.",Connecticut Sun @ Dallas Wings,Dallas Wings,Connecticut Sun,"[1.8, 0.9, 0, 3.1, 2.2]","[""ATL"", ""CHI"", ""DAL"", ""IND"", ""SEA""]",1.0,1.0,"[3.1, 2.2, 1.3, 0.4, 0]",7,79.2,STABLE,STABLE,wnba_player_intelligence
Kahleah Copper,nan,Phoenix Mercury @ Chicago Sky,nan,PRA,25.5,19.0,15.5,22.5,15.5-22.5,28.5,-112.5,-120.0,,,-9.5,UNDER,HIGH,0.66,0.5455,0.21,21.0,0.05,ACTIVE,ACTIVE MARKET,True,,"v5 intelligence blend from stats.wnba.com+player_intelligence: season + recent form, usage, efficiency, minutes, pace, role score, and price lean. Intelligence: role 96.9, minutes STABLE, points STABLE.",Phoenix Mercury @ Chicago Sky,Chicago Sky,Phoenix Mercury,"[18.1, 17.2, 20.4, 19.4, 18.6]","[""ATL"", ""CHI"", ""DAL"", ""IND"", ""SEA""]",1.0,1.0,"[17.6, 20.8, 19.9, 19.0, 18.1]",9,96.9,STABLE,STABLE,wnba_player_intelligence
Jessica Shepard,nan,Connecticut Sun @ Dallas Wings,nan,PR,25.6,19.0,15.5,22.5,15.5-22.5,27.5,-115.0,-120.0,,,-8.5,UNDER,HIGH,0.66,0.5455,0.21,21.0,0.05,ACTIVE,ACTIVE MARKET,True,,"v5 intelligence blend from stats.wnba.com+player_intelligence: season + recent form, usage, efficiency, minutes, pace, role score, and price lean. Intelligence: role 100.0, minutes STABLE, points STABLE.",Connecticut Sun @ Dallas Wings,Dallas Wings,Connecticut Sun,"[17.6, 20.8, 19.9, 19.0, 18.1]","[""ATL"", ""CHI"", ""DAL"", ""IND"", ""SEA""]",1.0,1.0,"[19.0, 18.1, 17.2, 20.4, 19.4]",7,100.0,STABLE,STABLE,wnba_player_intelligence
Veronica Burton,nan,Toronto Tempo @ Golden State Valkyries,nan,PRA,20.8,15.5,12.0,19.0,12.0-19.0,22.5,-110.0,-120.0,,,-7.0,UNDER,HIGH,0.66,0.5455,0.21,21.0,0.05,BENEFICIARY,ACTIVE MARKET,True,Minutes/usage redistributed from unavailable teammates,"v5 intelligence blend from stats.wnba.com+player_intelligence: season + recent form, usage, efficiency, minutes, pace, role score, and price lean. Intelligence: role 94.6, minutes UP, points STABLE.",Toronto Tempo @ Golden State Valkyries,Golden State Valkyries,Toronto Tempo,"[15.1, 14.2, 17.3, 16.4, 15.5]","[""ATL"", ""CHI"", ""DAL"", ""IND"", ""SEA""]",1.0,1.0,"[15.9, 15.1, 14.2, 17.3, 16.4]",12,94.6,UP,STABLE,wnba_player_intelligence
A'ja Wilson,nan,Las Vegas Aces @ Atlanta Dream,nan,PR,35.3,31.0,27.5,34.5,27.5-34.5,35.5,-125.0,-106.0,,,-4.5,UNDER,HIGH,0.622,0.5146,0.2088,20.9,0.05,ACTIVE,ACTIVE MARKET,True,,"v5 intelligence blend from stats.wnba.com+player_intelligence: season + recent form, usage, efficiency, minutes, pace, role score, and price lean. Intelligence: role 97.2, minutes STABLE, points UP.",Las Vegas Aces @ Atlanta Dream,Atlanta Dream,Las Vegas Aces,"[31.0, 30.1, 29.2, 32.4, 31.4]","[""ATL"", ""CHI"", ""DAL"", ""IND"", ""SEA""]",1.0,1.0,"[31.0, 30.1, 29.2, 32.4, 31.4]",13,97.2,STABLE,UP,wnba_player_intelligence
Allisha Gray,nan,Las Vegas Aces @ Atlanta Dream,nan,PR,21.1,16.7,13.2,20.2,13.2-20.2,22.5,-112.5,-119.0,,,-5.8,UNDER,HIGH,0.6558,0.5434,0.2069,20.7,0.05,ACTIVE,ACTIVE MARKET,True,,"v5 intelligence blend from stats.wnba.com+player_intelligence: season + recent form, usage, efficiency, minutes, pace, role score, and price lean. Intelligence: role 97.8, minutes STABLE, points UP.",Las Vegas Aces @ Atlanta Dream,Atlanta Dream,Las Vegas Aces,"[16.7, 15.8, 14.9, 18.1, 17.1]","[""ATL"", ""CHI"", ""DAL"", ""IND"", ""SEA""]",1.0,1.0,"[16.7, 15.8, 14.9, 18.1, 17.1]",13,97.8,STABLE,UP,wnba_player_intelligence
Isabelle Harrison,nan,Toronto Tempo @ Golden State Valkyries,nan,PTS,13.8,6.8,3.3,10.3,3.3-10.3,11.5,-122.33,-108.33,,,-4.7,UNDER,HIGH,0.6272,0.52,0.2062,20.6,0.05,BENEFICIARY,ACTIVE MARKET,True,Minutes/usage redistributed from unavailable teammates,"v5 intelligence blend from stats.wnba.com+player_intelligence: season + recent form, usage, efficiency, minutes, pace, role score, and price lean. Intelligence: role 77.2, minutes STABLE, points STABLE.",Toronto Tempo @ Golden State Valkyries,Golden State Valkyries,Toronto Tempo,"[8.2, 7.2, 6.3, 5.4, 8.6]","[""ATL"", ""CHI"", ""DAL"", ""IND"", ""SEA""]",1.0,1.0,"[5.0, 8.2, 7.2, 6.3, 5.4]",12,77.2,STABLE,STABLE,wnba_player_intelligence
Rhyne Howard,nan,Las Vegas Aces @ Atlanta Dream,nan,PRA,22.9,14.5,11.0,18.0,11.0-18.0,24.5,-110.0,-121.0,,,-10.0,UNDER,HIGH,0.66,0.5475,0.2055,20.5,0.05,ACTIVE,ACTIVE MARKET,True,,"v5 intelligence blend from stats.wnba.com+player_intelligence: season + recent form, usage, efficiency, minutes, pace, role score, and price lean. Intelligence: role 100.0, minutes STABLE, points DOWN.",Las Vegas Aces @ Atlanta Dream,Atlanta Dream,Las Vegas Aces,"[13.2, 16.3, 15.4, 14.5, 13.6]","[""ATL"", ""CHI"", ""DAL"", ""IND"", ""SEA""]",1.0,1.0,"[13.2, 16.3, 15.4, 14.5, 13.6]",13,100.0,STABLE,DOWN,wnba_player_intelligence
Kahleah Copper,nan,Phoenix Mercury @ Chicago Sky,nan,PA,21.9,15.5,12.0,19.0,12.0-19.0,24.5,-111.5,-121.0,,,-9.0,UNDER,HIGH,0.66,0.5475,0.2055,20.5,0.05,ACTIVE,ACTIVE MARKET,True,,"v5 intelligence blend from stats.wnba.com+player_intelligence: season + recent form, usage, efficiency, minutes, pace, role score, and price lean. Intelligence: role 96.9, minutes STABLE, points STABLE.",Phoenix Mercury @ Chicago Sky,Chicago Sky,Phoenix Mercury,"[15.9, 15.1, 14.2, 17.3, 16.4]","[""ATL"", ""CHI"", ""DAL"", ""IND"", ""SEA""]",1.0,1.0,"[15.5, 14.6, 13.7, 16.9, 15.9]",9,96.9,STABLE,STABLE,wnba_player_intelligence
Kiki Rice,nan,Toronto Tempo @ Golden State Valkyries,nan,PTS,10.9,0.2,-3.3,3.7,-3.3-3.7,11.5,-113.0,-121.67,,,-11.3,UNDER,HIGH,0.66,0.5489,0.2025,20.2,0.05,BENEFICIARY,ACTIVE MARKET,True,Minutes/usage redistributed from unavailable teammates,"v5 intelligence blend from stats.wnba.com+player_intelligence: season + recent form, usage, efficiency, minutes, pace, role score, and price lean. Intelligence: role 76.7, minutes DOWN, points DOWN.",Toronto Tempo @ Golden State Valkyries,Golden State Valkyries,Toronto Tempo,"[0, 0, 1.6, 0.7, 0]","[""ATL"", ""CHI"", ""DAL"", ""IND"", ""SEA""]",1.0,1.0,"[0.2, 0, 0, 1.6, 0.7]",12,76.7,DOWN,DOWN,wnba_player_intelligence
Angel Reese,nan,Las Vegas Aces @ Atlanta Dream,nan,PRA,28.2,21.0,17.5,24.5,17.5-24.5,29.5,-109.67,-121.67,,,-8.5,UNDER,HIGH,0.66,0.5489,0.2025,20.2,0.05,ACTIVE,ACTIVE MARKET,True,,"v5 intelligence blend from stats.wnba.com+player_intelligence: season + recent form, usage, efficiency, minutes, pace, role score, and price lean. Intelligence: role 90.5, minutes STABLE, points STABLE.",Las Vegas Aces @ Atlanta Dream,Atlanta Dream,Las Vegas Aces,"[19.6, 22.8, 21.9, 21.0, 20.1]","[""ATL"", ""CHI"", ""DAL"", ""IND"", ""SEA""]",1.0,1.0,"[19.6, 22.8, 21.9, 21.0, 20.1]",13,90.5,STABLE,STABLE,wnba_player_intelligence
A'ja Wilson,nan,Las Vegas Aces @ Atlanta Dream,nan,PR,35.3,30.9,27.4,34.4,27.4-34.4,36.5,-115.0,-118.0,,,-5.6,UNDER,HIGH,0.6506,0.5413,0.202,20.2,0.05,ACTIVE,ACTIVE MARKET,True,,"v5 intelligence blend from stats.wnba.com+player_intelligence: season + recent form, usage, efficiency, minutes, pace, role score, and price lean. Intelligence: role 97.2, minutes STABLE, points UP.",Las Vegas Aces @ Atlanta Dream,Atlanta Dream,Las Vegas Aces,"[30.9, 30.0, 29.1, 32.2, 31.3]","[""ATL"", ""CHI"", ""DAL"", ""IND"", ""SEA""]",1.0,1.0,"[30.9, 30.0, 29.1, 32.2, 31.3]",13,97.2,STABLE,UP,wnba_player_intelligence
Diamond Miller,nan,Connecticut Sun @ Dallas Wings,nan,PTS,8.9,3.0,-0.5,6.5,-0.5-6.5,17.5,-106.0,-122.0,,,-14.5,UNDER,HIGH,0.66,0.5495,0.201,20.1,0.05,BENEFICIARY,ACTIVE MARKET,True,Minutes/usage redistributed from unavailable teammates,"v5 intelligence blend from stats.wnba.com+player_intelligence: season + recent form, usage, efficiency, minutes, pace, role score, and price lean. Intelligence: role 79.0, minutes STABLE, points STABLE.",Connecticut Sun @ Dallas Wings,Dallas Wings,Connecticut Sun,"[3.5, 2.5, 1.6, 4.8, 3.9]","[""ATL"", ""CHI"", ""DAL"", ""IND"", ""SEA""]",1.0,1.0,"[4.8, 3.9, 3.0, 2.1, 1.2]",7,79.0,STABLE,STABLE,wnba_player_intelligence
Nyara Sabally,nan,Toronto Tempo @ Golden State Valkyries,nan,PR,15.6,7.9,4.4,11.4,4.4-11.4,14.5,-111.0,-122.0,,,-6.6,UNDER,HIGH,0.66,0.5495,0.201,20.1,0.05,BENEFICIARY,ACTIVE MARKET,True,Minutes/usage redistributed from unavailable teammates,"v5 intelligence blend from stats.wnba.com+player_intelligence: season + recent form, usage, efficiency, minutes, pace, role score, and price lean. Intelligence: role 74.4, minutes STABLE, points STABLE.",Toronto Tempo @ Golden State Valkyries,Golden State Valkyries,Toronto Tempo,"[6.6, 9.7, 8.8, 7.9, 7.0]","[""ATL"", ""CHI"", ""DAL"", ""IND"", ""SEA""]",1.0,1.0,"[7.5, 6.6, 9.7, 8.8, 7.9]",12,74.4,STABLE,STABLE,wnba_player_intelligence
Alyssa Thomas,nan,Phoenix Mercury @ Chicago Sky,nan,PR,21.2,17.5,14.0,21.0,14.0-21.0,23.5,-108.0,-122.0,,,-6.0,UNDER,HIGH,0.66,0.5495,0.201,20.1,0.05,ACTIVE,ACTIVE MARKET,True,,"v5 intelligence blend from stats.wnba.com+player_intelligence: season + recent form, usage, efficiency, minutes, pace, role score, and price lean. Intelligence: role 100.0, minutes UP, points STABLE.",Phoenix Mercury @ Chicago Sky,Chicago Sky,Phoenix Mercury,"[17.9, 17.1, 16.1, 19.3, 18.4]","[""ATL"", ""CHI"", ""DAL"", ""IND"", ""SEA""]",1.0,1.0,"[17.5, 16.6, 15.7, 18.9, 17.9]",9,100.0,UP,STABLE,wnba_player_intelligence
Maria Conde,nan,Toronto Tempo @ Golden State Valkyries,nan,PRA,16.2,11.2,7.7,14.7,7.7-14.7,17.5,-106.5,-122.5,,,-6.3,UNDER,HIGH,0.66,0.5506,0.1988,19.9,0.05,BENEFICIARY,ACTIVE MARKET,True,Minutes/usage redistributed from unavailable teammates,"v5 intelligence blend from stats.wnba.com+player_intelligence: season + recent form, usage, efficiency, minutes, pace, role score, and price lean. Intelligence: role 90.7, minutes STABLE, points STABLE.",Toronto Tempo @ Golden State Valkyries,Golden State Valkyries,Toronto Tempo,"[10.3, 9.4, 12.5, 11.6, 10.8]","[""ATL"", ""CHI"", ""DAL"", ""IND"", ""SEA""]",1.0,1.0,"[11.2, 10.3, 9.4, 12.5, 11.6]",12,90.7,STABLE,STABLE,wnba_player_intelligence
Alyssa Thomas,nan,Phoenix Mercury @ Chicago Sky,nan,PA,22.6,19.0,15.5,22.5,15.5-22.5,23.5,-122.0,-108.0,,,-4.5,UNDER,HIGH,0.622,0.5192,0.1979,19.8,0.05,ACTIVE,ACTIVE MARKET,True,,"v5 intelligence blend from stats.wnba.com+player_intelligence: season + recent form, usage, efficiency, minutes, pace, role score, and price lean. Intelligence: role 100.0, minutes UP, points STABLE.",Phoenix Mercury @ Chicago Sky,Chicago Sky,Phoenix Mercury,"[19.9, 19.0, 18.1, 17.2, 20.4]","[""ATL"", ""CHI"", ""DAL"", ""IND"", ""SEA""]",1.0,1.0,"[19.4, 18.6, 17.6, 20.8, 19.9]",9,100.0,UP,STABLE,wnba_player_intelligence
A'ja Wilson,nan,Las Vegas Aces @ Atlanta Dream,nan,PRA,38.4,34.4,30.9,37.9,30.9-37.9,39.5,-114.0,-114.0,,,-5.1,UNDER,HIGH,0.6376,0.5327,0.1969,19.7,0.05,ACTIVE,ACTIVE MARKET,True,,"v5 intelligence blend from stats.wnba.com+player_intelligence: season + recent form, usage, efficiency, minutes, pace, role score, and price lean. Intelligence: role 97.2, minutes STABLE, points UP.",Las Vegas Aces @ Atlanta Dream,Atlanta Dream,Las Vegas Aces,"[33.5, 32.6, 35.8, 34.9, 33.9]","[""ATL"", ""CHI"", ""DAL"", ""IND"", ""SEA""]",1.0,1.0,"[33.5, 32.6, 35.8, 34.9, 33.9]",13,97.2,STABLE,UP,wnba_player_intelligence
Sydney Taylor,nan,Phoenix Mercury @ Chicago Sky,nan,PRA,18.0,15.9,12.4,19.4,12.4-19.4,22.5,-110.0,-123.0,,,-6.6,UNDER,HIGH,0.66,0.5516,0.1966,19.7,0.05,ACTIVE,ACTIVE MARKET,True,,"v5 intelligence blend from stats.wnba.com+player_intelligence: season + recent form, usage, efficiency, minutes, pace, role score, and price lean. Intelligence: role 80.3, minutes UP, points UP.",Phoenix Mercury @ Chicago Sky,Chicago Sky,Phoenix Mercury,"[16.8, 15.9, 15.0, 14.1, 17.2]","[""ATL"", ""CHI"", ""DAL"", ""IND"", ""SEA""]",1.0,1.0,"[16.4, 15.5, 14.6, 17.7, 16.8]",9,80.3,UP,UP,wnba_player_intelligence
Laura Juskaite,nan,Toronto Tempo @ Golden State Valkyries,nan,PTS,9.7,4.0,0.5,7.5,0.5-7.5,10.5,-35.67,-123.0,,,-6.5,UNDER,HIGH,0.66,0.5516,0.1966,19.7,0.05,BENEFICIARY,ACTIVE MARKET,True,Minutes/usage redistributed from unavailable teammates,"v5 intelligence blend from stats.wnba.com+player_intelligence: season + recent form, usage, efficiency, minutes, pace, role score, and price lean. Intelligence: role 86.7, minutes UP, points STABLE.",Toronto Tempo @ Golden State Valkyries,Golden State Valkyries,Toronto Tempo,"[5.3, 4.5, 3.5, 2.6, 5.8]","[""ATL"", ""CHI"", ""DAL"", ""IND"", ""SEA""]",1.0,1.0,"[2.2, 5.3, 4.5, 3.5, 2.6]",12,86.7,UP,STABLE,wnba_player_intelligence
Isabelle Harrison,nan,Toronto Tempo @ Golden State Valkyries,nan,PR,20.1,13.1,9.6,16.6,9.6-16.6,17.5,-124.0,-107.5,,,-4.4,UNDER,HIGH,0.6194,0.5181,0.1956,19.6,0.05,BENEFICIARY,ACTIVE MARKET,True,Minutes/usage redistributed from unavailable teammates,"v5 intelligence blend from stats.wnba.com+player_intelligence: season + recent form, usage, efficiency, minutes, pace, role score, and price lean. Intelligence: role 77.2, minutes STABLE, points STABLE.",Toronto Tempo @ Golden State Valkyries,Golden State Valkyries,Toronto Tempo,"[14.4, 13.5, 12.7, 11.8, 14.9]","[""ATL"", ""CHI"", ""DAL"", ""IND"", ""SEA""]",1.0,1.0,"[11.3, 14.4, 13.5, 12.7, 11.8]",12,77.2,STABLE,STABLE,wnba_player_intelligence
A'ja Wilson,nan,Las Vegas Aces @ Atlanta Dream,nan,PA,29.0,25.1,21.6,28.6,21.6-28.6,29.5,-122.0,-108.0,,,-4.4,UNDER,HIGH,0.6194,0.5192,0.1929,19.3,0.05,ACTIVE,ACTIVE MARKET,True,,"v5 intelligence blend from stats.wnba.com+player_intelligence: season + recent form, usage, efficiency, minutes, pace, role score, and price lean. Intelligence: role 97.2, minutes STABLE, points UP.",Las Vegas Aces @ Atlanta Dream,Atlanta Dream,Las Vegas Aces,"[25.6, 24.7, 23.8, 26.9, 26.0]","[""ATL"", ""CHI"", ""DAL"", ""IND"", ""SEA""]",1.0,1.0,"[25.6, 24.7, 23.8, 26.9, 26.0]",13,97.2,STABLE,UP,wnba_player_intelligence
Allisha Gray,nan,Las Vegas Aces @ Atlanta Dream,nan,PA,20.3,16.0,12.5,19.5,12.5-19.5,21.5,-112.5,-119.0,,,-5.5,UNDER,HIGH,0.648,0.5434,0.1925,19.2,0.05,ACTIVE,ACTIVE MARKET,True,,"v5 intelligence blend from stats.wnba.com+player_intelligence: season + recent form, usage, efficiency, minutes, pace, role score, and price lean. Intelligence: role 97.8, minutes STABLE, points UP.",Las Vegas Aces @ Atlanta Dream,Atlanta Dream,Las Vegas Aces,"[16.4, 15.6, 14.7, 17.8, 16.9]","[""ATL"", ""CHI"", ""DAL"", ""IND"", ""SEA""]",1.0,1.0,"[16.4, 15.6, 14.7, 17.8, 16.9]",13,97.8,STABLE,UP,wnba_player_intelligence
Nyara Sabally,nan,Toronto Tempo @ Golden State Valkyries,nan,PTS,11.1,3.8,0.3,7.3,0.3-7.3,10.5,-29.8,-124.0,,,-6.7,UNDER,HIGH,0.66,0.5536,0.1923,19.2,0.05,BENEFICIARY,ACTIVE MARKET,True,Minutes/usage redistributed from unavailable teammates,"v5 intelligence blend from stats.wnba.com+player_intelligence: season + recent form, usage, efficiency, minutes, pace, role score, and price lean. Intelligence: role 74.4, minutes STABLE, points STABLE.",Toronto Tempo @ Golden State Valkyries,Golden State Valkyries,Toronto Tempo,"[2.4, 5.6, 4.7, 3.8, 2.9]","[""ATL"", ""CHI"", ""DAL"", ""IND"", ""SEA""]",1.0,1.0,"[3.3, 2.4, 5.6, 4.7, 3.8]",12,74.4,STABLE,STABLE,wnba_player_intelligence
Kamilla Cardoso,nan,Phoenix Mercury @ Chicago Sky,nan,PTS,13.8,6.6,3.1,10.1,3.1-10.1,14.5,-39.67,-124.33,,,-7.9,UNDER,HIGH,0.66,0.5542,0.1908,19.1,0.05,ACTIVE,ACTIVE MARKET,True,,"v5 intelligence blend from stats.wnba.com+player_intelligence: season + recent form, usage, efficiency, minutes, pace, role score, and price lean. Intelligence: role 82.9, minutes STABLE, points STABLE.",Phoenix Mercury @ Chicago Sky,Chicago Sky,Phoenix Mercury,"[7.9, 7.0, 6.1, 5.2, 8.4]","[""ATL"", ""CHI"", ""DAL"", ""IND"", ""SEA""]",1.0,1.0,"[7.5, 6.6, 5.7, 4.8, 7.9]",9,82.9,STABLE,STABLE,wnba_player_intelligence
Kahleah Copper,nan,Phoenix Mercury @ Chicago Sky,nan,PR,23.8,16.9,13.4,20.4,13.4-20.4,26.5,-108.0,-124.5,,,-9.6,UNDER,HIGH,0.66,0.5546,0.1901,19.0,0.05,ACTIVE,ACTIVE MARKET,True,,"v5 intelligence blend from stats.wnba.com+player_intelligence: season + recent form, usage, efficiency, minutes, pace, role score, and price lean. Intelligence: role 96.9, minutes STABLE, points STABLE.",Phoenix Mercury @ Chicago Sky,Chicago Sky,Phoenix Mercury,"[16.9, 16.0, 15.1, 18.2, 17.3]","[""ATL"", ""CHI"", ""DAL"", ""IND"", ""SEA""]",1.0,1.0,"[16.4, 15.5, 18.7, 17.8, 16.9]",9,96.9,STABLE,STABLE,wnba_player_intelligence
Jordin Canada,nan,Las Vegas Aces @ Atlanta Dream,nan,PTS,10.7,5.2,1.7,8.7,1.7-8.7,10.5,-112.0,-117.5,,,-5.3,UNDER,HIGH,0.6428,0.5402,0.1899,19.0,0.05,ACTIVE,ACTIVE MARKET,True,,"v5 intelligence blend from stats.wnba.com+player_intelligence: season + recent form, usage, efficiency, minutes, pace, role score, and price lean. Intelligence: role 99.7, minutes STABLE, points STABLE.",Las Vegas Aces @ Atlanta Dream,Atlanta Dream,Las Vegas Aces,"[3.4, 6.6, 5.7, 4.8, 3.9]","[""ATL"", ""CHI"", ""DAL"", ""IND"", ""SEA""]",1.0,1.0,"[3.4, 6.6, 5.7, 4.8, 3.9]",13,99.7,STABLE,STABLE,wnba_player_intelligence
Kahleah Copper,nan,Phoenix Mercury @ Chicago Sky,nan,PTS,20.2,13.1,9.6,16.6,9.6-16.6,22.5,-39.33,-124.67,,,-9.4,UNDER,HIGH,0.66,0.5549,0.1894,18.9,0.05,ACTIVE,ACTIVE MARKET,True,,"v5 intelligence blend from stats.wnba.com+player_intelligence: season + recent form, usage, efficiency, minutes, pace, role score, and price lean. Intelligence: role 96.9, minutes STABLE, points STABLE.",Phoenix Mercury @ Chicago Sky,Chicago Sky,Phoenix Mercury,"[13.1, 12.2, 11.3, 14.4, 13.5]","[""ATL"", ""CHI"", ""DAL"", ""IND"", ""SEA""]",1.0,1.0,"[12.7, 11.8, 14.9, 14.0, 13.1]",9,96.9,STABLE,STABLE,wnba_player_intelligence
Jackie Young,nan,Las Vegas Aces @ Atlanta Dream,nan,PRA,27.8,21.6,18.1,25.1,18.1-25.1,30.5,-106.0,-124.67,,,-8.9,UNDER,HIGH,0.66,0.5549,0.1894,18.9,0.05,ACTIVE,ACTIVE MARKET,True,,"v5 intelligence blend from stats.wnba.com+player_intelligence: season + recent form, usage, efficiency, minutes, pace, role score, and price lean. Intelligence: role 94.9, minutes DOWN, points STABLE.",Las Vegas Aces @ Atlanta Dream,Atlanta Dream,Las Vegas Aces,"[20.2, 23.4, 22.5, 21.6, 20.7]","[""ATL"", ""CHI"", ""DAL"", ""IND"", ""SEA""]",1.0,1.0,"[20.2, 23.4, 22.5, 21.6, 20.7]",13,94.9,DOWN,STABLE,wnba_player_intelligence
Olivia Nelson-Ododa,nan,Connecticut Sun @ Dallas Wings,nan,PTS,9.6,3.9,0.4,7.4,0.4-7.4,14.5,-110.0,-125.0,,,-10.6,UNDER,HIGH,0.66,0.5556,0.188,18.8,0.05,BENEFICIARY,ACTIVE MARKET,True,Minutes/usage redistributed from unavailable teammates,"v5 intelligence blend from stats.wnba.com+player_intelligence: season + recent form, usage, efficiency, minutes, pace, role score, and price lean. Intelligence: role 76.8, minutes UP, points STABLE.",Connecticut Sun @ Dallas Wings,Dallas Wings,Connecticut Sun,"[2.1, 5.2, 4.3, 3.4, 2.5]","[""ATL"", ""CHI"", ""DAL"", ""IND"", ""SEA""]",1.0,1.0,"[3.4, 2.5, 5.7, 4.8, 3.9]",7,76.8,UP,STABLE,wnba_player_intelligence
Angel Reese,nan,Las Vegas Aces @ Atlanta Dream,nan,PR,25.8,18.5,15.0,22.0,15.0-22.0,27.5,-108.0,-125.0,,,-9.0,UNDER,HIGH,0.66,0.5556,0.188,18.8,0.05,ACTIVE,ACTIVE MARKET,True,,"v5 intelligence blend from stats.wnba.com+player_intelligence: season + recent form, usage, efficiency, minutes, pace, role score, and price lean. Intelligence: role 90.5, minutes STABLE, points STABLE.",Las Vegas Aces @ Atlanta Dream,Atlanta Dream,Las Vegas Aces,"[18.1, 17.1, 20.3, 19.4, 18.5]","[""ATL"", ""CHI"", ""DAL"", ""IND"", ""SEA""]",1.0,1.0,"[18.1, 17.1, 20.3, 19.4, 18.5]",13,90.5,STABLE,STABLE,wnba_player_intelligence
Jonquel Jones,nan,Seattle Storm @ New York Liberty,nan,PR,23.1,16.2,12.7,19.7,12.7-19.7,23.5,-104.0,-125.0,,,-7.3,UNDER,HIGH,0.66,0.5556,0.188,18.8,0.05,ACTIVE,ACTIVE MARKET,True,,"v5 intelligence blend from stats.wnba.com+player_intelligence: season + recent form, usage, efficiency, minutes, pace, role score, and price lean. Intelligence: role 89.1, minutes STABLE, points STABLE.",Seattle Storm @ New York Liberty,New York Liberty,Seattle Storm,"[14.4, 17.6, 16.6, 15.8, 14.8]","[""ATL"", ""CHI"", ""DAL"", ""IND"", ""SEA""]",1.0,1.0,"[16.2, 15.3, 14.4, 17.6, 16.6]",5,89.1,STABLE,STABLE,wnba_player_intelligence
A'ja Wilson,nan,Las Vegas Aces @ Atlanta Dream,nan,PRA,38.4,34.3,30.8,37.8,30.8-37.8,40.5,-105.5,-125.0,,,-6.2,UNDER,HIGH,0.66,0.5556,0.188,18.8,0.05,ACTIVE,ACTIVE MARKET,True,,"v5 intelligence blend from stats.wnba.com+player_intelligence: season + recent form, usage, efficiency, minutes, pace, role score, and price lean. Intelligence: role 97.2, minutes STABLE, points UP.",Las Vegas Aces @ Atlanta Dream,Atlanta Dream,Las Vegas Aces,"[33.4, 32.5, 35.6, 34.8, 33.8]","[""ATL"", ""CHI"", ""DAL"", ""IND"", ""SEA""]",1.0,1.0,"[33.4, 32.5, 35.6, 34.8, 33.8]",13,97.2,STABLE,UP,wnba_player_intelligence
A'ja Wilson,nan,Las Vegas Aces @ Atlanta Dream,nan,PA,29.0,25.0,21.5,28.5,21.5-28.5,30.5,-113.0,-120.0,,,-5.5,UNDER,HIGH,0.648,0.5455,0.188,18.8,0.05,ACTIVE,ACTIVE MARKET,True,,"v5 intelligence blend from stats.wnba.com+player_intelligence: season + recent form, usage, efficiency, minutes, pace, role score, and price lean. Intelligence: role 97.2, minutes STABLE, points UP.",Las Vegas Aces @ Atlanta Dream,Atlanta Dream,Las Vegas Aces,"[25.4, 24.6, 23.6, 26.8, 25.9]","[""ATL"", ""CHI"", ""DAL"", ""IND"", ""SEA""]",1.0,1.0,"[25.4, 24.6, 23.6, 26.8, 25.9]",13,97.2,STABLE,UP,wnba_player_intelligence
Awa Fam,nan,Seattle Storm @ New York Liberty,nan,PRA,19.1,14.1,10.6,17.6,10.6-17.6,19.5,-111.0,-119.33,,,-5.4,UNDER,HIGH,0.6454,0.5441,0.1863,18.6,0.05,ACTIVE,ACTIVE MARKET,True,,"v5 intelligence blend from stats.wnba.com+player_intelligence: season + recent form, usage, efficiency, minutes, pace, role score, and price lean. Intelligence: role 97.0, minutes STABLE, points STABLE.",Seattle Storm @ New York Liberty,New York Liberty,Seattle Storm,"[13.7, 12.8, 15.9, 15.0, 14.1]","[""ATL"", ""CHI"", ""DAL"", ""IND"", ""SEA""]",1.0,1.0,"[15.4, 14.5, 13.7, 12.8, 15.9]",5,97.0,STABLE,STABLE,wnba_player_intelligence
Jackie Young,nan,Las Vegas Aces @ Atlanta Dream,nan,PA,23.8,17.4,13.9,20.9,13.9-20.9,26.5,-107.0,-125.5,,,-9.1,UNDER,HIGH,0.66,0.5565,0.1859,18.6,0.05,ACTIVE,ACTIVE MARKET,True,,"v5 intelligence blend from stats.wnba.com+player_intelligence: season + recent form, usage, efficiency, minutes, pace, role score, and price lean. Intelligence: role 94.9, minutes DOWN, points STABLE.",Las Vegas Aces @ Atlanta Dream,Atlanta Dream,Las Vegas Aces,"[17.4, 16.5, 15.6, 18.8, 17.8]","[""ATL"", ""CHI"", ""DAL"", ""IND"", ""SEA""]",1.0,1.0,"[17.4, 16.5, 15.6, 18.8, 17.8]",13,94.9,DOWN,STABLE,wnba_player_intelligence
Kayla Thornton,nan,Toronto Tempo @ Golden State Valkyries,nan,PR,13.3,6.8,3.3,10.3,3.3-10.3,14.5,-107.0,-125.5,,,-7.7,UNDER,HIGH,0.66,0.5565,0.1859,18.6,0.05,BENEFICIARY,ACTIVE MARKET,True,Minutes/usage redistributed from unavailable teammates,"v5 intelligence blend from stats.wnba.com+player_intelligence: season + recent form, usage, efficiency, minutes, pace, role score, and price lean. Intelligence: role 82.9, minutes STABLE, points STABLE.",Toronto Tempo @ Golden State Valkyries,Golden State Valkyries,Toronto Tempo,"[7.2, 6.3, 5.4, 8.6, 7.7]","[""ATL"", ""CHI"", ""DAL"", ""IND"", ""SEA""]",1.0,1.0,"[8.2, 7.2, 6.3, 5.4, 8.6]",12,82.9,STABLE,STABLE,wnba_player_intelligence
Sabrina Ionescu,nan,Seattle Storm @ New York Liberty,nan,PRA,23.8,23.1,19.6,26.6,19.6-26.6,30.5,-105.0,-126.0,,,-7.4,UNDER,HIGH,0.66,0.5575,0.1838,18.4,0.05,ACTIVE,ACTIVE MARKET,True,,"v5 intelligence blend from stats.wnba.com+player_intelligence: season + recent form, usage, efficiency, minutes, pace, role score, and price lean. Intelligence: role 100.0, minutes UP, points UP.",Seattle Storm @ New York Liberty,New York Liberty,Seattle Storm,"[22.7, 21.8, 24.9, 24.0, 23.1]","[""ATL"", ""CHI"", ""DAL"", ""IND"", ""SEA""]",1.0,1.0,"[24.5, 23.6, 22.7, 21.8, 24.9]",5,100.0,UP,UP,wnba_player_intelligence
Chelsea Gray,nan,Las Vegas Aces @ Atlanta Dream,nan,PR,15.8,10.3,6.8,13.8,6.8-13.8,14.5,-122.0,-108.0,,,-4.2,UNDER,HIGH,0.6142,0.5192,0.1829,18.3,0.0494,ACTIVE,ACTIVE MARKET,True,,"v5 intelligence blend from stats.wnba.com+player_intelligence: season + recent form, usage, efficiency, minutes, pace, role score, and price lean. Intelligence: role 100.0, minutes STABLE, points STABLE.",Las Vegas Aces @ Atlanta Dream,Atlanta Dream,Las Vegas Aces,"[10.3, 9.4, 8.5, 11.7, 10.8]","[""ATL"", ""CHI"", ""DAL"", ""IND"", ""SEA""]",1.0,1.0,"[10.3, 9.4, 8.5, 11.7, 10.8]",13,100.0,STABLE,STABLE,wnba_player_intelligence
Angel Reese,nan,Las Vegas Aces @ Atlanta Dream,nan,PTS,14.8,8.0,4.5,11.5,4.5-11.5,15.5,-54.25,-126.25,,,-7.5,UNDER,HIGH,0.66,0.558,0.1828,18.3,0.05,ACTIVE,ACTIVE MARKET,True,,"v5 intelligence blend from stats.wnba.com+player_intelligence: season + recent form, usage, efficiency, minutes, pace, role score, and price lean. Intelligence: role 90.5, minutes STABLE, points STABLE.",Las Vegas Aces @ Atlanta Dream,Atlanta Dream,Las Vegas Aces,"[7.5, 6.7, 9.8, 8.9, 8.0]","[""ATL"", ""CHI"", ""DAL"", ""IND"", ""SEA""]",1.0,1.0,"[7.5, 6.7, 9.8, 8.9, 8.0]",13,90.5,STABLE,STABLE,wnba_player_intelligence
Kiki Rice,nan,Toronto Tempo @ Golden State Valkyries,nan,PRA,17.5,6.7,3.2,10.2,3.2-10.2,18.5,-103.5,-126.5,,,-11.8,UNDER,HIGH,0.66,0.5585,0.1817,18.2,0.05,BENEFICIARY,ACTIVE MARKET,True,Minutes/usage redistributed from unavailable teammates,"v5 intelligence blend from stats.wnba.com+player_intelligence: season + recent form, usage, efficiency, minutes, pace, role score, and price lean. Intelligence: role 76.7, minutes DOWN, points DOWN.",Toronto Tempo @ Golden State Valkyries,Golden State Valkyries,Toronto Tempo,"[4.9, 8.1, 7.2, 6.2, 5.3]","[""ATL"", ""CHI"", ""DAL"", ""IND"", ""SEA""]",1.0,1.0,"[5.8, 4.9, 8.1, 7.2, 6.2]",12,76.7,DOWN,DOWN,wnba_player_intelligence
Janelle Salaun,nan,Toronto Tempo @ Golden State Valkyries,nan,PTS,12.8,5.0,1.5,8.5,1.5-8.5,12.5,-66.0,-126.5,,,-7.5,UNDER,HIGH,0.66,0.5585,0.1817,18.2,0.05,BENEFICIARY,ACTIVE MARKET,True,Minutes/usage redistributed from unavailable teammates,"v5 intelligence blend from stats.wnba.com+player_intelligence: season + recent form, usage, efficiency, minutes, pace, role score, and price lean. Intelligence: role 75.2, minutes STABLE, points STABLE.",Toronto Tempo @ Golden State Valkyries,Golden State Valkyries,Toronto Tempo,"[4.5, 3.6, 6.8, 5.9, 5.0]","[""ATL"", ""CHI"", ""DAL"", ""IND"", ""SEA""]",1.0,1.0,"[5.5, 4.5, 3.6, 6.8, 5.9]",12,75.2,STABLE,STABLE,wnba_player_intelligence
Jordin Canada,nan,Las Vegas Aces @ Atlanta Dream,nan,PR,14.2,8.5,5.0,12.0,5.0-12.0,14.5,-105.5,-126.5,,,-6.0,UNDER,HIGH,0.66,0.5585,0.1817,18.2,0.05,ACTIVE,ACTIVE MARKET,True,,"v5 intelligence blend from stats.wnba.com+player_intelligence: season + recent form, usage, efficiency, minutes, pace, role score, and price lean. Intelligence: role 99.7, minutes STABLE, points STABLE.",Las Vegas Aces @ Atlanta Dream,Atlanta Dream,Las Vegas Aces,"[6.7, 9.8, 8.9, 8.1, 7.2]","[""ATL"", ""CHI"", ""DAL"", ""IND"", ""SEA""]",1.0,1.0,"[6.7, 9.8, 8.9, 8.1, 7.2]",13,99.7,STABLE,STABLE,wnba_player_intelligence
Kamilla Cardoso,nan,Phoenix Mercury @ Chicago Sky,nan,PRA,24.3,17.4,13.9,20.9,13.9-20.9,25.5,-107.0,-127.0,,,-8.1,UNDER,HIGH,0.66,0.5595,0.1797,18.0,0.05,ACTIVE,ACTIVE MARKET,True,,"v5 intelligence blend from stats.wnba.com+player_intelligence: season + recent form, usage, efficiency, minutes, pace, role score, and price lean. Intelligence: role 82.9, minutes STABLE, points STABLE.",Phoenix Mercury @ Chicago Sky,Chicago Sky,Phoenix Mercury,"[17.8, 16.9, 16.0, 19.2, 18.3]","[""ATL"", ""CHI"", ""DAL"", ""IND"", ""SEA""]",1.0,1.0,"[17.4, 16.5, 15.6, 18.8, 17.8]",9,82.9,STABLE,STABLE,wnba_player_intelligence
Kiki Rice,nan,Toronto Tempo @ Golden State Valkyries,nan,PR,14.9,4.0,0.5,7.5,0.5-7.5,16.5,-106.0,-128.0,,,-12.5,UNDER,HIGH,0.66,0.5614,0.1756,17.6,0.05,BENEFICIARY,ACTIVE MARKET,True,Minutes/usage redistributed from unavailable teammates,"v5 intelligence blend from stats.wnba.com+player_intelligence: season + recent form, usage, efficiency, minutes, pace, role score, and price lean. Intelligence: role 76.7, minutes DOWN, points DOWN.",Toronto Tempo @ Golden State Valkyries,Golden State Valkyries,Toronto Tempo,"[3.1, 2.2, 5.3, 4.5, 3.5]","[""ATL"", ""CHI"", ""DAL"", ""IND"", ""SEA""]",1.0,1.0,"[4.0, 3.1, 2.2, 5.3, 4.5]",12,76.7,DOWN,DOWN,wnba_player_intelligence
Kiki Rice,nan,Toronto Tempo @ Golden State Valkyries,nan,PR,14.9,4.0,0.5,7.5,0.5-7.5,15.5,-104.0,-128.0,,,-11.5,UNDER,HIGH,0.66,0.5614,0.1756,17.6,0.05,BENEFICIARY,ACTIVE MARKET,True,Minutes/usage redistributed from unavailable teammates,"v5 intelligence blend from stats.wnba.com+player_intelligence: season + recent form, usage, efficiency, minutes, pace, role score, and price lean. Intelligence: role 76.7, minutes DOWN, points DOWN.",Toronto Tempo @ Golden State Valkyries,Golden State Valkyries,Toronto Tempo,"[3.1, 2.2, 5.3, 4.5, 3.5]","[""ATL"", ""CHI"", ""DAL"", ""IND"", ""SEA""]",1.0,1.0,"[4.0, 3.1, 2.2, 5.3, 4.5]",12,76.7,DOWN,DOWN,wnba_player_intelligence
Janelle Salaun,nan,Toronto Tempo @ Golden State Valkyries,nan,PR,16.7,8.9,5.4,12.4,5.4-12.4,16.5,-105.0,-128.0,,,-7.6,UNDER,HIGH,0.66,0.5614,0.1756,17.6,0.05,BENEFICIARY,ACTIVE MARKET,True,Minutes/usage redistributed from unavailable teammates,"v5 intelligence blend from stats.wnba.com+player_intelligence: season + recent form, usage, efficiency, minutes, pace, role score, and price lean. Intelligence: role 75.2, minutes STABLE, points STABLE.",Toronto Tempo @ Golden State Valkyries,Golden State Valkyries,Toronto Tempo,"[8.5, 7.6, 10.7, 9.8, 8.9]","[""ATL"", ""CHI"", ""DAL"", ""IND"", ""SEA""]",1.0,1.0,"[9.3, 8.5, 7.6, 10.7, 9.8]",12,75.2,STABLE,STABLE,wnba_player_intelligence
Allisha Gray,nan,Las Vegas Aces @ Atlanta Dream,nan,PRA,23.2,18.8,15.3,22.3,15.3-22.3,25.5,-103.5,-128.0,,,-6.7,UNDER,HIGH,0.66,0.5614,0.1756,17.6,0.05,ACTIVE,ACTIVE MARKET,True,,"v5 intelligence blend from stats.wnba.com+player_intelligence: season + recent form, usage, efficiency, minutes, pace, role score, and price lean. Intelligence: role 97.8, minutes STABLE, points UP.",Las Vegas Aces @ Atlanta Dream,Atlanta Dream,Las Vegas Aces,"[17.9, 17.0, 20.2, 19.2, 18.4]","[""ATL"", ""CHI"", ""DAL"", ""IND"", ""SEA""]",1.0,1.0,"[17.9, 17.0, 20.2, 19.2, 18.4]",13,97.8,STABLE,UP,wnba_player_intelligence
Jonquel Jones,nan,Seattle Storm @ New York Liberty,nan,PRA,25.9,19.9,16.4,23.4,16.4-23.4,26.5,-104.0,-128.0,,,-6.6,UNDER,HIGH,0.66,0.5614,0.1756,17.6,0.05,ACTIVE,ACTIVE MARKET,True,,"v5 intelligence blend from stats.wnba.com+player_intelligence: season + recent form, usage, efficiency, minutes, pace, role score, and price lean. Intelligence: role 89.1, minutes STABLE, points STABLE.",Seattle Storm @ New York Liberty,New York Liberty,Seattle Storm,"[21.2, 20.3, 19.4, 18.5, 21.7]","[""ATL"", ""CHI"", ""DAL"", ""IND"", ""SEA""]",1.0,1.0,"[19.0, 18.1, 21.2, 20.3, 19.4]",5,89.1,STABLE,STABLE,wnba_player_intelligence
Flau'jae Johnson,nan,Seattle Storm @ New York Liberty,nan,PA,16.6,11.3,7.8,14.8,7.8-14.8,17.5,-104.0,-128.0,,,-6.2,UNDER,HIGH,0.66,0.5614,0.1756,17.6,0.05,ACTIVE,ACTIVE MARKET,True,,"v5 intelligence blend from stats.wnba.com+player_intelligence: season + recent form, usage, efficiency, minutes, pace, role score, and price lean. Intelligence: role 90.5, minutes STABLE, points STABLE.",Seattle Storm @ New York Liberty,New York Liberty,Seattle Storm,"[10.0, 13.1, 12.2, 11.3, 10.4]","[""ATL"", ""CHI"", ""DAL"", ""IND"", ""SEA""]",1.0,1.0,"[11.8, 10.9, 10.0, 13.1, 12.2]",5,90.5,STABLE,STABLE,wnba_player_intelligence
Julie Allemand,nan,Toronto Tempo @ Golden State Valkyries,nan,PA,11.7,5.7,2.2,9.2,2.2-9.2,13.5,-104.5,-128.5,,,-7.8,UNDER,HIGH,0.66,0.5624,0.1736,17.4,0.05,BENEFICIARY,ACTIVE MARKET,True,Minutes/usage redistributed from unavailable teammates,"v5 intelligence blend from stats.wnba.com+player_intelligence: season + recent form, usage, efficiency, minutes, pace, role score, and price lean. Intelligence: role 94.2, minutes STABLE, points STABLE.",Toronto Tempo @ Golden State Valkyries,Golden State Valkyries,Toronto Tempo,"[6.2, 5.2, 4.3, 7.5, 6.6]","[""ATL"", ""CHI"", ""DAL"", ""IND"", ""SEA""]",1.0,1.0,"[7.1, 6.2, 5.2, 4.3, 7.5]",12,94.2,STABLE,STABLE,wnba_player_intelligence
Maria Conde,nan,Toronto Tempo @ Golden State Valkyries,nan,PTS,9.1,2.9,-0.6,6.4,-0.6-6.4,10.5,-2.25,-128.5,,,-7.6,UNDER,HIGH,0.66,0.5624,0.1736,17.4,0.05,BENEFICIARY,ACTIVE MARKET,True,Minutes/usage redistributed from unavailable teammates,"v5 intelligence blend from stats.wnba.com+player_intelligence: season + recent form, usage, efficiency, minutes, pace, role score, and price lean. Intelligence: role 90.7, minutes STABLE, points STABLE.",Toronto Tempo @ Golden State Valkyries,Golden State Valkyries,Toronto Tempo,"[2.9, 2.0, 1.1, 4.2, 3.4]","[""ATL"", ""CHI"", ""DAL"", ""IND"", ""SEA""]",1.0,1.0,"[3.8, 2.9, 2.0, 1.1, 4.2]",12,90.7,STABLE,STABLE,wnba_player_intelligence
Chelsea Gray,nan,Las Vegas Aces @ Atlanta Dream,nan,PR,15.8,10.2,6.7,13.7,6.7-13.7,15.5,-111.0,-122.0,,,-5.3,UNDER,HIGH,0.6428,0.5495,0.1697,17.0,0.05,ACTIVE,ACTIVE MARKET,True,,"v5 intelligence blend from stats.wnba.com+player_intelligence: season + recent form, usage, efficiency, minutes, pace, role score, and price lean. Intelligence: role 100.0, minutes STABLE, points STABLE.",Las Vegas Aces @ Atlanta Dream,Atlanta Dream,Las Vegas Aces,"[10.2, 9.3, 8.4, 11.5, 10.6]","[""ATL"", ""CHI"", ""DAL"", ""IND"", ""SEA""]",1.0,1.0,"[10.2, 9.3, 8.4, 11.5, 10.6]",13,100.0,STABLE,STABLE,wnba_player_intelligence
Julie Allemand,nan,Toronto Tempo @ Golden State Valkyries,nan,PRA,15.0,8.5,5.0,12.0,5.0-12.0,16.5,-1.0,-130.0,,,-8.0,UNDER,HIGH,0.66,0.5652,0.1677,16.8,0.05,BENEFICIARY,ACTIVE MARKET,True,Minutes/usage redistributed from unavailable teammates,"v5 intelligence blend from stats.wnba.com+player_intelligence: season + recent form, usage, efficiency, minutes, pace, role score, and price lean. Intelligence: role 94.2, minutes STABLE, points STABLE.",Toronto Tempo @ Golden State Valkyries,Golden State Valkyries,Toronto Tempo,"[7.6, 6.7, 9.8, 8.9, 8.1]","[""ATL"", ""CHI"", ""DAL"", ""IND"", ""SEA""]",1.0,1.0,"[8.5, 7.6, 6.7, 9.8, 8.9]",12,94.2,STABLE,STABLE,wnba_player_intelligence
Kayla Thornton,nan,Toronto Tempo @ Golden State Valkyries,nan,PTS,8.3,1.6,-1.9,5.1,-1.9-5.1,9.5,102.0,-130.0,,,-7.9,UNDER,HIGH,0.66,0.5652,0.1677,16.8,0.05,BENEFICIARY,ACTIVE MARKET,True,Minutes/usage redistributed from unavailable teammates,"v5 intelligence blend from stats.wnba.com+player_intelligence: season + recent form, usage, efficiency, minutes, pace, role score, and price lean. Intelligence: role 82.9, minutes STABLE, points STABLE.",Toronto Tempo @ Golden State Valkyries,Golden State Valkyries,Toronto Tempo,"[2.1, 1.2, 0.2, 3.4, 2.5]","[""ATL"", ""CHI"", ""DAL"", ""IND"", ""SEA""]",1.0,1.0,"[3.0, 2.1, 1.2, 0.2, 3.4]",12,82.9,STABLE,STABLE,wnba_player_intelligence
Arike Ogunbowale,nan,Connecticut Sun @ Dallas Wings,nan,PA,18.1,16.9,13.4,20.4,13.4-20.4,23.5,-105.0,-130.0,,,-6.6,UNDER,HIGH,0.66,0.5652,0.1677,16.8,0.05,ACTIVE,ACTIVE MARKET,True,,"v5 intelligence blend from stats.wnba.com+player_intelligence: season + recent form, usage, efficiency, minutes, pace, role score, and price lean. Intelligence: role 100.0, minutes UP, points UP.",Connecticut Sun @ Dallas Wings,Dallas Wings,Connecticut Sun,"[16.4, 15.5, 18.7, 17.8, 16.9]","[""ATL"", ""CHI"", ""DAL"", ""IND"", ""SEA""]",1.0,1.0,"[17.8, 16.9, 16.0, 15.1, 18.2]",7,100.0,UP,UP,wnba_player_intelligence
Flau'jae Johnson,nan,Seattle Storm @ New York Liberty,nan,PTS,13.8,8.4,4.9,11.9,4.9-11.9,14.5,100.0,-130.0,,,-6.1,UNDER,HIGH,0.66,0.5652,0.1677,16.8,0.05,ACTIVE,ACTIVE MARKET,True,,"v5 intelligence blend from stats.wnba.com+player_intelligence: season + recent form, usage, efficiency, minutes, pace, role score, and price lean. Intelligence: role 90.5, minutes STABLE, points STABLE.",Seattle Storm @ New York Liberty,New York Liberty,Seattle Storm,"[6.6, 9.8, 8.8, 8.0, 7.1]","[""ATL"", ""CHI"", ""DAL"", ""IND"", ""SEA""]",1.0,1.0,"[8.4, 7.5, 6.6, 9.8, 8.8]",5,90.5,STABLE,STABLE,wnba_player_intelligence
Natisha Hiedeman,nan,Seattle Storm @ New York Liberty,nan,PA,20.4,16.7,13.2,20.2,13.2-20.2,21.5,-114.0,-117.5,,,-4.8,UNDER,HIGH,0.6298,0.5402,0.1658,16.6,0.0487,ACTIVE,ACTIVE MARKET,True,,"v5 intelligence blend from stats.wnba.com+player_intelligence: season + recent form, usage, efficiency, minutes, pace, role score, and price lean. Intelligence: role 96.8, minutes STABLE, points UP.",Seattle Storm @ New York Liberty,New York Liberty,Seattle Storm,"[15.8, 14.9, 18.1, 17.1, 16.2]","[""ATL"", ""CHI"", ""DAL"", ""IND"", ""SEA""]",1.0,1.0,"[17.6, 16.7, 15.8, 14.9, 18.1]",5,96.8,STABLE,UP,wnba_player_intelligence
Natisha Hiedeman,nan,Seattle Storm @ New York Liberty,nan,PRA,23.1,19.6,16.1,23.1,16.1-23.1,24.5,-111.67,-118.67,,,-4.9,UNDER,HIGH,0.6324,0.5427,0.1653,16.5,0.049,ACTIVE,ACTIVE MARKET,True,,"v5 intelligence blend from stats.wnba.com+player_intelligence: season + recent form, usage, efficiency, minutes, pace, role score, and price lean. Intelligence: role 96.8, minutes STABLE, points UP.",Seattle Storm @ New York Liberty,New York Liberty,Seattle Storm,"[21.4, 20.5, 19.6, 18.7, 17.8]","[""ATL"", ""CHI"", ""DAL"", ""IND"", ""SEA""]",1.0,1.0,"[19.2, 18.2, 21.4, 20.5, 19.6]",5,96.8,STABLE,UP,wnba_player_intelligence
Natisha Hiedeman,nan,Seattle Storm @ New York Liberty,nan,PR,18.6,14.5,11.0,18.0,11.0-18.0,19.5,-111.0,-120.5,,,-5.0,UNDER,HIGH,0.635,0.5465,0.162,16.2,0.0488,ACTIVE,ACTIVE MARKET,True,,"v5 intelligence blend from stats.wnba.com+player_intelligence: season + recent form, usage, efficiency, minutes, pace, role score, and price lean. Intelligence: role 96.8, minutes STABLE, points UP.",Seattle Storm @ New York Liberty,New York Liberty,Seattle Storm,"[13.2, 16.3, 15.4, 14.5, 13.6]","[""ATL"", ""CHI"", ""DAL"", ""IND"", ""SEA""]",1.0,1.0,"[14.9, 14.1, 13.2, 16.3, 15.4]",5,96.8,STABLE,UP,wnba_player_intelligence
Paige Bueckers,nan,Connecticut Sun @ Dallas Wings,nan,PR,24.1,17.7,14.2,21.2,14.2-21.2,23.5,-105.0,-130.0,,,-5.8,UNDER,HIGH,0.6558,0.5652,0.1603,16.0,0.05,ACTIVE,ACTIVE MARKET,True,,"v5 intelligence blend from stats.wnba.com+player_intelligence: season + recent form, usage, efficiency, minutes, pace, role score, and price lean. Intelligence: role 100.0, minutes STABLE, points STABLE.",Connecticut Sun @ Dallas Wings,Dallas Wings,Connecticut Sun,"[19.1, 18.1, 17.2, 16.3, 19.5]","[""ATL"", ""CHI"", ""DAL"", ""IND"", ""SEA""]",1.0,1.0,"[16.3, 19.5, 18.6, 17.7, 16.8]",7,100.0,STABLE,STABLE,wnba_player_intelligence
Jordin Canada,nan,Las Vegas Aces @ Atlanta Dream,nan,PA,18.1,13.4,9.9,16.9,9.9-16.9,19.5,100.0,-132.0,,,-6.1,UNDER,HIGH,0.66,0.569,0.16,16.0,0.05,ACTIVE,ACTIVE MARKET,True,,"v5 intelligence blend from stats.wnba.com+player_intelligence: season + recent form, usage, efficiency, minutes, pace, role score, and price lean. Intelligence: role 99.7, minutes STABLE, points STABLE.",Las Vegas Aces @ Atlanta Dream,Atlanta Dream,Las Vegas Aces,"[12.1, 15.2, 14.3, 13.4, 12.5]","[""ATL"", ""CHI"", ""DAL"", ""IND"", ""SEA""]",1.0,1.0,"[12.1, 15.2, 14.3, 13.4, 12.5]",13,99.7,STABLE,STABLE,wnba_player_intelligence
A'ja Wilson,nan,Las Vegas Aces @ Atlanta Dream,nan,PTS,26.0,21.6,18.1,25.1,18.1-25.1,26.5,-109.75,-120.25,,,-4.9,UNDER,HIGH,0.6324,0.546,0.1583,15.8,0.0476,ACTIVE,ACTIVE MARKET,True,,"v5 intelligence blend from stats.wnba.com+player_intelligence: season + recent form, usage, efficiency, minutes, pace, role score, and price lean. Intelligence: role 97.2, minutes STABLE, points UP.",Las Vegas Aces @ Atlanta Dream,Atlanta Dream,Las Vegas Aces,"[21.6, 20.7, 19.8, 23.0, 22.1]","[""ATL"", ""CHI"", ""DAL"", ""IND"", ""SEA""]",1.0,1.0,"[21.6, 20.7, 19.8, 23.0, 22.1]",13,97.2,STABLE,UP,wnba_player_intelligence
Jessica Shepard,nan,Connecticut Sun @ Dallas Wings,nan,PTS,14.2,7.6,4.1,11.1,4.1-11.1,16.5,100.0,-132.5,,,-8.9,UNDER,HIGH,0.66,0.5699,0.1581,15.8,0.05,ACTIVE,ACTIVE MARKET,True,,"v5 intelligence blend from stats.wnba.com+player_intelligence: season + recent form, usage, efficiency, minutes, pace, role score, and price lean. Intelligence: role 100.0, minutes STABLE, points STABLE.",Connecticut Sun @ Dallas Wings,Dallas Wings,Connecticut Sun,"[6.2, 9.4, 8.5, 7.6, 6.7]","[""ATL"", ""CHI"", ""DAL"", ""IND"", ""SEA""]",1.0,1.0,"[7.6, 6.7, 5.8, 8.9, 8.0]",7,100.0,STABLE,STABLE,wnba_player_intelligence
Kayla Thornton,nan,Toronto Tempo @ Golden State Valkyries,nan,PRA,14.0,7.5,4.0,11.0,4.0-11.0,16.5,103.0,-133.0,,,-9.0,UNDER,HIGH,0.66,0.5708,0.1562,15.6,0.05,BENEFICIARY,ACTIVE MARKET,True,Minutes/usage redistributed from unavailable teammates,"v5 intelligence blend from stats.wnba.com+player_intelligence: season + recent form, usage, efficiency, minutes, pace, role score, and price lean. Intelligence: role 82.9, minutes STABLE, points STABLE.",Toronto Tempo @ Golden State Valkyries,Golden State Valkyries,Toronto Tempo,"[7.0, 6.2, 9.3, 8.4, 7.5]","[""ATL"", ""CHI"", ""DAL"", ""IND"", ""SEA""]",1.0,1.0,"[8.0, 7.0, 6.2, 9.3, 8.4]",12,82.9,STABLE,STABLE,wnba_player_intelligence
Janelle Salaun,nan,Toronto Tempo @ Golden State Valkyries,nan,PRA,17.9,9.7,6.2,13.2,6.2-13.2,18.5,-3.5,-133.0,,,-8.8,UNDER,HIGH,0.66,0.5708,0.1562,15.6,0.05,BENEFICIARY,ACTIVE MARKET,True,Minutes/usage redistributed from unavailable teammates,"v5 intelligence blend from stats.wnba.com+player_intelligence: season + recent form, usage, efficiency, minutes, pace, role score, and price lean. Intelligence: role 75.2, minutes STABLE, points STABLE.",Toronto Tempo @ Golden State Valkyries,Golden State Valkyries,Toronto Tempo,"[8.3, 11.5, 10.6, 9.7, 8.8]","[""ATL"", ""CHI"", ""DAL"", ""IND"", ""SEA""]",1.0,1.0,"[9.2, 8.3, 11.5, 10.6, 9.7]",12,75.2,STABLE,STABLE,wnba_player_intelligence
Isabelle Harrison,nan,Toronto Tempo @ Golden State Valkyries,nan,PTS,13.8,6.1,2.6,9.6,2.6-9.6,12.5,-3.0,-133.0,,,-6.4,UNDER,HIGH,0.66,0.5708,0.1562,15.6,0.05,BENEFICIARY,ACTIVE MARKET,True,Minutes/usage redistributed from unavailable teammates,"v5 intelligence blend from stats.wnba.com+player_intelligence: season + recent form, usage, efficiency, minutes, pace, role score, and price lean. Intelligence: role 77.2, minutes STABLE, points STABLE.",Toronto Tempo @ Golden State Valkyries,Golden State Valkyries,Toronto Tempo,"[7.4, 6.5, 5.6, 4.8, 7.9]","[""ATL"", ""CHI"", ""DAL"", ""IND"", ""SEA""]",1.0,1.0,"[4.3, 7.4, 6.5, 5.6, 4.8]",12,77.2,STABLE,STABLE,wnba_player_intelligence
Natisha Hiedeman,nan,Seattle Storm @ New York Liberty,nan,PTS,15.8,11.6,8.1,15.1,8.1-15.1,16.5,-108.25,-121.0,,,-4.9,UNDER,HIGH,0.6324,0.5475,0.155,15.5,0.0469,ACTIVE,ACTIVE MARKET,True,,"v5 intelligence blend from stats.wnba.com+player_intelligence: season + recent form, usage, efficiency, minutes, pace, role score, and price lean. Intelligence: role 96.8, minutes STABLE, points UP.",Seattle Storm @ New York Liberty,New York Liberty,Seattle Storm,"[10.2, 13.4, 12.5, 11.6, 10.7]","[""ATL"", ""CHI"", ""DAL"", ""IND"", ""SEA""]",1.0,1.0,"[12.0, 11.2, 10.2, 13.4, 12.5]",5,96.8,STABLE,UP,wnba_player_intelligence
Chelsea Gray,nan,Las Vegas Aces @ Atlanta Dream,nan,PA,19.5,14.1,10.6,17.6,10.6-17.6,18.5,-116.5,-116.0,,,-4.4,UNDER,HIGH,0.6194,0.537,0.1534,15.3,0.0445,ACTIVE,ACTIVE MARKET,True,,"v5 intelligence blend from stats.wnba.com+player_intelligence: season + recent form, usage, efficiency, minutes, pace, role score, and price lean. Intelligence: role 100.0, minutes STABLE, points STABLE.",Las Vegas Aces @ Atlanta Dream,Atlanta Dream,Las Vegas Aces,"[14.5, 13.7, 12.8, 15.9, 15.0]","[""ATL"", ""CHI"", ""DAL"", ""IND"", ""SEA""]",1.0,1.0,"[14.5, 13.7, 12.8, 15.9, 15.0]",13,100.0,STABLE,STABLE,wnba_player_intelligence
Awa Fam,nan,Seattle Storm @ New York Liberty,nan,PR,17.0,11.9,8.4,15.4,8.4-15.4,17.5,-103.5,-129.5,,,-5.6,UNDER,HIGH,0.6506,0.5643,0.153,15.3,0.0495,ACTIVE,ACTIVE MARKET,True,,"v5 intelligence blend from stats.wnba.com+player_intelligence: season + recent form, usage, efficiency, minutes, pace, role score, and price lean. Intelligence: role 97.0, minutes STABLE, points STABLE.",Seattle Storm @ New York Liberty,New York Liberty,Seattle Storm,"[12.3, 11.5, 10.6, 13.7, 12.8]","[""ATL"", ""CHI"", ""DAL"", ""IND"", ""SEA""]",1.0,1.0,"[10.1, 13.2, 12.3, 11.5, 10.6]",5,97.0,STABLE,STABLE,wnba_player_intelligence
Alyssa Thomas,nan,Phoenix Mercury @ Chicago Sky,nan,PRA,29.5,26.3,22.8,29.8,22.8-29.8,30.5,-119.0,-114.0,,,-4.2,UNDER,HIGH,0.6142,0.5327,0.153,15.3,0.0436,ACTIVE,ACTIVE MARKET,True,,"v5 intelligence blend from stats.wnba.com+player_intelligence: season + recent form, usage, efficiency, minutes, pace, role score, and price lean. Intelligence: role 100.0, minutes UP, points STABLE.",Phoenix Mercury @ Chicago Sky,Chicago Sky,Phoenix Mercury,"[25.9, 24.9, 28.1, 27.2, 26.3]","[""ATL"", ""CHI"", ""DAL"", ""IND"", ""SEA""]",1.0,1.0,"[25.4, 24.5, 27.7, 26.8, 25.9]",9,100.0,UP,STABLE,wnba_player_intelligence
NaLyssa Smith,nan,Las Vegas Aces @ Atlanta Dream,nan,PTS,11.6,4.2,0.7,7.7,0.7-7.7,10.5,52.0,-134.0,,,-6.3,UNDER,HIGH,0.66,0.5726,0.1525,15.2,0.05,ACTIVE,ACTIVE MARKET,True,,"v5 intelligence blend from stats.wnba.com+player_intelligence: season + recent form, usage, efficiency, minutes, pace, role score, and price lean. Intelligence: role 77.7, minutes STABLE, points STABLE.",Las Vegas Aces @ Atlanta Dream,Atlanta Dream,Las Vegas Aces,"[5.6, 4.7, 3.8, 2.9, 6.0]","[""ATL"", ""CHI"", ""DAL"", ""IND"", ""SEA""]",1.0,1.0,"[5.6, 4.7, 3.8, 2.9, 6.0]",13,77.7,STABLE,STABLE,wnba_player_intelligence
Chelsea Gray,nan,Las Vegas Aces @ Atlanta Dream,nan,PTS,12.4,7.1,3.6,10.6,3.6-10.6,12.5,-53.0,-127.5,,,-5.4,UNDER,HIGH,0.6454,0.5604,0.1516,15.2,0.0483,ACTIVE,ACTIVE MARKET,True,,"v5 intelligence blend from stats.wnba.com+player_intelligence: season + recent form, usage, efficiency, minutes, pace, role score, and price lean. Intelligence: role 100.0, minutes STABLE, points STABLE.",Las Vegas Aces @ Atlanta Dream,Atlanta Dream,Las Vegas Aces,"[7.1, 6.2, 5.3, 8.4, 7.5]","[""ATL"", ""CHI"", ""DAL"", ""IND"", ""SEA""]",1.0,1.0,"[7.1, 6.2, 5.3, 8.4, 7.5]",13,100.0,STABLE,STABLE,wnba_player_intelligence
Charlisse Leger-Walker,nan,Connecticut Sun @ Dallas Wings,nan,PTS,6.5,-0.6,-4.1,2.9,-4.1-2.9,3.5,-114.0,-114.0,,,-4.1,UNDER,HIGH,0.6116,0.5327,0.1481,14.8,0.0422,BENEFICIARY,ACTIVE MARKET,True,Minutes/usage redistributed from unavailable teammates,"v5 intelligence blend from stats.wnba.com+player_intelligence: season + recent form, usage, efficiency, minutes, pace, role score, and price lean. Intelligence: role 83.0, minutes UP, points STABLE.",Connecticut Sun @ Dallas Wings,Dallas Wings,Connecticut Sun,"[0.8, 0, 0, 0, 1.2]","[""ATL"", ""CHI"", ""DAL"", ""IND"", ""SEA""]",1.0,1.0,"[0, 1.2, 0.3, 0, 0]",7,83.0,UP,STABLE,wnba_player_intelligence
Chelsea Gray,nan,Las Vegas Aces @ Atlanta Dream,nan,PRA,22.8,16.9,13.4,20.4,13.4-20.4,21.5,-111.67,-119.33,,,-4.6,UNDER,HIGH,0.6246,0.5441,0.148,14.8,0.0442,ACTIVE,ACTIVE MARKET,True,,"v5 intelligence blend from stats.wnba.com+player_intelligence: season + recent form, usage, efficiency, minutes, pace, role score, and price lean. Intelligence: role 100.0, minutes STABLE, points STABLE.",Las Vegas Aces @ Atlanta Dream,Atlanta Dream,Las Vegas Aces,"[16.0, 15.1, 18.2, 17.3, 16.4]","[""ATL"", ""CHI"", ""DAL"", ""IND"", ""SEA""]",1.0,1.0,"[16.0, 15.1, 18.2, 17.3, 16.4]",13,100.0,STABLE,STABLE,wnba_player_intelligence
Alyssa Thomas,nan,Phoenix Mercury @ Chicago Sky,nan,PR,21.2,17.5,14.0,21.0,14.0-21.0,22.5,-109.0,-124.0,,,-5.0,UNDER,HIGH,0.635,0.5536,0.1471,14.7,0.0456,ACTIVE,ACTIVE MARKET,True,,"v5 intelligence blend from stats.wnba.com+player_intelligence: season + recent form, usage, efficiency, minutes, pace, role score, and price lean. Intelligence: role 100.0, minutes UP, points STABLE.",Phoenix Mercury @ Chicago Sky,Chicago Sky,Phoenix Mercury,"[17.9, 17.1, 16.1, 19.3, 18.4]","[""ATL"", ""CHI"", ""DAL"", ""IND"", ""SEA""]",1.0,1.0,"[17.5, 16.6, 15.7, 18.9, 17.9]",9,100.0,UP,STABLE,wnba_player_intelligence
Paige Bueckers,nan,Connecticut Sun @ Dallas Wings,nan,PTS,20.1,14.0,10.5,17.5,10.5-17.5,18.5,-110.5,-118.5,,,-4.5,UNDER,HIGH,0.622,0.5423,0.1469,14.7,0.0435,ACTIVE,ACTIVE MARKET,True,,"v5 intelligence blend from stats.wnba.com+player_intelligence: season + recent form, usage, efficiency, minutes, pace, role score, and price lean. Intelligence: role 100.0, minutes STABLE, points STABLE.",Connecticut Sun @ Dallas Wings,Dallas Wings,Connecticut Sun,"[15.3, 14.4, 13.6, 12.7, 15.8]","[""ATL"", ""CHI"", ""DAL"", ""IND"", ""SEA""]",1.0,1.0,"[12.7, 15.8, 14.9, 14.0, 13.1]",7,100.0,STABLE,STABLE,wnba_player_intelligence
Alanna Smith,nan,Connecticut Sun @ Dallas Wings,nan,REB,3.2,0.5,-3.0,4.0,-3.0-4.0,4.5,-114.0,-114.0,,,-4.0,UNDER,HIGH,0.609,0.5327,0.1432,14.3,0.0408,ACTIVE,ACTIVE MARKET,True,,"v5 intelligence blend from stats.wnba.com+player_intelligence: season + recent form, usage, efficiency, minutes, pace, role score, and price lean. Intelligence: role 51.1, minutes DOWN, points STABLE.",Connecticut Sun @ Dallas Wings,Dallas Wings,Connecticut Sun,"[0, 1.9, 0.9, 0.0, 0]","[""ATL"", ""CHI"", ""DAL"", ""IND"", ""SEA""]",1.0,1.0,"[0.0, 0, 2.3, 1.4, 0.5]",7,51.1,DOWN,STABLE,wnba_player_intelligence
DeWanna Bonner,nan,Phoenix Mercury @ Chicago Sky,nan,PR,15.6,13.6,10.1,17.1,10.1-17.1,17.5,-118.5,-113.0,,,-3.9,UNDER,HIGH,0.6064,0.5305,0.143,14.3,0.0404,ACTIVE,ACTIVE MARKET,True,,"v5 intelligence blend from stats.wnba.com+player_intelligence: season + recent form, usage, efficiency, minutes, pace, role score, and price lean. Intelligence: role 91.7, minutes UP, points UP.",Phoenix Mercury @ Chicago Sky,Chicago Sky,Phoenix Mercury,"[12.2, 15.4, 14.5, 13.6, 12.7]","[""ATL"", ""CHI"", ""DAL"", ""IND"", ""SEA""]",1.0,1.0,"[11.8, 14.9, 14.0, 13.2, 12.2]",9,91.7,UP,UP,wnba_player_intelligence
Arike Ogunbowale,nan,Connecticut Sun @ Dallas Wings,nan,RA,6.1,6.0,2.5,9.5,2.5-9.5,10.5,-115.0,-120.0,,,-4.5,UNDER,HIGH,0.622,0.5455,0.1403,14.0,0.0421,ACTIVE,ACTIVE MARKET,True,,"v5 intelligence blend from stats.wnba.com+player_intelligence: season + recent form, usage, efficiency, minutes, pace, role score, and price lean. Intelligence: role 100.0, minutes UP, points UP.",Connecticut Sun @ Dallas Wings,Dallas Wings,Connecticut Sun,"[6.5, 5.5, 4.7, 7.8, 6.9]","[""ATL"", ""CHI"", ""DAL"", ""IND"", ""SEA""]",1.0,1.0,"[7.8, 6.9, 6.0, 5.1, 4.2]",7,100.0,UP,UP,wnba_player_intelligence
Saniya Rivers,nan,Connecticut Sun @ Dallas Wings,nan,PTS,6.8,0.0,-3.5,3.5,-3.5-3.5,4.5,-106.0,-122.0,,,-4.5,UNDER,HIGH,0.622,0.5495,0.1318,13.2,0.0402,BENEFICIARY,ACTIVE MARKET,True,Minutes/usage redistributed from unavailable teammates,"v5 intelligence blend from stats.wnba.com+player_intelligence: season + recent form, usage, efficiency, minutes, pace, role score, and price lean. Intelligence: role 74.3, minutes STABLE, points STABLE.",Connecticut Sun @ Dallas Wings,Dallas Wings,Connecticut Sun,"[0, 0, 1.8, 0.9, 0]","[""ATL"", ""CHI"", ""DAL"", ""IND"", ""SEA""]",1.0,1.0,"[0.9, 0, 0, 0, 1.4]",7,74.3,STABLE,STABLE,wnba_player_intelligence
Olivia Nelson-Ododa,nan,Connecticut Sun @ Dallas Wings,nan,REB,5.8,5.1,1.6,8.6,1.6-8.6,15.5,106.0,-140.0,,,-10.4,UNDER,HIGH,0.66,0.5833,0.1314,13.1,0.046,BENEFICIARY,ACTIVE MARKET,True,Minutes/usage redistributed from unavailable teammates,"v5 intelligence blend from stats.wnba.com+player_intelligence: season + recent form, usage, efficiency, minutes, pace, role score, and price lean. Intelligence: role 76.8, minutes UP, points STABLE.",Connecticut Sun @ Dallas Wings,Dallas Wings,Connecticut Sun,"[6.0, 5.1, 4.2, 3.3, 6.4]","[""ATL"", ""CHI"", ""DAL"", ""IND"", ""SEA""]",1.0,1.0,"[3.3, 6.4, 5.5, 4.6, 3.7]",7,76.8,UP,STABLE,wnba_player_intelligence
Paige Bueckers,nan,Connecticut Sun @ Dallas Wings,nan,PA,26.2,19.7,16.2,23.2,16.2-23.2,23.5,-120.0,-115.0,,,-3.8,UNDER,HIGH,0.6038,0.5349,0.1288,12.9,0.037,ACTIVE,ACTIVE MARKET,True,,"v5 intelligence blend from stats.wnba.com+player_intelligence: season + recent form, usage, efficiency, minutes, pace, role score, and price lean. Intelligence: role 100.0, minutes STABLE, points STABLE.",Connecticut Sun @ Dallas Wings,Dallas Wings,Connecticut Sun,"[21.5, 20.6, 19.7, 18.8, 17.9]","[""ATL"", ""CHI"", ""DAL"", ""IND"", ""SEA""]",1.0,1.0,"[18.8, 17.9, 21.1, 20.1, 19.2]",7,100.0,STABLE,STABLE,wnba_player_intelligence
Paige Bueckers,nan,Connecticut Sun @ Dallas Wings,nan,PRA,30.2,23.4,19.9,26.9,19.9-26.9,28.5,-105.0,-130.0,,,-5.1,UNDER,HIGH,0.6376,0.5652,0.1281,12.8,0.0416,ACTIVE,ACTIVE MARKET,True,,"v5 intelligence blend from stats.wnba.com+player_intelligence: season + recent form, usage, efficiency, minutes, pace, role score, and price lean. Intelligence: role 100.0, minutes STABLE, points STABLE.",Connecticut Sun @ Dallas Wings,Dallas Wings,Connecticut Sun,"[23.8, 22.9, 22.0, 25.2, 24.3]","[""ATL"", ""CHI"", ""DAL"", ""IND"", ""SEA""]",1.0,1.0,"[25.2, 24.3, 23.4, 22.5, 21.6]",7,100.0,STABLE,STABLE,wnba_player_intelligence
Arike Ogunbowale,nan,Connecticut Sun @ Dallas Wings,nan,PTS,15.1,13.5,10.0,17.0,10.0-17.0,18.5,-105.0,-130.0,,,-5.0,UNDER,HIGH,0.635,0.5652,0.1235,12.3,0.0401,ACTIVE,ACTIVE MARKET,True,,"v5 intelligence blend from stats.wnba.com+player_intelligence: season + recent form, usage, efficiency, minutes, pace, role score, and price lean. Intelligence: role 100.0, minutes UP, points UP.",Connecticut Sun @ Dallas Wings,Dallas Wings,Connecticut Sun,"[12.6, 11.7, 14.8, 13.9, 13.1]","[""ATL"", ""CHI"", ""DAL"", ""IND"", ""SEA""]",1.0,1.0,"[13.9, 13.1, 12.2, 15.3, 14.4]",7,100.0,UP,UP,wnba_player_intelligence
Alyssa Thomas,nan,Phoenix Mercury @ Chicago Sky,nan,PA,22.6,19.0,15.5,22.5,15.5-22.5,22.5,-120.0,-114.0,,,-3.5,UNDER,HIGH,0.596,0.5327,0.1188,11.9,0.0339,ACTIVE,ACTIVE MARKET,True,,"v5 intelligence blend from stats.wnba.com+player_intelligence: season + recent form, usage, efficiency, minutes, pace, role score, and price lean. Intelligence: role 100.0, minutes UP, points STABLE.",Phoenix Mercury @ Chicago Sky,Chicago Sky,Phoenix Mercury,"[19.9, 19.0, 18.1, 17.2, 20.4]","[""ATL"", ""CHI"", ""DAL"", ""IND"", ""SEA""]",1.0,1.0,"[19.4, 18.6, 17.6, 20.8, 19.9]",9,100.0,UP,STABLE,wnba_player_intelligence
DeWanna Bonner,nan,Phoenix Mercury @ Chicago Sky,nan,PTS,10.0,6.9,3.4,10.4,3.4-10.4,11.5,-104.0,-127.0,,,-4.6,UNDER,HIGH,0.6246,0.5595,0.1164,11.6,0.037,ACTIVE,ACTIVE MARKET,True,,"v5 intelligence blend from stats.wnba.com+player_intelligence: season + recent form, usage, efficiency, minutes, pace, role score, and price lean. Intelligence: role 91.7, minutes UP, points UP.",Phoenix Mercury @ Chicago Sky,Chicago Sky,Phoenix Mercury,"[5.6, 8.7, 7.8, 6.9, 6.0]","[""ATL"", ""CHI"", ""DAL"", ""IND"", ""SEA""]",1.0,1.0,"[5.1, 8.2, 7.4, 6.5, 5.6]",9,91.7,UP,UP,wnba_player_intelligence
Chelsea Gray,nan,Las Vegas Aces @ Atlanta Dream,nan,3PM,2.0,-2.5,-6.0,1.0,-6.0-1.0,1.5,-106.25,-125.0,,,-4.0,UNDER,HIGH,0.609,0.5556,0.0962,9.6,0.0301,ACTIVE,ACTIVE MARKET,True,,"v5 intelligence blend from stats.wnba.com+player_intelligence: season + recent form, usage, efficiency, minutes, pace, role score, and price lean. Intelligence: role 100.0, minutes STABLE, points STABLE.",Las Vegas Aces @ Atlanta Dream,Atlanta Dream,Las Vegas Aces,"[0, 0, 0, 0, 0]","[""ATL"", ""CHI"", ""DAL"", ""IND"", ""SEA""]",1.0,1.0,"[0, 0, 0, 0, 0]",13,100.0,STABLE,STABLE,wnba_player_intelligence
Arike Ogunbowale,nan,Connecticut Sun @ Dallas Wings,nan,REB,3.1,2.0,-1.5,5.5,-1.5-5.5,5.5,-9.0,-125.5,,,-3.5,UNDER,HIGH,0.596,0.5565,0.0709,7.1,0.0222,ACTIVE,ACTIVE MARKET,True,,"v5 intelligence blend from stats.wnba.com+player_intelligence: season + recent form, usage, efficiency, minutes, pace, role score, and price lean. Intelligence: role 100.0, minutes UP, points UP.",Connecticut Sun @ Dallas Wings,Dallas Wings,Connecticut Sun,"[3.8, 2.9, 2.0, 1.1, 0.2]","[""ATL"", ""CHI"", ""DAL"", ""IND"", ""SEA""]",1.0,1.0,"[1.1, 0.2, 3.4, 2.5, 1.6]",7,100.0,UP,UP,wnba_player_intelligence
Angel Reese,nan,Las Vegas Aces @ Atlanta Dream,nan,REB,11.0,9.2,5.7,12.7,5.7-12.7,11.5,-117.0,-113.25,,,-2.3,UNDER,HIGH,0.5648,0.5311,0.0635,6.3,0.018,ACTIVE,ACTIVE MARKET,True,,"v5 intelligence blend from stats.wnba.com+player_intelligence: season + recent form, usage, efficiency, minutes, pace, role score, and price lean. Intelligence: role 90.5, minutes STABLE, points STABLE.",Las Vegas Aces @ Atlanta Dream,Atlanta Dream,Las Vegas Aces,"[7.4, 10.5, 9.6, 8.8, 7.8]","[""ATL"", ""CHI"", ""DAL"", ""IND"", ""SEA""]",1.0,1.0,"[7.4, 10.5, 9.6, 8.8, 7.8]",13,90.5,STABLE,STABLE,wnba_player_intelligence
Alanna Smith,nan,Connecticut Sun @ Dallas Wings,nan,3PM,0.3,-5.7,-9.2,-2.2,-9.2--2.2,1.5,130.0,-174.0,,,-7.2,UNDER,HIGH,0.66,0.635,0.0393,3.9,0.0171,ACTIVE,ACTIVE MARKET,True,,"v5 intelligence blend from stats.wnba.com+player_intelligence: season + recent form, usage, efficiency, minutes, pace, role score, and price lean. Intelligence: role 51.1, minutes DOWN, points STABLE.",Connecticut Sun @ Dallas Wings,Dallas Wings,Connecticut Sun,"[0, 0, 0, 0, 0]","[""ATL"", ""CHI"", ""DAL"", ""IND"", ""SEA""]",1.0,1.0,"[0, 0, 0, 0, 0]",7,51.1,DOWN,STABLE,wnba_player_intelligence
Kiki Rice,nan,Toronto Tempo @ Golden State Valkyries,nan,REB,4.1,1.9,-1.6,5.4,-1.6-5.4,4.5,-57.0,-125.0,,,-2.6,UNDER,HIGH,0.5726,0.5556,0.0307,3.1,0.0096,BENEFICIARY,ACTIVE MARKET,True,Minutes/usage redistributed from unavailable teammates,"v5 intelligence blend from stats.wnba.com+player_intelligence: season + recent form, usage, efficiency, minutes, pace, role score, and price lean. Intelligence: role 76.7, minutes DOWN, points DOWN.",Toronto Tempo @ Golden State Valkyries,Golden State Valkyries,Toronto Tempo,"[3.7, 2.8, 1.9, 1.0, 0.1]","[""ATL"", ""CHI"", ""DAL"", ""IND"", ""SEA""]",1.0,1.0,"[0.5, 3.7, 2.8, 1.9, 1.0]",12,76.7,DOWN,DOWN,wnba_player_intelligence
DeWanna Bonner,nan,Phoenix Mercury @ Chicago Sky,nan,3PM,1.2,-2.9,-6.4,0.6,-6.4-0.6,1.5,113.33,-152.33,,,-4.4,UNDER,HIGH,0.6194,0.6037,0.026,2.6,0.0099,ACTIVE,ACTIVE MARKET,True,,"v5 intelligence blend from stats.wnba.com+player_intelligence: season + recent form, usage, efficiency, minutes, pace, role score, and price lean. Intelligence: role 91.7, minutes UP, points UP.",Phoenix Mercury @ Chicago Sky,Chicago Sky,Phoenix Mercury,"[0, 0, 0, 0, 0]","[""ATL"", ""CHI"", ""DAL"", ""IND"", ""SEA""]",1.0,1.0,"[0, 0, 0, 0, 0]",9,91.7,UP,UP,wnba_player_intelligence
Azzi Fudd,nan,Connecticut Sun @ Dallas Wings,nan,PTS,12.9,7.7,4.2,11.2,4.2-11.2,10.5,100.0,-130.0,,,-2.8,UNDER,HIGH,0.5778,0.5652,0.0223,2.2,0.0072,ACTIVE,ACTIVE MARKET,True,,"v5 intelligence blend from stats.wnba.com+player_intelligence: season + recent form, usage, efficiency, minutes, pace, role score, and price lean. Intelligence: role 100.0, minutes UP, points STABLE.",Connecticut Sun @ Dallas Wings,Dallas Wings,Connecticut Sun,"[8.6, 7.7, 6.8, 5.9, 9.1]","[""ATL"", ""CHI"", ""DAL"", ""IND"", ""SEA""]",1.0,1.0,"[5.9, 9.1, 8.2, 7.2, 6.3]",7,100.0,UP,STABLE,wnba_player_intelligence
Awa Fam,nan,Seattle Storm @ New York Liberty,nan,3PM,1.6,-3.1,-6.6,0.4,-6.6-0.4,1.5,118.5,-158.0,,,-4.6,UNDER,HIGH,0.6246,0.6124,0.0199,2.0,0.0079,ACTIVE,ACTIVE MARKET,True,,"v5 intelligence blend from stats.wnba.com+player_intelligence: season + recent form, usage, efficiency, minutes, pace, role score, and price lean. Intelligence: role 97.0, minutes STABLE, points STABLE.",Seattle Storm @ New York Liberty,New York Liberty,Seattle Storm,"[0, 0, 0, 0, 0]","[""ATL"", ""CHI"", ""DAL"", ""IND"", ""SEA""]",1.0,1.0,"[0, 0, 0, 0, 0]",5,97.0,STABLE,STABLE,wnba_player_intelligence
Kahleah Copper,nan,Phoenix Mercury @ Chicago Sky,nan,3PM,1.2,-3.6,-7.1,-0.1,-7.1--0.1,2.5,137.0,-187.33,,,-6.1,UNDER,HIGH,0.66,0.652,0.0123,1.2,0.0058,ACTIVE,ACTIVE MARKET,True,,"v5 intelligence blend from stats.wnba.com+player_intelligence: season + recent form, usage, efficiency, minutes, pace, role score, and price lean. Intelligence: role 96.9, minutes STABLE, points STABLE.",Phoenix Mercury @ Chicago Sky,Chicago Sky,Phoenix Mercury,"[0, 0, 0, 0, 0]","[""ATL"", ""CHI"", ""DAL"", ""IND"", ""SEA""]",1.0,1.0,"[0, 0, 0, 0, 0]",9,96.9,STABLE,STABLE,wnba_player_intelligence
Laura Juskaite,nan,Toronto Tempo @ Golden State Valkyries,nan,3PM,1.2,-3.6,-7.1,-0.1,-7.1--0.1,1.5,132.0,-172.0,,,-5.1,UNDER,HIGH,0.6376,0.6324,0.0083,0.8,0.0036,BENEFICIARY,ACTIVE MARKET,True,Minutes/usage redistributed from unavailable teammates,"v5 intelligence blend from stats.wnba.com+player_intelligence: season + recent form, usage, efficiency, minutes, pace, role score, and price lean. Intelligence: role 86.7, minutes UP, points STABLE.",Toronto Tempo @ Golden State Valkyries,Golden State Valkyries,Toronto Tempo,"[0, 0, 0, 0, 0]","[""ATL"", ""CHI"", ""DAL"", ""IND"", ""SEA""]",1.0,1.0,"[0, 0, 0, 0, 0]",12,86.7,UP,STABLE,wnba_player_intelligence
A'ja Wilson,nan,Las Vegas Aces @ Atlanta Dream,nan,RA,12.4,11.1,7.6,14.6,7.6-14.6,13.5,-4.0,-129.0,,,-2.4,UNDER,HIGH,0.5674,0.5633,0.0072,0.7,0.0023,ACTIVE,ACTIVE MARKET,True,,"v5 intelligence blend from stats.wnba.com+player_intelligence: season + recent form, usage, efficiency, minutes, pace, role score, and price lean. Intelligence: role 97.2, minutes STABLE, points UP.",Las Vegas Aces @ Atlanta Dream,Atlanta Dream,Las Vegas Aces,"[12.4, 11.5, 10.7, 9.8, 12.9]","[""ATL"", ""CHI"", ""DAL"", ""IND"", ""SEA""]",1.0,1.0,"[12.4, 11.5, 10.7, 9.8, 12.9]",13,97.2,STABLE,UP,wnba_player_intelligence
Sydney Taylor,nan,Phoenix Mercury @ Chicago Sky,nan,3PM,3.6,-0.2,-3.7,3.3,-3.7-3.3,2.5,1.0,-136.0,,,-2.7,UNDER,HIGH,0.5752,0.5763,-0.0019,-0.2,0.0,ACTIVE,ACTIVE MARKET,True,,"v5 intelligence blend from stats.wnba.com+player_intelligence: season + recent form, usage, efficiency, minutes, pace, role score, and price lean. Intelligence: role 80.3, minutes UP, points UP.",Phoenix Mercury @ Chicago Sky,Chicago Sky,Phoenix Mercury,"[0, 1.6, 0.7, 0, 0]","[""ATL"", ""CHI"", ""DAL"", ""IND"", ""SEA""]",1.0,1.0,"[0, 1.2, 0.2, 0, 0]",9,80.3,UP,UP,wnba_player_intelligence
Natisha Hiedeman,nan,Seattle Storm @ New York Liberty,nan,3PM,1.8,-2.5,-6.0,1.0,-6.0-1.0,2.5,131.75,-177.0,,,-5.0,UNDER,HIGH,0.635,0.639,-0.0062,-0.6,0.0,ACTIVE,ACTIVE MARKET,True,,"v5 intelligence blend from stats.wnba.com+player_intelligence: season + recent form, usage, efficiency, minutes, pace, role score, and price lean. Intelligence: role 96.8, minutes STABLE, points UP.",Seattle Storm @ New York Liberty,New York Liberty,Seattle Storm,"[0, 0, 0, 0, 0]","[""ATL"", ""CHI"", ""DAL"", ""IND"", ""SEA""]",1.0,1.0,"[0, 0, 0, 0, 0]",5,96.8,STABLE,UP,wnba_player_intelligence
Cecilia Zandalasini,nan,Toronto Tempo @ Golden State Valkyries,nan,3PM,1.2,-4.2,-7.7,-0.7,-7.7--0.7,1.5,142.67,-194.25,,,-5.7,UNDER,HIGH,0.6532,0.6602,-0.0105,-1.1,0.0,BENEFICIARY,ACTIVE MARKET,True,Minutes/usage redistributed from unavailable teammates,"v5 intelligence blend from stats.wnba.com+player_intelligence: season + recent form, usage, efficiency, minutes, pace, role score, and price lean. Intelligence: role 67.7, minutes STABLE, points STABLE.",Toronto Tempo @ Golden State Valkyries,Golden State Valkyries,Toronto Tempo,"[0, 0, 0, 0, 0]","[""ATL"", ""CHI"", ""DAL"", ""IND"", ""SEA""]",1.0,1.0,"[0, 0, 0, 0, 0]",12,67.7,STABLE,STABLE,wnba_player_intelligence
Janelle Salaun,nan,Toronto Tempo @ Golden State Valkyries,nan,3PM,2.2,-3.1,-6.6,0.4,-6.6-0.4,2.5,140.0,-195.5,,,-5.6,UNDER,HIGH,0.6506,0.6616,-0.0166,-1.7,0.0,BENEFICIARY,ACTIVE MARKET,True,Minutes/usage redistributed from unavailable teammates,"v5 intelligence blend from stats.wnba.com+player_intelligence: season + recent form, usage, efficiency, minutes, pace, role score, and price lean. Intelligence: role 75.2, minutes STABLE, points STABLE.",Toronto Tempo @ Golden State Valkyries,Golden State Valkyries,Toronto Tempo,"[0, 0, 0, 0, 0]","[""ATL"", ""CHI"", ""DAL"", ""IND"", ""SEA""]",1.0,1.0,"[0, 0, 0, 0, 0]",12,75.2,STABLE,STABLE,wnba_player_intelligence
Jackie Young,nan,Las Vegas Aces @ Atlanta Dream,nan,3PM,1.8,-3.4,-6.9,0.1,-6.9-0.1,2.5,158.0,-215.0,,,-5.9,UNDER,HIGH,0.6584,0.6825,-0.0354,-3.5,0.0,ACTIVE,ACTIVE MARKET,True,,"v5 intelligence blend from stats.wnba.com+player_intelligence: season + recent form, usage, efficiency, minutes, pace, role score, and price lean. Intelligence: role 94.9, minutes DOWN, points STABLE.",Las Vegas Aces @ Atlanta Dream,Atlanta Dream,Las Vegas Aces,"[0, 0, 0, 0, 0]","[""ATL"", ""CHI"", ""DAL"", ""IND"", ""SEA""]",1.0,1.0,"[0, 0, 0, 0, 0]",13,94.9,DOWN,STABLE,wnba_player_intelligence
Veronica Burton,nan,Toronto Tempo @ Golden State Valkyries,nan,3PM,1.4,-3.3,-6.8,0.2,-6.8-0.2,1.5,141.33,-188.5,,,-4.8,UNDER,HIGH,0.6298,0.6534,-0.0361,-3.6,0.0,BENEFICIARY,ACTIVE MARKET,True,Minutes/usage redistributed from unavailable teammates,"v5 intelligence blend from stats.wnba.com+player_intelligence: season + recent form, usage, efficiency, minutes, pace, role score, and price lean. Intelligence: role 94.6, minutes UP, points STABLE.",Toronto Tempo @ Golden State Valkyries,Golden State Valkyries,Toronto Tempo,"[0, 0, 0, 0, 0]","[""ATL"", ""CHI"", ""DAL"", ""IND"", ""SEA""]",1.0,1.0,"[0, 0, 0, 0, 0]",12,94.6,UP,STABLE,wnba_player_intelligence
Flau'jae Johnson,nan,Seattle Storm @ New York Liberty,nan,3PM,1.0,-4.0,-7.5,-0.5,-7.5--0.5,1.5,152.0,-205.5,,,-5.5,UNDER,HIGH,0.648,0.6727,-0.0367,-3.7,0.0,ACTIVE,ACTIVE MARKET,True,,"v5 intelligence blend from stats.wnba.com+player_intelligence: season + recent form, usage, efficiency, minutes, pace, role score, and price lean. Intelligence: role 90.5, minutes STABLE, points STABLE.",Seattle Storm @ New York Liberty,New York Liberty,Seattle Storm,"[0, 0, 0, 0, 0]","[""ATL"", ""CHI"", ""DAL"", ""IND"", ""SEA""]",1.0,1.0,"[0, 0, 0, 0, 0]",5,90.5,STABLE,STABLE,wnba_player_intelligence
Sabrina Ionescu,nan,Seattle Storm @ New York Liberty,nan,RA,8.3,8.5,5.0,12.0,5.0-12.0,10.5,104.5,-141.0,,,-2.0,UNDER,HIGH,0.557,0.5851,-0.048,-4.8,0.0,ACTIVE,ACTIVE MARKET,True,,"v5 intelligence blend from stats.wnba.com+player_intelligence: season + recent form, usage, efficiency, minutes, pace, role score, and price lean. Intelligence: role 100.0, minutes UP, points UP.",Seattle Storm @ New York Liberty,New York Liberty,Seattle Storm,"[10.3, 9.4, 8.5, 7.6, 6.7]","[""ATL"", ""CHI"", ""DAL"", ""IND"", ""SEA""]",1.0,1.0,"[8.1, 7.2, 10.3, 9.4, 8.5]",5,100.0,UP,UP,wnba_player_intelligence
Kamilla Cardoso,nan,Phoenix Mercury @ Chicago Sky,nan,REB,8.1,6.5,3.0,10.0,3.0-10.0,8.5,107.67,-144.33,,,-2.0,UNDER,HIGH,0.557,0.5907,-0.0571,-5.7,0.0,ACTIVE,ACTIVE MARKET,True,,"v5 intelligence blend from stats.wnba.com+player_intelligence: season + recent form, usage, efficiency, minutes, pace, role score, and price lean. Intelligence: role 82.9, minutes STABLE, points STABLE.",Phoenix Mercury @ Chicago Sky,Chicago Sky,Phoenix Mercury,"[6.5, 5.6, 4.7, 7.8, 7.0]","[""ATL"", ""CHI"", ""DAL"", ""IND"", ""SEA""]",1.0,1.0,"[6.0, 5.2, 8.3, 7.4, 6.5]",9,82.9,STABLE,STABLE,wnba_player_intelligence
Nyara Sabally,nan,Toronto Tempo @ Golden State Valkyries,nan,REB,4.5,1.9,-1.6,5.4,-1.6-5.4,4.5,112.4,-156.75,,,-2.6,UNDER,HIGH,0.5726,0.6105,-0.0621,-6.2,0.0,BENEFICIARY,ACTIVE MARKET,True,Minutes/usage redistributed from unavailable teammates,"v5 intelligence blend from stats.wnba.com+player_intelligence: season + recent form, usage, efficiency, minutes, pace, role score, and price lean. Intelligence: role 74.4, minutes STABLE, points STABLE.",Toronto Tempo @ Golden State Valkyries,Golden State Valkyries,Toronto Tempo,"[3.2, 2.4, 1.4, 0.5, 3.7]","[""ATL"", ""CHI"", ""DAL"", ""IND"", ""SEA""]",1.0,1.0,"[0.1, 3.2, 2.4, 1.4, 0.5]",12,74.4,STABLE,STABLE,wnba_player_intelligence
Kahleah Copper,nan,Phoenix Mercury @ Chicago Sky,nan,RA,5.3,4.4,0.9,7.9,0.9-7.9,6.5,111.0,-152.0,,,-2.1,UNDER,HIGH,0.5596,0.6032,-0.0722,-7.2,0.0,ACTIVE,ACTIVE MARKET,True,,"v5 intelligence blend from stats.wnba.com+player_intelligence: season + recent form, usage, efficiency, minutes, pace, role score, and price lean. Intelligence: role 96.9, minutes STABLE, points STABLE.",Phoenix Mercury @ Chicago Sky,Chicago Sky,Phoenix Mercury,"[5.8, 4.9, 4.0, 3.1, 6.2]","[""ATL"", ""CHI"", ""DAL"", ""IND"", ""SEA""]",1.0,1.0,"[5.3, 4.4, 3.5, 2.6, 5.8]",9,96.9,STABLE,STABLE,wnba_player_intelligence
Sabrina Ionescu,nan,Seattle Storm @ New York Liberty,nan,3PM,3.4,-0.4,-3.9,3.1,-3.9-3.1,2.5,-143.0,57.5,,,-2.9,UNDER,HIGH,0.5804,0.6349,-0.0859,-8.6,0.0,ACTIVE,ACTIVE MARKET,True,,"v5 intelligence blend from stats.wnba.com+player_intelligence: season + recent form, usage, efficiency, minutes, pace, role score, and price lean. Intelligence: role 100.0, minutes UP, points UP.",Seattle Storm @ New York Liberty,New York Liberty,Seattle Storm,"[1.0, 0.0, 0, 0, 1.4]","[""ATL"", ""CHI"", ""DAL"", ""IND"", ""SEA""]",1.0,1.0,"[0, 0, 1.0, 0.0, 0]",5,100.0,UP,UP,wnba_player_intelligence
Azzi Fudd,nan,Connecticut Sun @ Dallas Wings,nan,3PM,2.6,-1.9,-5.4,1.6,-5.4-1.6,2.5,154.0,-212.5,,,-4.4,UNDER,HIGH,0.6194,0.68,-0.0891,-8.9,0.0,ACTIVE,ACTIVE MARKET,True,,"v5 intelligence blend from stats.wnba.com+player_intelligence: season + recent form, usage, efficiency, minutes, pace, role score, and price lean. Intelligence: role 100.0, minutes UP, points STABLE.",Connecticut Sun @ Dallas Wings,Dallas Wings,Connecticut Sun,"[0, 0, 0, 0, 0]","[""ATL"", ""CHI"", ""DAL"", ""IND"", ""SEA""]",1.0,1.0,"[0, 0, 0, 0, 0]",7,100.0,UP,STABLE,wnba_player_intelligence
Kiki Rice,nan,Toronto Tempo @ Golden State Valkyries,nan,3PM,1.0,-5.1,-8.6,-1.6,-8.6--1.6,1.5,199.0,-270.0,,,-6.6,UNDER,HIGH,0.66,0.7297,-0.0956,-9.6,0.0,BENEFICIARY,ACTIVE MARKET,True,Minutes/usage redistributed from unavailable teammates,"v5 intelligence blend from stats.wnba.com+player_intelligence: season + recent form, usage, efficiency, minutes, pace, role score, and price lean. Intelligence: role 76.7, minutes DOWN, points DOWN.",Toronto Tempo @ Golden State Valkyries,Golden State Valkyries,Toronto Tempo,"[0, 0, 0, 0, 0]","[""ATL"", ""CHI"", ""DAL"", ""IND"", ""SEA""]",1.0,1.0,"[0, 0, 0, 0, 0]",12,76.7,DOWN,DOWN,wnba_player_intelligence
Julie Allemand,nan,Toronto Tempo @ Golden State Valkyries,nan,3PM,1.8,-3.2,-6.7,0.3,-6.7-0.3,1.5,186.0,-250.0,,,-4.7,UNDER,HIGH,0.6272,0.7143,-0.1219,-12.2,0.0,BENEFICIARY,ACTIVE MARKET,True,Minutes/usage redistributed from unavailable teammates,"v5 intelligence blend from stats.wnba.com+player_intelligence: season + recent form, usage, efficiency, minutes, pace, role score, and price lean. Intelligence: role 94.2, minutes STABLE, points STABLE.",Toronto Tempo @ Golden State Valkyries,Golden State Valkyries,Toronto Tempo,"[0, 0, 0, 0, 0]","[""ATL"", ""CHI"", ""DAL"", ""IND"", ""SEA""]",1.0,1.0,"[0, 0, 0, 0, 0]",12,94.2,STABLE,STABLE,wnba_player_intelligence
Kiah Stokes,nan,Toronto Tempo @ Golden State Valkyries,nan,REB,5.0,3.0,-0.5,6.5,-0.5-6.5,5.5,149.0,-196.0,,,-2.5,UNDER,HIGH,0.57,0.6622,-0.1392,-13.9,0.0,BENEFICIARY,ACTIVE MARKET,True,Minutes/usage redistributed from unavailable teammates,"v5 intelligence blend from stats.wnba.com+player_intelligence: season + recent form, usage, efficiency, minutes, pace, role score, and price lean. Intelligence: role 73.4, minutes STABLE, points STABLE.",Toronto Tempo @ Golden State Valkyries,Golden State Valkyries,Toronto Tempo,"[1.2, 4.3, 3.5, 2.5, 1.6]","[""ATL"", ""CHI"", ""DAL"", ""IND"", ""SEA""]",1.0,1.0,"[2.1, 1.2, 4.3, 3.5, 2.5]",12,73.4,STABLE,STABLE,wnba_player_intelligence
Laura Juskaite,nan,Toronto Tempo @ Golden State Valkyries,nan,PTS,9.7,4.1,0.6,7.6,0.6-7.6,9.5,-135.5,3.0,,,-5.4,UNDER,HIGH,0.6454,0.9709,-0.3352,-33.5,0.0,BENEFICIARY,ACTIVE MARKET,True,Minutes/usage redistributed from unavailable teammates,"v5 intelligence blend from stats.wnba.com+player_intelligence: season + recent form, usage, efficiency, minutes, pace, role score, and price lean. Intelligence: role 86.7, minutes UP, points STABLE.",Toronto Tempo @ Golden State Valkyries,Golden State Valkyries,Toronto Tempo,"[5.4, 4.5, 3.6, 2.7, 5.9]","[""ATL"", ""CHI"", ""DAL"", ""IND"", ""SEA""]",1.0,1.0,"[2.3, 5.4, 4.5, 3.6, 2.7]",12,86.7,UP,STABLE,wnba_player_intelligence
Arike Ogunbowale,nan,Connecticut Sun @ Dallas Wings,nan,AST,3.0,2.4,-1.1,5.9,-1.1-5.9,4.5,-137.0,0.5,,,-2.1,UNDER,HIGH,0.5596,0.995,-0.4376,-43.8,0.0,ACTIVE,ACTIVE MARKET,True,,"v5 intelligence blend from stats.wnba.com+player_intelligence: season + recent form, usage, efficiency, minutes, pace, role score, and price lean. Intelligence: role 100.0, minutes UP, points UP.",Connecticut Sun @ Dallas Wings,Dallas Wings,Connecticut Sun,"[2.9, 1.9, 1.0, 4.2, 3.3]","[""ATL"", ""CHI"", ""DAL"", ""IND"", ""SEA""]",1.0,1.0,"[4.2, 3.3, 2.4, 1.5, 0.6]",7,100.0,UP,UP,wnba_player_intelligence
Rhyne Howard,nan,Las Vegas Aces @ Atlanta Dream,nan,REB,3.6,3.1,-0.4,6.6,-0.4-6.6,3.5,-130.5,-52.0,,,-0.4,UNDER,MED,0.5154,0.3421,0.5066,50.7,0.05,ACTIVE,ACTIVE MARKET,True,,"v5 intelligence blend from stats.wnba.com+player_intelligence: season + recent form, usage, efficiency, minutes, pace, role score, and price lean. Intelligence: role 100.0, minutes STABLE, points DOWN.",Las Vegas Aces @ Atlanta Dream,Atlanta Dream,Las Vegas Aces,"[1.3, 4.5, 3.6, 2.6, 1.8]","[""ATL"", ""CHI"", ""DAL"", ""IND"", ""SEA""]",0.6,0.6,"[1.3, 4.5, 3.6, 2.6, 1.8]",13,100.0,STABLE,DOWN,wnba_player_intelligence
Gabby Williams,nan,Toronto Tempo @ Golden State Valkyries,nan,PRA,20.7,13.4,9.9,16.9,9.9-16.9,19.5,-123.0,-107.67,,,-6.1,UNDER,MED,0.62,0.5185,0.1958,19.6,0.05,QUESTIONABLE,ACTIVE MARKET,True,Injury/Illness - Na; Reconditioning; matchup=(ET) TOR@GSV; game_time=08:30,"v5 intelligence blend from stats.wnba.com+player_intelligence: season + recent form, usage, efficiency, minutes, pace, role score, and price lean. Intelligence: role 85.0, minutes STABLE, points STABLE. Injury status QUESTIONABLE applied.",Toronto Tempo @ Golden State Valkyries,Golden State Valkyries,Toronto Tempo,"[11.6, 14.8, 13.8, 13.0, 12.1]","[""ATL"", ""CHI"", ""DAL"", ""IND"", ""SEA""]",1.0,1.0,"[12.5, 11.6, 14.8, 13.8, 13.0]",12,85.0,STABLE,STABLE,wnba_player_intelligence
Gabby Williams,nan,Toronto Tempo @ Golden State Valkyries,nan,PA,17.3,10.3,6.8,13.8,6.8-13.8,16.5,-120.0,-113.0,,,-6.2,UNDER,MED,0.62,0.5305,0.1687,16.9,0.0477,QUESTIONABLE,ACTIVE MARKET,True,Injury/Illness - Na; Reconditioning; matchup=(ET) TOR@GSV; game_time=08:30,"v5 intelligence blend from stats.wnba.com+player_intelligence: season + recent form, usage, efficiency, minutes, pace, role score, and price lean. Intelligence: role 85.0, minutes STABLE, points STABLE. Injury status QUESTIONABLE applied.",Toronto Tempo @ Golden State Valkyries,Golden State Valkyries,Toronto Tempo,"[9.9, 9.0, 12.1, 11.2, 10.3]","[""ATL"", ""CHI"", ""DAL"", ""IND"", ""SEA""]",1.0,1.0,"[10.8, 9.9, 9.0, 12.1, 11.2]",12,85.0,STABLE,STABLE,wnba_player_intelligence
Kahleah Copper,nan,Phoenix Mercury @ Chicago Sky,nan,RA,5.3,4.7,1.2,8.2,1.2-8.2,5.5,-162.0,122.0,,,-0.8,UNDER,MED,0.5258,0.4505,0.1673,16.7,0.0343,ACTIVE,ACTIVE MARKET,True,,"v5 intelligence blend from stats.wnba.com+player_intelligence: season + recent form, usage, efficiency, minutes, pace, role score, and price lean. Intelligence: role 96.9, minutes STABLE, points STABLE.",Phoenix Mercury @ Chicago Sky,Chicago Sky,Phoenix Mercury,"[6.1, 5.2, 4.2, 3.4, 6.5]","[""ATL"", ""CHI"", ""DAL"", ""IND"", ""SEA""]",0.6,0.6,"[5.6, 4.7, 3.8, 2.9, 6.1]",9,96.9,STABLE,STABLE,wnba_player_intelligence
Gabby Williams,nan,Toronto Tempo @ Golden State Valkyries,nan,PTS,15.0,7.4,3.9,10.9,3.9-10.9,14.5,-114.0,-116.0,,,-7.1,UNDER,MED,0.62,0.537,0.1545,15.4,0.0448,QUESTIONABLE,ACTIVE MARKET,True,Injury/Illness - Na; Reconditioning; matchup=(ET) TOR@GSV; game_time=08:30,"v5 intelligence blend from stats.wnba.com+player_intelligence: season + recent form, usage, efficiency, minutes, pace, role score, and price lean. Intelligence: role 85.0, minutes STABLE, points STABLE. Injury status QUESTIONABLE applied.",Toronto Tempo @ Golden State Valkyries,Golden State Valkyries,Toronto Tempo,"[6.5, 5.6, 8.8, 7.9, 7.0]","[""ATL"", ""CHI"", ""DAL"", ""IND"", ""SEA""]",1.0,1.0,"[7.4, 6.5, 5.6, 8.8, 7.9]",12,85.0,STABLE,STABLE,wnba_player_intelligence
Julie Allemand,nan,Toronto Tempo @ Golden State Valkyries,nan,AST,5.3,4.4,0.9,7.9,0.9-7.9,5.5,-152.8,116.0,,,-1.1,UNDER,MED,0.5336,0.463,0.1526,15.3,0.0329,BENEFICIARY,ACTIVE MARKET,True,Minutes/usage redistributed from unavailable teammates,"v5 intelligence blend from stats.wnba.com+player_intelligence: season + recent form, usage, efficiency, minutes, pace, role score, and price lean. Intelligence: role 94.2, minutes STABLE, points STABLE.",Toronto Tempo @ Golden State Valkyries,Golden State Valkyries,Toronto Tempo,"[5.8, 4.9, 4.0, 3.1, 6.2]","[""ATL"", ""CHI"", ""DAL"", ""IND"", ""SEA""]",0.6,0.7,"[2.6, 5.8, 4.9, 4.0, 3.1]",12,94.2,STABLE,STABLE,wnba_player_intelligence
Gabby Williams,nan,Toronto Tempo @ Golden State Valkyries,nan,PR,18.3,10.6,7.1,14.1,7.1-14.1,17.5,-114.5,-117.0,,,-6.9,UNDER,MED,0.62,0.5392,0.1499,15.0,0.0439,QUESTIONABLE,ACTIVE MARKET,True,Injury/Illness - Na; Reconditioning; matchup=(ET) TOR@GSV; game_time=08:30,"v5 intelligence blend from stats.wnba.com+player_intelligence: season + recent form, usage, efficiency, minutes, pace, role score, and price lean. Intelligence: role 85.0, minutes STABLE, points STABLE. Injury status QUESTIONABLE applied.",Toronto Tempo @ Golden State Valkyries,Golden State Valkyries,Toronto Tempo,"[9.7, 8.8, 11.9, 11.0, 10.2]","[""ATL"", ""CHI"", ""DAL"", ""IND"", ""SEA""]",1.0,1.0,"[10.6, 9.7, 8.8, 11.9, 11.0]",12,85.0,STABLE,STABLE,wnba_player_intelligence
Allisha Gray,nan,Las Vegas Aces @ Atlanta Dream,nan,RA,5.0,4.2,0.7,7.7,0.7-7.7,5.5,-152.0,112.5,,,-1.3,UNDER,MED,0.5388,0.4706,0.1449,14.5,0.0322,ACTIVE,ACTIVE MARKET,True,,"v5 intelligence blend from stats.wnba.com+player_intelligence: season + recent form, usage, efficiency, minutes, pace, role score, and price lean. Intelligence: role 97.8, minutes STABLE, points UP.",Las Vegas Aces @ Atlanta Dream,Atlanta Dream,Las Vegas Aces,"[5.6, 4.7, 3.8, 2.9, 6.0]","[""ATL"", ""CHI"", ""DAL"", ""IND"", ""SEA""]",0.6,0.7,"[5.6, 4.7, 3.8, 2.9, 6.0]",13,97.8,STABLE,UP,wnba_player_intelligence
Kayla Thornton,nan,Toronto Tempo @ Golden State Valkyries,nan,REB,5.0,4.1,0.6,7.6,0.6-7.6,4.5,-162.0,122.0,,,-0.4,UNDER,MED,0.5154,0.4505,0.1442,14.4,0.0295,BENEFICIARY,ACTIVE MARKET,True,Minutes/usage redistributed from unavailable teammates,"v5 intelligence blend from stats.wnba.com+player_intelligence: season + recent form, usage, efficiency, minutes, pace, role score, and price lean. Intelligence: role 82.9, minutes STABLE, points STABLE.",Toronto Tempo @ Golden State Valkyries,Golden State Valkyries,Toronto Tempo,"[3.2, 2.3, 5.4, 4.5, 3.6]","[""ATL"", ""CHI"", ""DAL"", ""IND"", ""SEA""]",0.6,0.6,"[4.1, 3.2, 2.3, 5.4, 4.5]",12,82.9,STABLE,STABLE,wnba_player_intelligence
Flau'jae Johnson,nan,Seattle Storm @ New York Liberty,nan,AST,2.8,2.0,-1.5,5.5,-1.5-5.5,2.5,-159.33,119.67,,,-0.5,UNDER,MED,0.518,0.4552,0.1379,13.8,0.0288,ACTIVE,ACTIVE MARKET,True,,"v5 intelligence blend from stats.wnba.com+player_intelligence: season + recent form, usage, efficiency, minutes, pace, role score, and price lean. Intelligence: role 90.5, minutes STABLE, points STABLE.",Seattle Storm @ New York Liberty,New York Liberty,Seattle Storm,"[1.6, 0.6, 3.8, 2.9, 2.0]","[""ATL"", ""CHI"", ""DAL"", ""IND"", ""SEA""]",0.6,0.6,"[3.4, 2.5, 1.6, 0.6, 3.8]",5,90.5,STABLE,STABLE,wnba_player_intelligence
Janelle Salaun,nan,Toronto Tempo @ Golden State Valkyries,nan,REB,3.9,2.5,-1.0,6.0,-1.0-6.0,3.5,-145.6,111.5,,,-1.0,UNDER,MED,0.531,0.4728,0.1231,12.3,0.0276,BENEFICIARY,ACTIVE MARKET,True,Minutes/usage redistributed from unavailable teammates,"v5 intelligence blend from stats.wnba.com+player_intelligence: season + recent form, usage, efficiency, minutes, pace, role score, and price lean. Intelligence: role 75.2, minutes STABLE, points STABLE.",Toronto Tempo @ Golden State Valkyries,Golden State Valkyries,Toronto Tempo,"[0.7, 3.9, 3.0, 2.0, 1.1]","[""ATL"", ""CHI"", ""DAL"", ""IND"", ""SEA""]",0.8,0.8,"[1.6, 0.7, 3.9, 3.0, 2.0]",12,75.2,STABLE,STABLE,wnba_player_intelligence
Kahleah Copper,nan,Phoenix Mercury @ Chicago Sky,nan,REB,3.6,2.6,-0.9,6.1,-0.9-6.1,3.5,-149.33,111.0,,,-0.9,UNDER,MED,0.5284,0.4739,0.1149,11.5,0.0259,ACTIVE,ACTIVE MARKET,True,,"v5 intelligence blend from stats.wnba.com+player_intelligence: season + recent form, usage, efficiency, minutes, pace, role score, and price lean. Intelligence: role 96.9, minutes STABLE, points STABLE.",Phoenix Mercury @ Chicago Sky,Chicago Sky,Phoenix Mercury,"[1.2, 4.4, 3.5, 2.6, 1.7]","[""ATL"", ""CHI"", ""DAL"", ""IND"", ""SEA""]",0.6,0.7,"[0.8, 4.0, 3.1, 2.1, 1.2]",9,96.9,STABLE,STABLE,wnba_player_intelligence
Angel Reese,nan,Las Vegas Aces @ Atlanta Dream,nan,RA,13.4,11.8,8.3,15.3,8.3-15.3,13.5,-137.0,102.0,,,-1.7,UNDER,MED,0.5492,0.495,0.1094,10.9,0.0268,ACTIVE,ACTIVE MARKET,True,,"v5 intelligence blend from stats.wnba.com+player_intelligence: season + recent form, usage, efficiency, minutes, pace, role score, and price lean. Intelligence: role 90.5, minutes STABLE, points STABLE.",Las Vegas Aces @ Atlanta Dream,Atlanta Dream,Las Vegas Aces,"[12.7, 11.8, 10.9, 10.0, 13.2]","[""ATL"", ""CHI"", ""DAL"", ""IND"", ""SEA""]",1.0,0.9,"[12.7, 11.8, 10.9, 10.0, 13.2]",13,90.5,STABLE,STABLE,wnba_player_intelligence
Azzi Fudd,nan,Connecticut Sun @ Dallas Wings,nan,PTS,12.9,7.9,4.4,11.4,4.4-11.4,9.5,-135.0,100.0,,,-1.6,UNDER,MED,0.5466,0.5,0.0932,9.3,0.0233,ACTIVE,ACTIVE MARKET,True,,"v5 intelligence blend from stats.wnba.com+player_intelligence: season + recent form, usage, efficiency, minutes, pace, role score, and price lean. Intelligence: role 100.0, minutes UP, points STABLE.",Connecticut Sun @ Dallas Wings,Dallas Wings,Connecticut Sun,"[8.8, 7.9, 7.0, 6.1, 9.2]","[""ATL"", ""CHI"", ""DAL"", ""IND"", ""SEA""]",1.0,0.9,"[6.1, 9.2, 8.3, 7.5, 6.6]",7,100.0,UP,STABLE,wnba_player_intelligence
Jessica Shepard,nan,Connecticut Sun @ Dallas Wings,nan,AST,5.4,4.9,1.4,8.4,1.4-8.4,4.5,110.0,-150.0,,,0.4,OVER,MED,0.5154,0.4762,0.0823,8.2,0.0187,ACTIVE,ACTIVE MARKET,True,,"v5 intelligence blend from stats.wnba.com+player_intelligence: season + recent form, usage, efficiency, minutes, pace, role score, and price lean. Intelligence: role 100.0, minutes STABLE, points STABLE.",Connecticut Sun @ Dallas Wings,Dallas Wings,Connecticut Sun,"[4.9, 4.0, 3.1, 6.2, 5.4]","[""ATL"", ""CHI"", ""DAL"", ""IND"", ""SEA""]",0.6,0.6,"[6.2, 5.4, 4.5, 3.6, 6.7]",7,100.0,STABLE,STABLE,wnba_player_intelligence
Gabby Williams,nan,Toronto Tempo @ Golden State Valkyries,nan,3PM,2.0,-3.1,-6.6,0.4,-6.6-0.4,1.5,-112.5,-118.5,,,-4.6,UNDER,MED,0.5846,0.5423,0.0779,7.8,0.0231,QUESTIONABLE,ACTIVE MARKET,True,Injury/Illness - Na; Reconditioning; matchup=(ET) TOR@GSV; game_time=08:30,"v5 intelligence blend from stats.wnba.com+player_intelligence: season + recent form, usage, efficiency, minutes, pace, role score, and price lean. Intelligence: role 85.0, minutes STABLE, points STABLE. Injury status QUESTIONABLE applied.",Toronto Tempo @ Golden State Valkyries,Golden State Valkyries,Toronto Tempo,"[0, 0, 0, 0, 0]","[""ATL"", ""CHI"", ""DAL"", ""IND"", ""SEA""]",1.0,1.0,"[0, 0, 0, 0, 0]",12,85.0,STABLE,STABLE,wnba_player_intelligence
Julie Allemand,nan,Toronto Tempo @ Golden State Valkyries,nan,RA,8.7,7.6,4.1,11.1,4.1-11.1,8.5,-138.0,104.0,,,-0.9,UNDER,MED,0.5284,0.4902,0.0779,7.8,0.0187,BENEFICIARY,ACTIVE MARKET,True,Minutes/usage redistributed from unavailable teammates,"v5 intelligence blend from stats.wnba.com+player_intelligence: season + recent form, usage, efficiency, minutes, pace, role score, and price lean. Intelligence: role 94.2, minutes STABLE, points STABLE.",Toronto Tempo @ Golden State Valkyries,Golden State Valkyries,Toronto Tempo,"[8.9, 8.0, 7.1, 6.2, 9.4]","[""ATL"", ""CHI"", ""DAL"", ""IND"", ""SEA""]",0.6,0.6,"[5.8, 8.9, 8.0, 7.1, 6.2]",12,94.2,STABLE,STABLE,wnba_player_intelligence
Jackie Young,nan,Las Vegas Aces @ Atlanta Dream,nan,REB,4.1,3.1,-0.4,6.6,-0.4-6.6,3.5,-136.5,103.0,,,-0.4,UNDER,MED,0.5154,0.4926,0.0463,4.6,0.0112,ACTIVE,ACTIVE MARKET,True,,"v5 intelligence blend from stats.wnba.com+player_intelligence: season + recent form, usage, efficiency, minutes, pace, role score, and price lean. Intelligence: role 94.9, minutes DOWN, points STABLE.",Las Vegas Aces @ Atlanta Dream,Atlanta Dream,Las Vegas Aces,"[1.3, 4.5, 3.6, 2.6, 1.8]","[""ATL"", ""CHI"", ""DAL"", ""IND"", ""SEA""]",0.6,0.6,"[1.3, 4.5, 3.6, 2.6, 1.8]",13,94.9,DOWN,STABLE,wnba_player_intelligence
Veronica Burton,nan,Toronto Tempo @ Golden State Valkyries,nan,RA,8.7,8.6,5.1,12.1,5.1-12.1,9.5,-128.0,-105.0,,,-0.9,UNDER,MED,0.5284,0.5122,0.0316,3.2,0.0083,BENEFICIARY,ACTIVE MARKET,True,Minutes/usage redistributed from unavailable teammates,"v5 intelligence blend from stats.wnba.com+player_intelligence: season + recent form, usage, efficiency, minutes, pace, role score, and price lean. Intelligence: role 94.6, minutes UP, points STABLE.",Toronto Tempo @ Golden State Valkyries,Golden State Valkyries,Toronto Tempo,"[10.4, 9.5, 8.6, 7.7, 6.8]","[""ATL"", ""CHI"", ""DAL"", ""IND"", ""SEA""]",0.6,0.6,"[7.2, 10.4, 9.5, 8.6, 7.7]",12,94.6,UP,STABLE,wnba_player_intelligence
A'ja Wilson,nan,Las Vegas Aces @ Atlanta Dream,nan,REB,9.4,8.3,4.8,11.8,4.8-11.8,9.5,-121.5,-109.25,,,-1.2,UNDER,MED,0.5362,0.5221,0.027,2.7,0.0074,ACTIVE,ACTIVE MARKET,True,,"v5 intelligence blend from stats.wnba.com+player_intelligence: season + recent form, usage, efficiency, minutes, pace, role score, and price lean. Intelligence: role 97.2, minutes STABLE, points UP.",Las Vegas Aces @ Atlanta Dream,Atlanta Dream,Las Vegas Aces,"[7.0, 10.1, 9.2, 8.3, 7.4]","[""ATL"", ""CHI"", ""DAL"", ""IND"", ""SEA""]",0.8,0.8,"[7.0, 10.1, 9.2, 8.3, 7.4]",13,97.2,STABLE,UP,wnba_player_intelligence
Chelsea Gray,nan,Las Vegas Aces @ Atlanta Dream,nan,REB,3.3,2.0,-1.5,5.5,-1.5-5.5,2.5,-129.67,-102.33,,,-0.5,UNDER,MED,0.518,0.5058,0.0242,2.4,0.0062,ACTIVE,ACTIVE MARKET,True,,"v5 intelligence blend from stats.wnba.com+player_intelligence: season + recent form, usage, efficiency, minutes, pace, role score, and price lean. Intelligence: role 100.0, minutes STABLE, points STABLE.",Las Vegas Aces @ Atlanta Dream,Atlanta Dream,Las Vegas Aces,"[0.6, 3.8, 2.9, 2.0, 1.1]","[""ATL"", ""CHI"", ""DAL"", ""IND"", ""SEA""]",0.6,0.6,"[0.6, 3.8, 2.9, 2.0, 1.1]",13,100.0,STABLE,STABLE,wnba_player_intelligence
Sabrina Ionescu,nan,Seattle Storm @ New York Liberty,nan,AST,4.4,4.2,0.7,7.7,0.7-7.7,5.5,-117.5,-113.0,,,-1.3,UNDER,MED,0.5388,0.5305,0.0156,1.6,0.0044,ACTIVE,ACTIVE MARKET,True,,"v5 intelligence blend from stats.wnba.com+player_intelligence: season + recent form, usage, efficiency, minutes, pace, role score, and price lean. Intelligence: role 100.0, minutes UP, points UP.",Seattle Storm @ New York Liberty,New York Liberty,Seattle Storm,"[6.0, 5.1, 4.2, 3.3, 2.4]","[""ATL"", ""CHI"", ""DAL"", ""IND"", ""SEA""]",0.8,0.7,"[3.8, 2.9, 6.0, 5.1, 4.2]",5,100.0,UP,UP,wnba_player_intelligence
Jackie Young,nan,Las Vegas Aces @ Atlanta Dream,nan,AST,6.4,4.6,1.1,8.1,1.1-8.1,6.5,-109.0,-121.75,,,-1.9,UNDER,MED,0.5544,0.549,0.0098,1.0,0.003,ACTIVE,ACTIVE MARKET,True,,"v5 intelligence blend from stats.wnba.com+player_intelligence: season + recent form, usage, efficiency, minutes, pace, role score, and price lean. Intelligence: role 94.9, minutes DOWN, points STABLE.",Las Vegas Aces @ Atlanta Dream,Atlanta Dream,Las Vegas Aces,"[5.5, 4.6, 3.7, 2.8, 5.9]","[""ATL"", ""CHI"", ""DAL"", ""IND"", ""SEA""]",1.0,1.0,"[5.5, 4.6, 3.7, 2.8, 5.9]",13,94.9,DOWN,STABLE,wnba_player_intelligence
Jessica Shepard,nan,Connecticut Sun @ Dallas Wings,nan,RA,16.8,16.4,12.9,19.9,12.9-19.9,15.5,-110.0,-130.0,,,0.9,OVER,MED,0.5284,0.5238,0.0088,0.9,0.0024,ACTIVE,ACTIVE MARKET,True,,"v5 intelligence blend from stats.wnba.com+player_intelligence: season + recent form, usage, efficiency, minutes, pace, role score, and price lean. Intelligence: role 100.0, minutes STABLE, points STABLE.",Connecticut Sun @ Dallas Wings,Dallas Wings,Connecticut Sun,"[16.4, 15.5, 14.6, 17.8, 16.8]","[""ATL"", ""CHI"", ""DAL"", ""IND"", ""SEA""]",0.6,0.7,"[17.8, 16.8, 15.9, 15.0, 18.2]",7,100.0,STABLE,STABLE,wnba_player_intelligence
Jordin Canada,nan,Las Vegas Aces @ Atlanta Dream,nan,REB,3.5,2.5,-1.0,6.0,-1.0-6.0,3.5,-117.75,-112.75,,,-1.0,UNDER,MED,0.531,0.53,0.002,0.2,0.0006,ACTIVE,ACTIVE MARKET,True,,"v5 intelligence blend from stats.wnba.com+player_intelligence: season + recent form, usage, efficiency, minutes, pace, role score, and price lean. Intelligence: role 99.7, minutes STABLE, points STABLE.",Las Vegas Aces @ Atlanta Dream,Atlanta Dream,Las Vegas Aces,"[3.4, 2.5, 1.6, 0.7, 3.9]","[""ATL"", ""CHI"", ""DAL"", ""IND"", ""SEA""]",0.8,0.8,"[3.4, 2.5, 1.6, 0.7, 3.9]",13,99.7,STABLE,STABLE,wnba_player_intelligence
Flau'jae Johnson,nan,Seattle Storm @ New York Liberty,nan,RA,7.7,6.1,2.6,9.6,2.6-9.6,7.5,-112.0,-118.5,,,-1.4,UNDER,MED,0.5414,0.5423,-0.0017,-0.2,0.0,ACTIVE,ACTIVE MARKET,True,,"v5 intelligence blend from stats.wnba.com+player_intelligence: season + recent form, usage, efficiency, minutes, pace, role score, and price lean. Intelligence: role 90.5, minutes STABLE, points STABLE.",Seattle Storm @ New York Liberty,New York Liberty,Seattle Storm,"[5.6, 4.8, 7.9, 7.0, 6.1]","[""ATL"", ""CHI"", ""DAL"", ""IND"", ""SEA""]",0.8,0.9,"[7.4, 6.5, 5.6, 4.8, 7.9]",5,90.5,STABLE,STABLE,wnba_player_intelligence
A'ja Wilson,nan,Las Vegas Aces @ Atlanta Dream,nan,AST,3.0,2.4,-1.1,5.9,-1.1-5.9,3.5,-115.75,-115.0,,,-1.1,UNDER,MED,0.5336,0.5349,-0.0024,-0.2,0.0,ACTIVE,ACTIVE MARKET,True,,"v5 intelligence blend from stats.wnba.com+player_intelligence: season + recent form, usage, efficiency, minutes, pace, role score, and price lean. Intelligence: role 97.2, minutes STABLE, points UP.",Las Vegas Aces @ Atlanta Dream,Atlanta Dream,Las Vegas Aces,"[3.8, 2.9, 1.9, 1.0, 4.2]","[""ATL"", ""CHI"", ""DAL"", ""IND"", ""SEA""]",0.6,0.7,"[3.8, 2.9, 1.9, 1.0, 4.2]",13,97.2,STABLE,UP,wnba_player_intelligence
Flau'jae Johnson,nan,Seattle Storm @ New York Liberty,nan,REB,4.9,3.1,-0.4,6.6,-0.4-6.6,4.5,-109.75,-120.5,,,-1.4,UNDER,MED,0.5414,0.5465,-0.0093,-0.9,0.0,ACTIVE,ACTIVE MARKET,True,,"v5 intelligence blend from stats.wnba.com+player_intelligence: season + recent form, usage, efficiency, minutes, pace, role score, and price lean. Intelligence: role 90.5, minutes STABLE, points STABLE.",Seattle Storm @ New York Liberty,New York Liberty,Seattle Storm,"[4.0, 3.1, 2.2, 1.3, 4.5]","[""ATL"", ""CHI"", ""DAL"", ""IND"", ""SEA""]",0.8,0.8,"[1.8, 4.9, 4.0, 3.1, 2.2]",5,90.5,STABLE,STABLE,wnba_player_intelligence
Awa Fam,nan,Seattle Storm @ New York Liberty,nan,REB,6.0,6.2,2.7,9.7,2.7-9.7,5.5,-113.0,-117.25,,,0.7,OVER,MED,0.5232,0.5305,-0.0138,-1.4,0.0,ACTIVE,ACTIVE MARKET,True,,"v5 intelligence blend from stats.wnba.com+player_intelligence: season + recent form, usage, efficiency, minutes, pace, role score, and price lean. Intelligence: role 97.0, minutes STABLE, points STABLE.",Seattle Storm @ New York Liberty,New York Liberty,Seattle Storm,"[5.3, 4.4, 7.6, 6.7, 5.8]","[""ATL"", ""CHI"", ""DAL"", ""IND"", ""SEA""]",0.6,0.6,"[7.1, 6.2, 5.3, 4.4, 7.6]",5,97.0,STABLE,STABLE,wnba_player_intelligence
Jackie Young,nan,Las Vegas Aces @ Atlanta Dream,nan,RA,10.4,8.8,5.3,12.3,5.3-12.3,10.5,-107.0,-126.0,,,-1.7,UNDER,MED,0.5492,0.5575,-0.0149,-1.5,0.0,ACTIVE,ACTIVE MARKET,True,,"v5 intelligence blend from stats.wnba.com+player_intelligence: season + recent form, usage, efficiency, minutes, pace, role score, and price lean. Intelligence: role 94.9, minutes DOWN, points STABLE.",Las Vegas Aces @ Atlanta Dream,Atlanta Dream,Las Vegas Aces,"[9.7, 8.8, 7.9, 7.0, 10.2]","[""ATL"", ""CHI"", ""DAL"", ""IND"", ""SEA""]",1.0,0.9,"[9.7, 8.8, 7.9, 7.0, 10.2]",13,94.9,DOWN,STABLE,wnba_player_intelligence
Alyssa Thomas,nan,Phoenix Mercury @ Chicago Sky,nan,RA,15.2,15.5,12.0,19.0,12.0-19.0,16.5,-112.0,-118.0,,,-1.0,UNDER,MED,0.531,0.5413,-0.019,-1.9,0.0,ACTIVE,ACTIVE MARKET,True,,"v5 intelligence blend from stats.wnba.com+player_intelligence: season + recent form, usage, efficiency, minutes, pace, role score, and price lean. Intelligence: role 100.0, minutes UP, points STABLE.",Phoenix Mercury @ Chicago Sky,Chicago Sky,Phoenix Mercury,"[17.3, 16.4, 15.5, 14.6, 13.7]","[""ATL"", ""CHI"", ""DAL"", ""IND"", ""SEA""]",0.8,0.7,"[16.9, 15.9, 15.1, 14.2, 17.3]",9,100.0,UP,STABLE,wnba_player_intelligence
Allisha Gray,nan,Las Vegas Aces @ Atlanta Dream,nan,REB,2.9,1.8,-1.7,5.3,-1.7-5.3,3.5,-103.5,-128.75,,,-1.7,UNDER,MED,0.5492,0.5628,-0.0242,-2.4,0.0,ACTIVE,ACTIVE MARKET,True,,"v5 intelligence blend from stats.wnba.com+player_intelligence: season + recent form, usage, efficiency, minutes, pace, role score, and price lean. Intelligence: role 97.8, minutes STABLE, points UP.",Las Vegas Aces @ Atlanta Dream,Atlanta Dream,Las Vegas Aces,"[0.4, 3.6, 2.7, 1.8, 0.9]","[""ATL"", ""CHI"", ""DAL"", ""IND"", ""SEA""]",0.8,0.9,"[0.4, 3.6, 2.7, 1.8, 0.9]",13,97.8,STABLE,UP,wnba_player_intelligence
Allisha Gray,nan,Las Vegas Aces @ Atlanta Dream,nan,AST,2.1,0.7,-2.8,4.2,-2.8-4.2,2.5,-34.67,-130.67,,,-1.8,UNDER,MED,0.5518,0.5665,-0.0259,-2.6,0.0,ACTIVE,ACTIVE MARKET,True,,"v5 intelligence blend from stats.wnba.com+player_intelligence: season + recent form, usage, efficiency, minutes, pace, role score, and price lean. Intelligence: role 97.8, minutes STABLE, points UP.",Las Vegas Aces @ Atlanta Dream,Atlanta Dream,Las Vegas Aces,"[2.0, 1.1, 0.2, 0, 2.5]","[""ATL"", ""CHI"", ""DAL"", ""IND"", ""SEA""]",0.8,0.9,"[2.0, 1.1, 0.2, 0, 2.5]",13,97.8,STABLE,UP,wnba_player_intelligence
Rhyne Howard,nan,Las Vegas Aces @ Atlanta Dream,nan,AST,3.4,3.0,-0.5,6.5,-0.5-6.5,3.5,-116.5,-114.0,,,-0.5,UNDER,MED,0.518,0.5327,-0.0276,-2.8,0.0,ACTIVE,ACTIVE MARKET,True,,"v5 intelligence blend from stats.wnba.com+player_intelligence: season + recent form, usage, efficiency, minutes, pace, role score, and price lean. Intelligence: role 100.0, minutes STABLE, points DOWN.",Las Vegas Aces @ Atlanta Dream,Atlanta Dream,Las Vegas Aces,"[3.9, 3.0, 2.1, 1.2, 4.3]","[""ATL"", ""CHI"", ""DAL"", ""IND"", ""SEA""]",0.6,0.5,"[3.9, 3.0, 2.1, 1.2, 4.3]",13,100.0,STABLE,DOWN,wnba_player_intelligence
Jonquel Jones,nan,Seattle Storm @ New York Liberty,nan,REB,8.9,7.6,4.1,11.1,4.1-11.1,9.5,104.0,-138.0,,,-1.9,UNDER,MED,0.5544,0.5798,-0.0439,-4.4,0.0,ACTIVE,ACTIVE MARKET,True,,"v5 intelligence blend from stats.wnba.com+player_intelligence: season + recent form, usage, efficiency, minutes, pace, role score, and price lean. Intelligence: role 89.1, minutes STABLE, points STABLE.",Seattle Storm @ New York Liberty,New York Liberty,Seattle Storm,"[8.5, 7.6, 6.7, 5.8, 8.9]","[""ATL"", ""CHI"", ""DAL"", ""IND"", ""SEA""]",1.0,1.0,"[6.2, 9.4, 8.5, 7.6, 6.7]",5,89.1,STABLE,STABLE,wnba_player_intelligence
Sabrina Ionescu,nan,Seattle Storm @ New York Liberty,nan,REB,3.9,3.7,0.2,7.2,0.2-7.2,4.5,-107.0,-124.25,,,-0.8,UNDER,MED,0.5258,0.5541,-0.051,-5.1,0.0,ACTIVE,ACTIVE MARKET,True,,"v5 intelligence blend from stats.wnba.com+player_intelligence: season + recent form, usage, efficiency, minutes, pace, role score, and price lean. Intelligence: role 100.0, minutes UP, points UP.",Seattle Storm @ New York Liberty,New York Liberty,Seattle Storm,"[2.8, 1.9, 5.1, 4.2, 3.2]","[""ATL"", ""CHI"", ""DAL"", ""IND"", ""SEA""]",0.8,0.7,"[4.6, 3.7, 2.8, 1.9, 5.1]",5,100.0,UP,UP,wnba_player_intelligence
Maria Conde,nan,Toronto Tempo @ Golden State Valkyries,nan,REB,4.7,4.0,0.5,7.5,0.5-7.5,4.5,-110.5,-120.25,,,-0.5,UNDER,MED,0.518,0.546,-0.0512,-5.1,0.0,BENEFICIARY,ACTIVE MARKET,True,Minutes/usage redistributed from unavailable teammates,"v5 intelligence blend from stats.wnba.com+player_intelligence: season + recent form, usage, efficiency, minutes, pace, role score, and price lean. Intelligence: role 90.7, minutes STABLE, points STABLE.",Toronto Tempo @ Golden State Valkyries,Golden State Valkyries,Toronto Tempo,"[2.6, 5.8, 4.9, 4.0, 3.1]","[""ATL"", ""CHI"", ""DAL"", ""IND"", ""SEA""]",0.6,0.6,"[3.5, 2.6, 5.8, 4.9, 4.0]",12,90.7,STABLE,STABLE,wnba_player_intelligence
Breanna Stewart,nan,Seattle Storm @ New York Liberty,nan,RA,11.7,11.7,8.2,15.2,8.2-15.2,12.5,-106.5,-126.0,,,-0.8,UNDER,MED,0.5258,0.5575,-0.0569,-5.7,0.0,ACTIVE,ACTIVE MARKET,True,,"v5 intelligence blend from stats.wnba.com+player_intelligence: season + recent form, usage, efficiency, minutes, pace, role score, and price lean. Intelligence: role 100.0, minutes STABLE, points STABLE.",Seattle Storm @ New York Liberty,New York Liberty,Seattle Storm,"[10.3, 13.5, 12.6, 11.7, 10.8]","[""ATL"", ""CHI"", ""DAL"", ""IND"", ""SEA""]",0.6,0.7,"[12.1, 11.2, 10.3, 13.5, 12.6]",5,100.0,STABLE,STABLE,wnba_player_intelligence
Paige Bueckers,nan,Connecticut Sun @ Dallas Wings,nan,REB,4.0,2.8,-0.7,6.3,-0.7-6.3,4.5,103.0,-140.0,,,-1.7,UNDER,MED,0.5492,0.5833,-0.0585,-5.9,0.0,ACTIVE,ACTIVE MARKET,True,,"v5 intelligence blend from stats.wnba.com+player_intelligence: season + recent form, usage, efficiency, minutes, pace, role score, and price lean. Intelligence: role 100.0, minutes STABLE, points STABLE.",Connecticut Sun @ Dallas Wings,Dallas Wings,Connecticut Sun,"[2.8, 1.9, 1.0, 4.2, 3.2]","[""ATL"", ""CHI"", ""DAL"", ""IND"", ""SEA""]",1.0,0.9,"[4.2, 3.2, 2.3, 1.4, 4.6]",7,100.0,STABLE,STABLE,wnba_player_intelligence
Rhyne Howard,nan,Las Vegas Aces @ Atlanta Dream,nan,RA,7.0,6.7,3.2,10.2,3.2-10.2,7.5,-106.0,-127.0,,,-0.8,UNDER,MED,0.5258,0.5595,-0.0602,-6.0,0.0,ACTIVE,ACTIVE MARKET,True,,"v5 intelligence blend from stats.wnba.com+player_intelligence: season + recent form, usage, efficiency, minutes, pace, role score, and price lean. Intelligence: role 100.0, minutes STABLE, points DOWN.",Las Vegas Aces @ Atlanta Dream,Atlanta Dream,Las Vegas Aces,"[7.6, 6.7, 5.8, 4.9, 8.1]","[""ATL"", ""CHI"", ""DAL"", ""IND"", ""SEA""]",0.6,0.6,"[7.6, 6.7, 5.8, 4.9, 8.1]",13,100.0,STABLE,DOWN,wnba_player_intelligence
Paige Bueckers,nan,Connecticut Sun @ Dallas Wings,nan,RA,10.0,8.5,5.0,12.0,5.0-12.0,9.5,-105.0,-130.0,,,-1.0,UNDER,MED,0.531,0.5652,-0.0605,-6.0,0.0,ACTIVE,ACTIVE MARKET,True,,"v5 intelligence blend from stats.wnba.com+player_intelligence: season + recent form, usage, efficiency, minutes, pace, role score, and price lean. Intelligence: role 100.0, minutes STABLE, points STABLE.",Connecticut Sun @ Dallas Wings,Dallas Wings,Connecticut Sun,"[7.2, 10.3, 9.4, 8.5, 7.6]","[""ATL"", ""CHI"", ""DAL"", ""IND"", ""SEA""]",0.8,0.8,"[8.5, 7.6, 6.7, 9.8, 8.9]",7,100.0,STABLE,STABLE,wnba_player_intelligence
Veronica Burton,nan,Toronto Tempo @ Golden State Valkyries,nan,AST,5.4,5.1,1.6,8.6,1.6-8.6,6.5,62.2,-139.25,,,-1.4,UNDER,MED,0.5414,0.582,-0.0698,-7.0,0.0,BENEFICIARY,ACTIVE MARKET,True,Minutes/usage redistributed from unavailable teammates,"v5 intelligence blend from stats.wnba.com+player_intelligence: season + recent form, usage, efficiency, minutes, pace, role score, and price lean. Intelligence: role 94.6, minutes UP, points STABLE.",Toronto Tempo @ Golden State Valkyries,Golden State Valkyries,Toronto Tempo,"[6.9, 6.0, 5.1, 4.2, 3.3]","[""ATL"", ""CHI"", ""DAL"", ""IND"", ""SEA""]",0.8,0.8,"[3.7, 6.9, 6.0, 5.1, 4.2]",12,94.6,UP,STABLE,wnba_player_intelligence
Kayla Thornton,nan,Toronto Tempo @ Golden State Valkyries,nan,REB,5.0,3.7,0.2,7.2,0.2-7.2,5.5,110.75,-146.67,,,-1.8,UNDER,MED,0.5518,0.5946,-0.072,-7.2,0.0,BENEFICIARY,ACTIVE MARKET,True,Minutes/usage redistributed from unavailable teammates,"v5 intelligence blend from stats.wnba.com+player_intelligence: season + recent form, usage, efficiency, minutes, pace, role score, and price lean. Intelligence: role 82.9, minutes STABLE, points STABLE.",Toronto Tempo @ Golden State Valkyries,Golden State Valkyries,Toronto Tempo,"[2.8, 1.9, 5.1, 4.2, 3.2]","[""ATL"", ""CHI"", ""DAL"", ""IND"", ""SEA""]",1.0,0.9,"[3.7, 2.8, 1.9, 5.1, 4.2]",12,82.9,STABLE,STABLE,wnba_player_intelligence
Dominique Malonga,nan,Seattle Storm @ New York Liberty,nan,REB,8.8,7.7,4.2,11.2,4.2-11.2,8.5,-1.0,-131.25,,,-0.8,UNDER,MED,0.5258,0.5676,-0.0736,-7.4,0.0,ACTIVE,ACTIVE MARKET,True,,"v5 intelligence blend from stats.wnba.com+player_intelligence: season + recent form, usage, efficiency, minutes, pace, role score, and price lean. Intelligence: role 81.2, minutes STABLE, points STABLE.",Seattle Storm @ New York Liberty,New York Liberty,Seattle Storm,"[9.1, 8.2, 7.2, 6.3, 9.5]","[""ATL"", ""CHI"", ""DAL"", ""IND"", ""SEA""]",0.6,0.6,"[6.8, 5.9, 9.1, 8.2, 7.2]",5,81.2,STABLE,STABLE,wnba_player_intelligence
Veronica Burton,nan,Toronto Tempo @ Golden State Valkyries,nan,REB,3.3,2.5,-1.0,6.0,-1.0-6.0,3.5,103.2,-134.75,,,-1.0,UNDER,MED,0.531,0.574,-0.0749,-7.5,0.0,BENEFICIARY,ACTIVE MARKET,True,Minutes/usage redistributed from unavailable teammates,"v5 intelligence blend from stats.wnba.com+player_intelligence: season + recent form, usage, efficiency, minutes, pace, role score, and price lean. Intelligence: role 94.6, minutes UP, points STABLE.",Toronto Tempo @ Golden State Valkyries,Golden State Valkyries,Toronto Tempo,"[1.6, 0.7, 3.9, 3.0, 2.0]","[""ATL"", ""CHI"", ""DAL"", ""IND"", ""SEA""]",0.8,0.8,"[2.5, 1.6, 0.7, 3.9, 3.0]",12,94.6,UP,STABLE,wnba_player_intelligence
Laura Juskaite,nan,Toronto Tempo @ Golden State Valkyries,nan,REB,4.0,2.9,-0.6,6.4,-0.6-6.4,4.5,109.75,-146.0,,,-1.6,UNDER,MED,0.5466,0.5935,-0.079,-7.9,0.0,BENEFICIARY,ACTIVE MARKET,True,Minutes/usage redistributed from unavailable teammates,"v5 intelligence blend from stats.wnba.com+player_intelligence: season + recent form, usage, efficiency, minutes, pace, role score, and price lean. Intelligence: role 86.7, minutes UP, points STABLE.",Toronto Tempo @ Golden State Valkyries,Golden State Valkyries,Toronto Tempo,"[2.9, 2.0, 1.1, 4.2, 3.4]","[""ATL"", ""CHI"", ""DAL"", ""IND"", ""SEA""]",1.0,0.9,"[3.8, 2.9, 2.0, 1.1, 4.2]",12,86.7,UP,STABLE,wnba_player_intelligence
NaLyssa Smith,nan,Las Vegas Aces @ Atlanta Dream,nan,REB,6.1,3.9,0.4,7.4,0.4-7.4,5.5,110.25,-146.75,,,-1.6,UNDER,MED,0.5466,0.5947,-0.0809,-8.1,0.0,ACTIVE,ACTIVE MARKET,True,,"v5 intelligence blend from stats.wnba.com+player_intelligence: season + recent form, usage, efficiency, minutes, pace, role score, and price lean. Intelligence: role 77.7, minutes STABLE, points STABLE.",Las Vegas Aces @ Atlanta Dream,Atlanta Dream,Las Vegas Aces,"[3.9, 3.0, 2.1, 5.2, 4.3]","[""ATL"", ""CHI"", ""DAL"", ""IND"", ""SEA""]",1.0,0.9,"[3.9, 3.0, 2.1, 5.2, 4.3]",13,77.7,STABLE,STABLE,wnba_player_intelligence
Breanna Stewart,nan,Seattle Storm @ New York Liberty,nan,AST,3.1,2.8,-0.7,6.3,-0.7-6.3,3.5,51.0,-134.5,,,-0.7,UNDER,MED,0.5232,0.5736,-0.0878,-8.8,0.0,ACTIVE,ACTIVE MARKET,True,,"v5 intelligence blend from stats.wnba.com+player_intelligence: season + recent form, usage, efficiency, minutes, pace, role score, and price lean. Intelligence: role 100.0, minutes STABLE, points STABLE.",Seattle Storm @ New York Liberty,New York Liberty,Seattle Storm,"[1.4, 4.6, 3.7, 2.8, 1.9]","[""ATL"", ""CHI"", ""DAL"", ""IND"", ""SEA""]",0.6,0.7,"[3.2, 2.3, 1.4, 4.6, 3.7]",5,100.0,STABLE,STABLE,wnba_player_intelligence
Alyssa Thomas,nan,Phoenix Mercury @ Chicago Sky,nan,AST,8.3,8.1,4.6,11.6,4.6-11.6,8.5,-102.0,-130.0,,,-0.4,UNDER,MED,0.5154,0.5652,-0.0881,-8.8,0.0,ACTIVE,ACTIVE MARKET,True,,"v5 intelligence blend from stats.wnba.com+player_intelligence: season + recent form, usage, efficiency, minutes, pace, role score, and price lean. Intelligence: role 100.0, minutes UP, points STABLE.",Phoenix Mercury @ Chicago Sky,Chicago Sky,Phoenix Mercury,"[9.9, 9.0, 8.1, 7.2, 6.3]","[""ATL"", ""CHI"", ""DAL"", ""IND"", ""SEA""]",0.6,0.5,"[9.4, 8.5, 7.6, 6.8, 9.9]",9,100.0,UP,STABLE,wnba_player_intelligence
Jonquel Jones,nan,Seattle Storm @ New York Liberty,nan,RA,11.8,11.3,7.8,14.8,7.8-14.8,12.5,106.5,-143.5,,,-1.2,UNDER,MED,0.5362,0.5893,-0.0901,-9.0,0.0,ACTIVE,ACTIVE MARKET,True,,"v5 intelligence blend from stats.wnba.com+player_intelligence: season + recent form, usage, efficiency, minutes, pace, role score, and price lean. Intelligence: role 89.1, minutes STABLE, points STABLE.",Seattle Storm @ New York Liberty,New York Liberty,Seattle Storm,"[10.9, 10.0, 13.1, 12.2, 11.3]","[""ATL"", ""CHI"", ""DAL"", ""IND"", ""SEA""]",0.8,0.8,"[12.7, 11.8, 10.9, 10.0, 13.1]",5,89.1,STABLE,STABLE,wnba_player_intelligence
Jordin Canada,nan,Las Vegas Aces @ Atlanta Dream,nan,AST,7.4,7.4,3.9,10.9,3.9-10.9,8.5,58.0,-143.75,,,-1.1,UNDER,MED,0.5336,0.5897,-0.0952,-9.5,0.0,ACTIVE,ACTIVE MARKET,True,,"v5 intelligence blend from stats.wnba.com+player_intelligence: season + recent form, usage, efficiency, minutes, pace, role score, and price lean. Intelligence: role 99.7, minutes STABLE, points STABLE.",Las Vegas Aces @ Atlanta Dream,Atlanta Dream,Las Vegas Aces,"[7.0, 6.1, 9.2, 8.3, 7.4]","[""ATL"", ""CHI"", ""DAL"", ""IND"", ""SEA""]",0.8,0.8,"[7.0, 6.1, 9.2, 8.3, 7.4]",13,99.7,STABLE,STABLE,wnba_player_intelligence
DeWanna Bonner,nan,Phoenix Mercury @ Chicago Sky,nan,REB,5.6,5.6,2.1,9.1,2.1-9.1,6.5,107.33,-143.67,,,-0.9,UNDER,MED,0.5284,0.5896,-0.1038,-10.4,0.0,ACTIVE,ACTIVE MARKET,True,,"v5 intelligence blend from stats.wnba.com+player_intelligence: season + recent form, usage, efficiency, minutes, pace, role score, and price lean. Intelligence: role 91.7, minutes UP, points UP.",Phoenix Mercury @ Chicago Sky,Chicago Sky,Phoenix Mercury,"[6.9, 6.0, 5.1, 4.2, 7.4]","[""ATL"", ""CHI"", ""DAL"", ""IND"", ""SEA""]",0.6,0.6,"[6.5, 5.6, 4.7, 3.8, 6.9]",9,91.7,UP,UP,wnba_player_intelligence
Alyssa Thomas,nan,Phoenix Mercury @ Chicago Sky,nan,AST,8.3,8.3,4.8,11.8,4.8-11.8,7.5,-147.0,108.0,,,0.8,OVER,MED,0.5258,0.5951,-0.1165,-11.7,0.0,ACTIVE,ACTIVE MARKET,True,,"v5 intelligence blend from stats.wnba.com+player_intelligence: season + recent form, usage, efficiency, minutes, pace, role score, and price lean. Intelligence: role 100.0, minutes UP, points STABLE.",Phoenix Mercury @ Chicago Sky,Chicago Sky,Phoenix Mercury,"[10.1, 9.2, 8.3, 7.4, 6.5]","[""ATL"", ""CHI"", ""DAL"", ""IND"", ""SEA""]",0.6,0.7,"[9.7, 8.8, 7.9, 7.0, 10.1]",9,100.0,UP,STABLE,wnba_player_intelligence
Angel Reese,nan,Las Vegas Aces @ Atlanta Dream,nan,AST,2.4,1.1,-2.4,4.6,-2.4-4.6,2.5,121.33,-161.67,,,-1.4,UNDER,MED,0.5414,0.6178,-0.1237,-12.4,0.0,ACTIVE,ACTIVE MARKET,True,,"v5 intelligence blend from stats.wnba.com+player_intelligence: season + recent form, usage, efficiency, minutes, pace, role score, and price lean. Intelligence: role 90.5, minutes STABLE, points STABLE.",Las Vegas Aces @ Atlanta Dream,Atlanta Dream,Las Vegas Aces,"[2.0, 1.1, 0.2, 0, 2.5]","[""ATL"", ""CHI"", ""DAL"", ""IND"", ""SEA""]",0.8,0.8,"[2.0, 1.1, 0.2, 0, 2.5]",13,90.5,STABLE,STABLE,wnba_player_intelligence
Jessica Shepard,nan,Connecticut Sun @ Dallas Wings,nan,AST,5.4,5.3,1.8,8.8,1.8-8.8,3.5,-172.0,128.0,,,1.8,OVER,MED,0.5518,0.6324,-0.1274,-12.7,0.0,ACTIVE,ACTIVE MARKET,True,,"v5 intelligence blend from stats.wnba.com+player_intelligence: season + recent form, usage, efficiency, minutes, pace, role score, and price lean. Intelligence: role 100.0, minutes STABLE, points STABLE.",Connecticut Sun @ Dallas Wings,Dallas Wings,Connecticut Sun,"[5.3, 4.4, 3.5, 6.7, 5.8]","[""ATL"", ""CHI"", ""DAL"", ""IND"", ""SEA""]",0.8,0.9,"[6.7, 5.8, 4.8, 3.9, 7.1]",7,100.0,STABLE,STABLE,wnba_player_intelligence
Paige Bueckers,nan,Connecticut Sun @ Dallas Wings,nan,AST,6.0,4.6,1.1,8.1,1.1-8.1,5.5,116.0,-154.0,,,-0.9,UNDER,MED,0.5284,0.6063,-0.1285,-12.8,0.0,ACTIVE,ACTIVE MARKET,True,,"v5 intelligence blend from stats.wnba.com+player_intelligence: season + recent form, usage, efficiency, minutes, pace, role score, and price lean. Intelligence: role 100.0, minutes STABLE, points STABLE.",Connecticut Sun @ Dallas Wings,Dallas Wings,Connecticut Sun,"[3.2, 6.4, 5.5, 4.6, 3.7]","[""ATL"", ""CHI"", ""DAL"", ""IND"", ""SEA""]",0.6,0.7,"[4.6, 3.7, 2.8, 5.9, 5.0]",7,100.0,STABLE,STABLE,wnba_player_intelligence
Jessica Shepard,nan,Connecticut Sun @ Dallas Wings,nan,REB,11.4,10.3,6.8,13.8,6.8-13.8,11.5,122.0,-162.0,,,-1.2,UNDER,MED,0.5362,0.6183,-0.1328,-13.3,0.0,ACTIVE,ACTIVE MARKET,True,,"v5 intelligence blend from stats.wnba.com+player_intelligence: season + recent form, usage, efficiency, minutes, pace, role score, and price lean. Intelligence: role 100.0, minutes STABLE, points STABLE.",Connecticut Sun @ Dallas Wings,Dallas Wings,Connecticut Sun,"[11.7, 10.8, 9.9, 9.0, 12.1]","[""ATL"", ""CHI"", ""DAL"", ""IND"", ""SEA""]",0.6,0.7,"[9.0, 12.1, 11.2, 10.3, 9.4]",7,100.0,STABLE,STABLE,wnba_player_intelligence
Chelsea Gray,nan,Las Vegas Aces @ Atlanta Dream,nan,AST,7.0,5.7,2.2,9.2,2.2-9.2,6.5,116.0,-154.75,,,-0.8,UNDER,MED,0.5258,0.6075,-0.1344,-13.4,0.0,ACTIVE,ACTIVE MARKET,True,,"v5 intelligence blend from stats.wnba.com+player_intelligence: season + recent form, usage, efficiency, minutes, pace, role score, and price lean. Intelligence: role 100.0, minutes STABLE, points STABLE.",Las Vegas Aces @ Atlanta Dream,Atlanta Dream,Las Vegas Aces,"[7.1, 6.2, 5.2, 4.3, 7.5]","[""ATL"", ""CHI"", ""DAL"", ""IND"", ""SEA""]",0.6,0.6,"[7.1, 6.2, 5.2, 4.3, 7.5]",13,100.0,STABLE,STABLE,wnba_player_intelligence
Leïla Lacan,nan,Connecticut Sun @ Dallas Wings,nan,AST,3.5,3.0,-0.5,6.5,-0.5-6.5,3.5,113.5,-155.5,,,-0.5,UNDER,MED,0.518,0.6086,-0.1489,-14.9,0.0,ACTIVE,ACTIVE MARKET,True,,"market-implied v5: sportsbook over probability 43.5%, no trusted player baseline yet.",Connecticut Sun @ Dallas Wings,Dallas Wings,Connecticut Sun,"[2.1, 1.2, 4.3, 3.5, 2.5]","[""ATL"", ""CHI"", ""DAL"", ""IND"", ""SEA""]",0.6,0.6,"[3.5, 2.5, 1.6, 4.8, 3.9]",7,0.0,,,
Charlisse Leger-Walker,nan,Connecticut Sun @ Dallas Wings,nan,AST,3.3,3.2,-0.3,6.7,-0.3-6.7,2.5,-166.0,124.0,,,0.7,OVER,MED,0.5232,0.6241,-0.1616,-16.2,0.0,BENEFICIARY,ACTIVE MARKET,True,Minutes/usage redistributed from unavailable teammates,"v5 intelligence blend from stats.wnba.com+player_intelligence: season + recent form, usage, efficiency, minutes, pace, role score, and price lean. Intelligence: role 83.0, minutes UP, points STABLE.",Connecticut Sun @ Dallas Wings,Dallas Wings,Connecticut Sun,"[1.9, 5.0, 4.1, 3.2, 2.3]","[""ATL"", ""CHI"", ""DAL"", ""IND"", ""SEA""]",0.6,0.6,"[3.2, 2.3, 1.4, 4.6, 3.7]",7,83.0,UP,STABLE,wnba_player_intelligence
Awa Fam,nan,Seattle Storm @ New York Liberty,nan,AST,2.0,1.0,-2.5,4.5,-2.5-4.5,2.5,141.0,-185.0,,,-1.5,UNDER,MED,0.544,0.6491,-0.1619,-16.2,0.0,ACTIVE,ACTIVE MARKET,True,,"v5 intelligence blend from stats.wnba.com+player_intelligence: season + recent form, usage, efficiency, minutes, pace, role score, and price lean. Intelligence: role 97.0, minutes STABLE, points STABLE.",Seattle Storm @ New York Liberty,New York Liberty,Seattle Storm,"[2.8, 1.9, 1.0, 0.1, 0]","[""ATL"", ""CHI"", ""DAL"", ""IND"", ""SEA""]",0.8,0.8,"[0.6, 0, 2.8, 1.9, 1.0]",5,97.0,STABLE,STABLE,wnba_player_intelligence
Paige Bueckers,nan,Connecticut Sun @ Dallas Wings,nan,AST,6.0,5.0,1.5,8.5,1.5-8.5,4.5,-165.0,120.0,,,0.5,OVER,MED,0.518,0.6226,-0.1681,-16.8,0.0,ACTIVE,ACTIVE MARKET,True,,"v5 intelligence blend from stats.wnba.com+player_intelligence: season + recent form, usage, efficiency, minutes, pace, role score, and price lean. Intelligence: role 100.0, minutes STABLE, points STABLE.",Connecticut Sun @ Dallas Wings,Dallas Wings,Connecticut Sun,"[3.6, 6.8, 5.9, 5.0, 4.1]","[""ATL"", ""CHI"", ""DAL"", ""IND"", ""SEA""]",0.6,0.5,"[5.0, 4.1, 3.2, 6.3, 5.5]",7,100.0,STABLE,STABLE,wnba_player_intelligence
Kahleah Copper,nan,Phoenix Mercury @ Chicago Sky,nan,AST,1.7,0.8,-2.7,4.3,-2.7-4.3,2.5,143.0,-195.5,,,-1.7,UNDER,MED,0.5492,0.6616,-0.1699,-17.0,0.0,ACTIVE,ACTIVE MARKET,True,,"v5 intelligence blend from stats.wnba.com+player_intelligence: season + recent form, usage, efficiency, minutes, pace, role score, and price lean. Intelligence: role 96.9, minutes STABLE, points STABLE.",Phoenix Mercury @ Chicago Sky,Chicago Sky,Phoenix Mercury,"[2.2, 1.2, 0.4, 0, 2.6]","[""ATL"", ""CHI"", ""DAL"", ""IND"", ""SEA""]",0.8,0.9,"[1.7, 0.8, 0, 0, 2.2]",9,96.9,STABLE,STABLE,wnba_player_intelligence
Kennedy Burke,nan,Connecticut Sun @ Dallas Wings,nan,AST,1.7,-0.1,-3.6,3.4,-3.6-3.4,1.5,154.0,-210.0,,,-1.6,UNDER,MED,0.5466,0.6774,-0.1931,-19.3,0.0,BENEFICIARY,ACTIVE MARKET,True,Minutes/usage redistributed from unavailable teammates,"v5 intelligence blend from stats.wnba.com+player_intelligence: season + recent form, usage, efficiency, minutes, pace, role score, and price lean. Intelligence: role 79.2, minutes STABLE, points STABLE.",Connecticut Sun @ Dallas Wings,Dallas Wings,Connecticut Sun,"[1.7, 0.8, 0, 0, 0]","[""ATL"", ""CHI"", ""DAL"", ""IND"", ""SEA""]",0.8,0.8,"[0, 0, 1.2, 0.3, 0]",7,79.2,STABLE,STABLE,wnba_player_intelligence
Julie Allemand,nan,Toronto Tempo @ Golden State Valkyries,nan,REB,3.3,2.0,-1.5,5.5,-1.5-5.5,3.5,167.0,-222.0,,,-1.5,UNDER,MED,0.544,0.6894,-0.211,-21.1,0.0,BENEFICIARY,ACTIVE MARKET,True,Minutes/usage redistributed from unavailable teammates,"v5 intelligence blend from stats.wnba.com+player_intelligence: season + recent form, usage, efficiency, minutes, pace, role score, and price lean. Intelligence: role 94.2, minutes STABLE, points STABLE.",Toronto Tempo @ Golden State Valkyries,Golden State Valkyries,Toronto Tempo,"[0.6, 3.8, 2.9, 2.0, 1.1]","[""ATL"", ""CHI"", ""DAL"", ""IND"", ""SEA""]",0.8,0.9,"[1.6, 0.6, 3.8, 2.9, 2.0]",12,94.2,STABLE,STABLE,wnba_player_intelligence
Isabelle Harrison,nan,Toronto Tempo @ Golden State Valkyries,nan,REB,6.4,4.8,1.3,8.3,1.3-8.3,5.5,-132.0,49.75,,,-0.7,UNDER,MED,0.5232,0.6678,-0.2165,-21.6,0.0,BENEFICIARY,ACTIVE MARKET,True,Minutes/usage redistributed from unavailable teammates,"v5 intelligence blend from stats.wnba.com+player_intelligence: season + recent form, usage, efficiency, minutes, pace, role score, and price lean. Intelligence: role 77.2, minutes STABLE, points STABLE.",Toronto Tempo @ Golden State Valkyries,Golden State Valkyries,Toronto Tempo,"[4.8, 3.9, 3.0, 6.2, 5.2]","[""ATL"", ""CHI"", ""DAL"", ""IND"", ""SEA""]",0.8,0.7,"[5.7, 4.8, 3.9, 3.0, 6.2]",12,77.2,STABLE,STABLE,wnba_player_intelligence
Leïla Lacan,nan,Connecticut Sun @ Dallas Wings,nan,PTS,9.5,9.2,5.7,12.7,5.7-12.7,9.5,106.0,-138.0,,,-0.3,,LOW,0.5128,0.4854,0.0564,5.6,0.0133,ACTIVE,ACTIVE MARKET,True,,"market-implied v5: sportsbook over probability 45.6%, no trusted player baseline yet.",Connecticut Sun @ Dallas Wings,Dallas Wings,Connecticut Sun,"[11.0, 10.1, 9.2, 8.3, 7.4]","[""ATL"", ""CHI"", ""DAL"", ""IND"", ""SEA""]",0.0,0.0,"[8.3, 7.4, 10.5, 9.6, 8.8]",7,0.0,,,
Gabby Williams,nan,Toronto Tempo @ Golden State Valkyries,nan,REB,3.4,1.8,-1.7,5.3,-1.7-5.3,2.5,-145.75,109.0,,,-0.7,UNDER,LOW,0.4832,0.4785,0.0099,1.0,0.0023,QUESTIONABLE,ACTIVE MARKET,True,Injury/Illness - Na; Reconditioning; matchup=(ET) TOR@GSV; game_time=08:30,"v5 intelligence blend from stats.wnba.com+player_intelligence: season + recent form, usage, efficiency, minutes, pace, role score, and price lean. Intelligence: role 85.0, minutes STABLE, points STABLE. Injury status QUESTIONABLE applied.",Toronto Tempo @ Golden State Valkyries,Golden State Valkyries,Toronto Tempo,"[3.6, 2.7, 1.8, 0.9, 0]","[""ATL"", ""CHI"", ""DAL"", ""IND"", ""SEA""]",0.6,0.6,"[0.4, 3.6, 2.7, 1.8, 0.9]",12,85.0,STABLE,STABLE,wnba_player_intelligence
Leïla Lacan,nan,Connecticut Sun @ Dallas Wings,nan,PA,12.5,12.4,8.9,15.9,8.9-15.9,12.5,-110.0,-125.0,,,-0.1,,LOW,0.5076,0.5238,-0.0309,-3.1,0.0,ACTIVE,ACTIVE MARKET,True,,"market-implied v5: sportsbook over probability 48.5%, no trusted player baseline yet.",Connecticut Sun @ Dallas Wings,Dallas Wings,Connecticut Sun,"[10.6, 13.8, 12.8, 12.0, 11.1]","[""ATL"", ""CHI"", ""DAL"", ""IND"", ""SEA""]",0.0,0.0,"[12.0, 11.1, 14.2, 13.3, 12.4]",7,0.0,,,
Breanna Stewart,nan,Seattle Storm @ New York Liberty,nan,REB,8.6,8.5,5.0,12.0,5.0-12.0,8.5,-128.25,-53.5,,,0.0,,LOW,0.505,0.5619,-0.1012,-10.1,0.0,ACTIVE,ACTIVE MARKET,True,,"v5 intelligence blend from stats.wnba.com+player_intelligence: season + recent form, usage, efficiency, minutes, pace, role score, and price lean. Intelligence: role 100.0, minutes STABLE, points STABLE.",Seattle Storm @ New York Liberty,New York Liberty,Seattle Storm,"[8.5, 7.6, 6.7, 9.8, 8.9]","[""ATL"", ""CHI"", ""DAL"", ""IND"", ""SEA""]",0.0,0.0,"[10.3, 9.4, 8.5, 7.6, 6.7]",5,100.0,STABLE,STABLE,wnba_player_intelligence
Alyssa Thomas,nan,Phoenix Mercury @ Chicago Sky,nan,REB,6.9,7.2,3.7,10.7,3.7-10.7,7.5,-133.0,-34.33,,,-0.3,,LOW,0.5128,0.5708,-0.1016,-10.2,0.0,ACTIVE,ACTIVE MARKET,True,,"v5 intelligence blend from stats.wnba.com+player_intelligence: season + recent form, usage, efficiency, minutes, pace, role score, and price lean. Intelligence: role 100.0, minutes UP, points STABLE.",Phoenix Mercury @ Chicago Sky,Chicago Sky,Phoenix Mercury,"[6.3, 5.4, 8.6, 7.7, 6.8]","[""ATL"", ""CHI"", ""DAL"", ""IND"", ""SEA""]",0.0,0.0,"[5.8, 9.0, 8.1, 7.2, 6.3]",9,100.0,UP,STABLE,wnba_player_intelligence
Chelsea Gray,nan,Las Vegas Aces @ Atlanta Dream,nan,RA,10.4,8.8,5.3,12.3,5.3-12.3,8.5,-136.5,102.0,,,0.3,,LOW,0.5128,0.5772,-0.1115,-11.2,0.0,ACTIVE,ACTIVE MARKET,True,,"v5 intelligence blend from stats.wnba.com+player_intelligence: season + recent form, usage, efficiency, minutes, pace, role score, and price lean. Intelligence: role 100.0, minutes STABLE, points STABLE.",Las Vegas Aces @ Atlanta Dream,Atlanta Dream,Las Vegas Aces,"[10.2, 9.2, 8.4, 7.5, 10.6]","[""ATL"", ""CHI"", ""DAL"", ""IND"", ""SEA""]",0.0,0.0,"[10.2, 9.2, 8.4, 7.5, 10.6]",13,100.0,STABLE,STABLE,wnba_player_intelligence
Leïla Lacan,nan,Connecticut Sun @ Dallas Wings,nan,PTS,8.5,8.7,5.2,12.2,5.2-12.2,8.5,-135.0,100.0,,,0.2,,LOW,0.5102,0.5745,-0.1119,-11.2,0.0,ACTIVE,ACTIVE MARKET,True,,"market-implied v5: sportsbook over probability 53.5%, no trusted player baseline yet.",Connecticut Sun @ Dallas Wings,Dallas Wings,Connecticut Sun,"[10.5, 9.6, 8.7, 7.8, 6.9]","[""ATL"", ""CHI"", ""DAL"", ""IND"", ""SEA""]",0.0,0.0,"[7.8, 6.9, 10.0, 9.1, 8.2]",7,0.0,,,
Jordin Canada,nan,Las Vegas Aces @ Atlanta Dream,nan,RA,10.9,11.4,7.9,14.9,7.9-14.9,11.5,-134.0,-0.5,,,-0.1,,LOW,0.5076,0.5726,-0.1136,-11.4,0.0,ACTIVE,ACTIVE MARKET,True,,"v5 intelligence blend from stats.wnba.com+player_intelligence: season + recent form, usage, efficiency, minutes, pace, role score, and price lean. Intelligence: role 99.7, minutes STABLE, points STABLE.",Las Vegas Aces @ Atlanta Dream,Atlanta Dream,Las Vegas Aces,"[11.0, 10.1, 13.2, 12.3, 11.4]","[""ATL"", ""CHI"", ""DAL"", ""IND"", ""SEA""]",0.0,0.0,"[11.0, 10.1, 13.2, 12.3, 11.4]",13,99.7,STABLE,STABLE,wnba_player_intelligence
Natisha Hiedeman,nan,Seattle Storm @ New York Liberty,nan,RA,7.3,7.2,3.7,10.7,3.7-10.7,7.5,-137.5,102.5,,,-0.3,,LOW,0.5128,0.5789,-0.1143,-11.4,0.0,ACTIVE,ACTIVE MARKET,True,,"v5 intelligence blend from stats.wnba.com+player_intelligence: season + recent form, usage, efficiency, minutes, pace, role score, and price lean. Intelligence: role 96.8, minutes STABLE, points UP.",Seattle Storm @ New York Liberty,New York Liberty,Seattle Storm,"[7.2, 6.3, 5.4, 8.6, 7.7]","[""ATL"", ""CHI"", ""DAL"", ""IND"", ""SEA""]",0.0,0.0,"[9.0, 8.1, 7.2, 6.3, 5.4]",5,96.8,STABLE,UP,wnba_player_intelligence
Alyssa Thomas,nan,Phoenix Mercury @ Chicago Sky,nan,RA,15.2,15.6,12.1,19.1,12.1-19.1,15.5,-137.0,101.0,,,0.1,,LOW,0.5076,0.5781,-0.1219,-12.2,0.0,ACTIVE,ACTIVE MARKET,True,,"v5 intelligence blend from stats.wnba.com+player_intelligence: season + recent form, usage, efficiency, minutes, pace, role score, and price lean. Intelligence: role 100.0, minutes UP, points STABLE.",Phoenix Mercury @ Chicago Sky,Chicago Sky,Phoenix Mercury,"[17.4, 16.5, 15.6, 14.7, 13.8]","[""ATL"", ""CHI"", ""DAL"", ""IND"", ""SEA""]",0.0,0.0,"[16.9, 16.1, 15.2, 14.2, 17.4]",9,100.0,UP,STABLE,wnba_player_intelligence
Natisha Hiedeman,nan,Seattle Storm @ New York Liberty,nan,AST,4.5,4.3,0.8,7.8,0.8-7.8,4.5,-147.25,110.75,,,-0.2,,LOW,0.5102,0.5956,-0.1433,-14.3,0.0,ACTIVE,ACTIVE MARKET,True,,"v5 intelligence blend from stats.wnba.com+player_intelligence: season + recent form, usage, efficiency, minutes, pace, role score, and price lean. Intelligence: role 96.8, minutes STABLE, points UP.",Seattle Storm @ New York Liberty,New York Liberty,Seattle Storm,"[4.3, 3.4, 2.5, 5.7, 4.8]","[""ATL"", ""CHI"", ""DAL"", ""IND"", ""SEA""]",0.0,0.0,"[6.1, 5.2, 4.3, 3.4, 2.5]",5,96.8,STABLE,UP,wnba_player_intelligence
Jonquel Jones,nan,Seattle Storm @ New York Liberty,nan,AST,2.8,2.7,-0.8,6.2,-0.8-6.2,2.5,-149.67,112.33,,,0.2,,LOW,0.5102,0.5995,-0.1489,-14.9,0.0,ACTIVE,ACTIVE MARKET,True,,"v5 intelligence blend from stats.wnba.com+player_intelligence: season + recent form, usage, efficiency, minutes, pace, role score, and price lean. Intelligence: role 89.1, minutes STABLE, points STABLE.",Seattle Storm @ New York Liberty,New York Liberty,Seattle Storm,"[2.2, 1.4, 4.5, 3.6, 2.7]","[""ATL"", ""CHI"", ""DAL"", ""IND"", ""SEA""]",0.0,0.0,"[4.1, 3.2, 2.2, 1.4, 4.5]",5,89.1,STABLE,STABLE,wnba_player_intelligence
Natisha Hiedeman,nan,Seattle Storm @ New York Liberty,nan,REB,2.8,2.2,-1.3,5.7,-1.3-5.7,2.5,-152.0,114.67,,,-0.3,,LOW,0.5128,0.6032,-0.1498,-15.0,0.0,ACTIVE,ACTIVE MARKET,True,,"v5 intelligence blend from stats.wnba.com+player_intelligence: season + recent form, usage, efficiency, minutes, pace, role score, and price lean. Intelligence: role 96.8, minutes STABLE, points UP.",Seattle Storm @ New York Liberty,New York Liberty,Seattle Storm,"[3.6, 2.7, 1.8, 0.9, 4.0]","[""ATL"", ""CHI"", ""DAL"", ""IND"", ""SEA""]",0.0,0.0,"[1.3, 0.4, 3.6, 2.7, 1.8]",5,96.8,STABLE,UP,wnba_player_intelligence
Jessica Shepard,nan,Connecticut Sun @ Dallas Wings,nan,REB,11.4,10.6,7.1,14.1,7.1-14.1,10.5,-150.0,105.0,,,0.1,,LOW,0.5076,0.6,-0.154,-15.4,0.0,ACTIVE,ACTIVE MARKET,True,,"v5 intelligence blend from stats.wnba.com+player_intelligence: season + recent form, usage, efficiency, minutes, pace, role score, and price lean. Intelligence: role 100.0, minutes STABLE, points STABLE.",Connecticut Sun @ Dallas Wings,Dallas Wings,Connecticut Sun,"[11.9, 11.0, 10.2, 9.2, 12.4]","[""ATL"", ""CHI"", ""DAL"", ""IND"", ""SEA""]",0.0,0.0,"[9.2, 12.4, 11.5, 10.6, 9.7]",7,100.0,STABLE,STABLE,wnba_player_intelligence
Gabby Williams,nan,Toronto Tempo @ Golden State Valkyries,nan,AST,2.4,1.1,-2.4,4.6,-2.4-4.6,2.5,138.33,-189.5,,,-1.4,UNDER,LOW,0.5014,0.6546,-0.234,-23.4,0.0,QUESTIONABLE,ACTIVE MARKET,True,Injury/Illness - Na; Reconditioning; matchup=(ET) TOR@GSV; game_time=08:30,"v5 intelligence blend from stats.wnba.com+player_intelligence: season + recent form, usage, efficiency, minutes, pace, role score, and price lean. Intelligence: role 85.0, minutes STABLE, points STABLE. Injury status QUESTIONABLE applied.",Toronto Tempo @ Golden State Valkyries,Golden State Valkyries,Toronto Tempo,"[1.6, 0.7, 0, 2.9, 2.0]","[""ATL"", ""CHI"", ""DAL"", ""IND"", ""SEA""]",0.8,0.8,"[2.5, 1.6, 0.7, 0, 2.9]",12,85.0,STABLE,STABLE,wnba_player_intelligence
