player,team,opp,pos,stat,season_avg,pred,low,high,range,line,over_price,under_price,yes_price,no_price,edge,signal,conf,model_prob,implied_prob,ev,ev_pct,kelly_frac,injury_status,market_status,is_active,filter_reason,reasoning,game,home_team,away_team,last5_vals,last5_opps,last5_hit,last10_hit,h2h_last5,opp_rank,role_score,minutes_trend,points_trend,intel_source
Kaila Charles,Golden State Valkyries,Portland Fire @ Golden State Valkyries,G,PTS,5.9,4.8,1.3,8.3,1.3-8.3,10.5,-133.0,101.0,,,-5.7,UNDER,HIGH,0.6532,0.4975,0.3129,31.3,0.05,ACTIVE,ACTIVE MARKET,True,,"v5 intelligence blend from stats.wnba.com+player_intelligence: season + recent form, usage, efficiency, minutes, pace, role score, and price lean. Intelligence: role 67.8, minutes STABLE, points STABLE.",Portland Fire @ Golden State Valkyries,Golden State Valkyries,Portland Fire,"[5.7, 4.8, 3.9, 3.0, 6.2]","[""ATL"", ""CHI"", ""DAL"", ""IND"", ""SEA""]",1.0,1.0,"[5.2, 4.3, 3.4, 6.6, 5.7]",9,67.8,STABLE,STABLE,wnba_player_intelligence
Makayla Timpson,Indiana Fever,Indiana Fever @ Toronto Tempo,F,PRA,9.2,10.0,6.5,13.5,6.5-13.5,16.5,-130.0,-104.0,,,-6.5,UNDER,HIGH,0.66,0.5098,0.2946,29.5,0.05,ACTIVE,ACTIVE MARKET,True,,"v5 intelligence blend from stats.wnba.com+player_intelligence: season + recent form, usage, efficiency, minutes, pace, role score, and price lean. Intelligence: role 68.0, minutes UP, points STABLE.",Indiana Fever @ Toronto Tempo,Toronto Tempo,Indiana Fever,"[10.4, 9.6, 8.7, 11.8, 10.9]","[""ATL"", ""CHI"", ""DAL"", ""IND"", ""SEA""]",1.0,1.0,"[9.6, 8.7, 11.8, 10.9, 10.0]",8,68.0,UP,STABLE,wnba_player_intelligence
Kiki Rice,Toronto Tempo,Indiana Fever @ Toronto Tempo,G,PA,13.8,12.7,9.2,16.2,9.2-16.2,18.5,-123.0,-110.0,,,-5.8,UNDER,HIGH,0.6558,0.5238,0.252,25.2,0.05,BENEFICIARY,ACTIVE MARKET,True,Minutes/usage redistributed from unavailable teammates,"v5 intelligence blend from stats.wnba.com+player_intelligence: season + recent form, usage, efficiency, minutes, pace, role score, and price lean. Intelligence: role 79.7, minutes STABLE, points STABLE.",Indiana Fever @ Toronto Tempo,Toronto Tempo,Indiana Fever,"[12.2, 11.3, 14.5, 13.6, 12.7]","[""ATL"", ""CHI"", ""DAL"", ""IND"", ""SEA""]",1.0,1.0,"[11.3, 14.5, 13.6, 12.7, 11.8]",8,79.7,STABLE,STABLE,wnba_player_intelligence
Makayla Timpson,Indiana Fever,Indiana Fever @ Toronto Tempo,F,PR,8.8,9.7,6.2,13.2,6.2-13.2,15.5,-131.0,-110.0,,,-5.8,UNDER,HIGH,0.6558,0.5238,0.252,25.2,0.05,ACTIVE,ACTIVE MARKET,True,,"v5 intelligence blend from stats.wnba.com+player_intelligence: season + recent form, usage, efficiency, minutes, pace, role score, and price lean. Intelligence: role 68.0, minutes UP, points STABLE.",Indiana Fever @ Toronto Tempo,Toronto Tempo,Indiana Fever,"[11.0, 10.1, 9.2, 8.3, 11.5]","[""ATL"", ""CHI"", ""DAL"", ""IND"", ""SEA""]",1.0,1.0,"[10.1, 9.2, 8.3, 11.5, 10.6]",8,68.0,UP,STABLE,wnba_player_intelligence
Aliyah Boston,Indiana Fever,Indiana Fever @ Toronto Tempo,C,PRA,26.7,23.2,19.7,26.7,19.7-26.7,28.5,-128.0,-106.0,,,-5.3,UNDER,HIGH,0.6428,0.5146,0.2492,24.9,0.05,ACTIVE,ACTIVE MARKET,True,,"v5 intelligence blend from stats.wnba.com+player_intelligence: season + recent form, usage, efficiency, minutes, pace, role score, and price lean. Intelligence: role 77.4, minutes DOWN, points DOWN.",Indiana Fever @ Toronto Tempo,Toronto Tempo,Indiana Fever,"[21.4, 24.6, 23.6, 22.8, 21.8]","[""ATL"", ""CHI"", ""DAL"", ""IND"", ""SEA""]",1.0,1.0,"[24.6, 23.6, 22.8, 21.8, 25.0]",8,77.4,DOWN,DOWN,wnba_player_intelligence
Aliyah Boston,Indiana Fever,Indiana Fever @ Toronto Tempo,C,PR,23.6,19.8,16.3,23.3,16.3-23.3,25.5,-120.0,-111.5,,,-5.7,UNDER,HIGH,0.6532,0.5272,0.239,23.9,0.05,ACTIVE,ACTIVE MARKET,True,,"v5 intelligence blend from stats.wnba.com+player_intelligence: season + recent form, usage, efficiency, minutes, pace, role score, and price lean. Intelligence: role 77.4, minutes DOWN, points DOWN.",Indiana Fever @ Toronto Tempo,Toronto Tempo,Indiana Fever,"[18.9, 18.0, 21.2, 20.2, 19.4]","[""ATL"", ""CHI"", ""DAL"", ""IND"", ""SEA""]",1.0,1.0,"[18.0, 21.2, 20.2, 19.4, 18.4]",8,77.4,DOWN,DOWN,wnba_player_intelligence
Kiki Rice,Toronto Tempo,Indiana Fever @ Toronto Tempo,G,PRA,17.9,16.7,13.2,20.2,13.2-20.2,22.5,-117.0,-116.0,,,-5.8,UNDER,HIGH,0.6558,0.537,0.2211,22.1,0.05,BENEFICIARY,ACTIVE MARKET,True,Minutes/usage redistributed from unavailable teammates,"v5 intelligence blend from stats.wnba.com+player_intelligence: season + recent form, usage, efficiency, minutes, pace, role score, and price lean. Intelligence: role 79.7, minutes STABLE, points STABLE.",Indiana Fever @ Toronto Tempo,Toronto Tempo,Indiana Fever,"[14.9, 18.1, 17.1, 16.2, 15.3]","[""ATL"", ""CHI"", ""DAL"", ""IND"", ""SEA""]",1.0,1.0,"[18.1, 17.1, 16.2, 15.3, 18.5]",8,79.7,STABLE,STABLE,wnba_player_intelligence
Sabrina Ionescu,New York Liberty,New York Liberty @ Minnesota Lynx,G,PTS,15.5,20.5,17.0,24.0,17.0-24.0,15.5,-109.5,-120.5,,,5.0,OVER,HIGH,0.635,0.5227,0.2149,21.5,0.05,ACTIVE,ACTIVE MARKET,True,,"v5 intelligence blend from stats.wnba.com+player_intelligence: season + recent form, usage, efficiency, minutes, pace, role score, and price lean. Intelligence: role 99.0, minutes UP, points UP.",New York Liberty @ Minnesota Lynx,Minnesota Lynx,New York Liberty,"[20.9, 20.1, 19.1, 22.3, 21.4]","[""ATL"", ""CHI"", ""DAL"", ""IND"", ""SEA""]",1.0,1.0,"[21.4, 20.5, 19.6, 18.7, 21.9]",14,99.0,UP,UP,wnba_player_intelligence
Sabrina Ionescu,New York Liberty,New York Liberty @ Minnesota Lynx,G,PR,19.4,24.7,21.2,28.2,21.2-28.2,19.5,-115.5,-117.0,,,5.2,OVER,HIGH,0.6402,0.536,0.1945,19.4,0.05,ACTIVE,ACTIVE MARKET,True,,"v5 intelligence blend from stats.wnba.com+player_intelligence: season + recent form, usage, efficiency, minutes, pace, role score, and price lean. Intelligence: role 99.0, minutes UP, points UP.",New York Liberty @ Minnesota Lynx,Minnesota Lynx,New York Liberty,"[25.1, 24.2, 23.3, 26.5, 25.6]","[""ATL"", ""CHI"", ""DAL"", ""IND"", ""SEA""]",1.0,1.0,"[25.6, 24.7, 23.8, 22.9, 26.1]",14,99.0,UP,UP,wnba_player_intelligence
Sabrina Ionescu,New York Liberty,New York Liberty @ Minnesota Lynx,G,PRA,23.8,29.7,26.2,33.2,26.2-33.2,25.5,-107.0,-127.0,,,4.2,OVER,HIGH,0.6142,0.5169,0.1882,18.8,0.05,ACTIVE,ACTIVE MARKET,True,,"v5 intelligence blend from stats.wnba.com+player_intelligence: season + recent form, usage, efficiency, minutes, pace, role score, and price lean. Intelligence: role 99.0, minutes UP, points UP.",New York Liberty @ Minnesota Lynx,Minnesota Lynx,New York Liberty,"[29.2, 28.3, 31.5, 30.6, 29.7]","[""ATL"", ""CHI"", ""DAL"", ""IND"", ""SEA""]",1.0,1.0,"[29.7, 28.8, 27.9, 31.1, 30.1]",14,99.0,UP,UP,wnba_player_intelligence
Aliyah Boston,Indiana Fever,Indiana Fever @ Toronto Tempo,C,PRA,26.7,23.1,19.6,26.6,19.6-26.6,29.5,-104.0,-128.0,,,-6.4,UNDER,HIGH,0.66,0.5614,0.1756,17.6,0.05,ACTIVE,ACTIVE MARKET,True,,"v5 intelligence blend from stats.wnba.com+player_intelligence: season + recent form, usage, efficiency, minutes, pace, role score, and price lean. Intelligence: role 77.4, minutes DOWN, points DOWN.",Indiana Fever @ Toronto Tempo,Toronto Tempo,Indiana Fever,"[21.3, 24.5, 23.6, 22.7, 21.8]","[""ATL"", ""CHI"", ""DAL"", ""IND"", ""SEA""]",1.0,1.0,"[24.5, 23.6, 22.7, 21.8, 24.9]",8,77.4,DOWN,DOWN,wnba_player_intelligence
Emily Engstler,Portland Fire,Portland Fire @ Golden State Valkyries,F,PR,14.3,13.5,10.0,17.0,10.0-17.0,19.5,-102.0,-130.0,,,-6.0,UNDER,HIGH,0.66,0.5652,0.1677,16.8,0.05,ACTIVE,ACTIVE MARKET,True,,"v5 intelligence blend from stats.wnba.com+player_intelligence: season + recent form, usage, efficiency, minutes, pace, role score, and price lean. Intelligence: role 80.2, minutes STABLE, points STABLE.",Portland Fire @ Golden State Valkyries,Golden State Valkyries,Portland Fire,"[13.5, 12.6, 11.7, 14.8, 13.9]","[""ATL"", ""CHI"", ""DAL"", ""IND"", ""SEA""]",1.0,1.0,"[13.1, 12.2, 15.3, 14.4, 13.5]",9,80.2,STABLE,STABLE,wnba_player_intelligence
Kaila Charles,Golden State Valkyries,Portland Fire @ Golden State Valkyries,G,PR,10.4,8.7,5.2,12.2,5.2-12.2,17.5,-104.0,-131.0,,,-8.8,UNDER,HIGH,0.66,0.5671,0.1638,16.4,0.05,ACTIVE,ACTIVE MARKET,True,,"v5 intelligence blend from stats.wnba.com+player_intelligence: season + recent form, usage, efficiency, minutes, pace, role score, and price lean. Intelligence: role 67.8, minutes STABLE, points STABLE.",Portland Fire @ Golden State Valkyries,Golden State Valkyries,Portland Fire,"[9.6, 8.7, 7.8, 6.9, 10.0]","[""ATL"", ""CHI"", ""DAL"", ""IND"", ""SEA""]",1.0,1.0,"[9.1, 8.2, 7.3, 10.5, 9.6]",9,67.8,STABLE,STABLE,wnba_player_intelligence
Emily Engstler,Portland Fire,Portland Fire @ Golden State Valkyries,F,PR,14.3,13.5,10.0,17.0,10.0-17.0,18.5,-113.0,-121.0,,,-5.0,UNDER,HIGH,0.635,0.5475,0.1598,16.0,0.0483,ACTIVE,ACTIVE MARKET,True,,"v5 intelligence blend from stats.wnba.com+player_intelligence: season + recent form, usage, efficiency, minutes, pace, role score, and price lean. Intelligence: role 80.2, minutes STABLE, points STABLE.",Portland Fire @ Golden State Valkyries,Golden State Valkyries,Portland Fire,"[13.5, 12.6, 11.7, 14.8, 13.9]","[""ATL"", ""CHI"", ""DAL"", ""IND"", ""SEA""]",1.0,1.0,"[13.1, 12.2, 15.3, 14.4, 13.5]",9,80.2,STABLE,STABLE,wnba_player_intelligence
Sabrina Ionescu,New York Liberty,New York Liberty @ Minnesota Lynx,G,PA,20.0,25.6,22.1,29.1,22.1-29.1,20.5,-125.0,-107.5,,,5.1,OVER,HIGH,0.6376,0.5556,0.1477,14.8,0.0461,ACTIVE,ACTIVE MARKET,True,,"v5 intelligence blend from stats.wnba.com+player_intelligence: season + recent form, usage, efficiency, minutes, pace, role score, and price lean. Intelligence: role 99.0, minutes UP, points UP.",New York Liberty @ Minnesota Lynx,Minnesota Lynx,New York Liberty,"[26.5, 25.6, 24.7, 23.8, 27.0]","[""ATL"", ""CHI"", ""DAL"", ""IND"", ""SEA""]",1.0,1.0,"[27.0, 26.1, 25.2, 24.2, 27.4]",14,99.0,UP,UP,wnba_player_intelligence
Sabrina Ionescu,New York Liberty,New York Liberty @ Minnesota Lynx,G,PRA,23.8,29.8,26.3,33.3,26.3-33.3,24.5,-128.0,-104.0,,,5.3,OVER,HIGH,0.6428,0.5614,0.145,14.5,0.0464,ACTIVE,ACTIVE MARKET,True,,"v5 intelligence blend from stats.wnba.com+player_intelligence: season + recent form, usage, efficiency, minutes, pace, role score, and price lean. Intelligence: role 99.0, minutes UP, points UP.",New York Liberty @ Minnesota Lynx,Minnesota Lynx,New York Liberty,"[29.4, 28.4, 31.6, 30.7, 29.8]","[""ATL"", ""CHI"", ""DAL"", ""IND"", ""SEA""]",1.0,1.0,"[29.8, 28.9, 28.0, 31.2, 30.2]",14,99.0,UP,UP,wnba_player_intelligence
Kiki Rice,Toronto Tempo,Indiana Fever @ Toronto Tempo,G,PTS,11.2,9.8,6.3,13.3,6.3-13.3,14.5,-109.0,-122.0,,,-4.7,UNDER,HIGH,0.6272,0.5495,0.1413,14.1,0.0431,BENEFICIARY,ACTIVE MARKET,True,Minutes/usage redistributed from unavailable teammates,"v5 intelligence blend from stats.wnba.com+player_intelligence: season + recent form, usage, efficiency, minutes, pace, role score, and price lean. Intelligence: role 79.7, minutes STABLE, points STABLE.",Indiana Fever @ Toronto Tempo,Toronto Tempo,Indiana Fever,"[8.9, 8.0, 11.2, 10.2, 9.4]","[""ATL"", ""CHI"", ""DAL"", ""IND"", ""SEA""]",1.0,1.0,"[8.0, 11.2, 10.2, 9.4, 8.5]",8,79.7,STABLE,STABLE,wnba_player_intelligence
Leonie Fiebich,New York Liberty,New York Liberty @ Minnesota Lynx,F,PTS,9.5,13.0,9.5,16.5,9.5-16.5,10.5,100.0,-132.0,,,2.5,OVER,HIGH,0.57,0.5,0.14,14.0,0.035,ACTIVE,ACTIVE MARKET,True,,"v5 intelligence blend from stats.wnba.com+player_intelligence: season + recent form, usage, efficiency, minutes, pace, role score, and price lean. Intelligence: role 100.0, minutes UP, points UP.",New York Liberty @ Minnesota Lynx,Minnesota Lynx,New York Liberty,"[13.4, 12.6, 11.7, 14.8, 13.9]","[""ATL"", ""CHI"", ""DAL"", ""IND"", ""SEA""]",1.0,1.0,"[13.9, 13.0, 12.1, 11.2, 14.3]",14,100.0,UP,UP,wnba_player_intelligence
Aliyah Boston,Indiana Fever,Indiana Fever @ Toronto Tempo,C,PA,18.9,16.5,13.0,20.0,13.0-20.0,19.5,-130.0,-105.0,,,-3.0,UNDER,HIGH,0.583,0.5122,0.1382,13.8,0.0363,ACTIVE,ACTIVE MARKET,True,,"v5 intelligence blend from stats.wnba.com+player_intelligence: season + recent form, usage, efficiency, minutes, pace, role score, and price lean. Intelligence: role 77.4, minutes DOWN, points DOWN.",Indiana Fever @ Toronto Tempo,Toronto Tempo,Indiana Fever,"[16.1, 15.2, 18.3, 17.4, 16.5]","[""ATL"", ""CHI"", ""DAL"", ""IND"", ""SEA""]",1.0,1.0,"[15.2, 18.3, 17.4, 16.5, 15.6]",8,77.4,DOWN,DOWN,wnba_player_intelligence
Leonie Fiebich,New York Liberty,New York Liberty @ Minnesota Lynx,F,PA,11.3,15.8,12.3,19.3,12.3-19.3,12.5,-108.0,-126.0,,,3.3,OVER,HIGH,0.5908,0.5192,0.1378,13.8,0.0372,ACTIVE,ACTIVE MARKET,True,,"v5 intelligence blend from stats.wnba.com+player_intelligence: season + recent form, usage, efficiency, minutes, pace, role score, and price lean. Intelligence: role 100.0, minutes UP, points UP.",New York Liberty @ Minnesota Lynx,Minnesota Lynx,New York Liberty,"[16.7, 15.8, 14.9, 14.0, 17.2]","[""ATL"", ""CHI"", ""DAL"", ""IND"", ""SEA""]",1.0,1.0,"[17.2, 16.2, 15.4, 14.5, 17.6]",14,100.0,UP,UP,wnba_player_intelligence
Aliyah Boston,Indiana Fever,Indiana Fever @ Toronto Tempo,C,PTS,15.9,13.1,9.6,16.6,9.6-16.6,16.5,-119.0,-110.0,,,-3.4,UNDER,HIGH,0.5934,0.5238,0.1329,13.3,0.0365,ACTIVE,ACTIVE MARKET,True,,"v5 intelligence blend from stats.wnba.com+player_intelligence: season + recent form, usage, efficiency, minutes, pace, role score, and price lean. Intelligence: role 77.4, minutes DOWN, points DOWN.",Indiana Fever @ Toronto Tempo,Toronto Tempo,Indiana Fever,"[12.2, 11.3, 14.4, 13.5, 12.7]","[""ATL"", ""CHI"", ""DAL"", ""IND"", ""SEA""]",1.0,1.0,"[11.3, 14.4, 13.5, 12.7, 11.8]",8,77.4,DOWN,DOWN,wnba_player_intelligence
Leonie Fiebich,New York Liberty,New York Liberty @ Minnesota Lynx,F,PTS,9.5,13.1,9.6,16.6,9.6-16.6,9.5,-114.0,-114.0,,,3.6,OVER,HIGH,0.5986,0.5327,0.1237,12.4,0.0353,ACTIVE,ACTIVE MARKET,True,,"v5 intelligence blend from stats.wnba.com+player_intelligence: season + recent form, usage, efficiency, minutes, pace, role score, and price lean. Intelligence: role 100.0, minutes UP, points UP.",New York Liberty @ Minnesota Lynx,Minnesota Lynx,New York Liberty,"[13.5, 12.7, 11.8, 14.9, 14.0]","[""ATL"", ""CHI"", ""DAL"", ""IND"", ""SEA""]",1.0,1.0,"[14.0, 13.1, 12.2, 11.3, 14.4]",14,100.0,UP,UP,wnba_player_intelligence
Megan DiLeo,Portland Fire,Portland Fire @ Golden State Valkyries,C,PR,20.8,21.0,17.5,24.5,17.5-24.5,17.5,-113.0,-118.5,,,3.5,OVER,HIGH,0.596,0.5305,0.1234,12.3,0.0349,ACTIVE,ACTIVE MARKET,True,,"v5 intelligence blend from stats.wnba.com+player_intelligence: season + recent form, usage, efficiency, minutes, pace, role score, and price lean. Intelligence: role 86.9, minutes STABLE, points STABLE.",Portland Fire @ Golden State Valkyries,Golden State Valkyries,Portland Fire,"[19.6, 22.8, 21.9, 21.0, 20.1]","[""ATL"", ""CHI"", ""DAL"", ""IND"", ""SEA""]",1.0,1.0,"[19.2, 22.4, 21.4, 20.6, 19.6]",9,86.9,STABLE,STABLE,wnba_player_intelligence
Emily Engstler,Portland Fire,Portland Fire @ Golden State Valkyries,F,PTS,9.0,8.6,5.1,12.1,5.1-12.1,12.5,-112.0,-118.0,,,-3.9,UNDER,HIGH,0.6064,0.5413,0.1203,12.0,0.0355,ACTIVE,ACTIVE MARKET,True,,"v5 intelligence blend from stats.wnba.com+player_intelligence: season + recent form, usage, efficiency, minutes, pace, role score, and price lean. Intelligence: role 80.2, minutes STABLE, points STABLE.",Portland Fire @ Golden State Valkyries,Golden State Valkyries,Portland Fire,"[8.6, 7.7, 6.8, 9.9, 9.0]","[""ATL"", ""CHI"", ""DAL"", ""IND"", ""SEA""]",1.0,1.0,"[8.2, 7.2, 10.4, 9.5, 8.6]",9,80.2,STABLE,STABLE,wnba_player_intelligence
Megan DiLeo,Portland Fire,Portland Fire @ Golden State Valkyries,C,PTS,16.2,16.5,13.0,20.0,13.0-20.0,12.5,-119.5,-109.5,,,4.0,OVER,HIGH,0.609,0.5444,0.1186,11.9,0.0354,ACTIVE,ACTIVE MARKET,True,,"v5 intelligence blend from stats.wnba.com+player_intelligence: season + recent form, usage, efficiency, minutes, pace, role score, and price lean. Intelligence: role 86.9, minutes STABLE, points STABLE.",Portland Fire @ Golden State Valkyries,Golden State Valkyries,Portland Fire,"[15.2, 18.3, 17.4, 16.5, 15.6]","[""ATL"", ""CHI"", ""DAL"", ""IND"", ""SEA""]",1.0,1.0,"[14.7, 17.9, 16.9, 16.1, 15.2]",9,86.9,STABLE,STABLE,wnba_player_intelligence
Isabelle Harrison,Toronto Tempo,Indiana Fever @ Toronto Tempo,F,PRA,20.8,19.3,15.8,22.8,15.8-22.8,23.5,-111.0,-122.0,,,-4.2,UNDER,HIGH,0.6142,0.5495,0.1176,11.8,0.0359,BENEFICIARY,ACTIVE MARKET,True,Minutes/usage redistributed from unavailable teammates,"v5 intelligence blend from stats.wnba.com+player_intelligence: season + recent form, usage, efficiency, minutes, pace, role score, and price lean. Intelligence: role 75.0, minutes DOWN, points STABLE.",Indiana Fever @ Toronto Tempo,Toronto Tempo,Indiana Fever,"[19.8, 18.9, 17.9, 21.1, 20.2]","[""ATL"", ""CHI"", ""DAL"", ""IND"", ""SEA""]",1.0,1.0,"[18.9, 17.9, 21.1, 20.2, 19.3]",8,75.0,DOWN,STABLE,wnba_player_intelligence
Leonie Fiebich,New York Liberty,New York Liberty @ Minnesota Lynx,F,PRA,14.3,18.8,15.3,22.3,15.3-22.3,15.5,-113.0,-120.0,,,3.3,OVER,HIGH,0.5908,0.5305,0.1136,11.4,0.0321,ACTIVE,ACTIVE MARKET,True,,"v5 intelligence blend from stats.wnba.com+player_intelligence: season + recent form, usage, efficiency, minutes, pace, role score, and price lean. Intelligence: role 100.0, minutes UP, points UP.",New York Liberty @ Minnesota Lynx,Minnesota Lynx,New York Liberty,"[18.4, 17.4, 20.6, 19.7, 18.8]","[""ATL"", ""CHI"", ""DAL"", ""IND"", ""SEA""]",1.0,1.0,"[18.8, 17.9, 17.0, 20.2, 19.2]",14,100.0,UP,UP,wnba_player_intelligence
Kiki Rice,Toronto Tempo,Indiana Fever @ Toronto Tempo,G,PR,15.3,13.9,10.4,17.4,10.4-17.4,18.5,-106.0,-128.0,,,-4.6,UNDER,HIGH,0.6246,0.5614,0.1126,11.3,0.036,BENEFICIARY,ACTIVE MARKET,True,Minutes/usage redistributed from unavailable teammates,"v5 intelligence blend from stats.wnba.com+player_intelligence: season + recent form, usage, efficiency, minutes, pace, role score, and price lean. Intelligence: role 79.7, minutes STABLE, points STABLE.",Indiana Fever @ Toronto Tempo,Toronto Tempo,Indiana Fever,"[13.0, 12.1, 15.2, 14.3, 13.5]","[""ATL"", ""CHI"", ""DAL"", ""IND"", ""SEA""]",1.0,1.0,"[12.1, 15.2, 14.3, 13.5, 12.6]",8,79.7,STABLE,STABLE,wnba_player_intelligence
Makayla Timpson,Indiana Fever,Indiana Fever @ Toronto Tempo,F,PA,5.3,5.5,2.0,9.0,2.0-9.0,9.5,-112.0,-121.0,,,-4.0,UNDER,HIGH,0.609,0.5475,0.1123,11.2,0.034,ACTIVE,ACTIVE MARKET,True,,"v5 intelligence blend from stats.wnba.com+player_intelligence: season + recent form, usage, efficiency, minutes, pace, role score, and price lean. Intelligence: role 68.0, minutes UP, points STABLE.",Indiana Fever @ Toronto Tempo,Toronto Tempo,Indiana Fever,"[7.3, 6.4, 5.5, 4.6, 3.7]","[""ATL"", ""CHI"", ""DAL"", ""IND"", ""SEA""]",1.0,1.0,"[6.4, 5.5, 4.6, 3.7, 6.8]",8,68.0,UP,STABLE,wnba_player_intelligence
Breanna Stewart,New York Liberty,New York Liberty @ Minnesota Lynx,F,PRA,32.1,33.9,30.4,37.4,30.4-37.4,30.5,-115.5,-115.0,,,3.4,OVER,HIGH,0.5934,0.536,0.1072,10.7,0.0309,ACTIVE,ACTIVE MARKET,True,,"v5 intelligence blend from stats.wnba.com+player_intelligence: season + recent form, usage, efficiency, minutes, pace, role score, and price lean. Intelligence: role 100.0, minutes STABLE, points STABLE.",New York Liberty @ Minnesota Lynx,Minnesota Lynx,New York Liberty,"[34.4, 33.4, 32.5, 35.7, 34.8]","[""ATL"", ""CHI"", ""DAL"", ""IND"", ""SEA""]",1.0,1.0,"[34.8, 33.9, 33.0, 32.1, 35.2]",14,100.0,STABLE,STABLE,wnba_player_intelligence
Breanna Stewart,New York Liberty,New York Liberty @ Minnesota Lynx,F,PR,28.9,30.2,26.7,33.7,26.7-33.7,27.5,-108.5,-123.0,,,2.7,OVER,HIGH,0.5752,0.5204,0.1053,10.5,0.0286,ACTIVE,ACTIVE MARKET,True,,"v5 intelligence blend from stats.wnba.com+player_intelligence: season + recent form, usage, efficiency, minutes, pace, role score, and price lean. Intelligence: role 100.0, minutes STABLE, points STABLE.",New York Liberty @ Minnesota Lynx,Minnesota Lynx,New York Liberty,"[31.6, 30.6, 29.8, 28.8, 32.0]","[""ATL"", ""CHI"", ""DAL"", ""IND"", ""SEA""]",1.0,1.0,"[32.0, 31.1, 30.2, 29.3, 28.4]",14,100.0,STABLE,STABLE,wnba_player_intelligence
Aliyah Boston,Indiana Fever,Indiana Fever @ Toronto Tempo,C,REB,7.8,6.5,3.0,10.0,3.0-10.0,8.5,-129.5,-104.0,,,-2.0,UNDER,HIGH,0.557,0.5098,0.0926,9.3,0.0241,ACTIVE,ACTIVE MARKET,True,,"v5 intelligence blend from stats.wnba.com+player_intelligence: season + recent form, usage, efficiency, minutes, pace, role score, and price lean. Intelligence: role 77.4, minutes DOWN, points DOWN.",Indiana Fever @ Toronto Tempo,Toronto Tempo,Indiana Fever,"[8.3, 7.4, 6.5, 5.6, 4.7]","[""ATL"", ""CHI"", ""DAL"", ""IND"", ""SEA""]",1.0,1.0,"[7.4, 6.5, 5.6, 4.7, 7.8]",8,77.4,DOWN,DOWN,wnba_player_intelligence
Isabelle Harrison,Toronto Tempo,Indiana Fever @ Toronto Tempo,F,PR,19.3,18.0,14.5,21.5,14.5-21.5,21.5,-112.0,-121.0,,,-3.5,UNDER,HIGH,0.596,0.5475,0.0886,8.9,0.0268,BENEFICIARY,ACTIVE MARKET,True,Minutes/usage redistributed from unavailable teammates,"v5 intelligence blend from stats.wnba.com+player_intelligence: season + recent form, usage, efficiency, minutes, pace, role score, and price lean. Intelligence: role 75.0, minutes DOWN, points STABLE.",Indiana Fever @ Toronto Tempo,Toronto Tempo,Indiana Fever,"[19.4, 18.4, 17.6, 16.6, 19.8]","[""ATL"", ""CHI"", ""DAL"", ""IND"", ""SEA""]",1.0,1.0,"[18.4, 17.6, 16.6, 19.8, 18.9]",8,75.0,DOWN,STABLE,wnba_player_intelligence
Makayla Timpson,Indiana Fever,Indiana Fever @ Toronto Tempo,F,RA,4.3,4.5,1.0,8.0,1.0-8.0,8.5,-107.0,-127.0,,,-4.0,UNDER,HIGH,0.609,0.5595,0.0885,8.8,0.0281,ACTIVE,ACTIVE MARKET,True,,"v5 intelligence blend from stats.wnba.com+player_intelligence: season + recent form, usage, efficiency, minutes, pace, role score, and price lean. Intelligence: role 68.0, minutes UP, points STABLE.",Indiana Fever @ Toronto Tempo,Toronto Tempo,Indiana Fever,"[3.1, 6.3, 5.4, 4.5, 3.6]","[""ATL"", ""CHI"", ""DAL"", ""IND"", ""SEA""]",1.0,1.0,"[6.3, 5.4, 4.5, 3.6, 2.7]",8,68.0,UP,STABLE,wnba_player_intelligence
Breanna Stewart,New York Liberty,New York Liberty @ Minnesota Lynx,F,PA,23.5,25.0,21.5,28.5,21.5-28.5,22.5,-110.0,-121.5,,,2.5,OVER,HIGH,0.57,0.5238,0.0882,8.8,0.0242,ACTIVE,ACTIVE MARKET,True,,"v5 intelligence blend from stats.wnba.com+player_intelligence: season + recent form, usage, efficiency, minutes, pace, role score, and price lean. Intelligence: role 100.0, minutes STABLE, points STABLE.",New York Liberty @ Minnesota Lynx,Minnesota Lynx,New York Liberty,"[26.8, 25.9, 25.0, 24.1, 23.2]","[""ATL"", ""CHI"", ""DAL"", ""IND"", ""SEA""]",1.0,1.0,"[23.2, 26.4, 25.4, 24.6, 23.6]",14,100.0,STABLE,STABLE,wnba_player_intelligence
Veronica Burton,Golden State Valkyries,Portland Fire @ Golden State Valkyries,G,PRA,20.9,22.0,18.5,25.5,18.5-25.5,24.5,-122.5,-110.0,,,-2.5,UNDER,HIGH,0.57,0.5238,0.0882,8.8,0.0242,ACTIVE,ACTIVE MARKET,True,,"v5 intelligence blend from stats.wnba.com+player_intelligence: season + recent form, usage, efficiency, minutes, pace, role score, and price lean. Intelligence: role 93.7, minutes STABLE, points STABLE.",Portland Fire @ Golden State Valkyries,Golden State Valkyries,Portland Fire,"[21.6, 20.6, 23.8, 22.9, 22.0]","[""ATL"", ""CHI"", ""DAL"", ""IND"", ""SEA""]",1.0,1.0,"[21.1, 20.2, 23.4, 22.4, 21.6]",9,93.7,STABLE,STABLE,wnba_player_intelligence
Aliyah Boston,Indiana Fever,Indiana Fever @ Toronto Tempo,C,PA,18.9,16.3,12.8,19.8,12.8-19.8,20.5,-102.0,-130.0,,,-4.2,UNDER,HIGH,0.6142,0.5652,0.0867,8.7,0.0282,ACTIVE,ACTIVE MARKET,True,,"v5 intelligence blend from stats.wnba.com+player_intelligence: season + recent form, usage, efficiency, minutes, pace, role score, and price lean. Intelligence: role 77.4, minutes DOWN, points DOWN.",Indiana Fever @ Toronto Tempo,Toronto Tempo,Indiana Fever,"[15.9, 15.0, 18.1, 17.2, 16.3]","[""ATL"", ""CHI"", ""DAL"", ""IND"", ""SEA""]",1.0,1.0,"[15.0, 18.1, 17.2, 16.3, 15.4]",8,77.4,DOWN,DOWN,wnba_player_intelligence
Kayla Thornton,Golden State Valkyries,Portland Fire @ Golden State Valkyries,F,PTS,8.1,8.5,5.0,12.0,5.0-12.0,10.5,-123.0,-107.0,,,-2.0,UNDER,HIGH,0.557,0.5169,0.0776,7.8,0.0207,ACTIVE,ACTIVE MARKET,True,,"v5 intelligence blend from stats.wnba.com+player_intelligence: season + recent form, usage, efficiency, minutes, pace, role score, and price lean. Intelligence: role 81.7, minutes STABLE, points STABLE.",Portland Fire @ Golden State Valkyries,Golden State Valkyries,Portland Fire,"[8.9, 8.1, 7.2, 10.3, 9.4]","[""ATL"", ""CHI"", ""DAL"", ""IND"", ""SEA""]",1.0,1.0,"[8.5, 7.6, 6.7, 9.8, 8.9]",9,81.7,STABLE,STABLE,wnba_player_intelligence
Pauline Astier,New York Liberty,New York Liberty @ Minnesota Lynx,G,PTS,10.0,9.1,5.6,12.6,5.6-12.6,6.5,-114.0,-116.0,,,2.6,OVER,HIGH,0.5726,0.5327,0.0749,7.5,0.0213,ACTIVE,ACTIVE MARKET,True,,"v5 intelligence blend from stats.wnba.com+player_intelligence: season + recent form, usage, efficiency, minutes, pace, role score, and price lean. Intelligence: role 76.1, minutes DOWN, points STABLE.",New York Liberty @ Minnesota Lynx,Minnesota Lynx,New York Liberty,"[10.9, 10.0, 9.1, 8.2, 7.3]","[""ATL"", ""CHI"", ""DAL"", ""IND"", ""SEA""]",1.0,1.0,"[7.3, 10.4, 9.5, 8.7, 7.8]",14,76.1,DOWN,STABLE,wnba_player_intelligence
Makayla Timpson,Indiana Fever,Indiana Fever @ Toronto Tempo,F,PTS,4.9,5.3,1.8,8.8,1.8-8.8,8.5,-107.5,-122.0,,,-3.2,UNDER,HIGH,0.5882,0.5495,0.0703,7.0,0.0215,ACTIVE,ACTIVE MARKET,True,,"v5 intelligence blend from stats.wnba.com+player_intelligence: season + recent form, usage, efficiency, minutes, pace, role score, and price lean. Intelligence: role 68.0, minutes UP, points STABLE.",Indiana Fever @ Toronto Tempo,Toronto Tempo,Indiana Fever,"[6.7, 5.8, 4.8, 3.9, 7.1]","[""ATL"", ""CHI"", ""DAL"", ""IND"", ""SEA""]",1.0,1.0,"[5.8, 4.8, 3.9, 7.1, 6.2]",8,68.0,UP,STABLE,wnba_player_intelligence
Pauline Astier,New York Liberty,New York Liberty @ Minnesota Lynx,G,PA,13.5,12.4,8.9,15.9,8.9-15.9,9.5,-121.0,-112.0,,,2.9,OVER,HIGH,0.5804,0.5475,0.0601,6.0,0.0182,ACTIVE,ACTIVE MARKET,True,,"v5 intelligence blend from stats.wnba.com+player_intelligence: season + recent form, usage, efficiency, minutes, pace, role score, and price lean. Intelligence: role 76.1, minutes DOWN, points STABLE.",New York Liberty @ Minnesota Lynx,Minnesota Lynx,New York Liberty,"[10.6, 13.8, 12.8, 12.0, 11.1]","[""ATL"", ""CHI"", ""DAL"", ""IND"", ""SEA""]",1.0,1.0,"[11.1, 14.2, 13.3, 12.4, 11.5]",14,76.1,DOWN,STABLE,wnba_player_intelligence
Isabelle Harrison,Toronto Tempo,Indiana Fever @ Toronto Tempo,F,PA,14.7,13.5,10.0,17.0,10.0-17.0,16.5,-110.0,-123.0,,,-3.0,UNDER,HIGH,0.583,0.5516,0.057,5.7,0.0175,BENEFICIARY,ACTIVE MARKET,True,Minutes/usage redistributed from unavailable teammates,"v5 intelligence blend from stats.wnba.com+player_intelligence: season + recent form, usage, efficiency, minutes, pace, role score, and price lean. Intelligence: role 75.0, minutes DOWN, points STABLE.",Indiana Fever @ Toronto Tempo,Toronto Tempo,Indiana Fever,"[15.3, 14.4, 13.5, 12.6, 11.7]","[""ATL"", ""CHI"", ""DAL"", ""IND"", ""SEA""]",1.0,1.0,"[14.4, 13.5, 12.6, 11.7, 14.8]",8,75.0,DOWN,STABLE,wnba_player_intelligence
Leonie Fiebich,New York Liberty,New York Liberty @ Minnesota Lynx,F,PR,12.4,16.1,12.6,19.6,12.6-19.6,12.5,-132.0,100.0,,,3.6,OVER,HIGH,0.5986,0.569,0.0521,5.2,0.0172,ACTIVE,ACTIVE MARKET,True,,"v5 intelligence blend from stats.wnba.com+player_intelligence: season + recent form, usage, efficiency, minutes, pace, role score, and price lean. Intelligence: role 100.0, minutes UP, points UP.",New York Liberty @ Minnesota Lynx,Minnesota Lynx,New York Liberty,"[16.6, 15.7, 14.8, 17.9, 17.0]","[""ATL"", ""CHI"", ""DAL"", ""IND"", ""SEA""]",1.0,1.0,"[17.0, 16.1, 15.2, 14.3, 17.5]",14,100.0,UP,UP,wnba_player_intelligence
Leonie Fiebich,New York Liberty,New York Liberty @ Minnesota Lynx,F,PR,12.4,16.1,12.6,19.6,12.6-19.6,13.5,-120.0,-113.0,,,2.6,OVER,HIGH,0.5726,0.5455,0.0498,5.0,0.0149,ACTIVE,ACTIVE MARKET,True,,"v5 intelligence blend from stats.wnba.com+player_intelligence: season + recent form, usage, efficiency, minutes, pace, role score, and price lean. Intelligence: role 100.0, minutes UP, points UP.",New York Liberty @ Minnesota Lynx,Minnesota Lynx,New York Liberty,"[16.6, 15.7, 14.8, 17.9, 17.0]","[""ATL"", ""CHI"", ""DAL"", ""IND"", ""SEA""]",1.0,1.0,"[17.0, 16.1, 15.2, 14.3, 17.5]",14,100.0,UP,UP,wnba_player_intelligence
Breanna Stewart,New York Liberty,New York Liberty @ Minnesota Lynx,F,PTS,20.4,21.3,17.8,24.8,17.8-24.8,18.5,-127.0,-110.0,,,2.8,OVER,HIGH,0.5778,0.5595,0.0328,3.3,0.0104,ACTIVE,ACTIVE MARKET,True,,"v5 intelligence blend from stats.wnba.com+player_intelligence: season + recent form, usage, efficiency, minutes, pace, role score, and price lean. Intelligence: role 100.0, minutes STABLE, points STABLE.",New York Liberty @ Minnesota Lynx,Minnesota Lynx,New York Liberty,"[22.7, 21.8, 20.9, 19.9, 23.1]","[""ATL"", ""CHI"", ""DAL"", ""IND"", ""SEA""]",1.0,1.0,"[23.1, 22.2, 21.3, 20.4, 19.5]",14,100.0,STABLE,STABLE,wnba_player_intelligence
Makayla Timpson,Indiana Fever,Indiana Fever @ Toronto Tempo,F,REB,3.9,4.3,0.8,7.8,0.8-7.8,7.5,-110.0,-134.5,,,-3.2,UNDER,HIGH,0.5882,0.5736,0.0255,2.5,0.0086,ACTIVE,ACTIVE MARKET,True,,"v5 intelligence blend from stats.wnba.com+player_intelligence: season + recent form, usage, efficiency, minutes, pace, role score, and price lean. Intelligence: role 68.0, minutes UP, points STABLE.",Indiana Fever @ Toronto Tempo,Toronto Tempo,Indiana Fever,"[4.3, 3.4, 2.5, 5.7, 4.8]","[""ATL"", ""CHI"", ""DAL"", ""IND"", ""SEA""]",1.0,1.0,"[3.4, 2.5, 5.7, 4.8, 3.8]",8,68.0,UP,STABLE,wnba_player_intelligence
Sophie Cunningham,Indiana Fever,Indiana Fever @ Toronto Tempo,G,PTS,9.1,9.0,5.5,12.5,5.5-12.5,6.5,-129.0,-103.0,,,2.5,OVER,HIGH,0.57,0.5633,0.0119,1.2,0.0038,ACTIVE,ACTIVE MARKET,True,,"v5 intelligence blend from stats.wnba.com+player_intelligence: season + recent form, usage, efficiency, minutes, pace, role score, and price lean. Intelligence: role 77.1, minutes STABLE, points STABLE.",Indiana Fever @ Toronto Tempo,Toronto Tempo,Indiana Fever,"[10.3, 9.4, 8.6, 7.7, 10.8]","[""ATL"", ""CHI"", ""DAL"", ""IND"", ""SEA""]",1.0,1.0,"[9.4, 8.6, 7.7, 10.8, 9.9]",8,77.1,STABLE,STABLE,wnba_player_intelligence
Aliyah Boston,Indiana Fever,Indiana Fever @ Toronto Tempo,C,RA,10.8,9.7,6.2,13.2,6.2-13.2,12.5,100.0,-134.0,,,-2.8,UNDER,HIGH,0.5778,0.5726,0.009,0.9,0.003,ACTIVE,ACTIVE MARKET,True,,"v5 intelligence blend from stats.wnba.com+player_intelligence: season + recent form, usage, efficiency, minutes, pace, role score, and price lean. Intelligence: role 77.4, minutes DOWN, points DOWN.",Indiana Fever @ Toronto Tempo,Toronto Tempo,Indiana Fever,"[10.1, 9.2, 8.3, 11.5, 10.6]","[""ATL"", ""CHI"", ""DAL"", ""IND"", ""SEA""]",1.0,1.0,"[9.2, 8.3, 11.5, 10.6, 9.7]",8,77.4,DOWN,DOWN,wnba_player_intelligence
Veronica Burton,Golden State Valkyries,Portland Fire @ Golden State Valkyries,G,PR,15.5,16.0,12.5,19.5,12.5-19.5,18.5,-102.0,-130.0,,,-2.5,UNDER,HIGH,0.57,0.5652,0.0085,0.9,0.0027,ACTIVE,ACTIVE MARKET,True,,"v5 intelligence blend from stats.wnba.com+player_intelligence: season + recent form, usage, efficiency, minutes, pace, role score, and price lean. Intelligence: role 93.7, minutes STABLE, points STABLE.",Portland Fire @ Golden State Valkyries,Golden State Valkyries,Portland Fire,"[16.4, 15.6, 14.7, 17.8, 16.9]","[""ATL"", ""CHI"", ""DAL"", ""IND"", ""SEA""]",1.0,1.0,"[16.0, 15.1, 14.2, 17.4, 16.4]",9,93.7,STABLE,STABLE,wnba_player_intelligence
Isabelle Harrison,Toronto Tempo,Indiana Fever @ Toronto Tempo,F,PTS,13.2,12.2,8.7,15.7,8.7-15.7,14.5,-103.0,-129.0,,,-2.3,UNDER,HIGH,0.5648,0.5633,0.0026,0.3,0.0008,BENEFICIARY,ACTIVE MARKET,True,Minutes/usage redistributed from unavailable teammates,"v5 intelligence blend from stats.wnba.com+player_intelligence: season + recent form, usage, efficiency, minutes, pace, role score, and price lean. Intelligence: role 75.0, minutes DOWN, points STABLE.",Indiana Fever @ Toronto Tempo,Toronto Tempo,Indiana Fever,"[13.5, 12.6, 11.8, 10.8, 14.0]","[""ATL"", ""CHI"", ""DAL"", ""IND"", ""SEA""]",1.0,1.0,"[12.6, 11.8, 10.8, 14.0, 13.1]",8,75.0,DOWN,STABLE,wnba_player_intelligence
Pauline Astier,New York Liberty,New York Liberty @ Minnesota Lynx,G,PR,12.5,11.0,7.5,14.5,7.5-14.5,8.5,-132.0,-103.0,,,2.5,OVER,HIGH,0.57,0.569,0.0018,0.2,0.0006,ACTIVE,ACTIVE MARKET,True,,"v5 intelligence blend from stats.wnba.com+player_intelligence: season + recent form, usage, efficiency, minutes, pace, role score, and price lean. Intelligence: role 76.1, minutes DOWN, points STABLE.",New York Liberty @ Minnesota Lynx,Minnesota Lynx,New York Liberty,"[12.8, 11.9, 11.0, 10.1, 9.2]","[""ATL"", ""CHI"", ""DAL"", ""IND"", ""SEA""]",1.0,1.0,"[9.2, 12.3, 11.4, 10.6, 9.7]",14,76.1,DOWN,STABLE,wnba_player_intelligence
Nyara Sabally,Toronto Tempo,Indiana Fever @ Toronto Tempo,F,PRA,17.7,18.2,14.7,21.7,14.7-21.7,20.5,-104.0,-131.0,,,-2.3,UNDER,HIGH,0.5648,0.5671,-0.0041,-0.4,0.0,BENEFICIARY,ACTIVE MARKET,True,Minutes/usage redistributed from unavailable teammates,"v5 intelligence blend from stats.wnba.com+player_intelligence: season + recent form, usage, efficiency, minutes, pace, role score, and price lean. Intelligence: role 74.1, minutes STABLE, points UP.",Indiana Fever @ Toronto Tempo,Toronto Tempo,Indiana Fever,"[20.0, 19.1, 18.2, 17.3, 16.4]","[""ATL"", ""CHI"", ""DAL"", ""IND"", ""SEA""]",1.0,1.0,"[19.1, 18.2, 17.3, 16.4, 19.6]",8,74.1,STABLE,UP,wnba_player_intelligence
Breanna Stewart,New York Liberty,New York Liberty @ Minnesota Lynx,F,REB,8.6,9.5,6.0,13.0,6.0-13.0,7.5,-146.0,108.0,,,2.0,OVER,HIGH,0.557,0.5935,-0.0615,-6.2,0.0,ACTIVE,ACTIVE MARKET,True,,"v5 intelligence blend from stats.wnba.com+player_intelligence: season + recent form, usage, efficiency, minutes, pace, role score, and price lean. Intelligence: role 100.0, minutes STABLE, points STABLE.",New York Liberty @ Minnesota Lynx,Minnesota Lynx,New York Liberty,"[9.5, 8.6, 7.7, 10.8, 9.9]","[""ATL"", ""CHI"", ""DAL"", ""IND"", ""SEA""]",1.0,1.0,"[9.9, 9.1, 8.2, 11.3, 10.4]",14,100.0,STABLE,STABLE,wnba_player_intelligence
Leonie Fiebich,New York Liberty,New York Liberty @ Minnesota Lynx,F,AST,1.9,3.7,0.2,7.2,0.2-7.2,1.5,-177.0,130.0,,,2.2,OVER,HIGH,0.5622,0.639,-0.1202,-12.0,0.0,ACTIVE,ACTIVE MARKET,True,,"v5 intelligence blend from stats.wnba.com+player_intelligence: season + recent form, usage, efficiency, minutes, pace, role score, and price lean. Intelligence: role 100.0, minutes UP, points UP.",New York Liberty @ Minnesota Lynx,Minnesota Lynx,New York Liberty,"[5.5, 4.6, 3.7, 2.8, 1.9]","[""ATL"", ""CHI"", ""DAL"", ""IND"", ""SEA""]",1.0,1.0,"[1.9, 5.1, 4.2, 3.2, 2.4]",14,100.0,UP,UP,wnba_player_intelligence
Breanna Stewart,New York Liberty,New York Liberty @ Minnesota Lynx,F,AST,3.1,4.0,0.5,7.5,0.5-7.5,3.5,127.5,-172.5,,,0.5,OVER,MED,0.518,0.4396,0.1784,17.8,0.035,ACTIVE,ACTIVE MARKET,True,,"v5 intelligence blend from stats.wnba.com+player_intelligence: season + recent form, usage, efficiency, minutes, pace, role score, and price lean. Intelligence: role 100.0, minutes STABLE, points STABLE.",New York Liberty @ Minnesota Lynx,Minnesota Lynx,New York Liberty,"[2.6, 5.8, 4.9, 4.0, 3.1]","[""ATL"", ""CHI"", ""DAL"", ""IND"", ""SEA""]",0.6,0.5,"[3.1, 2.2, 5.3, 4.5, 3.5]",14,100.0,STABLE,STABLE,wnba_player_intelligence
Kaila Charles,Golden State Valkyries,Portland Fire @ Golden State Valkyries,G,REB,4.5,3.9,0.4,7.4,0.4-7.4,5.5,-150.0,110.0,,,-1.6,UNDER,MED,0.5466,0.4762,0.1479,14.8,0.0336,ACTIVE,ACTIVE MARKET,True,,"v5 intelligence blend from stats.wnba.com+player_intelligence: season + recent form, usage, efficiency, minutes, pace, role score, and price lean. Intelligence: role 67.8, minutes STABLE, points STABLE.",Portland Fire @ Golden State Valkyries,Golden State Valkyries,Portland Fire,"[3.4, 2.5, 5.7, 4.8, 3.9]","[""ATL"", ""CHI"", ""DAL"", ""IND"", ""SEA""]",0.8,0.9,"[3.0, 2.1, 5.2, 4.3, 3.4]",9,67.8,STABLE,STABLE,wnba_player_intelligence
Emily Engstler,Portland Fire,Portland Fire @ Golden State Valkyries,F,REB,5.3,5.1,1.6,8.6,1.6-8.6,5.5,-160.0,120.0,,,-0.4,UNDER,MED,0.5154,0.4545,0.1339,13.4,0.0279,ACTIVE,ACTIVE MARKET,True,,"v5 intelligence blend from stats.wnba.com+player_intelligence: season + recent form, usage, efficiency, minutes, pace, role score, and price lean. Intelligence: role 80.2, minutes STABLE, points STABLE.",Portland Fire @ Golden State Valkyries,Golden State Valkyries,Portland Fire,"[3.7, 6.9, 6.0, 5.1, 4.2]","[""ATL"", ""CHI"", ""DAL"", ""IND"", ""SEA""]",0.6,0.6,"[3.3, 6.4, 5.5, 4.6, 3.7]",9,80.2,STABLE,STABLE,wnba_player_intelligence
Isabelle Harrison,Toronto Tempo,Indiana Fever @ Toronto Tempo,F,RA,7.6,6.9,3.4,10.4,3.4-10.4,8.5,-143.0,105.0,,,-1.6,UNDER,MED,0.5466,0.4878,0.1205,12.0,0.0287,BENEFICIARY,ACTIVE MARKET,True,Minutes/usage redistributed from unavailable teammates,"v5 intelligence blend from stats.wnba.com+player_intelligence: season + recent form, usage, efficiency, minutes, pace, role score, and price lean. Intelligence: role 75.0, minutes DOWN, points STABLE.",Indiana Fever @ Toronto Tempo,Toronto Tempo,Indiana Fever,"[5.6, 8.7, 7.8, 6.9, 6.0]","[""ATL"", ""CHI"", ""DAL"", ""IND"", ""SEA""]",0.8,0.9,"[8.7, 7.8, 6.9, 6.0, 5.1]",8,75.0,DOWN,STABLE,wnba_player_intelligence
Nyara Sabally,Toronto Tempo,Indiana Fever @ Toronto Tempo,F,RA,6.2,5.6,2.1,9.1,2.1-9.1,6.5,-153.0,112.0,,,-0.9,UNDER,MED,0.5284,0.4717,0.1202,12.0,0.0268,BENEFICIARY,ACTIVE MARKET,True,Minutes/usage redistributed from unavailable teammates,"v5 intelligence blend from stats.wnba.com+player_intelligence: season + recent form, usage, efficiency, minutes, pace, role score, and price lean. Intelligence: role 74.1, minutes STABLE, points UP.",Indiana Fever @ Toronto Tempo,Toronto Tempo,Indiana Fever,"[5.6, 4.7, 3.8, 6.9, 6.0]","[""ATL"", ""CHI"", ""DAL"", ""IND"", ""SEA""]",0.8,0.7,"[4.7, 3.8, 6.9, 6.0, 5.1]",8,74.1,STABLE,UP,wnba_player_intelligence
Olivia Miles,Minnesota Lynx,New York Liberty @ Minnesota Lynx,G,REB,4.9,5.3,1.8,8.8,1.8-8.8,4.5,112.5,-152.0,,,0.8,OVER,MED,0.5258,0.4706,0.1173,11.7,0.0261,ACTIVE,ACTIVE MARKET,True,,"v5 intelligence blend from stats.wnba.com+player_intelligence: season + recent form, usage, efficiency, minutes, pace, role score, and price lean. Intelligence: role 93.5, minutes STABLE, points STABLE.",New York Liberty @ Minnesota Lynx,Minnesota Lynx,New York Liberty,"[5.8, 4.8, 3.9, 7.1, 6.2]","[""ATL"", ""CHI"", ""DAL"", ""IND"", ""SEA""]",0.8,0.7,"[6.2, 5.3, 4.4, 3.5, 6.7]",14,93.5,STABLE,STABLE,wnba_player_intelligence
Isabelle Harrison,Toronto Tempo,Indiana Fever @ Toronto Tempo,F,REB,6.1,5.6,2.1,9.1,2.1-9.1,6.5,-149.0,109.0,,,-0.9,UNDER,MED,0.5284,0.4785,0.1044,10.4,0.0239,BENEFICIARY,ACTIVE MARKET,True,Minutes/usage redistributed from unavailable teammates,"v5 intelligence blend from stats.wnba.com+player_intelligence: season + recent form, usage, efficiency, minutes, pace, role score, and price lean. Intelligence: role 75.0, minutes DOWN, points STABLE.",Indiana Fever @ Toronto Tempo,Toronto Tempo,Indiana Fever,"[5.6, 4.7, 3.8, 6.9, 6.0]","[""ATL"", ""CHI"", ""DAL"", ""IND"", ""SEA""]",0.8,0.7,"[4.7, 3.8, 6.9, 6.0, 5.1]",8,75.0,DOWN,STABLE,wnba_player_intelligence
Pauline Astier,New York Liberty,New York Liberty @ Minnesota Lynx,G,PRA,16.0,14.1,10.6,17.6,10.6-17.6,12.5,100.0,-136.0,,,1.6,OVER,MED,0.5466,0.5,0.0932,9.3,0.0233,ACTIVE,ACTIVE MARKET,True,,"v5 intelligence blend from stats.wnba.com+player_intelligence: season + recent form, usage, efficiency, minutes, pace, role score, and price lean. Intelligence: role 76.1, minutes DOWN, points STABLE.",New York Liberty @ Minnesota Lynx,Minnesota Lynx,New York Liberty,"[15.0, 14.1, 13.2, 12.3, 15.4]","[""ATL"", ""CHI"", ""DAL"", ""IND"", ""SEA""]",0.8,0.9,"[15.4, 14.5, 13.7, 12.8, 15.9]",14,76.1,DOWN,STABLE,wnba_player_intelligence
Carla Leite,Portland Fire,Portland Fire @ Golden State Valkyries,G,AST,6.1,7.0,3.5,10.5,3.5-10.5,6.5,110.0,-146.0,,,0.5,OVER,MED,0.518,0.4762,0.0878,8.8,0.02,ACTIVE,ACTIVE MARKET,True,,"v5 intelligence blend from stats.wnba.com+player_intelligence: season + recent form, usage, efficiency, minutes, pace, role score, and price lean. Intelligence: role 88.2, minutes STABLE, points STABLE.",Portland Fire @ Golden State Valkyries,Golden State Valkyries,Portland Fire,"[5.7, 8.8, 7.9, 7.0, 6.1]","[""ATL"", ""CHI"", ""DAL"", ""IND"", ""SEA""]",0.6,0.5,"[5.2, 8.3, 7.5, 6.5, 5.7]",9,88.2,STABLE,STABLE,wnba_player_intelligence
Kiki Rice,Toronto Tempo,Indiana Fever @ Toronto Tempo,G,RA,6.7,6.9,3.4,10.4,3.4-10.4,7.5,-145.0,106.0,,,-0.6,UNDER,MED,0.5206,0.4854,0.0724,7.2,0.0171,BENEFICIARY,ACTIVE MARKET,True,Minutes/usage redistributed from unavailable teammates,"v5 intelligence blend from stats.wnba.com+player_intelligence: season + recent form, usage, efficiency, minutes, pace, role score, and price lean. Intelligence: role 79.7, minutes STABLE, points STABLE.",Indiana Fever @ Toronto Tempo,Toronto Tempo,Indiana Fever,"[7.4, 6.5, 5.6, 8.7, 7.8]","[""ATL"", ""CHI"", ""DAL"", ""IND"", ""SEA""]",0.6,0.7,"[6.5, 5.6, 8.7, 7.8, 6.9]",8,79.7,STABLE,STABLE,wnba_player_intelligence
Napheesa Collier,Minnesota Lynx,New York Liberty @ Minnesota Lynx,F,AST,3.2,3.2,0.0,6.7,0.0-6.7,2.5,102.0,-139.0,,,0.7,OVER,MED,0.5232,0.495,0.0569,5.7,0.0139,ACTIVE,ACTIVE MARKET,True,,"v5 intelligence blend from stats.wnba.com+player_intelligence: season + recent form, usage, efficiency, minutes, pace, role score, and price lean. Intelligence: role 83.0, minutes STABLE, points STABLE.",New York Liberty @ Minnesota Lynx,Minnesota Lynx,New York Liberty,"[4.6, 3.7, 2.8, 1.9, 5.0]","[""ATL"", ""CHI"", ""DAL"", ""IND"", ""SEA""]",0.8,0.7,"[5.0, 4.1, 3.2, 2.3, 1.4]",14,83.0,STABLE,STABLE,wnba_player_intelligence
Carla Leite,Portland Fire,Portland Fire @ Golden State Valkyries,G,PA,21.3,23.3,19.8,26.8,19.8-26.8,21.5,-109.5,-122.5,,,1.8,OVER,MED,0.5518,0.5227,0.0557,5.6,0.0153,ACTIVE,ACTIVE MARKET,True,,"v5 intelligence blend from stats.wnba.com+player_intelligence: season + recent form, usage, efficiency, minutes, pace, role score, and price lean. Intelligence: role 88.2, minutes STABLE, points STABLE.",Portland Fire @ Golden State Valkyries,Golden State Valkyries,Portland Fire,"[25.1, 24.2, 23.3, 22.4, 21.5]","[""ATL"", ""CHI"", ""DAL"", ""IND"", ""SEA""]",0.8,0.9,"[24.7, 23.8, 22.9, 21.9, 25.1]",9,88.2,STABLE,STABLE,wnba_player_intelligence
Kayla McBride,Minnesota Lynx,New York Liberty @ Minnesota Lynx,G,PTS,17.6,19.0,15.5,22.5,15.5-22.5,17.5,-107.0,-122.5,,,1.5,OVER,MED,0.544,0.5169,0.0524,5.2,0.014,ACTIVE,ACTIVE MARKET,True,,"v5 intelligence blend from stats.wnba.com+player_intelligence: season + recent form, usage, efficiency, minutes, pace, role score, and price lean. Intelligence: role 99.9, minutes STABLE, points STABLE.",New York Liberty @ Minnesota Lynx,Minnesota Lynx,New York Liberty,"[19.4, 18.6, 17.6, 20.8, 19.9]","[""ATL"", ""CHI"", ""DAL"", ""IND"", ""SEA""]",1.0,0.9,"[19.9, 19.0, 18.1, 17.2, 20.4]",14,99.9,STABLE,STABLE,wnba_player_intelligence
Veronica Burton,Golden State Valkyries,Portland Fire @ Golden State Valkyries,G,PA,17.7,18.7,15.2,22.2,15.2-22.2,20.5,-120.5,-112.0,,,-1.8,UNDER,MED,0.5518,0.5283,0.0445,4.5,0.0125,ACTIVE,ACTIVE MARKET,True,,"v5 intelligence blend from stats.wnba.com+player_intelligence: season + recent form, usage, efficiency, minutes, pace, role score, and price lean. Intelligence: role 93.7, minutes STABLE, points STABLE.",Portland Fire @ Golden State Valkyries,Golden State Valkyries,Portland Fire,"[19.6, 18.7, 17.8, 16.9, 20.1]","[""ATL"", ""CHI"", ""DAL"", ""IND"", ""SEA""]",1.0,0.9,"[19.1, 18.2, 17.3, 20.5, 19.6]",9,93.7,STABLE,STABLE,wnba_player_intelligence
Breanna Stewart,New York Liberty,New York Liberty @ Minnesota Lynx,F,RA,11.7,13.1,9.6,16.6,9.6-16.6,11.5,-110.0,-131.5,,,1.6,OVER,MED,0.5466,0.5238,0.0435,4.3,0.012,ACTIVE,ACTIVE MARKET,True,,"v5 intelligence blend from stats.wnba.com+player_intelligence: season + recent form, usage, efficiency, minutes, pace, role score, and price lean. Intelligence: role 100.0, minutes STABLE, points STABLE.",New York Liberty @ Minnesota Lynx,Minnesota Lynx,New York Liberty,"[11.8, 14.9, 14.0, 13.1, 12.2]","[""ATL"", ""CHI"", ""DAL"", ""IND"", ""SEA""]",1.0,0.9,"[12.2, 11.3, 14.4, 13.5, 12.7]",14,100.0,STABLE,STABLE,wnba_player_intelligence
Jonquel Jones,New York Liberty,New York Liberty @ Minnesota Lynx,C,PA,17.2,18.6,15.1,22.1,15.1-22.1,17.5,-105.0,-128.0,,,1.1,OVER,MED,0.5336,0.5122,0.0418,4.2,0.011,ACTIVE,ACTIVE MARKET,True,,"v5 intelligence blend from stats.wnba.com+player_intelligence: season + recent form, usage, efficiency, minutes, pace, role score, and price lean. Intelligence: role 89.6, minutes STABLE, points STABLE.",New York Liberty @ Minnesota Lynx,Minnesota Lynx,New York Liberty,"[17.2, 20.4, 19.5, 18.6, 17.7]","[""ATL"", ""CHI"", ""DAL"", ""IND"", ""SEA""]",0.8,0.7,"[17.7, 16.8, 20.0, 19.1, 18.2]",14,89.6,STABLE,STABLE,wnba_player_intelligence
Veronica Burton,Golden State Valkyries,Portland Fire @ Golden State Valkyries,G,PR,15.5,16.2,12.7,19.7,12.7-19.7,17.5,-125.0,-109.0,,,-1.3,UNDER,MED,0.5388,0.5215,0.0331,3.3,0.009,ACTIVE,ACTIVE MARKET,True,,"v5 intelligence blend from stats.wnba.com+player_intelligence: season + recent form, usage, efficiency, minutes, pace, role score, and price lean. Intelligence: role 93.7, minutes STABLE, points STABLE.",Portland Fire @ Golden State Valkyries,Golden State Valkyries,Portland Fire,"[16.6, 15.8, 14.8, 18.0, 17.1]","[""ATL"", ""CHI"", ""DAL"", ""IND"", ""SEA""]",0.8,0.8,"[16.2, 15.3, 14.4, 17.6, 16.6]",9,93.7,STABLE,STABLE,wnba_player_intelligence
Natasha Howard,Minnesota Lynx,New York Liberty @ Minnesota Lynx,F,PRA,25.4,22.2,18.7,25.7,18.7-25.7,21.5,-103.0,-132.0,,,0.7,OVER,MED,0.5232,0.5074,0.0312,3.1,0.008,ACTIVE,ACTIVE MARKET,True,,"v5 intelligence blend from stats.wnba.com+player_intelligence: season + recent form, usage, efficiency, minutes, pace, role score, and price lean. Intelligence: role 88.0, minutes DOWN, points DOWN.",New York Liberty @ Minnesota Lynx,Minnesota Lynx,New York Liberty,"[23.6, 22.6, 21.8, 20.8, 24.0]","[""ATL"", ""CHI"", ""DAL"", ""IND"", ""SEA""]",0.8,0.7,"[24.0, 23.1, 22.2, 21.3, 20.4]",14,88.0,DOWN,DOWN,wnba_player_intelligence
Courtney Williams,Minnesota Lynx,New York Liberty @ Minnesota Lynx,G,PA,18.7,17.9,14.4,21.4,14.4-21.4,17.5,100.0,-132.0,,,0.4,OVER,MED,0.5154,0.5,0.0308,3.1,0.0077,ACTIVE,ACTIVE MARKET,True,,"v5 intelligence blend from stats.wnba.com+player_intelligence: season + recent form, usage, efficiency, minutes, pace, role score, and price lean. Intelligence: role 88.0, minutes DOWN, points STABLE.",New York Liberty @ Minnesota Lynx,Minnesota Lynx,New York Liberty,"[18.8, 17.9, 17.0, 16.1, 19.2]","[""ATL"", ""CHI"", ""DAL"", ""IND"", ""SEA""]",0.6,0.6,"[19.2, 18.3, 17.4, 16.5, 19.7]",14,88.0,DOWN,STABLE,wnba_player_intelligence
Kayla McBride,Minnesota Lynx,New York Liberty @ Minnesota Lynx,G,PA,19.8,21.1,17.6,24.6,17.6-24.6,19.5,-113.0,-118.5,,,1.6,OVER,MED,0.5466,0.5305,0.0303,3.0,0.0086,ACTIVE,ACTIVE MARKET,True,,"v5 intelligence blend from stats.wnba.com+player_intelligence: season + recent form, usage, efficiency, minutes, pace, role score, and price lean. Intelligence: role 99.9, minutes STABLE, points STABLE.",New York Liberty @ Minnesota Lynx,Minnesota Lynx,New York Liberty,"[22.0, 21.1, 20.2, 19.3, 22.5]","[""ATL"", ""CHI"", ""DAL"", ""IND"", ""SEA""]",0.8,0.9,"[22.5, 21.6, 20.7, 19.8, 22.9]",14,99.9,STABLE,STABLE,wnba_player_intelligence
Lexie Hull,Indiana Fever,Indiana Fever @ Toronto Tempo,G,PR,8.8,7.1,3.6,10.6,3.6-10.6,8.5,-122.0,-111.0,,,-1.4,UNDER,MED,0.5414,0.5261,0.0291,2.9,0.0081,ACTIVE,ACTIVE MARKET,True,,"v5 intelligence blend from stats.wnba.com+player_intelligence: season + recent form, usage, efficiency, minutes, pace, role score, and price lean. Intelligence: role 66.8, minutes STABLE, points STABLE.",Indiana Fever @ Toronto Tempo,Toronto Tempo,Indiana Fever,"[7.5, 6.6, 5.8, 8.9, 8.0]","[""ATL"", ""CHI"", ""DAL"", ""IND"", ""SEA""]",0.8,0.9,"[6.6, 5.8, 8.9, 8.0, 7.1]",8,66.8,STABLE,STABLE,wnba_player_intelligence
Kayla McBride,Minnesota Lynx,New York Liberty @ Minnesota Lynx,G,PRA,23.2,23.9,20.4,27.4,20.4-27.4,22.5,-112.0,-120.5,,,1.4,OVER,MED,0.5414,0.5283,0.0248,2.5,0.0069,ACTIVE,ACTIVE MARKET,True,,"v5 intelligence blend from stats.wnba.com+player_intelligence: season + recent form, usage, efficiency, minutes, pace, role score, and price lean. Intelligence: role 99.9, minutes STABLE, points STABLE.",New York Liberty @ Minnesota Lynx,Minnesota Lynx,New York Liberty,"[23.4, 22.5, 25.7, 24.8, 23.9]","[""ATL"", ""CHI"", ""DAL"", ""IND"", ""SEA""]",0.8,0.8,"[23.9, 23.0, 22.1, 25.2, 24.3]",14,99.9,STABLE,STABLE,wnba_player_intelligence
Natasha Howard,Minnesota Lynx,New York Liberty @ Minnesota Lynx,F,PA,17.9,15.6,12.1,19.1,12.1-19.1,14.5,-109.0,-125.0,,,1.1,OVER,MED,0.5336,0.5215,0.0231,2.3,0.0063,ACTIVE,ACTIVE MARKET,True,,"v5 intelligence blend from stats.wnba.com+player_intelligence: season + recent form, usage, efficiency, minutes, pace, role score, and price lean. Intelligence: role 88.0, minutes DOWN, points DOWN.",New York Liberty @ Minnesota Lynx,Minnesota Lynx,New York Liberty,"[14.2, 17.4, 16.5, 15.6, 14.7]","[""ATL"", ""CHI"", ""DAL"", ""IND"", ""SEA""]",0.8,0.7,"[14.7, 13.8, 16.9, 16.1, 15.2]",14,88.0,DOWN,DOWN,wnba_player_intelligence
Leonie Fiebich,New York Liberty,New York Liberty @ Minnesota Lynx,F,RA,4.8,6.3,2.8,9.8,2.8-9.8,5.5,-106.0,-128.0,,,0.8,OVER,MED,0.5258,0.5146,0.0218,2.2,0.0058,ACTIVE,ACTIVE MARKET,True,,"v5 intelligence blend from stats.wnba.com+player_intelligence: season + recent form, usage, efficiency, minutes, pace, role score, and price lean. Intelligence: role 100.0, minutes UP, points UP.",New York Liberty @ Minnesota Lynx,Minnesota Lynx,New York Liberty,"[8.1, 7.2, 6.3, 5.4, 4.5]","[""ATL"", ""CHI"", ""DAL"", ""IND"", ""SEA""]",0.6,0.7,"[4.5, 7.7, 6.8, 5.8, 4.9]",14,100.0,UP,UP,wnba_player_intelligence
Lexie Hull,Indiana Fever,Indiana Fever @ Toronto Tempo,G,PRA,9.5,7.8,4.3,11.3,4.3-11.3,9.5,-116.0,-117.0,,,-1.7,UNDER,MED,0.5492,0.5392,0.0186,1.9,0.0054,ACTIVE,ACTIVE MARKET,True,,"v5 intelligence blend from stats.wnba.com+player_intelligence: season + recent form, usage, efficiency, minutes, pace, role score, and price lean. Intelligence: role 66.8, minutes STABLE, points STABLE.",Indiana Fever @ Toronto Tempo,Toronto Tempo,Indiana Fever,"[7.3, 6.4, 9.6, 8.7, 7.8]","[""ATL"", ""CHI"", ""DAL"", ""IND"", ""SEA""]",0.8,0.9,"[6.4, 9.6, 8.7, 7.8, 6.9]",8,66.8,STABLE,STABLE,wnba_player_intelligence
Natasha Howard,Minnesota Lynx,New York Liberty @ Minnesota Lynx,F,PTS,14.8,12.5,9.0,16.0,9.0-16.0,11.5,-109.0,-120.5,,,1.0,OVER,MED,0.531,0.5215,0.0182,1.8,0.0049,ACTIVE,ACTIVE MARKET,True,,"v5 intelligence blend from stats.wnba.com+player_intelligence: season + recent form, usage, efficiency, minutes, pace, role score, and price lean. Intelligence: role 88.0, minutes DOWN, points DOWN.",New York Liberty @ Minnesota Lynx,Minnesota Lynx,New York Liberty,"[10.7, 13.8, 12.9, 12.1, 11.2]","[""ATL"", ""CHI"", ""DAL"", ""IND"", ""SEA""]",0.6,0.7,"[11.2, 14.3, 13.4, 12.5, 11.6]",14,88.0,DOWN,DOWN,wnba_player_intelligence
Veronica Burton,Golden State Valkyries,Portland Fire @ Golden State Valkyries,G,PTS,12.2,12.8,9.3,16.3,9.3-16.3,13.5,-125.0,-106.0,,,-0.7,UNDER,MED,0.5232,0.5146,0.0168,1.7,0.0044,ACTIVE,ACTIVE MARKET,True,,"v5 intelligence blend from stats.wnba.com+player_intelligence: season + recent form, usage, efficiency, minutes, pace, role score, and price lean. Intelligence: role 93.7, minutes STABLE, points STABLE.",Portland Fire @ Golden State Valkyries,Golden State Valkyries,Portland Fire,"[13.2, 12.4, 11.5, 14.6, 13.7]","[""ATL"", ""CHI"", ""DAL"", ""IND"", ""SEA""]",0.6,0.7,"[12.8, 11.9, 11.0, 14.2, 13.2]",9,93.7,STABLE,STABLE,wnba_player_intelligence
Nyara Sabally,Toronto Tempo,Indiana Fever @ Toronto Tempo,F,PR,16.1,17.0,13.5,20.5,13.5-20.5,17.5,-130.0,-104.0,,,-0.5,UNDER,MED,0.518,0.5098,0.0161,1.6,0.0042,BENEFICIARY,ACTIVE MARKET,True,Minutes/usage redistributed from unavailable teammates,"v5 intelligence blend from stats.wnba.com+player_intelligence: season + recent form, usage, efficiency, minutes, pace, role score, and price lean. Intelligence: role 74.1, minutes STABLE, points UP.",Indiana Fever @ Toronto Tempo,Toronto Tempo,Indiana Fever,"[15.7, 18.8, 17.9, 17.0, 16.1]","[""ATL"", ""CHI"", ""DAL"", ""IND"", ""SEA""]",0.6,0.7,"[18.8, 17.9, 17.0, 16.1, 15.2]",8,74.1,STABLE,UP,wnba_player_intelligence
Jonquel Jones,New York Liberty,New York Liberty @ Minnesota Lynx,C,AST,2.8,3.9,0.4,7.4,0.4-7.4,2.5,-115.0,-118.0,,,1.4,OVER,MED,0.5414,0.5349,0.0122,1.2,0.0035,ACTIVE,ACTIVE MARKET,True,,"v5 intelligence blend from stats.wnba.com+player_intelligence: season + recent form, usage, efficiency, minutes, pace, role score, and price lean. Intelligence: role 89.6, minutes STABLE, points STABLE.",New York Liberty @ Minnesota Lynx,Minnesota Lynx,New York Liberty,"[3.4, 2.5, 5.7, 4.8, 3.9]","[""ATL"", ""CHI"", ""DAL"", ""IND"", ""SEA""]",0.8,0.8,"[3.9, 3.0, 2.1, 5.2, 4.3]",14,89.6,STABLE,STABLE,wnba_player_intelligence
Laura Juskaite,Toronto Tempo,Indiana Fever @ Toronto Tempo,F,RA,5.6,6.1,2.6,9.6,2.6-9.6,6.5,-130.0,-104.0,,,-0.4,UNDER,MED,0.5154,0.5098,0.011,1.1,0.0029,BENEFICIARY,ACTIVE MARKET,True,Minutes/usage redistributed from unavailable teammates,"v5 intelligence blend from stats.wnba.com+player_intelligence: season + recent form, usage, efficiency, minutes, pace, role score, and price lean. Intelligence: role 89.6, minutes UP, points UP.",Indiana Fever @ Toronto Tempo,Toronto Tempo,Indiana Fever,"[4.8, 7.9, 7.0, 6.1, 5.2]","[""ATL"", ""CHI"", ""DAL"", ""IND"", ""SEA""]",0.6,0.6,"[7.9, 7.0, 6.1, 5.2, 4.3]",8,89.6,UP,UP,wnba_player_intelligence
Kayla McBride,Minnesota Lynx,New York Liberty @ Minnesota Lynx,G,PR,21.0,21.8,18.3,25.3,18.3-25.3,20.5,-115.0,-118.0,,,1.3,OVER,MED,0.5388,0.5349,0.0073,0.7,0.0021,ACTIVE,ACTIVE MARKET,True,,"v5 intelligence blend from stats.wnba.com+player_intelligence: season + recent form, usage, efficiency, minutes, pace, role score, and price lean. Intelligence: role 99.9, minutes STABLE, points STABLE.",New York Liberty @ Minnesota Lynx,Minnesota Lynx,New York Liberty,"[22.2, 21.4, 20.4, 23.6, 22.7]","[""ATL"", ""CHI"", ""DAL"", ""IND"", ""SEA""]",0.8,0.8,"[22.7, 21.8, 20.9, 20.0, 23.2]",14,99.9,STABLE,STABLE,wnba_player_intelligence
Carla Leite,Portland Fire,Portland Fire @ Golden State Valkyries,G,PTS,15.3,16.3,12.8,19.8,12.8-19.8,15.5,-110.0,-132.0,,,0.8,OVER,MED,0.5258,0.5238,0.0038,0.4,0.001,ACTIVE,ACTIVE MARKET,True,,"v5 intelligence blend from stats.wnba.com+player_intelligence: season + recent form, usage, efficiency, minutes, pace, role score, and price lean. Intelligence: role 88.2, minutes STABLE, points STABLE.",Portland Fire @ Golden State Valkyries,Golden State Valkyries,Portland Fire,"[17.7, 16.8, 15.9, 15.0, 18.1]","[""ATL"", ""CHI"", ""DAL"", ""IND"", ""SEA""]",0.8,0.7,"[17.2, 16.3, 15.4, 14.5, 17.7]",9,88.2,STABLE,STABLE,wnba_player_intelligence
Olivia Miles,Minnesota Lynx,New York Liberty @ Minnesota Lynx,G,PA,24.2,24.6,21.1,28.1,21.1-28.1,26.5,-108.5,-124.0,,,-1.9,UNDER,MED,0.5544,0.5536,0.0015,0.1,0.0005,ACTIVE,ACTIVE MARKET,True,,"v5 intelligence blend from stats.wnba.com+player_intelligence: season + recent form, usage, efficiency, minutes, pace, role score, and price lean. Intelligence: role 93.5, minutes STABLE, points STABLE.",New York Liberty @ Minnesota Lynx,Minnesota Lynx,New York Liberty,"[22.8, 26.0, 25.1, 24.2, 23.2]","[""ATL"", ""CHI"", ""DAL"", ""IND"", ""SEA""]",1.0,1.0,"[23.2, 26.4, 25.5, 24.6, 23.7]",14,93.5,STABLE,STABLE,wnba_player_intelligence
Courtney Williams,Minnesota Lynx,New York Liberty @ Minnesota Lynx,G,PA,18.7,17.9,14.4,21.4,14.4-21.4,16.5,-118.0,-115.0,,,1.4,OVER,MED,0.5414,0.5413,0.0002,0.0,0.0001,ACTIVE,ACTIVE MARKET,True,,"v5 intelligence blend from stats.wnba.com+player_intelligence: season + recent form, usage, efficiency, minutes, pace, role score, and price lean. Intelligence: role 88.0, minutes DOWN, points STABLE.",New York Liberty @ Minnesota Lynx,Minnesota Lynx,New York Liberty,"[18.8, 17.9, 17.0, 16.1, 19.2]","[""ATL"", ""CHI"", ""DAL"", ""IND"", ""SEA""]",0.8,0.8,"[19.2, 18.3, 17.4, 16.5, 19.7]",14,88.0,DOWN,STABLE,wnba_player_intelligence
Courtney Williams,Minnesota Lynx,New York Liberty @ Minnesota Lynx,G,PRA,23.6,22.2,18.7,25.7,18.7-25.7,21.5,-112.0,-118.0,,,0.7,OVER,MED,0.5232,0.5283,-0.0097,-1.0,0.0,ACTIVE,ACTIVE MARKET,True,,"v5 intelligence blend from stats.wnba.com+player_intelligence: season + recent form, usage, efficiency, minutes, pace, role score, and price lean. Intelligence: role 88.0, minutes DOWN, points STABLE.",New York Liberty @ Minnesota Lynx,Minnesota Lynx,New York Liberty,"[21.8, 20.8, 24.0, 23.1, 22.2]","[""ATL"", ""CHI"", ""DAL"", ""IND"", ""SEA""]",0.8,0.7,"[22.2, 21.3, 20.4, 23.6, 22.6]",14,88.0,DOWN,STABLE,wnba_player_intelligence
Nyara Sabally,Toronto Tempo,Indiana Fever @ Toronto Tempo,F,PA,13.1,14.1,10.6,17.6,10.6-17.6,14.5,-125.0,-109.0,,,-0.4,UNDER,MED,0.5154,0.5215,-0.0118,-1.2,0.0,BENEFICIARY,ACTIVE MARKET,True,Minutes/usage redistributed from unavailable teammates,"v5 intelligence blend from stats.wnba.com+player_intelligence: season + recent form, usage, efficiency, minutes, pace, role score, and price lean. Intelligence: role 74.1, minutes STABLE, points UP.",Indiana Fever @ Toronto Tempo,Toronto Tempo,Indiana Fever,"[13.2, 12.3, 15.4, 14.5, 13.7]","[""ATL"", ""CHI"", ""DAL"", ""IND"", ""SEA""]",0.6,0.6,"[12.3, 15.4, 14.5, 13.7, 12.8]",8,74.1,STABLE,UP,wnba_player_intelligence
Caitlin Clark,Indiana Fever,Indiana Fever @ Toronto Tempo,G,PRA,31.9,34.7,31.2,38.2,31.2-38.2,36.5,-112.0,-119.5,,,-1.8,UNDER,MED,0.5368,0.5444,-0.014,-1.4,0.0,PROBABLE,ACTIVE MARKET,True,Injury/Illness - Back; Back; matchup=(ET) IND@TOR; game_time=07:30,"v5 intelligence blend from stats.wnba.com+player_intelligence: season + recent form, usage, efficiency, minutes, pace, role score, and price lean. Intelligence: role 93.0, minutes STABLE, points UP. Injury status PROBABLE applied.",Indiana Fever @ Toronto Tempo,Toronto Tempo,Indiana Fever,"[36.5, 35.6, 34.7, 33.8, 32.9]","[""ATL"", ""CHI"", ""DAL"", ""IND"", ""SEA""]",0.8,0.8,"[35.6, 34.7, 33.8, 32.9, 36.1]",8,93.0,STABLE,UP,wnba_player_intelligence
Jonquel Jones,New York Liberty,New York Liberty @ Minnesota Lynx,C,PRA,26.0,27.2,23.7,30.7,23.7-30.7,26.5,-113.5,-117.0,,,0.7,OVER,MED,0.5232,0.5316,-0.0158,-1.6,0.0,ACTIVE,ACTIVE MARKET,True,,"v5 intelligence blend from stats.wnba.com+player_intelligence: season + recent form, usage, efficiency, minutes, pace, role score, and price lean. Intelligence: role 89.6, minutes STABLE, points STABLE.",New York Liberty @ Minnesota Lynx,Minnesota Lynx,New York Liberty,"[28.6, 27.6, 26.8, 25.8, 29.0]","[""ATL"", ""CHI"", ""DAL"", ""IND"", ""SEA""]",0.8,0.7,"[29.0, 28.1, 27.2, 26.3, 25.4]",14,89.6,STABLE,STABLE,wnba_player_intelligence
Courtney Williams,Minnesota Lynx,New York Liberty @ Minnesota Lynx,G,RA,9.1,8.9,5.4,12.4,5.4-12.4,8.5,-110.0,-132.5,,,0.4,OVER,MED,0.5154,0.5238,-0.0161,-1.6,0.0,ACTIVE,ACTIVE MARKET,True,,"v5 intelligence blend from stats.wnba.com+player_intelligence: season + recent form, usage, efficiency, minutes, pace, role score, and price lean. Intelligence: role 88.0, minutes DOWN, points STABLE.",New York Liberty @ Minnesota Lynx,Minnesota Lynx,New York Liberty,"[10.7, 9.8, 8.9, 8.0, 7.1]","[""ATL"", ""CHI"", ""DAL"", ""IND"", ""SEA""]",0.6,0.6,"[7.1, 10.2, 9.3, 8.5, 7.6]",14,88.0,DOWN,STABLE,wnba_player_intelligence
Veronica Burton,Golden State Valkyries,Portland Fire @ Golden State Valkyries,G,PTS,12.2,12.7,9.2,16.2,9.2-16.2,14.5,-102.0,-128.0,,,-1.8,UNDER,MED,0.5518,0.5614,-0.0171,-1.7,0.0,ACTIVE,ACTIVE MARKET,True,,"v5 intelligence blend from stats.wnba.com+player_intelligence: season + recent form, usage, efficiency, minutes, pace, role score, and price lean. Intelligence: role 93.7, minutes STABLE, points STABLE.",Portland Fire @ Golden State Valkyries,Golden State Valkyries,Portland Fire,"[13.1, 12.2, 11.3, 14.5, 13.6]","[""ATL"", ""CHI"", ""DAL"", ""IND"", ""SEA""]",0.8,0.9,"[12.7, 11.8, 10.9, 14.0, 13.1]",9,93.7,STABLE,STABLE,wnba_player_intelligence
Kelsey Mitchell,Indiana Fever,Indiana Fever @ Toronto Tempo,G,PR,24.9,28.5,25.0,32.0,25.0-32.0,27.5,-118.0,-115.0,,,1.0,OVER,MED,0.531,0.5413,-0.019,-1.9,0.0,ACTIVE,ACTIVE MARKET,True,,"v5 intelligence blend from stats.wnba.com+player_intelligence: season + recent form, usage, efficiency, minutes, pace, role score, and price lean. Intelligence: role 98.1, minutes STABLE, points UP.",Indiana Fever @ Toronto Tempo,Toronto Tempo,Indiana Fever,"[28.9, 28.1, 27.1, 30.3, 29.4]","[""ATL"", ""CHI"", ""DAL"", ""IND"", ""SEA""]",0.8,0.8,"[28.1, 27.1, 30.3, 29.4, 28.5]",8,98.1,STABLE,UP,wnba_player_intelligence
Laura Juskaite,Toronto Tempo,Indiana Fever @ Toronto Tempo,F,PTS,9.9,12.8,9.3,16.3,9.3-16.3,11.5,-122.0,-108.0,,,1.3,OVER,MED,0.5388,0.5495,-0.0196,-2.0,0.0,BENEFICIARY,ACTIVE MARKET,True,Minutes/usage redistributed from unavailable teammates,"v5 intelligence blend from stats.wnba.com+player_intelligence: season + recent form, usage, efficiency, minutes, pace, role score, and price lean. Intelligence: role 89.6, minutes UP, points UP.",Indiana Fever @ Toronto Tempo,Toronto Tempo,Indiana Fever,"[14.2, 13.2, 12.4, 11.5, 14.6]","[""ATL"", ""CHI"", ""DAL"", ""IND"", ""SEA""]",0.8,0.8,"[13.2, 12.4, 11.5, 14.6, 13.7]",8,89.6,UP,UP,wnba_player_intelligence
Olivia Miles,Minnesota Lynx,New York Liberty @ Minnesota Lynx,G,PTS,18.6,19.1,15.6,22.6,15.6-22.6,19.5,-117.5,-111.5,,,-0.4,UNDER,MED,0.5154,0.5272,-0.0224,-2.2,0.0,ACTIVE,ACTIVE MARKET,True,,"v5 intelligence blend from stats.wnba.com+player_intelligence: season + recent form, usage, efficiency, minutes, pace, role score, and price lean. Intelligence: role 93.5, minutes STABLE, points STABLE.",New York Liberty @ Minnesota Lynx,Minnesota Lynx,New York Liberty,"[20.9, 20.0, 19.1, 18.2, 17.3]","[""ATL"", ""CHI"", ""DAL"", ""IND"", ""SEA""]",0.6,0.5,"[17.3, 20.5, 19.6, 18.7, 17.8]",14,93.5,STABLE,STABLE,wnba_player_intelligence
Kelsey Mitchell,Indiana Fever,Indiana Fever @ Toronto Tempo,G,PTS,23.3,26.7,23.2,30.2,23.2-30.2,25.5,-121.5,-108.0,,,1.2,OVER,MED,0.5362,0.5485,-0.0225,-2.2,0.0,ACTIVE,ACTIVE MARKET,True,,"v5 intelligence blend from stats.wnba.com+player_intelligence: season + recent form, usage, efficiency, minutes, pace, role score, and price lean. Intelligence: role 98.1, minutes STABLE, points UP.",Indiana Fever @ Toronto Tempo,Toronto Tempo,Indiana Fever,"[27.1, 26.2, 25.3, 28.5, 27.6]","[""ATL"", ""CHI"", ""DAL"", ""IND"", ""SEA""]",0.8,0.8,"[26.2, 25.3, 28.5, 27.6, 26.7]",8,98.1,STABLE,UP,wnba_player_intelligence
Natasha Howard,Minnesota Lynx,New York Liberty @ Minnesota Lynx,F,PR,22.3,19.1,15.6,22.6,15.6-22.6,18.5,-114.0,-114.0,,,0.6,OVER,MED,0.5206,0.5327,-0.0227,-2.3,0.0,ACTIVE,ACTIVE MARKET,True,,"v5 intelligence blend from stats.wnba.com+player_intelligence: season + recent form, usage, efficiency, minutes, pace, role score, and price lean. Intelligence: role 88.0, minutes DOWN, points DOWN.",New York Liberty @ Minnesota Lynx,Minnesota Lynx,New York Liberty,"[17.3, 20.5, 19.6, 18.7, 17.8]","[""ATL"", ""CHI"", ""DAL"", ""IND"", ""SEA""]",0.6,0.6,"[17.8, 20.9, 20.0, 19.1, 18.2]",14,88.0,DOWN,DOWN,wnba_player_intelligence
Olivia Miles,Minnesota Lynx,New York Liberty @ Minnesota Lynx,G,PRA,29.2,29.9,26.4,33.4,26.4-33.4,30.5,-117.0,-114.0,,,-0.6,UNDER,MED,0.5206,0.5327,-0.0227,-2.3,0.0,ACTIVE,ACTIVE MARKET,True,,"v5 intelligence blend from stats.wnba.com+player_intelligence: season + recent form, usage, efficiency, minutes, pace, role score, and price lean. Intelligence: role 93.5, minutes STABLE, points STABLE.",New York Liberty @ Minnesota Lynx,Minnesota Lynx,New York Liberty,"[30.8, 29.9, 29.0, 28.1, 31.2]","[""ATL"", ""CHI"", ""DAL"", ""IND"", ""SEA""]",0.6,0.6,"[31.2, 30.3, 29.4, 28.5, 31.7]",14,93.5,STABLE,STABLE,wnba_player_intelligence
Courtney Williams,Minnesota Lynx,New York Liberty @ Minnesota Lynx,G,PRA,23.6,22.3,18.8,25.8,18.8-25.8,20.5,-130.0,-105.0,,,1.8,OVER,MED,0.5518,0.5652,-0.0237,-2.4,0.0,ACTIVE,ACTIVE MARKET,True,,"v5 intelligence blend from stats.wnba.com+player_intelligence: season + recent form, usage, efficiency, minutes, pace, role score, and price lean. Intelligence: role 88.0, minutes DOWN, points STABLE.",New York Liberty @ Minnesota Lynx,Minnesota Lynx,New York Liberty,"[21.9, 20.9, 24.1, 23.2, 22.3]","[""ATL"", ""CHI"", ""DAL"", ""IND"", ""SEA""]",1.0,0.9,"[22.3, 21.4, 20.5, 23.7, 22.8]",14,88.0,DOWN,STABLE,wnba_player_intelligence
Veronica Burton,Golden State Valkyries,Portland Fire @ Golden State Valkyries,G,RA,8.7,9.5,6.0,13.0,6.0-13.0,10.5,-111.0,-119.5,,,-1.0,UNDER,MED,0.531,0.5444,-0.0246,-2.5,0.0,ACTIVE,ACTIVE MARKET,True,,"v5 intelligence blend from stats.wnba.com+player_intelligence: season + recent form, usage, efficiency, minutes, pace, role score, and price lean. Intelligence: role 93.7, minutes STABLE, points STABLE.",Portland Fire @ Golden State Valkyries,Golden State Valkyries,Portland Fire,"[11.3, 10.4, 9.5, 8.6, 7.7]","[""ATL"", ""CHI"", ""DAL"", ""IND"", ""SEA""]",0.8,0.7,"[10.8, 9.9, 9.1, 8.2, 11.3]",9,93.7,STABLE,STABLE,wnba_player_intelligence
Caitlin Clark,Indiana Fever,Indiana Fever @ Toronto Tempo,G,PA,28.1,30.8,27.3,34.3,27.3-34.3,32.5,-109.0,-121.5,,,-1.7,UNDER,MED,0.5342,0.5485,-0.0261,-2.6,0.0,PROBABLE,ACTIVE MARKET,True,Injury/Illness - Back; Back; matchup=(ET) IND@TOR; game_time=07:30,"v5 intelligence blend from stats.wnba.com+player_intelligence: season + recent form, usage, efficiency, minutes, pace, role score, and price lean. Intelligence: role 93.0, minutes STABLE, points UP. Injury status PROBABLE applied.",Indiana Fever @ Toronto Tempo,Toronto Tempo,Indiana Fever,"[29.9, 29.0, 32.1, 31.2, 30.4]","[""ATL"", ""CHI"", ""DAL"", ""IND"", ""SEA""]",1.0,0.9,"[29.0, 32.1, 31.2, 30.4, 29.4]",8,93.0,STABLE,UP,wnba_player_intelligence
Courtney Williams,Minnesota Lynx,New York Liberty @ Minnesota Lynx,G,PTS,14.5,13.2,9.7,16.7,9.7-16.7,12.5,-116.5,-112.5,,,0.7,OVER,MED,0.5232,0.5381,-0.0277,-2.8,0.0,ACTIVE,ACTIVE MARKET,True,,"v5 intelligence blend from stats.wnba.com+player_intelligence: season + recent form, usage, efficiency, minutes, pace, role score, and price lean. Intelligence: role 88.0, minutes DOWN, points STABLE.",New York Liberty @ Minnesota Lynx,Minnesota Lynx,New York Liberty,"[13.6, 12.8, 11.8, 15.0, 14.1]","[""ATL"", ""CHI"", ""DAL"", ""IND"", ""SEA""]",0.8,0.7,"[14.1, 13.2, 12.3, 11.4, 14.5]",14,88.0,DOWN,STABLE,wnba_player_intelligence
Natasha Howard,Minnesota Lynx,New York Liberty @ Minnesota Lynx,F,PR,22.3,19.2,15.7,22.7,15.7-22.7,17.5,-131.0,-104.0,,,1.7,OVER,MED,0.5492,0.5671,-0.0316,-3.2,0.0,ACTIVE,ACTIVE MARKET,True,,"v5 intelligence blend from stats.wnba.com+player_intelligence: season + recent form, usage, efficiency, minutes, pace, role score, and price lean. Intelligence: role 88.0, minutes DOWN, points DOWN.",New York Liberty @ Minnesota Lynx,Minnesota Lynx,New York Liberty,"[17.4, 20.6, 19.6, 18.8, 17.8]","[""ATL"", ""CHI"", ""DAL"", ""IND"", ""SEA""]",0.8,0.8,"[17.8, 21.0, 20.1, 19.2, 18.3]",14,88.0,DOWN,DOWN,wnba_player_intelligence
Courtney Williams,Minnesota Lynx,New York Liberty @ Minnesota Lynx,G,PR,19.4,17.6,14.1,21.1,14.1-21.1,16.5,-124.0,-110.0,,,1.1,OVER,MED,0.5336,0.5536,-0.0361,-3.6,0.0,ACTIVE,ACTIVE MARKET,True,,"v5 intelligence blend from stats.wnba.com+player_intelligence: season + recent form, usage, efficiency, minutes, pace, role score, and price lean. Intelligence: role 88.0, minutes DOWN, points STABLE.",New York Liberty @ Minnesota Lynx,Minnesota Lynx,New York Liberty,"[18.1, 17.2, 16.2, 19.4, 18.5]","[""ATL"", ""CHI"", ""DAL"", ""IND"", ""SEA""]",0.8,0.8,"[18.5, 17.6, 16.7, 15.8, 19.0]",14,88.0,DOWN,STABLE,wnba_player_intelligence
Lexie Hull,Indiana Fever,Indiana Fever @ Toronto Tempo,G,PTS,5.7,4.3,0.8,7.8,0.8-7.8,5.5,-102.0,-130.0,,,-1.2,UNDER,MED,0.5362,0.5652,-0.0513,-5.1,0.0,ACTIVE,ACTIVE MARKET,True,,"v5 intelligence blend from stats.wnba.com+player_intelligence: season + recent form, usage, efficiency, minutes, pace, role score, and price lean. Intelligence: role 66.8, minutes STABLE, points STABLE.",Indiana Fever @ Toronto Tempo,Toronto Tempo,Indiana Fever,"[4.8, 3.8, 2.9, 6.1, 5.2]","[""ATL"", ""CHI"", ""DAL"", ""IND"", ""SEA""]",0.8,0.8,"[3.8, 2.9, 6.1, 5.2, 4.3]",8,66.8,STABLE,STABLE,wnba_player_intelligence
Napheesa Collier,Minnesota Lynx,New York Liberty @ Minnesota Lynx,F,RA,10.5,10.6,7.1,14.1,7.1-14.1,9.5,-129.5,-103.5,,,1.1,OVER,MED,0.5336,0.5643,-0.0544,-5.4,0.0,ACTIVE,ACTIVE MARKET,True,,"v5 intelligence blend from stats.wnba.com+player_intelligence: season + recent form, usage, efficiency, minutes, pace, role score, and price lean. Intelligence: role 83.0, minutes STABLE, points STABLE.",New York Liberty @ Minnesota Lynx,Minnesota Lynx,New York Liberty,"[11.9, 11.0, 10.2, 9.2, 12.4]","[""ATL"", ""CHI"", ""DAL"", ""IND"", ""SEA""]",0.8,0.8,"[12.4, 11.5, 10.6, 9.7, 8.8]",14,83.0,STABLE,STABLE,wnba_player_intelligence
Napheesa Collier,Minnesota Lynx,New York Liberty @ Minnesota Lynx,F,PA,21.5,21.6,18.1,25.1,18.1-25.1,20.5,-130.0,-102.0,,,1.1,OVER,MED,0.5336,0.5652,-0.0559,-5.6,0.0,ACTIVE,ACTIVE MARKET,True,,"v5 intelligence blend from stats.wnba.com+player_intelligence: season + recent form, usage, efficiency, minutes, pace, role score, and price lean. Intelligence: role 83.0, minutes STABLE, points STABLE.",New York Liberty @ Minnesota Lynx,Minnesota Lynx,New York Liberty,"[22.1, 21.2, 20.2, 23.4, 22.5]","[""ATL"", ""CHI"", ""DAL"", ""IND"", ""SEA""]",0.8,0.8,"[22.5, 21.6, 20.7, 19.8, 23.0]",14,83.0,STABLE,STABLE,wnba_player_intelligence
Kiki Rice,Toronto Tempo,Indiana Fever @ Toronto Tempo,G,REB,4.1,4.0,0.5,7.5,0.5-7.5,3.5,-122.0,-111.0,,,0.5,OVER,MED,0.518,0.5495,-0.0574,-5.7,0.0,BENEFICIARY,ACTIVE MARKET,True,Minutes/usage redistributed from unavailable teammates,"v5 intelligence blend from stats.wnba.com+player_intelligence: season + recent form, usage, efficiency, minutes, pace, role score, and price lean. Intelligence: role 79.7, minutes STABLE, points STABLE.",Indiana Fever @ Toronto Tempo,Toronto Tempo,Indiana Fever,"[5.8, 4.9, 4.0, 3.1, 2.2]","[""ATL"", ""CHI"", ""DAL"", ""IND"", ""SEA""]",0.6,0.6,"[4.9, 4.0, 3.1, 2.2, 5.3]",8,79.7,STABLE,STABLE,wnba_player_intelligence
Kelsey Mitchell,Indiana Fever,Indiana Fever @ Toronto Tempo,G,REB,1.6,2.2,0.0,5.7,0.0-5.7,1.5,-126.0,-108.0,,,0.7,OVER,MED,0.5232,0.5575,-0.0616,-6.2,0.0,ACTIVE,ACTIVE MARKET,True,,"v5 intelligence blend from stats.wnba.com+player_intelligence: season + recent form, usage, efficiency, minutes, pace, role score, and price lean. Intelligence: role 98.1, minutes STABLE, points UP.",Indiana Fever @ Toronto Tempo,Toronto Tempo,Indiana Fever,"[1.3, 0.4, 3.6, 2.7, 1.8]","[""ATL"", ""CHI"", ""DAL"", ""IND"", ""SEA""]",0.6,0.6,"[0.4, 3.6, 2.7, 1.8, 0.9]",8,98.1,STABLE,UP,wnba_player_intelligence
Caitlin Clark,Indiana Fever,Indiana Fever @ Toronto Tempo,G,RA,11.3,12.1,8.6,15.6,8.6-15.6,13.5,-106.0,-128.0,,,-1.4,UNDER,MED,0.5264,0.5614,-0.0624,-6.2,0.0,PROBABLE,ACTIVE MARKET,True,Injury/Illness - Back; Back; matchup=(ET) IND@TOR; game_time=07:30,"v5 intelligence blend from stats.wnba.com+player_intelligence: season + recent form, usage, efficiency, minutes, pace, role score, and price lean. Intelligence: role 93.0, minutes STABLE, points UP. Injury status PROBABLE applied.",Indiana Fever @ Toronto Tempo,Toronto Tempo,Indiana Fever,"[12.1, 11.2, 10.3, 13.4, 12.5]","[""ATL"", ""CHI"", ""DAL"", ""IND"", ""SEA""]",1.0,0.9,"[11.2, 10.3, 13.4, 12.5, 11.7]",8,93.0,STABLE,UP,wnba_player_intelligence
Olivia Miles,Minnesota Lynx,New York Liberty @ Minnesota Lynx,G,RA,10.5,11.1,7.6,14.6,7.6-14.6,10.5,-125.0,-107.5,,,0.6,OVER,MED,0.5206,0.5556,-0.0629,-6.3,0.0,ACTIVE,ACTIVE MARKET,True,,"v5 intelligence blend from stats.wnba.com+player_intelligence: season + recent form, usage, efficiency, minutes, pace, role score, and price lean. Intelligence: role 93.5, minutes STABLE, points STABLE.",New York Liberty @ Minnesota Lynx,Minnesota Lynx,New York Liberty,"[10.2, 9.3, 12.4, 11.5, 10.7]","[""ATL"", ""CHI"", ""DAL"", ""IND"", ""SEA""]",0.6,0.6,"[10.7, 9.8, 12.9, 12.0, 11.1]",14,93.5,STABLE,STABLE,wnba_player_intelligence
Kiki Rice,Toronto Tempo,Indiana Fever @ Toronto Tempo,G,AST,2.6,2.6,0.0,6.1,0.0-6.1,4.5,107.0,-145.0,,,-1.9,UNDER,MED,0.5544,0.5918,-0.0633,-6.3,0.0,BENEFICIARY,ACTIVE MARKET,True,Minutes/usage redistributed from unavailable teammates,"v5 intelligence blend from stats.wnba.com+player_intelligence: season + recent form, usage, efficiency, minutes, pace, role score, and price lean. Intelligence: role 79.7, minutes STABLE, points STABLE.",Indiana Fever @ Toronto Tempo,Toronto Tempo,Indiana Fever,"[3.1, 2.1, 1.2, 4.4, 3.5]","[""ATL"", ""CHI"", ""DAL"", ""IND"", ""SEA""]",1.0,1.0,"[2.1, 1.2, 4.4, 3.5, 2.6]",8,79.7,STABLE,STABLE,wnba_player_intelligence
Jonquel Jones,New York Liberty,New York Liberty @ Minnesota Lynx,C,RA,11.7,12.6,9.1,16.1,9.1-16.1,11.5,-133.0,-110.0,,,1.1,OVER,MED,0.5336,0.5708,-0.0652,-6.5,0.0,ACTIVE,ACTIVE MARKET,True,,"v5 intelligence blend from stats.wnba.com+player_intelligence: season + recent form, usage, efficiency, minutes, pace, role score, and price lean. Intelligence: role 89.6, minutes STABLE, points STABLE.",New York Liberty @ Minnesota Lynx,Minnesota Lynx,New York Liberty,"[12.2, 11.2, 14.4, 13.5, 12.6]","[""ATL"", ""CHI"", ""DAL"", ""IND"", ""SEA""]",0.8,0.8,"[12.6, 11.7, 10.8, 13.9, 13.0]",14,89.6,STABLE,STABLE,wnba_player_intelligence
Kelsey Mitchell,Indiana Fever,Indiana Fever @ Toronto Tempo,G,PA,25.9,29.1,25.6,32.6,25.6-32.6,28.5,-126.5,-106.0,,,0.6,OVER,MED,0.5206,0.5585,-0.0679,-6.8,0.0,ACTIVE,ACTIVE MARKET,True,,"v5 intelligence blend from stats.wnba.com+player_intelligence: season + recent form, usage, efficiency, minutes, pace, role score, and price lean. Intelligence: role 98.1, minutes STABLE, points UP.",Indiana Fever @ Toronto Tempo,Toronto Tempo,Indiana Fever,"[30.0, 29.1, 28.2, 27.3, 30.5]","[""ATL"", ""CHI"", ""DAL"", ""IND"", ""SEA""]",0.6,0.7,"[29.1, 28.2, 27.3, 30.5, 29.6]",8,98.1,STABLE,UP,wnba_player_intelligence
Olivia Miles,Minnesota Lynx,New York Liberty @ Minnesota Lynx,G,PR,23.5,24.3,20.8,27.8,20.8-27.8,23.5,-130.0,-102.0,,,0.8,OVER,MED,0.5258,0.5652,-0.0697,-7.0,0.0,ACTIVE,ACTIVE MARKET,True,,"v5 intelligence blend from stats.wnba.com+player_intelligence: season + recent form, usage, efficiency, minutes, pace, role score, and price lean. Intelligence: role 93.5, minutes STABLE, points STABLE.",New York Liberty @ Minnesota Lynx,Minnesota Lynx,New York Liberty,"[26.1, 25.2, 24.3, 23.4, 22.5]","[""ATL"", ""CHI"", ""DAL"", ""IND"", ""SEA""]",0.6,0.7,"[22.5, 25.7, 24.8, 23.9, 22.9]",14,93.5,STABLE,STABLE,wnba_player_intelligence
Kelsey Mitchell,Indiana Fever,Indiana Fever @ Toronto Tempo,G,PRA,27.4,30.9,27.4,34.4,27.4-34.4,30.5,-124.5,-108.0,,,0.4,OVER,MED,0.5154,0.5546,-0.0706,-7.1,0.0,ACTIVE,ACTIVE MARKET,True,,"v5 intelligence blend from stats.wnba.com+player_intelligence: season + recent form, usage, efficiency, minutes, pace, role score, and price lean. Intelligence: role 98.1, minutes STABLE, points UP.",Indiana Fever @ Toronto Tempo,Toronto Tempo,Indiana Fever,"[30.4, 29.5, 32.7, 31.8, 30.9]","[""ATL"", ""CHI"", ""DAL"", ""IND"", ""SEA""]",0.6,0.5,"[29.5, 32.7, 31.8, 30.9, 30.0]",8,98.1,STABLE,UP,wnba_player_intelligence
Laura Juskaite,Toronto Tempo,Indiana Fever @ Toronto Tempo,F,PA,11.5,14.4,10.9,17.9,10.9-17.9,13.5,-133.0,-102.0,,,0.9,OVER,MED,0.5284,0.5708,-0.0743,-7.4,0.0,BENEFICIARY,ACTIVE MARKET,True,Minutes/usage redistributed from unavailable teammates,"v5 intelligence blend from stats.wnba.com+player_intelligence: season + recent form, usage, efficiency, minutes, pace, role score, and price lean. Intelligence: role 89.6, minutes UP, points UP.",Indiana Fever @ Toronto Tempo,Toronto Tempo,Indiana Fever,"[16.2, 15.3, 14.4, 13.5, 12.6]","[""ATL"", ""CHI"", ""DAL"", ""IND"", ""SEA""]",0.6,0.7,"[15.3, 14.4, 13.5, 12.6, 15.8]",8,89.6,UP,UP,wnba_player_intelligence
Kayla McBride,Minnesota Lynx,New York Liberty @ Minnesota Lynx,G,RA,5.6,5.4,1.9,8.9,1.9-8.9,4.5,-138.0,104.0,,,0.9,OVER,MED,0.5284,0.5798,-0.0887,-8.9,0.0,ACTIVE,ACTIVE MARKET,True,,"v5 intelligence blend from stats.wnba.com+player_intelligence: season + recent form, usage, efficiency, minutes, pace, role score, and price lean. Intelligence: role 99.9, minutes STABLE, points STABLE.",New York Liberty @ Minnesota Lynx,Minnesota Lynx,New York Liberty,"[7.2, 6.3, 5.4, 4.5, 3.6]","[""ATL"", ""CHI"", ""DAL"", ""IND"", ""SEA""]",0.6,0.7,"[3.6, 6.8, 5.9, 5.0, 4.1]",14,99.9,STABLE,STABLE,wnba_player_intelligence
Olivia Miles,Minnesota Lynx,New York Liberty @ Minnesota Lynx,G,AST,5.6,5.8,2.3,9.3,2.3-9.3,6.5,-110.0,-135.5,,,-0.7,UNDER,MED,0.5232,0.5754,-0.0907,-9.1,0.0,ACTIVE,ACTIVE MARKET,True,,"v5 intelligence blend from stats.wnba.com+player_intelligence: season + recent form, usage, efficiency, minutes, pace, role score, and price lean. Intelligence: role 93.5, minutes STABLE, points STABLE.",New York Liberty @ Minnesota Lynx,Minnesota Lynx,New York Liberty,"[4.9, 4.0, 7.2, 6.2, 5.3]","[""ATL"", ""CHI"", ""DAL"", ""IND"", ""SEA""]",0.8,0.7,"[5.3, 4.4, 7.6, 6.7, 5.8]",14,93.5,STABLE,STABLE,wnba_player_intelligence
Caitlin Clark,Indiana Fever,Indiana Fever @ Toronto Tempo,G,PR,24.4,26.7,23.2,30.2,23.2-30.2,27.5,-102.0,-130.0,,,-0.8,UNDER,MED,0.5108,0.5652,-0.0963,-9.6,0.0,PROBABLE,ACTIVE MARKET,True,Injury/Illness - Back; Back; matchup=(ET) IND@TOR; game_time=07:30,"v5 intelligence blend from stats.wnba.com+player_intelligence: season + recent form, usage, efficiency, minutes, pace, role score, and price lean. Intelligence: role 93.0, minutes STABLE, points UP. Injury status PROBABLE applied.",Indiana Fever @ Toronto Tempo,Toronto Tempo,Indiana Fever,"[25.3, 28.5, 27.6, 26.7, 25.8]","[""ATL"", ""CHI"", ""DAL"", ""IND"", ""SEA""]",0.6,0.7,"[28.5, 27.6, 26.7, 25.8, 24.9]",8,93.0,STABLE,UP,wnba_player_intelligence
Emily Engstler,Portland Fire,Portland Fire @ Golden State Valkyries,F,REB,5.3,4.8,1.3,8.3,1.3-8.3,6.5,114.0,-155.0,,,-1.7,UNDER,MED,0.5492,0.6078,-0.0965,-9.7,0.0,ACTIVE,ACTIVE MARKET,True,,"v5 intelligence blend from stats.wnba.com+player_intelligence: season + recent form, usage, efficiency, minutes, pace, role score, and price lean. Intelligence: role 80.2, minutes STABLE, points STABLE.",Portland Fire @ Golden State Valkyries,Golden State Valkyries,Portland Fire,"[3.4, 6.6, 5.7, 4.8, 3.9]","[""ATL"", ""CHI"", ""DAL"", ""IND"", ""SEA""]",0.8,0.9,"[3.0, 6.2, 5.2, 4.3, 3.4]",9,80.2,STABLE,STABLE,wnba_player_intelligence
Carla Leite,Portland Fire,Portland Fire @ Golden State Valkyries,G,AST,6.1,7.3,3.8,10.8,3.8-10.8,5.5,-157.0,115.0,,,1.8,OVER,MED,0.5518,0.6109,-0.0967,-9.7,0.0,ACTIVE,ACTIVE MARKET,True,,"v5 intelligence blend from stats.wnba.com+player_intelligence: season + recent form, usage, efficiency, minutes, pace, role score, and price lean. Intelligence: role 88.2, minutes STABLE, points STABLE.",Portland Fire @ Golden State Valkyries,Golden State Valkyries,Portland Fire,"[5.9, 9.1, 8.2, 7.3, 6.4]","[""ATL"", ""CHI"", ""DAL"", ""IND"", ""SEA""]",1.0,0.9,"[5.5, 8.7, 7.8, 6.8, 5.9]",9,88.2,STABLE,STABLE,wnba_player_intelligence
Jonquel Jones,New York Liberty,New York Liberty @ Minnesota Lynx,C,REB,8.9,8.6,5.1,12.1,5.1-12.1,9.5,105.0,-141.0,,,-0.9,UNDER,MED,0.5284,0.5851,-0.0968,-9.7,0.0,ACTIVE,ACTIVE MARKET,True,,"v5 intelligence blend from stats.wnba.com+player_intelligence: season + recent form, usage, efficiency, minutes, pace, role score, and price lean. Intelligence: role 89.6, minutes STABLE, points STABLE.",New York Liberty @ Minnesota Lynx,Minnesota Lynx,New York Liberty,"[9.5, 8.6, 7.7, 6.8, 9.9]","[""ATL"", ""CHI"", ""DAL"", ""IND"", ""SEA""]",0.6,0.6,"[9.9, 9.0, 8.2, 7.2, 10.4]",14,89.6,STABLE,STABLE,wnba_player_intelligence
Caitlin Clark,Indiana Fever,Indiana Fever @ Toronto Tempo,G,AST,7.5,8.1,4.6,11.6,4.6-11.6,9.5,-110.0,-140.5,,,-1.4,UNDER,MED,0.5264,0.5842,-0.0989,-9.9,0.0,PROBABLE,ACTIVE MARKET,True,Injury/Illness - Back; Back; matchup=(ET) IND@TOR; game_time=07:30,"v5 intelligence blend from stats.wnba.com+player_intelligence: season + recent form, usage, efficiency, minutes, pace, role score, and price lean. Intelligence: role 93.0, minutes STABLE, points UP. Injury status PROBABLE applied.",Indiana Fever @ Toronto Tempo,Toronto Tempo,Indiana Fever,"[8.1, 7.2, 6.3, 9.4, 8.5]","[""ATL"", ""CHI"", ""DAL"", ""IND"", ""SEA""]",1.0,0.9,"[7.2, 6.3, 9.4, 8.5, 7.6]",8,93.0,STABLE,UP,wnba_player_intelligence
Pauline Astier,New York Liberty,New York Liberty @ Minnesota Lynx,G,RA,6.0,4.7,1.2,8.2,1.2-8.2,5.5,103.0,-141.0,,,-0.8,UNDER,MED,0.5258,0.5851,-0.1013,-10.1,0.0,ACTIVE,ACTIVE MARKET,True,,"v5 intelligence blend from stats.wnba.com+player_intelligence: season + recent form, usage, efficiency, minutes, pace, role score, and price lean. Intelligence: role 76.1, minutes DOWN, points STABLE.",New York Liberty @ Minnesota Lynx,Minnesota Lynx,New York Liberty,"[3.8, 2.9, 6.1, 5.2, 4.2]","[""ATL"", ""CHI"", ""DAL"", ""IND"", ""SEA""]",0.8,0.7,"[4.2, 3.4, 6.5, 5.6, 4.7]",14,76.1,DOWN,STABLE,wnba_player_intelligence
Caitlin Clark,Indiana Fever,Indiana Fever @ Toronto Tempo,G,PTS,20.6,22.9,19.4,26.4,19.4-26.4,22.5,-126.0,-110.0,,,0.4,OVER,MED,0.5004,0.5575,-0.1025,-10.2,0.0,PROBABLE,ACTIVE MARKET,True,Injury/Illness - Back; Back; matchup=(ET) IND@TOR; game_time=07:30,"v5 intelligence blend from stats.wnba.com+player_intelligence: season + recent form, usage, efficiency, minutes, pace, role score, and price lean. Intelligence: role 93.0, minutes STABLE, points UP. Injury status PROBABLE applied.",Indiana Fever @ Toronto Tempo,Toronto Tempo,Indiana Fever,"[21.5, 24.7, 23.8, 22.9, 22.0]","[""ATL"", ""CHI"", ""DAL"", ""IND"", ""SEA""]",0.6,0.5,"[24.7, 23.8, 22.9, 22.0, 21.1]",8,93.0,STABLE,UP,wnba_player_intelligence
Pauline Astier,New York Liberty,New York Liberty @ Minnesota Lynx,G,REB,2.5,1.3,0.0,4.8,0.0-4.8,2.5,113.0,-154.0,,,-1.2,UNDER,MED,0.5362,0.6063,-0.1156,-11.6,0.0,ACTIVE,ACTIVE MARKET,True,,"v5 intelligence blend from stats.wnba.com+player_intelligence: season + recent form, usage, efficiency, minutes, pace, role score, and price lean. Intelligence: role 76.1, minutes DOWN, points STABLE.",New York Liberty @ Minnesota Lynx,Minnesota Lynx,New York Liberty,"[1.8, 0.9, 0, 3.1, 2.2]","[""ATL"", ""CHI"", ""DAL"", ""IND"", ""SEA""]",0.8,0.8,"[2.2, 1.3, 0.4, 0, 2.7]",14,76.1,DOWN,STABLE,wnba_player_intelligence
Lexie Hull,Indiana Fever,Indiana Fever @ Toronto Tempo,G,REB,3.1,2.2,0.0,5.7,0.0-5.7,3.5,115.0,-156.0,,,-1.3,UNDER,MED,0.5388,0.6094,-0.1158,-11.6,0.0,ACTIVE,ACTIVE MARKET,True,,"v5 intelligence blend from stats.wnba.com+player_intelligence: season + recent form, usage, efficiency, minutes, pace, role score, and price lean. Intelligence: role 66.8, minutes STABLE, points STABLE.",Indiana Fever @ Toronto Tempo,Toronto Tempo,Indiana Fever,"[1.3, 0.4, 3.6, 2.7, 1.8]","[""ATL"", ""CHI"", ""DAL"", ""IND"", ""SEA""]",0.8,0.8,"[0.4, 3.6, 2.7, 1.8, 0.9]",8,66.8,STABLE,STABLE,wnba_player_intelligence
Courtney Williams,Minnesota Lynx,New York Liberty @ Minnesota Lynx,G,AST,4.2,4.8,1.3,8.3,1.3-8.3,3.5,-158.0,116.0,,,1.3,OVER,MED,0.5388,0.6124,-0.1202,-12.0,0.0,ACTIVE,ACTIVE MARKET,True,,"v5 intelligence blend from stats.wnba.com+player_intelligence: season + recent form, usage, efficiency, minutes, pace, role score, and price lean. Intelligence: role 88.0, minutes DOWN, points STABLE.",New York Liberty @ Minnesota Lynx,Minnesota Lynx,New York Liberty,"[6.6, 5.7, 4.8, 3.9, 3.0]","[""ATL"", ""CHI"", ""DAL"", ""IND"", ""SEA""]",0.8,0.8,"[3.0, 6.2, 5.2, 4.3, 3.4]",14,88.0,DOWN,STABLE,wnba_player_intelligence
Sabrina Ionescu,New York Liberty,New York Liberty @ Minnesota Lynx,G,REB,3.8,5.0,1.5,8.5,1.5-8.5,3.5,-164.0,121.0,,,1.5,OVER,MED,0.544,0.6212,-0.1243,-12.4,0.0,ACTIVE,ACTIVE MARKET,True,,"v5 intelligence blend from stats.wnba.com+player_intelligence: season + recent form, usage, efficiency, minutes, pace, role score, and price lean. Intelligence: role 99.0, minutes UP, points UP.",New York Liberty @ Minnesota Lynx,Minnesota Lynx,New York Liberty,"[4.1, 3.2, 6.3, 5.5, 4.5]","[""ATL"", ""CHI"", ""DAL"", ""IND"", ""SEA""]",0.8,0.9,"[4.5, 3.6, 6.8, 5.9, 5.0]",14,99.0,UP,UP,wnba_player_intelligence
Caitlin Clark,Indiana Fever,Indiana Fever @ Toronto Tempo,G,REB,3.8,4.3,0.8,7.8,0.8-7.8,3.5,-147.0,109.5,,,0.8,OVER,MED,0.5108,0.5951,-0.1417,-14.2,0.0,PROBABLE,ACTIVE MARKET,True,Injury/Illness - Back; Back; matchup=(ET) IND@TOR; game_time=07:30,"v5 intelligence blend from stats.wnba.com+player_intelligence: season + recent form, usage, efficiency, minutes, pace, role score, and price lean. Intelligence: role 93.0, minutes STABLE, points UP. Injury status PROBABLE applied.",Indiana Fever @ Toronto Tempo,Toronto Tempo,Indiana Fever,"[5.7, 4.8, 3.8, 2.9, 6.1]","[""ATL"", ""CHI"", ""DAL"", ""IND"", ""SEA""]",0.8,0.7,"[4.8, 3.8, 2.9, 6.1, 5.2]",8,93.0,STABLE,UP,wnba_player_intelligence
Aliyah Boston,Indiana Fever,Indiana Fever @ Toronto Tempo,C,AST,3.0,2.8,0.0,6.3,0.0-6.3,3.5,116.5,-157.0,,,-0.7,UNDER,MED,0.5232,0.6109,-0.1436,-14.4,0.0,ACTIVE,ACTIVE MARKET,True,,"v5 intelligence blend from stats.wnba.com+player_intelligence: season + recent form, usage, efficiency, minutes, pace, role score, and price lean. Intelligence: role 77.4, minutes DOWN, points DOWN.",Indiana Fever @ Toronto Tempo,Toronto Tempo,Indiana Fever,"[3.2, 2.3, 1.4, 4.6, 3.7]","[""ATL"", ""CHI"", ""DAL"", ""IND"", ""SEA""]",0.6,0.7,"[2.3, 1.4, 4.6, 3.7, 2.8]",8,77.4,DOWN,DOWN,wnba_player_intelligence
Pauline Astier,New York Liberty,New York Liberty @ Minnesota Lynx,G,AST,3.5,3.2,0.0,6.7,0.0-6.7,2.5,-159.0,117.0,,,0.7,OVER,MED,0.5232,0.6139,-0.1477,-14.8,0.0,ACTIVE,ACTIVE MARKET,True,,"v5 intelligence blend from stats.wnba.com+player_intelligence: season + recent form, usage, efficiency, minutes, pace, role score, and price lean. Intelligence: role 76.1, minutes DOWN, points STABLE.",New York Liberty @ Minnesota Lynx,Minnesota Lynx,New York Liberty,"[2.3, 1.4, 4.6, 3.7, 2.8]","[""ATL"", ""CHI"", ""DAL"", ""IND"", ""SEA""]",0.6,0.6,"[2.8, 1.9, 5.0, 4.1, 3.2]",14,76.1,DOWN,STABLE,wnba_player_intelligence
Kayla McBride,Minnesota Lynx,New York Liberty @ Minnesota Lynx,G,REB,3.4,3.4,0.0,6.9,0.0-6.9,2.5,-164.0,120.0,,,0.9,OVER,MED,0.5284,0.6212,-0.1494,-14.9,0.0,ACTIVE,ACTIVE MARKET,True,,"v5 intelligence blend from stats.wnba.com+player_intelligence: season + recent form, usage, efficiency, minutes, pace, role score, and price lean. Intelligence: role 99.9, minutes STABLE, points STABLE.",New York Liberty @ Minnesota Lynx,Minnesota Lynx,New York Liberty,"[2.5, 1.6, 4.8, 3.9, 2.9]","[""ATL"", ""CHI"", ""DAL"", ""IND"", ""SEA""]",0.6,0.6,"[2.9, 2.0, 5.2, 4.3, 3.4]",14,99.9,STABLE,STABLE,wnba_player_intelligence
Kayla McBride,Minnesota Lynx,New York Liberty @ Minnesota Lynx,G,RA,5.6,5.1,1.6,8.6,1.6-8.6,5.5,116.0,-157.0,,,-0.4,UNDER,MED,0.5154,0.6109,-0.1563,-15.6,0.0,ACTIVE,ACTIVE MARKET,True,,"v5 intelligence blend from stats.wnba.com+player_intelligence: season + recent form, usage, efficiency, minutes, pace, role score, and price lean. Intelligence: role 99.9, minutes STABLE, points STABLE.",New York Liberty @ Minnesota Lynx,Minnesota Lynx,New York Liberty,"[6.9, 6.0, 5.1, 4.2, 3.3]","[""ATL"", ""CHI"", ""DAL"", ""IND"", ""SEA""]",0.6,0.5,"[3.3, 6.4, 5.5, 4.6, 3.7]",14,99.9,STABLE,STABLE,wnba_player_intelligence
Natasha Howard,Minnesota Lynx,New York Liberty @ Minnesota Lynx,F,AST,3.1,3.3,0.0,6.8,0.0-6.8,2.5,-166.0,122.0,,,0.8,OVER,MED,0.5258,0.6241,-0.1575,-15.8,0.0,ACTIVE,ACTIVE MARKET,True,,"v5 intelligence blend from stats.wnba.com+player_intelligence: season + recent form, usage, efficiency, minutes, pace, role score, and price lean. Intelligence: role 88.0, minutes DOWN, points DOWN.",New York Liberty @ Minnesota Lynx,Minnesota Lynx,New York Liberty,"[2.8, 1.9, 5.1, 4.2, 3.3]","[""ATL"", ""CHI"", ""DAL"", ""IND"", ""SEA""]",0.8,0.7,"[3.3, 2.4, 1.5, 4.7, 3.8]",14,88.0,DOWN,DOWN,wnba_player_intelligence
Courtney Williams,Minnesota Lynx,New York Liberty @ Minnesota Lynx,G,REB,4.9,4.0,0.5,7.5,0.5-7.5,4.5,119.5,-161.5,,,-0.5,UNDER,MED,0.518,0.6176,-0.1613,-16.1,0.0,ACTIVE,ACTIVE MARKET,True,,"v5 intelligence blend from stats.wnba.com+player_intelligence: season + recent form, usage, efficiency, minutes, pace, role score, and price lean. Intelligence: role 88.0, minutes DOWN, points STABLE.",New York Liberty @ Minnesota Lynx,Minnesota Lynx,New York Liberty,"[3.1, 2.2, 5.3, 4.5, 3.5]","[""ATL"", ""CHI"", ""DAL"", ""IND"", ""SEA""]",0.6,0.6,"[3.5, 2.6, 5.8, 4.9, 4.0]",14,88.0,DOWN,STABLE,wnba_player_intelligence
Kayla McBride,Minnesota Lynx,New York Liberty @ Minnesota Lynx,G,AST,2.2,2.8,0.0,6.3,0.0-6.3,1.5,-189.0,138.0,,,1.3,OVER,MED,0.5388,0.654,-0.1761,-17.6,0.0,ACTIVE,ACTIVE MARKET,True,,"v5 intelligence blend from stats.wnba.com+player_intelligence: season + recent form, usage, efficiency, minutes, pace, role score, and price lean. Intelligence: role 99.9, minutes STABLE, points STABLE.",New York Liberty @ Minnesota Lynx,Minnesota Lynx,New York Liberty,"[4.6, 3.7, 2.8, 1.9, 1.0]","[""ATL"", ""CHI"", ""DAL"", ""IND"", ""SEA""]",0.8,0.8,"[1.0, 4.2, 3.2, 2.3, 1.4]",14,99.9,STABLE,STABLE,wnba_player_intelligence
Kelsey Mitchell,Indiana Fever,Indiana Fever @ Toronto Tempo,G,AST,2.5,3.0,0.0,6.5,0.0-6.5,2.5,-170.0,126.0,,,0.5,OVER,MED,0.518,0.6296,-0.1773,-17.7,0.0,ACTIVE,ACTIVE MARKET,True,,"v5 intelligence blend from stats.wnba.com+player_intelligence: season + recent form, usage, efficiency, minutes, pace, role score, and price lean. Intelligence: role 98.1, minutes STABLE, points UP.",Indiana Fever @ Toronto Tempo,Toronto Tempo,Indiana Fever,"[4.8, 3.9, 3.0, 2.1, 1.2]","[""ATL"", ""CHI"", ""DAL"", ""IND"", ""SEA""]",0.6,0.6,"[3.9, 3.0, 2.1, 1.2, 4.3]",8,98.1,STABLE,UP,wnba_player_intelligence
Laura Juskaite,Toronto Tempo,Indiana Fever @ Toronto Tempo,F,AST,1.6,1.8,0.0,5.3,0.0-5.3,2.5,133.0,-183.0,,,-0.7,UNDER,MED,0.5232,0.6466,-0.1909,-19.1,0.0,BENEFICIARY,ACTIVE MARKET,True,Minutes/usage redistributed from unavailable teammates,"v5 intelligence blend from stats.wnba.com+player_intelligence: season + recent form, usage, efficiency, minutes, pace, role score, and price lean. Intelligence: role 89.6, minutes UP, points UP.",Indiana Fever @ Toronto Tempo,Toronto Tempo,Indiana Fever,"[0.4, 3.6, 2.7, 1.8, 0.9]","[""ATL"", ""CHI"", ""DAL"", ""IND"", ""SEA""]",0.6,0.7,"[3.6, 2.7, 1.8, 0.9, 0]",8,89.6,UP,UP,wnba_player_intelligence
Sabrina Ionescu,New York Liberty,New York Liberty @ Minnesota Lynx,G,REB,3.8,4.6,1.1,8.1,1.1-8.1,4.5,130.0,-174.0,,,0.1,,LOW,0.5076,0.4348,0.1675,16.8,0.0322,ACTIVE,ACTIVE MARKET,True,,"v5 intelligence blend from stats.wnba.com+player_intelligence: season + recent form, usage, efficiency, minutes, pace, role score, and price lean. Intelligence: role 99.0, minutes UP, points UP.",New York Liberty @ Minnesota Lynx,Minnesota Lynx,New York Liberty,"[3.7, 2.8, 5.9, 5.0, 4.1]","[""ATL"", ""CHI"", ""DAL"", ""IND"", ""SEA""]",0.0,0.0,"[4.1, 3.2, 6.4, 5.5, 4.6]",14,99.0,UP,UP,wnba_player_intelligence
Courtney Williams,Minnesota Lynx,New York Liberty @ Minnesota Lynx,G,AST,4.2,4.5,1.0,8.0,1.0-8.0,4.5,118.0,-158.0,,,0.0,,LOW,0.505,0.4587,0.1009,10.1,0.0214,ACTIVE,ACTIVE MARKET,True,,"v5 intelligence blend from stats.wnba.com+player_intelligence: season + recent form, usage, efficiency, minutes, pace, role score, and price lean. Intelligence: role 88.0, minutes DOWN, points STABLE.",New York Liberty @ Minnesota Lynx,Minnesota Lynx,New York Liberty,"[6.3, 5.4, 4.5, 3.6, 2.7]","[""ATL"", ""CHI"", ""DAL"", ""IND"", ""SEA""]",0.0,0.0,"[2.7, 5.8, 5.0, 4.0, 3.1]",14,88.0,DOWN,STABLE,wnba_player_intelligence
Sabrina Ionescu,New York Liberty,New York Liberty @ Minnesota Lynx,G,AST,4.5,5.6,2.1,9.1,2.1-9.1,5.5,106.5,-143.5,,,0.1,,LOW,0.5076,0.4843,0.0482,4.8,0.0113,ACTIVE,ACTIVE MARKET,True,,"v5 intelligence blend from stats.wnba.com+player_intelligence: season + recent form, usage, efficiency, minutes, pace, role score, and price lean. Intelligence: role 99.0, minutes UP, points UP.",New York Liberty @ Minnesota Lynx,Minnesota Lynx,New York Liberty,"[7.4, 6.5, 5.6, 4.7, 3.8]","[""ATL"", ""CHI"", ""DAL"", ""IND"", ""SEA""]",0.0,0.0,"[3.8, 6.9, 6.0, 5.1, 4.2]",14,99.0,UP,UP,wnba_player_intelligence
Leonie Fiebich,New York Liberty,New York Liberty @ Minnesota Lynx,F,REB,2.9,3.6,0.1,7.1,0.1-7.1,3.5,105.0,-141.5,,,0.1,,LOW,0.5076,0.4878,0.0406,4.1,0.0097,ACTIVE,ACTIVE MARKET,True,,"v5 intelligence blend from stats.wnba.com+player_intelligence: season + recent form, usage, efficiency, minutes, pace, role score, and price lean. Intelligence: role 100.0, minutes UP, points UP.",New York Liberty @ Minnesota Lynx,Minnesota Lynx,New York Liberty,"[2.7, 1.8, 5.0, 4.0, 3.1]","[""ATL"", ""CHI"", ""DAL"", ""IND"", ""SEA""]",0.0,0.0,"[3.1, 2.2, 5.4, 4.5, 3.6]",14,100.0,UP,UP,wnba_player_intelligence
Courtney Williams,Minnesota Lynx,New York Liberty @ Minnesota Lynx,G,PR,19.4,17.4,13.9,20.9,13.9-20.9,17.5,100.0,-132.0,,,-0.1,,LOW,0.5076,0.5,0.0152,1.5,0.0038,ACTIVE,ACTIVE MARKET,True,,"v5 intelligence blend from stats.wnba.com+player_intelligence: season + recent form, usage, efficiency, minutes, pace, role score, and price lean. Intelligence: role 88.0, minutes DOWN, points STABLE.",New York Liberty @ Minnesota Lynx,Minnesota Lynx,New York Liberty,"[17.8, 16.9, 16.0, 19.2, 18.3]","[""ATL"", ""CHI"", ""DAL"", ""IND"", ""SEA""]",0.0,0.0,"[18.3, 17.4, 16.5, 15.6, 18.8]",14,88.0,DOWN,STABLE,wnba_player_intelligence
Jonquel Jones,New York Liberty,New York Liberty @ Minnesota Lynx,C,PTS,14.4,14.8,11.3,18.3,11.3-18.3,14.5,-106.0,-123.5,,,0.3,,LOW,0.5128,0.5146,-0.0034,-0.3,0.0,ACTIVE,ACTIVE MARKET,True,,"v5 intelligence blend from stats.wnba.com+player_intelligence: season + recent form, usage, efficiency, minutes, pace, role score, and price lean. Intelligence: role 89.6, minutes STABLE, points STABLE.",New York Liberty @ Minnesota Lynx,Minnesota Lynx,New York Liberty,"[13.0, 16.2, 15.2, 14.4, 13.5]","[""ATL"", ""CHI"", ""DAL"", ""IND"", ""SEA""]",0.0,0.0,"[13.5, 16.6, 15.7, 14.8, 13.9]",14,89.6,STABLE,STABLE,wnba_player_intelligence
Napheesa Collier,Minnesota Lynx,New York Liberty @ Minnesota Lynx,F,PA,21.5,21.4,17.9,24.9,17.9-24.9,21.5,-104.0,-131.0,,,-0.1,,LOW,0.5076,0.5098,-0.0043,-0.4,0.0,ACTIVE,ACTIVE MARKET,True,,"v5 intelligence blend from stats.wnba.com+player_intelligence: season + recent form, usage, efficiency, minutes, pace, role score, and price lean. Intelligence: role 83.0, minutes STABLE, points STABLE.",New York Liberty @ Minnesota Lynx,Minnesota Lynx,New York Liberty,"[21.8, 20.9, 20.0, 23.2, 22.3]","[""ATL"", ""CHI"", ""DAL"", ""IND"", ""SEA""]",0.0,0.0,"[22.3, 21.4, 20.5, 19.6, 22.8]",14,83.0,STABLE,STABLE,wnba_player_intelligence
Sabrina Ionescu,New York Liberty,New York Liberty @ Minnesota Lynx,G,RA,8.3,9.8,6.3,13.3,6.3-13.3,9.5,-106.5,-126.5,,,0.3,,LOW,0.5128,0.5157,-0.0057,-0.6,0.0,ACTIVE,ACTIVE MARKET,True,,"v5 intelligence blend from stats.wnba.com+player_intelligence: season + recent form, usage, efficiency, minutes, pace, role score, and price lean. Intelligence: role 99.0, minutes UP, points UP.",New York Liberty @ Minnesota Lynx,Minnesota Lynx,New York Liberty,"[11.6, 10.7, 9.8, 8.9, 8.0]","[""ATL"", ""CHI"", ""DAL"", ""IND"", ""SEA""]",0.0,0.0,"[8.0, 11.2, 10.2, 9.4, 8.5]",14,99.0,UP,UP,wnba_player_intelligence
Olivia Miles,Minnesota Lynx,New York Liberty @ Minnesota Lynx,G,PR,23.5,24.2,20.7,27.7,20.7-27.7,24.5,-107.0,-127.0,,,-0.3,,LOW,0.5128,0.5169,-0.0079,-0.8,0.0,ACTIVE,ACTIVE MARKET,True,,"v5 intelligence blend from stats.wnba.com+player_intelligence: season + recent form, usage, efficiency, minutes, pace, role score, and price lean. Intelligence: role 93.5, minutes STABLE, points STABLE.",New York Liberty @ Minnesota Lynx,Minnesota Lynx,New York Liberty,"[26.0, 25.1, 24.2, 23.3, 22.4]","[""ATL"", ""CHI"", ""DAL"", ""IND"", ""SEA""]",0.0,0.0,"[22.4, 25.6, 24.6, 23.8, 22.8]",14,93.5,STABLE,STABLE,wnba_player_intelligence
Veronica Burton,Golden State Valkyries,Portland Fire @ Golden State Valkyries,G,AST,5.4,6.2,2.7,9.7,2.7-9.7,6.5,-109.0,-123.5,,,-0.3,,LOW,0.5128,0.5215,-0.0167,-1.7,0.0,ACTIVE,ACTIVE MARKET,True,,"v5 intelligence blend from stats.wnba.com+player_intelligence: season + recent form, usage, efficiency, minutes, pace, role score, and price lean. Intelligence: role 93.7, minutes STABLE, points STABLE.",Portland Fire @ Golden State Valkyries,Golden State Valkyries,Portland Fire,"[8.0, 7.1, 6.2, 5.3, 4.4]","[""ATL"", ""CHI"", ""DAL"", ""IND"", ""SEA""]",0.0,0.0,"[7.6, 6.7, 5.8, 4.8, 8.0]",9,93.7,STABLE,STABLE,wnba_player_intelligence
Napheesa Collier,Minnesota Lynx,New York Liberty @ Minnesota Lynx,F,REB,7.2,7.2,3.7,10.7,3.7-10.7,7.5,-110.0,-138.0,,,-0.3,,LOW,0.5128,0.5238,-0.021,-2.1,0.0,ACTIVE,ACTIVE MARKET,True,,"v5 intelligence blend from stats.wnba.com+player_intelligence: season + recent form, usage, efficiency, minutes, pace, role score, and price lean. Intelligence: role 83.0, minutes STABLE, points STABLE.",New York Liberty @ Minnesota Lynx,Minnesota Lynx,New York Liberty,"[5.8, 9.0, 8.1, 7.2, 6.3]","[""ATL"", ""CHI"", ""DAL"", ""IND"", ""SEA""]",0.0,0.0,"[6.3, 5.4, 8.6, 7.7, 6.8]",14,83.0,STABLE,STABLE,wnba_player_intelligence
Laura Juskaite,Toronto Tempo,Indiana Fever @ Toronto Tempo,F,PR,13.9,16.7,13.2,20.2,13.2-20.2,16.5,-110.0,-123.0,,,0.2,,LOW,0.5102,0.5238,-0.026,-2.6,0.0,BENEFICIARY,ACTIVE MARKET,True,Minutes/usage redistributed from unavailable teammates,"v5 intelligence blend from stats.wnba.com+player_intelligence: season + recent form, usage, efficiency, minutes, pace, role score, and price lean. Intelligence: role 89.6, minutes UP, points UP.",Indiana Fever @ Toronto Tempo,Toronto Tempo,Indiana Fever,"[18.1, 17.1, 16.2, 15.3, 18.5]","[""ATL"", ""CHI"", ""DAL"", ""IND"", ""SEA""]",0.0,0.0,"[17.1, 16.2, 15.3, 18.5, 17.6]",8,89.6,UP,UP,wnba_player_intelligence
Napheesa Collier,Minnesota Lynx,New York Liberty @ Minnesota Lynx,F,PTS,18.2,18.2,14.7,21.7,14.7-21.7,18.5,-111.5,-118.0,,,-0.3,,LOW,0.5128,0.5272,-0.0273,-2.7,0.0,ACTIVE,ACTIVE MARKET,True,,"v5 intelligence blend from stats.wnba.com+player_intelligence: season + recent form, usage, efficiency, minutes, pace, role score, and price lean. Intelligence: role 83.0, minutes STABLE, points STABLE.",New York Liberty @ Minnesota Lynx,Minnesota Lynx,New York Liberty,"[18.2, 17.3, 16.4, 19.6, 18.6]","[""ATL"", ""CHI"", ""DAL"", ""IND"", ""SEA""]",0.0,0.0,"[18.6, 17.8, 16.8, 20.0, 19.1]",14,83.0,STABLE,STABLE,wnba_player_intelligence
Laura Juskaite,Toronto Tempo,Indiana Fever @ Toronto Tempo,F,REB,4.0,4.4,0.9,7.9,0.9-7.9,4.5,-111.0,-122.0,,,-0.1,,LOW,0.5076,0.5261,-0.0351,-3.5,0.0,BENEFICIARY,ACTIVE MARKET,True,Minutes/usage redistributed from unavailable teammates,"v5 intelligence blend from stats.wnba.com+player_intelligence: season + recent form, usage, efficiency, minutes, pace, role score, and price lean. Intelligence: role 89.6, minutes UP, points UP.",Indiana Fever @ Toronto Tempo,Toronto Tempo,Indiana Fever,"[4.4, 3.5, 2.6, 5.8, 4.9]","[""ATL"", ""CHI"", ""DAL"", ""IND"", ""SEA""]",0.0,0.0,"[3.5, 2.6, 5.8, 4.9, 4.0]",8,89.6,UP,UP,wnba_player_intelligence
Napheesa Collier,Minnesota Lynx,New York Liberty @ Minnesota Lynx,F,PRA,28.8,28.8,25.3,32.3,25.3-32.3,28.5,-115.0,-116.5,,,0.3,,LOW,0.5128,0.5349,-0.0413,-4.1,0.0,ACTIVE,ACTIVE MARKET,True,,"v5 intelligence blend from stats.wnba.com+player_intelligence: season + recent form, usage, efficiency, minutes, pace, role score, and price lean. Intelligence: role 83.0, minutes STABLE, points STABLE.",New York Liberty @ Minnesota Lynx,Minnesota Lynx,New York Liberty,"[27.9, 27.0, 30.2, 29.2, 28.4]","[""ATL"", ""CHI"", ""DAL"", ""IND"", ""SEA""]",0.0,0.0,"[28.4, 27.4, 30.6, 29.7, 28.8]",14,83.0,STABLE,STABLE,wnba_player_intelligence
Megan DiLeo,Portland Fire,Portland Fire @ Golden State Valkyries,C,REB,4.5,4.6,1.1,8.1,1.1-8.1,4.5,-113.0,-119.0,,,0.1,,LOW,0.5076,0.5305,-0.0432,-4.3,0.0,ACTIVE,ACTIVE MARKET,True,,"v5 intelligence blend from stats.wnba.com+player_intelligence: season + recent form, usage, efficiency, minutes, pace, role score, and price lean. Intelligence: role 86.9, minutes STABLE, points STABLE.",Portland Fire @ Golden State Valkyries,Golden State Valkyries,Portland Fire,"[5.9, 5.0, 4.1, 3.2, 6.4]","[""ATL"", ""CHI"", ""DAL"", ""IND"", ""SEA""]",0.0,0.0,"[5.5, 4.6, 3.7, 2.8, 5.9]",9,86.9,STABLE,STABLE,wnba_player_intelligence
Laura Juskaite,Toronto Tempo,Indiana Fever @ Toronto Tempo,F,PRA,15.5,18.3,14.8,21.8,14.8-21.8,18.5,-118.0,-115.0,,,-0.2,,LOW,0.5102,0.5413,-0.0574,-5.7,0.0,BENEFICIARY,ACTIVE MARKET,True,Minutes/usage redistributed from unavailable teammates,"v5 intelligence blend from stats.wnba.com+player_intelligence: season + recent form, usage, efficiency, minutes, pace, role score, and price lean. Intelligence: role 89.6, minutes UP, points UP.",Indiana Fever @ Toronto Tempo,Toronto Tempo,Indiana Fever,"[18.8, 17.9, 16.9, 20.1, 19.2]","[""ATL"", ""CHI"", ""DAL"", ""IND"", ""SEA""]",0.0,0.0,"[17.9, 16.9, 20.1, 19.2, 18.3]",8,89.6,UP,UP,wnba_player_intelligence
Jonquel Jones,New York Liberty,New York Liberty @ Minnesota Lynx,C,PR,23.2,23.5,20.0,27.0,20.0-27.0,23.5,-116.0,-116.5,,,0.0,,LOW,0.505,0.537,-0.0597,-6.0,0.0,ACTIVE,ACTIVE MARKET,True,,"v5 intelligence blend from stats.wnba.com+player_intelligence: season + recent form, usage, efficiency, minutes, pace, role score, and price lean. Intelligence: role 89.6, minutes STABLE, points STABLE.",New York Liberty @ Minnesota Lynx,Minnesota Lynx,New York Liberty,"[21.7, 24.9, 23.9, 23.1, 22.1]","[""ATL"", ""CHI"", ""DAL"", ""IND"", ""SEA""]",0.0,0.0,"[22.1, 25.3, 24.4, 23.5, 22.6]",14,89.6,STABLE,STABLE,wnba_player_intelligence
Nyara Sabally,Toronto Tempo,Indiana Fever @ Toronto Tempo,F,PTS,11.5,12.7,9.2,16.2,9.2-16.2,12.5,-127.0,-105.0,,,0.2,,LOW,0.5102,0.5595,-0.0881,-8.8,0.0,BENEFICIARY,ACTIVE MARKET,True,Minutes/usage redistributed from unavailable teammates,"v5 intelligence blend from stats.wnba.com+player_intelligence: season + recent form, usage, efficiency, minutes, pace, role score, and price lean. Intelligence: role 74.1, minutes STABLE, points UP.",Indiana Fever @ Toronto Tempo,Toronto Tempo,Indiana Fever,"[11.3, 14.5, 13.6, 12.7, 11.8]","[""ATL"", ""CHI"", ""DAL"", ""IND"", ""SEA""]",0.0,0.0,"[14.5, 13.6, 12.7, 11.8, 10.9]",8,74.1,STABLE,UP,wnba_player_intelligence
Natasha Howard,Minnesota Lynx,New York Liberty @ Minnesota Lynx,F,RA,10.6,9.8,6.3,13.3,6.3-13.3,9.5,-129.0,-105.0,,,0.3,,LOW,0.5128,0.5633,-0.0897,-9.0,0.0,ACTIVE,ACTIVE MARKET,True,,"v5 intelligence blend from stats.wnba.com+player_intelligence: season + recent form, usage, efficiency, minutes, pace, role score, and price lean. Intelligence: role 88.0, minutes DOWN, points DOWN.",New York Liberty @ Minnesota Lynx,Minnesota Lynx,New York Liberty,"[9.4, 8.5, 11.6, 10.7, 9.8]","[""ATL"", ""CHI"", ""DAL"", ""IND"", ""SEA""]",0.0,0.0,"[9.8, 8.9, 8.0, 11.2, 10.2]",14,88.0,DOWN,DOWN,wnba_player_intelligence
Napheesa Collier,Minnesota Lynx,New York Liberty @ Minnesota Lynx,F,PR,25.5,25.6,22.1,29.1,22.1-29.1,25.5,-127.0,-105.5,,,0.1,,LOW,0.5076,0.5595,-0.0927,-9.3,0.0,ACTIVE,ACTIVE MARKET,True,,"v5 intelligence blend from stats.wnba.com+player_intelligence: season + recent form, usage, efficiency, minutes, pace, role score, and price lean. Intelligence: role 83.0, minutes STABLE, points STABLE.",New York Liberty @ Minnesota Lynx,Minnesota Lynx,New York Liberty,"[25.6, 24.7, 23.8, 27.0, 26.1]","[""ATL"", ""CHI"", ""DAL"", ""IND"", ""SEA""]",0.0,0.0,"[26.1, 25.2, 24.2, 27.4, 26.5]",14,83.0,STABLE,STABLE,wnba_player_intelligence
Natasha Howard,Minnesota Lynx,New York Liberty @ Minnesota Lynx,F,REB,7.5,6.6,3.1,10.1,3.1-10.1,6.5,-128.0,-105.0,,,0.1,,LOW,0.5076,0.5614,-0.0958,-9.6,0.0,ACTIVE,ACTIVE MARKET,True,,"v5 intelligence blend from stats.wnba.com+player_intelligence: season + recent form, usage, efficiency, minutes, pace, role score, and price lean. Intelligence: role 88.0, minutes DOWN, points DOWN.",New York Liberty @ Minnesota Lynx,Minnesota Lynx,New York Liberty,"[7.5, 6.6, 5.7, 4.8, 7.9]","[""ATL"", ""CHI"", ""DAL"", ""IND"", ""SEA""]",0.0,0.0,"[7.9, 7.0, 6.1, 5.2, 8.4]",14,88.0,DOWN,DOWN,wnba_player_intelligence
Kelsey Mitchell,Indiana Fever,Indiana Fever @ Toronto Tempo,G,RA,4.1,4.7,1.2,8.2,1.2-8.2,4.5,-130.0,-104.0,,,0.2,,LOW,0.5102,0.5652,-0.0973,-9.7,0.0,ACTIVE,ACTIVE MARKET,True,,"v5 intelligence blend from stats.wnba.com+player_intelligence: season + recent form, usage, efficiency, minutes, pace, role score, and price lean. Intelligence: role 98.1, minutes STABLE, points UP.",Indiana Fever @ Toronto Tempo,Toronto Tempo,Indiana Fever,"[6.5, 5.6, 4.7, 3.8, 2.9]","[""ATL"", ""CHI"", ""DAL"", ""IND"", ""SEA""]",0.0,0.0,"[5.6, 4.7, 3.8, 2.9, 6.1]",8,98.1,STABLE,UP,wnba_player_intelligence
Caitlin Clark,Indiana Fever,Indiana Fever @ Toronto Tempo,G,PR,24.4,26.8,23.3,30.3,23.3-30.3,26.5,-128.0,-106.0,,,0.3,,LOW,0.4978,0.5614,-0.1133,-11.3,0.0,PROBABLE,ACTIVE MARKET,True,Injury/Illness - Back; Back; matchup=(ET) IND@TOR; game_time=07:30,"v5 intelligence blend from stats.wnba.com+player_intelligence: season + recent form, usage, efficiency, minutes, pace, role score, and price lean. Intelligence: role 93.0, minutes STABLE, points UP. Injury status PROBABLE applied.",Indiana Fever @ Toronto Tempo,Toronto Tempo,Indiana Fever,"[25.4, 28.6, 27.7, 26.8, 25.9]","[""ATL"", ""CHI"", ""DAL"", ""IND"", ""SEA""]",0.0,0.0,"[28.6, 27.7, 26.8, 25.9, 25.0]",8,93.0,STABLE,UP,wnba_player_intelligence
Caitlin Clark,Indiana Fever,Indiana Fever @ Toronto Tempo,G,RA,11.3,12.2,8.7,15.7,8.7-15.7,12.5,-140.0,106.0,,,-0.3,,LOW,0.4978,0.5833,-0.1466,-14.7,0.0,PROBABLE,ACTIVE MARKET,True,Injury/Illness - Back; Back; matchup=(ET) IND@TOR; game_time=07:30,"v5 intelligence blend from stats.wnba.com+player_intelligence: season + recent form, usage, efficiency, minutes, pace, role score, and price lean. Intelligence: role 93.0, minutes STABLE, points UP. Injury status PROBABLE applied.",Indiana Fever @ Toronto Tempo,Toronto Tempo,Indiana Fever,"[12.2, 11.3, 10.4, 13.5, 12.6]","[""ATL"", ""CHI"", ""DAL"", ""IND"", ""SEA""]",0.0,0.0,"[11.3, 10.4, 13.5, 12.6, 11.8]",8,93.0,STABLE,UP,wnba_player_intelligence
Veronica Burton,Golden State Valkyries,Portland Fire @ Golden State Valkyries,G,REB,3.3,3.8,0.3,7.3,0.3-7.3,3.5,-156.5,116.0,,,0.3,,LOW,0.5128,0.6101,-0.1595,-16.0,0.0,ACTIVE,ACTIVE MARKET,True,,"v5 intelligence blend from stats.wnba.com+player_intelligence: season + recent form, usage, efficiency, minutes, pace, role score, and price lean. Intelligence: role 93.7, minutes STABLE, points STABLE.",Portland Fire @ Golden State Valkyries,Golden State Valkyries,Portland Fire,"[2.9, 2.0, 5.2, 4.2, 3.3]","[""ATL"", ""CHI"", ""DAL"", ""IND"", ""SEA""]",0.0,0.0,"[2.4, 5.6, 4.7, 3.8, 2.9]",9,93.7,STABLE,STABLE,wnba_player_intelligence
Nyara Sabally,Toronto Tempo,Indiana Fever @ Toronto Tempo,F,REB,4.6,4.2,0.7,7.7,0.7-7.7,4.5,-161.0,118.0,,,-0.3,,LOW,0.5128,0.6169,-0.1687,-16.9,0.0,BENEFICIARY,ACTIVE MARKET,True,Minutes/usage redistributed from unavailable teammates,"v5 intelligence blend from stats.wnba.com+player_intelligence: season + recent form, usage, efficiency, minutes, pace, role score, and price lean. Intelligence: role 74.1, minutes STABLE, points UP.",Indiana Fever @ Toronto Tempo,Toronto Tempo,Indiana Fever,"[5.6, 4.7, 3.8, 2.9, 6.0]","[""ATL"", ""CHI"", ""DAL"", ""IND"", ""SEA""]",0.0,0.0,"[4.7, 3.8, 2.9, 6.0, 5.1]",8,74.1,STABLE,UP,wnba_player_intelligence
Nyara Sabally,Toronto Tempo,Indiana Fever @ Toronto Tempo,F,AST,1.6,1.4,0.0,4.9,0.0-4.9,1.5,-168.0,123.0,,,-0.1,,LOW,0.5076,0.6269,-0.1903,-19.0,0.0,BENEFICIARY,ACTIVE MARKET,True,Minutes/usage redistributed from unavailable teammates,"v5 intelligence blend from stats.wnba.com+player_intelligence: season + recent form, usage, efficiency, minutes, pace, role score, and price lean. Intelligence: role 74.1, minutes STABLE, points UP.",Indiana Fever @ Toronto Tempo,Toronto Tempo,Indiana Fever,"[1.4, 0.5, 0, 2.8, 1.8]","[""ATL"", ""CHI"", ""DAL"", ""IND"", ""SEA""]",0.0,0.0,"[0.5, 0, 2.8, 1.8, 0.9]",8,74.1,STABLE,UP,wnba_player_intelligence
Isabelle Harrison,Toronto Tempo,Indiana Fever @ Toronto Tempo,F,AST,1.5,1.2,0.0,4.7,0.0-4.7,1.5,-177.0,129.0,,,-0.3,,LOW,0.5128,0.639,-0.1975,-19.8,0.0,BENEFICIARY,ACTIVE MARKET,True,Minutes/usage redistributed from unavailable teammates,"v5 intelligence blend from stats.wnba.com+player_intelligence: season + recent form, usage, efficiency, minutes, pace, role score, and price lean. Intelligence: role 75.0, minutes DOWN, points STABLE.",Indiana Fever @ Toronto Tempo,Toronto Tempo,Indiana Fever,"[0, 3.0, 2.1, 1.2, 0.3]","[""ATL"", ""CHI"", ""DAL"", ""IND"", ""SEA""]",0.0,0.0,"[3.0, 2.1, 1.2, 0.3, 0]",8,75.0,DOWN,STABLE,wnba_player_intelligence
