generated_at_utc,game_date,event_id,game,player,player_id,stat,side,sportsbook,sportsbook_key,line,odds,projection,projection_edge,model_probability,implied_probability,probability_edge,expected_value_per_dollar,model_mae,feature_ready,deployment_status,source,mae_ratio,uncertainty_penalty,governance_score,base_eligible,decision,decision_reason,governance_generated_at_utc
2026-08-02T23:32:03.550161+00:00,2026-08-03,51369aa71fcd604bdf38a760b6bcc223,Seattle Storm @ New York Liberty,Sabrina Ionescu,pl_5718a935043c616f,threes,UNDER,FanDuel,fanduel,2.5,124,0.89,1.61,0.9471,0.4464,0.5007,1.1215,0.793,True,SHADOW_ONLY,sprint23_phase3_shadow,0.31720000000000004,0.31720000000000004,139.068,True,SHORTLIST,passed thresholds and portfolio exposure controls,2026-08-02T23:32:06.578341+00:00
2026-08-02T23:32:03.550161+00:00,2026-08-03,9192db295ea37dc4616880169fa9e38d,Las Vegas Aces @ Atlanta Dream,Jordin Canada,pl_e49d761a397e4cf3,ast,UNDER,DraftKings,draftkings,7.5,112,4.24,3.26,0.9843,0.4717,0.5126,1.0867,1.21,True,SHADOW_ONLY,sprint23_phase3_shadow,0.16133333333333333,0.16133333333333333,142.71933333333334,True,SHORTLIST,passed thresholds and portfolio exposure controls,2026-08-02T23:32:06.578341+00:00
2026-08-02T23:32:03.550161+00:00,2026-08-02,8cb92d45e2c4570ff14320738ec395f2,Connecticut Sun @ Dallas Wings,Jessica Shepard,pl_6cc5f204f77ba597,reb,UNDER,DraftKings,draftkings,11.5,103,5.52,5.98,0.9981,0.4926,0.5055,1.0261,1.651,True,SHADOW_ONLY,sprint23_phase3_shadow,0.14356521739130435,0.14356521739130435,142.02869565217392,True,WATCH,player exposure limit reached,2026-08-02T23:32:06.578341+00:00
2026-08-02T23:32:03.550161+00:00,2026-08-03,51369aa71fcd604bdf38a760b6bcc223,Seattle Storm @ New York Liberty,Natisha Hiedeman,pl_2396747f40933499,ast,UNDER,FanDuel,fanduel,4.5,110,1.86,2.64,0.9593,0.4762,0.4831,1.0146,1.21,True,SHADOW_ONLY,sprint23_phase3_shadow,0.2688888888888889,0.2688888888888889,130.34822222222223,True,SHORTLIST,passed thresholds and portfolio exposure controls,2026-08-02T23:32:06.578341+00:00
2026-08-02T23:32:03.550161+00:00,2026-08-02,8cb92d45e2c4570ff14320738ec395f2,Connecticut Sun @ Dallas Wings,Paige Bueckers,pl_ad864595548de955,ast,UNDER,FanDuel,fanduel,5.5,118,3.33,2.17,0.924,0.4587,0.4652,1.0142,1.21,True,SHADOW_ONLY,sprint23_phase3_shadow,0.22,0.22,129.272,True,SHORTLIST,passed thresholds and portfolio exposure controls,2026-08-02T23:32:06.578341+00:00
2026-08-02T23:32:03.550161+00:00,2026-08-03,51369aa71fcd604bdf38a760b6bcc223,Seattle Storm @ New York Liberty,Natisha Hiedeman,pl_2396747f40933499,ast,UNDER,DraftKings,draftkings,4.5,109,1.86,2.64,0.9593,0.4785,0.4809,1.005,1.21,True,SHADOW_ONLY,sprint23_phase3_shadow,0.2688888888888889,0.2688888888888889,129.25622222222222,True,WATCH,passed minimum thresholds; subject to exposure controls,2026-08-02T23:32:06.578341+00:00
2026-08-02T23:32:03.550161+00:00,2026-08-03,9192db295ea37dc4616880169fa9e38d,Las Vegas Aces @ Atlanta Dream,Rhyne Howard,pl_18c31d08ca4a3a7c,threes,UNDER,DraftKings,draftkings,2.5,112,0.97,1.53,0.9385,0.4717,0.4668,0.9896,0.793,True,SHADOW_ONLY,sprint23_phase3_shadow,0.31720000000000004,0.31720000000000004,123.684,True,SHORTLIST,passed thresholds and portfolio exposure controls,2026-08-02T23:32:06.578341+00:00
2026-08-02T23:32:03.550161+00:00,2026-08-02,8cb92d45e2c4570ff14320738ec395f2,Connecticut Sun @ Dallas Wings,Jessica Shepard,pl_6cc5f204f77ba597,reb,UNDER,FanDuel,fanduel,11.5,-102,5.52,5.98,0.9981,0.505,0.4931,0.9766,1.651,True,SHADOW_ONLY,sprint23_phase3_shadow,0.14356521739130435,0.14356521739130435,136.3346956521739,True,WATCH,passed minimum thresholds; subject to exposure controls,2026-08-02T23:32:06.578341+00:00
2026-08-02T23:32:03.550161+00:00,2026-08-03,51369aa71fcd604bdf38a760b6bcc223,Seattle Storm @ New York Liberty,Breanna Stewart,pl_a9f0686367871e4e,reb,UNDER,FanDuel,fanduel,8.5,102,4.42,4.08,0.9758,0.495,0.4807,0.9711,1.651,True,SHADOW_ONLY,sprint23_phase3_shadow,0.19423529411764706,0.19423529411764706,130.22729411764706,True,SHORTLIST,passed thresholds and portfolio exposure controls,2026-08-02T23:32:06.578341+00:00
2026-08-02T23:32:03.550161+00:00,2026-08-02,8cb92d45e2c4570ff14320738ec395f2,Connecticut Sun @ Dallas Wings,Olivia Nelson-Ododa,pl_8a4596f4b3d6fcec,reb,UNDER,DraftKings,draftkings,7.5,-102,2.43,5.07,0.9928,0.505,0.4879,0.9662,1.651,True,SHADOW_ONLY,sprint23_phase3_shadow,0.22013333333333335,0.22013333333333335,131.63133333333332,True,SHORTLIST,passed thresholds and portfolio exposure controls,2026-08-02T23:32:06.578341+00:00
2026-08-02T23:32:03.550161+00:00,2026-08-03,9192db295ea37dc4616880169fa9e38d,Las Vegas Aces @ Atlanta Dream,Rhyne Howard,pl_18c31d08ca4a3a7c,threes,UNDER,FanDuel,fanduel,2.5,108,0.97,1.53,0.9385,0.4808,0.4577,0.9521,0.793,True,SHADOW_ONLY,sprint23_phase3_shadow,0.31720000000000004,0.31720000000000004,119.388,True,WATCH,passed minimum thresholds; subject to exposure controls,2026-08-02T23:32:06.578341+00:00
2026-08-02T23:32:03.550161+00:00,2026-08-03,51369aa71fcd604bdf38a760b6bcc223,Seattle Storm @ New York Liberty,Jonquel Jones,pl_0ff64046d8bcbd2b,threes,UNDER,FanDuel,fanduel,1.5,102,-0.2,1.7,0.9562,0.495,0.4612,0.9315,0.793,True,SHADOW_ONLY,sprint23_phase3_shadow,0.5286666666666667,0.5286666666666667,113.64866666666667,False,REJECT,failed minimum governance thresholds,2026-08-02T23:32:06.578341+00:00
2026-08-02T23:32:03.550161+00:00,2026-08-04,543c1b084ecf7224cb7c70766183859d,Phoenix Mercury @ Chicago Sky,Alyssa Thomas,pl_538cccd243d89261,pts,UNDER,FanDuel,fanduel,14.5,100,5.45,9.05,0.9611,0.5,0.4611,0.9222,4.096,True,SHADOW_ONLY,sprint23_phase3_shadow,0.28248275862068967,0.28248275862068967,132.3363448275862,True,SHORTLIST,passed thresholds and portfolio exposure controls,2026-08-02T23:32:06.578341+00:00
2026-08-02T23:32:03.550161+00:00,2026-08-02,8cb92d45e2c4570ff14320738ec395f2,Connecticut Sun @ Dallas Wings,Jessica Shepard,pl_6cc5f204f77ba597,pts,UNDER,DraftKings,draftkings,13.5,102,4.98,8.52,0.9515,0.495,0.4564,0.922,4.096,True,SHADOW_ONLY,sprint23_phase3_shadow,0.3034074074074074,0.3034074074074074,130.55585185185186,True,WATCH,player exposure limit reached,2026-08-02T23:32:06.578341+00:00
2026-08-02T23:32:03.550161+00:00,2026-08-03,b69cd4efd717cb22355b34ad83ba553a,Toronto Tempo @ Golden State Valkyries,Julie Allemand,pl_43dcc8c3927f7c60,ast,UNDER,DraftKings,draftkings,5.5,114,3.58,1.92,0.8971,0.4673,0.4298,0.9198,1.21,True,SHADOW_ONLY,sprint23_phase3_shadow,0.22,0.22,117.20799999999998,True,SHORTLIST,passed thresholds and portfolio exposure controls,2026-08-02T23:32:06.578341+00:00
2026-08-02T23:32:03.550161+00:00,2026-08-03,51369aa71fcd604bdf38a760b6bcc223,Seattle Storm @ New York Liberty,Dominique Malonga,pl_527d77821505a048,pra,UNDER,FanDuel,fanduel,25.5,-106,10.72,14.78,0.9865,0.5146,0.4719,0.9171,5.336,True,SHADOW_ONLY,sprint23_phase3_shadow,0.20925490196078433,0.20925490196078433,145.39890196078431,True,SHORTLIST,passed thresholds and portfolio exposure controls,2026-08-02T23:32:06.578341+00:00
2026-08-02T23:32:03.550161+00:00,2026-08-03,51369aa71fcd604bdf38a760b6bcc223,Seattle Storm @ New York Liberty,Sabrina Ionescu,pl_5718a935043c616f,pra,UNDER,DraftKings,draftkings,29.5,-107,14.78,14.72,0.9861,0.5169,0.4692,0.9078,5.336,True,SHADOW_ONLY,sprint23_phase3_shadow,0.1808813559322034,0.1808813559322034,144.75437288135595,True,SHORTLIST,passed thresholds and portfolio exposure controls,2026-08-02T23:32:06.578341+00:00
2026-08-02T23:32:03.550161+00:00,2026-08-03,51369aa71fcd604bdf38a760b6bcc223,Seattle Storm @ New York Liberty,Natisha Hiedeman,pl_2396747f40933499,reb,UNDER,FanDuel,fanduel,2.5,122,0.28,2.22,0.8588,0.4505,0.4083,0.9065,1.651,True,SHADOW_ONLY,sprint23_phase3_shadow,0.6604,0.6604,106.38,False,REJECT,failed minimum governance thresholds,2026-08-02T23:32:06.578341+00:00
2026-08-02T23:32:03.550161+00:00,2026-08-02,8cb92d45e2c4570ff14320738ec395f2,Connecticut Sun @ Dallas Wings,Jessica Shepard,pl_6cc5f204f77ba597,pts,UNDER,FanDuel,fanduel,13.5,100,4.98,8.52,0.9515,0.5,0.4515,0.903,4.096,True,SHADOW_ONLY,sprint23_phase3_shadow,0.3034074074074074,0.3034074074074074,128.36185185185187,True,WATCH,passed minimum thresholds; subject to exposure controls,2026-08-02T23:32:06.578341+00:00
2026-08-02T23:32:03.550161+00:00,2026-08-03,9192db295ea37dc4616880169fa9e38d,Las Vegas Aces @ Atlanta Dream,A'ja Wilson,pl_2a3329d505c5b5ab,reb,UNDER,FanDuel,fanduel,9.5,-102,5.9,3.6,0.9588,0.505,0.4539,0.8988,1.651,True,SHADOW_ONLY,sprint23_phase3_shadow,0.17378947368421052,0.17378947368421052,120.83821052631579,True,WATCH,player exposure limit reached,2026-08-02T23:32:06.578341+00:00
2026-08-02T23:32:03.550161+00:00,2026-08-02,8cb92d45e2c4570ff14320738ec395f2,Connecticut Sun @ Dallas Wings,Jessica Shepard,pl_6cc5f204f77ba597,ast,UNDER,DraftKings,draftkings,5.5,-108,2.19,3.31,0.9854,0.5192,0.4662,0.8978,1.21,True,SHADOW_ONLY,sprint23_phase3_shadow,0.22,0.22,119.97200000000001,True,WATCH,player exposure limit reached,2026-08-02T23:32:06.578341+00:00
2026-08-02T23:32:03.550161+00:00,2026-08-03,b69cd4efd717cb22355b34ad83ba553a,Toronto Tempo @ Golden State Valkyries,Isabelle Harrison,pl_a70a0e88781dddff,reb,UNDER,FanDuel,fanduel,5.5,100,2.15,3.35,0.9473,0.5,0.4473,0.8946,1.651,True,SHADOW_ONLY,sprint23_phase3_shadow,0.30018181818181816,0.30018181818181816,116.99436363636363,True,SHORTLIST,passed thresholds and portfolio exposure controls,2026-08-02T23:32:06.578341+00:00
2026-08-02T23:32:03.550161+00:00,2026-08-02,8cb92d45e2c4570ff14320738ec395f2,Connecticut Sun @ Dallas Wings,Jessica Shepard,pl_6cc5f204f77ba597,pra,UNDER,FanDuel,fanduel,31.5,-112,12.7,18.8,0.9975,0.5283,0.4692,0.8882,5.336,True,SHADOW_ONLY,sprint23_phase3_shadow,0.1693968253968254,0.1693968253968254,151.1840634920635,True,SHORTLIST,passed thresholds and portfolio exposure controls,2026-08-02T23:32:06.578341+00:00
2026-08-02T23:32:03.550161+00:00,2026-08-03,b69cd4efd717cb22355b34ad83ba553a,Toronto Tempo @ Golden State Valkyries,Kayla Thornton,pl_3a069f063eb86517,reb,UNDER,FanDuel,fanduel,4.5,122,2.35,2.15,0.8504,0.4505,0.4,0.888,1.651,True,SHADOW_ONLY,sprint23_phase3_shadow,0.3668888888888889,0.3668888888888889,109.76222222222222,True,WATCH,portfolio capacity reached,2026-08-02T23:32:06.578341+00:00
2026-08-02T23:32:03.550161+00:00,2026-08-03,51369aa71fcd604bdf38a760b6bcc223,Seattle Storm @ New York Liberty,Sabrina Ionescu,pl_5718a935043c616f,pts,UNDER,FanDuel,fanduel,19.5,-106,9.9,9.6,0.9692,0.5146,0.4547,0.8836,4.096,True,SHADOW_ONLY,sprint23_phase3_shadow,0.21005128205128207,0.21005128205128207,130.64097435897435,True,WATCH,player exposure limit reached,2026-08-02T23:32:06.578341+00:00
2026-08-02T23:32:03.550161+00:00,2026-08-03,51369aa71fcd604bdf38a760b6bcc223,Seattle Storm @ New York Liberty,Breanna Stewart,pl_a9f0686367871e4e,reb,UNDER,DraftKings,draftkings,8.5,-108,4.42,4.08,0.9758,0.5192,0.4565,0.8793,1.651,True,SHADOW_ONLY,sprint23_phase3_shadow,0.19423529411764706,0.19423529411764706,119.59529411764704,True,WATCH,passed minimum thresholds; subject to exposure controls,2026-08-02T23:32:06.578341+00:00
2026-08-02T23:32:03.550161+00:00,2026-08-03,51369aa71fcd604bdf38a760b6bcc223,Seattle Storm @ New York Liberty,Breanna Stewart,pl_a9f0686367871e4e,pts,UNDER,FanDuel,fanduel,21.5,-106,12.06,9.44,0.967,0.5146,0.4524,0.8793,4.096,True,SHADOW_ONLY,sprint23_phase3_shadow,0.19051162790697676,0.19051162790697676,130.14376744186046,True,WATCH,player exposure limit reached,2026-08-02T23:32:06.578341+00:00
2026-08-02T23:32:03.550161+00:00,2026-08-04,543c1b084ecf7224cb7c70766183859d,Phoenix Mercury @ Chicago Sky,Kahleah Copper,pl_a8c6901f4d81a98e,pra,UNDER,DraftKings,draftkings,28.5,-110,14.19,14.31,0.9838,0.5238,0.46,0.8781,5.336,True,SHADOW_ONLY,sprint23_phase3_shadow,0.1872280701754386,0.1872280701754386,140.28543859649122,True,WATCH,stat exposure limit reached,2026-08-02T23:32:06.578341+00:00
2026-08-02T23:32:03.550161+00:00,2026-08-03,51369aa71fcd604bdf38a760b6bcc223,Seattle Storm @ New York Liberty,Sabrina Ionescu,pl_5718a935043c616f,threes,UNDER,DraftKings,draftkings,2.5,-102,0.89,1.61,0.9471,0.505,0.4422,0.8757,0.793,True,SHADOW_ONLY,sprint23_phase3_shadow,0.31720000000000004,0.31720000000000004,110.97800000000001,True,WATCH,passed minimum thresholds; subject to exposure controls,2026-08-02T23:32:06.578341+00:00
2026-08-02T23:32:03.550161+00:00,2026-08-03,b69cd4efd717cb22355b34ad83ba553a,Toronto Tempo @ Golden State Valkyries,Isabelle Harrison,pl_a70a0e88781dddff,reb,UNDER,DraftKings,draftkings,5.5,-103,2.15,3.35,0.9473,0.5074,0.4399,0.867,1.651,True,SHADOW_ONLY,sprint23_phase3_shadow,0.30018181818181816,0.30018181818181816,113.79036363636365,True,WATCH,passed minimum thresholds; subject to exposure controls,2026-08-02T23:32:06.578341+00:00
2026-08-02T23:32:03.550161+00:00,2026-08-03,9192db295ea37dc4616880169fa9e38d,Las Vegas Aces @ Atlanta Dream,A'ja Wilson,pl_2a3329d505c5b5ab,pra,UNDER,FanDuel,fanduel,39.5,-114,22.67,16.83,0.9941,0.5327,0.4614,0.8661,5.336,True,SHADOW_ONLY,sprint23_phase3_shadow,0.1350886075949367,0.1350886075949367,145.25222784810128,True,SHORTLIST,passed thresholds and portfolio exposure controls,2026-08-02T23:32:06.578341+00:00
2026-08-02T23:32:03.550161+00:00,2026-08-04,543c1b084ecf7224cb7c70766183859d,Phoenix Mercury @ Chicago Sky,Sydney Taylor,pl_d638431d28651af3,pra,UNDER,FanDuel,fanduel,21.5,-106,9.81,11.69,0.9598,0.5146,0.4452,0.8653,5.336,True,SHADOW_ONLY,sprint23_phase3_shadow,0.24818604651162793,0.24818604651162793,131.65827906976745,True,WATCH,stat exposure limit reached,2026-08-02T23:32:06.578341+00:00
2026-08-02T23:32:03.550161+00:00,2026-08-03,51369aa71fcd604bdf38a760b6bcc223,Seattle Storm @ New York Liberty,Breanna Stewart,pl_a9f0686367871e4e,pra,UNDER,FanDuel,fanduel,34.5,-114,18.04,16.46,0.9931,0.5327,0.4604,0.8642,5.336,True,SHADOW_ONLY,sprint23_phase3_shadow,0.15466666666666667,0.15466666666666667,143.87066666666666,True,SHORTLIST,passed thresholds and portfolio exposure controls,2026-08-02T23:32:06.578341+00:00
2026-08-02T23:32:03.550161+00:00,2026-08-03,9192db295ea37dc4616880169fa9e38d,Las Vegas Aces @ Atlanta Dream,Jordin Canada,pl_e49d761a397e4cf3,pra,UNDER,FanDuel,fanduel,22.5,-108,10.14,12.36,0.9678,0.5192,0.4485,0.8638,5.336,True,SHADOW_ONLY,sprint23_phase3_shadow,0.23715555555555556,0.23715555555555556,133.26688888888887,True,WATCH,stat exposure limit reached,2026-08-02T23:32:06.578341+00:00
2026-08-02T23:32:03.550161+00:00,2026-08-03,9192db295ea37dc4616880169fa9e38d,Las Vegas Aces @ Atlanta Dream,Allisha Gray,pl_0538d809f7d14b6b,pra,UNDER,FanDuel,fanduel,24.5,-102,14.06,10.44,0.9407,0.505,0.4358,0.863,5.336,True,SHADOW_ONLY,sprint23_phase3_shadow,0.21779591836734696,0.21779591836734696,128.97208163265307,True,WATCH,stat exposure limit reached,2026-08-02T23:32:06.578341+00:00
2026-08-02T23:32:03.550161+00:00,2026-08-02,8cb92d45e2c4570ff14320738ec395f2,Connecticut Sun @ Dallas Wings,Paige Bueckers,pl_ad864595548de955,pra,UNDER,FanDuel,fanduel,31.5,-114,15.64,15.86,0.9911,0.5327,0.4584,0.8606,5.336,True,SHADOW_ONLY,sprint23_phase3_shadow,0.1693968253968254,0.1693968253968254,141.8960634920635,True,WATCH,stat exposure limit reached,2026-08-02T23:32:06.578341+00:00
2026-08-02T23:32:03.550161+00:00,2026-08-04,543c1b084ecf7224cb7c70766183859d,Phoenix Mercury @ Chicago Sky,Alyssa Thomas,pl_538cccd243d89261,pra,UNDER,FanDuel,fanduel,31.5,-114,15.69,15.81,0.991,0.5327,0.4582,0.8602,5.336,True,SHADOW_ONLY,sprint23_phase3_shadow,0.1693968253968254,0.1693968253968254,141.7440634920635,True,WATCH,stat exposure limit reached,2026-08-02T23:32:06.578341+00:00
2026-08-02T23:32:03.550161+00:00,2026-08-04,543c1b084ecf7224cb7c70766183859d,Phoenix Mercury @ Chicago Sky,Kahleah Copper,pl_a8c6901f4d81a98e,reb,UNDER,FanDuel,fanduel,3.5,114,1.19,2.31,0.8675,0.4673,0.4002,0.8565,1.651,True,SHADOW_ONLY,sprint23_phase3_shadow,0.4717142857142857,0.4717142857142857,104.84771428571429,False,REJECT,failed minimum governance thresholds,2026-08-02T23:32:06.578341+00:00
2026-08-02T23:32:03.550161+00:00,2026-08-04,543c1b084ecf7224cb7c70766183859d,Phoenix Mercury @ Chicago Sky,Alyssa Thomas,pl_538cccd243d89261,pra,UNDER,DraftKings,draftkings,30.5,-114,15.69,14.81,0.9866,0.5327,0.4539,0.852,5.336,True,SHADOW_ONLY,sprint23_phase3_shadow,0.17495081967213116,0.17495081967213116,138.55498360655739,True,WATCH,stat exposure limit reached,2026-08-02T23:32:06.578341+00:00
2026-08-02T23:32:03.550161+00:00,2026-08-02,8cb92d45e2c4570ff14320738ec395f2,Connecticut Sun @ Dallas Wings,Jessica Shepard,pl_6cc5f204f77ba597,ast,UNDER,FanDuel,fanduel,5.5,-114,2.19,3.31,0.9854,0.5327,0.4527,0.8498,1.21,True,SHADOW_ONLY,sprint23_phase3_shadow,0.22,0.22,114.362,True,WATCH,passed minimum thresholds; subject to exposure controls,2026-08-02T23:32:06.578341+00:00
2026-08-02T23:32:03.550161+00:00,2026-08-03,51369aa71fcd604bdf38a760b6bcc223,Seattle Storm @ New York Liberty,Breanna Stewart,pl_a9f0686367871e4e,pts,UNDER,DraftKings,draftkings,21.5,-110,12.06,9.44,0.967,0.5238,0.4432,0.8461,4.096,True,SHADOW_ONLY,sprint23_phase3_shadow,0.19051162790697676,0.19051162790697676,126.27176744186046,True,WATCH,passed minimum thresholds; subject to exposure controls,2026-08-02T23:32:06.578341+00:00
2026-08-02T23:32:03.550161+00:00,2026-08-02,8cb92d45e2c4570ff14320738ec395f2,Connecticut Sun @ Dallas Wings,Paige Bueckers,pl_ad864595548de955,pts,UNDER,DraftKings,draftkings,21.5,-113,11.34,10.16,0.9761,0.5305,0.4456,0.84,4.096,True,SHADOW_ONLY,sprint23_phase3_shadow,0.19051162790697676,0.19051162790697676,127.24576744186048,True,SHORTLIST,passed thresholds and portfolio exposure controls,2026-08-02T23:32:06.578341+00:00
2026-08-02T23:32:03.550161+00:00,2026-08-03,51369aa71fcd604bdf38a760b6bcc223,Seattle Storm @ New York Liberty,Natisha Hiedeman,pl_2396747f40933499,pra,UNDER,FanDuel,fanduel,24.5,-118,7.11,17.39,0.9953,0.5413,0.4541,0.8388,5.336,True,SHADOW_ONLY,sprint23_phase3_shadow,0.21779591836734696,0.21779591836734696,141.55008163265308,True,WATCH,stat exposure limit reached,2026-08-02T23:32:06.578341+00:00
2026-08-02T23:32:03.550161+00:00,2026-08-03,9192db295ea37dc4616880169fa9e38d,Las Vegas Aces @ Atlanta Dream,Jackie Young,pl_debf3ef806a91eba,pts,UNDER,FanDuel,fanduel,19.5,-114,9.23,10.27,0.9773,0.5327,0.4446,0.8346,4.096,True,SHADOW_ONLY,sprint23_phase3_shadow,0.21005128205128207,0.21005128205128207,126.47497435897438,True,SHORTLIST,passed thresholds and portfolio exposure controls,2026-08-02T23:32:06.578341+00:00
2026-08-02T23:32:03.550161+00:00,2026-08-03,51369aa71fcd604bdf38a760b6bcc223,Seattle Storm @ New York Liberty,Sabrina Ionescu,pl_5718a935043c616f,pts,UNDER,DraftKings,draftkings,19.5,-112,9.9,9.6,0.9692,0.5283,0.4409,0.8346,4.096,True,SHADOW_ONLY,sprint23_phase3_shadow,0.21005128205128207,0.21005128205128207,124.91297435897437,True,WATCH,passed minimum thresholds; subject to exposure controls,2026-08-02T23:32:06.578341+00:00
2026-08-02T23:32:03.550161+00:00,2026-08-02,8cb92d45e2c4570ff14320738ec395f2,Connecticut Sun @ Dallas Wings,Paige Bueckers,pl_ad864595548de955,pra,UNDER,DraftKings,draftkings,32.5,-119,15.64,16.86,0.9941,0.5434,0.4508,0.8296,5.336,True,SHADOW_ONLY,sprint23_phase3_shadow,0.1641846153846154,0.1641846153846154,140.4443076923077,True,WATCH,stat exposure limit reached,2026-08-02T23:32:06.578341+00:00
2026-08-02T23:32:03.550161+00:00,2026-08-03,51369aa71fcd604bdf38a760b6bcc223,Seattle Storm @ New York Liberty,Breanna Stewart,pl_a9f0686367871e4e,pra,UNDER,DraftKings,draftkings,34.5,-119,18.04,16.46,0.9931,0.5434,0.4497,0.8276,5.336,True,SHADOW_ONLY,sprint23_phase3_shadow,0.15466666666666667,0.15466666666666667,139.56866666666667,True,WATCH,passed minimum thresholds; subject to exposure controls,2026-08-02T23:32:06.578341+00:00
2026-08-02T23:32:03.550161+00:00,2026-08-02,8cb92d45e2c4570ff14320738ec395f2,Connecticut Sun @ Dallas Wings,Brittney Griner,pl_016b4b6eb75cb3e2,pra,UNDER,DraftKings,draftkings,22.5,-106,12.08,10.42,0.9404,0.5146,0.4258,0.8275,5.336,True,SHADOW_ONLY,sprint23_phase3_shadow,0.23715555555555556,0.23715555555555556,124.3948888888889,True,WATCH,stat exposure limit reached,2026-08-02T23:32:06.578341+00:00
2026-08-02T23:32:03.550161+00:00,2026-08-03,9192db295ea37dc4616880169fa9e38d,Las Vegas Aces @ Atlanta Dream,A'ja Wilson,pl_2a3329d505c5b5ab,reb,UNDER,DraftKings,draftkings,9.5,-111,5.9,3.6,0.9588,0.5261,0.4327,0.8226,1.651,True,SHADOW_ONLY,sprint23_phase3_shadow,0.17378947368421052,0.17378947368421052,111.9462105263158,True,WATCH,passed minimum thresholds; subject to exposure controls,2026-08-02T23:32:06.578341+00:00
2026-08-02T23:32:03.550161+00:00,2026-08-03,51369aa71fcd604bdf38a760b6bcc223,Seattle Storm @ New York Liberty,Dominique Malonga,pl_527d77821505a048,pra,UNDER,DraftKings,draftkings,25.5,-118,10.72,14.78,0.9865,0.5413,0.4452,0.8224,5.336,True,SHADOW_ONLY,sprint23_phase3_shadow,0.20925490196078433,0.20925490196078433,134.3269019607843,True,WATCH,passed minimum thresholds; subject to exposure controls,2026-08-02T23:32:06.578341+00:00
2026-08-02T23:32:03.550161+00:00,2026-08-03,51369aa71fcd604bdf38a760b6bcc223,Seattle Storm @ New York Liberty,Natisha Hiedeman,pl_2396747f40933499,pra,UNDER,DraftKings,draftkings,24.5,-121,7.11,17.39,0.9953,0.5475,0.4478,0.8179,5.336,True,SHADOW_ONLY,sprint23_phase3_shadow,0.21779591836734696,0.21779591836734696,139.08208163265306,True,WATCH,passed minimum thresholds; subject to exposure controls,2026-08-02T23:32:06.578341+00:00
2026-08-02T23:32:03.550161+00:00,2026-08-03,51369aa71fcd604bdf38a760b6bcc223,Seattle Storm @ New York Liberty,Sabrina Ionescu,pl_5718a935043c616f,ast,UNDER,FanDuel,fanduel,5.5,-106,3.22,2.28,0.9336,0.5146,0.419,0.8143,1.21,True,SHADOW_ONLY,sprint23_phase3_shadow,0.22,0.22,106.73,True,WATCH,portfolio capacity reached,2026-08-02T23:32:06.578341+00:00
2026-08-02T23:32:03.550161+00:00,2026-08-02,8cb92d45e2c4570ff14320738ec395f2,Connecticut Sun @ Dallas Wings,Jessica Shepard,pl_6cc5f204f77ba597,pra,UNDER,DraftKings,draftkings,32.5,-123,12.7,19.8,0.9985,0.5516,0.4469,0.8102,5.336,True,SHADOW_ONLY,sprint23_phase3_shadow,0.1641846153846154,0.1641846153846154,144.15030769230768,True,SHORTLIST,passed thresholds and portfolio exposure controls,2026-08-02T23:32:06.578341+00:00
2026-08-02T23:32:03.550161+00:00,2026-08-03,51369aa71fcd604bdf38a760b6bcc223,Seattle Storm @ New York Liberty,Jonquel Jones,pl_0ff64046d8bcbd2b,threes,UNDER,DraftKings,draftkings,1.5,-112,-0.2,1.7,0.9562,0.5283,0.4279,0.81,0.793,True,SHADOW_ONLY,sprint23_phase3_shadow,0.5286666666666667,0.5286666666666667,99.50066666666667,False,REJECT,failed minimum governance thresholds,2026-08-02T23:32:06.578341+00:00
2026-08-02T23:32:03.550161+00:00,2026-08-02,8cb92d45e2c4570ff14320738ec395f2,Connecticut Sun @ Dallas Wings,Olivia Nelson-Ododa,pl_8a4596f4b3d6fcec,reb,UNDER,FanDuel,fanduel,7.5,-122,2.43,5.07,0.9928,0.5495,0.4433,0.8066,1.651,True,SHADOW_ONLY,sprint23_phase3_shadow,0.22013333333333335,0.22013333333333335,112.99533333333333,True,WATCH,passed minimum thresholds; subject to exposure controls,2026-08-02T23:32:06.578341+00:00
2026-08-02T23:32:03.550161+00:00,2026-08-03,51369aa71fcd604bdf38a760b6bcc223,Seattle Storm @ New York Liberty,Natisha Hiedeman,pl_2396747f40933499,reb,UNDER,DraftKings,draftkings,2.5,110,0.28,2.22,0.8588,0.4762,0.3826,0.8034,1.651,True,SHADOW_ONLY,sprint23_phase3_shadow,0.6604,0.6604,94.528,False,REJECT,failed minimum governance thresholds,2026-08-02T23:32:06.578341+00:00
2026-08-02T23:32:03.550161+00:00,2026-08-03,51369aa71fcd604bdf38a760b6bcc223,Seattle Storm @ New York Liberty,Sabrina Ionescu,pl_5718a935043c616f,pra,UNDER,FanDuel,fanduel,30.5,-122,14.78,15.72,0.9906,0.5495,0.4411,0.8026,5.336,True,SHADOW_ONLY,sprint23_phase3_shadow,0.17495081967213116,0.17495081967213116,134.66698360655738,True,WATCH,player exposure limit reached,2026-08-02T23:32:06.578341+00:00
2026-08-02T23:32:03.550161+00:00,2026-08-03,9192db295ea37dc4616880169fa9e38d,Las Vegas Aces @ Atlanta Dream,Angel Reese,pl_2d999585fdbdbe8e,pra,UNDER,DraftKings,draftkings,29.5,-115,17.47,12.03,0.964,0.5349,0.4291,0.8023,5.336,True,SHADOW_ONLY,sprint23_phase3_shadow,0.1808813559322034,0.1808813559322034,126.41837288135594,True,WATCH,stat exposure limit reached,2026-08-02T23:32:06.578341+00:00
2026-08-02T23:32:03.550161+00:00,2026-08-03,9192db295ea37dc4616880169fa9e38d,Las Vegas Aces @ Atlanta Dream,Allisha Gray,pl_0538d809f7d14b6b,pts,UNDER,FanDuel,fanduel,18.5,-106,11.06,7.44,0.9265,0.5146,0.4119,0.8006,4.096,True,SHADOW_ONLY,sprint23_phase3_shadow,0.2214054054054054,0.2214054054054054,115.22589189189189,True,WATCH,portfolio capacity reached,2026-08-02T23:32:06.578341+00:00
2026-08-02T23:32:03.550161+00:00,2026-08-03,51369aa71fcd604bdf38a760b6bcc223,Seattle Storm @ New York Liberty,Dominique Malonga,pl_527d77821505a048,pts,UNDER,FanDuel,fanduel,15.5,-114,6.59,8.91,0.9587,0.5327,0.426,0.7996,4.096,True,SHADOW_ONLY,sprint23_phase3_shadow,0.26425806451612904,0.26425806451612904,118.05483870967743,True,WATCH,game exposure limit reached,2026-08-02T23:32:06.578341+00:00
2026-08-02T23:32:03.550161+00:00,2026-08-03,51369aa71fcd604bdf38a760b6bcc223,Seattle Storm @ New York Liberty,Jonquel Jones,pl_0ff64046d8bcbd2b,pra,UNDER,DraftKings,draftkings,25.5,-110,15.0,10.5,0.9417,0.5238,0.4179,0.7978,5.336,True,SHADOW_ONLY,sprint23_phase3_shadow,0.20925490196078433,0.20925490196078433,121.66890196078431,True,WATCH,game exposure limit reached,2026-08-02T23:32:06.578341+00:00
2026-08-02T23:32:03.550161+00:00,2026-08-04,543c1b084ecf7224cb7c70766183859d,Phoenix Mercury @ Chicago Sky,Kahleah Copper,pl_a8c6901f4d81a98e,pts,UNDER,DraftKings,draftkings,22.5,-118,12.61,9.89,0.973,0.5413,0.4317,0.7975,4.096,True,SHADOW_ONLY,sprint23_phase3_shadow,0.18204444444444445,0.18204444444444445,121.7911111111111,True,SHORTLIST,passed thresholds and portfolio exposure controls,2026-08-02T23:32:06.578341+00:00
2026-08-02T23:32:03.550161+00:00,2026-08-03,51369aa71fcd604bdf38a760b6bcc223,Seattle Storm @ New York Liberty,Natisha Hiedeman,pl_2396747f40933499,pts,UNDER,FanDuel,fanduel,16.5,-122,4.98,11.52,0.9876,0.5495,0.438,0.7971,4.096,True,SHADOW_ONLY,sprint23_phase3_shadow,0.24824242424242424,0.24824242424242424,124.06515151515151,True,WATCH,game exposure limit reached,2026-08-02T23:32:06.578341+00:00
2026-08-02T23:32:03.550161+00:00,2026-08-03,9192db295ea37dc4616880169fa9e38d,Las Vegas Aces @ Atlanta Dream,A'ja Wilson,pl_2a3329d505c5b5ab,pra,UNDER,DraftKings,draftkings,40.5,-125,22.67,17.83,0.9962,0.5556,0.4406,0.7931,5.336,True,SHADOW_ONLY,sprint23_phase3_shadow,0.13175308641975308,0.13175308641975308,138.77093827160493,True,WATCH,stat exposure limit reached,2026-08-02T23:32:06.578341+00:00
2026-08-02T23:32:03.550161+00:00,2026-08-03,9192db295ea37dc4616880169fa9e38d,Las Vegas Aces @ Atlanta Dream,Jackie Young,pl_debf3ef806a91eba,pra,UNDER,FanDuel,fanduel,30.5,-125,13.97,16.53,0.9933,0.5556,0.4377,0.7879,5.336,True,SHADOW_ONLY,sprint23_phase3_shadow,0.17495081967213116,0.17495081967213116,134.6129836065574,True,WATCH,stat exposure limit reached,2026-08-02T23:32:06.578341+00:00
2026-08-02T23:32:03.550161+00:00,2026-08-03,9192db295ea37dc4616880169fa9e38d,Las Vegas Aces @ Atlanta Dream,Chelsea Gray,pl_97ce373787b564c7,pra,UNDER,DraftKings,draftkings,21.5,-115,10.12,11.38,0.9557,0.5349,0.4208,0.7867,5.336,True,SHADOW_ONLY,sprint23_phase3_shadow,0.24818604651162793,0.24818604651162793,121.71427906976746,True,WATCH,stat exposure limit reached,2026-08-02T23:32:06.578341+00:00
2026-08-02T23:32:03.550161+00:00,2026-08-03,b69cd4efd717cb22355b34ad83ba553a,Toronto Tempo @ Golden State Valkyries,Veronica Burton,pl_1241fddfc0d9e94c,pra,UNDER,DraftKings,draftkings,22.5,-122,8.52,13.98,0.9817,0.5495,0.4322,0.7864,5.336,True,SHADOW_ONLY,sprint23_phase3_shadow,0.23715555555555556,0.23715555555555556,127.7888888888889,True,WATCH,stat exposure limit reached,2026-08-02T23:32:06.578341+00:00
2026-08-02T23:32:03.550161+00:00,2026-08-03,9192db295ea37dc4616880169fa9e38d,Las Vegas Aces @ Atlanta Dream,Angel Reese,pl_2d999585fdbdbe8e,reb,UNDER,FanDuel,fanduel,11.5,-112,8.22,3.28,0.9433,0.5283,0.415,0.7856,1.651,True,SHADOW_ONLY,sprint23_phase3_shadow,0.14356521739130435,0.14356521739130435,107.14869565217393,True,WATCH,portfolio capacity reached,2026-08-02T23:32:06.578341+00:00
2026-08-02T23:32:03.550161+00:00,2026-08-03,51369aa71fcd604bdf38a760b6bcc223,Seattle Storm @ New York Liberty,Natisha Hiedeman,pl_2396747f40933499,pts,UNDER,DraftKings,draftkings,16.5,-124,4.98,11.52,0.9876,0.5536,0.434,0.784,4.096,True,SHADOW_ONLY,sprint23_phase3_shadow,0.24824242424242424,0.24824242424242424,122.5151515151515,True,WATCH,passed minimum thresholds; subject to exposure controls,2026-08-02T23:32:06.578341+00:00
2026-08-02T23:32:03.550161+00:00,2026-08-03,9192db295ea37dc4616880169fa9e38d,Las Vegas Aces @ Atlanta Dream,A'ja Wilson,pl_2a3329d505c5b5ab,pts,UNDER,DraftKings,draftkings,26.5,-122,15.94,10.56,0.9802,0.5495,0.4306,0.7836,4.096,True,SHADOW_ONLY,sprint23_phase3_shadow,0.15456603773584907,0.15456603773584907,122.22467924528303,True,SHORTLIST,passed thresholds and portfolio exposure controls,2026-08-02T23:32:06.578341+00:00
2026-08-02T23:32:03.550161+00:00,2026-08-04,543c1b084ecf7224cb7c70766183859d,Phoenix Mercury @ Chicago Sky,Alyssa Thomas,pl_538cccd243d89261,reb,UNDER,DraftKings,draftkings,7.5,-107,4.57,2.93,0.9219,0.5169,0.405,0.7835,1.651,True,SHADOW_ONLY,sprint23_phase3_shadow,0.22013333333333335,0.22013333333333335,104.10733333333333,True,WATCH,portfolio capacity reached,2026-08-02T23:32:06.578341+00:00
2026-08-02T23:32:03.550161+00:00,2026-08-03,9192db295ea37dc4616880169fa9e38d,Las Vegas Aces @ Atlanta Dream,A'ja Wilson,pl_2a3329d505c5b5ab,ast,UNDER,DraftKings,draftkings,3.5,-117,0.83,2.67,0.9611,0.5392,0.4219,0.7825,1.21,True,SHADOW_ONLY,sprint23_phase3_shadow,0.3457142857142857,0.3457142857142857,101.98971428571429,True,WATCH,portfolio capacity reached,2026-08-02T23:32:06.578341+00:00
2026-08-02T23:32:03.550161+00:00,2026-08-03,9192db295ea37dc4616880169fa9e38d,Las Vegas Aces @ Atlanta Dream,Jordin Canada,pl_e49d761a397e4cf3,pra,UNDER,DraftKings,draftkings,22.5,-119,10.14,12.36,0.9678,0.5434,0.4244,0.781,5.336,True,SHADOW_ONLY,sprint23_phase3_shadow,0.23715555555555556,0.23715555555555556,123.54088888888889,True,WATCH,passed minimum thresholds; subject to exposure controls,2026-08-02T23:32:06.578341+00:00
2026-08-02T23:32:03.550161+00:00,2026-08-03,9192db295ea37dc4616880169fa9e38d,Las Vegas Aces @ Atlanta Dream,Allisha Gray,pl_0538d809f7d14b6b,pra,UNDER,DraftKings,draftkings,24.5,-112,14.06,10.44,0.9407,0.5283,0.4124,0.7807,5.336,True,SHADOW_ONLY,sprint23_phase3_shadow,0.21779591836734696,0.21779591836734696,119.33808163265304,True,WATCH,passed minimum thresholds; subject to exposure controls,2026-08-02T23:32:06.578341+00:00
2026-08-02T23:32:03.550161+00:00,2026-08-03,b69cd4efd717cb22355b34ad83ba553a,Toronto Tempo @ Golden State Valkyries,Kayla Thornton,pl_3a069f063eb86517,threes,UNDER,FanDuel,fanduel,1.5,-102,0.24,1.26,0.8984,0.505,0.3935,0.7793,0.793,True,SHADOW_ONLY,sprint23_phase3_shadow,0.5286666666666667,0.5286666666666667,93.48666666666665,False,REJECT,failed minimum governance thresholds,2026-08-02T23:32:06.578341+00:00
2026-08-02T23:32:03.550161+00:00,2026-08-04,543c1b084ecf7224cb7c70766183859d,Phoenix Mercury @ Chicago Sky,Kamilla Cardoso,pl_7968728052e37934,pra,UNDER,FanDuel,fanduel,24.5,-114,13.64,10.86,0.9477,0.5327,0.415,0.7791,5.336,True,SHADOW_ONLY,sprint23_phase3_shadow,0.21779591836734696,0.21779591836734696,120.17408163265306,True,WATCH,stat exposure limit reached,2026-08-02T23:32:06.578341+00:00
2026-08-02T23:32:03.550161+00:00,2026-08-04,543c1b084ecf7224cb7c70766183859d,Phoenix Mercury @ Chicago Sky,Kahleah Copper,pl_a8c6901f4d81a98e,reb,UNDER,DraftKings,draftkings,3.5,105,1.19,2.31,0.8675,0.4878,0.3797,0.7784,1.651,True,SHADOW_ONLY,sprint23_phase3_shadow,0.4717142857142857,0.4717142857142857,95.8077142857143,False,REJECT,failed minimum governance thresholds,2026-08-02T23:32:06.578341+00:00
2026-08-02T23:32:03.550161+00:00,2026-08-03,9192db295ea37dc4616880169fa9e38d,Las Vegas Aces @ Atlanta Dream,Jackie Young,pl_debf3ef806a91eba,pts,UNDER,DraftKings,draftkings,19.5,-122,9.23,10.27,0.9773,0.5495,0.4277,0.7783,4.096,True,SHADOW_ONLY,sprint23_phase3_shadow,0.21005128205128207,0.21005128205128207,119.83097435897437,True,WATCH,passed minimum thresholds; subject to exposure controls,2026-08-02T23:32:06.578341+00:00
2026-08-02T23:32:03.550161+00:00,2026-08-03,9192db295ea37dc4616880169fa9e38d,Las Vegas Aces @ Atlanta Dream,A'ja Wilson,pl_2a3329d505c5b5ab,ast,UNDER,FanDuel,fanduel,3.5,-118,0.83,2.67,0.9611,0.5413,0.4198,0.7755,1.21,True,SHADOW_ONLY,sprint23_phase3_shadow,0.3457142857142857,0.3457142857142857,101.16371428571429,True,WATCH,passed minimum thresholds; subject to exposure controls,2026-08-02T23:32:06.578341+00:00
2026-08-02T23:32:03.550161+00:00,2026-08-04,543c1b084ecf7224cb7c70766183859d,Phoenix Mercury @ Chicago Sky,Alyssa Thomas,pl_538cccd243d89261,reb,UNDER,FanDuel,fanduel,7.5,-108,4.57,2.93,0.9219,0.5192,0.4027,0.7755,1.651,True,SHADOW_ONLY,sprint23_phase3_shadow,0.22013333333333335,0.22013333333333335,103.16933333333333,True,WATCH,passed minimum thresholds; subject to exposure controls,2026-08-02T23:32:06.578341+00:00
2026-08-02T23:32:03.550161+00:00,2026-08-03,9192db295ea37dc4616880169fa9e38d,Las Vegas Aces @ Atlanta Dream,Jackie Young,pl_debf3ef806a91eba,ast,UNDER,FanDuel,fanduel,6.5,-125,3.19,3.31,0.9854,0.5556,0.4299,0.7737,1.21,True,SHADOW_ONLY,sprint23_phase3_shadow,0.18615384615384614,0.18615384615384614,106.06092307692309,True,WATCH,portfolio capacity reached,2026-08-02T23:32:06.578341+00:00
2026-08-02T23:32:03.550161+00:00,2026-08-03,9192db295ea37dc4616880169fa9e38d,Las Vegas Aces @ Atlanta Dream,Jackie Young,pl_debf3ef806a91eba,ast,UNDER,DraftKings,draftkings,6.5,-125,3.19,3.31,0.9854,0.5556,0.4299,0.7737,1.21,True,SHADOW_ONLY,sprint23_phase3_shadow,0.18615384615384614,0.18615384615384614,106.06092307692309,True,WATCH,passed minimum thresholds; subject to exposure controls,2026-08-02T23:32:06.578341+00:00
2026-08-02T23:32:03.550161+00:00,2026-08-04,543c1b084ecf7224cb7c70766183859d,Phoenix Mercury @ Chicago Sky,Sydney Taylor,pl_d638431d28651af3,pts,UNDER,DraftKings,draftkings,17.5,-112,9.67,7.83,0.9364,0.5283,0.4081,0.7724,4.096,True,SHADOW_ONLY,sprint23_phase3_shadow,0.23405714285714285,0.23405714285714285,112.70485714285714,True,WATCH,portfolio capacity reached,2026-08-02T23:32:06.578341+00:00
2026-08-02T23:32:03.550161+00:00,2026-08-03,51369aa71fcd604bdf38a760b6bcc223,Seattle Storm @ New York Liberty,Flau'jae Johnson,pl_7ea95322fc050de7,pra,UNDER,FanDuel,fanduel,21.5,-106,12.48,9.02,0.9114,0.5146,0.3968,0.7712,5.336,True,SHADOW_ONLY,sprint23_phase3_shadow,0.24818604651162793,0.24818604651162793,114.00427906976743,True,WATCH,portfolio capacity reached,2026-08-02T23:32:06.578341+00:00
2026-08-02T23:32:03.550161+00:00,2026-08-02,8cb92d45e2c4570ff14320738ec395f2,Connecticut Sun @ Dallas Wings,Charlisse Leger-Walker,pl_e808c7e45d2ab0d9,ast,UNDER,FanDuel,fanduel,3.5,116,2.11,1.39,0.8198,0.463,0.3569,0.7709,1.21,True,SHADOW_ONLY,sprint23_phase3_shadow,0.3457142857142857,0.3457142857142857,94.3697142857143,True,WATCH,portfolio capacity reached,2026-08-02T23:32:06.578341+00:00
2026-08-02T23:32:03.550161+00:00,2026-08-04,543c1b084ecf7224cb7c70766183859d,Phoenix Mercury @ Chicago Sky,Kahleah Copper,pl_a8c6901f4d81a98e,pra,UNDER,FanDuel,fanduel,28.5,-125,14.19,14.31,0.9838,0.5556,0.4282,0.7708,5.336,True,SHADOW_ONLY,sprint23_phase3_shadow,0.1872280701754386,0.1872280701754386,127.64743859649123,True,WATCH,passed minimum thresholds; subject to exposure controls,2026-08-02T23:32:06.578341+00:00
2026-08-02T23:32:03.550161+00:00,2026-08-03,b69cd4efd717cb22355b34ad83ba553a,Toronto Tempo @ Golden State Valkyries,Kayla Thornton,pl_3a069f063eb86517,threes,UNDER,DraftKings,draftkings,1.5,-103,0.24,1.26,0.8984,0.5074,0.391,0.7707,0.793,True,SHADOW_ONLY,sprint23_phase3_shadow,0.5286666666666667,0.5286666666666667,92.47666666666666,False,REJECT,failed minimum governance thresholds,2026-08-02T23:32:06.578341+00:00
2026-08-02T23:32:03.550161+00:00,2026-08-04,543c1b084ecf7224cb7c70766183859d,Phoenix Mercury @ Chicago Sky,Sydney Taylor,pl_d638431d28651af3,pra,UNDER,DraftKings,draftkings,22.5,-122,9.81,12.69,0.9711,0.5495,0.4216,0.7672,5.336,True,SHADOW_ONLY,sprint23_phase3_shadow,0.23715555555555556,0.23715555555555556,122.65288888888888,True,WATCH,stat exposure limit reached,2026-08-02T23:32:06.578341+00:00
2026-08-02T23:32:03.550161+00:00,2026-08-03,b69cd4efd717cb22355b34ad83ba553a,Toronto Tempo @ Golden State Valkyries,Veronica Burton,pl_1241fddfc0d9e94c,pra,UNDER,FanDuel,fanduel,22.5,-125,8.52,13.98,0.9817,0.5556,0.4262,0.7671,5.336,True,SHADOW_ONLY,sprint23_phase3_shadow,0.23715555555555556,0.23715555555555556,125.49888888888889,True,WATCH,passed minimum thresholds; subject to exposure controls,2026-08-02T23:32:06.578341+00:00
2026-08-02T23:32:03.550161+00:00,2026-08-03,9192db295ea37dc4616880169fa9e38d,Las Vegas Aces @ Atlanta Dream,Angel Reese,pl_2d999585fdbdbe8e,reb,UNDER,DraftKings,draftkings,11.5,-115,8.22,3.28,0.9433,0.5349,0.4084,0.7636,1.651,True,SHADOW_ONLY,sprint23_phase3_shadow,0.14356521739130435,0.14356521739130435,104.55269565217392,True,WATCH,passed minimum thresholds; subject to exposure controls,2026-08-02T23:32:06.578341+00:00
2026-08-02T23:32:03.550161+00:00,2026-08-03,9192db295ea37dc4616880169fa9e38d,Las Vegas Aces @ Atlanta Dream,Jackie Young,pl_debf3ef806a91eba,pra,UNDER,DraftKings,draftkings,30.5,-129,13.97,16.53,0.9933,0.5633,0.43,0.7633,5.336,True,SHADOW_ONLY,sprint23_phase3_shadow,0.17495081967213116,0.17495081967213116,131.69098360655738,True,WATCH,passed minimum thresholds; subject to exposure controls,2026-08-02T23:32:06.578341+00:00
2026-08-02T23:32:03.550161+00:00,2026-08-03,9192db295ea37dc4616880169fa9e38d,Las Vegas Aces @ Atlanta Dream,Allisha Gray,pl_0538d809f7d14b6b,pts,UNDER,DraftKings,draftkings,18.5,-111,11.06,7.44,0.9265,0.5261,0.4004,0.7612,4.096,True,SHADOW_ONLY,sprint23_phase3_shadow,0.2214054054054054,0.2214054054054054,110.5958918918919,True,WATCH,passed minimum thresholds; subject to exposure controls,2026-08-02T23:32:06.578341+00:00
2026-08-02T23:32:03.550161+00:00,2026-08-02,8cb92d45e2c4570ff14320738ec395f2,Connecticut Sun @ Dallas Wings,Olivia Nelson-Ododa,pl_8a4596f4b3d6fcec,pts,UNDER,DraftKings,draftkings,13.5,-123,3.97,9.53,0.9684,0.5516,0.4168,0.7557,4.096,True,SHADOW_ONLY,sprint23_phase3_shadow,0.3034074074074074,0.3034074074074074,113.56985185185185,True,WATCH,portfolio capacity reached,2026-08-02T23:32:06.578341+00:00
2026-08-02T23:32:03.550161+00:00,2026-08-02,8cb92d45e2c4570ff14320738ec395f2,Connecticut Sun @ Dallas Wings,Brittney Griner,pl_016b4b6eb75cb3e2,pra,UNDER,FanDuel,fanduel,23.5,-120,12.08,11.42,0.9561,0.5455,0.4107,0.7529,5.336,True,SHADOW_ONLY,sprint23_phase3_shadow,0.22706382978723405,0.22706382978723405,118.23072340425533,True,WATCH,stat exposure limit reached,2026-08-02T23:32:06.578341+00:00
2026-08-02T23:32:03.550161+00:00,2026-08-04,543c1b084ecf7224cb7c70766183859d,Phoenix Mercury @ Chicago Sky,Sydney Taylor,pl_d638431d28651af3,pts,UNDER,FanDuel,fanduel,17.5,-115,9.67,7.83,0.9364,0.5349,0.4015,0.7506,4.096,True,SHADOW_ONLY,sprint23_phase3_shadow,0.23405714285714285,0.23405714285714285,110.12885714285714,True,WATCH,passed minimum thresholds; subject to exposure controls,2026-08-02T23:32:06.578341+00:00
2026-08-02T23:32:03.550161+00:00,2026-08-04,543c1b084ecf7224cb7c70766183859d,Phoenix Mercury @ Chicago Sky,Kamilla Cardoso,pl_7968728052e37934,pra,UNDER,DraftKings,draftkings,25.5,-122,13.64,11.86,0.9619,0.5495,0.4123,0.7503,5.336,True,SHADOW_ONLY,sprint23_phase3_shadow,0.20925490196078433,0.20925490196078433,119.30290196078431,True,WATCH,stat exposure limit reached,2026-08-02T23:32:06.578341+00:00
2026-08-02T23:32:03.550161+00:00,2026-08-03,51369aa71fcd604bdf38a760b6bcc223,Seattle Storm @ New York Liberty,Dominique Malonga,pl_527d77821505a048,reb,UNDER,FanDuel,fanduel,8.5,-130,3.75,4.75,0.9892,0.5652,0.4239,0.7501,1.651,True,SHADOW_ONLY,sprint23_phase3_shadow,0.19423529411764706,0.19423529411764706,106.05929411764706,True,WATCH,portfolio capacity reached,2026-08-02T23:32:06.578341+00:00
2026-08-02T23:32:03.550161+00:00,2026-08-03,51369aa71fcd604bdf38a760b6bcc223,Seattle Storm @ New York Liberty,Dominique Malonga,pl_527d77821505a048,reb,UNDER,DraftKings,draftkings,8.5,-130,3.75,4.75,0.9892,0.5652,0.4239,0.7501,1.651,True,SHADOW_ONLY,sprint23_phase3_shadow,0.19423529411764706,0.19423529411764706,106.05929411764706,True,WATCH,passed minimum thresholds; subject to exposure controls,2026-08-02T23:32:06.578341+00:00
2026-08-02T23:32:03.550161+00:00,2026-08-03,b69cd4efd717cb22355b34ad83ba553a,Toronto Tempo @ Golden State Valkyries,Veronica Burton,pl_1241fddfc0d9e94c,pts,UNDER,DraftKings,draftkings,12.5,-117,4.4,8.1,0.9427,0.5392,0.4035,0.7484,4.096,True,SHADOW_ONLY,sprint23_phase3_shadow,0.32768,0.32768,108.69639999999998,True,WATCH,portfolio capacity reached,2026-08-02T23:32:06.578341+00:00
2026-08-02T23:32:03.550161+00:00,2026-08-03,b69cd4efd717cb22355b34ad83ba553a,Toronto Tempo @ Golden State Valkyries,Gabby Williams,pl_9201a353366bfdf8,pra,UNDER,FanDuel,fanduel,19.5,-106,10.96,8.54,0.8991,0.5146,0.3846,0.7474,5.336,True,SHADOW_ONLY,sprint23_phase3_shadow,0.27364102564102566,0.27364102564102566,109.42317948717948,True,WATCH,portfolio capacity reached,2026-08-02T23:32:06.578341+00:00
2026-08-02T23:32:03.550161+00:00,2026-08-03,b69cd4efd717cb22355b34ad83ba553a,Toronto Tempo @ Golden State Valkyries,Gabby Williams,pl_9201a353366bfdf8,pts,UNDER,DraftKings,draftkings,14.5,-111,7.33,7.17,0.9189,0.5261,0.3928,0.7468,4.096,True,SHADOW_ONLY,sprint23_phase3_shadow,0.28248275862068967,0.28248275862068967,106.93834482758622,True,WATCH,portfolio capacity reached,2026-08-02T23:32:06.578341+00:00
2026-08-02T23:32:03.550161+00:00,2026-08-03,9192db295ea37dc4616880169fa9e38d,Las Vegas Aces @ Atlanta Dream,A'ja Wilson,pl_2a3329d505c5b5ab,pts,UNDER,FanDuel,fanduel,26.5,-128,15.94,10.56,0.9802,0.5614,0.4188,0.7459,4.096,True,SHADOW_ONLY,sprint23_phase3_shadow,0.15456603773584907,0.15456603773584907,117.74667924528303,True,WATCH,passed minimum thresholds; subject to exposure controls,2026-08-02T23:32:06.578341+00:00
2026-08-02T23:32:03.550161+00:00,2026-08-04,543c1b084ecf7224cb7c70766183859d,Phoenix Mercury @ Chicago Sky,Alyssa Thomas,pl_538cccd243d89261,pts,UNDER,DraftKings,draftkings,14.5,-123,5.45,9.05,0.9611,0.5516,0.4095,0.7425,4.096,True,SHADOW_ONLY,sprint23_phase3_shadow,0.28248275862068967,0.28248275862068967,111.2703448275862,True,WATCH,passed minimum thresholds; subject to exposure controls,2026-08-02T23:32:06.578341+00:00
2026-08-02T23:32:03.550161+00:00,2026-08-02,8cb92d45e2c4570ff14320738ec395f2,Connecticut Sun @ Dallas Wings,Charlisse Leger-Walker,pl_e808c7e45d2ab0d9,pra,UNDER,DraftKings,draftkings,14.5,-107,5.96,8.54,0.8992,0.5169,0.3823,0.7397,5.336,True,SHADOW_ONLY,sprint23_phase3_shadow,0.368,0.368,106.628,True,WATCH,portfolio capacity reached,2026-08-02T23:32:06.578341+00:00
2026-08-02T23:32:03.550161+00:00,2026-08-03,b69cd4efd717cb22355b34ad83ba553a,Toronto Tempo @ Golden State Valkyries,Gabby Williams,pl_9201a353366bfdf8,pra,UNDER,DraftKings,draftkings,19.5,-107,10.96,8.54,0.8991,0.5169,0.3822,0.7395,5.336,True,SHADOW_ONLY,sprint23_phase3_shadow,0.27364102564102566,0.27364102564102566,108.48917948717948,True,WATCH,passed minimum thresholds; subject to exposure controls,2026-08-02T23:32:06.578341+00:00
2026-08-02T23:32:03.550161+00:00,2026-08-02,8cb92d45e2c4570ff14320738ec395f2,Connecticut Sun @ Dallas Wings,Paige Bueckers,pl_ad864595548de955,pts,UNDER,FanDuel,fanduel,21.5,-128,11.34,10.16,0.9761,0.5614,0.4147,0.7388,4.096,True,SHADOW_ONLY,sprint23_phase3_shadow,0.19051162790697676,0.19051162790697676,115.27176744186046,True,WATCH,passed minimum thresholds; subject to exposure controls,2026-08-02T23:32:06.578341+00:00
2026-08-02T23:32:03.550161+00:00,2026-08-03,51369aa71fcd604bdf38a760b6bcc223,Seattle Storm @ New York Liberty,Dominique Malonga,pl_527d77821505a048,pts,UNDER,DraftKings,draftkings,15.5,-123,6.59,8.91,0.9587,0.5516,0.4071,0.7381,4.096,True,SHADOW_ONLY,sprint23_phase3_shadow,0.26425806451612904,0.26425806451612904,110.77083870967743,True,WATCH,passed minimum thresholds; subject to exposure controls,2026-08-02T23:32:06.578341+00:00
2026-08-02T23:32:03.550161+00:00,2026-08-03,b69cd4efd717cb22355b34ad83ba553a,Toronto Tempo @ Golden State Valkyries,Kayla Thornton,pl_3a069f063eb86517,pra,UNDER,FanDuel,fanduel,15.5,-102,7.73,7.77,0.8773,0.505,0.3724,0.7375,5.336,True,SHADOW_ONLY,sprint23_phase3_shadow,0.34425806451612906,0.34425806451612906,104.7488387096774,True,WATCH,portfolio capacity reached,2026-08-02T23:32:06.578341+00:00
2026-08-02T23:32:03.550161+00:00,2026-08-03,b69cd4efd717cb22355b34ad83ba553a,Toronto Tempo @ Golden State Valkyries,Nyara Sabally,pl_d4809954b4ed0d21,pts,UNDER,FanDuel,fanduel,10.5,-106,4.09,6.41,0.894,0.5146,0.3794,0.7373,4.096,True,SHADOW_ONLY,sprint23_phase3_shadow,0.3900952380952381,0.3900952380952381,101.51209523809523,True,WATCH,portfolio capacity reached,2026-08-02T23:32:06.578341+00:00
2026-08-02T23:32:03.550161+00:00,2026-08-02,8cb92d45e2c4570ff14320738ec395f2,Connecticut Sun @ Dallas Wings,Brittney Griner,pl_016b4b6eb75cb3e2,pts,UNDER,FanDuel,fanduel,14.5,-104,8.43,6.07,0.8816,0.5098,0.3718,0.7293,4.096,True,SHADOW_ONLY,sprint23_phase3_shadow,0.28248275862068967,0.28248275862068967,101.72834482758621,True,WATCH,portfolio capacity reached,2026-08-02T23:32:06.578341+00:00
2026-08-02T23:32:03.550161+00:00,2026-08-04,543c1b084ecf7224cb7c70766183859d,Phoenix Mercury @ Chicago Sky,Kahleah Copper,pl_a8c6901f4d81a98e,pts,UNDER,FanDuel,fanduel,22.5,-130,12.61,9.89,0.973,0.5652,0.4078,0.7214,4.096,True,SHADOW_ONLY,sprint23_phase3_shadow,0.18204444444444445,0.18204444444444445,112.74711111111111,True,WATCH,passed minimum thresholds; subject to exposure controls,2026-08-02T23:32:06.578341+00:00
2026-08-02T23:32:03.550161+00:00,2026-08-03,b69cd4efd717cb22355b34ad83ba553a,Toronto Tempo @ Golden State Valkyries,Gabby Williams,pl_9201a353366bfdf8,pts,UNDER,FanDuel,fanduel,14.5,-115,7.33,7.17,0.9189,0.5349,0.384,0.718,4.096,True,SHADOW_ONLY,sprint23_phase3_shadow,0.28248275862068967,0.28248275862068967,103.53034482758622,True,WATCH,passed minimum thresholds; subject to exposure controls,2026-08-02T23:32:06.578341+00:00
2026-08-02T23:32:03.550161+00:00,2026-08-03,b69cd4efd717cb22355b34ad83ba553a,Toronto Tempo @ Golden State Valkyries,Veronica Burton,pl_1241fddfc0d9e94c,pts,UNDER,FanDuel,fanduel,12.5,-122,4.4,8.1,0.9427,0.5495,0.3931,0.7153,4.096,True,SHADOW_ONLY,sprint23_phase3_shadow,0.32768,0.32768,104.7624,True,WATCH,passed minimum thresholds; subject to exposure controls,2026-08-02T23:32:06.578341+00:00
2026-08-02T23:32:03.550161+00:00,2026-08-04,543c1b084ecf7224cb7c70766183859d,Phoenix Mercury @ Chicago Sky,Alyssa Thomas,pl_538cccd243d89261,ast,UNDER,FanDuel,fanduel,8.5,-130,5.68,2.82,0.9686,0.5652,0.4034,0.7138,1.21,True,SHADOW_ONLY,sprint23_phase3_shadow,0.14235294117647057,0.14235294117647057,98.3769411764706,True,WATCH,portfolio capacity reached,2026-08-02T23:32:06.578341+00:00
2026-08-02T23:32:03.550161+00:00,2026-08-02,8cb92d45e2c4570ff14320738ec395f2,Connecticut Sun @ Dallas Wings,Olivia Nelson-Ododa,pl_8a4596f4b3d6fcec,pts,UNDER,FanDuel,fanduel,13.5,-130,3.97,9.53,0.9684,0.5652,0.4032,0.7133,4.096,True,SHADOW_ONLY,sprint23_phase3_shadow,0.3034074074074074,0.3034074074074074,108.51385185185184,True,WATCH,passed minimum thresholds; subject to exposure controls,2026-08-02T23:32:06.578341+00:00
2026-08-02T23:32:03.550161+00:00,2026-08-03,b69cd4efd717cb22355b34ad83ba553a,Toronto Tempo @ Golden State Valkyries,Isabelle Harrison,pl_a70a0e88781dddff,pts,UNDER,FanDuel,fanduel,12.5,-122,4.53,7.97,0.9397,0.5495,0.3901,0.7099,4.096,True,SHADOW_ONLY,sprint23_phase3_shadow,0.32768,0.32768,103.78239999999998,True,WATCH,portfolio capacity reached,2026-08-02T23:32:06.578341+00:00
2026-08-02T23:32:03.550161+00:00,2026-08-03,9192db295ea37dc4616880169fa9e38d,Las Vegas Aces @ Atlanta Dream,Rhyne Howard,pl_18c31d08ca4a3a7c,pra,UNDER,DraftKings,draftkings,24.5,-123,13.95,10.55,0.9427,0.5516,0.3911,0.7091,5.336,True,SHADOW_ONLY,sprint23_phase3_shadow,0.21779591836734696,0.21779591836734696,111.12008163265305,True,WATCH,portfolio capacity reached,2026-08-02T23:32:06.578341+00:00
2026-08-02T23:32:03.550161+00:00,2026-08-03,9192db295ea37dc4616880169fa9e38d,Las Vegas Aces @ Atlanta Dream,Angel Reese,pl_2d999585fdbdbe8e,pra,UNDER,FanDuel,fanduel,29.5,-130,17.47,12.03,0.964,0.5652,0.3988,0.7056,5.336,True,SHADOW_ONLY,sprint23_phase3_shadow,0.1808813559322034,0.1808813559322034,114.93037288135594,True,WATCH,passed minimum thresholds; subject to exposure controls,2026-08-02T23:32:06.578341+00:00
2026-08-02T23:32:03.550161+00:00,2026-08-03,51369aa71fcd604bdf38a760b6bcc223,Seattle Storm @ New York Liberty,Jonquel Jones,pl_0ff64046d8bcbd2b,pra,UNDER,FanDuel,fanduel,26.5,-128,15.0,11.5,0.9572,0.5614,0.3958,0.705,5.336,True,SHADOW_ONLY,sprint23_phase3_shadow,0.20135849056603775,0.20135849056603775,113.22083018867923,True,WATCH,portfolio capacity reached,2026-08-02T23:32:06.578341+00:00
2026-08-02T23:32:03.550161+00:00,2026-08-03,b69cd4efd717cb22355b34ad83ba553a,Toronto Tempo @ Golden State Valkyries,Veronica Burton,pl_1241fddfc0d9e94c,ast,UNDER,DraftKings,draftkings,6.5,-139,2.96,3.54,0.9902,0.5816,0.4086,0.7026,1.21,True,SHADOW_ONLY,sprint23_phase3_shadow,0.18615384615384614,0.18615384615384614,98.13292307692309,True,WATCH,portfolio capacity reached,2026-08-02T23:32:06.578341+00:00
2026-08-02T23:32:03.550161+00:00,2026-08-03,9192db295ea37dc4616880169fa9e38d,Las Vegas Aces @ Atlanta Dream,Chelsea Gray,pl_97ce373787b564c7,pts,UNDER,DraftKings,draftkings,12.5,-120,5.03,7.47,0.9273,0.5455,0.3818,0.7,4.096,True,SHADOW_ONLY,sprint23_phase3_shadow,0.32768,0.32768,101.2944,True,WATCH,portfolio capacity reached,2026-08-02T23:32:06.578341+00:00
2026-08-02T23:32:03.550161+00:00,2026-08-04,543c1b084ecf7224cb7c70766183859d,Phoenix Mercury @ Chicago Sky,Kamilla Cardoso,pl_7968728052e37934,pts,UNDER,DraftKings,draftkings,14.5,-118,7.31,7.19,0.9193,0.5413,0.378,0.6984,4.096,True,SHADOW_ONLY,sprint23_phase3_shadow,0.28248275862068967,0.28248275862068967,101.25034482758622,True,WATCH,portfolio capacity reached,2026-08-02T23:32:06.578341+00:00
2026-08-02T23:32:03.550161+00:00,2026-08-02,8cb92d45e2c4570ff14320738ec395f2,Connecticut Sun @ Dallas Wings,Arike Ogunbowale,pl_3f004ccdde4922fa,reb,UNDER,FanDuel,fanduel,2.5,114,0.82,1.68,0.7921,0.4673,0.3248,0.695,1.651,True,SHADOW_ONLY,sprint23_phase3_shadow,0.6604,0.6604,79.14,False,REJECT,failed minimum governance thresholds,2026-08-02T23:32:06.578341+00:00
2026-08-02T23:32:03.550161+00:00,2026-08-03,51369aa71fcd604bdf38a760b6bcc223,Seattle Storm @ New York Liberty,Sabrina Ionescu,pl_5718a935043c616f,ast,UNDER,DraftKings,draftkings,5.5,-123,3.22,2.28,0.9336,0.5516,0.382,0.6926,1.21,True,SHADOW_ONLY,sprint23_phase3_shadow,0.22,0.22,92.34,True,WATCH,passed minimum thresholds; subject to exposure controls,2026-08-02T23:32:06.578341+00:00
2026-08-02T23:32:03.550161+00:00,2026-08-03,9192db295ea37dc4616880169fa9e38d,Las Vegas Aces @ Atlanta Dream,Jordin Canada,pl_e49d761a397e4cf3,reb,UNDER,FanDuel,fanduel,3.5,-110,1.01,2.49,0.8858,0.5238,0.362,0.691,1.651,True,SHADOW_ONLY,sprint23_phase3_shadow,0.4717142857142857,0.4717142857142857,86.36571428571429,False,REJECT,failed minimum governance thresholds,2026-08-02T23:32:06.578341+00:00
2026-08-02T23:32:03.550161+00:00,2026-08-03,9192db295ea37dc4616880169fa9e38d,Las Vegas Aces @ Atlanta Dream,Chelsea Gray,pl_97ce373787b564c7,pra,UNDER,FanDuel,fanduel,21.5,-130,10.12,11.38,0.9557,0.5652,0.3904,0.6908,5.336,True,SHADOW_ONLY,sprint23_phase3_shadow,0.24818604651162793,0.24818604651162793,110.30027906976746,True,WATCH,passed minimum thresholds; subject to exposure controls,2026-08-02T23:32:06.578341+00:00
2026-08-02T23:32:03.550161+00:00,2026-08-03,9192db295ea37dc4616880169fa9e38d,Las Vegas Aces @ Atlanta Dream,Jackie Young,pl_debf3ef806a91eba,reb,UNDER,FanDuel,fanduel,3.5,104,1.55,1.95,0.8272,0.4902,0.3371,0.6876,1.651,True,SHADOW_ONLY,sprint23_phase3_shadow,0.4717142857142857,0.4717142857142857,83.4517142857143,False,REJECT,failed minimum governance thresholds,2026-08-02T23:32:06.578341+00:00
2026-08-02T23:32:03.550161+00:00,2026-08-03,9192db295ea37dc4616880169fa9e38d,Las Vegas Aces @ Atlanta Dream,Jackie Young,pl_debf3ef806a91eba,threes,UNDER,DraftKings,draftkings,1.5,127,0.85,0.65,0.7424,0.4405,0.3019,0.6853,0.793,True,SHADOW_ONLY,sprint23_phase3_shadow,0.5286666666666667,0.5286666666666667,77.37066666666666,False,REJECT,failed minimum governance thresholds,2026-08-02T23:32:06.578341+00:00
2026-08-02T23:32:03.550161+00:00,2026-08-02,8cb92d45e2c4570ff14320738ec395f2,Connecticut Sun @ Dallas Wings,Arike Ogunbowale,pl_3f004ccdde4922fa,pra,UNDER,DraftKings,draftkings,22.5,-113,14.16,8.34,0.8937,0.5305,0.3632,0.6846,5.336,True,SHADOW_ONLY,sprint23_phase3_shadow,0.23715555555555556,0.23715555555555556,102.18888888888888,True,WATCH,portfolio capacity reached,2026-08-02T23:32:06.578341+00:00
2026-08-02T23:32:03.550161+00:00,2026-08-03,51369aa71fcd604bdf38a760b6bcc223,Seattle Storm @ New York Liberty,Jonquel Jones,pl_0ff64046d8bcbd2b,reb,UNDER,FanDuel,fanduel,9.5,-138,5.45,4.05,0.9748,0.5798,0.395,0.6813,1.651,True,SHADOW_ONLY,sprint23_phase3_shadow,0.17378947368421052,0.17378947368421052,96.45421052631578,True,WATCH,portfolio capacity reached,2026-08-02T23:32:06.578341+00:00
2026-08-02T23:32:03.550161+00:00,2026-08-03,51369aa71fcd604bdf38a760b6bcc223,Seattle Storm @ New York Liberty,Jonquel Jones,pl_0ff64046d8bcbd2b,reb,UNDER,DraftKings,draftkings,9.5,-138,5.45,4.05,0.9748,0.5798,0.395,0.6813,1.651,True,SHADOW_ONLY,sprint23_phase3_shadow,0.17378947368421052,0.17378947368421052,96.45421052631578,True,WATCH,passed minimum thresholds; subject to exposure controls,2026-08-02T23:32:06.578341+00:00
2026-08-02T23:32:03.550161+00:00,2026-08-03,9192db295ea37dc4616880169fa9e38d,Las Vegas Aces @ Atlanta Dream,Rhyne Howard,pl_18c31d08ca4a3a7c,pra,UNDER,FanDuel,fanduel,24.5,-128,13.95,10.55,0.9427,0.5614,0.3813,0.6791,5.336,True,SHADOW_ONLY,sprint23_phase3_shadow,0.21779591836734696,0.21779591836734696,107.53208163265306,True,WATCH,passed minimum thresholds; subject to exposure controls,2026-08-02T23:32:06.578341+00:00
2026-08-02T23:32:03.550161+00:00,2026-08-03,9192db295ea37dc4616880169fa9e38d,Las Vegas Aces @ Atlanta Dream,Rhyne Howard,pl_18c31d08ca4a3a7c,reb,UNDER,FanDuel,fanduel,3.5,102,1.53,1.97,0.8289,0.495,0.3339,0.6745,1.651,True,SHADOW_ONLY,sprint23_phase3_shadow,0.4717142857142857,0.4717142857142857,81.98971428571429,False,REJECT,failed minimum governance thresholds,2026-08-02T23:32:06.578341+00:00
2026-08-02T23:32:03.550161+00:00,2026-08-03,9192db295ea37dc4616880169fa9e38d,Las Vegas Aces @ Atlanta Dream,Jackie Young,pl_debf3ef806a91eba,reb,UNDER,DraftKings,draftkings,3.5,102,1.55,1.95,0.8272,0.495,0.3322,0.671,1.651,True,SHADOW_ONLY,sprint23_phase3_shadow,0.4717142857142857,0.4717142857142857,81.4977142857143,False,REJECT,failed minimum governance thresholds,2026-08-02T23:32:06.578341+00:00
2026-08-02T23:32:03.550161+00:00,2026-08-03,b69cd4efd717cb22355b34ad83ba553a,Toronto Tempo @ Golden State Valkyries,Veronica Burton,pl_1241fddfc0d9e94c,ast,UNDER,FanDuel,fanduel,6.5,-146,2.96,3.54,0.9902,0.5935,0.3967,0.6684,1.21,True,SHADOW_ONLY,sprint23_phase3_shadow,0.18615384615384614,0.18615384615384614,93.99892307692308,True,WATCH,passed minimum thresholds; subject to exposure controls,2026-08-02T23:32:06.578341+00:00
2026-08-02T23:32:03.550161+00:00,2026-08-03,9192db295ea37dc4616880169fa9e38d,Las Vegas Aces @ Atlanta Dream,Angel Reese,pl_2d999585fdbdbe8e,pts,UNDER,DraftKings,draftkings,15.5,-126,7.94,7.56,0.9296,0.5575,0.3721,0.6674,4.096,True,SHADOW_ONLY,sprint23_phase3_shadow,0.26425806451612904,0.26425806451612904,98.90083870967743,True,WATCH,portfolio capacity reached,2026-08-02T23:32:06.578341+00:00
2026-08-02T23:32:03.550161+00:00,2026-08-03,9192db295ea37dc4616880169fa9e38d,Las Vegas Aces @ Atlanta Dream,Jordin Canada,pl_e49d761a397e4cf3,reb,UNDER,DraftKings,draftkings,3.5,-114,1.01,2.49,0.8858,0.5327,0.3531,0.6628,1.651,True,SHADOW_ONLY,sprint23_phase3_shadow,0.4717142857142857,0.4717142857142857,83.0117142857143,False,REJECT,failed minimum governance thresholds,2026-08-02T23:32:06.578341+00:00
2026-08-02T23:32:03.550161+00:00,2026-08-03,51369aa71fcd604bdf38a760b6bcc223,Seattle Storm @ New York Liberty,Sabrina Ionescu,pl_5718a935043c616f,reb,UNDER,DraftKings,draftkings,4.5,-123,1.65,2.85,0.9154,0.5516,0.3638,0.6596,1.651,True,SHADOW_ONLY,sprint23_phase3_shadow,0.3668888888888889,0.3668888888888889,86.15022222222223,True,WATCH,portfolio capacity reached,2026-08-02T23:32:06.578341+00:00
2026-08-02T23:32:03.550161+00:00,2026-08-02,8cb92d45e2c4570ff14320738ec395f2,Connecticut Sun @ Dallas Wings,Brittney Griner,pl_016b4b6eb75cb3e2,reb,UNDER,DraftKings,draftkings,5.5,-113,3.06,2.44,0.8804,0.5305,0.3499,0.6595,1.651,True,SHADOW_ONLY,sprint23_phase3_shadow,0.30018181818181816,0.30018181818181816,85.82036363636364,True,WATCH,portfolio capacity reached,2026-08-02T23:32:06.578341+00:00
2026-08-02T23:32:03.550161+00:00,2026-08-02,8cb92d45e2c4570ff14320738ec395f2,Connecticut Sun @ Dallas Wings,Paige Bueckers,pl_ad864595548de955,ast,UNDER,DraftKings,draftkings,6.5,-145,3.33,3.17,0.9818,0.5918,0.3899,0.6589,1.21,True,SHADOW_ONLY,sprint23_phase3_shadow,0.18615384615384614,0.18615384615384614,91.90092307692309,True,WATCH,portfolio capacity reached,2026-08-02T23:32:06.578341+00:00
2026-08-02T23:32:03.550161+00:00,2026-08-03,b69cd4efd717cb22355b34ad83ba553a,Toronto Tempo @ Golden State Valkyries,Isabelle Harrison,pl_a70a0e88781dddff,pts,UNDER,DraftKings,draftkings,12.5,-131,4.53,7.97,0.9397,0.5671,0.3726,0.657,4.096,True,SHADOW_ONLY,sprint23_phase3_shadow,0.32768,0.32768,97.44239999999999,True,WATCH,passed minimum thresholds; subject to exposure controls,2026-08-02T23:32:06.578341+00:00
2026-08-02T23:32:03.550161+00:00,2026-08-02,8cb92d45e2c4570ff14320738ec395f2,Connecticut Sun @ Dallas Wings,Brittney Griner,pl_016b4b6eb75cb3e2,pts,UNDER,DraftKings,draftkings,14.5,-114,8.43,6.07,0.8816,0.5327,0.3489,0.6549,4.096,True,SHADOW_ONLY,sprint23_phase3_shadow,0.28248275862068967,0.28248275862068967,92.91434482758622,True,WATCH,passed minimum thresholds; subject to exposure controls,2026-08-02T23:32:06.578341+00:00
2026-08-02T23:32:03.550161+00:00,2026-08-02,8cb92d45e2c4570ff14320738ec395f2,Connecticut Sun @ Dallas Wings,Diamond Miller,pl_be910958c10a81a8,pts,UNDER,DraftKings,draftkings,9.5,-118,3.08,6.42,0.8946,0.5413,0.3533,0.6528,4.096,True,SHADOW_ONLY,sprint23_phase3_shadow,0.43115789473684213,0.43115789473684213,90.69484210526318,False,REJECT,failed minimum governance thresholds,2026-08-02T23:32:06.578341+00:00
2026-08-02T23:32:03.550161+00:00,2026-08-03,51369aa71fcd604bdf38a760b6bcc223,Seattle Storm @ New York Liberty,Awa Fam,pl_531f83caa0cb9b98,pra,UNDER,FanDuel,fanduel,19.5,-118,11.18,8.32,0.8932,0.5413,0.3519,0.6501,5.336,True,SHADOW_ONLY,sprint23_phase3_shadow,0.27364102564102566,0.27364102564102566,97.29117948717949,True,WATCH,portfolio capacity reached,2026-08-02T23:32:06.578341+00:00
2026-08-02T23:32:03.550161+00:00,2026-08-03,9192db295ea37dc4616880169fa9e38d,Las Vegas Aces @ Atlanta Dream,Rhyne Howard,pl_18c31d08ca4a3a7c,pts,UNDER,DraftKings,draftkings,16.5,-114,10.51,5.99,0.8783,0.5327,0.3456,0.6488,4.096,True,SHADOW_ONLY,sprint23_phase3_shadow,0.24824242424242424,0.24824242424242424,92.63115151515153,True,WATCH,portfolio capacity reached,2026-08-02T23:32:06.578341+00:00
2026-08-02T23:32:03.550161+00:00,2026-08-03,51369aa71fcd604bdf38a760b6bcc223,Seattle Storm @ New York Liberty,Sabrina Ionescu,pl_5718a935043c616f,reb,UNDER,FanDuel,fanduel,4.5,-125,1.65,2.85,0.9154,0.5556,0.3598,0.6477,1.651,True,SHADOW_ONLY,sprint23_phase3_shadow,0.3668888888888889,0.3668888888888889,84.72022222222223,True,WATCH,passed minimum thresholds; subject to exposure controls,2026-08-02T23:32:06.578341+00:00
2026-08-02T23:32:03.550161+00:00,2026-08-03,51369aa71fcd604bdf38a760b6bcc223,Seattle Storm @ New York Liberty,Jonquel Jones,pl_0ff64046d8bcbd2b,pts,UNDER,FanDuel,fanduel,13.5,-108,8.07,5.43,0.8548,0.5192,0.3356,0.6463,4.096,True,SHADOW_ONLY,sprint23_phase3_shadow,0.3034074074074074,0.3034074074074074,89.55785185185184,True,WATCH,portfolio capacity reached,2026-08-02T23:32:06.578341+00:00
2026-08-02T23:32:03.550161+00:00,2026-08-03,9192db295ea37dc4616880169fa9e38d,Las Vegas Aces @ Atlanta Dream,Jordin Canada,pl_e49d761a397e4cf3,ast,UNDER,FanDuel,fanduel,8.5,-154,4.24,4.26,0.9975,0.6063,0.3912,0.6453,1.21,True,SHADOW_ONLY,sprint23_phase3_shadow,0.14235294117647057,0.14235294117647057,93.6749411764706,True,WATCH,portfolio capacity reached,2026-08-02T23:32:06.578341+00:00
2026-08-02T23:32:03.550161+00:00,2026-08-03,9192db295ea37dc4616880169fa9e38d,Las Vegas Aces @ Atlanta Dream,Rhyne Howard,pl_18c31d08ca4a3a7c,pts,UNDER,FanDuel,fanduel,16.5,-115,10.51,5.99,0.8783,0.5349,0.3435,0.6421,4.096,True,SHADOW_ONLY,sprint23_phase3_shadow,0.24824242424242424,0.24824242424242424,91.83515151515151,True,WATCH,passed minimum thresholds; subject to exposure controls,2026-08-02T23:32:06.578341+00:00
2026-08-02T23:32:03.550161+00:00,2026-08-03,51369aa71fcd604bdf38a760b6bcc223,Seattle Storm @ New York Liberty,Flau'jae Johnson,pl_7ea95322fc050de7,pra,UNDER,DraftKings,draftkings,21.5,-125,12.48,9.02,0.9114,0.5556,0.3559,0.6405,5.336,True,SHADOW_ONLY,sprint23_phase3_shadow,0.24818604651162793,0.24818604651162793,98.48027906976743,True,WATCH,passed minimum thresholds; subject to exposure controls,2026-08-02T23:32:06.578341+00:00
2026-08-02T23:32:03.550161+00:00,2026-08-03,b69cd4efd717cb22355b34ad83ba553a,Toronto Tempo @ Golden State Valkyries,Kiki Rice,pl_84191fe3efe55532,reb,UNDER,DraftKings,draftkings,4.5,-114,2.13,2.37,0.8737,0.5327,0.341,0.6401,1.651,True,SHADOW_ONLY,sprint23_phase3_shadow,0.3668888888888889,0.3668888888888889,81.87222222222222,True,WATCH,portfolio capacity reached,2026-08-02T23:32:06.578341+00:00
2026-08-02T23:32:03.550161+00:00,2026-08-03,b69cd4efd717cb22355b34ad83ba553a,Toronto Tempo @ Golden State Valkyries,Julie Allemand,pl_43dcc8c3927f7c60,pts,UNDER,DraftKings,draftkings,6.5,-101,1.72,4.78,0.8242,0.5025,0.3217,0.6401,4.096,True,SHADOW_ONLY,sprint23_phase3_shadow,0.6301538461538462,0.6301538461538462,80.26892307692309,False,REJECT,failed minimum governance thresholds,2026-08-02T23:32:06.578341+00:00
2026-08-02T23:32:03.550161+00:00,2026-08-02,8cb92d45e2c4570ff14320738ec395f2,Connecticut Sun @ Dallas Wings,Azzi Fudd,pl_316dca206c328c4f,pra,UNDER,DraftKings,draftkings,17.5,-118,9.39,8.11,0.8873,0.5413,0.346,0.6392,5.336,True,SHADOW_ONLY,sprint23_phase3_shadow,0.30491428571428575,0.30491428571428575,94.8017142857143,True,WATCH,portfolio capacity reached,2026-08-02T23:32:06.578341+00:00
2026-08-02T23:32:03.550161+00:00,2026-08-03,b69cd4efd717cb22355b34ad83ba553a,Toronto Tempo @ Golden State Valkyries,Janelle Salaun,pl_82e61535f0085d21,pra,UNDER,FanDuel,fanduel,18.5,-118,10.4,8.1,0.8872,0.5413,0.3459,0.6391,5.336,True,SHADOW_ONLY,sprint23_phase3_shadow,0.28843243243243244,0.28843243243243244,95.09535135135134,True,WATCH,portfolio capacity reached,2026-08-02T23:32:06.578341+00:00
2026-08-02T23:32:03.550161+00:00,2026-08-04,543c1b084ecf7224cb7c70766183859d,Phoenix Mercury @ Chicago Sky,Kamilla Cardoso,pl_7968728052e37934,reb,UNDER,DraftKings,draftkings,8.5,-136,5.21,3.29,0.9438,0.5763,0.3676,0.6378,1.651,True,SHADOW_ONLY,sprint23_phase3_shadow,0.19423529411764706,0.19423529411764706,88.53129411764705,True,WATCH,portfolio capacity reached,2026-08-02T23:32:06.578341+00:00
2026-08-02T23:32:03.550161+00:00,2026-08-03,9192db295ea37dc4616880169fa9e38d,Las Vegas Aces @ Atlanta Dream,Rhyne Howard,pl_18c31d08ca4a3a7c,reb,UNDER,DraftKings,draftkings,3.5,-103,1.53,1.97,0.8289,0.5074,0.3216,0.6337,1.651,True,SHADOW_ONLY,sprint23_phase3_shadow,0.4717142857142857,0.4717142857142857,77.17171428571427,False,REJECT,failed minimum governance thresholds,2026-08-02T23:32:06.578341+00:00
2026-08-02T23:32:03.550161+00:00,2026-08-03,51369aa71fcd604bdf38a760b6bcc223,Seattle Storm @ New York Liberty,Jonquel Jones,pl_0ff64046d8bcbd2b,ast,UNDER,FanDuel,fanduel,2.5,118,1.48,1.02,0.7489,0.4587,0.2902,0.6326,1.21,True,SHADOW_ONLY,sprint23_phase3_shadow,0.484,0.484,73.03200000000001,False,REJECT,failed minimum governance thresholds,2026-08-02T23:32:06.578341+00:00
2026-08-02T23:32:03.550161+00:00,2026-08-03,9192db295ea37dc4616880169fa9e38d,Las Vegas Aces @ Atlanta Dream,Jordin Canada,pl_e49d761a397e4cf3,pts,UNDER,FanDuel,fanduel,10.5,-113,4.89,5.61,0.8627,0.5305,0.3322,0.6262,4.096,True,SHADOW_ONLY,sprint23_phase3_shadow,0.3900952380952381,0.3900952380952381,85.97009523809523,True,WATCH,portfolio capacity reached,2026-08-02T23:32:06.578341+00:00
2026-08-02T23:32:03.550161+00:00,2026-08-03,51369aa71fcd604bdf38a760b6bcc223,Seattle Storm @ New York Liberty,Awa Fam,pl_531f83caa0cb9b98,pra,UNDER,DraftKings,draftkings,19.5,-122,11.18,8.32,0.8932,0.5495,0.3436,0.6253,5.336,True,SHADOW_ONLY,sprint23_phase3_shadow,0.27364102564102566,0.27364102564102566,94.31317948717947,True,WATCH,passed minimum thresholds; subject to exposure controls,2026-08-02T23:32:06.578341+00:00
2026-08-02T23:32:03.550161+00:00,2026-08-03,51369aa71fcd604bdf38a760b6bcc223,Seattle Storm @ New York Liberty,Flau'jae Johnson,pl_7ea95322fc050de7,ast,UNDER,FanDuel,fanduel,2.5,122,1.56,0.94,0.7319,0.4505,0.2815,0.6249,1.21,True,SHADOW_ONLY,sprint23_phase3_shadow,0.484,0.484,71.57999999999998,False,REJECT,failed minimum governance thresholds,2026-08-02T23:32:06.578341+00:00
2026-08-02T23:32:03.550161+00:00,2026-08-03,9192db295ea37dc4616880169fa9e38d,Las Vegas Aces @ Atlanta Dream,Angel Reese,pl_2d999585fdbdbe8e,pts,UNDER,FanDuel,fanduel,15.5,-135,7.94,7.56,0.9296,0.5745,0.3552,0.6183,4.096,True,SHADOW_ONLY,sprint23_phase3_shadow,0.26425806451612904,0.26425806451612904,92.97683870967742,True,WATCH,passed minimum thresholds; subject to exposure controls,2026-08-02T23:32:06.578341+00:00
2026-08-02T23:32:03.550161+00:00,2026-08-03,51369aa71fcd604bdf38a760b6bcc223,Seattle Storm @ New York Liberty,Flau'jae Johnson,pl_7ea95322fc050de7,pts,UNDER,DraftKings,draftkings,13.5,-110,8.25,5.25,0.8467,0.5238,0.3229,0.6165,4.096,True,SHADOW_ONLY,sprint23_phase3_shadow,0.3034074074074074,0.3034074074074074,85.45585185185185,True,WATCH,portfolio capacity reached,2026-08-02T23:32:06.578341+00:00
2026-08-02T23:32:03.550161+00:00,2026-08-04,543c1b084ecf7224cb7c70766183859d,Phoenix Mercury @ Chicago Sky,Kamilla Cardoso,pl_7968728052e37934,pts,UNDER,FanDuel,fanduel,14.5,-132,7.31,7.19,0.9193,0.569,0.3503,0.6157,4.096,True,SHADOW_ONLY,sprint23_phase3_shadow,0.28248275862068967,0.28248275862068967,91.3183448275862,True,WATCH,passed minimum thresholds; subject to exposure controls,2026-08-02T23:32:06.578341+00:00
2026-08-02T23:32:03.550161+00:00,2026-08-02,8cb92d45e2c4570ff14320738ec395f2,Connecticut Sun @ Dallas Wings,Arike Ogunbowale,pl_3f004ccdde4922fa,reb,UNDER,DraftKings,draftkings,2.5,103,0.82,1.68,0.7921,0.4926,0.2994,0.6079,1.651,True,SHADOW_ONLY,sprint23_phase3_shadow,0.6604,0.6604,68.90599999999999,False,REJECT,failed minimum governance thresholds,2026-08-02T23:32:06.578341+00:00
2026-08-02T23:32:03.550161+00:00,2026-08-03,b69cd4efd717cb22355b34ad83ba553a,Toronto Tempo @ Golden State Valkyries,Kiki Rice,pl_84191fe3efe55532,reb,UNDER,FanDuel,fanduel,4.5,-120,2.13,2.37,0.8737,0.5455,0.3282,0.6018,1.651,True,SHADOW_ONLY,sprint23_phase3_shadow,0.3668888888888889,0.3668888888888889,77.27422222222222,True,WATCH,passed minimum thresholds; subject to exposure controls,2026-08-02T23:32:06.578341+00:00
2026-08-02T23:32:03.550161+00:00,2026-08-04,543c1b084ecf7224cb7c70766183859d,Phoenix Mercury @ Chicago Sky,Alyssa Thomas,pl_538cccd243d89261,ast,UNDER,DraftKings,draftkings,8.5,-153,5.68,2.82,0.9686,0.6047,0.3639,0.6017,1.21,True,SHADOW_ONLY,sprint23_phase3_shadow,0.14235294117647057,0.14235294117647057,84.7969411764706,True,WATCH,passed minimum thresholds; subject to exposure controls,2026-08-02T23:32:06.578341+00:00
2026-08-02T23:32:03.550161+00:00,2026-08-03,9192db295ea37dc4616880169fa9e38d,Las Vegas Aces @ Atlanta Dream,Chelsea Gray,pl_97ce373787b564c7,pts,UNDER,FanDuel,fanduel,12.5,-138,5.03,7.47,0.9273,0.5798,0.3474,0.5992,4.096,True,SHADOW_ONLY,sprint23_phase3_shadow,0.32768,0.32768,89.15039999999999,True,WATCH,passed minimum thresholds; subject to exposure controls,2026-08-02T23:32:06.578341+00:00
2026-08-02T23:32:03.550161+00:00,2026-08-03,9192db295ea37dc4616880169fa9e38d,Las Vegas Aces @ Atlanta Dream,Rhyne Howard,pl_18c31d08ca4a3a7c,ast,UNDER,DraftKings,draftkings,3.5,-115,1.91,1.59,0.8535,0.5349,0.3186,0.5957,1.21,True,SHADOW_ONLY,sprint23_phase3_shadow,0.3457142857142857,0.3457142857142857,74.9517142857143,True,WATCH,portfolio capacity reached,2026-08-02T23:32:06.578341+00:00
2026-08-02T23:32:03.550161+00:00,2026-08-04,543c1b084ecf7224cb7c70766183859d,Phoenix Mercury @ Chicago Sky,Sydney Taylor,pl_d638431d28651af3,threes,UNDER,DraftKings,draftkings,2.5,-126,1.29,1.21,0.8881,0.5575,0.3305,0.5929,0.793,True,SHADOW_ONLY,sprint23_phase3_shadow,0.31720000000000004,0.31720000000000004,75.196,True,WATCH,portfolio capacity reached,2026-08-02T23:32:06.578341+00:00
2026-08-02T23:32:03.550161+00:00,2026-08-03,b69cd4efd717cb22355b34ad83ba553a,Toronto Tempo @ Golden State Valkyries,Nyara Sabally,pl_d4809954b4ed0d21,pts,UNDER,DraftKings,draftkings,10.5,-128,4.09,6.41,0.894,0.5614,0.3326,0.5924,4.096,True,SHADOW_ONLY,sprint23_phase3_shadow,0.3900952380952381,0.3900952380952381,84.21409523809523,True,WATCH,passed minimum thresholds; subject to exposure controls,2026-08-02T23:32:06.578341+00:00
2026-08-02T23:32:03.550161+00:00,2026-08-02,8cb92d45e2c4570ff14320738ec395f2,Connecticut Sun @ Dallas Wings,Charlisse Leger-Walker,pl_e808c7e45d2ab0d9,pra,UNDER,FanDuel,fanduel,14.5,-130,5.96,8.54,0.8992,0.5652,0.334,0.591,5.336,True,SHADOW_ONLY,sprint23_phase3_shadow,0.368,0.368,88.86,True,WATCH,passed minimum thresholds; subject to exposure controls,2026-08-02T23:32:06.578341+00:00
2026-08-02T23:32:03.550161+00:00,2026-08-03,b69cd4efd717cb22355b34ad83ba553a,Toronto Tempo @ Golden State Valkyries,Kayla Thornton,pl_3a069f063eb86517,pra,UNDER,DraftKings,draftkings,15.5,-123,7.73,7.77,0.8773,0.5516,0.3258,0.5906,5.336,True,SHADOW_ONLY,sprint23_phase3_shadow,0.34425806451612906,0.34425806451612906,87.26283870967741,True,WATCH,passed minimum thresholds; subject to exposure controls,2026-08-02T23:32:06.578341+00:00
2026-08-02T23:32:03.550161+00:00,2026-08-03,b69cd4efd717cb22355b34ad83ba553a,Toronto Tempo @ Golden State Valkyries,Maria Conde,pl_bae275cf69e5c648,pts,UNDER,FanDuel,fanduel,10.5,-118,4.94,5.56,0.8607,0.5413,0.3194,0.5901,4.096,True,SHADOW_ONLY,sprint23_phase3_shadow,0.3900952380952381,0.3900952380952381,81.49209523809525,True,WATCH,portfolio capacity reached,2026-08-02T23:32:06.578341+00:00
2026-08-02T23:32:03.550161+00:00,2026-08-03,9192db295ea37dc4616880169fa9e38d,Las Vegas Aces @ Atlanta Dream,Chelsea Gray,pl_97ce373787b564c7,ast,UNDER,DraftKings,draftkings,6.5,-151,3.92,2.58,0.9556,0.6016,0.354,0.5885,1.21,True,SHADOW_ONLY,sprint23_phase3_shadow,0.18615384615384614,0.18615384615384614,81.52692307692308,True,WATCH,portfolio capacity reached,2026-08-02T23:32:06.578341+00:00
2026-08-02T23:32:03.550161+00:00,2026-08-03,51369aa71fcd604bdf38a760b6bcc223,Seattle Storm @ New York Liberty,Flau'jae Johnson,pl_7ea95322fc050de7,ast,UNDER,DraftKings,draftkings,2.5,117,1.56,0.94,0.7319,0.4608,0.2711,0.5883,1.21,True,SHADOW_ONLY,sprint23_phase3_shadow,0.484,0.484,67.29599999999999,False,REJECT,failed minimum governance thresholds,2026-08-02T23:32:06.578341+00:00
2026-08-02T23:32:03.550161+00:00,2026-08-03,51369aa71fcd604bdf38a760b6bcc223,Seattle Storm @ New York Liberty,Breanna Stewart,pl_a9f0686367871e4e,ast,UNDER,DraftKings,draftkings,3.5,-131,1.56,1.94,0.8997,0.5671,0.3326,0.5865,1.21,True,SHADOW_ONLY,sprint23_phase3_shadow,0.3457142857142857,0.3457142857142857,75.5717142857143,True,WATCH,portfolio capacity reached,2026-08-02T23:32:06.578341+00:00
2026-08-02T23:32:03.550161+00:00,2026-08-02,8cb92d45e2c4570ff14320738ec395f2,Connecticut Sun @ Dallas Wings,Diamond Miller,pl_be910958c10a81a8,pts,UNDER,FanDuel,fanduel,9.5,-130,3.08,6.42,0.8946,0.5652,0.3294,0.5828,4.096,True,SHADOW_ONLY,sprint23_phase3_shadow,0.43115789473684213,0.43115789473684213,82.26084210526318,False,REJECT,failed minimum governance thresholds,2026-08-02T23:32:06.578341+00:00
2026-08-02T23:32:03.550161+00:00,2026-08-03,b69cd4efd717cb22355b34ad83ba553a,Toronto Tempo @ Golden State Valkyries,Kayla Thornton,pl_3a069f063eb86517,reb,UNDER,DraftKings,draftkings,5.5,-145,2.35,3.15,0.9359,0.5918,0.3441,0.5814,1.651,True,SHADOW_ONLY,sprint23_phase3_shadow,0.30018181818181816,0.30018181818181816,79.08236363636364,True,WATCH,portfolio capacity reached,2026-08-02T23:32:06.578341+00:00
2026-08-02T23:32:03.550161+00:00,2026-08-02,8cb92d45e2c4570ff14320738ec395f2,Connecticut Sun @ Dallas Wings,Arike Ogunbowale,pl_3f004ccdde4922fa,pra,UNDER,FanDuel,fanduel,22.5,-130,14.16,8.34,0.8937,0.5652,0.3285,0.5811,5.336,True,SHADOW_ONLY,sprint23_phase3_shadow,0.23715555555555556,0.23715555555555556,89.7568888888889,True,WATCH,passed minimum thresholds; subject to exposure controls,2026-08-02T23:32:06.578341+00:00
2026-08-02T23:32:03.550161+00:00,2026-08-03,b69cd4efd717cb22355b34ad83ba553a,Toronto Tempo @ Golden State Valkyries,Julie Allemand,pl_43dcc8c3927f7c60,ast,UNDER,FanDuel,fanduel,6.5,-160,3.58,2.92,0.9729,0.6154,0.3575,0.5809,1.21,True,SHADOW_ONLY,sprint23_phase3_shadow,0.18615384615384614,0.18615384615384614,81.65692307692308,True,WATCH,portfolio capacity reached,2026-08-02T23:32:06.578341+00:00
2026-08-02T23:32:03.550161+00:00,2026-08-02,8cb92d45e2c4570ff14320738ec395f2,Connecticut Sun @ Dallas Wings,Arike Ogunbowale,pl_3f004ccdde4922fa,pts,UNDER,DraftKings,draftkings,16.5,-117,11.13,5.37,0.8524,0.5392,0.3132,0.5809,4.096,True,SHADOW_ONLY,sprint23_phase3_shadow,0.24824242424242424,0.24824242424242424,82.6571515151515,True,WATCH,portfolio capacity reached,2026-08-02T23:32:06.578341+00:00
2026-08-02T23:32:03.550161+00:00,2026-08-04,543c1b084ecf7224cb7c70766183859d,Phoenix Mercury @ Chicago Sky,DeWanna Bonner,pl_f18f3e992558fc65,reb,UNDER,DraftKings,draftkings,6.5,-150,3.13,3.37,0.9483,0.6,0.3483,0.5805,1.651,True,SHADOW_ONLY,sprint23_phase3_shadow,0.254,0.254,80.608,True,WATCH,portfolio capacity reached,2026-08-02T23:32:06.578341+00:00
2026-08-02T23:32:03.550161+00:00,2026-08-02,8cb92d45e2c4570ff14320738ec395f2,Connecticut Sun @ Dallas Wings,Azzi Fudd,pl_316dca206c328c4f,pra,UNDER,FanDuel,fanduel,17.5,-128,9.39,8.11,0.8873,0.5614,0.3259,0.5805,5.336,True,SHADOW_ONLY,sprint23_phase3_shadow,0.30491428571428575,0.30491428571428575,87.7257142857143,True,WATCH,passed minimum thresholds; subject to exposure controls,2026-08-02T23:32:06.578341+00:00
2026-08-02T23:32:03.550161+00:00,2026-08-03,51369aa71fcd604bdf38a760b6bcc223,Seattle Storm @ New York Liberty,Jonquel Jones,pl_0ff64046d8bcbd2b,pts,UNDER,DraftKings,draftkings,13.5,-118,8.07,5.43,0.8548,0.5413,0.3135,0.5792,4.096,True,SHADOW_ONLY,sprint23_phase3_shadow,0.3034074074074074,0.3034074074074074,81.52185185185185,True,WATCH,passed minimum thresholds; subject to exposure controls,2026-08-02T23:32:06.578341+00:00
2026-08-02T23:32:03.550161+00:00,2026-08-03,9192db295ea37dc4616880169fa9e38d,Las Vegas Aces @ Atlanta Dream,Rhyne Howard,pl_18c31d08ca4a3a7c,ast,UNDER,FanDuel,fanduel,3.5,-118,1.91,1.59,0.8535,0.5413,0.3122,0.5768,1.21,True,SHADOW_ONLY,sprint23_phase3_shadow,0.3457142857142857,0.3457142857142857,72.6777142857143,True,WATCH,passed minimum thresholds; subject to exposure controls,2026-08-02T23:32:06.578341+00:00
2026-08-02T23:32:03.550161+00:00,2026-08-03,51369aa71fcd604bdf38a760b6bcc223,Seattle Storm @ New York Liberty,Awa Fam,pl_531f83caa0cb9b98,reb,UNDER,FanDuel,fanduel,5.5,-114,3.46,2.04,0.8381,0.5327,0.3054,0.5733,1.651,True,SHADOW_ONLY,sprint23_phase3_shadow,0.30018181818181816,0.30018181818181816,73.73036363636365,True,WATCH,portfolio capacity reached,2026-08-02T23:32:06.578341+00:00
2026-08-02T23:32:03.550161+00:00,2026-08-03,51369aa71fcd604bdf38a760b6bcc223,Seattle Storm @ New York Liberty,Flau'jae Johnson,pl_7ea95322fc050de7,pts,UNDER,FanDuel,fanduel,14.5,-130,8.25,6.25,0.8883,0.5652,0.3231,0.5716,4.096,True,SHADOW_ONLY,sprint23_phase3_shadow,0.28248275862068967,0.28248275862068967,83.3963448275862,True,WATCH,portfolio capacity reached,2026-08-02T23:32:06.578341+00:00
2026-08-02T23:32:03.550161+00:00,2026-08-03,9192db295ea37dc4616880169fa9e38d,Las Vegas Aces @ Atlanta Dream,Jordin Canada,pl_e49d761a397e4cf3,pts,UNDER,DraftKings,draftkings,10.5,-122,4.89,5.61,0.8627,0.5495,0.3132,0.5698,4.096,True,SHADOW_ONLY,sprint23_phase3_shadow,0.3900952380952381,0.3900952380952381,79.19009523809522,True,WATCH,passed minimum thresholds; subject to exposure controls,2026-08-02T23:32:06.578341+00:00
2026-08-02T23:32:03.550161+00:00,2026-08-02,8cb92d45e2c4570ff14320738ec395f2,Connecticut Sun @ Dallas Wings,Arike Ogunbowale,pl_3f004ccdde4922fa,pts,UNDER,FanDuel,fanduel,15.5,-106,11.13,4.37,0.8028,0.5146,0.2883,0.5602,4.096,True,SHADOW_ONLY,sprint23_phase3_shadow,0.26425806451612904,0.26425806451612904,76.77283870967743,True,WATCH,portfolio capacity reached,2026-08-02T23:32:06.578341+00:00
2026-08-02T23:32:03.550161+00:00,2026-08-02,8cb92d45e2c4570ff14320738ec395f2,Connecticut Sun @ Dallas Wings,Brittney Griner,pl_016b4b6eb75cb3e2,reb,UNDER,FanDuel,fanduel,5.5,-130,3.06,2.44,0.8804,0.5652,0.3152,0.5576,1.651,True,SHADOW_ONLY,sprint23_phase3_shadow,0.30018181818181816,0.30018181818181816,73.54836363636363,True,WATCH,passed minimum thresholds; subject to exposure controls,2026-08-02T23:32:06.578341+00:00
2026-08-02T23:32:03.550161+00:00,2026-08-02,8cb92d45e2c4570ff14320738ec395f2,Connecticut Sun @ Dallas Wings,Azzi Fudd,pl_316dca206c328c4f,pts,UNDER,DraftKings,draftkings,13.5,-113,8.74,4.76,0.8232,0.5305,0.2927,0.5518,4.096,True,SHADOW_ONLY,sprint23_phase3_shadow,0.3034074074074074,0.3034074074074074,76.19385185185183,True,WATCH,portfolio capacity reached,2026-08-02T23:32:06.578341+00:00
2026-08-02T23:32:03.550161+00:00,2026-08-03,51369aa71fcd604bdf38a760b6bcc223,Seattle Storm @ New York Liberty,Breanna Stewart,pl_a9f0686367871e4e,ast,UNDER,FanDuel,fanduel,3.5,-138,1.56,1.94,0.8997,0.5798,0.3199,0.5517,1.21,True,SHADOW_ONLY,sprint23_phase3_shadow,0.3457142857142857,0.3457142857142857,71.32971428571429,True,WATCH,passed minimum thresholds; subject to exposure controls,2026-08-02T23:32:06.578341+00:00
2026-08-02T23:32:03.550161+00:00,2026-08-04,543c1b084ecf7224cb7c70766183859d,Phoenix Mercury @ Chicago Sky,DeWanna Bonner,pl_f18f3e992558fc65,reb,UNDER,FanDuel,fanduel,6.5,-158,3.13,3.37,0.9483,0.6124,0.3359,0.5485,1.651,True,SHADOW_ONLY,sprint23_phase3_shadow,0.254,0.254,76.664,True,WATCH,passed minimum thresholds; subject to exposure controls,2026-08-02T23:32:06.578341+00:00
2026-08-02T23:32:03.550161+00:00,2026-08-03,51369aa71fcd604bdf38a760b6bcc223,Seattle Storm @ New York Liberty,Awa Fam,pl_531f83caa0cb9b98,pts,UNDER,FanDuel,fanduel,11.5,-115,6.66,4.84,0.8272,0.5349,0.2923,0.5465,4.096,True,SHADOW_ONLY,sprint23_phase3_shadow,0.3561739130434783,0.3561739130434783,74.74452173913043,True,WATCH,portfolio capacity reached,2026-08-02T23:32:06.578341+00:00
2026-08-02T23:32:03.550161+00:00,2026-08-04,543c1b084ecf7224cb7c70766183859d,Phoenix Mercury @ Chicago Sky,Kamilla Cardoso,pl_7968728052e37934,reb,UNDER,FanDuel,fanduel,8.5,-158,5.21,3.29,0.9438,0.6124,0.3314,0.5412,1.651,True,SHADOW_ONLY,sprint23_phase3_shadow,0.19423529411764706,0.19423529411764706,76.69929411764706,True,WATCH,passed minimum thresholds; subject to exposure controls,2026-08-02T23:32:06.578341+00:00
2026-08-02T23:32:03.550161+00:00,2026-08-03,b69cd4efd717cb22355b34ad83ba553a,Toronto Tempo @ Golden State Valkyries,Janelle Salaun,pl_82e61535f0085d21,pts,UNDER,FanDuel,fanduel,12.5,-115,7.73,4.77,0.8238,0.5349,0.2889,0.5402,4.096,True,SHADOW_ONLY,sprint23_phase3_shadow,0.32768,0.32768,74.3404,True,WATCH,portfolio capacity reached,2026-08-02T23:32:06.578341+00:00
2026-08-02T23:32:03.550161+00:00,2026-08-03,b69cd4efd717cb22355b34ad83ba553a,Toronto Tempo @ Golden State Valkyries,Janelle Salaun,pl_82e61535f0085d21,reb,UNDER,FanDuel,fanduel,3.5,118,2.38,1.12,0.7059,0.4587,0.2472,0.539,1.651,True,SHADOW_ONLY,sprint23_phase3_shadow,0.4717142857142857,0.4717142857142857,61.53771428571428,False,REJECT,failed minimum governance thresholds,2026-08-02T23:32:06.578341+00:00
2026-08-02T23:32:03.550161+00:00,2026-08-02,8cb92d45e2c4570ff14320738ec395f2,Connecticut Sun @ Dallas Wings,Charlisse Leger-Walker,pl_e808c7e45d2ab0d9,ast,UNDER,DraftKings,draftkings,4.5,-158,2.11,2.39,0.9423,0.6124,0.3299,0.5387,1.21,True,SHADOW_ONLY,sprint23_phase3_shadow,0.2688888888888889,0.2688888888888889,73.06622222222222,True,WATCH,portfolio capacity reached,2026-08-02T23:32:06.578341+00:00
2026-08-02T23:32:03.550161+00:00,2026-08-03,51369aa71fcd604bdf38a760b6bcc223,Seattle Storm @ New York Liberty,Awa Fam,pl_531f83caa0cb9b98,reb,UNDER,DraftKings,draftkings,5.5,-120,3.46,2.04,0.8381,0.5455,0.2926,0.5365,1.651,True,SHADOW_ONLY,sprint23_phase3_shadow,0.30018181818181816,0.30018181818181816,69.28236363636364,True,WATCH,passed minimum thresholds; subject to exposure controls,2026-08-02T23:32:06.578341+00:00
2026-08-02T23:32:03.550161+00:00,2026-08-03,b69cd4efd717cb22355b34ad83ba553a,Toronto Tempo @ Golden State Valkyries,Cecilia Zandalasini,pl_c3118aa754391b29,pts,UNDER,FanDuel,fanduel,8.5,-110,4.11,4.39,0.804,0.5238,0.2802,0.5349,4.096,True,SHADOW_ONLY,sprint23_phase3_shadow,0.4818823529411765,0.4818823529411765,69.44435294117648,False,REJECT,failed minimum governance thresholds,2026-08-02T23:32:06.578341+00:00
2026-08-02T23:32:03.550161+00:00,2026-08-03,b69cd4efd717cb22355b34ad83ba553a,Toronto Tempo @ Golden State Valkyries,Laura Juskaite,pl_42412bbecf0f3ee0,reb,UNDER,FanDuel,fanduel,4.5,-136,2.03,2.47,0.884,0.5763,0.3077,0.5339,1.651,True,SHADOW_ONLY,sprint23_phase3_shadow,0.3668888888888889,0.3668888888888889,69.45422222222223,True,WATCH,portfolio capacity reached,2026-08-02T23:32:06.578341+00:00
2026-08-02T23:32:03.550161+00:00,2026-08-03,b69cd4efd717cb22355b34ad83ba553a,Toronto Tempo @ Golden State Valkyries,Veronica Burton,pl_1241fddfc0d9e94c,reb,UNDER,FanDuel,fanduel,3.5,-132,1.16,2.34,0.8713,0.569,0.3023,0.5314,1.651,True,SHADOW_ONLY,sprint23_phase3_shadow,0.4717142857142857,0.4717142857142857,66.52371428571428,False,REJECT,failed minimum governance thresholds,2026-08-02T23:32:06.578341+00:00
2026-08-02T23:32:03.550161+00:00,2026-08-03,9192db295ea37dc4616880169fa9e38d,Las Vegas Aces @ Atlanta Dream,Chelsea Gray,pl_97ce373787b564c7,ast,UNDER,FanDuel,fanduel,6.5,-166,3.92,2.58,0.9556,0.6241,0.3316,0.5313,1.21,True,SHADOW_ONLY,sprint23_phase3_shadow,0.18615384615384614,0.18615384615384614,74.46292307692309,True,WATCH,passed minimum thresholds; subject to exposure controls,2026-08-02T23:32:06.578341+00:00
2026-08-02T23:32:03.550161+00:00,2026-08-03,b69cd4efd717cb22355b34ad83ba553a,Toronto Tempo @ Golden State Valkyries,Maria Conde,pl_bae275cf69e5c648,reb,UNDER,FanDuel,fanduel,4.5,-120,2.49,2.01,0.8343,0.5455,0.2888,0.5295,1.651,True,SHADOW_ONLY,sprint23_phase3_shadow,0.3668888888888889,0.3668888888888889,66.96022222222221,True,WATCH,portfolio capacity reached,2026-08-02T23:32:06.578341+00:00
2026-08-02T23:32:03.550161+00:00,2026-08-03,51369aa71fcd604bdf38a760b6bcc223,Seattle Storm @ New York Liberty,Natisha Hiedeman,pl_2396747f40933499,threes,UNDER,DraftKings,draftkings,2.5,-170,0.73,1.77,0.9623,0.6296,0.3327,0.5284,0.793,True,SHADOW_ONLY,sprint23_phase3_shadow,0.31720000000000004,0.31720000000000004,69.99799999999999,True,WATCH,portfolio capacity reached,2026-08-02T23:32:06.578341+00:00
2026-08-02T23:32:03.550161+00:00,2026-08-03,51369aa71fcd604bdf38a760b6bcc223,Seattle Storm @ New York Liberty,Flau'jae Johnson,pl_7ea95322fc050de7,reb,UNDER,FanDuel,fanduel,4.5,-114,2.66,1.84,0.8127,0.5327,0.28,0.5256,1.651,True,SHADOW_ONLY,sprint23_phase3_shadow,0.3668888888888889,0.3668888888888889,65.70222222222223,True,WATCH,portfolio capacity reached,2026-08-02T23:32:06.578341+00:00
2026-08-02T23:32:03.550161+00:00,2026-08-02,8cb92d45e2c4570ff14320738ec395f2,Connecticut Sun @ Dallas Wings,Paige Bueckers,pl_ad864595548de955,reb,UNDER,DraftKings,draftkings,4.5,-168,0.98,3.52,0.9556,0.6269,0.3288,0.5244,1.651,True,SHADOW_ONLY,sprint23_phase3_shadow,0.3668888888888889,0.3668888888888889,71.87022222222222,True,WATCH,portfolio capacity reached,2026-08-02T23:32:06.578341+00:00
2026-08-02T23:32:03.550161+00:00,2026-08-02,8cb92d45e2c4570ff14320738ec395f2,Connecticut Sun @ Dallas Wings,Charlisse Leger-Walker,pl_e808c7e45d2ab0d9,pts,UNDER,DraftKings,draftkings,7.5,-110,3.21,4.29,0.7983,0.5238,0.2745,0.524,4.096,True,SHADOW_ONLY,sprint23_phase3_shadow,0.5461333333333334,0.5461333333333334,66.52733333333333,False,REJECT,failed minimum governance thresholds,2026-08-02T23:32:06.578341+00:00
2026-08-02T23:32:03.550161+00:00,2026-08-03,b69cd4efd717cb22355b34ad83ba553a,Toronto Tempo @ Golden State Valkyries,Maria Conde,pl_bae275cf69e5c648,pts,UNDER,DraftKings,draftkings,10.5,-130,4.94,5.56,0.8607,0.5652,0.2955,0.5228,4.096,True,SHADOW_ONLY,sprint23_phase3_shadow,0.3900952380952381,0.3900952380952381,73.32809523809524,True,WATCH,passed minimum thresholds; subject to exposure controls,2026-08-02T23:32:06.578341+00:00
2026-08-02T23:32:03.550161+00:00,2026-08-03,b69cd4efd717cb22355b34ad83ba553a,Toronto Tempo @ Golden State Valkyries,Gabby Williams,pl_9201a353366bfdf8,threes,UNDER,FanDuel,fanduel,1.5,-114,0.64,0.86,0.8077,0.5327,0.275,0.5162,0.793,True,SHADOW_ONLY,sprint23_phase3_shadow,0.5286666666666667,0.5286666666666667,59.266666666666666,False,REJECT,failed minimum governance thresholds,2026-08-02T23:32:06.578341+00:00
2026-08-02T23:32:03.550161+00:00,2026-08-03,b69cd4efd717cb22355b34ad83ba553a,Toronto Tempo @ Golden State Valkyries,Cecilia Zandalasini,pl_c3118aa754391b29,pts,UNDER,DraftKings,draftkings,8.5,-113,4.11,4.39,0.804,0.5305,0.2735,0.5155,4.096,True,SHADOW_ONLY,sprint23_phase3_shadow,0.4818823529411765,0.4818823529411765,67.10235294117646,False,REJECT,failed minimum governance thresholds,2026-08-02T23:32:06.578341+00:00
2026-08-02T23:32:03.550161+00:00,2026-08-03,51369aa71fcd604bdf38a760b6bcc223,Seattle Storm @ New York Liberty,Jonquel Jones,pl_0ff64046d8bcbd2b,ast,UNDER,DraftKings,draftkings,2.5,102,1.48,1.02,0.7489,0.495,0.2539,0.5128,1.21,True,SHADOW_ONLY,sprint23_phase3_shadow,0.484,0.484,58.87400000000002,False,REJECT,failed minimum governance thresholds,2026-08-02T23:32:06.578341+00:00
2026-08-02T23:32:03.550161+00:00,2026-08-02,8cb92d45e2c4570ff14320738ec395f2,Connecticut Sun @ Dallas Wings,Paige Bueckers,pl_ad864595548de955,reb,UNDER,FanDuel,fanduel,4.5,-172,0.98,3.52,0.9556,0.6324,0.3233,0.5112,1.651,True,SHADOW_ONLY,sprint23_phase3_shadow,0.3668888888888889,0.3668888888888889,70.22022222222223,True,WATCH,passed minimum thresholds; subject to exposure controls,2026-08-02T23:32:06.578341+00:00
2026-08-02T23:32:03.550161+00:00,2026-08-03,b69cd4efd717cb22355b34ad83ba553a,Toronto Tempo @ Golden State Valkyries,Laura Juskaite,pl_42412bbecf0f3ee0,pts,UNDER,DraftKings,draftkings,9.5,-106,5.6,3.9,0.7766,0.5146,0.262,0.5092,4.096,True,SHADOW_ONLY,sprint23_phase3_shadow,0.43115789473684213,0.43115789473684213,65.81684210526316,False,REJECT,failed minimum governance thresholds,2026-08-02T23:32:06.578341+00:00
2026-08-02T23:32:03.550161+00:00,2026-08-03,51369aa71fcd604bdf38a760b6bcc223,Seattle Storm @ New York Liberty,Awa Fam,pl_531f83caa0cb9b98,threes,UNDER,DraftKings,draftkings,1.5,-157,0.13,1.37,0.9154,0.6109,0.3045,0.4985,0.793,True,SHADOW_ONLY,sprint23_phase3_shadow,0.5286666666666667,0.5286666666666667,60.28666666666666,False,REJECT,failed minimum governance thresholds,2026-08-02T23:32:06.578341+00:00
2026-08-02T23:32:03.550161+00:00,2026-08-02,8cb92d45e2c4570ff14320738ec395f2,Connecticut Sun @ Dallas Wings,Charlisse Leger-Walker,pl_e808c7e45d2ab0d9,pts,UNDER,FanDuel,fanduel,7.5,-114,3.21,4.29,0.7983,0.5327,0.2656,0.4985,4.096,True,SHADOW_ONLY,sprint23_phase3_shadow,0.5461333333333334,0.5461333333333334,63.44333333333333,False,REJECT,failed minimum governance thresholds,2026-08-02T23:32:06.578341+00:00
2026-08-02T23:32:03.550161+00:00,2026-08-04,543c1b084ecf7224cb7c70766183859d,Phoenix Mercury @ Chicago Sky,DeWanna Bonner,pl_f18f3e992558fc65,threes,UNDER,DraftKings,draftkings,1.5,-147,0.28,1.22,0.891,0.5951,0.2959,0.4972,0.793,True,SHADOW_ONLY,sprint23_phase3_shadow,0.5286666666666667,0.5286666666666667,59.340666666666664,False,REJECT,failed minimum governance thresholds,2026-08-02T23:32:06.578341+00:00
2026-08-02T23:32:03.550161+00:00,2026-08-03,b69cd4efd717cb22355b34ad83ba553a,Toronto Tempo @ Golden State Valkyries,Kayla Thornton,pl_3a069f063eb86517,pts,UNDER,FanDuel,fanduel,8.5,100,5.06,3.44,0.7484,0.5,0.2484,0.4968,4.096,True,SHADOW_ONLY,sprint23_phase3_shadow,0.4818823529411765,0.4818823529411765,61.82635294117647,False,REJECT,failed minimum governance thresholds,2026-08-02T23:32:06.578341+00:00
2026-08-02T23:32:03.550161+00:00,2026-08-03,b69cd4efd717cb22355b34ad83ba553a,Toronto Tempo @ Golden State Valkyries,Maria Conde,pl_bae275cf69e5c648,reb,UNDER,DraftKings,draftkings,4.5,-126,2.49,2.01,0.8343,0.5575,0.2768,0.4964,1.651,True,SHADOW_ONLY,sprint23_phase3_shadow,0.3668888888888889,0.3668888888888889,62.93022222222223,True,WATCH,passed minimum thresholds; subject to exposure controls,2026-08-02T23:32:06.578341+00:00
2026-08-02T23:32:03.550161+00:00,2026-08-04,543c1b084ecf7224cb7c70766183859d,Phoenix Mercury @ Chicago Sky,Sydney Taylor,pl_d638431d28651af3,threes,UNDER,FanDuel,fanduel,2.5,-146,1.29,1.21,0.8881,0.5935,0.2946,0.4963,0.793,True,SHADOW_ONLY,sprint23_phase3_shadow,0.31720000000000004,0.31720000000000004,63.382,True,WATCH,passed minimum thresholds; subject to exposure controls,2026-08-02T23:32:06.578341+00:00
2026-08-02T23:32:03.550161+00:00,2026-08-03,51369aa71fcd604bdf38a760b6bcc223,Seattle Storm @ New York Liberty,Awa Fam,pl_531f83caa0cb9b98,threes,UNDER,FanDuel,fanduel,1.5,-158,0.13,1.37,0.9154,0.6124,0.303,0.4948,0.793,True,SHADOW_ONLY,sprint23_phase3_shadow,0.5286666666666667,0.5286666666666667,59.826666666666654,False,REJECT,failed minimum governance thresholds,2026-08-02T23:32:06.578341+00:00
2026-08-02T23:32:03.550161+00:00,2026-08-03,51369aa71fcd604bdf38a760b6bcc223,Seattle Storm @ New York Liberty,Awa Fam,pl_531f83caa0cb9b98,pts,UNDER,DraftKings,draftkings,11.5,-124,6.66,4.84,0.8272,0.5536,0.2736,0.4943,4.096,True,SHADOW_ONLY,sprint23_phase3_shadow,0.3561739130434783,0.3561739130434783,68.40252173913045,True,WATCH,passed minimum thresholds; subject to exposure controls,2026-08-02T23:32:06.578341+00:00
2026-08-02T23:32:03.550161+00:00,2026-08-03,9192db295ea37dc4616880169fa9e38d,Las Vegas Aces @ Atlanta Dream,Chelsea Gray,pl_97ce373787b564c7,threes,UNDER,DraftKings,draftkings,1.5,-126,0.55,0.95,0.8315,0.5575,0.274,0.4915,0.793,True,SHADOW_ONLY,sprint23_phase3_shadow,0.5286666666666667,0.5286666666666667,56.91666666666667,False,REJECT,failed minimum governance thresholds,2026-08-02T23:32:06.578341+00:00
2026-08-02T23:32:03.550161+00:00,2026-08-02,8cb92d45e2c4570ff14320738ec395f2,Connecticut Sun @ Dallas Wings,Azzi Fudd,pl_316dca206c328c4f,threes,UNDER,DraftKings,draftkings,2.5,-159,1.17,1.33,0.9099,0.6139,0.296,0.4822,0.793,True,SHADOW_ONLY,sprint23_phase3_shadow,0.31720000000000004,0.31720000000000004,62.295999999999985,True,WATCH,portfolio capacity reached,2026-08-02T23:32:06.578341+00:00
2026-08-02T23:32:03.550161+00:00,2026-08-02,8cb92d45e2c4570ff14320738ec395f2,Connecticut Sun @ Dallas Wings,Azzi Fudd,pl_316dca206c328c4f,pts,UNDER,FanDuel,fanduel,13.5,-125,8.74,4.76,0.8232,0.5556,0.2677,0.4818,4.096,True,SHADOW_ONLY,sprint23_phase3_shadow,0.3034074074074074,0.3034074074074074,67.69385185185185,True,WATCH,passed minimum thresholds; subject to exposure controls,2026-08-02T23:32:06.578341+00:00
2026-08-02T23:32:03.550161+00:00,2026-08-03,b69cd4efd717cb22355b34ad83ba553a,Toronto Tempo @ Golden State Valkyries,Janelle Salaun,pl_82e61535f0085d21,ast,UNDER,FanDuel,fanduel,1.5,-114,0.29,1.21,0.7875,0.5327,0.2548,0.4783,1.21,True,SHADOW_ONLY,sprint23_phase3_shadow,0.8066666666666666,0.8066666666666666,49.404666666666664,False,REJECT,failed minimum governance thresholds,2026-08-02T23:32:06.578341+00:00
2026-08-02T23:32:03.550161+00:00,2026-08-03,b69cd4efd717cb22355b34ad83ba553a,Toronto Tempo @ Golden State Valkyries,Janelle Salaun,pl_82e61535f0085d21,threes,UNDER,DraftKings,draftkings,2.5,-197,0.48,2.02,0.9787,0.6633,0.3154,0.4756,0.793,True,SHADOW_ONLY,sprint23_phase3_shadow,0.31720000000000004,0.31720000000000004,64.18,True,WATCH,portfolio capacity reached,2026-08-02T23:32:06.578341+00:00
2026-08-02T23:32:03.550161+00:00,2026-08-03,b69cd4efd717cb22355b34ad83ba553a,Toronto Tempo @ Golden State Valkyries,Gabby Williams,pl_9201a353366bfdf8,threes,UNDER,DraftKings,draftkings,1.5,-121,0.64,0.86,0.8077,0.5475,0.2602,0.4752,0.793,True,SHADOW_ONLY,sprint23_phase3_shadow,0.5286666666666667,0.5286666666666667,54.278666666666666,False,REJECT,failed minimum governance thresholds,2026-08-02T23:32:06.578341+00:00
2026-08-02T23:32:03.550161+00:00,2026-08-03,51369aa71fcd604bdf38a760b6bcc223,Seattle Storm @ New York Liberty,Natisha Hiedeman,pl_2396747f40933499,threes,UNDER,FanDuel,fanduel,2.5,-188,0.73,1.77,0.9623,0.6528,0.3095,0.4742,0.793,True,SHADOW_ONLY,sprint23_phase3_shadow,0.31720000000000004,0.31720000000000004,63.186000000000014,True,WATCH,passed minimum thresholds; subject to exposure controls,2026-08-02T23:32:06.578341+00:00
2026-08-02T23:32:03.550161+00:00,2026-08-03,b69cd4efd717cb22355b34ad83ba553a,Toronto Tempo @ Golden State Valkyries,Janelle Salaun,pl_82e61535f0085d21,pts,UNDER,DraftKings,draftkings,12.5,-127,7.73,4.77,0.8238,0.5595,0.2643,0.4725,4.096,True,SHADOW_ONLY,sprint23_phase3_shadow,0.32768,0.32768,66.0944,True,WATCH,passed minimum thresholds; subject to exposure controls,2026-08-02T23:32:06.578341+00:00
2026-08-02T23:32:03.550161+00:00,2026-08-03,9192db295ea37dc4616880169fa9e38d,Las Vegas Aces @ Atlanta Dream,Chelsea Gray,pl_97ce373787b564c7,threes,UNDER,FanDuel,fanduel,1.5,-130,0.55,0.95,0.8315,0.5652,0.2663,0.4712,0.793,True,SHADOW_ONLY,sprint23_phase3_shadow,0.5286666666666667,0.5286666666666667,54.42466666666667,False,REJECT,failed minimum governance thresholds,2026-08-02T23:32:06.578341+00:00
2026-08-02T23:32:03.550161+00:00,2026-08-04,543c1b084ecf7224cb7c70766183859d,Phoenix Mercury @ Chicago Sky,DeWanna Bonner,pl_f18f3e992558fc65,threes,UNDER,FanDuel,fanduel,1.5,-154,0.28,1.22,0.891,0.6063,0.2847,0.4696,0.793,True,SHADOW_ONLY,sprint23_phase3_shadow,0.5286666666666667,0.5286666666666667,55.90866666666666,False,REJECT,failed minimum governance thresholds,2026-08-02T23:32:06.578341+00:00
2026-08-02T23:32:03.550161+00:00,2026-08-03,b69cd4efd717cb22355b34ad83ba553a,Toronto Tempo @ Golden State Valkyries,Janelle Salaun,pl_82e61535f0085d21,threes,UNDER,FanDuel,fanduel,2.5,-200,0.48,2.02,0.9787,0.6667,0.3121,0.4681,0.793,True,SHADOW_ONLY,sprint23_phase3_shadow,0.31720000000000004,0.31720000000000004,63.232000000000006,True,WATCH,passed minimum thresholds; subject to exposure controls,2026-08-02T23:32:06.578341+00:00
2026-08-02T23:32:03.550161+00:00,2026-08-03,9192db295ea37dc4616880169fa9e38d,Las Vegas Aces @ Atlanta Dream,Chelsea Gray,pl_97ce373787b564c7,reb,UNDER,FanDuel,fanduel,2.5,-102,1.17,1.33,0.7401,0.505,0.2352,0.4658,1.651,True,SHADOW_ONLY,sprint23_phase3_shadow,0.6604,0.6604,50.144000000000005,False,REJECT,failed minimum governance thresholds,2026-08-02T23:32:06.578341+00:00
2026-08-02T23:32:03.550161+00:00,2026-08-03,51369aa71fcd604bdf38a760b6bcc223,Seattle Storm @ New York Liberty,Breanna Stewart,pl_a9f0686367871e4e,threes,UNDER,FanDuel,fanduel,0.5,178,0.43,0.07,0.5273,0.3597,0.1676,0.4658,0.793,True,SHADOW_ONLY,sprint23_phase3_shadow,1.586,1.0,36.775999999999996,False,REJECT,failed minimum governance thresholds,2026-08-02T23:32:06.578341+00:00
2026-08-02T23:32:03.550161+00:00,2026-08-03,9192db295ea37dc4616880169fa9e38d,Las Vegas Aces @ Atlanta Dream,Chelsea Gray,pl_97ce373787b564c7,reb,UNDER,DraftKings,draftkings,2.5,-103,1.17,1.33,0.7401,0.5074,0.2328,0.4587,1.651,True,SHADOW_ONLY,sprint23_phase3_shadow,0.6604,0.6604,49.28999999999999,False,REJECT,failed minimum governance thresholds,2026-08-02T23:32:06.578341+00:00
2026-08-02T23:32:03.550161+00:00,2026-08-03,b69cd4efd717cb22355b34ad83ba553a,Toronto Tempo @ Golden State Valkyries,Kayla Thornton,pl_3a069f063eb86517,pts,UNDER,DraftKings,draftkings,8.5,-107,5.06,3.44,0.7484,0.5169,0.2315,0.4478,4.096,True,SHADOW_ONLY,sprint23_phase3_shadow,0.4818823529411765,0.4818823529411765,55.912352941176465,False,REJECT,failed minimum governance thresholds,2026-08-02T23:32:06.578341+00:00
2026-08-02T23:32:03.550161+00:00,2026-08-03,51369aa71fcd604bdf38a760b6bcc223,Seattle Storm @ New York Liberty,Flau'jae Johnson,pl_7ea95322fc050de7,reb,UNDER,DraftKings,draftkings,4.5,-128,2.66,1.84,0.8127,0.5614,0.2513,0.4476,1.651,True,SHADOW_ONLY,sprint23_phase3_shadow,0.3668888888888889,0.3668888888888889,56.18022222222223,True,WATCH,passed minimum thresholds; subject to exposure controls,2026-08-02T23:32:06.578341+00:00
2026-08-02T23:32:03.550161+00:00,2026-08-03,b69cd4efd717cb22355b34ad83ba553a,Toronto Tempo @ Golden State Valkyries,Kiki Rice,pl_84191fe3efe55532,pts,UNDER,DraftKings,draftkings,11.5,-116,7.6,3.9,0.7765,0.537,0.2395,0.446,4.096,True,SHADOW_ONLY,sprint23_phase3_shadow,0.3561739130434783,0.3561739130434783,59.64652173913043,True,WATCH,portfolio capacity reached,2026-08-02T23:32:06.578341+00:00
2026-08-02T23:32:03.550161+00:00,2026-08-03,9192db295ea37dc4616880169fa9e38d,Las Vegas Aces @ Atlanta Dream,Allisha Gray,pl_0538d809f7d14b6b,reb,UNDER,FanDuel,fanduel,3.5,-125,1.76,1.74,0.7994,0.5556,0.2438,0.4389,1.651,True,SHADOW_ONLY,sprint23_phase3_shadow,0.4717142857142857,0.4717142857142857,52.56371428571428,False,REJECT,failed minimum governance thresholds,2026-08-02T23:32:06.578341+00:00
2026-08-02T23:32:03.550161+00:00,2026-08-03,9192db295ea37dc4616880169fa9e38d,Las Vegas Aces @ Atlanta Dream,NaLyssa Smith,pl_58d8ddd50dc5e9ea,pts,UNDER,FanDuel,fanduel,10.5,-132,5.84,4.66,0.8178,0.569,0.2488,0.4373,4.096,True,SHADOW_ONLY,sprint23_phase3_shadow,0.3900952380952381,0.3900952380952381,60.17609523809524,True,WATCH,portfolio capacity reached,2026-08-02T23:32:06.578341+00:00
2026-08-02T23:32:03.550161+00:00,2026-08-03,b69cd4efd717cb22355b34ad83ba553a,Toronto Tempo @ Golden State Valkyries,Laura Juskaite,pl_42412bbecf0f3ee0,pts,UNDER,FanDuel,fanduel,10.5,-138,5.6,4.9,0.8303,0.5798,0.2505,0.432,4.096,True,SHADOW_ONLY,sprint23_phase3_shadow,0.3900952380952381,0.3900952380952381,60.228095238095236,True,WATCH,portfolio capacity reached,2026-08-02T23:32:06.578341+00:00
2026-08-02T23:32:03.550161+00:00,2026-08-03,b69cd4efd717cb22355b34ad83ba553a,Toronto Tempo @ Golden State Valkyries,Veronica Burton,pl_1241fddfc0d9e94c,reb,UNDER,DraftKings,draftkings,3.5,-156,1.16,2.34,0.8713,0.6094,0.2619,0.4298,1.651,True,SHADOW_ONLY,sprint23_phase3_shadow,0.4717142857142857,0.4717142857142857,53.93971428571429,False,REJECT,failed minimum governance thresholds,2026-08-02T23:32:06.578341+00:00
2026-08-02T23:32:03.550161+00:00,2026-08-03,b69cd4efd717cb22355b34ad83ba553a,Toronto Tempo @ Golden State Valkyries,Laura Juskaite,pl_42412bbecf0f3ee0,reb,UNDER,DraftKings,draftkings,4.5,-162,2.03,2.47,0.884,0.6183,0.2656,0.4296,1.651,True,SHADOW_ONLY,sprint23_phase3_shadow,0.3668888888888889,0.3668888888888889,56.498222222222225,True,WATCH,passed minimum thresholds; subject to exposure controls,2026-08-02T23:32:06.578341+00:00
2026-08-02T23:32:03.550161+00:00,2026-08-03,9192db295ea37dc4616880169fa9e38d,Las Vegas Aces @ Atlanta Dream,Allisha Gray,pl_0538d809f7d14b6b,threes,UNDER,DraftKings,draftkings,1.5,102,0.96,0.54,0.7067,0.495,0.2116,0.4275,0.793,True,SHADOW_ONLY,sprint23_phase3_shadow,0.5286666666666667,0.5286666666666667,45.95266666666666,False,REJECT,failed minimum governance thresholds,2026-08-02T23:32:06.578341+00:00
2026-08-02T23:32:03.550161+00:00,2026-08-03,b69cd4efd717cb22355b34ad83ba553a,Toronto Tempo @ Golden State Valkyries,Gabby Williams,pl_9201a353366bfdf8,reb,UNDER,FanDuel,fanduel,2.5,116,1.64,0.86,0.6605,0.463,0.1975,0.4266,1.651,True,SHADOW_ONLY,sprint23_phase3_shadow,0.6604,0.6604,43.022,False,REJECT,failed minimum governance thresholds,2026-08-02T23:32:06.578341+00:00
2026-08-02T23:32:03.550161+00:00,2026-08-03,b69cd4efd717cb22355b34ad83ba553a,Toronto Tempo @ Golden State Valkyries,Kiki Rice,pl_84191fe3efe55532,pts,UNDER,FanDuel,fanduel,11.5,-120,7.6,3.9,0.7765,0.5455,0.2311,0.4237,4.096,True,SHADOW_ONLY,sprint23_phase3_shadow,0.3561739130434783,0.3561739130434783,56.91252173913043,True,WATCH,passed minimum thresholds; subject to exposure controls,2026-08-02T23:32:06.578341+00:00
2026-08-02T23:32:03.550161+00:00,2026-08-04,543c1b084ecf7224cb7c70766183859d,Phoenix Mercury @ Chicago Sky,Kahleah Copper,pl_a8c6901f4d81a98e,threes,UNDER,DraftKings,draftkings,2.5,-172,1.24,1.26,0.8983,0.6324,0.266,0.4206,0.793,True,SHADOW_ONLY,sprint23_phase3_shadow,0.31720000000000004,0.31720000000000004,54.196,True,WATCH,portfolio capacity reached,2026-08-02T23:32:06.578341+00:00
2026-08-02T23:32:03.550161+00:00,2026-08-03,51369aa71fcd604bdf38a760b6bcc223,Seattle Storm @ New York Liberty,Breanna Stewart,pl_a9f0686367871e4e,threes,UNDER,DraftKings,draftkings,0.5,169,0.43,0.07,0.5273,0.3717,0.1555,0.4184,0.793,True,SHADOW_ONLY,sprint23_phase3_shadow,1.586,1.0,31.309999999999995,False,REJECT,failed minimum governance thresholds,2026-08-02T23:32:06.578341+00:00
2026-08-02T23:32:03.550161+00:00,2026-08-03,9192db295ea37dc4616880169fa9e38d,Las Vegas Aces @ Atlanta Dream,NaLyssa Smith,pl_58d8ddd50dc5e9ea,pts,UNDER,DraftKings,draftkings,10.5,-138,5.84,4.66,0.8178,0.5798,0.238,0.4104,4.096,True,SHADOW_ONLY,sprint23_phase3_shadow,0.3900952380952381,0.3900952380952381,56.838095238095235,True,WATCH,passed minimum thresholds; subject to exposure controls,2026-08-02T23:32:06.578341+00:00
2026-08-02T23:32:03.550161+00:00,2026-08-04,543c1b084ecf7224cb7c70766183859d,Phoenix Mercury @ Chicago Sky,Kahleah Copper,pl_a8c6901f4d81a98e,ast,UNDER,DraftKings,draftkings,2.5,-187,0.39,2.11,0.918,0.6516,0.2665,0.409,1.21,True,SHADOW_ONLY,sprint23_phase3_shadow,0.484,0.484,51.43,False,REJECT,failed minimum governance thresholds,2026-08-02T23:32:06.578341+00:00
2026-08-02T23:32:03.550161+00:00,2026-08-04,543c1b084ecf7224cb7c70766183859d,Phoenix Mercury @ Chicago Sky,DeWanna Bonner,pl_f18f3e992558fc65,pts,UNDER,FanDuel,fanduel,11.5,-128,7.37,4.13,0.7897,0.5614,0.2283,0.4067,4.096,True,SHADOW_ONLY,sprint23_phase3_shadow,0.3561739130434783,0.3561739130434783,55.50452173913043,True,WATCH,portfolio capacity reached,2026-08-02T23:32:06.578341+00:00
2026-08-02T23:32:03.550161+00:00,2026-08-04,543c1b084ecf7224cb7c70766183859d,Phoenix Mercury @ Chicago Sky,DeWanna Bonner,pl_f18f3e992558fc65,pts,UNDER,DraftKings,draftkings,11.5,-129,7.37,4.13,0.7897,0.5633,0.2264,0.4019,4.096,True,SHADOW_ONLY,sprint23_phase3_shadow,0.3561739130434783,0.3561739130434783,54.91052173913043,True,WATCH,passed minimum thresholds; subject to exposure controls,2026-08-02T23:32:06.578341+00:00
2026-08-02T23:32:03.550161+00:00,2026-08-03,9192db295ea37dc4616880169fa9e38d,Las Vegas Aces @ Atlanta Dream,Allisha Gray,pl_0538d809f7d14b6b,reb,UNDER,DraftKings,draftkings,3.5,-133,1.76,1.74,0.7994,0.5708,0.2286,0.4005,1.651,True,SHADOW_ONLY,sprint23_phase3_shadow,0.4717142857142857,0.4717142857142857,47.81171428571429,False,REJECT,failed minimum governance thresholds,2026-08-02T23:32:06.578341+00:00
2026-08-02T23:32:03.550161+00:00,2026-08-03,b69cd4efd717cb22355b34ad83ba553a,Toronto Tempo @ Golden State Valkyries,Gabby Williams,pl_9201a353366bfdf8,reb,UNDER,DraftKings,draftkings,2.5,112,1.64,0.86,0.6605,0.4717,0.1888,0.4002,1.651,True,SHADOW_ONLY,sprint23_phase3_shadow,0.6604,0.6604,39.86,False,REJECT,failed minimum governance thresholds,2026-08-02T23:32:06.578341+00:00
2026-08-02T23:32:03.550161+00:00,2026-08-03,9192db295ea37dc4616880169fa9e38d,Las Vegas Aces @ Atlanta Dream,Allisha Gray,pl_0538d809f7d14b6b,ast,UNDER,FanDuel,fanduel,2.5,-132,1.24,1.26,0.7964,0.569,0.2274,0.3997,1.21,True,SHADOW_ONLY,sprint23_phase3_shadow,0.484,0.484,46.454,False,REJECT,failed minimum governance thresholds,2026-08-02T23:32:06.578341+00:00
2026-08-02T23:32:03.550161+00:00,2026-08-03,9192db295ea37dc4616880169fa9e38d,Las Vegas Aces @ Atlanta Dream,Allisha Gray,pl_0538d809f7d14b6b,ast,UNDER,DraftKings,draftkings,2.5,-132,1.24,1.26,0.7964,0.569,0.2274,0.3997,1.21,True,SHADOW_ONLY,sprint23_phase3_shadow,0.484,0.484,46.454,False,REJECT,failed minimum governance thresholds,2026-08-02T23:32:06.578341+00:00
2026-08-02T23:32:03.550161+00:00,2026-08-03,9192db295ea37dc4616880169fa9e38d,Las Vegas Aces @ Atlanta Dream,Allisha Gray,pl_0538d809f7d14b6b,threes,UNDER,FanDuel,fanduel,1.5,-102,0.96,0.54,0.7067,0.505,0.2017,0.3995,0.793,True,SHADOW_ONLY,sprint23_phase3_shadow,0.5286666666666667,0.5286666666666667,42.55866666666667,False,REJECT,failed minimum governance thresholds,2026-08-02T23:32:06.578341+00:00
2026-08-02T23:32:03.550161+00:00,2026-08-03,9192db295ea37dc4616880169fa9e38d,Las Vegas Aces @ Atlanta Dream,Jackie Young,pl_debf3ef806a91eba,threes,UNDER,FanDuel,fanduel,2.5,-215,0.85,1.65,0.9513,0.6825,0.2687,0.3937,0.793,True,SHADOW_ONLY,sprint23_phase3_shadow,0.31720000000000004,0.31720000000000004,52.44799999999999,True,WATCH,portfolio capacity reached,2026-08-02T23:32:06.578341+00:00
2026-08-02T23:32:03.550161+00:00,2026-08-03,9192db295ea37dc4616880169fa9e38d,Las Vegas Aces @ Atlanta Dream,NaLyssa Smith,pl_58d8ddd50dc5e9ea,reb,UNDER,DraftKings,draftkings,5.5,-143,3.62,1.88,0.8179,0.5885,0.2295,0.3899,1.651,True,SHADOW_ONLY,sprint23_phase3_shadow,0.30018181818181816,0.30018181818181816,50.51636363636364,True,WATCH,portfolio capacity reached,2026-08-02T23:32:06.578341+00:00
2026-08-02T23:32:03.550161+00:00,2026-08-03,b69cd4efd717cb22355b34ad83ba553a,Toronto Tempo @ Golden State Valkyries,Nyara Sabally,pl_d4809954b4ed0d21,reb,UNDER,FanDuel,fanduel,4.5,-152,2.5,2.0,0.8335,0.6032,0.2303,0.3819,1.651,True,SHADOW_ONLY,sprint23_phase3_shadow,0.3668888888888889,0.3668888888888889,48.67022222222222,True,WATCH,portfolio capacity reached,2026-08-02T23:32:06.578341+00:00
2026-08-02T23:32:03.550161+00:00,2026-08-02,8cb92d45e2c4570ff14320738ec395f2,Connecticut Sun @ Dallas Wings,Azzi Fudd,pl_316dca206c328c4f,threes,UNDER,FanDuel,fanduel,2.5,-194,1.17,1.33,0.9099,0.6599,0.25,0.3789,0.793,True,SHADOW_ONLY,sprint23_phase3_shadow,0.31720000000000004,0.31720000000000004,49.205999999999996,True,WATCH,passed minimum thresholds; subject to exposure controls,2026-08-02T23:32:06.578341+00:00
2026-08-02T23:32:03.550161+00:00,2026-08-03,9192db295ea37dc4616880169fa9e38d,Las Vegas Aces @ Atlanta Dream,NaLyssa Smith,pl_58d8ddd50dc5e9ea,reb,UNDER,FanDuel,fanduel,5.5,-146,3.62,1.88,0.8179,0.5935,0.2244,0.3782,1.651,True,SHADOW_ONLY,sprint23_phase3_shadow,0.30018181818181816,0.30018181818181816,49.04036363636364,True,WATCH,passed minimum thresholds; subject to exposure controls,2026-08-02T23:32:06.578341+00:00
2026-08-02T23:32:03.550161+00:00,2026-08-04,543c1b084ecf7224cb7c70766183859d,Phoenix Mercury @ Chicago Sky,Kahleah Copper,pl_a8c6901f4d81a98e,ast,UNDER,FanDuel,fanduel,2.5,-205,0.39,2.11,0.918,0.6721,0.2459,0.3659,1.21,True,SHADOW_ONLY,sprint23_phase3_shadow,0.484,0.484,45.88400000000001,False,REJECT,failed minimum governance thresholds,2026-08-02T23:32:06.578341+00:00
2026-08-02T23:32:03.550161+00:00,2026-08-03,b69cd4efd717cb22355b34ad83ba553a,Toronto Tempo @ Golden State Valkyries,Janelle Salaun,pl_82e61535f0085d21,reb,UNDER,DraftKings,draftkings,4.5,-168,2.38,2.12,0.8472,0.6269,0.2204,0.3516,1.651,True,SHADOW_ONLY,sprint23_phase3_shadow,0.3668888888888889,0.3668888888888889,45.28622222222222,True,WATCH,portfolio capacity reached,2026-08-02T23:32:06.578341+00:00
2026-08-02T23:32:03.550161+00:00,2026-08-04,543c1b084ecf7224cb7c70766183859d,Phoenix Mercury @ Chicago Sky,Kahleah Copper,pl_a8c6901f4d81a98e,threes,UNDER,FanDuel,fanduel,2.5,-200,1.24,1.26,0.8983,0.6667,0.2316,0.3475,0.793,True,SHADOW_ONLY,sprint23_phase3_shadow,0.31720000000000004,0.31720000000000004,44.822,True,WATCH,passed minimum thresholds; subject to exposure controls,2026-08-02T23:32:06.578341+00:00
2026-08-02T23:32:03.550161+00:00,2026-08-03,b69cd4efd717cb22355b34ad83ba553a,Toronto Tempo @ Golden State Valkyries,Nyara Sabally,pl_d4809954b4ed0d21,reb,UNDER,DraftKings,draftkings,4.5,-168,2.5,2.0,0.8335,0.6269,0.2066,0.3296,1.651,True,SHADOW_ONLY,sprint23_phase3_shadow,0.3668888888888889,0.3668888888888889,42.01822222222222,True,WATCH,passed minimum thresholds; subject to exposure controls,2026-08-02T23:32:06.578341+00:00
2026-08-02T23:32:03.550161+00:00,2026-08-02,8cb92d45e2c4570ff14320738ec395f2,Connecticut Sun @ Dallas Wings,Arike Ogunbowale,pl_3f004ccdde4922fa,ast,UNDER,FanDuel,fanduel,3.5,-154,2.22,1.28,0.8005,0.6063,0.1942,0.3203,1.21,True,SHADOW_ONLY,sprint23_phase3_shadow,0.3457142857142857,0.3457142857142857,39.327714285714286,True,WATCH,portfolio capacity reached,2026-08-02T23:32:06.578341+00:00
2026-08-02T23:32:03.550161+00:00,2026-08-03,b69cd4efd717cb22355b34ad83ba553a,Toronto Tempo @ Golden State Valkyries,Veronica Burton,pl_1241fddfc0d9e94c,threes,UNDER,FanDuel,fanduel,1.5,-188,0.48,1.02,0.8478,0.6528,0.195,0.2987,0.793,True,SHADOW_ONLY,sprint23_phase3_shadow,0.5286666666666667,0.5286666666666667,33.03666666666666,False,REJECT,failed minimum governance thresholds,2026-08-02T23:32:06.578341+00:00
2026-08-02T23:32:03.550161+00:00,2026-08-03,b69cd4efd717cb22355b34ad83ba553a,Toronto Tempo @ Golden State Valkyries,Veronica Burton,pl_1241fddfc0d9e94c,threes,UNDER,DraftKings,draftkings,1.5,-189,0.48,1.02,0.8478,0.654,0.1938,0.2964,0.793,True,SHADOW_ONLY,sprint23_phase3_shadow,0.5286666666666667,0.5286666666666667,32.73466666666667,False,REJECT,failed minimum governance thresholds,2026-08-02T23:32:06.578341+00:00
2026-08-02T23:32:03.550161+00:00,2026-08-02,8cb92d45e2c4570ff14320738ec395f2,Connecticut Sun @ Dallas Wings,Arike Ogunbowale,pl_3f004ccdde4922fa,ast,UNDER,DraftKings,draftkings,3.5,-162,2.22,1.28,0.8005,0.6183,0.1822,0.2946,1.21,True,SHADOW_ONLY,sprint23_phase3_shadow,0.3457142857142857,0.3457142857142857,36.03771428571429,True,WATCH,passed minimum thresholds; subject to exposure controls,2026-08-02T23:32:06.578341+00:00
2026-08-02T23:32:03.550161+00:00,2026-08-03,51369aa71fcd604bdf38a760b6bcc223,Seattle Storm @ New York Liberty,Flau'jae Johnson,pl_7ea95322fc050de7,threes,UNDER,DraftKings,draftkings,1.5,-204,0.48,1.02,0.8477,0.6711,0.1766,0.2632,0.793,True,SHADOW_ONLY,sprint23_phase3_shadow,0.5286666666666667,0.5286666666666667,28.382666666666662,False,REJECT,failed minimum governance thresholds,2026-08-02T23:32:06.578341+00:00
2026-08-02T23:32:03.550161+00:00,2026-08-03,51369aa71fcd604bdf38a760b6bcc223,Seattle Storm @ New York Liberty,Flau'jae Johnson,pl_7ea95322fc050de7,threes,UNDER,FanDuel,fanduel,1.5,-205,0.48,1.02,0.8477,0.6721,0.1755,0.2612,0.793,True,SHADOW_ONLY,sprint23_phase3_shadow,0.5286666666666667,0.5286666666666667,28.116666666666664,False,REJECT,failed minimum governance thresholds,2026-08-02T23:32:06.578341+00:00
2026-08-02T23:32:03.550161+00:00,2026-08-03,b69cd4efd717cb22355b34ad83ba553a,Toronto Tempo @ Golden State Valkyries,Cecilia Zandalasini,pl_c3118aa754391b29,threes,UNDER,FanDuel,fanduel,1.5,-186,0.6,0.9,0.8183,0.6503,0.1679,0.2582,0.793,True,SHADOW_ONLY,sprint23_phase3_shadow,0.5286666666666667,0.5286666666666667,27.12066666666666,False,REJECT,failed minimum governance thresholds,2026-08-02T23:32:06.578341+00:00
2026-08-02T23:32:03.550161+00:00,2026-08-03,9192db295ea37dc4616880169fa9e38d,Las Vegas Aces @ Atlanta Dream,Angel Reese,pl_2d999585fdbdbe8e,ast,UNDER,FanDuel,fanduel,2.5,-166,1.31,1.19,0.7847,0.6241,0.1606,0.2574,1.21,True,SHADOW_ONLY,sprint23_phase3_shadow,0.484,0.484,28.076000000000008,False,REJECT,failed minimum governance thresholds,2026-08-02T23:32:06.578341+00:00
2026-08-02T23:32:03.550161+00:00,2026-08-03,9192db295ea37dc4616880169fa9e38d,Las Vegas Aces @ Atlanta Dream,Angel Reese,pl_2d999585fdbdbe8e,ast,UNDER,DraftKings,draftkings,2.5,-166,1.31,1.19,0.7847,0.6241,0.1606,0.2574,1.21,True,SHADOW_ONLY,sprint23_phase3_shadow,0.484,0.484,28.076000000000008,False,REJECT,failed minimum governance thresholds,2026-08-02T23:32:06.578341+00:00
2026-08-02T23:32:03.550161+00:00,2026-08-02,8cb92d45e2c4570ff14320738ec395f2,Connecticut Sun @ Dallas Wings,Arike Ogunbowale,pl_3f004ccdde4922fa,threes,UNDER,DraftKings,draftkings,1.5,103,1.2,0.3,0.6187,0.4926,0.1261,0.2559,0.793,True,SHADOW_ONLY,sprint23_phase3_shadow,0.5286666666666667,0.5286666666666667,23.182666666666673,False,REJECT,failed minimum governance thresholds,2026-08-02T23:32:06.578341+00:00
2026-08-02T23:32:03.550161+00:00,2026-08-03,9192db295ea37dc4616880169fa9e38d,Las Vegas Aces @ Atlanta Dream,A'ja Wilson,pl_2a3329d505c5b5ab,threes,UNDER,FanDuel,fanduel,0.5,140,0.45,0.05,0.5219,0.4167,0.1052,0.2526,0.793,True,SHADOW_ONLY,sprint23_phase3_shadow,1.586,1.0,11.672,False,REJECT,failed minimum governance thresholds,2026-08-02T23:32:06.578341+00:00
2026-08-02T23:32:03.550161+00:00,2026-08-03,9192db295ea37dc4616880169fa9e38d,Las Vegas Aces @ Atlanta Dream,A'ja Wilson,pl_2a3329d505c5b5ab,threes,UNDER,DraftKings,draftkings,0.5,140,0.45,0.05,0.5219,0.4167,0.1052,0.2526,0.793,True,SHADOW_ONLY,sprint23_phase3_shadow,1.586,1.0,11.672,False,REJECT,failed minimum governance thresholds,2026-08-02T23:32:06.578341+00:00
2026-08-02T23:32:03.550161+00:00,2026-08-02,8cb92d45e2c4570ff14320738ec395f2,Connecticut Sun @ Dallas Wings,Arike Ogunbowale,pl_3f004ccdde4922fa,threes,UNDER,FanDuel,fanduel,1.5,102,1.2,0.3,0.6187,0.495,0.1236,0.2497,0.793,True,SHADOW_ONLY,sprint23_phase3_shadow,0.5286666666666667,0.5286666666666667,22.412666666666663,False,REJECT,failed minimum governance thresholds,2026-08-02T23:32:06.578341+00:00
2026-08-02T23:32:03.550161+00:00,2026-08-03,b69cd4efd717cb22355b34ad83ba553a,Toronto Tempo @ Golden State Valkyries,Cecilia Zandalasini,pl_c3118aa754391b29,threes,UNDER,DraftKings,draftkings,1.5,-205,0.6,0.9,0.8183,0.6721,0.1462,0.2174,0.793,True,SHADOW_ONLY,sprint23_phase3_shadow,0.5286666666666667,0.5286666666666667,21.738666666666663,False,REJECT,failed minimum governance thresholds,2026-08-02T23:32:06.578341+00:00
2026-08-02T23:32:03.550161+00:00,2026-08-02,8cb92d45e2c4570ff14320738ec395f2,Connecticut Sun @ Dallas Wings,Paige Bueckers,pl_ad864595548de955,threes,UNDER,DraftKings,draftkings,1.5,-114,1.19,0.31,0.6216,0.5327,0.0889,0.1669,0.793,True,SHADOW_ONLY,sprint23_phase3_shadow,0.5286666666666667,0.5286666666666667,12.070666666666664,False,REJECT,failed minimum governance thresholds,2026-08-02T23:32:06.578341+00:00
2026-08-02T23:32:03.550161+00:00,2026-08-02,8cb92d45e2c4570ff14320738ec395f2,Connecticut Sun @ Dallas Wings,Paige Bueckers,pl_ad864595548de955,threes,UNDER,FanDuel,fanduel,1.5,-136,1.19,0.31,0.6216,0.5763,0.0453,0.0787,0.793,True,SHADOW_ONLY,sprint23_phase3_shadow,0.5286666666666667,0.5286666666666667,0.634666666666666,False,REJECT,failed minimum governance thresholds,2026-08-02T23:32:06.578341+00:00
2026-08-02T23:32:03.550161+00:00,2026-08-03,b69cd4efd717cb22355b34ad83ba553a,Toronto Tempo @ Golden State Valkyries,Gabby Williams,pl_9201a353366bfdf8,ast,UNDER,FanDuel,fanduel,2.5,-162,1.99,0.51,0.6308,0.6183,0.0125,0.0203,1.21,True,SHADOW_ONLY,sprint23_phase3_shadow,0.484,0.484,-5.88,False,REJECT,failed minimum governance thresholds,2026-08-02T23:32:06.578341+00:00
2026-08-02T23:32:03.550161+00:00,2026-08-03,b69cd4efd717cb22355b34ad83ba553a,Toronto Tempo @ Golden State Valkyries,Gabby Williams,pl_9201a353366bfdf8,ast,UNDER,DraftKings,draftkings,2.5,-192,1.99,0.51,0.6308,0.6575,-0.0267,-0.0406,1.21,True,SHADOW_ONLY,sprint23_phase3_shadow,0.484,0.484,-14.322,False,REJECT,failed minimum governance thresholds,2026-08-02T23:32:06.578341+00:00
2026-08-02T23:32:03.550161+00:00,2026-08-03,b69cd4efd717cb22355b34ad83ba553a,Toronto Tempo @ Golden State Valkyries,Gabby Williams,pl_9201a353366bfdf8,ast,OVER,DraftKings,draftkings,2.5,140,1.99,-0.51,0.3692,0.4167,-0.0475,-0.114,1.21,True,SHADOW_ONLY,sprint23_phase3_shadow,0.484,0.484,-23.93,False,REJECT,failed minimum governance thresholds,2026-08-02T23:32:06.578341+00:00
2026-08-02T23:32:03.550161+00:00,2026-08-03,b69cd4efd717cb22355b34ad83ba553a,Toronto Tempo @ Golden State Valkyries,Gabby Williams,pl_9201a353366bfdf8,ast,OVER,FanDuel,fanduel,2.5,122,1.99,-0.51,0.3692,0.4505,-0.0813,-0.1805,1.21,True,SHADOW_ONLY,sprint23_phase3_shadow,0.484,0.484,-32.608000000000004,False,REJECT,failed minimum governance thresholds,2026-08-02T23:32:06.578341+00:00
2026-08-02T23:32:03.550161+00:00,2026-08-02,8cb92d45e2c4570ff14320738ec395f2,Connecticut Sun @ Dallas Wings,Paige Bueckers,pl_ad864595548de955,threes,OVER,FanDuel,fanduel,1.5,102,1.19,-0.31,0.3784,0.495,-0.1166,-0.2356,0.793,True,SHADOW_ONLY,sprint23_phase3_shadow,0.5286666666666667,0.5286666666666667,-41.129333333333335,False,REJECT,failed minimum governance thresholds,2026-08-02T23:32:06.578341+00:00
2026-08-02T23:32:03.550161+00:00,2026-08-03,9192db295ea37dc4616880169fa9e38d,Las Vegas Aces @ Atlanta Dream,A'ja Wilson,pl_2a3329d505c5b5ab,threes,OVER,FanDuel,fanduel,0.5,-188,0.45,-0.05,0.4781,0.6528,-0.1747,-0.2676,0.793,True,SHADOW_ONLY,sprint23_phase3_shadow,1.586,1.0,-57.242000000000004,False,REJECT,failed minimum governance thresholds,2026-08-02T23:32:06.578341+00:00
2026-08-02T23:32:03.550161+00:00,2026-08-03,9192db295ea37dc4616880169fa9e38d,Las Vegas Aces @ Atlanta Dream,A'ja Wilson,pl_2a3329d505c5b5ab,threes,OVER,DraftKings,draftkings,0.5,-192,0.45,-0.05,0.4781,0.6575,-0.1794,-0.2729,0.793,True,SHADOW_ONLY,sprint23_phase3_shadow,1.586,1.0,-58.054,False,REJECT,failed minimum governance thresholds,2026-08-02T23:32:06.578341+00:00
2026-08-02T23:32:03.550161+00:00,2026-08-02,8cb92d45e2c4570ff14320738ec395f2,Connecticut Sun @ Dallas Wings,Paige Bueckers,pl_ad864595548de955,threes,OVER,DraftKings,draftkings,1.5,-119,1.19,-0.31,0.3784,0.5434,-0.165,-0.3036,0.793,True,SHADOW_ONLY,sprint23_phase3_shadow,0.5286666666666667,0.5286666666666667,-50.83333333333333,False,REJECT,failed minimum governance thresholds,2026-08-02T23:32:06.578341+00:00
2026-08-02T23:32:03.550161+00:00,2026-08-03,51369aa71fcd604bdf38a760b6bcc223,Seattle Storm @ New York Liberty,Breanna Stewart,pl_a9f0686367871e4e,threes,OVER,DraftKings,draftkings,0.5,-235,0.43,-0.07,0.4727,0.7015,-0.2288,-0.3261,0.793,True,SHADOW_ONLY,sprint23_phase3_shadow,1.586,1.0,-66.338,False,REJECT,failed minimum governance thresholds,2026-08-02T23:32:06.578341+00:00
2026-08-02T23:32:03.550161+00:00,2026-08-03,51369aa71fcd604bdf38a760b6bcc223,Seattle Storm @ New York Liberty,Breanna Stewart,pl_a9f0686367871e4e,threes,OVER,FanDuel,fanduel,0.5,-245,0.43,-0.07,0.4727,0.7101,-0.2374,-0.3343,0.793,True,SHADOW_ONLY,sprint23_phase3_shadow,1.586,1.0,-67.674,False,REJECT,failed minimum governance thresholds,2026-08-02T23:32:06.578341+00:00
2026-08-02T23:32:03.550161+00:00,2026-08-02,8cb92d45e2c4570ff14320738ec395f2,Connecticut Sun @ Dallas Wings,Arike Ogunbowale,pl_3f004ccdde4922fa,threes,OVER,FanDuel,fanduel,1.5,-136,1.2,-0.3,0.3813,0.5763,-0.1949,-0.3383,0.793,True,SHADOW_ONLY,sprint23_phase3_shadow,0.5286666666666667,0.5286666666666667,-56.09733333333334,False,REJECT,failed minimum governance thresholds,2026-08-02T23:32:06.578341+00:00
2026-08-02T23:32:03.550161+00:00,2026-08-02,8cb92d45e2c4570ff14320738ec395f2,Connecticut Sun @ Dallas Wings,Arike Ogunbowale,pl_3f004ccdde4922fa,threes,OVER,DraftKings,draftkings,1.5,-140,1.2,-0.3,0.3813,0.5833,-0.202,-0.3463,0.793,True,SHADOW_ONLY,sprint23_phase3_shadow,0.5286666666666667,0.5286666666666667,-57.32333333333334,False,REJECT,failed minimum governance thresholds,2026-08-02T23:32:06.578341+00:00
2026-08-02T23:32:03.550161+00:00,2026-08-03,b69cd4efd717cb22355b34ad83ba553a,Toronto Tempo @ Golden State Valkyries,Gabby Williams,pl_9201a353366bfdf8,reb,OVER,DraftKings,draftkings,2.5,-152,1.64,-0.86,0.3395,0.6032,-0.2637,-0.4371,1.651,True,SHADOW_ONLY,sprint23_phase3_shadow,0.6604,0.6604,-72.74,False,REJECT,failed minimum governance thresholds,2026-08-02T23:32:06.578341+00:00
2026-08-02T23:32:03.550161+00:00,2026-08-03,b69cd4efd717cb22355b34ad83ba553a,Toronto Tempo @ Golden State Valkyries,Gabby Williams,pl_9201a353366bfdf8,reb,OVER,FanDuel,fanduel,2.5,-154,1.64,-0.86,0.3395,0.6063,-0.2668,-0.44,1.651,True,SHADOW_ONLY,sprint23_phase3_shadow,0.6604,0.6604,-73.216,False,REJECT,failed minimum governance thresholds,2026-08-02T23:32:06.578341+00:00
2026-08-02T23:32:03.550161+00:00,2026-08-03,9192db295ea37dc4616880169fa9e38d,Las Vegas Aces @ Atlanta Dream,Allisha Gray,pl_0538d809f7d14b6b,threes,OVER,FanDuel,fanduel,1.5,-128,0.96,-0.54,0.2933,0.5614,-0.2681,-0.4775,0.793,True,SHADOW_ONLY,sprint23_phase3_shadow,0.5286666666666667,0.5286666666666667,-74.40933333333334,False,REJECT,failed minimum governance thresholds,2026-08-02T23:32:06.578341+00:00
2026-08-02T23:32:03.550161+00:00,2026-08-03,9192db295ea37dc4616880169fa9e38d,Las Vegas Aces @ Atlanta Dream,Allisha Gray,pl_0538d809f7d14b6b,threes,OVER,DraftKings,draftkings,1.5,-138,0.96,-0.54,0.2933,0.5798,-0.2865,-0.4941,0.793,True,SHADOW_ONLY,sprint23_phase3_shadow,0.5286666666666667,0.5286666666666667,-77.17333333333333,False,REJECT,failed minimum governance thresholds,2026-08-02T23:32:06.578341+00:00
2026-08-02T23:32:03.550161+00:00,2026-08-03,9192db295ea37dc4616880169fa9e38d,Las Vegas Aces @ Atlanta Dream,Angel Reese,pl_2d999585fdbdbe8e,ast,OVER,FanDuel,fanduel,2.5,124,1.31,-1.19,0.2153,0.4464,-0.2311,-0.5177,1.21,True,SHADOW_ONLY,sprint23_phase3_shadow,0.484,0.484,-75.316,False,REJECT,failed minimum governance thresholds,2026-08-02T23:32:06.578341+00:00
2026-08-02T23:32:03.550161+00:00,2026-08-03,b69cd4efd717cb22355b34ad83ba553a,Toronto Tempo @ Golden State Valkyries,Janelle Salaun,pl_82e61535f0085d21,reb,OVER,FanDuel,fanduel,3.5,-158,2.38,-1.12,0.2941,0.6124,-0.3183,-0.5198,1.651,True,SHADOW_ONLY,sprint23_phase3_shadow,0.4717142857142857,0.4717142857142857,-80.51228571428572,False,REJECT,failed minimum governance thresholds,2026-08-02T23:32:06.578341+00:00
2026-08-02T23:32:03.550161+00:00,2026-08-03,9192db295ea37dc4616880169fa9e38d,Las Vegas Aces @ Atlanta Dream,Angel Reese,pl_2d999585fdbdbe8e,ast,OVER,DraftKings,draftkings,2.5,122,1.31,-1.19,0.2153,0.4505,-0.2352,-0.522,1.21,True,SHADOW_ONLY,sprint23_phase3_shadow,0.484,0.484,-75.99199999999999,False,REJECT,failed minimum governance thresholds,2026-08-02T23:32:06.578341+00:00
2026-08-02T23:32:03.550161+00:00,2026-08-03,9192db295ea37dc4616880169fa9e38d,Las Vegas Aces @ Atlanta Dream,Chelsea Gray,pl_97ce373787b564c7,reb,OVER,FanDuel,fanduel,2.5,-130,1.17,-1.33,0.2599,0.5652,-0.3054,-0.5403,1.651,True,SHADOW_ONLY,sprint23_phase3_shadow,0.6604,0.6604,-85.562,False,REJECT,failed minimum governance thresholds,2026-08-02T23:32:06.578341+00:00
2026-08-02T23:32:03.550161+00:00,2026-08-03,9192db295ea37dc4616880169fa9e38d,Las Vegas Aces @ Atlanta Dream,Chelsea Gray,pl_97ce373787b564c7,reb,OVER,DraftKings,draftkings,2.5,-132,1.17,-1.33,0.2599,0.569,-0.3091,-0.5433,1.651,True,SHADOW_ONLY,sprint23_phase3_shadow,0.6604,0.6604,-86.084,False,REJECT,failed minimum governance thresholds,2026-08-02T23:32:06.578341+00:00
2026-08-02T23:32:03.550161+00:00,2026-08-03,b69cd4efd717cb22355b34ad83ba553a,Toronto Tempo @ Golden State Valkyries,Kayla Thornton,pl_3a069f063eb86517,pts,OVER,DraftKings,draftkings,8.5,-124,5.06,-3.44,0.2516,0.5536,-0.3019,-0.5455,4.096,True,SHADOW_ONLY,sprint23_phase3_shadow,0.4818823529411765,0.4818823529411765,-82.30164705882353,False,REJECT,failed minimum governance thresholds,2026-08-02T23:32:06.578341+00:00
2026-08-02T23:32:03.550161+00:00,2026-08-03,b69cd4efd717cb22355b34ad83ba553a,Toronto Tempo @ Golden State Valkyries,Cecilia Zandalasini,pl_c3118aa754391b29,threes,OVER,DraftKings,draftkings,1.5,149,0.6,-0.9,0.1817,0.4016,-0.2199,-0.5475,0.793,True,SHADOW_ONLY,sprint23_phase3_shadow,0.5286666666666667,0.5286666666666667,-78.51733333333334,False,REJECT,failed minimum governance thresholds,2026-08-02T23:32:06.578341+00:00
2026-08-02T23:32:03.550161+00:00,2026-08-03,b69cd4efd717cb22355b34ad83ba553a,Toronto Tempo @ Golden State Valkyries,Kayla Thornton,pl_3a069f063eb86517,pts,OVER,FanDuel,fanduel,8.5,-130,5.06,-3.44,0.2516,0.5652,-0.3136,-0.5548,4.096,True,SHADOW_ONLY,sprint23_phase3_shadow,0.4818823529411765,0.4818823529411765,-83.93364705882352,False,REJECT,failed minimum governance thresholds,2026-08-02T23:32:06.578341+00:00
2026-08-02T23:32:03.550161+00:00,2026-08-02,8cb92d45e2c4570ff14320738ec395f2,Connecticut Sun @ Dallas Wings,Arike Ogunbowale,pl_3f004ccdde4922fa,ast,OVER,DraftKings,draftkings,3.5,119,2.22,-1.28,0.1995,0.4566,-0.2571,-0.5631,1.21,True,SHADOW_ONLY,sprint23_phase3_shadow,0.3457142857142857,0.3457142857142857,-78.65028571428572,False,REJECT,failed minimum governance thresholds,2026-08-02T23:32:06.578341+00:00
2026-08-02T23:32:03.550161+00:00,2026-08-03,51369aa71fcd604bdf38a760b6bcc223,Seattle Storm @ New York Liberty,Flau'jae Johnson,pl_7ea95322fc050de7,ast,OVER,DraftKings,draftkings,2.5,-160,1.56,-0.94,0.2681,0.6154,-0.3473,-0.5644,1.21,True,SHADOW_ONLY,sprint23_phase3_shadow,0.484,0.484,-86.958,False,REJECT,failed minimum governance thresholds,2026-08-02T23:32:06.578341+00:00
2026-08-02T23:32:03.550161+00:00,2026-08-03,51369aa71fcd604bdf38a760b6bcc223,Seattle Storm @ New York Liberty,Flau'jae Johnson,pl_7ea95322fc050de7,ast,OVER,FanDuel,fanduel,2.5,-162,1.56,-0.94,0.2681,0.6183,-0.3503,-0.5665,1.21,True,SHADOW_ONLY,sprint23_phase3_shadow,0.484,0.484,-87.34800000000001,False,REJECT,failed minimum governance thresholds,2026-08-02T23:32:06.578341+00:00
2026-08-02T23:32:03.550161+00:00,2026-08-03,51369aa71fcd604bdf38a760b6bcc223,Seattle Storm @ New York Liberty,Jonquel Jones,pl_0ff64046d8bcbd2b,ast,OVER,DraftKings,draftkings,2.5,-138,1.48,-1.02,0.2511,0.5798,-0.3287,-0.567,1.21,True,SHADOW_ONLY,sprint23_phase3_shadow,0.484,0.484,-86.102,False,REJECT,failed minimum governance thresholds,2026-08-02T23:32:06.578341+00:00
2026-08-02T23:32:03.550161+00:00,2026-08-03,b69cd4efd717cb22355b34ad83ba553a,Toronto Tempo @ Golden State Valkyries,Cecilia Zandalasini,pl_c3118aa754391b29,threes,OVER,FanDuel,fanduel,1.5,138,0.6,-0.9,0.1817,0.4202,-0.2385,-0.5675,0.793,True,SHADOW_ONLY,sprint23_phase3_shadow,0.5286666666666667,0.5286666666666667,-81.63333333333334,False,REJECT,failed minimum governance thresholds,2026-08-02T23:32:06.578341+00:00
2026-08-02T23:32:03.550161+00:00,2026-08-02,8cb92d45e2c4570ff14320738ec395f2,Connecticut Sun @ Dallas Wings,Arike Ogunbowale,pl_3f004ccdde4922fa,ast,OVER,FanDuel,fanduel,3.5,116,2.22,-1.28,0.1995,0.463,-0.2635,-0.5691,1.21,True,SHADOW_ONLY,sprint23_phase3_shadow,0.3457142857142857,0.3457142857142857,-79.63428571428571,False,REJECT,failed minimum governance thresholds,2026-08-02T23:32:06.578341+00:00
2026-08-02T23:32:03.550161+00:00,2026-08-03,b69cd4efd717cb22355b34ad83ba553a,Toronto Tempo @ Golden State Valkyries,Kiki Rice,pl_84191fe3efe55532,pts,OVER,FanDuel,fanduel,11.5,-110,7.6,-3.9,0.2235,0.5238,-0.3004,-0.5734,4.096,True,SHADOW_ONLY,sprint23_phase3_shadow,0.3561739130434783,0.3561739130434783,-82.48747826086957,False,REJECT,failed minimum governance thresholds,2026-08-02T23:32:06.578341+00:00
2026-08-02T23:32:03.550161+00:00,2026-08-03,b69cd4efd717cb22355b34ad83ba553a,Toronto Tempo @ Golden State Valkyries,Kiki Rice,pl_84191fe3efe55532,pts,OVER,DraftKings,draftkings,11.5,-114,7.6,-3.9,0.2235,0.5327,-0.3093,-0.5805,4.096,True,SHADOW_ONLY,sprint23_phase3_shadow,0.3561739130434783,0.3561739130434783,-83.73147826086957,False,REJECT,failed minimum governance thresholds,2026-08-02T23:32:06.578341+00:00
2026-08-02T23:32:03.550161+00:00,2026-08-04,543c1b084ecf7224cb7c70766183859d,Phoenix Mercury @ Chicago Sky,DeWanna Bonner,pl_f18f3e992558fc65,pts,OVER,FanDuel,fanduel,11.5,-102,7.37,-4.13,0.2103,0.505,-0.2947,-0.5835,4.096,True,SHADOW_ONLY,sprint23_phase3_shadow,0.3561739130434783,0.3561739130434783,-83.15547826086957,False,REJECT,failed minimum governance thresholds,2026-08-02T23:32:06.578341+00:00
2026-08-02T23:32:03.550161+00:00,2026-08-04,543c1b084ecf7224cb7c70766183859d,Phoenix Mercury @ Chicago Sky,DeWanna Bonner,pl_f18f3e992558fc65,pts,OVER,DraftKings,draftkings,11.5,-103,7.37,-4.13,0.2103,0.5074,-0.2971,-0.5855,4.096,True,SHADOW_ONLY,sprint23_phase3_shadow,0.3561739130434783,0.3561739130434783,-83.49947826086957,False,REJECT,failed minimum governance thresholds,2026-08-02T23:32:06.578341+00:00
2026-08-02T23:32:03.550161+00:00,2026-08-03,51369aa71fcd604bdf38a760b6bcc223,Seattle Storm @ New York Liberty,Jonquel Jones,pl_0ff64046d8bcbd2b,ast,OVER,FanDuel,fanduel,2.5,-158,1.48,-1.02,0.2511,0.6124,-0.3613,-0.59,1.21,True,SHADOW_ONLY,sprint23_phase3_shadow,0.484,0.484,-90.358,False,REJECT,failed minimum governance thresholds,2026-08-02T23:32:06.578341+00:00
2026-08-02T23:32:03.550161+00:00,2026-08-03,9192db295ea37dc4616880169fa9e38d,Las Vegas Aces @ Atlanta Dream,Allisha Gray,pl_0538d809f7d14b6b,ast,OVER,FanDuel,fanduel,2.5,100,1.24,-1.26,0.2036,0.5,-0.2964,-0.5928,1.21,True,SHADOW_ONLY,sprint23_phase3_shadow,0.484,0.484,-86.744,False,REJECT,failed minimum governance thresholds,2026-08-02T23:32:06.578341+00:00
2026-08-02T23:32:03.550161+00:00,2026-08-03,9192db295ea37dc4616880169fa9e38d,Las Vegas Aces @ Atlanta Dream,Jackie Young,pl_debf3ef806a91eba,threes,OVER,DraftKings,draftkings,1.5,-173,0.85,-0.65,0.2576,0.6337,-0.3761,-0.5935,0.793,True,SHADOW_ONLY,sprint23_phase3_shadow,0.5286666666666667,0.5286666666666667,-92.48933333333333,False,REJECT,failed minimum governance thresholds,2026-08-02T23:32:06.578341+00:00
2026-08-02T23:32:03.550161+00:00,2026-08-03,9192db295ea37dc4616880169fa9e38d,Las Vegas Aces @ Atlanta Dream,Allisha Gray,pl_0538d809f7d14b6b,ast,OVER,DraftKings,draftkings,2.5,-103,1.24,-1.26,0.2036,0.5074,-0.3038,-0.5987,1.21,True,SHADOW_ONLY,sprint23_phase3_shadow,0.484,0.484,-87.77800000000002,False,REJECT,failed minimum governance thresholds,2026-08-02T23:32:06.578341+00:00
2026-08-02T23:32:03.550161+00:00,2026-08-03,b69cd4efd717cb22355b34ad83ba553a,Toronto Tempo @ Golden State Valkyries,Laura Juskaite,pl_42412bbecf0f3ee0,pts,OVER,DraftKings,draftkings,9.5,-126,5.6,-3.9,0.2234,0.5575,-0.3341,-0.5993,4.096,True,SHADOW_ONLY,sprint23_phase3_shadow,0.43115789473684213,0.43115789473684213,-88.59915789473683,False,REJECT,failed minimum governance thresholds,2026-08-02T23:32:06.578341+00:00
2026-08-02T23:32:03.550161+00:00,2026-08-03,b69cd4efd717cb22355b34ad83ba553a,Toronto Tempo @ Golden State Valkyries,Janelle Salaun,pl_82e61535f0085d21,ast,OVER,FanDuel,fanduel,1.5,-114,0.29,-1.21,0.2125,0.5327,-0.3202,-0.6011,1.21,True,SHADOW_ONLY,sprint23_phase3_shadow,0.8066666666666666,0.8066666666666666,-95.45533333333333,False,REJECT,failed minimum governance thresholds,2026-08-02T23:32:06.578341+00:00
2026-08-02T23:32:03.550161+00:00,2026-08-03,9192db295ea37dc4616880169fa9e38d,Las Vegas Aces @ Atlanta Dream,Allisha Gray,pl_0538d809f7d14b6b,reb,OVER,DraftKings,draftkings,3.5,-102,1.76,-1.74,0.2006,0.505,-0.3044,-0.6027,1.651,True,SHADOW_ONLY,sprint23_phase3_shadow,0.4717142857142857,0.4717142857142857,-87.96828571428571,False,REJECT,failed minimum governance thresholds,2026-08-02T23:32:06.578341+00:00
2026-08-02T23:32:03.550161+00:00,2026-08-03,9192db295ea37dc4616880169fa9e38d,Las Vegas Aces @ Atlanta Dream,Allisha Gray,pl_0538d809f7d14b6b,reb,OVER,FanDuel,fanduel,3.5,-106,1.76,-1.74,0.2006,0.5146,-0.314,-0.6102,1.651,True,SHADOW_ONLY,sprint23_phase3_shadow,0.4717142857142857,0.4717142857142857,-89.2942857142857,False,REJECT,failed minimum governance thresholds,2026-08-02T23:32:06.578341+00:00
2026-08-02T23:32:03.550161+00:00,2026-08-03,51369aa71fcd604bdf38a760b6bcc223,Seattle Storm @ New York Liberty,Flau'jae Johnson,pl_7ea95322fc050de7,threes,OVER,FanDuel,fanduel,1.5,152,0.48,-1.02,0.1523,0.3968,-0.2445,-0.6161,0.793,True,SHADOW_ONLY,sprint23_phase3_shadow,0.5286666666666667,0.5286666666666667,-86.85333333333334,False,REJECT,failed minimum governance thresholds,2026-08-02T23:32:06.578341+00:00
2026-08-02T23:32:03.550161+00:00,2026-08-03,9192db295ea37dc4616880169fa9e38d,Las Vegas Aces @ Atlanta Dream,NaLyssa Smith,pl_58d8ddd50dc5e9ea,reb,OVER,FanDuel,fanduel,5.5,110,3.62,-1.88,0.1821,0.4762,-0.2941,-0.6176,1.651,True,SHADOW_ONLY,sprint23_phase3_shadow,0.30018181818181816,0.30018181818181816,-85.40963636363637,False,REJECT,failed minimum governance thresholds,2026-08-02T23:32:06.578341+00:00
2026-08-02T23:32:03.550161+00:00,2026-08-02,8cb92d45e2c4570ff14320738ec395f2,Connecticut Sun @ Dallas Wings,Charlisse Leger-Walker,pl_e808c7e45d2ab0d9,pts,OVER,FanDuel,fanduel,7.5,-114,3.21,-4.29,0.2017,0.5327,-0.331,-0.6213,4.096,True,SHADOW_ONLY,sprint23_phase3_shadow,0.5461333333333334,0.5461333333333334,-92.91266666666667,False,REJECT,failed minimum governance thresholds,2026-08-02T23:32:06.578341+00:00
2026-08-02T23:32:03.550161+00:00,2026-08-03,51369aa71fcd604bdf38a760b6bcc223,Seattle Storm @ New York Liberty,Flau'jae Johnson,pl_7ea95322fc050de7,threes,OVER,DraftKings,draftkings,1.5,148,0.48,-1.02,0.1523,0.4032,-0.2509,-0.6222,0.793,True,SHADOW_ONLY,sprint23_phase3_shadow,0.5286666666666667,0.5286666666666667,-87.84733333333334,False,REJECT,failed minimum governance thresholds,2026-08-02T23:32:06.578341+00:00
2026-08-02T23:32:03.550161+00:00,2026-08-03,9192db295ea37dc4616880169fa9e38d,Las Vegas Aces @ Atlanta Dream,NaLyssa Smith,pl_58d8ddd50dc5e9ea,reb,OVER,DraftKings,draftkings,5.5,105,3.62,-1.88,0.1821,0.4878,-0.3057,-0.6268,1.651,True,SHADOW_ONLY,sprint23_phase3_shadow,0.30018181818181816,0.30018181818181816,-87.02563636363637,False,REJECT,failed minimum governance thresholds,2026-08-02T23:32:06.578341+00:00
2026-08-02T23:32:03.550161+00:00,2026-08-03,9192db295ea37dc4616880169fa9e38d,Las Vegas Aces @ Atlanta Dream,NaLyssa Smith,pl_58d8ddd50dc5e9ea,pts,OVER,DraftKings,draftkings,10.5,104,5.84,-4.66,0.1822,0.4902,-0.308,-0.6283,4.096,True,SHADOW_ONLY,sprint23_phase3_shadow,0.3900952380952381,0.3900952380952381,-89.11190476190477,False,REJECT,failed minimum governance thresholds,2026-08-02T23:32:06.578341+00:00
2026-08-02T23:32:03.550161+00:00,2026-08-03,b69cd4efd717cb22355b34ad83ba553a,Toronto Tempo @ Golden State Valkyries,Nyara Sabally,pl_d4809954b4ed0d21,reb,OVER,DraftKings,draftkings,4.5,123,2.5,-2.0,0.1665,0.4484,-0.2819,-0.6287,1.651,True,SHADOW_ONLY,sprint23_phase3_shadow,0.3668888888888889,0.3668888888888889,-87.12177777777778,False,REJECT,failed minimum governance thresholds,2026-08-02T23:32:06.578341+00:00
2026-08-02T23:32:03.550161+00:00,2026-08-02,8cb92d45e2c4570ff14320738ec395f2,Connecticut Sun @ Dallas Wings,Charlisse Leger-Walker,pl_e808c7e45d2ab0d9,pts,OVER,DraftKings,draftkings,7.5,-120,3.21,-4.29,0.2017,0.5455,-0.3437,-0.6302,4.096,True,SHADOW_ONLY,sprint23_phase3_shadow,0.5461333333333334,0.5461333333333334,-94.56466666666667,False,REJECT,failed minimum governance thresholds,2026-08-02T23:32:06.578341+00:00
2026-08-02T23:32:03.550161+00:00,2026-08-03,9192db295ea37dc4616880169fa9e38d,Las Vegas Aces @ Atlanta Dream,NaLyssa Smith,pl_58d8ddd50dc5e9ea,pts,OVER,FanDuel,fanduel,10.5,102,5.84,-4.66,0.1822,0.495,-0.3128,-0.6319,4.096,True,SHADOW_ONLY,sprint23_phase3_shadow,0.3900952380952381,0.3900952380952381,-89.75990476190476,False,REJECT,failed minimum governance thresholds,2026-08-02T23:32:06.578341+00:00
2026-08-02T23:32:03.550161+00:00,2026-08-03,b69cd4efd717cb22355b34ad83ba553a,Toronto Tempo @ Golden State Valkyries,Veronica Burton,pl_1241fddfc0d9e94c,threes,OVER,FanDuel,fanduel,1.5,140,0.48,-1.02,0.1522,0.4167,-0.2645,-0.6347,0.793,True,SHADOW_ONLY,sprint23_phase3_shadow,0.5286666666666667,0.5286666666666667,-89.91333333333334,False,REJECT,failed minimum governance thresholds,2026-08-02T23:32:06.578341+00:00
2026-08-02T23:32:03.550161+00:00,2026-08-03,51369aa71fcd604bdf38a760b6bcc223,Seattle Storm @ New York Liberty,Flau'jae Johnson,pl_7ea95322fc050de7,reb,OVER,DraftKings,draftkings,4.5,-106,2.66,-1.84,0.1873,0.5146,-0.3273,-0.636,1.651,True,SHADOW_ONLY,sprint23_phase3_shadow,0.3668888888888889,0.3668888888888889,-90.57577777777777,False,REJECT,failed minimum governance thresholds,2026-08-02T23:32:06.578341+00:00
2026-08-02T23:32:03.550161+00:00,2026-08-03,b69cd4efd717cb22355b34ad83ba553a,Toronto Tempo @ Golden State Valkyries,Gabby Williams,pl_9201a353366bfdf8,threes,OVER,DraftKings,draftkings,1.5,-112,0.64,-0.86,0.1923,0.5283,-0.336,-0.636,0.793,True,SHADOW_ONLY,sprint23_phase3_shadow,0.5286666666666667,0.5286666666666667,-94.33333333333334,False,REJECT,failed minimum governance thresholds,2026-08-02T23:32:06.578341+00:00
2026-08-02T23:32:03.550161+00:00,2026-08-03,b69cd4efd717cb22355b34ad83ba553a,Toronto Tempo @ Golden State Valkyries,Cecilia Zandalasini,pl_c3118aa754391b29,pts,OVER,DraftKings,draftkings,8.5,-117,4.11,-4.39,0.196,0.5392,-0.3431,-0.6364,4.096,True,SHADOW_ONLY,sprint23_phase3_shadow,0.4818823529411765,0.4818823529411765,-93.86364705882353,False,REJECT,failed minimum governance thresholds,2026-08-02T23:32:06.578341+00:00
2026-08-02T23:32:03.550161+00:00,2026-08-03,b69cd4efd717cb22355b34ad83ba553a,Toronto Tempo @ Golden State Valkyries,Veronica Burton,pl_1241fddfc0d9e94c,threes,OVER,DraftKings,draftkings,1.5,138,0.48,-1.02,0.1522,0.4202,-0.268,-0.6377,0.793,True,SHADOW_ONLY,sprint23_phase3_shadow,0.5286666666666667,0.5286666666666667,-90.42333333333335,False,REJECT,failed minimum governance thresholds,2026-08-02T23:32:06.578341+00:00
2026-08-02T23:32:03.550161+00:00,2026-08-03,b69cd4efd717cb22355b34ad83ba553a,Toronto Tempo @ Golden State Valkyries,Cecilia Zandalasini,pl_c3118aa754391b29,pts,OVER,FanDuel,fanduel,8.5,-118,4.11,-4.39,0.196,0.5413,-0.3453,-0.6378,4.096,True,SHADOW_ONLY,sprint23_phase3_shadow,0.4818823529411765,0.4818823529411765,-94.13564705882354,False,REJECT,failed minimum governance thresholds,2026-08-02T23:32:06.578341+00:00
2026-08-02T23:32:03.550161+00:00,2026-08-02,8cb92d45e2c4570ff14320738ec395f2,Connecticut Sun @ Dallas Wings,Arike Ogunbowale,pl_3f004ccdde4922fa,pts,OVER,FanDuel,fanduel,15.5,-120,11.13,-4.37,0.1972,0.5455,-0.3483,-0.6385,4.096,True,SHADOW_ONLY,sprint23_phase3_shadow,0.26425806451612904,0.26425806451612904,-90.03316129032257,False,REJECT,failed minimum governance thresholds,2026-08-02T23:32:06.578341+00:00
2026-08-02T23:32:03.550161+00:00,2026-08-03,b69cd4efd717cb22355b34ad83ba553a,Toronto Tempo @ Golden State Valkyries,Gabby Williams,pl_9201a353366bfdf8,threes,OVER,FanDuel,fanduel,1.5,-114,0.64,-0.86,0.1923,0.5327,-0.3404,-0.639,0.793,True,SHADOW_ONLY,sprint23_phase3_shadow,0.5286666666666667,0.5286666666666667,-94.89733333333334,False,REJECT,failed minimum governance thresholds,2026-08-02T23:32:06.578341+00:00
2026-08-02T23:32:03.550161+00:00,2026-08-02,8cb92d45e2c4570ff14320738ec395f2,Connecticut Sun @ Dallas Wings,Arike Ogunbowale,pl_3f004ccdde4922fa,reb,OVER,DraftKings,draftkings,2.5,-140,0.82,-1.68,0.2079,0.5833,-0.3754,-0.6435,1.651,True,SHADOW_ONLY,sprint23_phase3_shadow,0.6604,0.6604,-100.082,False,REJECT,failed minimum governance thresholds,2026-08-02T23:32:06.578341+00:00
2026-08-02T23:32:03.550161+00:00,2026-08-03,b69cd4efd717cb22355b34ad83ba553a,Toronto Tempo @ Golden State Valkyries,Nyara Sabally,pl_d4809954b4ed0d21,reb,OVER,FanDuel,fanduel,4.5,114,2.5,-2.0,0.1665,0.4673,-0.3008,-0.6437,1.651,True,SHADOW_ONLY,sprint23_phase3_shadow,0.3668888888888889,0.3668888888888889,-89.75577777777778,False,REJECT,failed minimum governance thresholds,2026-08-02T23:32:06.578341+00:00
2026-08-02T23:32:03.550161+00:00,2026-08-03,51369aa71fcd604bdf38a760b6bcc223,Seattle Storm @ New York Liberty,Flau'jae Johnson,pl_7ea95322fc050de7,reb,OVER,FanDuel,fanduel,4.5,-114,2.66,-1.84,0.1873,0.5327,-0.3454,-0.6484,1.651,True,SHADOW_ONLY,sprint23_phase3_shadow,0.3668888888888889,0.3668888888888889,-92.90177777777778,False,REJECT,failed minimum governance thresholds,2026-08-02T23:32:06.578341+00:00
2026-08-02T23:32:03.550161+00:00,2026-08-03,b69cd4efd717cb22355b34ad83ba553a,Toronto Tempo @ Golden State Valkyries,Laura Juskaite,pl_42412bbecf0f3ee0,pts,OVER,FanDuel,fanduel,10.5,106,5.6,-4.9,0.1697,0.4854,-0.3158,-0.6505,4.096,True,SHADOW_ONLY,sprint23_phase3_shadow,0.3900952380952381,0.3900952380952381,-91.79990476190476,False,REJECT,failed minimum governance thresholds,2026-08-02T23:32:06.578341+00:00
2026-08-02T23:32:03.550161+00:00,2026-08-02,8cb92d45e2c4570ff14320738ec395f2,Connecticut Sun @ Dallas Wings,Azzi Fudd,pl_316dca206c328c4f,pts,OVER,FanDuel,fanduel,13.5,-104,8.74,-4.76,0.1768,0.5098,-0.333,-0.6533,4.096,True,SHADOW_ONLY,sprint23_phase3_shadow,0.3034074074074074,0.3034074074074074,-91.37814814814816,False,REJECT,failed minimum governance thresholds,2026-08-02T23:32:06.578341+00:00
2026-08-02T23:32:03.550161+00:00,2026-08-03,b69cd4efd717cb22355b34ad83ba553a,Toronto Tempo @ Golden State Valkyries,Janelle Salaun,pl_82e61535f0085d21,pts,OVER,DraftKings,draftkings,12.5,-104,7.73,-4.77,0.1762,0.5098,-0.3336,-0.6544,4.096,True,SHADOW_ONLY,sprint23_phase3_shadow,0.32768,0.32768,-92.0096,False,REJECT,failed minimum governance thresholds,2026-08-02T23:32:06.578341+00:00
2026-08-02T23:32:03.550161+00:00,2026-08-02,8cb92d45e2c4570ff14320738ec395f2,Connecticut Sun @ Dallas Wings,Arike Ogunbowale,pl_3f004ccdde4922fa,reb,OVER,FanDuel,fanduel,2.5,-152,0.82,-1.68,0.2079,0.6032,-0.3952,-0.6553,1.651,True,SHADOW_ONLY,sprint23_phase3_shadow,0.6604,0.6604,-102.45,False,REJECT,failed minimum governance thresholds,2026-08-02T23:32:06.578341+00:00
2026-08-02T23:32:03.550161+00:00,2026-08-03,b69cd4efd717cb22355b34ad83ba553a,Toronto Tempo @ Golden State Valkyries,Janelle Salaun,pl_82e61535f0085d21,reb,OVER,DraftKings,draftkings,4.5,123,2.38,-2.12,0.1528,0.4484,-0.2957,-0.6594,1.651,True,SHADOW_ONLY,sprint23_phase3_shadow,0.3668888888888889,0.3668888888888889,-91.01977777777778,False,REJECT,failed minimum governance thresholds,2026-08-02T23:32:06.578341+00:00
2026-08-02T23:32:03.550161+00:00,2026-08-03,51369aa71fcd604bdf38a760b6bcc223,Seattle Storm @ New York Liberty,Awa Fam,pl_531f83caa0cb9b98,pts,OVER,DraftKings,draftkings,11.5,-107,6.66,-4.84,0.1728,0.5169,-0.3441,-0.6657,4.096,True,SHADOW_ONLY,sprint23_phase3_shadow,0.3561739130434783,0.3561739130434783,-94.33947826086956,False,REJECT,failed minimum governance thresholds,2026-08-02T23:32:06.578341+00:00
2026-08-02T23:32:03.550161+00:00,2026-08-03,9192db295ea37dc4616880169fa9e38d,Las Vegas Aces @ Atlanta Dream,Chelsea Gray,pl_97ce373787b564c7,threes,OVER,FanDuel,fanduel,1.5,-102,0.55,-0.95,0.1685,0.505,-0.3365,-0.6663,0.793,True,SHADOW_ONLY,sprint23_phase3_shadow,0.5286666666666667,0.5286666666666667,-97.39333333333333,False,REJECT,failed minimum governance thresholds,2026-08-02T23:32:06.578341+00:00
2026-08-02T23:32:03.550161+00:00,2026-08-03,b69cd4efd717cb22355b34ad83ba553a,Toronto Tempo @ Golden State Valkyries,Janelle Salaun,pl_82e61535f0085d21,pts,OVER,FanDuel,fanduel,12.5,-113,7.73,-4.77,0.1762,0.5305,-0.3543,-0.6679,4.096,True,SHADOW_ONLY,sprint23_phase3_shadow,0.32768,0.32768,-94.6016,False,REJECT,failed minimum governance thresholds,2026-08-02T23:32:06.578341+00:00
2026-08-02T23:32:03.550161+00:00,2026-08-02,8cb92d45e2c4570ff14320738ec395f2,Connecticut Sun @ Dallas Wings,Azzi Fudd,pl_316dca206c328c4f,pts,OVER,DraftKings,draftkings,13.5,-117,8.74,-4.76,0.1768,0.5392,-0.3624,-0.6721,4.096,True,SHADOW_ONLY,sprint23_phase3_shadow,0.3034074074074074,0.3034074074074074,-95.02214814814816,False,REJECT,failed minimum governance thresholds,2026-08-02T23:32:06.578341+00:00
2026-08-02T23:32:03.550161+00:00,2026-08-03,51369aa71fcd604bdf38a760b6bcc223,Seattle Storm @ New York Liberty,Awa Fam,pl_531f83caa0cb9b98,pts,OVER,FanDuel,fanduel,11.5,-113,6.66,-4.84,0.1728,0.5305,-0.3577,-0.6743,4.096,True,SHADOW_ONLY,sprint23_phase3_shadow,0.3561739130434783,0.3561739130434783,-96.01547826086957,False,REJECT,failed minimum governance thresholds,2026-08-02T23:32:06.578341+00:00
2026-08-02T23:32:03.550161+00:00,2026-08-03,9192db295ea37dc4616880169fa9e38d,Las Vegas Aces @ Atlanta Dream,Chelsea Gray,pl_97ce373787b564c7,threes,OVER,DraftKings,draftkings,1.5,-108,0.55,-0.95,0.1685,0.5192,-0.3508,-0.6755,0.793,True,SHADOW_ONLY,sprint23_phase3_shadow,0.5286666666666667,0.5286666666666667,-99.17133333333334,False,REJECT,failed minimum governance thresholds,2026-08-02T23:32:06.578341+00:00
2026-08-02T23:32:03.550161+00:00,2026-08-03,b69cd4efd717cb22355b34ad83ba553a,Toronto Tempo @ Golden State Valkyries,Maria Conde,pl_bae275cf69e5c648,reb,OVER,DraftKings,draftkings,4.5,-107,2.49,-2.01,0.1657,0.5169,-0.3512,-0.6794,1.651,True,SHADOW_ONLY,sprint23_phase3_shadow,0.3668888888888889,0.3668888888888889,-96.34977777777777,False,REJECT,failed minimum governance thresholds,2026-08-02T23:32:06.578341+00:00
2026-08-02T23:32:03.550161+00:00,2026-08-03,b69cd4efd717cb22355b34ad83ba553a,Toronto Tempo @ Golden State Valkyries,Maria Conde,pl_bae275cf69e5c648,reb,OVER,FanDuel,fanduel,4.5,-110,2.49,-2.01,0.1657,0.5238,-0.3581,-0.6836,1.651,True,SHADOW_ONLY,sprint23_phase3_shadow,0.3668888888888889,0.3668888888888889,-97.18377777777778,False,REJECT,failed minimum governance thresholds,2026-08-02T23:32:06.578341+00:00
2026-08-02T23:32:03.550161+00:00,2026-08-03,b69cd4efd717cb22355b34ad83ba553a,Toronto Tempo @ Golden State Valkyries,Julie Allemand,pl_43dcc8c3927f7c60,pts,OVER,DraftKings,draftkings,6.5,-132,1.72,-4.78,0.1758,0.569,-0.3931,-0.6909,4.096,True,SHADOW_ONLY,sprint23_phase3_shadow,0.6301538461538462,0.6301538461538462,-105.27907692307691,False,REJECT,failed minimum governance thresholds,2026-08-02T23:32:06.578341+00:00
2026-08-02T23:32:03.550161+00:00,2026-08-03,51369aa71fcd604bdf38a760b6bcc223,Seattle Storm @ New York Liberty,Awa Fam,pl_531f83caa0cb9b98,reb,OVER,DraftKings,draftkings,5.5,-113,3.46,-2.04,0.1619,0.5305,-0.3686,-0.6948,1.651,True,SHADOW_ONLY,sprint23_phase3_shadow,0.30018181818181816,0.30018181818181816,-97.59963636363636,False,REJECT,failed minimum governance thresholds,2026-08-02T23:32:06.578341+00:00
2026-08-02T23:32:03.550161+00:00,2026-08-03,51369aa71fcd604bdf38a760b6bcc223,Seattle Storm @ New York Liberty,Awa Fam,pl_531f83caa0cb9b98,reb,OVER,FanDuel,fanduel,5.5,-114,3.46,-2.04,0.1619,0.5327,-0.3708,-0.6961,1.651,True,SHADOW_ONLY,sprint23_phase3_shadow,0.30018181818181816,0.30018181818181816,-97.86163636363636,False,REJECT,failed minimum governance thresholds,2026-08-02T23:32:06.578341+00:00
2026-08-02T23:32:03.550161+00:00,2026-08-03,9192db295ea37dc4616880169fa9e38d,Las Vegas Aces @ Atlanta Dream,Rhyne Howard,pl_18c31d08ca4a3a7c,reb,OVER,DraftKings,draftkings,3.5,-132,1.53,-1.97,0.1711,0.569,-0.3979,-0.6994,1.651,True,SHADOW_ONLY,sprint23_phase3_shadow,0.4717142857142857,0.4717142857142857,-103.24828571428571,False,REJECT,failed minimum governance thresholds,2026-08-02T23:32:06.578341+00:00
2026-08-02T23:32:03.550161+00:00,2026-08-03,9192db295ea37dc4616880169fa9e38d,Las Vegas Aces @ Atlanta Dream,Jackie Young,pl_debf3ef806a91eba,reb,OVER,FanDuel,fanduel,3.5,-138,1.55,-1.95,0.1728,0.5798,-0.4071,-0.7021,1.651,True,SHADOW_ONLY,sprint23_phase3_shadow,0.4717142857142857,0.4717142857142857,-104.07028571428572,False,REJECT,failed minimum governance thresholds,2026-08-02T23:32:06.578341+00:00
2026-08-02T23:32:03.550161+00:00,2026-08-02,8cb92d45e2c4570ff14320738ec395f2,Connecticut Sun @ Dallas Wings,Charlisse Leger-Walker,pl_e808c7e45d2ab0d9,ast,OVER,FanDuel,fanduel,3.5,-154,2.11,-1.39,0.1802,0.6063,-0.4261,-0.7029,1.21,True,SHADOW_ONLY,sprint23_phase3_shadow,0.3457142857142857,0.3457142857142857,-102.7702857142857,False,REJECT,failed minimum governance thresholds,2026-08-02T23:32:06.578341+00:00
2026-08-02T23:32:03.550161+00:00,2026-08-03,9192db295ea37dc4616880169fa9e38d,Las Vegas Aces @ Atlanta Dream,Jackie Young,pl_debf3ef806a91eba,reb,OVER,DraftKings,draftkings,3.5,-139,1.55,-1.95,0.1728,0.5816,-0.4088,-0.703,1.651,True,SHADOW_ONLY,sprint23_phase3_shadow,0.4717142857142857,0.4717142857142857,-104.26228571428572,False,REJECT,failed minimum governance thresholds,2026-08-02T23:32:06.578341+00:00
2026-08-02T23:32:03.550161+00:00,2026-08-03,9192db295ea37dc4616880169fa9e38d,Las Vegas Aces @ Atlanta Dream,Rhyne Howard,pl_18c31d08ca4a3a7c,reb,OVER,FanDuel,fanduel,3.5,-136,1.53,-1.97,0.1711,0.5763,-0.4052,-0.7032,1.651,True,SHADOW_ONLY,sprint23_phase3_shadow,0.4717142857142857,0.4717142857142857,-104.06628571428573,False,REJECT,failed minimum governance thresholds,2026-08-02T23:32:06.578341+00:00
2026-08-02T23:32:03.550161+00:00,2026-08-03,51369aa71fcd604bdf38a760b6bcc223,Seattle Storm @ New York Liberty,Flau'jae Johnson,pl_7ea95322fc050de7,pts,OVER,DraftKings,draftkings,13.5,-120,8.25,-5.25,0.1533,0.5455,-0.3922,-0.719,4.096,True,SHADOW_ONLY,sprint23_phase3_shadow,0.3034074074074074,0.3034074074074074,-101.50014814814814,False,REJECT,failed minimum governance thresholds,2026-08-02T23:32:06.578341+00:00
2026-08-02T23:32:03.550161+00:00,2026-08-02,8cb92d45e2c4570ff14320738ec395f2,Connecticut Sun @ Dallas Wings,Arike Ogunbowale,pl_3f004ccdde4922fa,pts,OVER,DraftKings,draftkings,16.5,-113,11.13,-5.37,0.1476,0.5305,-0.3829,-0.7217,4.096,True,SHADOW_ONLY,sprint23_phase3_shadow,0.24824242424242424,0.24824242424242424,-100.1088484848485,False,REJECT,failed minimum governance thresholds,2026-08-02T23:32:06.578341+00:00
2026-08-02T23:32:03.550161+00:00,2026-08-03,9192db295ea37dc4616880169fa9e38d,Las Vegas Aces @ Atlanta Dream,Rhyne Howard,pl_18c31d08ca4a3a7c,ast,OVER,FanDuel,fanduel,3.5,-112,1.91,-1.59,0.1465,0.5283,-0.3818,-0.7227,1.21,True,SHADOW_ONLY,sprint23_phase3_shadow,0.3457142857142857,0.3457142857142857,-102.09228571428571,False,REJECT,failed minimum governance thresholds,2026-08-02T23:32:06.578341+00:00
2026-08-02T23:32:03.550161+00:00,2026-08-03,b69cd4efd717cb22355b34ad83ba553a,Toronto Tempo @ Golden State Valkyries,Maria Conde,pl_bae275cf69e5c648,pts,OVER,DraftKings,draftkings,10.5,-102,4.94,-5.56,0.1393,0.505,-0.3656,-0.7241,4.096,True,SHADOW_ONLY,sprint23_phase3_shadow,0.3900952380952381,0.3900952380952381,-102.14790476190477,False,REJECT,failed minimum governance thresholds,2026-08-02T23:32:06.578341+00:00
2026-08-02T23:32:03.550161+00:00,2026-08-03,b69cd4efd717cb22355b34ad83ba553a,Toronto Tempo @ Golden State Valkyries,Veronica Burton,pl_1241fddfc0d9e94c,reb,OVER,DraftKings,draftkings,3.5,114,1.16,-2.34,0.1287,0.4673,-0.3386,-0.7246,1.651,True,SHADOW_ONLY,sprint23_phase3_shadow,0.4717142857142857,0.4717142857142857,-102.21028571428573,False,REJECT,failed minimum governance thresholds,2026-08-02T23:32:06.578341+00:00
2026-08-02T23:32:03.550161+00:00,2026-08-03,51369aa71fcd604bdf38a760b6bcc223,Seattle Storm @ New York Liberty,Jonquel Jones,pl_0ff64046d8bcbd2b,pts,OVER,DraftKings,draftkings,13.5,-113,8.07,-5.43,0.1452,0.5305,-0.3853,-0.7263,4.096,True,SHADOW_ONLY,sprint23_phase3_shadow,0.3034074074074074,0.3034074074074074,-101.81614814814814,False,REJECT,failed minimum governance thresholds,2026-08-02T23:32:06.578341+00:00
2026-08-02T23:32:03.550161+00:00,2026-08-03,9192db295ea37dc4616880169fa9e38d,Las Vegas Aces @ Atlanta Dream,Rhyne Howard,pl_18c31d08ca4a3a7c,ast,OVER,DraftKings,draftkings,3.5,-118,1.91,-1.59,0.1465,0.5413,-0.3948,-0.7294,1.21,True,SHADOW_ONLY,sprint23_phase3_shadow,0.3457142857142857,0.3457142857142857,-103.54228571428571,False,REJECT,failed minimum governance thresholds,2026-08-02T23:32:06.578341+00:00
2026-08-02T23:32:03.550161+00:00,2026-08-03,51369aa71fcd604bdf38a760b6bcc223,Seattle Storm @ New York Liberty,Jonquel Jones,pl_0ff64046d8bcbd2b,pts,OVER,FanDuel,fanduel,13.5,-120,8.07,-5.43,0.1452,0.5455,-0.4002,-0.7338,4.096,True,SHADOW_ONLY,sprint23_phase3_shadow,0.3034074074074074,0.3034074074074074,-103.46014814814815,False,REJECT,failed minimum governance thresholds,2026-08-02T23:32:06.578341+00:00
2026-08-02T23:32:03.550161+00:00,2026-08-03,b69cd4efd717cb22355b34ad83ba553a,Toronto Tempo @ Golden State Valkyries,Maria Conde,pl_bae275cf69e5c648,pts,OVER,FanDuel,fanduel,10.5,-110,4.94,-5.56,0.1393,0.5238,-0.3845,-0.7341,4.096,True,SHADOW_ONLY,sprint23_phase3_shadow,0.3900952380952381,0.3900952380952381,-104.28190476190476,False,REJECT,failed minimum governance thresholds,2026-08-02T23:32:06.578341+00:00
2026-08-02T23:32:03.550161+00:00,2026-08-03,9192db295ea37dc4616880169fa9e38d,Las Vegas Aces @ Atlanta Dream,Jordin Canada,pl_e49d761a397e4cf3,pts,OVER,DraftKings,draftkings,10.5,-109,4.89,-5.61,0.1373,0.5215,-0.3842,-0.7367,4.096,True,SHADOW_ONLY,sprint23_phase3_shadow,0.3900952380952381,0.3900952380952381,-104.52390476190477,False,REJECT,failed minimum governance thresholds,2026-08-02T23:32:06.578341+00:00
2026-08-02T23:32:03.550161+00:00,2026-08-03,b69cd4efd717cb22355b34ad83ba553a,Toronto Tempo @ Golden State Valkyries,Veronica Burton,pl_1241fddfc0d9e94c,reb,OVER,FanDuel,fanduel,3.5,100,1.16,-2.34,0.1287,0.5,-0.3713,-0.7426,1.651,True,SHADOW_ONLY,sprint23_phase3_shadow,0.4717142857142857,0.4717142857142857,-105.97228571428573,False,REJECT,failed minimum governance thresholds,2026-08-02T23:32:06.578341+00:00
2026-08-02T23:32:03.550161+00:00,2026-08-03,9192db295ea37dc4616880169fa9e38d,Las Vegas Aces @ Atlanta Dream,Jordin Canada,pl_e49d761a397e4cf3,pts,OVER,FanDuel,fanduel,10.5,-115,4.89,-5.61,0.1373,0.5349,-0.3976,-0.7433,4.096,True,SHADOW_ONLY,sprint23_phase3_shadow,0.3900952380952381,0.3900952380952381,-105.98790476190477,False,REJECT,failed minimum governance thresholds,2026-08-02T23:32:06.578341+00:00
2026-08-02T23:32:03.550161+00:00,2026-08-03,b69cd4efd717cb22355b34ad83ba553a,Toronto Tempo @ Golden State Valkyries,Laura Juskaite,pl_42412bbecf0f3ee0,reb,OVER,DraftKings,draftkings,4.5,119,2.03,-2.47,0.116,0.4566,-0.3406,-0.7459,1.651,True,SHADOW_ONLY,sprint23_phase3_shadow,0.3668888888888889,0.3668888888888889,-102.36377777777778,False,REJECT,failed minimum governance thresholds,2026-08-02T23:32:06.578341+00:00
2026-08-02T23:32:03.550161+00:00,2026-08-04,543c1b084ecf7224cb7c70766183859d,Phoenix Mercury @ Chicago Sky,Kahleah Copper,pl_a8c6901f4d81a98e,threes,OVER,FanDuel,fanduel,2.5,148,1.24,-1.26,0.1017,0.4032,-0.3015,-0.7478,0.793,True,SHADOW_ONLY,sprint23_phase3_shadow,0.31720000000000004,0.31720000000000004,-99.214,False,REJECT,failed minimum governance thresholds,2026-08-02T23:32:06.578341+00:00
2026-08-02T23:32:03.550161+00:00,2026-08-03,b69cd4efd717cb22355b34ad83ba553a,Toronto Tempo @ Golden State Valkyries,Kayla Thornton,pl_3a069f063eb86517,reb,OVER,FanDuel,fanduel,4.5,-162,2.35,-2.15,0.1496,0.6183,-0.4688,-0.7581,1.651,True,SHADOW_ONLY,sprint23_phase3_shadow,0.3668888888888889,0.3668888888888889,-111.27577777777778,False,REJECT,failed minimum governance thresholds,2026-08-02T23:32:06.578341+00:00
2026-08-02T23:32:03.550161+00:00,2026-08-03,b69cd4efd717cb22355b34ad83ba553a,Toronto Tempo @ Golden State Valkyries,Kiki Rice,pl_84191fe3efe55532,reb,OVER,FanDuel,fanduel,4.5,-110,2.13,-2.37,0.1263,0.5238,-0.3975,-0.7589,1.651,True,SHADOW_ONLY,sprint23_phase3_shadow,0.3668888888888889,0.3668888888888889,-107.07777777777778,False,REJECT,failed minimum governance thresholds,2026-08-02T23:32:06.578341+00:00
2026-08-02T23:32:03.550161+00:00,2026-08-02,8cb92d45e2c4570ff14320738ec395f2,Connecticut Sun @ Dallas Wings,Brittney Griner,pl_016b4b6eb75cb3e2,reb,OVER,FanDuel,fanduel,5.5,-102,3.06,-2.44,0.1196,0.505,-0.3853,-0.7631,1.651,True,SHADOW_ONLY,sprint23_phase3_shadow,0.30018181818181816,0.30018181818181816,-105.43163636363636,False,REJECT,failed minimum governance thresholds,2026-08-02T23:32:06.578341+00:00
2026-08-02T23:32:03.550161+00:00,2026-08-03,51369aa71fcd604bdf38a760b6bcc223,Seattle Storm @ New York Liberty,Natisha Hiedeman,pl_2396747f40933499,reb,OVER,DraftKings,draftkings,2.5,-149,0.28,-2.22,0.1412,0.5984,-0.4572,-0.764,1.651,True,SHADOW_ONLY,sprint23_phase3_shadow,0.6604,0.6604,-117.04,False,REJECT,failed minimum governance thresholds,2026-08-02T23:32:06.578341+00:00
2026-08-02T23:32:03.550161+00:00,2026-08-04,543c1b084ecf7224cb7c70766183859d,Phoenix Mercury @ Chicago Sky,DeWanna Bonner,pl_f18f3e992558fc65,threes,OVER,FanDuel,fanduel,1.5,116,0.28,-1.22,0.109,0.463,-0.354,-0.7646,0.793,True,SHADOW_ONLY,sprint23_phase3_shadow,0.5286666666666667,0.5286666666666667,-108.27333333333333,False,REJECT,failed minimum governance thresholds,2026-08-02T23:32:06.578341+00:00
2026-08-02T23:32:03.550161+00:00,2026-08-04,543c1b084ecf7224cb7c70766183859d,Phoenix Mercury @ Chicago Sky,Sydney Taylor,pl_d638431d28651af3,threes,OVER,FanDuel,fanduel,2.5,110,1.29,-1.21,0.1119,0.4762,-0.3642,-0.7649,0.793,True,SHADOW_ONLY,sprint23_phase3_shadow,0.31720000000000004,0.31720000000000004,-104.686,False,REJECT,failed minimum governance thresholds,2026-08-02T23:32:06.578341+00:00
2026-08-02T23:32:03.550161+00:00,2026-08-03,b69cd4efd717cb22355b34ad83ba553a,Toronto Tempo @ Golden State Valkyries,Laura Juskaite,pl_42412bbecf0f3ee0,reb,OVER,FanDuel,fanduel,4.5,102,2.03,-2.47,0.116,0.495,-0.379,-0.7656,1.651,True,SHADOW_ONLY,sprint23_phase3_shadow,0.3668888888888889,0.3668888888888889,-106.63777777777776,False,REJECT,failed minimum governance thresholds,2026-08-02T23:32:06.578341+00:00
2026-08-02T23:32:03.550161+00:00,2026-08-03,b69cd4efd717cb22355b34ad83ba553a,Toronto Tempo @ Golden State Valkyries,Kayla Thornton,pl_3a069f063eb86517,pra,OVER,DraftKings,draftkings,15.5,-111,7.73,-7.77,0.1227,0.5261,-0.4034,-0.7668,5.336,True,SHADOW_ONLY,sprint23_phase3_shadow,0.34425806451612906,0.34425806451612906,-107.7691612903226,False,REJECT,failed minimum governance thresholds,2026-08-02T23:32:06.578341+00:00
2026-08-02T23:32:03.550161+00:00,2026-08-03,b69cd4efd717cb22355b34ad83ba553a,Toronto Tempo @ Golden State Valkyries,Kiki Rice,pl_84191fe3efe55532,reb,OVER,DraftKings,draftkings,4.5,-119,2.13,-2.37,0.1263,0.5434,-0.4171,-0.7676,1.651,True,SHADOW_ONLY,sprint23_phase3_shadow,0.3668888888888889,0.3668888888888889,-109.12377777777778,False,REJECT,failed minimum governance thresholds,2026-08-02T23:32:06.578341+00:00
2026-08-02T23:32:03.550161+00:00,2026-08-04,543c1b084ecf7224cb7c70766183859d,Phoenix Mercury @ Chicago Sky,Kahleah Copper,pl_a8c6901f4d81a98e,threes,OVER,DraftKings,draftkings,2.5,126,1.24,-1.26,0.1017,0.4425,-0.3408,-0.7702,0.793,True,SHADOW_ONLY,sprint23_phase3_shadow,0.31720000000000004,0.31720000000000004,-103.81199999999998,False,REJECT,failed minimum governance thresholds,2026-08-02T23:32:06.578341+00:00
2026-08-02T23:32:03.550161+00:00,2026-08-03,9192db295ea37dc4616880169fa9e38d,Las Vegas Aces @ Atlanta Dream,Rhyne Howard,pl_18c31d08ca4a3a7c,pts,OVER,FanDuel,fanduel,16.5,-113,10.51,-5.99,0.1217,0.5305,-0.4089,-0.7707,4.096,True,SHADOW_ONLY,sprint23_phase3_shadow,0.24824242424242424,0.24824242424242424,-106.5688484848485,False,REJECT,failed minimum governance thresholds,2026-08-02T23:32:06.578341+00:00
2026-08-02T23:32:03.550161+00:00,2026-08-03,51369aa71fcd604bdf38a760b6bcc223,Seattle Storm @ New York Liberty,Natisha Hiedeman,pl_2396747f40933499,reb,OVER,FanDuel,fanduel,2.5,-162,0.28,-2.22,0.1412,0.6183,-0.4771,-0.7716,1.651,True,SHADOW_ONLY,sprint23_phase3_shadow,0.6604,0.6604,-118.994,False,REJECT,failed minimum governance thresholds,2026-08-02T23:32:06.578341+00:00
2026-08-02T23:32:03.550161+00:00,2026-08-04,543c1b084ecf7224cb7c70766183859d,Phoenix Mercury @ Chicago Sky,DeWanna Bonner,pl_f18f3e992558fc65,threes,OVER,DraftKings,draftkings,1.5,108,0.28,-1.22,0.109,0.4808,-0.3718,-0.7734,0.793,True,SHADOW_ONLY,sprint23_phase3_shadow,0.5286666666666667,0.5286666666666667,-110.22133333333333,False,REJECT,failed minimum governance thresholds,2026-08-02T23:32:06.578341+00:00
2026-08-02T23:32:03.550161+00:00,2026-08-03,9192db295ea37dc4616880169fa9e38d,Las Vegas Aces @ Atlanta Dream,Rhyne Howard,pl_18c31d08ca4a3a7c,pts,OVER,DraftKings,draftkings,16.5,-117,10.51,-5.99,0.1217,0.5392,-0.4175,-0.7744,4.096,True,SHADOW_ONLY,sprint23_phase3_shadow,0.24824242424242424,0.24824242424242424,-107.45484848484848,False,REJECT,failed minimum governance thresholds,2026-08-02T23:32:06.578341+00:00
2026-08-02T23:32:03.550161+00:00,2026-08-04,543c1b084ecf7224cb7c70766183859d,Phoenix Mercury @ Chicago Sky,Kahleah Copper,pl_a8c6901f4d81a98e,reb,OVER,DraftKings,draftkings,3.5,-143,1.19,-2.31,0.1325,0.5885,-0.456,-0.7749,1.651,True,SHADOW_ONLY,sprint23_phase3_shadow,0.4717142857142857,0.4717142857142857,-114.28428571428572,False,REJECT,failed minimum governance thresholds,2026-08-02T23:32:06.578341+00:00
2026-08-02T23:32:03.550161+00:00,2026-08-03,51369aa71fcd604bdf38a760b6bcc223,Seattle Storm @ New York Liberty,Flau'jae Johnson,pl_7ea95322fc050de7,pts,OVER,FanDuel,fanduel,14.5,100,8.25,-6.25,0.1117,0.5,-0.3883,-0.7765,4.096,True,SHADOW_ONLY,sprint23_phase3_shadow,0.28248275862068967,0.28248275862068967,-106.59765517241378,False,REJECT,failed minimum governance thresholds,2026-08-02T23:32:06.578341+00:00
2026-08-02T23:32:03.550161+00:00,2026-08-02,8cb92d45e2c4570ff14320738ec395f2,Connecticut Sun @ Dallas Wings,Azzi Fudd,pl_316dca206c328c4f,pra,OVER,FanDuel,fanduel,17.5,-104,9.39,-8.11,0.1127,0.5098,-0.3971,-0.7789,5.336,True,SHADOW_ONLY,sprint23_phase3_shadow,0.30491428571428575,0.30491428571428575,-107.81428571428572,False,REJECT,failed minimum governance thresholds,2026-08-02T23:32:06.578341+00:00
2026-08-02T23:32:03.550161+00:00,2026-08-02,8cb92d45e2c4570ff14320738ec395f2,Connecticut Sun @ Dallas Wings,Brittney Griner,pl_016b4b6eb75cb3e2,pts,OVER,DraftKings,draftkings,14.5,-116,8.43,-6.07,0.1184,0.537,-0.4186,-0.7795,4.096,True,SHADOW_ONLY,sprint23_phase3_shadow,0.28248275862068967,0.28248275862068967,-108.71565517241379,False,REJECT,failed minimum governance thresholds,2026-08-02T23:32:06.578341+00:00
2026-08-02T23:32:03.550161+00:00,2026-08-02,8cb92d45e2c4570ff14320738ec395f2,Connecticut Sun @ Dallas Wings,Azzi Fudd,pl_316dca206c328c4f,threes,OVER,FanDuel,fanduel,2.5,144,1.17,-1.33,0.0901,0.4098,-0.3197,-0.7801,0.793,True,SHADOW_ONLY,sprint23_phase3_shadow,0.31720000000000004,0.31720000000000004,-103.536,False,REJECT,failed minimum governance thresholds,2026-08-02T23:32:06.578341+00:00
2026-08-02T23:32:03.550161+00:00,2026-08-04,543c1b084ecf7224cb7c70766183859d,Phoenix Mercury @ Chicago Sky,Kahleah Copper,pl_a8c6901f4d81a98e,reb,OVER,FanDuel,fanduel,3.5,-152,1.19,-2.31,0.1325,0.6032,-0.4707,-0.7804,1.651,True,SHADOW_ONLY,sprint23_phase3_shadow,0.4717142857142857,0.4717142857142857,-115.7162857142857,False,REJECT,failed minimum governance thresholds,2026-08-02T23:32:06.578341+00:00
2026-08-02T23:32:03.550161+00:00,2026-08-02,8cb92d45e2c4570ff14320738ec395f2,Connecticut Sun @ Dallas Wings,Brittney Griner,pl_016b4b6eb75cb3e2,reb,OVER,DraftKings,draftkings,5.5,-120,3.06,-2.44,0.1196,0.5455,-0.4258,-0.7807,1.651,True,SHADOW_ONLY,sprint23_phase3_shadow,0.30018181818181816,0.30018181818181816,-109.62163636363636,False,REJECT,failed minimum governance thresholds,2026-08-02T23:32:06.578341+00:00
2026-08-02T23:32:03.550161+00:00,2026-08-03,b69cd4efd717cb22355b34ad83ba553a,Toronto Tempo @ Golden State Valkyries,Kayla Thornton,pl_3a069f063eb86517,pra,OVER,FanDuel,fanduel,15.5,-130,7.73,-7.77,0.1227,0.5652,-0.4425,-0.783,5.336,True,SHADOW_ONLY,sprint23_phase3_shadow,0.34425806451612906,0.34425806451612906,-111.73516129032258,False,REJECT,failed minimum governance thresholds,2026-08-02T23:32:06.578341+00:00
2026-08-02T23:32:03.550161+00:00,2026-08-04,543c1b084ecf7224cb7c70766183859d,Phoenix Mercury @ Chicago Sky,Sydney Taylor,pl_d638431d28651af3,threes,OVER,DraftKings,draftkings,2.5,-108,1.29,-1.21,0.1119,0.5192,-0.4073,-0.7844,0.793,True,SHADOW_ONLY,sprint23_phase3_shadow,0.31720000000000004,0.31720000000000004,-109.22200000000001,False,REJECT,failed minimum governance thresholds,2026-08-02T23:32:06.578341+00:00
2026-08-02T23:32:03.550161+00:00,2026-08-03,b69cd4efd717cb22355b34ad83ba553a,Toronto Tempo @ Golden State Valkyries,Janelle Salaun,pl_82e61535f0085d21,pra,OVER,FanDuel,fanduel,18.5,-112,10.4,-8.1,0.1128,0.5283,-0.4155,-0.7865,5.336,True,SHADOW_ONLY,sprint23_phase3_shadow,0.28843243243243244,0.28843243243243244,-109.34864864864863,False,REJECT,failed minimum governance thresholds,2026-08-02T23:32:06.578341+00:00
2026-08-02T23:32:03.550161+00:00,2026-08-02,8cb92d45e2c4570ff14320738ec395f2,Connecticut Sun @ Dallas Wings,Brittney Griner,pl_016b4b6eb75cb3e2,pts,OVER,FanDuel,fanduel,14.5,-125,8.43,-6.07,0.1184,0.5556,-0.4371,-0.7869,4.096,True,SHADOW_ONLY,sprint23_phase3_shadow,0.28248275862068967,0.28248275862068967,-110.56565517241378,False,REJECT,failed minimum governance thresholds,2026-08-02T23:32:06.578341+00:00
2026-08-02T23:32:03.550161+00:00,2026-08-02,8cb92d45e2c4570ff14320738ec395f2,Connecticut Sun @ Dallas Wings,Diamond Miller,pl_be910958c10a81a8,pts,OVER,FanDuel,fanduel,9.5,100,3.08,-6.42,0.1054,0.5,-0.3946,-0.7892,4.096,True,SHADOW_ONLY,sprint23_phase3_shadow,0.43115789473684213,0.43115789473684213,-111.21915789473684,False,REJECT,failed minimum governance thresholds,2026-08-02T23:32:06.578341+00:00
2026-08-02T23:32:03.550161+00:00,2026-08-02,8cb92d45e2c4570ff14320738ec395f2,Connecticut Sun @ Dallas Wings,Azzi Fudd,pl_316dca206c328c4f,pra,OVER,DraftKings,draftkings,17.5,-115,9.39,-8.11,0.1127,0.5349,-0.4222,-0.7892,5.336,True,SHADOW_ONLY,sprint23_phase3_shadow,0.30491428571428575,0.30491428571428575,-110.35028571428572,False,REJECT,failed minimum governance thresholds,2026-08-02T23:32:06.578341+00:00
2026-08-02T23:32:03.550161+00:00,2026-08-02,8cb92d45e2c4570ff14320738ec395f2,Connecticut Sun @ Dallas Wings,Arike Ogunbowale,pl_3f004ccdde4922fa,pra,OVER,FanDuel,fanduel,22.5,-102,14.16,-8.34,0.1063,0.505,-0.3986,-0.7895,5.336,True,SHADOW_ONLY,sprint23_phase3_shadow,0.23715555555555556,0.23715555555555556,-107.6091111111111,False,REJECT,failed minimum governance thresholds,2026-08-02T23:32:06.578341+00:00
2026-08-02T23:32:03.550161+00:00,2026-08-03,9192db295ea37dc4616880169fa9e38d,Las Vegas Aces @ Atlanta Dream,Jordin Canada,pl_e49d761a397e4cf3,reb,OVER,DraftKings,draftkings,3.5,-119,1.01,-2.49,0.1142,0.5434,-0.4292,-0.7898,1.651,True,SHADOW_ONLY,sprint23_phase3_shadow,0.4717142857142857,0.4717142857142857,-114.16628571428572,False,REJECT,failed minimum governance thresholds,2026-08-02T23:32:06.578341+00:00
2026-08-02T23:32:03.550161+00:00,2026-08-03,9192db295ea37dc4616880169fa9e38d,Las Vegas Aces @ Atlanta Dream,Jordin Canada,pl_e49d761a397e4cf3,reb,OVER,FanDuel,fanduel,3.5,-120,1.01,-2.49,0.1142,0.5455,-0.4312,-0.7906,1.651,True,SHADOW_ONLY,sprint23_phase3_shadow,0.4717142857142857,0.4717142857142857,-114.36628571428571,False,REJECT,failed minimum governance thresholds,2026-08-02T23:32:06.578341+00:00
2026-08-02T23:32:03.550161+00:00,2026-08-03,b69cd4efd717cb22355b34ad83ba553a,Toronto Tempo @ Golden State Valkyries,Nyara Sabally,pl_d4809954b4ed0d21,pts,OVER,DraftKings,draftkings,10.5,-104,4.09,-6.41,0.106,0.5098,-0.4038,-0.792,4.096,True,SHADOW_ONLY,sprint23_phase3_shadow,0.3900952380952381,0.3900952380952381,-111.22990476190476,False,REJECT,failed minimum governance thresholds,2026-08-02T23:32:06.578341+00:00
2026-08-02T23:32:03.550161+00:00,2026-08-04,543c1b084ecf7224cb7c70766183859d,Phoenix Mercury @ Chicago Sky,Kahleah Copper,pl_a8c6901f4d81a98e,ast,OVER,FanDuel,fanduel,2.5,152,0.39,-2.11,0.082,0.3968,-0.3149,-0.7935,1.21,True,SHADOW_ONLY,sprint23_phase3_shadow,0.484,0.484,-107.924,False,REJECT,failed minimum governance thresholds,2026-08-02T23:32:06.578341+00:00
2026-08-02T23:32:03.550161+00:00,2026-08-03,51369aa71fcd604bdf38a760b6bcc223,Seattle Storm @ New York Liberty,Breanna Stewart,pl_a9f0686367871e4e,ast,OVER,FanDuel,fanduel,3.5,104,1.56,-1.94,0.1003,0.4902,-0.3899,-0.7954,1.21,True,SHADOW_ONLY,sprint23_phase3_shadow,0.3457142857142857,0.3457142857142857,-109.84828571428572,False,REJECT,failed minimum governance thresholds,2026-08-02T23:32:06.578341+00:00
2026-08-02T23:32:03.550161+00:00,2026-08-03,51369aa71fcd604bdf38a760b6bcc223,Seattle Storm @ New York Liberty,Awa Fam,pl_531f83caa0cb9b98,pra,OVER,DraftKings,draftkings,19.5,-111,11.18,-8.32,0.1068,0.5261,-0.4192,-0.7969,5.336,True,SHADOW_ONLY,sprint23_phase3_shadow,0.27364102564102566,0.27364102564102566,-110.31482051282053,False,REJECT,failed minimum governance thresholds,2026-08-02T23:32:06.578341+00:00
2026-08-02T23:32:03.550161+00:00,2026-08-03,51369aa71fcd604bdf38a760b6bcc223,Seattle Storm @ New York Liberty,Awa Fam,pl_531f83caa0cb9b98,pra,OVER,FanDuel,fanduel,19.5,-112,11.18,-8.32,0.1068,0.5283,-0.4215,-0.7978,5.336,True,SHADOW_ONLY,sprint23_phase3_shadow,0.27364102564102566,0.27364102564102566,-110.54282051282051,False,REJECT,failed minimum governance thresholds,2026-08-02T23:32:06.578341+00:00
2026-08-02T23:32:03.550161+00:00,2026-08-02,8cb92d45e2c4570ff14320738ec395f2,Connecticut Sun @ Dallas Wings,Charlisse Leger-Walker,pl_e808c7e45d2ab0d9,pra,OVER,FanDuel,fanduel,14.5,-102,5.96,-8.54,0.1008,0.505,-0.4042,-0.8005,5.336,True,SHADOW_ONLY,sprint23_phase3_shadow,0.368,0.368,-111.66199999999999,False,REJECT,failed minimum governance thresholds,2026-08-02T23:32:06.578341+00:00
2026-08-02T23:32:03.550161+00:00,2026-08-02,8cb92d45e2c4570ff14320738ec395f2,Connecticut Sun @ Dallas Wings,Diamond Miller,pl_be910958c10a81a8,pts,OVER,DraftKings,draftkings,9.5,-113,3.08,-6.42,0.1054,0.5305,-0.4251,-0.8014,4.096,True,SHADOW_ONLY,sprint23_phase3_shadow,0.43115789473684213,0.43115789473684213,-114.26915789473685,False,REJECT,failed minimum governance thresholds,2026-08-02T23:32:06.578341+00:00
2026-08-02T23:32:03.550161+00:00,2026-08-03,51369aa71fcd604bdf38a760b6bcc223,Seattle Storm @ New York Liberty,Breanna Stewart,pl_a9f0686367871e4e,ast,OVER,DraftKings,draftkings,3.5,-104,1.56,-1.94,0.1003,0.5098,-0.4095,-0.8033,1.21,True,SHADOW_ONLY,sprint23_phase3_shadow,0.3457142857142857,0.3457142857142857,-111.81428571428572,False,REJECT,failed minimum governance thresholds,2026-08-02T23:32:06.578341+00:00
2026-08-02T23:32:03.550161+00:00,2026-08-02,8cb92d45e2c4570ff14320738ec395f2,Connecticut Sun @ Dallas Wings,Azzi Fudd,pl_316dca206c328c4f,threes,OVER,DraftKings,draftkings,2.5,117,1.17,-1.33,0.0901,0.4608,-0.3707,-0.8045,0.793,True,SHADOW_ONLY,sprint23_phase3_shadow,0.31720000000000004,0.31720000000000004,-109.036,False,REJECT,failed minimum governance thresholds,2026-08-02T23:32:06.578341+00:00
2026-08-02T23:32:03.550161+00:00,2026-08-02,8cb92d45e2c4570ff14320738ec395f2,Connecticut Sun @ Dallas Wings,Arike Ogunbowale,pl_3f004ccdde4922fa,pra,OVER,DraftKings,draftkings,22.5,-120,14.16,-8.34,0.1063,0.5455,-0.4391,-0.8051,5.336,True,SHADOW_ONLY,sprint23_phase3_shadow,0.23715555555555556,0.23715555555555556,-111.59911111111111,False,REJECT,failed minimum governance thresholds,2026-08-02T23:32:06.578341+00:00
2026-08-02T23:32:03.550161+00:00,2026-08-04,543c1b084ecf7224cb7c70766183859d,Phoenix Mercury @ Chicago Sky,Kahleah Copper,pl_a8c6901f4d81a98e,ast,OVER,DraftKings,draftkings,2.5,137,0.39,-2.11,0.082,0.4219,-0.34,-0.8058,1.21,True,SHADOW_ONLY,sprint23_phase3_shadow,0.484,0.484,-110.66,False,REJECT,failed minimum governance thresholds,2026-08-02T23:32:06.578341+00:00
2026-08-02T23:32:03.550161+00:00,2026-08-03,b69cd4efd717cb22355b34ad83ba553a,Toronto Tempo @ Golden State Valkyries,Nyara Sabally,pl_d4809954b4ed0d21,pts,OVER,FanDuel,fanduel,10.5,-122,4.09,-6.41,0.106,0.5495,-0.4435,-0.807,4.096,True,SHADOW_ONLY,sprint23_phase3_shadow,0.3900952380952381,0.3900952380952381,-115.11190476190477,False,REJECT,failed minimum governance thresholds,2026-08-02T23:32:06.578341+00:00
2026-08-02T23:32:03.550161+00:00,2026-08-03,51369aa71fcd604bdf38a760b6bcc223,Seattle Storm @ New York Liberty,Awa Fam,pl_531f83caa0cb9b98,threes,OVER,FanDuel,fanduel,1.5,118,0.13,-1.37,0.0846,0.4587,-0.3741,-0.8156,0.793,True,SHADOW_ONLY,sprint23_phase3_shadow,0.5286666666666667,0.5286666666666667,-114.57933333333334,False,REJECT,failed minimum governance thresholds,2026-08-02T23:32:06.578341+00:00
2026-08-02T23:32:03.550161+00:00,2026-08-03,b69cd4efd717cb22355b34ad83ba553a,Toronto Tempo @ Golden State Valkyries,Gabby Williams,pl_9201a353366bfdf8,pra,OVER,FanDuel,fanduel,19.5,-122,10.96,-8.54,0.1009,0.5495,-0.4487,-0.8165,5.336,True,SHADOW_ONLY,sprint23_phase3_shadow,0.27364102564102566,0.27364102564102566,-114.04482051282052,False,REJECT,failed minimum governance thresholds,2026-08-02T23:32:06.578341+00:00
2026-08-02T23:32:03.550161+00:00,2026-08-03,51369aa71fcd604bdf38a760b6bcc223,Seattle Storm @ New York Liberty,Awa Fam,pl_531f83caa0cb9b98,threes,OVER,DraftKings,draftkings,1.5,115,0.13,-1.37,0.0846,0.4651,-0.3805,-0.8182,0.793,True,SHADOW_ONLY,sprint23_phase3_shadow,0.5286666666666667,0.5286666666666667,-115.22333333333334,False,REJECT,failed minimum governance thresholds,2026-08-02T23:32:06.578341+00:00
2026-08-02T23:32:03.550161+00:00,2026-08-03,b69cd4efd717cb22355b34ad83ba553a,Toronto Tempo @ Golden State Valkyries,Gabby Williams,pl_9201a353366bfdf8,pra,OVER,DraftKings,draftkings,19.5,-127,10.96,-8.54,0.1009,0.5595,-0.4586,-0.8197,5.336,True,SHADOW_ONLY,sprint23_phase3_shadow,0.27364102564102566,0.27364102564102566,-114.95882051282052,False,REJECT,failed minimum governance thresholds,2026-08-02T23:32:06.578341+00:00
2026-08-02T23:32:03.550161+00:00,2026-08-02,8cb92d45e2c4570ff14320738ec395f2,Connecticut Sun @ Dallas Wings,Charlisse Leger-Walker,pl_e808c7e45d2ab0d9,pra,OVER,DraftKings,draftkings,14.5,-127,5.96,-8.54,0.1008,0.5595,-0.4587,-0.8199,5.336,True,SHADOW_ONLY,sprint23_phase3_shadow,0.368,0.368,-116.872,False,REJECT,failed minimum governance thresholds,2026-08-02T23:32:06.578341+00:00
2026-08-02T23:32:03.550161+00:00,2026-08-03,b69cd4efd717cb22355b34ad83ba553a,Toronto Tempo @ Golden State Valkyries,Kayla Thornton,pl_3a069f063eb86517,threes,OVER,FanDuel,fanduel,1.5,-130,0.24,-1.26,0.1016,0.5652,-0.4637,-0.8203,0.793,True,SHADOW_ONLY,sprint23_phase3_shadow,0.5286666666666667,0.5286666666666667,-120.42533333333334,False,REJECT,failed minimum governance thresholds,2026-08-02T23:32:06.578341+00:00
2026-08-02T23:32:03.550161+00:00,2026-08-03,b69cd4efd717cb22355b34ad83ba553a,Toronto Tempo @ Golden State Valkyries,Kayla Thornton,pl_3a069f063eb86517,threes,OVER,DraftKings,draftkings,1.5,-132,0.24,-1.26,0.1016,0.569,-0.4674,-0.8215,0.793,True,SHADOW_ONLY,sprint23_phase3_shadow,0.5286666666666667,0.5286666666666667,-120.76733333333334,False,REJECT,failed minimum governance thresholds,2026-08-02T23:32:06.578341+00:00
2026-08-02T23:32:03.550161+00:00,2026-08-03,51369aa71fcd604bdf38a760b6bcc223,Seattle Storm @ New York Liberty,Flau'jae Johnson,pl_7ea95322fc050de7,pra,OVER,DraftKings,draftkings,21.5,-109,12.48,-9.02,0.0886,0.5215,-0.4329,-0.8301,5.336,True,SHADOW_ONLY,sprint23_phase3_shadow,0.24818604651162793,0.24818604651162793,-113.94772093023255,False,REJECT,failed minimum governance thresholds,2026-08-02T23:32:06.578341+00:00
2026-08-02T23:32:03.550161+00:00,2026-08-03,b69cd4efd717cb22355b34ad83ba553a,Toronto Tempo @ Golden State Valkyries,Julie Allemand,pl_43dcc8c3927f7c60,ast,OVER,DraftKings,draftkings,5.5,-155,3.58,-1.92,0.1029,0.6078,-0.505,-0.8308,1.21,True,SHADOW_ONLY,sprint23_phase3_shadow,0.22,0.22,-117.78,False,REJECT,failed minimum governance thresholds,2026-08-02T23:32:06.578341+00:00
2026-08-02T23:32:03.550161+00:00,2026-08-03,51369aa71fcd604bdf38a760b6bcc223,Seattle Storm @ New York Liberty,Sabrina Ionescu,pl_5718a935043c616f,reb,OVER,FanDuel,fanduel,4.5,-106,1.65,-2.85,0.0846,0.5146,-0.43,-0.8356,1.651,True,SHADOW_ONLY,sprint23_phase3_shadow,0.3668888888888889,0.3668888888888889,-116.69777777777777,False,REJECT,failed minimum governance thresholds,2026-08-02T23:32:06.578341+00:00
2026-08-02T23:32:03.550161+00:00,2026-08-04,543c1b084ecf7224cb7c70766183859d,Phoenix Mercury @ Chicago Sky,Kamilla Cardoso,pl_7968728052e37934,pts,OVER,FanDuel,fanduel,14.5,102,7.31,-7.19,0.0807,0.495,-0.4143,-0.837,4.096,True,SHADOW_ONLY,sprint23_phase3_shadow,0.28248275862068967,0.28248275862068967,-114.2076551724138,False,REJECT,failed minimum governance thresholds,2026-08-02T23:32:06.578341+00:00
2026-08-02T23:32:03.550161+00:00,2026-08-03,51369aa71fcd604bdf38a760b6bcc223,Seattle Storm @ New York Liberty,Sabrina Ionescu,pl_5718a935043c616f,reb,OVER,DraftKings,draftkings,4.5,-111,1.65,-2.85,0.0846,0.5261,-0.4415,-0.8392,1.651,True,SHADOW_ONLY,sprint23_phase3_shadow,0.3668888888888889,0.3668888888888889,-117.74777777777777,False,REJECT,failed minimum governance thresholds,2026-08-02T23:32:06.578341+00:00
2026-08-02T23:32:03.550161+00:00,2026-08-03,51369aa71fcd604bdf38a760b6bcc223,Seattle Storm @ New York Liberty,Flau'jae Johnson,pl_7ea95322fc050de7,pra,OVER,FanDuel,fanduel,21.5,-125,12.48,-9.02,0.0886,0.5556,-0.467,-0.8405,5.336,True,SHADOW_ONLY,sprint23_phase3_shadow,0.24818604651162793,0.24818604651162793,-117.03372093023255,False,REJECT,failed minimum governance thresholds,2026-08-02T23:32:06.578341+00:00
2026-08-02T23:32:03.550161+00:00,2026-08-03,b69cd4efd717cb22355b34ad83ba553a,Toronto Tempo @ Golden State Valkyries,Gabby Williams,pl_9201a353366bfdf8,pts,OVER,FanDuel,fanduel,14.5,-113,7.33,-7.17,0.0811,0.5305,-0.4494,-0.8471,4.096,True,SHADOW_ONLY,sprint23_phase3_shadow,0.28248275862068967,0.28248275862068967,-117.32365517241378,False,REJECT,failed minimum governance thresholds,2026-08-02T23:32:06.578341+00:00
2026-08-02T23:32:03.550161+00:00,2026-08-04,543c1b084ecf7224cb7c70766183859d,Phoenix Mercury @ Chicago Sky,Kamilla Cardoso,pl_7968728052e37934,pts,OVER,DraftKings,draftkings,14.5,-113,7.31,-7.19,0.0807,0.5305,-0.4498,-0.8479,4.096,True,SHADOW_ONLY,sprint23_phase3_shadow,0.28248275862068967,0.28248275862068967,-117.42765517241378,False,REJECT,failed minimum governance thresholds,2026-08-02T23:32:06.578341+00:00
2026-08-02T23:32:03.550161+00:00,2026-08-03,9192db295ea37dc4616880169fa9e38d,Las Vegas Aces @ Atlanta Dream,Chelsea Gray,pl_97ce373787b564c7,pts,OVER,FanDuel,fanduel,12.5,106,5.03,-7.47,0.0727,0.4854,-0.4127,-0.8501,4.096,True,SHADOW_ONLY,sprint23_phase3_shadow,0.32768,0.32768,-116.3256,False,REJECT,failed minimum governance thresholds,2026-08-02T23:32:06.578341+00:00
2026-08-02T23:32:03.550161+00:00,2026-08-03,b69cd4efd717cb22355b34ad83ba553a,Toronto Tempo @ Golden State Valkyries,Gabby Williams,pl_9201a353366bfdf8,pts,OVER,DraftKings,draftkings,14.5,-119,7.33,-7.17,0.0811,0.5434,-0.4623,-0.8508,4.096,True,SHADOW_ONLY,sprint23_phase3_shadow,0.28248275862068967,0.28248275862068967,-118.46765517241379,False,REJECT,failed minimum governance thresholds,2026-08-02T23:32:06.578341+00:00
2026-08-02T23:32:03.550161+00:00,2026-08-03,9192db295ea37dc4616880169fa9e38d,Las Vegas Aces @ Atlanta Dream,Angel Reese,pl_2d999585fdbdbe8e,pts,OVER,FanDuel,fanduel,15.5,104,7.94,-7.56,0.0704,0.4902,-0.4198,-0.8565,4.096,True,SHADOW_ONLY,sprint23_phase3_shadow,0.26425806451612904,0.26425806451612904,-116.12316129032259,False,REJECT,failed minimum governance thresholds,2026-08-02T23:32:06.578341+00:00
2026-08-02T23:32:03.550161+00:00,2026-08-04,543c1b084ecf7224cb7c70766183859d,Phoenix Mercury @ Chicago Sky,Alyssa Thomas,pl_538cccd243d89261,reb,OVER,FanDuel,fanduel,7.5,-122,4.57,-2.93,0.0781,0.5495,-0.4714,-0.8579,1.651,True,SHADOW_ONLY,sprint23_phase3_shadow,0.22013333333333335,0.22013333333333335,-118.47666666666667,False,REJECT,failed minimum governance thresholds,2026-08-02T23:32:06.578341+00:00
2026-08-02T23:32:03.550161+00:00,2026-08-04,543c1b084ecf7224cb7c70766183859d,Phoenix Mercury @ Chicago Sky,Alyssa Thomas,pl_538cccd243d89261,reb,OVER,DraftKings,draftkings,7.5,-126,4.57,-2.93,0.0781,0.5575,-0.4794,-0.8599,1.651,True,SHADOW_ONLY,sprint23_phase3_shadow,0.22013333333333335,0.22013333333333335,-119.15666666666665,False,REJECT,failed minimum governance thresholds,2026-08-02T23:32:06.578341+00:00
2026-08-02T23:32:03.550161+00:00,2026-08-03,9192db295ea37dc4616880169fa9e38d,Las Vegas Aces @ Atlanta Dream,Chelsea Gray,pl_97ce373787b564c7,pts,OVER,DraftKings,draftkings,12.5,-110,5.03,-7.47,0.0727,0.5238,-0.4511,-0.8611,4.096,True,SHADOW_ONLY,sprint23_phase3_shadow,0.32768,0.32768,-119.7296,False,REJECT,failed minimum governance thresholds,2026-08-02T23:32:06.578341+00:00
2026-08-02T23:32:03.550161+00:00,2026-08-03,9192db295ea37dc4616880169fa9e38d,Las Vegas Aces @ Atlanta Dream,Angel Reese,pl_2d999585fdbdbe8e,pts,OVER,DraftKings,draftkings,15.5,-105,7.94,-7.56,0.0704,0.5122,-0.4418,-0.8626,4.096,True,SHADOW_ONLY,sprint23_phase3_shadow,0.26425806451612904,0.26425806451612904,-118.05316129032258,False,REJECT,failed minimum governance thresholds,2026-08-02T23:32:06.578341+00:00
2026-08-02T23:32:03.550161+00:00,2026-08-03,9192db295ea37dc4616880169fa9e38d,Las Vegas Aces @ Atlanta Dream,Allisha Gray,pl_0538d809f7d14b6b,pts,OVER,DraftKings,draftkings,18.5,-120,11.06,-7.44,0.0735,0.5455,-0.472,-0.8653,4.096,True,SHADOW_ONLY,sprint23_phase3_shadow,0.2214054054054054,0.2214054054054054,-119.2781081081081,False,REJECT,failed minimum governance thresholds,2026-08-02T23:32:06.578341+00:00
2026-08-02T23:32:03.550161+00:00,2026-08-03,9192db295ea37dc4616880169fa9e38d,Las Vegas Aces @ Atlanta Dream,Allisha Gray,pl_0538d809f7d14b6b,pts,OVER,FanDuel,fanduel,18.5,-122,11.06,-7.44,0.0735,0.5495,-0.4761,-0.8663,4.096,True,SHADOW_ONLY,sprint23_phase3_shadow,0.2214054054054054,0.2214054054054054,-119.6241081081081,False,REJECT,failed minimum governance thresholds,2026-08-02T23:32:06.578341+00:00
2026-08-02T23:32:03.550161+00:00,2026-08-03,b69cd4efd717cb22355b34ad83ba553a,Toronto Tempo @ Golden State Valkyries,Kayla Thornton,pl_3a069f063eb86517,reb,OVER,DraftKings,draftkings,5.5,107,2.35,-3.15,0.0641,0.4831,-0.419,-0.8674,1.651,True,SHADOW_ONLY,sprint23_phase3_shadow,0.30018181818181816,0.30018181818181816,-117.88363636363636,False,REJECT,failed minimum governance thresholds,2026-08-02T23:32:06.578341+00:00
2026-08-02T23:32:03.550161+00:00,2026-08-03,51369aa71fcd604bdf38a760b6bcc223,Seattle Storm @ New York Liberty,Sabrina Ionescu,pl_5718a935043c616f,ast,OVER,DraftKings,draftkings,5.5,-111,3.22,-2.28,0.0664,0.5261,-0.4596,-0.8737,1.21,True,SHADOW_ONLY,sprint23_phase3_shadow,0.22,0.22,-119.346,False,REJECT,failed minimum governance thresholds,2026-08-02T23:32:06.578341+00:00
2026-08-02T23:32:03.550161+00:00,2026-08-03,9192db295ea37dc4616880169fa9e38d,Las Vegas Aces @ Atlanta Dream,Jackie Young,pl_debf3ef806a91eba,threes,OVER,FanDuel,fanduel,2.5,158,0.85,-1.65,0.0487,0.3876,-0.3389,-0.8743,0.793,True,SHADOW_ONLY,sprint23_phase3_shadow,0.31720000000000004,0.31720000000000004,-114.108,False,REJECT,failed minimum governance thresholds,2026-08-02T23:32:06.578341+00:00
2026-08-02T23:32:03.550161+00:00,2026-08-02,8cb92d45e2c4570ff14320738ec395f2,Connecticut Sun @ Dallas Wings,Charlisse Leger-Walker,pl_e808c7e45d2ab0d9,ast,OVER,DraftKings,draftkings,4.5,116,2.11,-2.39,0.0577,0.463,-0.4053,-0.8754,1.21,True,SHADOW_ONLY,sprint23_phase3_shadow,0.2688888888888889,0.2688888888888889,-117.23577777777777,False,REJECT,failed minimum governance thresholds,2026-08-02T23:32:06.578341+00:00
2026-08-02T23:32:03.550161+00:00,2026-08-02,8cb92d45e2c4570ff14320738ec395f2,Connecticut Sun @ Dallas Wings,Paige Bueckers,pl_ad864595548de955,ast,OVER,FanDuel,fanduel,5.5,-158,3.33,-2.17,0.076,0.6124,-0.5364,-0.8758,1.21,True,SHADOW_ONLY,sprint23_phase3_shadow,0.22,0.22,-124.164,False,REJECT,failed minimum governance thresholds,2026-08-02T23:32:06.578341+00:00
2026-08-02T23:32:03.550161+00:00,2026-08-04,543c1b084ecf7224cb7c70766183859d,Phoenix Mercury @ Chicago Sky,Kamilla Cardoso,pl_7968728052e37934,reb,OVER,FanDuel,fanduel,8.5,118,5.21,-3.29,0.0562,0.4587,-0.4026,-0.8776,1.651,True,SHADOW_ONLY,sprint23_phase3_shadow,0.19423529411764706,0.19423529411764706,-115.80070588235296,False,REJECT,failed minimum governance thresholds,2026-08-02T23:32:06.578341+00:00
2026-08-02T23:32:03.550161+00:00,2026-08-03,b69cd4efd717cb22355b34ad83ba553a,Toronto Tempo @ Golden State Valkyries,Isabelle Harrison,pl_a70a0e88781dddff,pts,OVER,DraftKings,draftkings,12.5,-101,4.53,-7.97,0.0603,0.5025,-0.4422,-0.8799,4.096,True,SHADOW_ONLY,sprint23_phase3_shadow,0.32768,0.32768,-121.0756,False,REJECT,failed minimum governance thresholds,2026-08-02T23:32:06.578341+00:00
2026-08-02T23:32:03.550161+00:00,2026-08-03,51369aa71fcd604bdf38a760b6bcc223,Seattle Storm @ New York Liberty,Sabrina Ionescu,pl_5718a935043c616f,ast,OVER,FanDuel,fanduel,5.5,-125,3.22,-2.28,0.0664,0.5556,-0.4891,-0.8804,1.21,True,SHADOW_ONLY,sprint23_phase3_shadow,0.22,0.22,-121.786,False,REJECT,failed minimum governance thresholds,2026-08-02T23:32:06.578341+00:00
2026-08-02T23:32:03.550161+00:00,2026-08-04,543c1b084ecf7224cb7c70766183859d,Phoenix Mercury @ Chicago Sky,Sydney Taylor,pl_d638431d28651af3,pts,OVER,FanDuel,fanduel,17.5,-114,9.67,-7.83,0.0636,0.5327,-0.4691,-0.8806,4.096,True,SHADOW_ONLY,sprint23_phase3_shadow,0.23405714285714285,0.23405714285714285,-120.88714285714286,False,REJECT,failed minimum governance thresholds,2026-08-02T23:32:06.578341+00:00
2026-08-02T23:32:03.550161+00:00,2026-08-03,b69cd4efd717cb22355b34ad83ba553a,Toronto Tempo @ Golden State Valkyries,Isabelle Harrison,pl_a70a0e88781dddff,pts,OVER,FanDuel,fanduel,12.5,-106,4.53,-7.97,0.0603,0.5146,-0.4542,-0.8828,4.096,True,SHADOW_ONLY,sprint23_phase3_shadow,0.32768,0.32768,-122.0856,False,REJECT,failed minimum governance thresholds,2026-08-02T23:32:06.578341+00:00
2026-08-02T23:32:03.550161+00:00,2026-08-04,543c1b084ecf7224cb7c70766183859d,Phoenix Mercury @ Chicago Sky,Sydney Taylor,pl_d638431d28651af3,pts,OVER,DraftKings,draftkings,17.5,-119,9.67,-7.83,0.0636,0.5434,-0.4798,-0.8829,4.096,True,SHADOW_ONLY,sprint23_phase3_shadow,0.23405714285714285,0.23405714285714285,-121.75914285714286,False,REJECT,failed minimum governance thresholds,2026-08-02T23:32:06.578341+00:00
2026-08-02T23:32:03.550161+00:00,2026-08-04,543c1b084ecf7224cb7c70766183859d,Phoenix Mercury @ Chicago Sky,DeWanna Bonner,pl_f18f3e992558fc65,reb,OVER,FanDuel,fanduel,6.5,118,3.13,-3.37,0.0517,0.4587,-0.407,-0.8873,1.651,True,SHADOW_ONLY,sprint23_phase3_shadow,0.254,0.254,-118.23,False,REJECT,failed minimum governance thresholds,2026-08-02T23:32:06.578341+00:00
2026-08-02T23:32:03.550161+00:00,2026-08-03,9192db295ea37dc4616880169fa9e38d,Las Vegas Aces @ Atlanta Dream,Rhyne Howard,pl_18c31d08ca4a3a7c,pra,OVER,FanDuel,fanduel,24.5,-104,13.95,-10.55,0.0573,0.5098,-0.4525,-0.8875,5.336,True,SHADOW_ONLY,sprint23_phase3_shadow,0.21779591836734696,0.21779591836734696,-120.25591836734695,False,REJECT,failed minimum governance thresholds,2026-08-02T23:32:06.578341+00:00
2026-08-02T23:32:03.550161+00:00,2026-08-04,543c1b084ecf7224cb7c70766183859d,Phoenix Mercury @ Chicago Sky,Kamilla Cardoso,pl_7968728052e37934,reb,OVER,DraftKings,draftkings,8.5,100,5.21,-3.29,0.0562,0.5,-0.4438,-0.8877,1.651,True,SHADOW_ONLY,sprint23_phase3_shadow,0.19423529411764706,0.19423529411764706,-119.28270588235296,False,REJECT,failed minimum governance thresholds,2026-08-02T23:32:06.578341+00:00
2026-08-02T23:32:03.550161+00:00,2026-08-03,b69cd4efd717cb22355b34ad83ba553a,Toronto Tempo @ Golden State Valkyries,Veronica Burton,pl_1241fddfc0d9e94c,pts,OVER,FanDuel,fanduel,12.5,-106,4.4,-8.1,0.0573,0.5146,-0.4572,-0.8886,4.096,True,SHADOW_ONLY,sprint23_phase3_shadow,0.32768,0.32768,-122.8456,False,REJECT,failed minimum governance thresholds,2026-08-02T23:32:06.578341+00:00
2026-08-02T23:32:03.550161+00:00,2026-08-03,9192db295ea37dc4616880169fa9e38d,Las Vegas Aces @ Atlanta Dream,Rhyne Howard,pl_18c31d08ca4a3a7c,pra,OVER,DraftKings,draftkings,24.5,-110,13.95,-10.55,0.0573,0.5238,-0.4665,-0.8905,5.336,True,SHADOW_ONLY,sprint23_phase3_shadow,0.21779591836734696,0.21779591836734696,-121.39591836734694,False,REJECT,failed minimum governance thresholds,2026-08-02T23:32:06.578341+00:00
2026-08-02T23:32:03.550161+00:00,2026-08-04,543c1b084ecf7224cb7c70766183859d,Phoenix Mercury @ Chicago Sky,DeWanna Bonner,pl_f18f3e992558fc65,reb,OVER,DraftKings,draftkings,6.5,110,3.13,-3.37,0.0517,0.4762,-0.4245,-0.8915,1.651,True,SHADOW_ONLY,sprint23_phase3_shadow,0.254,0.254,-119.69999999999999,False,REJECT,failed minimum governance thresholds,2026-08-02T23:32:06.578341+00:00
2026-08-02T23:32:03.550161+00:00,2026-08-03,9192db295ea37dc4616880169fa9e38d,Las Vegas Aces @ Atlanta Dream,Allisha Gray,pl_0538d809f7d14b6b,pra,OVER,DraftKings,draftkings,24.5,-121,14.06,-10.44,0.0593,0.5475,-0.4882,-0.8917,5.336,True,SHADOW_ONLY,sprint23_phase3_shadow,0.21779591836734696,0.21779591836734696,-122.81791836734695,False,REJECT,failed minimum governance thresholds,2026-08-02T23:32:06.578341+00:00
2026-08-02T23:32:03.550161+00:00,2026-08-03,b69cd4efd717cb22355b34ad83ba553a,Toronto Tempo @ Golden State Valkyries,Veronica Burton,pl_1241fddfc0d9e94c,pts,OVER,DraftKings,draftkings,12.5,-113,4.4,-8.1,0.0573,0.5305,-0.4732,-0.8919,4.096,True,SHADOW_ONLY,sprint23_phase3_shadow,0.32768,0.32768,-124.1356,False,REJECT,failed minimum governance thresholds,2026-08-02T23:32:06.578341+00:00
2026-08-02T23:32:03.550161+00:00,2026-08-02,8cb92d45e2c4570ff14320738ec395f2,Connecticut Sun @ Dallas Wings,Brittney Griner,pl_016b4b6eb75cb3e2,pra,OVER,DraftKings,draftkings,22.5,-128,12.08,-10.42,0.0596,0.5614,-0.5018,-0.8938,5.336,True,SHADOW_ONLY,sprint23_phase3_shadow,0.23715555555555556,0.23715555555555556,-124.23111111111112,False,REJECT,failed minimum governance thresholds,2026-08-02T23:32:06.578341+00:00
2026-08-02T23:32:03.550161+00:00,2026-08-03,51369aa71fcd604bdf38a760b6bcc223,Seattle Storm @ New York Liberty,Jonquel Jones,pl_0ff64046d8bcbd2b,pra,OVER,DraftKings,draftkings,25.5,-123,15.0,-10.5,0.0583,0.5516,-0.4933,-0.8943,5.336,True,SHADOW_ONLY,sprint23_phase3_shadow,0.20925490196078433,0.20925490196078433,-123.21309803921568,False,REJECT,failed minimum governance thresholds,2026-08-02T23:32:06.578341+00:00
2026-08-02T23:32:03.550161+00:00,2026-08-03,9192db295ea37dc4616880169fa9e38d,Las Vegas Aces @ Atlanta Dream,Allisha Gray,pl_0538d809f7d14b6b,pra,OVER,FanDuel,fanduel,24.5,-130,14.06,-10.44,0.0593,0.5652,-0.5059,-0.8951,5.336,True,SHADOW_ONLY,sprint23_phase3_shadow,0.21779591836734696,0.21779591836734696,-124.21991836734695,False,REJECT,failed minimum governance thresholds,2026-08-02T23:32:06.578341+00:00
2026-08-02T23:32:03.550161+00:00,2026-08-03,9192db295ea37dc4616880169fa9e38d,Las Vegas Aces @ Atlanta Dream,Angel Reese,pl_2d999585fdbdbe8e,reb,OVER,FanDuel,fanduel,11.5,-118,8.22,-3.28,0.0567,0.5413,-0.4846,-0.8953,1.651,True,SHADOW_ONLY,sprint23_phase3_shadow,0.14356521739130435,0.14356521739130435,-121.47730434782608,False,REJECT,failed minimum governance thresholds,2026-08-02T23:32:06.578341+00:00
2026-08-02T23:32:03.550161+00:00,2026-08-03,9192db295ea37dc4616880169fa9e38d,Las Vegas Aces @ Atlanta Dream,Angel Reese,pl_2d999585fdbdbe8e,reb,OVER,DraftKings,draftkings,11.5,-118,8.22,-3.28,0.0567,0.5413,-0.4846,-0.8953,1.651,True,SHADOW_ONLY,sprint23_phase3_shadow,0.14356521739130435,0.14356521739130435,-121.47730434782608,False,REJECT,failed minimum governance thresholds,2026-08-02T23:32:06.578341+00:00
2026-08-02T23:32:03.550161+00:00,2026-08-03,9192db295ea37dc4616880169fa9e38d,Las Vegas Aces @ Atlanta Dream,Rhyne Howard,pl_18c31d08ca4a3a7c,threes,OVER,FanDuel,fanduel,2.5,-144,0.97,-1.53,0.0615,0.5902,-0.5287,-0.8958,0.793,True,SHADOW_ONLY,sprint23_phase3_shadow,0.31720000000000004,0.31720000000000004,-127.64599999999999,False,REJECT,failed minimum governance thresholds,2026-08-02T23:32:06.578341+00:00
2026-08-02T23:32:03.550161+00:00,2026-08-03,9192db295ea37dc4616880169fa9e38d,Las Vegas Aces @ Atlanta Dream,Rhyne Howard,pl_18c31d08ca4a3a7c,threes,OVER,DraftKings,draftkings,2.5,-152,0.97,-1.53,0.0615,0.6032,-0.5417,-0.898,0.793,True,SHADOW_ONLY,sprint23_phase3_shadow,0.31720000000000004,0.31720000000000004,-128.646,False,REJECT,failed minimum governance thresholds,2026-08-02T23:32:06.578341+00:00
2026-08-02T23:32:03.550161+00:00,2026-08-02,8cb92d45e2c4570ff14320738ec395f2,Connecticut Sun @ Dallas Wings,Paige Bueckers,pl_ad864595548de955,reb,OVER,FanDuel,fanduel,4.5,128,0.98,-3.52,0.0444,0.4386,-0.3942,-0.8988,1.651,True,SHADOW_ONLY,sprint23_phase3_shadow,0.3668888888888889,0.3668888888888889,-120.86977777777778,False,REJECT,failed minimum governance thresholds,2026-08-02T23:32:06.578341+00:00
2026-08-02T23:32:03.550161+00:00,2026-08-03,9192db295ea37dc4616880169fa9e38d,Las Vegas Aces @ Atlanta Dream,Chelsea Gray,pl_97ce373787b564c7,ast,OVER,FanDuel,fanduel,6.5,124,3.92,-2.58,0.0444,0.4464,-0.4021,-0.9006,1.21,True,SHADOW_ONLY,sprint23_phase3_shadow,0.18615384615384614,0.18615384615384614,-117.90907692307692,False,REJECT,failed minimum governance thresholds,2026-08-02T23:32:06.578341+00:00
2026-08-02T23:32:03.550161+00:00,2026-08-02,8cb92d45e2c4570ff14320738ec395f2,Connecticut Sun @ Dallas Wings,Paige Bueckers,pl_ad864595548de955,reb,OVER,DraftKings,draftkings,4.5,123,0.98,-3.52,0.0444,0.4484,-0.404,-0.901,1.651,True,SHADOW_ONLY,sprint23_phase3_shadow,0.3668888888888889,0.3668888888888889,-121.67777777777778,False,REJECT,failed minimum governance thresholds,2026-08-02T23:32:06.578341+00:00
2026-08-02T23:32:03.550161+00:00,2026-08-04,543c1b084ecf7224cb7c70766183859d,Phoenix Mercury @ Chicago Sky,Kamilla Cardoso,pl_7968728052e37934,pra,OVER,FanDuel,fanduel,24.5,-114,13.64,-10.86,0.0523,0.5327,-0.4804,-0.9019,5.336,True,SHADOW_ONLY,sprint23_phase3_shadow,0.21779591836734696,0.21779591836734696,-123.36991836734694,False,REJECT,failed minimum governance thresholds,2026-08-02T23:32:06.578341+00:00
2026-08-02T23:32:03.550161+00:00,2026-08-03,9192db295ea37dc4616880169fa9e38d,Las Vegas Aces @ Atlanta Dream,Chelsea Gray,pl_97ce373787b564c7,ast,OVER,DraftKings,draftkings,6.5,111,3.92,-2.58,0.0444,0.4739,-0.4296,-0.9064,1.21,True,SHADOW_ONLY,sprint23_phase3_shadow,0.18615384615384614,0.18615384615384614,-120.13907692307691,False,REJECT,failed minimum governance thresholds,2026-08-02T23:32:06.578341+00:00
2026-08-02T23:32:03.550161+00:00,2026-08-03,b69cd4efd717cb22355b34ad83ba553a,Toronto Tempo @ Golden State Valkyries,Isabelle Harrison,pl_a70a0e88781dddff,reb,OVER,FanDuel,fanduel,5.5,-132,2.15,-3.35,0.0527,0.569,-0.5162,-0.9073,1.651,True,SHADOW_ONLY,sprint23_phase3_shadow,0.30018181818181816,0.30018181818181816,-127.70563636363636,False,REJECT,failed minimum governance thresholds,2026-08-02T23:32:06.578341+00:00
2026-08-02T23:32:03.550161+00:00,2026-08-03,b69cd4efd717cb22355b34ad83ba553a,Toronto Tempo @ Golden State Valkyries,Isabelle Harrison,pl_a70a0e88781dddff,reb,OVER,DraftKings,draftkings,5.5,-132,2.15,-3.35,0.0527,0.569,-0.5162,-0.9073,1.651,True,SHADOW_ONLY,sprint23_phase3_shadow,0.30018181818181816,0.30018181818181816,-127.70563636363636,False,REJECT,failed minimum governance thresholds,2026-08-02T23:32:06.578341+00:00
2026-08-02T23:32:03.550161+00:00,2026-08-03,51369aa71fcd604bdf38a760b6bcc223,Seattle Storm @ New York Liberty,Sabrina Ionescu,pl_5718a935043c616f,threes,OVER,DraftKings,draftkings,2.5,-133,0.89,-1.61,0.0529,0.5708,-0.5179,-0.9073,0.793,True,SHADOW_ONLY,sprint23_phase3_shadow,0.31720000000000004,0.31720000000000004,-128.148,False,REJECT,failed minimum governance thresholds,2026-08-02T23:32:06.578341+00:00
2026-08-02T23:32:03.550161+00:00,2026-08-03,51369aa71fcd604bdf38a760b6bcc223,Seattle Storm @ New York Liberty,Natisha Hiedeman,pl_2396747f40933499,threes,OVER,FanDuel,fanduel,2.5,140,0.73,-1.77,0.0377,0.4167,-0.379,-0.9096,0.793,True,SHADOW_ONLY,sprint23_phase3_shadow,0.31720000000000004,0.31720000000000004,-120.04399999999998,False,REJECT,failed minimum governance thresholds,2026-08-02T23:32:06.578341+00:00
2026-08-02T23:32:03.550161+00:00,2026-08-03,9192db295ea37dc4616880169fa9e38d,Las Vegas Aces @ Atlanta Dream,Chelsea Gray,pl_97ce373787b564c7,pra,OVER,FanDuel,fanduel,21.5,-102,10.12,-11.38,0.0443,0.505,-0.4606,-0.9122,5.336,True,SHADOW_ONLY,sprint23_phase3_shadow,0.24818604651162793,0.24818604651162793,-123.81972093023255,False,REJECT,failed minimum governance thresholds,2026-08-02T23:32:06.578341+00:00
2026-08-02T23:32:03.550161+00:00,2026-08-02,8cb92d45e2c4570ff14320738ec395f2,Connecticut Sun @ Dallas Wings,Jessica Shepard,pl_6cc5f204f77ba597,pts,OVER,FanDuel,fanduel,13.5,-130,4.98,-8.52,0.0485,0.5652,-0.5167,-0.9142,4.096,True,SHADOW_ONLY,sprint23_phase3_shadow,0.3034074074074074,0.3034074074074074,-128.49014814814814,False,REJECT,failed minimum governance thresholds,2026-08-02T23:32:06.578341+00:00
2026-08-02T23:32:03.550161+00:00,2026-08-03,51369aa71fcd604bdf38a760b6bcc223,Seattle Storm @ New York Liberty,Sabrina Ionescu,pl_5718a935043c616f,threes,OVER,FanDuel,fanduel,2.5,-166,0.89,-1.61,0.0529,0.6241,-0.5712,-0.9152,0.793,True,SHADOW_ONLY,sprint23_phase3_shadow,0.31720000000000004,0.31720000000000004,-132.136,False,REJECT,failed minimum governance thresholds,2026-08-02T23:32:06.578341+00:00
2026-08-02T23:32:03.550161+00:00,2026-08-02,8cb92d45e2c4570ff14320738ec395f2,Connecticut Sun @ Dallas Wings,Jessica Shepard,pl_6cc5f204f77ba597,pts,OVER,DraftKings,draftkings,13.5,-135,4.98,-8.52,0.0485,0.5745,-0.526,-0.9155,4.096,True,SHADOW_ONLY,sprint23_phase3_shadow,0.3034074074074074,0.3034074074074074,-129.17814814814815,False,REJECT,failed minimum governance thresholds,2026-08-02T23:32:06.578341+00:00
2026-08-02T23:32:03.550161+00:00,2026-08-03,51369aa71fcd604bdf38a760b6bcc223,Seattle Storm @ New York Liberty,Natisha Hiedeman,pl_2396747f40933499,threes,OVER,DraftKings,draftkings,2.5,124,0.73,-1.77,0.0377,0.4464,-0.4088,-0.9156,0.793,True,SHADOW_ONLY,sprint23_phase3_shadow,0.31720000000000004,0.31720000000000004,-122.43199999999999,False,REJECT,failed minimum governance thresholds,2026-08-02T23:32:06.578341+00:00
2026-08-02T23:32:03.550161+00:00,2026-08-03,51369aa71fcd604bdf38a760b6bcc223,Seattle Storm @ New York Liberty,Jonquel Jones,pl_0ff64046d8bcbd2b,pra,OVER,FanDuel,fanduel,26.5,-104,15.0,-11.5,0.0428,0.5098,-0.467,-0.916,5.336,True,SHADOW_ONLY,sprint23_phase3_shadow,0.20135849056603775,0.20135849056603775,-123.64716981132077,False,REJECT,failed minimum governance thresholds,2026-08-02T23:32:06.578341+00:00
2026-08-02T23:32:03.550161+00:00,2026-08-02,8cb92d45e2c4570ff14320738ec395f2,Connecticut Sun @ Dallas Wings,Brittney Griner,pl_016b4b6eb75cb3e2,pra,OVER,FanDuel,fanduel,23.5,-110,12.08,-11.42,0.0439,0.5238,-0.4799,-0.9163,5.336,True,SHADOW_ONLY,sprint23_phase3_shadow,0.22706382978723405,0.22706382978723405,-124.96527659574467,False,REJECT,failed minimum governance thresholds,2026-08-02T23:32:06.578341+00:00
2026-08-02T23:32:03.550161+00:00,2026-08-03,9192db295ea37dc4616880169fa9e38d,Las Vegas Aces @ Atlanta Dream,Chelsea Gray,pl_97ce373787b564c7,pra,OVER,DraftKings,draftkings,21.5,-118,10.12,-11.38,0.0443,0.5413,-0.4969,-0.9181,5.336,True,SHADOW_ONLY,sprint23_phase3_shadow,0.24818604651162793,0.24818604651162793,-126.58772093023255,False,REJECT,failed minimum governance thresholds,2026-08-02T23:32:06.578341+00:00
2026-08-02T23:32:03.550161+00:00,2026-08-03,51369aa71fcd604bdf38a760b6bcc223,Seattle Storm @ New York Liberty,Jonquel Jones,pl_0ff64046d8bcbd2b,threes,OVER,DraftKings,draftkings,1.5,-121,-0.2,-1.7,0.0438,0.5475,-0.5037,-0.92,0.793,True,SHADOW_ONLY,sprint23_phase3_shadow,0.5286666666666667,0.5286666666666667,-132.79533333333333,False,REJECT,failed minimum governance thresholds,2026-08-02T23:32:06.578341+00:00
2026-08-02T23:32:03.550161+00:00,2026-08-03,51369aa71fcd604bdf38a760b6bcc223,Seattle Storm @ New York Liberty,Dominique Malonga,pl_527d77821505a048,pts,OVER,DraftKings,draftkings,15.5,-108,6.59,-8.91,0.0413,0.5192,-0.4779,-0.9204,4.096,True,SHADOW_ONLY,sprint23_phase3_shadow,0.26425806451612904,0.26425806451612904,-125.99916129032258,False,REJECT,failed minimum governance thresholds,2026-08-02T23:32:06.578341+00:00
2026-08-02T23:32:03.550161+00:00,2026-08-03,51369aa71fcd604bdf38a760b6bcc223,Seattle Storm @ New York Liberty,Dominique Malonga,pl_527d77821505a048,pts,OVER,FanDuel,fanduel,15.5,-114,6.59,-8.91,0.0413,0.5327,-0.4914,-0.9224,4.096,True,SHADOW_ONLY,sprint23_phase3_shadow,0.26425806451612904,0.26425806451612904,-127.00916129032257,False,REJECT,failed minimum governance thresholds,2026-08-02T23:32:06.578341+00:00
2026-08-02T23:32:03.550161+00:00,2026-08-03,51369aa71fcd604bdf38a760b6bcc223,Seattle Storm @ New York Liberty,Jonquel Jones,pl_0ff64046d8bcbd2b,threes,OVER,FanDuel,fanduel,1.5,-136,-0.2,-1.7,0.0438,0.5763,-0.5325,-0.924,0.793,True,SHADOW_ONLY,sprint23_phase3_shadow,0.5286666666666667,0.5286666666666667,-134.92333333333335,False,REJECT,failed minimum governance thresholds,2026-08-02T23:32:06.578341+00:00
2026-08-02T23:32:03.550161+00:00,2026-08-03,9192db295ea37dc4616880169fa9e38d,Las Vegas Aces @ Atlanta Dream,A'ja Wilson,pl_2a3329d505c5b5ab,reb,OVER,DraftKings,draftkings,9.5,-122,5.9,-3.6,0.0412,0.5495,-0.5084,-0.925,1.651,True,SHADOW_ONLY,sprint23_phase3_shadow,0.17378947368421052,0.17378947368421052,-126.4797894736842,False,REJECT,failed minimum governance thresholds,2026-08-02T23:32:06.578341+00:00
2026-08-02T23:32:03.550161+00:00,2026-08-04,543c1b084ecf7224cb7c70766183859d,Phoenix Mercury @ Chicago Sky,Alyssa Thomas,pl_538cccd243d89261,pts,OVER,DraftKings,draftkings,14.5,-108,5.45,-9.05,0.0389,0.5192,-0.4803,-0.9251,4.096,True,SHADOW_ONLY,sprint23_phase3_shadow,0.28248275862068967,0.28248275862068967,-126.97765517241379,False,REJECT,failed minimum governance thresholds,2026-08-02T23:32:06.578341+00:00
2026-08-02T23:32:03.550161+00:00,2026-08-03,9192db295ea37dc4616880169fa9e38d,Las Vegas Aces @ Atlanta Dream,A'ja Wilson,pl_2a3329d505c5b5ab,ast,OVER,FanDuel,fanduel,3.5,-114,0.83,-2.67,0.0389,0.5327,-0.4938,-0.9269,1.21,True,SHADOW_ONLY,sprint23_phase3_shadow,0.3457142857142857,0.3457142857142857,-129.23228571428572,False,REJECT,failed minimum governance thresholds,2026-08-02T23:32:06.578341+00:00
2026-08-02T23:32:03.550161+00:00,2026-08-03,9192db295ea37dc4616880169fa9e38d,Las Vegas Aces @ Atlanta Dream,A'ja Wilson,pl_2a3329d505c5b5ab,reb,OVER,FanDuel,fanduel,9.5,-130,5.9,-3.6,0.0412,0.5652,-0.524,-0.9271,1.651,True,SHADOW_ONLY,sprint23_phase3_shadow,0.17378947368421052,0.17378947368421052,-127.62578947368422,False,REJECT,failed minimum governance thresholds,2026-08-02T23:32:06.578341+00:00
2026-08-02T23:32:03.550161+00:00,2026-08-04,543c1b084ecf7224cb7c70766183859d,Phoenix Mercury @ Chicago Sky,Kamilla Cardoso,pl_7968728052e37934,pra,OVER,DraftKings,draftkings,25.5,-111,13.64,-11.86,0.0381,0.5261,-0.4879,-0.9275,5.336,True,SHADOW_ONLY,sprint23_phase3_shadow,0.20925490196078433,0.20925490196078433,-126.20909803921569,False,REJECT,failed minimum governance thresholds,2026-08-02T23:32:06.578341+00:00
2026-08-02T23:32:03.550161+00:00,2026-08-03,9192db295ea37dc4616880169fa9e38d,Las Vegas Aces @ Atlanta Dream,A'ja Wilson,pl_2a3329d505c5b5ab,ast,OVER,DraftKings,draftkings,3.5,-116,0.83,-2.67,0.0389,0.537,-0.4981,-0.9275,1.21,True,SHADOW_ONLY,sprint23_phase3_shadow,0.3457142857142857,0.3457142857142857,-129.5502857142857,False,REJECT,failed minimum governance thresholds,2026-08-02T23:32:06.578341+00:00
2026-08-02T23:32:03.550161+00:00,2026-08-04,543c1b084ecf7224cb7c70766183859d,Phoenix Mercury @ Chicago Sky,Sydney Taylor,pl_d638431d28651af3,pra,OVER,FanDuel,fanduel,21.5,-125,9.81,-11.69,0.0402,0.5556,-0.5153,-0.9276,5.336,True,SHADOW_ONLY,sprint23_phase3_shadow,0.24818604651162793,0.24818604651162793,-128.64172093023257,False,REJECT,failed minimum governance thresholds,2026-08-02T23:32:06.578341+00:00
2026-08-02T23:32:03.550161+00:00,2026-08-03,9192db295ea37dc4616880169fa9e38d,Las Vegas Aces @ Atlanta Dream,Angel Reese,pl_2d999585fdbdbe8e,pra,OVER,FanDuel,fanduel,29.5,-102,17.47,-12.03,0.036,0.505,-0.469,-0.9288,5.336,True,SHADOW_ONLY,sprint23_phase3_shadow,0.1808813559322034,0.1808813559322034,-124.63762711864406,False,REJECT,failed minimum governance thresholds,2026-08-02T23:32:06.578341+00:00
2026-08-02T23:32:03.550161+00:00,2026-08-04,543c1b084ecf7224cb7c70766183859d,Phoenix Mercury @ Chicago Sky,Alyssa Thomas,pl_538cccd243d89261,pts,OVER,FanDuel,fanduel,14.5,-130,5.45,-9.05,0.0389,0.5652,-0.5263,-0.9312,4.096,True,SHADOW_ONLY,sprint23_phase3_shadow,0.28248275862068967,0.28248275862068967,-130.3476551724138,False,REJECT,failed minimum governance thresholds,2026-08-02T23:32:06.578341+00:00
2026-08-02T23:32:03.550161+00:00,2026-08-03,51369aa71fcd604bdf38a760b6bcc223,Seattle Storm @ New York Liberty,Natisha Hiedeman,pl_2396747f40933499,ast,OVER,FanDuel,fanduel,4.5,-146,1.86,-2.64,0.0407,0.5935,-0.5528,-0.9315,1.21,True,SHADOW_ONLY,sprint23_phase3_shadow,0.2688888888888889,0.2688888888888889,-131.69577777777778,False,REJECT,failed minimum governance thresholds,2026-08-02T23:32:06.578341+00:00
2026-08-02T23:32:03.550161+00:00,2026-08-03,51369aa71fcd604bdf38a760b6bcc223,Seattle Storm @ New York Liberty,Natisha Hiedeman,pl_2396747f40933499,ast,OVER,DraftKings,draftkings,4.5,-149,1.86,-2.64,0.0407,0.5984,-0.5577,-0.932,1.21,True,SHADOW_ONLY,sprint23_phase3_shadow,0.2688888888888889,0.2688888888888889,-132.03977777777777,False,REJECT,failed minimum governance thresholds,2026-08-02T23:32:06.578341+00:00
2026-08-02T23:32:03.550161+00:00,2026-08-04,543c1b084ecf7224cb7c70766183859d,Phoenix Mercury @ Chicago Sky,Alyssa Thomas,pl_538cccd243d89261,ast,OVER,DraftKings,draftkings,8.5,112,5.68,-2.82,0.0314,0.4717,-0.4403,-0.9335,1.21,True,SHADOW_ONLY,sprint23_phase3_shadow,0.14235294117647057,0.14235294117647057,-122.61505882352941,False,REJECT,failed minimum governance thresholds,2026-08-02T23:32:06.578341+00:00
2026-08-02T23:32:03.550161+00:00,2026-08-03,9192db295ea37dc4616880169fa9e38d,Las Vegas Aces @ Atlanta Dream,Angel Reese,pl_2d999585fdbdbe8e,pra,OVER,DraftKings,draftkings,29.5,-119,17.47,-12.03,0.036,0.5434,-0.5074,-0.9338,5.336,True,SHADOW_ONLY,sprint23_phase3_shadow,0.1808813559322034,0.1808813559322034,-127.44162711864406,False,REJECT,failed minimum governance thresholds,2026-08-02T23:32:06.578341+00:00
2026-08-02T23:32:03.550161+00:00,2026-08-02,8cb92d45e2c4570ff14320738ec395f2,Connecticut Sun @ Dallas Wings,Olivia Nelson-Ododa,pl_8a4596f4b3d6fcec,pts,OVER,FanDuel,fanduel,13.5,100,3.97,-9.53,0.0316,0.5,-0.4684,-0.9368,4.096,True,SHADOW_ONLY,sprint23_phase3_shadow,0.3034074074074074,0.3034074074074074,-127.85214814814815,False,REJECT,failed minimum governance thresholds,2026-08-02T23:32:06.578341+00:00
2026-08-02T23:32:03.550161+00:00,2026-08-04,543c1b084ecf7224cb7c70766183859d,Phoenix Mercury @ Chicago Sky,Alyssa Thomas,pl_538cccd243d89261,ast,OVER,FanDuel,fanduel,8.5,-102,5.68,-2.82,0.0314,0.505,-0.4736,-0.9379,1.21,True,SHADOW_ONLY,sprint23_phase3_shadow,0.14235294117647057,0.14235294117647057,-125.0530588235294,False,REJECT,failed minimum governance thresholds,2026-08-02T23:32:06.578341+00:00
2026-08-02T23:32:03.550161+00:00,2026-08-02,8cb92d45e2c4570ff14320738ec395f2,Connecticut Sun @ Dallas Wings,Olivia Nelson-Ododa,pl_8a4596f4b3d6fcec,pts,OVER,DraftKings,draftkings,13.5,-108,3.97,-9.53,0.0316,0.5192,-0.4876,-0.9391,4.096,True,SHADOW_ONLY,sprint23_phase3_shadow,0.3034074074074074,0.3034074074074074,-129.23414814814817,False,REJECT,failed minimum governance thresholds,2026-08-02T23:32:06.578341+00:00
2026-08-02T23:32:03.550161+00:00,2026-08-03,9192db295ea37dc4616880169fa9e38d,Las Vegas Aces @ Atlanta Dream,Jordin Canada,pl_e49d761a397e4cf3,pra,OVER,DraftKings,draftkings,22.5,-114,10.14,-12.36,0.0322,0.5327,-0.5005,-0.9395,5.336,True,SHADOW_ONLY,sprint23_phase3_shadow,0.23715555555555556,0.23715555555555556,-128.7231111111111,False,REJECT,failed minimum governance thresholds,2026-08-02T23:32:06.578341+00:00
2026-08-02T23:32:03.550161+00:00,2026-08-03,51369aa71fcd604bdf38a760b6bcc223,Seattle Storm @ New York Liberty,Breanna Stewart,pl_a9f0686367871e4e,pts,OVER,DraftKings,draftkings,21.5,-120,12.06,-9.44,0.033,0.5455,-0.5125,-0.9395,4.096,True,SHADOW_ONLY,sprint23_phase3_shadow,0.19051162790697676,0.19051162790697676,-128.51023255813953,False,REJECT,failed minimum governance thresholds,2026-08-02T23:32:06.578341+00:00
2026-08-02T23:32:03.550161+00:00,2026-08-03,51369aa71fcd604bdf38a760b6bcc223,Seattle Storm @ New York Liberty,Breanna Stewart,pl_a9f0686367871e4e,pts,OVER,FanDuel,fanduel,21.5,-122,12.06,-9.44,0.033,0.5495,-0.5165,-0.9399,4.096,True,SHADOW_ONLY,sprint23_phase3_shadow,0.19051162790697676,0.19051162790697676,-128.79023255813954,False,REJECT,failed minimum governance thresholds,2026-08-02T23:32:06.578341+00:00
2026-08-02T23:32:03.550161+00:00,2026-08-03,b69cd4efd717cb22355b34ad83ba553a,Toronto Tempo @ Golden State Valkyries,Julie Allemand,pl_43dcc8c3927f7c60,ast,OVER,FanDuel,fanduel,6.5,120,3.58,-2.92,0.0271,0.4545,-0.4274,-0.9403,1.21,True,SHADOW_ONLY,sprint23_phase3_shadow,0.18615384615384614,0.18615384615384614,-123.39707692307692,False,REJECT,failed minimum governance thresholds,2026-08-02T23:32:06.578341+00:00
2026-08-02T23:32:03.550161+00:00,2026-08-03,9192db295ea37dc4616880169fa9e38d,Las Vegas Aces @ Atlanta Dream,Jordin Canada,pl_e49d761a397e4cf3,pra,OVER,FanDuel,fanduel,22.5,-122,10.14,-12.36,0.0322,0.5495,-0.5173,-0.9413,5.336,True,SHADOW_ONLY,sprint23_phase3_shadow,0.23715555555555556,0.23715555555555556,-129.9111111111111,False,REJECT,failed minimum governance thresholds,2026-08-02T23:32:06.578341+00:00
2026-08-02T23:32:03.550161+00:00,2026-08-03,51369aa71fcd604bdf38a760b6bcc223,Seattle Storm @ New York Liberty,Sabrina Ionescu,pl_5718a935043c616f,pts,OVER,DraftKings,draftkings,19.5,-118,9.9,-9.6,0.0308,0.5413,-0.5105,-0.9431,4.096,True,SHADOW_ONLY,sprint23_phase3_shadow,0.21005128205128207,0.21005128205128207,-129.14102564102564,False,REJECT,failed minimum governance thresholds,2026-08-02T23:32:06.578341+00:00
2026-08-02T23:32:03.550161+00:00,2026-08-03,51369aa71fcd604bdf38a760b6bcc223,Seattle Storm @ New York Liberty,Sabrina Ionescu,pl_5718a935043c616f,pts,OVER,FanDuel,fanduel,19.5,-122,9.9,-9.6,0.0308,0.5495,-0.5188,-0.944,4.096,True,SHADOW_ONLY,sprint23_phase3_shadow,0.21005128205128207,0.21005128205128207,-129.72902564102563,False,REJECT,failed minimum governance thresholds,2026-08-02T23:32:06.578341+00:00
2026-08-02T23:32:03.550161+00:00,2026-08-04,543c1b084ecf7224cb7c70766183859d,Phoenix Mercury @ Chicago Sky,Sydney Taylor,pl_d638431d28651af3,pra,OVER,DraftKings,draftkings,22.5,-112,9.81,-12.69,0.0289,0.5283,-0.4994,-0.9454,5.336,True,SHADOW_ONLY,sprint23_phase3_shadow,0.23715555555555556,0.23715555555555556,-129.2471111111111,False,REJECT,failed minimum governance thresholds,2026-08-02T23:32:06.578341+00:00
2026-08-02T23:32:03.550161+00:00,2026-08-04,543c1b084ecf7224cb7c70766183859d,Phoenix Mercury @ Chicago Sky,Kahleah Copper,pl_a8c6901f4d81a98e,pts,OVER,FanDuel,fanduel,22.5,100,12.61,-9.89,0.027,0.5,-0.473,-0.9459,4.096,True,SHADOW_ONLY,sprint23_phase3_shadow,0.18204444444444445,0.18204444444444445,-126.6108888888889,False,REJECT,failed minimum governance thresholds,2026-08-02T23:32:06.578341+00:00
2026-08-02T23:32:03.550161+00:00,2026-08-03,b69cd4efd717cb22355b34ad83ba553a,Toronto Tempo @ Golden State Valkyries,Janelle Salaun,pl_82e61535f0085d21,threes,OVER,FanDuel,fanduel,2.5,148,0.48,-2.02,0.0213,0.4032,-0.382,-0.9473,0.793,True,SHADOW_ONLY,sprint23_phase3_shadow,0.31720000000000004,0.31720000000000004,-123.994,False,REJECT,failed minimum governance thresholds,2026-08-02T23:32:06.578341+00:00
2026-08-02T23:32:03.550161+00:00,2026-08-03,b69cd4efd717cb22355b34ad83ba553a,Toronto Tempo @ Golden State Valkyries,Janelle Salaun,pl_82e61535f0085d21,threes,OVER,DraftKings,draftkings,2.5,143,0.48,-2.02,0.0213,0.4115,-0.3903,-0.9484,0.793,True,SHADOW_ONLY,sprint23_phase3_shadow,0.31720000000000004,0.31720000000000004,-124.602,False,REJECT,failed minimum governance thresholds,2026-08-02T23:32:06.578341+00:00
2026-08-02T23:32:03.550161+00:00,2026-08-03,51369aa71fcd604bdf38a760b6bcc223,Seattle Storm @ New York Liberty,Jonquel Jones,pl_0ff64046d8bcbd2b,reb,OVER,FanDuel,fanduel,9.5,104,5.45,-4.05,0.0252,0.4902,-0.465,-0.9487,1.651,True,SHADOW_ONLY,sprint23_phase3_shadow,0.17378947368421052,0.17378947368421052,-126.24578947368423,False,REJECT,failed minimum governance thresholds,2026-08-02T23:32:06.578341+00:00
2026-08-02T23:32:03.550161+00:00,2026-08-04,543c1b084ecf7224cb7c70766183859d,Phoenix Mercury @ Chicago Sky,Kahleah Copper,pl_a8c6901f4d81a98e,pts,OVER,DraftKings,draftkings,22.5,-113,12.61,-9.89,0.027,0.5305,-0.5035,-0.949,4.096,True,SHADOW_ONLY,sprint23_phase3_shadow,0.18204444444444445,0.18204444444444445,-128.75088888888888,False,REJECT,failed minimum governance thresholds,2026-08-02T23:32:06.578341+00:00
2026-08-02T23:32:03.550161+00:00,2026-08-03,51369aa71fcd604bdf38a760b6bcc223,Seattle Storm @ New York Liberty,Jonquel Jones,pl_0ff64046d8bcbd2b,reb,OVER,DraftKings,draftkings,9.5,102,5.45,-4.05,0.0252,0.495,-0.4699,-0.9492,1.651,True,SHADOW_ONLY,sprint23_phase3_shadow,0.17378947368421052,0.17378947368421052,-126.58978947368422,False,REJECT,failed minimum governance thresholds,2026-08-02T23:32:06.578341+00:00
2026-08-02T23:32:03.550161+00:00,2026-08-02,8cb92d45e2c4570ff14320738ec395f2,Connecticut Sun @ Dallas Wings,Paige Bueckers,pl_ad864595548de955,pts,OVER,FanDuel,fanduel,21.5,-102,11.34,-10.16,0.0239,0.505,-0.4811,-0.9528,4.096,True,SHADOW_ONLY,sprint23_phase3_shadow,0.19051162790697676,0.19051162790697676,-127.95623255813953,False,REJECT,failed minimum governance thresholds,2026-08-02T23:32:06.578341+00:00
2026-08-02T23:32:03.550161+00:00,2026-08-02,8cb92d45e2c4570ff14320738ec395f2,Connecticut Sun @ Dallas Wings,Paige Bueckers,pl_ad864595548de955,pts,OVER,DraftKings,draftkings,21.5,-117,11.34,-10.16,0.0239,0.5392,-0.5153,-0.9558,4.096,True,SHADOW_ONLY,sprint23_phase3_shadow,0.19051162790697676,0.19051162790697676,-130.30823255813954,False,REJECT,failed minimum governance thresholds,2026-08-02T23:32:06.578341+00:00
2026-08-02T23:32:03.550161+00:00,2026-08-03,51369aa71fcd604bdf38a760b6bcc223,Seattle Storm @ New York Liberty,Breanna Stewart,pl_a9f0686367871e4e,reb,OVER,DraftKings,draftkings,8.5,-125,4.42,-4.08,0.0242,0.5556,-0.5313,-0.9564,1.651,True,SHADOW_ONLY,sprint23_phase3_shadow,0.19423529411764706,0.19423529411764706,-131.40270588235293,False,REJECT,failed minimum governance thresholds,2026-08-02T23:32:06.578341+00:00
2026-08-02T23:32:03.550161+00:00,2026-08-03,9192db295ea37dc4616880169fa9e38d,Las Vegas Aces @ Atlanta Dream,Jackie Young,pl_debf3ef806a91eba,pts,OVER,DraftKings,draftkings,19.5,-109,9.23,-10.27,0.0227,0.5215,-0.4988,-0.9565,4.096,True,SHADOW_ONLY,sprint23_phase3_shadow,0.21005128205128207,0.21005128205128207,-129.77902564102564,False,REJECT,failed minimum governance thresholds,2026-08-02T23:32:06.578341+00:00
2026-08-02T23:32:03.550161+00:00,2026-08-03,9192db295ea37dc4616880169fa9e38d,Las Vegas Aces @ Atlanta Dream,Jackie Young,pl_debf3ef806a91eba,pts,OVER,FanDuel,fanduel,19.5,-114,9.23,-10.27,0.0227,0.5327,-0.51,-0.9574,4.096,True,SHADOW_ONLY,sprint23_phase3_shadow,0.21005128205128207,0.21005128205128207,-130.54102564102564,False,REJECT,failed minimum governance thresholds,2026-08-02T23:32:06.578341+00:00
2026-08-02T23:32:03.550161+00:00,2026-08-03,51369aa71fcd604bdf38a760b6bcc223,Seattle Storm @ New York Liberty,Breanna Stewart,pl_a9f0686367871e4e,reb,OVER,FanDuel,fanduel,8.5,-136,4.42,-4.08,0.0242,0.5763,-0.552,-0.958,1.651,True,SHADOW_ONLY,sprint23_phase3_shadow,0.19423529411764706,0.19423529411764706,-132.80470588235295,False,REJECT,failed minimum governance thresholds,2026-08-02T23:32:06.578341+00:00
2026-08-02T23:32:03.550161+00:00,2026-08-03,9192db295ea37dc4616880169fa9e38d,Las Vegas Aces @ Atlanta Dream,A'ja Wilson,pl_2a3329d505c5b5ab,pts,OVER,FanDuel,fanduel,26.5,-102,15.94,-10.56,0.0198,0.505,-0.4851,-0.9607,4.096,True,SHADOW_ONLY,sprint23_phase3_shadow,0.15456603773584907,0.15456603773584907,-128.26732075471696,False,REJECT,failed minimum governance thresholds,2026-08-02T23:32:06.578341+00:00
2026-08-02T23:32:03.550161+00:00,2026-08-03,9192db295ea37dc4616880169fa9e38d,Las Vegas Aces @ Atlanta Dream,A'ja Wilson,pl_2a3329d505c5b5ab,pts,OVER,DraftKings,draftkings,26.5,-109,15.94,-10.56,0.0198,0.5215,-0.5017,-0.962,4.096,True,SHADOW_ONLY,sprint23_phase3_shadow,0.15456603773584907,0.15456603773584907,-129.393320754717,False,REJECT,failed minimum governance thresholds,2026-08-02T23:32:06.578341+00:00
2026-08-02T23:32:03.550161+00:00,2026-08-02,8cb92d45e2c4570ff14320738ec395f2,Connecticut Sun @ Dallas Wings,Paige Bueckers,pl_ad864595548de955,ast,OVER,DraftKings,draftkings,6.5,107,3.33,-3.17,0.0182,0.4831,-0.4649,-0.9623,1.21,True,SHADOW_ONLY,sprint23_phase3_shadow,0.18615384615384614,0.18615384615384614,-127.84707692307691,False,REJECT,failed minimum governance thresholds,2026-08-02T23:32:06.578341+00:00
2026-08-02T23:32:03.550161+00:00,2026-08-03,b69cd4efd717cb22355b34ad83ba553a,Toronto Tempo @ Golden State Valkyries,Veronica Burton,pl_1241fddfc0d9e94c,pra,OVER,FanDuel,fanduel,22.5,-106,8.52,-13.98,0.0183,0.5146,-0.4963,-0.9645,5.336,True,SHADOW_ONLY,sprint23_phase3_shadow,0.23715555555555556,0.23715555555555556,-130.97111111111113,False,REJECT,failed minimum governance thresholds,2026-08-02T23:32:06.578341+00:00
2026-08-02T23:32:03.550161+00:00,2026-08-03,b69cd4efd717cb22355b34ad83ba553a,Toronto Tempo @ Golden State Valkyries,Veronica Burton,pl_1241fddfc0d9e94c,pra,OVER,DraftKings,draftkings,22.5,-112,8.52,-13.98,0.0183,0.5283,-0.51,-0.9654,5.336,True,SHADOW_ONLY,sprint23_phase3_shadow,0.23715555555555556,0.23715555555555556,-131.88311111111113,False,REJECT,failed minimum governance thresholds,2026-08-02T23:32:06.578341+00:00
2026-08-02T23:32:03.550161+00:00,2026-08-04,543c1b084ecf7224cb7c70766183859d,Phoenix Mercury @ Chicago Sky,Kahleah Copper,pl_a8c6901f4d81a98e,pra,OVER,FanDuel,fanduel,28.5,-106,14.19,-14.31,0.0162,0.5146,-0.4984,-0.9685,5.336,True,SHADOW_ONLY,sprint23_phase3_shadow,0.1872280701754386,0.1872280701754386,-130.49856140350877,False,REJECT,failed minimum governance thresholds,2026-08-02T23:32:06.578341+00:00
2026-08-02T23:32:03.550161+00:00,2026-08-04,543c1b084ecf7224cb7c70766183859d,Phoenix Mercury @ Chicago Sky,Kahleah Copper,pl_a8c6901f4d81a98e,pra,OVER,DraftKings,draftkings,28.5,-123,14.19,-14.31,0.0162,0.5516,-0.5354,-0.9706,5.336,True,SHADOW_ONLY,sprint23_phase3_shadow,0.1872280701754386,0.1872280701754386,-132.92856140350878,False,REJECT,failed minimum governance thresholds,2026-08-02T23:32:06.578341+00:00
2026-08-02T23:32:03.550161+00:00,2026-08-03,9192db295ea37dc4616880169fa9e38d,Las Vegas Aces @ Atlanta Dream,Jackie Young,pl_debf3ef806a91eba,ast,OVER,FanDuel,fanduel,6.5,-106,3.19,-3.31,0.0146,0.5146,-0.5,-0.9716,1.21,True,SHADOW_ONLY,sprint23_phase3_shadow,0.18615384615384614,0.18615384615384614,-130.8830769230769,False,REJECT,failed minimum governance thresholds,2026-08-02T23:32:06.578341+00:00
2026-08-02T23:32:03.550161+00:00,2026-08-03,9192db295ea37dc4616880169fa9e38d,Las Vegas Aces @ Atlanta Dream,Jackie Young,pl_debf3ef806a91eba,ast,OVER,DraftKings,draftkings,6.5,-109,3.19,-3.31,0.0146,0.5215,-0.5069,-0.972,1.21,True,SHADOW_ONLY,sprint23_phase3_shadow,0.18615384615384614,0.18615384615384614,-131.33707692307692,False,REJECT,failed minimum governance thresholds,2026-08-02T23:32:06.578341+00:00
2026-08-02T23:32:03.550161+00:00,2026-08-02,8cb92d45e2c4570ff14320738ec395f2,Connecticut Sun @ Dallas Wings,Jessica Shepard,pl_6cc5f204f77ba597,ast,OVER,FanDuel,fanduel,5.5,-114,2.19,-3.31,0.0146,0.5327,-0.5181,-0.9726,1.21,True,SHADOW_ONLY,sprint23_phase3_shadow,0.22,0.22,-132.746,False,REJECT,failed minimum governance thresholds,2026-08-02T23:32:06.578341+00:00
2026-08-02T23:32:03.550161+00:00,2026-08-02,8cb92d45e2c4570ff14320738ec395f2,Connecticut Sun @ Dallas Wings,Jessica Shepard,pl_6cc5f204f77ba597,ast,OVER,DraftKings,draftkings,5.5,-126,2.19,-3.31,0.0146,0.5575,-0.5429,-0.9738,1.21,True,SHADOW_ONLY,sprint23_phase3_shadow,0.22,0.22,-134.354,False,REJECT,failed minimum governance thresholds,2026-08-02T23:32:06.578341+00:00
2026-08-02T23:32:03.550161+00:00,2026-08-03,9192db295ea37dc4616880169fa9e38d,Las Vegas Aces @ Atlanta Dream,Jordin Canada,pl_e49d761a397e4cf3,ast,OVER,DraftKings,draftkings,7.5,-153,4.24,-3.26,0.0157,0.6047,-0.589,-0.974,1.21,True,SHADOW_ONLY,sprint23_phase3_shadow,0.16133333333333333,0.16133333333333333,-135.96666666666664,False,REJECT,failed minimum governance thresholds,2026-08-02T23:32:06.578341+00:00
2026-08-02T23:32:03.550161+00:00,2026-08-03,51369aa71fcd604bdf38a760b6bcc223,Seattle Storm @ New York Liberty,Dominique Malonga,pl_527d77821505a048,pra,OVER,DraftKings,draftkings,25.5,-115,10.72,-14.78,0.0135,0.5349,-0.5213,-0.9747,5.336,True,SHADOW_ONLY,sprint23_phase3_shadow,0.20925490196078433,0.20925490196078433,-132.93309803921568,False,REJECT,failed minimum governance thresholds,2026-08-02T23:32:06.578341+00:00
2026-08-02T23:32:03.550161+00:00,2026-08-03,51369aa71fcd604bdf38a760b6bcc223,Seattle Storm @ New York Liberty,Sabrina Ionescu,pl_5718a935043c616f,pra,OVER,DraftKings,draftkings,29.5,-127,14.78,-14.72,0.0139,0.5595,-0.5456,-0.9752,5.336,True,SHADOW_ONLY,sprint23_phase3_shadow,0.1808813559322034,0.1808813559322034,-133.87362711864407,False,REJECT,failed minimum governance thresholds,2026-08-02T23:32:06.578341+00:00
2026-08-02T23:32:03.550161+00:00,2026-08-04,543c1b084ecf7224cb7c70766183859d,Phoenix Mercury @ Chicago Sky,Alyssa Thomas,pl_538cccd243d89261,pra,OVER,DraftKings,draftkings,30.5,-119,15.69,-14.81,0.0134,0.5434,-0.53,-0.9753,5.336,True,SHADOW_ONLY,sprint23_phase3_shadow,0.17495081967213116,0.17495081967213116,-132.82901639344263,False,REJECT,failed minimum governance thresholds,2026-08-02T23:32:06.578341+00:00
2026-08-02T23:32:03.550161+00:00,2026-08-03,51369aa71fcd604bdf38a760b6bcc223,Seattle Storm @ New York Liberty,Dominique Malonga,pl_527d77821505a048,pra,OVER,FanDuel,fanduel,25.5,-125,10.72,-14.78,0.0135,0.5556,-0.542,-0.9756,5.336,True,SHADOW_ONLY,sprint23_phase3_shadow,0.20925490196078433,0.20925490196078433,-134.2650980392157,False,REJECT,failed minimum governance thresholds,2026-08-02T23:32:06.578341+00:00
2026-08-02T23:32:03.550161+00:00,2026-08-03,51369aa71fcd604bdf38a760b6bcc223,Seattle Storm @ New York Liberty,Natisha Hiedeman,pl_2396747f40933499,pts,OVER,FanDuel,fanduel,16.5,-106,4.98,-11.52,0.0124,0.5146,-0.5021,-0.9759,4.096,True,SHADOW_ONLY,sprint23_phase3_shadow,0.24824242424242424,0.24824242424242424,-132.6808484848485,False,REJECT,failed minimum governance thresholds,2026-08-02T23:32:06.578341+00:00
2026-08-02T23:32:03.550161+00:00,2026-08-03,51369aa71fcd604bdf38a760b6bcc223,Seattle Storm @ New York Liberty,Natisha Hiedeman,pl_2396747f40933499,pts,OVER,DraftKings,draftkings,16.5,-107,4.98,-11.52,0.0124,0.5169,-0.5045,-0.976,4.096,True,SHADOW_ONLY,sprint23_phase3_shadow,0.24824242424242424,0.24824242424242424,-132.83484848484846,False,REJECT,failed minimum governance thresholds,2026-08-02T23:32:06.578341+00:00
2026-08-02T23:32:03.550161+00:00,2026-08-03,51369aa71fcd604bdf38a760b6bcc223,Seattle Storm @ New York Liberty,Dominique Malonga,pl_527d77821505a048,reb,OVER,FanDuel,fanduel,8.5,-102,3.75,-4.75,0.0108,0.505,-0.4941,-0.9785,1.651,True,SHADOW_ONLY,sprint23_phase3_shadow,0.19423529411764706,0.19423529411764706,-131.38070588235294,False,REJECT,failed minimum governance thresholds,2026-08-02T23:32:06.578341+00:00
2026-08-02T23:32:03.550161+00:00,2026-08-03,51369aa71fcd604bdf38a760b6bcc223,Seattle Storm @ New York Liberty,Dominique Malonga,pl_527d77821505a048,reb,OVER,DraftKings,draftkings,8.5,-105,3.75,-4.75,0.0108,0.5122,-0.5014,-0.9788,1.651,True,SHADOW_ONLY,sprint23_phase3_shadow,0.19423529411764706,0.19423529411764706,-131.84870588235293,False,REJECT,failed minimum governance thresholds,2026-08-02T23:32:06.578341+00:00
2026-08-02T23:32:03.550161+00:00,2026-08-03,b69cd4efd717cb22355b34ad83ba553a,Toronto Tempo @ Golden State Valkyries,Veronica Burton,pl_1241fddfc0d9e94c,ast,OVER,FanDuel,fanduel,6.5,110,2.96,-3.54,0.0098,0.4762,-0.4664,-0.9794,1.21,True,SHADOW_ONLY,sprint23_phase3_shadow,0.18615384615384614,0.18615384615384614,-129.64707692307692,False,REJECT,failed minimum governance thresholds,2026-08-02T23:32:06.578341+00:00
2026-08-02T23:32:03.550161+00:00,2026-08-03,b69cd4efd717cb22355b34ad83ba553a,Toronto Tempo @ Golden State Valkyries,Veronica Burton,pl_1241fddfc0d9e94c,ast,OVER,DraftKings,draftkings,6.5,102,2.96,-3.54,0.0098,0.495,-0.4853,-0.9802,1.21,True,SHADOW_ONLY,sprint23_phase3_shadow,0.18615384615384614,0.18615384615384614,-130.86107692307692,False,REJECT,failed minimum governance thresholds,2026-08-02T23:32:06.578341+00:00
2026-08-02T23:32:03.550161+00:00,2026-08-03,51369aa71fcd604bdf38a760b6bcc223,Seattle Storm @ New York Liberty,Sabrina Ionescu,pl_5718a935043c616f,pra,OVER,FanDuel,fanduel,30.5,-108,14.78,-15.72,0.0094,0.5192,-0.5099,-0.982,5.336,True,SHADOW_ONLY,sprint23_phase3_shadow,0.17495081967213116,0.17495081967213116,-132.29301639344263,False,REJECT,failed minimum governance thresholds,2026-08-02T23:32:06.578341+00:00
2026-08-02T23:32:03.550161+00:00,2026-08-04,543c1b084ecf7224cb7c70766183859d,Phoenix Mercury @ Chicago Sky,Alyssa Thomas,pl_538cccd243d89261,pra,OVER,FanDuel,fanduel,31.5,-114,15.69,-15.81,0.009,0.5327,-0.5237,-0.983,5.336,True,SHADOW_ONLY,sprint23_phase3_shadow,0.1693968253968254,0.1693968253968254,-133.1099365079365,False,REJECT,failed minimum governance thresholds,2026-08-02T23:32:06.578341+00:00
2026-08-02T23:32:03.550161+00:00,2026-08-02,8cb92d45e2c4570ff14320738ec395f2,Connecticut Sun @ Dallas Wings,Paige Bueckers,pl_ad864595548de955,pra,OVER,FanDuel,fanduel,31.5,-114,15.64,-15.86,0.0089,0.5327,-0.5238,-0.9834,5.336,True,SHADOW_ONLY,sprint23_phase3_shadow,0.1693968253968254,0.1693968253968254,-133.1559365079365,False,REJECT,failed minimum governance thresholds,2026-08-02T23:32:06.578341+00:00
2026-08-02T23:32:03.550161+00:00,2026-08-02,8cb92d45e2c4570ff14320738ec395f2,Connecticut Sun @ Dallas Wings,Olivia Nelson-Ododa,pl_8a4596f4b3d6fcec,reb,OVER,FanDuel,fanduel,7.5,-108,2.43,-5.07,0.0072,0.5192,-0.5121,-0.9862,1.651,True,SHADOW_ONLY,sprint23_phase3_shadow,0.22013333333333335,0.22013333333333335,-133.74866666666668,False,REJECT,failed minimum governance thresholds,2026-08-02T23:32:06.578341+00:00
2026-08-02T23:32:03.550161+00:00,2026-08-03,9192db295ea37dc4616880169fa9e38d,Las Vegas Aces @ Atlanta Dream,Jackie Young,pl_debf3ef806a91eba,pra,OVER,FanDuel,fanduel,30.5,-106,13.97,-16.53,0.0067,0.5146,-0.5078,-0.9869,5.336,True,SHADOW_ONLY,sprint23_phase3_shadow,0.17495081967213116,0.17495081967213116,-132.65701639344263,False,REJECT,failed minimum governance thresholds,2026-08-02T23:32:06.578341+00:00
2026-08-02T23:32:03.550161+00:00,2026-08-03,9192db295ea37dc4616880169fa9e38d,Las Vegas Aces @ Atlanta Dream,Jackie Young,pl_debf3ef806a91eba,pra,OVER,DraftKings,draftkings,30.5,-106,13.97,-16.53,0.0067,0.5146,-0.5078,-0.9869,5.336,True,SHADOW_ONLY,sprint23_phase3_shadow,0.17495081967213116,0.17495081967213116,-132.65701639344263,False,REJECT,failed minimum governance thresholds,2026-08-02T23:32:06.578341+00:00
2026-08-02T23:32:03.550161+00:00,2026-08-03,51369aa71fcd604bdf38a760b6bcc223,Seattle Storm @ New York Liberty,Breanna Stewart,pl_a9f0686367871e4e,pra,OVER,FanDuel,fanduel,34.5,-114,18.04,-16.46,0.0069,0.5327,-0.5258,-0.987,5.336,True,SHADOW_ONLY,sprint23_phase3_shadow,0.15466666666666667,0.15466666666666667,-133.34133333333332,False,REJECT,failed minimum governance thresholds,2026-08-02T23:32:06.578341+00:00
2026-08-02T23:32:03.550161+00:00,2026-08-03,51369aa71fcd604bdf38a760b6bcc223,Seattle Storm @ New York Liberty,Breanna Stewart,pl_a9f0686367871e4e,pra,OVER,DraftKings,draftkings,34.5,-114,18.04,-16.46,0.0069,0.5327,-0.5258,-0.987,5.336,True,SHADOW_ONLY,sprint23_phase3_shadow,0.15466666666666667,0.15466666666666667,-133.34133333333332,False,REJECT,failed minimum governance thresholds,2026-08-02T23:32:06.578341+00:00
2026-08-02T23:32:03.550161+00:00,2026-08-02,8cb92d45e2c4570ff14320738ec395f2,Connecticut Sun @ Dallas Wings,Olivia Nelson-Ododa,pl_8a4596f4b3d6fcec,reb,OVER,DraftKings,draftkings,7.5,-133,2.43,-5.07,0.0072,0.5708,-0.5636,-0.9874,1.651,True,SHADOW_ONLY,sprint23_phase3_shadow,0.22013333333333335,0.22013333333333335,-136.9586666666667,False,REJECT,failed minimum governance thresholds,2026-08-02T23:32:06.578341+00:00
2026-08-02T23:32:03.550161+00:00,2026-08-03,9192db295ea37dc4616880169fa9e38d,Las Vegas Aces @ Atlanta Dream,A'ja Wilson,pl_2a3329d505c5b5ab,pra,OVER,FanDuel,fanduel,39.5,-114,22.67,-16.83,0.0059,0.5327,-0.5268,-0.9889,5.336,True,SHADOW_ONLY,sprint23_phase3_shadow,0.1350886075949367,0.1350886075949367,-133.1997721518987,False,REJECT,failed minimum governance thresholds,2026-08-02T23:32:06.578341+00:00
2026-08-02T23:32:03.550161+00:00,2026-08-02,8cb92d45e2c4570ff14320738ec395f2,Connecticut Sun @ Dallas Wings,Paige Bueckers,pl_ad864595548de955,pra,OVER,DraftKings,draftkings,32.5,-115,15.64,-16.86,0.0059,0.5349,-0.529,-0.9891,5.336,True,SHADOW_ONLY,sprint23_phase3_shadow,0.1641846153846154,0.1641846153846154,-133.93369230769233,False,REJECT,failed minimum governance thresholds,2026-08-02T23:32:06.578341+00:00
2026-08-02T23:32:03.550161+00:00,2026-08-03,51369aa71fcd604bdf38a760b6bcc223,Seattle Storm @ New York Liberty,Natisha Hiedeman,pl_2396747f40933499,pra,OVER,FanDuel,fanduel,24.5,-112,7.11,-17.39,0.0047,0.5283,-0.5236,-0.9912,5.336,True,SHADOW_ONLY,sprint23_phase3_shadow,0.21779591836734696,0.21779591836734696,-134.89191836734693,False,REJECT,failed minimum governance thresholds,2026-08-02T23:32:06.578341+00:00
2026-08-02T23:32:03.550161+00:00,2026-08-03,51369aa71fcd604bdf38a760b6bcc223,Seattle Storm @ New York Liberty,Natisha Hiedeman,pl_2396747f40933499,pra,OVER,DraftKings,draftkings,24.5,-112,7.11,-17.39,0.0047,0.5283,-0.5236,-0.9912,5.336,True,SHADOW_ONLY,sprint23_phase3_shadow,0.21779591836734696,0.21779591836734696,-134.89191836734693,False,REJECT,failed minimum governance thresholds,2026-08-02T23:32:06.578341+00:00
2026-08-02T23:32:03.550161+00:00,2026-08-03,9192db295ea37dc4616880169fa9e38d,Las Vegas Aces @ Atlanta Dream,A'ja Wilson,pl_2a3329d505c5b5ab,pra,OVER,DraftKings,draftkings,40.5,-108,22.67,-17.83,0.0038,0.5192,-0.5154,-0.9926,5.336,True,SHADOW_ONLY,sprint23_phase3_shadow,0.13175308641975308,0.13175308641975308,-132.81906172839507,False,REJECT,failed minimum governance thresholds,2026-08-02T23:32:06.578341+00:00
2026-08-02T23:32:03.550161+00:00,2026-08-03,9192db295ea37dc4616880169fa9e38d,Las Vegas Aces @ Atlanta Dream,Jordin Canada,pl_e49d761a397e4cf3,ast,OVER,FanDuel,fanduel,8.5,116,4.24,-4.26,0.0025,0.463,-0.4605,-0.9947,1.21,True,SHADOW_ONLY,sprint23_phase3_shadow,0.14235294117647057,0.14235294117647057,-129.9470588235294,False,REJECT,failed minimum governance thresholds,2026-08-02T23:32:06.578341+00:00
2026-08-02T23:32:03.550161+00:00,2026-08-02,8cb92d45e2c4570ff14320738ec395f2,Connecticut Sun @ Dallas Wings,Jessica Shepard,pl_6cc5f204f77ba597,pra,OVER,FanDuel,fanduel,31.5,-118,12.7,-18.8,0.0025,0.5413,-0.5388,-0.9955,5.336,True,SHADOW_ONLY,sprint23_phase3_shadow,0.1693968253968254,0.1693968253968254,-135.26593650793652,False,REJECT,failed minimum governance thresholds,2026-08-02T23:32:06.578341+00:00
2026-08-02T23:32:03.550161+00:00,2026-08-02,8cb92d45e2c4570ff14320738ec395f2,Connecticut Sun @ Dallas Wings,Jessica Shepard,pl_6cc5f204f77ba597,reb,OVER,FanDuel,fanduel,11.5,-130,5.52,-5.98,0.0019,0.5652,-0.5633,-0.9966,1.651,True,SHADOW_ONLY,sprint23_phase3_shadow,0.14356521739130435,0.14356521739130435,-136.3293043478261,False,REJECT,failed minimum governance thresholds,2026-08-02T23:32:06.578341+00:00
2026-08-02T23:32:03.550161+00:00,2026-08-02,8cb92d45e2c4570ff14320738ec395f2,Connecticut Sun @ Dallas Wings,Jessica Shepard,pl_6cc5f204f77ba597,reb,OVER,DraftKings,draftkings,11.5,-141,5.52,-5.98,0.0019,0.5851,-0.5831,-0.9967,1.651,True,SHADOW_ONLY,sprint23_phase3_shadow,0.14356521739130435,0.14356521739130435,-137.5273043478261,False,REJECT,failed minimum governance thresholds,2026-08-02T23:32:06.578341+00:00
2026-08-02T23:32:03.550161+00:00,2026-08-02,8cb92d45e2c4570ff14320738ec395f2,Connecticut Sun @ Dallas Wings,Jessica Shepard,pl_6cc5f204f77ba597,pra,OVER,DraftKings,draftkings,32.5,-111,12.7,-19.8,0.0015,0.5261,-0.5245,-0.9971,5.336,True,SHADOW_ONLY,sprint23_phase3_shadow,0.1641846153846154,0.1641846153846154,-134.46369230769233,False,REJECT,failed minimum governance thresholds,2026-08-02T23:32:06.578341+00:00
